Date,Open,Close,Volume
2018-01-01,1080.939239800781,1062.95458984375,591349
2018-01-02,1065.1389681979463,1062.1182861328125,516171
2018-01-03,1067.92725265903,1061.3282470703125,593809
2018-01-04,1067.9271802524497,1089.350830078125,729965
2018-01-05,1094.8814262385308,1101.619873046875,1151320
2018-01-08,1106.0342794505473,1098.5987548828125,928875
2018-01-09,1099.6213807902052,1108.869384765625,699621
2018-01-10,1102.3165305739265,1094.3233642578125,1102382
2018-01-11,1096.6468591610333,1105.0582275390625,475476
2018-01-12,1103.246048798166,1105.7554931640625,390841
2018-01-15,1105.7090500342374,1119.093017578125,723833
2018-01-16,1119.0930457401978,1104.87255859375,557253
2018-01-17,1103.0600868995277,1109.5196533203125,506648
2018-01-18,1110.6819295050493,1104.408203125,500762
2018-01-19,1099.621407454739,1105.941650390625,722692
2018-01-22,1107.893143634407,1093.0220947265625,942542
2018-01-23,1093.022226521134,1087.3526611328125,1841634
2018-01-24,1087.4457436431283,1069.8328857421875,1122469
2018-01-25,1066.99794004681,1069.2750244140625,1563047
2018-01-29,1072.5744487419145,1070.7620849609375,1538762
2018-01-30,1069.7863850696094,1047.200927734375,1404578
2018-01-31,1048.4091106881137,1048.68798828125,961596
2018-02-01,1046.550123150206,1071.64501953125,1103162
2018-02-02,1066.9979240859773,1057.610595703125,872105
2018-02-05,1042.088806263889,1054.07861328125,1263378
2018-02-06,1031.6788947713776,1031.9112548828125,1055719
2018-02-07,1036.3262845556933,1041.995849609375,854461
2018-02-08,1048.4090381005315,1044.73779296875,1185917
2018-02-09,1023.3141077763997,1050.9649658203125,666922
2018-02-12,1057.703534268274,1063.6519775390625,646362
2018-02-14,1063.2801033271085,1058.7723388671875,691596
2018-02-15,1054.9152931224994,1055.33349609375,471072
2018-02-16,1056.3093804556659,1063.1407470703125,734476
2018-02-19,1064.2098127601425,1041.299072265625,443677
2018-02-20,1044.6450429561023,1046.9222412109375,662281
2018-02-21,1052.4521697118432,1047.66552734375,720563
2018-02-22,1043.483168775164,1039.207763671875,1559398
2018-02-23,1038.2315852125691,1024.0576171875,1140118
2018-02-26,1031.678992659208,1026.845947265625,1170283
2018-02-27,1026.8463099608493,1032.004638671875,610498
2018-02-28,1026.102514817714,1038.88232421875,1006756
2018-03-01,1040.9734117140586,1039.9510498046875,736217
2018-03-05,1031.9114349186782,1027.914794921875,529677
2018-03-06,1034.0957352543107,1023.8718872070312,702294
2018-03-07,1027.6823686426178,1029.123046875,669686
2018-03-08,1036.1403387737955,1048.037109375,751329
2018-03-09,1053.0561151541144,1049.4312744140625,1158526
2018-03-12,1051.2903104186637,1051.662109375,527293
2018-03-13,1045.8065423672203,1059.8411865234375,711550
2018-03-14,1059.5158524609442,1056.7740478515625,1360578
2018-03-15,1052.2660393820713,1078.89453125,1146702
2018-03-16,1078.0584116590312,1043.5296630859375,1946844
2018-03-19,1042.042581163496,1024.7550048828125,855444
2018-03-20,1024.2436642584303,1028.4261474609375,720303
2018-03-21,1028.4261308441485,1025.684326171875,612237
2018-03-22,1024.7079954788446,1028.9833984375,478426
2018-03-23,1017.5981221613217,1034.1422119140625,828523
2018-03-26,1033.5379703046542,1038.6964111328125,479675
2018-03-27,1040.044074172043,1051.290283203125,672158
2018-03-28,1051.0579464166397,1041.3453369140625,699839
2018-04-02,1041.3454746317664,1068.996337890625,428944
2018-04-03,1064.2559836517735,1070.8084716796875,561118
2018-04-04,1075.2698129325004,1055.844482421875,607619
2018-04-05,1070.5297345078181,1062.2576904296875,549137
2018-04-06,1062.2575439520417,1062.815185546875,395626
2018-04-09,1064.2097569772923,1075.78125,837112
2018-04-10,1077.2213677446914,1075.130126953125,546269
2018-04-11,1075.3628247441602,1074.2939453125,419140
2018-04-12,1068.3919589687844,1082.984130859375,360744
2018-04-13,1087.445482715528,1080.19580078125,639579
2018-04-16,1078.1512081373169,1095.671142578125,550645
2018-04-17,1096.7398569535237,1093.0220947265625,432543
2018-04-18,1095.8103357719629,1089.5831298828125,465763
2018-04-19,1089.3041786815986,1082.798095703125,620949
2018-04-20,1082.7984821100945,1077.547119140625,727517
2018-04-23,1078.9878816607002,1095.5318603515625,554353
2018-04-24,1094.4164583041877,1087.53857421875,484112
2018-04-25,1084.656962022128,1080.9857177734375,280574
2018-04-26,1081.8688210417668,1074.1544189453125,1638937
2018-04-27,1083.0305984441407,1098.2269287109375,803227
2018-04-30,1105.755404528103,1116.90869140625,505974
2018-05-02,1115.5610871108415,1136.0552978515625,2011978
2018-05-03,1134.196505642194,1121.6025390625,641515
2018-05-04,1126.482004920753,1106.4525146484375,743905
2018-05-07,1107.8931916658096,1129.502685546875,728801
2018-05-08,1132.987914746717,1124.530029296875,627060
2018-05-09,1113.0979876988597,1136.28759765625,729538
2018-05-10,1145.0707077552195,1131.7796630859375,1904962
2018-05-11,1149.7180400087375,1195.6788330078125,4723019
2018-05-14,1194.331365931397,1205.8099365234375,1553283
2018-05-15,1199.9082259501804,1221.8895263671875,1368261
2018-05-16,1213.0596015686576,1230.3006591796875,736281
2018-05-17,1220.4951512146092,1217.05615234375,751423
2018-05-18,1212.9200878185984,1216.03369140625,939743
2018-05-21,1212.9201049446497,1209.8529052734375,692442
2018-05-22,1206.4141912136124,1196.0509033203125,708573
2018-05-23,1190.6136150886011,1188.3829345703125,509522
2018-05-24,1186.9885708775607,1202.3243408203125,774173
2018-05-25,1208.2729640912933,1201.1627197265625,773652
2018-05-28,1203.1609960941378,1228.5811767578125,657272
2018-05-29,1232.438157742461,1207.8079833984375,769331
2018-05-30,1198.9786822972524,1202.5570068359375,478025
2018-05-31,1208.4587693866263,1212.5948486328125,1400776
2018-06-01,1214.7790070035248,1201.8133544921875,368820
2018-06-04,1203.6255901086977,1193.8199462890625,939794
2018-06-05,1186.198513806377,1183.7354736328125,524237
2018-06-06,1181.2259551305103,1173.697509765625,1211557
2018-06-07,1180.5290736326062,1199.7220458984375,701247
2018-06-08,1185.0369103176215,1188.615234375,442333
2018-06-11,1188.7544589002696,1192.7510986328125,373098
2018-06-12,1188.3364069280692,1196.8406982421875,401090
2018-06-13,1198.978532269634,1195.632568359375,566241
2018-06-14,1195.7256551775351,1201.0018310546875,507824
2018-06-15,1199.8814014963368,1197.3599853515625,1048699
2018-06-18,1204.0836165987812,1197.219970703125,512049
2018-06-19,1188.7688240950572,1185.22021484375,572488
2018-06-20,1190.6367762607674,1187.181640625,484907
2018-06-21,1187.8351051227055,1170.09228515625,1179247
2018-06-22,1178.0299848396699,1183.8197021484375,646452
2018-06-25,1184.09939091932,1170.5120849609375,936253
2018-06-26,1171.9599645568946,1190.2630615234375,1262632
2018-06-27,1194.5117752895894,1183.3057861328125,857951
2018-06-28,1183.305975877222,1184.4732666015625,729637
2018-06-29,1184.3327879452895,1180.7841796875,622680
2018-07-02,1182.6990080212101,1207.4923095703125,1437438
2018-07-03,1212.6748291668262,1206.3714599609375,1399979
2018-07-04,1210.2472369502223,1204.45751953125,619316
2018-07-05,1209.1265060968708,1233.9664306640625,1733903
2018-07-06,1237.328031149771,1235.6004638671875,1662920
2018-07-09,1241.9971513045923,1272.906982421875,1391869
2018-07-10,1272.6270242551836,1279.770751953125,796987
2018-07-11,1270.0122824382677,1269.8255615234375,784238
2018-07-12,1279.3509903031459,1268.0516357421875,953054
2018-07-13,1269.545165880144,1277.2960205078125,655594
2018-07-16,1279.3505451973947,1269.592041015625,1234066
2018-07-17,1275.0549516275512,1285.18701171875,1166581
2018-07-18,1294.2916646219378,1300.8284912109375,1085504
2018-07-19,1302.6966963405703,1310.1673583984375,848175
2018-07-20,1310.167063820979,1304.0504150390625,575194
2018-07-23,1330.804874885269,1338.368896484375,1975242
2018-07-24,1347.520215392661,1370.632568359375,2171087
2018-07-25,1356.8587878459841,1354.1973876953125,4310816
2018-07-26,1352.2824512891414,1338.975341796875,1732715
2018-07-27,1341.9175530876341,1339.9097900390625,630981
2018-07-30,1339.3493281480903,1335.5672607421875,750392
2018-07-31,1335.3805840922216,1355.3646240234375,1221636
2018-08-01,1361.5277652213751,1342.10400390625,1121286
2018-08-02,1342.1042027231829,1324.5482177734375,836564
2018-08-03,1329.777484193803,1318.431396484375,1002287
2018-08-06,1326.041966713958,1304.9373779296875,795996
2018-08-07,1306.4317148485497,1330.010986328125,1915936
2018-08-08,1336.2677492875916,1331.411865234375,1063862
2018-08-09,1337.1546903787023,1323.5673828125,903734
2018-08-10,1326.0421294893604,1324.7347412109375,997053
2018-08-13,1320.439314239213,1306.665283203125,875198
2018-08-14,1314.7427742185619,1302.7896728515625,729379
2018-08-16,1308.299114351383,1302.5093994140625,1050412
2018-08-17,1310.1671400651467,1307.97265625,537229
2018-08-20,1312.9685452581473,1315.8634033203125,1259905
2018-08-21,1322.727072487398,1310.447265625,1520772
2018-08-23,1316.703959778018,1302.4630126953125,859955
2018-08-24,1302.6965253191436,1301.2957763671875,919355
2018-08-27,1305.030850702205,1307.1787109375,785772
2018-08-28,1309.233183871281,1314.3692626953125,1290318
2018-08-29,1320.2058898838213,1301.7626953125,743529
2018-08-30,1301.8555268630932,1287.4744873046875,1062266
2018-08-31,1291.4904066579443,1281.638427734375,1006329
2018-09-03,1292.424095009004,1271.5062255859375,817733
2018-09-04,1270.0125207476701,1224.534912109375,1789240
2018-09-05,1227.522818223056,1233.8729248046875,1222703
2018-09-06,1240.0828287365002,1227.5228271484375,726455
2018-09-07,1235.2738133550008,1228.9237060546875,912914
2018-09-10,1227.616217698094,1207.538818359375,1121083
2018-09-11,1209.3128438738686,1211.9742431640625,1676544
2018-09-12,1217.2507883037918,1205.577880859375,1111171
2018-09-14,1212.8616631098896,1245.63916015625,1498792
2018-09-17,1241.950252468259,1222.0596923828125,965321
2018-09-18,1219.58552210733,1206.605224609375,1088372
2018-09-19,1217.9041422080866,1205.9044189453125,929673
2018-09-21,1206.6048438001876,1218.4178466796875,1867297
2018-09-24,1213.9825048700486,1187.7884521484375,1691456
2018-09-25,1187.6480716856374,1204.5504150390625,1262738
2018-09-26,1213.9823258945983,1197.17333984375,1338324
2018-09-27,1209.126348919498,1202.309326171875,1901166
2018-09-28,1207.4455126396049,1207.7257080078125,1549540
2018-10-01,1213.0484351479313,1195.118896484375,1143818
2018-10-03,1181.2044778701334,1168.924560546875,1236645
2018-10-04,1146.7463658489373,1143.6646728515625,1557441
2018-10-05,1140.6298355347808,1129.4705810546875,1344685
2018-10-08,1129.937056213582,1165.2359619140625,1050759
2018-10-09,1171.0260654759782,1121.906494140625,1088738
2018-10-10,1126.1086359276937,1144.8319091796875,803576
2018-10-11,1121.5329479180707,1138.388671875,781348
2018-10-12,1152.2558332566969,1177.7493896484375,1000950
2018-10-15,1171.959645331228,1167.5706787109375,728514
2018-10-16,1173.8273513004735,1183.7259521484375,908616
2018-10-17,1197.3598115368197,1175.6949462890625,698043
2018-10-19,1180.3643260239692,1153.65673828125,1449043
2018-10-22,1162.6214400778063,1120.9725341796875,1949683
2018-10-23,1060.0866263548542,1063.12158203125,8272850
2018-10-24,1083.245607746924,1108.36572265625,2370198
2018-10-25,1102.3892807408545,1120.645751953125,1995349
2018-10-26,1120.5989003314348,1111.540771484375,1440249
2018-10-29,1118.4209722551122,1119.591064453125,1186190
2018-10-30,1118.4209626166728,1119.8250732421875,1075337
2018-10-31,1128.530563051384,1151.7452392578125,1561884
2018-11-01,1154.1793299825645,1139.9510498046875,1200280
2018-11-02,1162.603810081696,1167.2841796875,2235848
2018-11-05,1171.964446391211,1164.522705078125,756887
2018-11-06,1162.7909423403312,1159.3275146484375,815046
2018-11-07,1170.092342908934,1170.9815673828125,100134
2018-11-09,1179.265847391462,1212.7772216796875,2026920
2018-11-12,1212.2156199974609,1197.05126953125,1100286
2018-11-13,1195.7875335655788,1202.7613525390625,1632176
2018-11-14,1228.1287261001303,1236.1322021484375,1631802
2018-11-15,1235.6171583276803,1234.02587890625,1065640
2018-11-16,1235.617408946156,1236.8343505859375,1113304
2018-11-19,1244.0421081402567,1228.269287109375,784645
2018-11-20,1232.8091550167364,1223.3079833984375,867729
2018-11-21,1244.0421503955715,1239.5489501953125,1374789
2018-11-22,1244.9783409712409,1230.3756103515625,691593
2018-11-26,1244.9312792586459,1263.2315673828125,2149117
2018-11-27,1260.7042776629269,1253.9644775390625,1130756
2018-11-28,1266.4143644857907,1239.5958251953125,1205630
2018-11-29,1250.594568011414,1263.98046875,3556169
2018-11-30,1266.3208893981416,1259.90869140625,1030541
2018-12-03,1259.019381523768,1253.1220703125,710748
2018-12-04,1251.1097176158453,1244.4635009765625,830261
2018-12-05,1243.5739360463579,1244.510009765625,864628
2018-12-06,1239.3616360645722,1212.30908203125,896350
2018-12-07,1222.9804400529847,1234.353759765625,1037026
2018-12-10,1198.1746358535715,1192.745361328125,1074399
2018-12-11,1186.941505391854,1238.9871826171875,1746513
2018-12-12,1238.4255512814998,1245.820556640625,986580
2018-12-13,1252.8879120084177,1235.8045654296875,1175211
2018-12-14,1247.59899650008,1255.2279052734375,1869410
2018-12-17,1254.3389529449253,1250.4542236328125,665295
2018-12-18,1252.88776330262,1269.0350341796875,1581385
2018-12-19,1282.4209535336881,1310.7371826171875,3334213
2018-12-20,1301.0489808893626,1334.654052734375,2578234
2018-12-21,1342.2362840775115,1299.4576416015625,2098064
2018-12-24,1299.270387554001,1270.2989501953125,1649577
2018-12-26,1280.5022946892418,1275.8687744140625,1790087
2018-12-27,1273.1070369470099,1284.7611083984375,2174090
2018-12-28,1294.5900117530655,1278.6767578125,1705033
2018-12-31,1287.101543417485,1285.2762451171875,698593
2019-01-01,1285.416622891271,1283.8721923828125,664707
2019-01-02,1279.613043211989,1294.87109375,1233780
2019-01-03,1293.4667899844233,1299.55126953125,1636293
2019-01-04,1299.2703939607234,1297.2578125,1202397
2019-01-07,1297.3982951429307,1306.759033203125,1074373
2019-01-08,1311.4395655037356,1311.673583984375,1232440
2019-01-09,1312.8436473024726,1312.3756103515625,973687
2019-01-10,1301.1425024383902,1307.0865478515625,1004783
2019-01-11,1310.2694549149508,1313.920166015625,473391
2019-01-14,1314.2475903508014,1299.83203125,1360800
2019-01-15,1299.832018861787,1316.0728759765625,1355920
2019-01-16,1319.8640638702443,1300.9085693359375,1189597
2019-01-17,1301.142396655962,1300.7679443359375,853829
2019-01-18,1302.078708485676,1310.924560546875,1092189
2019-01-21,1306.0100234761815,1331.1904296875,2513582
2019-01-22,1332.875676768337,1317.0091552734375,5483768
2019-01-23,1337.649475225728,1307.27392578125,2702265
2019-01-24,1310.5031498294795,1312.23486328125,1562800
2019-01-25,1318.3662665226582,1284.43359375,1613548
2019-01-28,1287.1015105570689,1291.3138427734375,1590764
2019-01-29,1288.9738818778553,1304.23193359375,1061762
2019-01-30,1304.8871775867533,1301.517333984375,1313152
2019-01-31,1310.5032233355303,1322.2977294921875,1256050
2019-02-01,1322.1105951714812,1364.046630859375,2077539
2019-02-04,1351.6905083082677,1353.8902587890625,735159
2019-02-05,1352.5799436832867,1357.634765625,786962
2019-02-06,1364.6552204211996,1375.4669189453125,1088914
2019-02-07,1373.267192020331,1378.3218994140625,697412
2019-02-08,1374.1564100814167,1356.183837890625,1018518
2019-02-11,1355.341332608126,1345.231689453125,728051
2019-02-12,1346.5421245984755,1359.272705078125,947583
2019-02-14,1327.025024428099,1309.75439453125,915441
2019-02-15,1311.2522512280811,1304.512451171875,1113223
2019-02-18,1312.094642366283,1291.8287353515625,1460282
2019-02-19,1284.3400059693095,1289.7691650390625,697530
2019-02-20,1291.7821330277134,1307.601806640625,843469
2019-02-21,1309.5672125509725,1308.4439697265625,677142
2019-02-22,1309.5672125509725,1308.4439697265625,801380
2019-02-25,1310.456514181188,1308.865234375,711217
2019-02-26,1307.6016563056476,1312.3756103515625,1147218
2019-02-27,1314.2475874678064,1315.8388671875,1462017
2019-02-28,1324.3572494451448,1315.370849609375,1230935
2019-03-01,1318.9280597426068,1303.3424072265625,783876
2019-03-05,1304.418957954196,1314.1072998046875,1214257
2019-03-06,1317.9916108955006,1304.605712890625,720335
2019-03-07,1309.192918299022,1306.2442626953125,746742
2019-03-08,1304.6529544089208,1293.981689453125,524331
2019-03-11,1300.3937680334773,1329.0377197265625,1342007
2019-03-12,1331.0971009048212,1336.80712890625,1333909
2019-03-13,1347.3845360686291,1336.994140625,708227
2019-03-14,1345.6995254673386,1343.03173828125,1113700
2019-03-15,1342.3300398365636,1340.9727783203125,1667627
2019-03-18,1353.562806891028,1353.1883544921875,1148000
2019-03-19,1349.8185833177517,1360.9578857421875,886660
2019-03-20,1368.5397289127866,1363.063720703125,764625
2019-03-22,1365.7314619895656,1377.1983642578125,1380404
2019-03-25,1371.4416781579216,1364.3743896484375,848078
2019-03-26,1367.1357973717545,1390.116455078125,1630147
2019-03-27,1398.4942843680512,1377.947509765625,1387002
2019-03-28,1379.304755751738,1401.302490234375,1353947
2019-04-01,1401.068758888992,1397.324462890625,707570
2019-04-02,1397.5583347112743,1422.1771240234375,1326634
2019-04-03,1424.0021805315291,1401.864013671875,1606692
2019-04-04,1408.6037948323835,1421.89599609375,1409222
2019-04-05,1422.8322183419587,1417.636962890625,1129222
2019-04-08,1417.2156947011115,1400.6939697265625,925518
2019-04-09,1371.067495612018,1352.4864501953125,2642226
2019-04-10,1357.1198499301356,1319.7236328125,2608319
2019-04-11,1319.583200643878,1332.1734619140625,1494450
2019-04-12,1341.159758824059,1346.6826171875,1510649
2019-04-15,1355.3882649239322,1340.0367431640625,791389
2019-04-16,1350.5206107439612,1365.7318115234375,1463057
2019-04-18,1370.4121838400865,1375.6541748046875,1425676
2019-04-22,1366.6209562018578,1351.0821533203125,737603
2019-04-23,1356.3708112224842,1339.521484375,601653
2019-04-24,1344.2019990217875,1357.3538818359375,1154712
2019-04-25,1357.3069363457191,1355.387939453125,1161847
2019-04-26,1357.307055179573,1356.136962890625,704193
2019-04-30,1362.923504301849,1369.616455078125,1525776
2019-05-02,1371.3480676208023,1344.7635498046875,774788
2019-05-03,1351.503376629571,1346.5889892578125,1020007
2019-05-06,1343.2190506325621,1322.485107421875,1161960
2019-05-07,1335.5900042760013,1299.0831298828125,2863939
2019-05-08,1293.65412599785,1297.1175537109375,1414591
2019-05-09,1296.415497918126,1267.6312255859375,2628463
2019-05-10,1230.09452063436,1255.32177734375,3476379
2019-05-13,1255.321836205674,1247.318359375,862130
2019-05-14,1244.9780370520498,1235.851318359375,2167873
2019-05-15,1241.2339022252233,1222.465576171875,996276
2019-05-16,1228.1290317992036,1221.014892578125,726485
2019-05-17,1221.5764451460404,1235.6175537109375,860934
2019-05-20,1254.338990056149,1286.11865234375,976630
2019-05-21,1295.5261613020161,1270.9542236328125,1166297
2019-05-22,1273.5285948011222,1280.9703369140625,840075
2019-05-23,1300.2066336457285,1280.3150634765625,1527569
2019-05-24,1303.0146939328276,1295.994140625,980933
2019-05-27,1298.2408608013056,1279.4725341796875,782730
2019-05-28,1282.3741923122695,1277.1322021484375,1562891
2019-05-29,1273.8093974115923,1271.42236328125,582768
2019-05-30,1277.740886175781,1286.7271728515625,1032259
2019-05-31,1292.7181234984087,1317.3369140625,2559888
2019-06-03,1340.410837690839,1365.9656982421875,2867897
2019-06-04,1361.987378539395,1330.62890625,1493226
2019-06-06,1343.218807151112,1337.22802734375,1985857
2019-06-07,1337.649507023895,1327.6802978515625,878470
2019-06-10,1337.6495871481736,1331.65869140625,800967
2019-06-11,1336.7134756719133,1334.373291015625,743047
2019-06-12,1338.538748316127,1334.326416015625,874293
2019-06-13,1344.8673112865235,1345.290771484375,1572720
2019-06-14,1345.808129230446,1329.57373046875,546091
2019-06-17,1333.573640021127,1319.40966796875,962166
2019-06-18,1322.2800854815014,1298.799072265625,1177437
2019-06-19,1300.6339171360767,1299.833984375,692212
2019-06-20,1285.152847449608,1310.0926513671875,991210
2019-06-21,1298.7047196081041,1301.5751953125,1242165
2019-06-24,1304.3985936478375,1295.1285400390625,757055
2019-06-25,1290.2817083933528,1282.8468017578125,1388994
2019-06-26,1279.9294264010102,1279.88232421875,960174
2019-06-27,1280.964320845201,1281.2467041015625,2113899
2019-06-28,1284.6349121177354,1278.188232421875,1131371
2019-07-01,1287.4585385157832,1274.1416015625,739182
2019-07-02,1276.1648367836242,1266.518310546875,1171118
2019-07-03,1276.2119910029264,1272.400390625,1378288
2019-07-04,1276.1648578617433,1279.64697265625,902077
2019-07-05,1283.599971945588,1278.7060546875,966162
2019-07-08,1278.0472473360846,1261.34228515625,866416
2019-07-09,1265.7183623824108,1243.2254638671875,2037332
2019-07-10,1240.2140910478122,1245.060791015625,1115080
2019-07-11,1239.4608939821885,1254.001220703125,757323
2019-07-12,1254.0012329011693,1281.764404296875,1050985
2019-07-15,1282.611527897684,1273.482666015625,666533
2019-07-16,1272.4002546904512,1291.505126953125,782642
2019-07-17,1295.9285428264432,1313.7158203125,1599926
2019-07-18,1312.8687480774333,1303.410400390625,802222
2019-07-19,1308.2573926634275,1288.4937744140625,842552
2019-07-22,1287.270375442367,1321.5272216796875,1279369
2019-07-23,1326.044669015525,1345.196533203125,2262423
2019-07-24,1346.278696295009,1396.064208984375,7400250
2019-07-25,1394.0880764932529,1407.7813720703125,4194809
2019-07-26,1400.487484658468,1436.57958984375,2420636
2019-07-29,1435.1209853755508,1424.1568603515625,1634196
2019-07-30,1422.133372782762,1419.9217529296875,1436383
2019-07-31,1418.2748431868738,1431.544677734375,1249734
2019-08-01,1425.803490722672,1416.10986328125,2263295
2019-08-02,1420.1570429247959,1454.2257080078125,3044783
2019-08-05,1442.931887932791,1435.5911865234375,1443728
2019-08-06,1439.920499354392,1473.6597900390625,2056715
2019-08-07,1471.2599473967516,1467.4012451171875,1583322
2019-08-08,1473.5658395835999,1473.70703125,1579565
2019-08-09,1476.812690299774,1482.7418212890625,1154542
2019-08-13,1480.859575457392,1480.7183837890625,1612748
2019-08-14,1481.801014380454,1477.2835693359375,1113095
2019-08-16,1478.5068349290214,1503.3995361328125,1682359
2019-08-19,1504.858279167492,1493.047119140625,1322246
2019-08-20,1491.6825473241988,1501.2349853515625,1024331
2019-08-21,1491.917482421115,1495.587890625,704009
2019-08-22,1491.8708994922047,1477.7540283203125,985590
2019-08-23,1477.471463645011,1487.353271484375,984637
2019-08-26,1496.3881156525533,1503.49365234375,1153556
2019-08-27,1505.7991585547218,1505.281494140625,1581449
2019-08-28,1505.0464049388875,1508.763916015625,565676
2019-08-29,1508.4814002683263,1520.1513671875,861692
2019-08-30,1520.8574753151645,1521.045654296875,1181516
2019-09-03,1513.3283566374664,1483.918212890625,1289263
2019-09-04,1486.0358724419127,1444.767578125,2381389
2019-09-05,1446.5084464864956,1430.2740478515625,1506173
2019-09-06,1434.2739732858477,1442.179443359375,801338
2019-09-09,1440.4382514103806,1449.896484375,812836
2019-09-11,1454.0373468169782,1469.518798828125,1541300
2019-09-12,1477.5658611436966,1449.614501953125,753116
2019-09-13,1449.3320178565489,1457.0491943359375,547381
2019-09-16,1421.0981561469657,1431.73291015625,1811073
2019-09-17,1437.4736422421736,1440.767578125,1353034
2019-09-18,1451.3553355295176,1456.6256103515625,1057300
2019-09-19,1462.4136962890625,1462.4136962890625,879908
2019-09-20,1467.2131898470227,1572.619140625,3962166
2019-09-23,1597.8880851911351,1696.612060546875,4253004
2019-09-24,1696.659404033149,1661.931884765625,2028042
2019-09-25,1678.9661510279675,1648.6619873046875,1794074
2019-09-26,1658.0731292195048,1666.684326171875,1674004
2019-09-27,1665.790717076305,1671.7198486328125,1115289
2019-09-30,1663.9080208538194,1658.4024658203125,1041807
2019-10-01,1664.8021770278751,1662.1199951171875,1317945
2019-10-03,1661.0848313141018,1645.979736328125,1010826
2019-10-04,1650.6385433307535,1622.8753662109375,1231811
2019-10-07,1623.392638789668,1623.5809326171875,562559
2019-10-09,1624.0986544687707,1669.037353515625,1777552
2019-10-10,1661.0848839601076,1673.8841552734375,1599166
2019-10-11,1682.3543853963693,1684.848388671875,1442236
2019-10-14,1684.6130431389317,1692.80078125,881724
2019-10-15,1701.270800336967,1696.941650390625,1204392
2019-10-16,1702.0238309850508,1661.74365234375,1403020
2019-10-17,1667.6727316766223,1705.60009765625,1722055
2019-10-18,1708.1411179174693,1709.7880859375,1682488
2019-10-22,1715.387686302194,1675.389892578125,2135313
2019-10-23,1658.6380049667107,1663.3436279296875,3369253
2019-10-24,1673.3194392933187,1685.08349609375,1497854
2019-10-25,1691.2008555047164,1690.5421142578125,1202154
2019-10-27,1695.9061626169162,1687.0595703125,124919
2019-10-29,1686.589369902076,1707.435302734375,1050123
2019-10-30,1725.4440958466068,1717.2412109375,1133258
2019-10-31,1721.9553963655203,1706.20947265625,1297114
2019-11-01,1712.2440905936094,1665.4307861328125,1527660
2019-11-04,1673.5866323611203,1683.8638916015625,821893
2019-11-05,1678.3005887833315,1691.3592529296875,1251974
2019-11-06,1686.7863991559384,1694.89501953125,1136777
2019-11-07,1706.5865907132884,1722.568115234375,1380635
2019-11-08,1721.6725316322859,1692.30224609375,1077136
2019-11-11,1687.682408773358,1672.5965576171875,860384
2019-11-13,1672.4076446996405,1669.296142578125,983760
2019-11-14,1676.4148567739776,1670.6162109375,1116800
2019-11-15,1679.1022816256752,1660.103515625,729613
2019-11-18,1660.1033248361018,1639.6431884765625,1273055
2019-11-19,1648.08178745443,1623.0015869140625,1187377
2019-11-20,1631.063171256097,1625.02880859375,1374382
2019-11-21,1629.1773967168306,1622.0587158203125,913095
2019-11-22,1612.3001427339454,1586.6070556640625,1275334
2019-11-25,1587.785738516492,1612.960205078125,1320689
2019-11-26,1619.8430265614086,1612.5830078125,2714721
2019-11-27,1616.0717588564937,1617.3446044921875,883771
2019-11-28,1620.078933878912,1616.637451171875,691147
2019-11-29,1617.0145035541445,1608.670166015625,1890290
2019-12-02,1608.7173880110124,1638.936279296875,1476972
2019-12-03,1640.5863550912275,1637.2391357421875,1374317
2019-12-04,1632.2889844368526,1622.0118408203125,853421
2019-12-05,1619.2774056882186,1617.81591796875,971984
2019-12-06,1624.4631001936555,1618.5701904296875,1031777
2019-12-09,1626.442974916525,1627.7158203125,751290
2019-12-10,1627.3858179259482,1615.27001953125,686580
2019-12-11,1619.8431978630463,1638.8890380859375,827804
2019-12-12,1640.9161238291763,1650.627685546875,802332
2019-12-13,1650.9576733542679,1644.3104248046875,960033
2019-12-16,1644.3576679645105,1632.524658203125,707437
2019-12-17,1636.060192939421,1645.677490234375,873024
2019-12-18,1649.3077247526298,1676.83935546875,1476506
2019-12-19,1677.1692472736145,1700.080810546875,2554245
2019-12-20,1701.8250931492776,1696.4508056640625,1419128
2019-12-23,1693.1980627799312,1704.2767333984375,659899
2019-12-24,1708.4726807384554,1700.4111328125,896574
2019-12-26,1696.5922901049244,1706.20947265625,1161570
2019-12-27,1707.529547919864,1708.7081298828125,930468
2019-12-30,1706.5868015872188,1699.3267822265625,562492
2019-12-31,1701.87227325915,1682.9677734375,928396
2020-01-01,1687.917985174118,1690.74658203125,397285
2020-01-02,1688.6721429981108,1688.3421630859375,411266
2020-01-03,1678.1122449913596,1651.3348388671875,1318628
2020-01-06,1638.6529800776077,1609.61279296875,1871804
2020-01-07,1613.2431406417186,1625.8775634765625,1033650
2020-01-08,1599.1002045567361,1630.0262451171875,1006057
2020-01-09,1662.2719551978446,1671.2763671875,1781733
2020-01-10,1670.7580961512663,1690.134033203125,1256612
2020-01-13,1696.2149029933637,1701.77783203125,823821
2020-01-14,1701.872539041664,1715.214111328125,775629
2020-01-15,1713.658096742106,1736.9940185546875,1252925
2020-01-16,1731.0539059759028,1730.2996826171875,1031569
2020-01-17,1730.7241683204675,1725.4913330078125,862204
2020-01-20,1732.9869973905509,1743.122802734375,1091453
2020-01-21,1734.8253276858989,1707.293701171875,2101561
2020-01-22,1711.3009487900888,1677.593505859375,3415306
2020-01-23,1677.35774609031,1674.6234130859375,1885275
2020-01-24,1681.7422306492433,1684.7122802734375,1195596
2020-01-27,1684.9007385105544,1686.173583984375,969054
2020-01-28,1691.5007456574333,1677.4520263671875,873291
2020-01-29,1684.9005174648285,1694.281982421875,873805
2020-01-30,1697.1582301765927,1701.87255859375,1005975
2020-01-31,1706.5867389895218,1693.056640625,1169614
2020-02-03,1667.740634303986,1760.94287109375,2854532
2020-02-04,1763.1586165321912,1783.24169921875,1830049
2020-02-05,1781.0729111935382,1766.45849609375,1344016
2020-02-06,1770.7017187536364,1750.7130126953125,995386
2020-02-07,1750.7129198692612,1752.5042724609375,632858
2020-02-10,1760.329969930024,1762.6871337890625,747711
2020-02-11,1772.5873661352211,1770.7958984375,1093021
2020-02-12,1772.587304094129,1785.5045166015625,1616826
2020-02-13,1781.072966329686,1766.9771728515625,638878
2020-02-14,1769.2874081229156,1769.8060302734375,771464
2020-02-17,1772.493050244155,1773.9073486328125,676579
2020-02-18,1772.4929517444352,1757.17138671875,683421
2020-02-19,1763.252940503305,1777.2073974609375,723351
2020-02-20,1775.4157888117663,1736.9940185546875,1401879
2020-02-24,1739.8226788822212,1715.0252685546875,1310832
2020-02-25,1733.364138598329,1721.766845703125,897257
2020-02-26,1721.6725147566642,1722.285400390625,1909619
2020-02-27,1725.3022804868865,1738.455322265625,1643273
2020-02-28,1716.015329416383,1695.22509765625,2964119
2020-03-02,1711.395307381588,1684.7122802734375,1219296
2020-03-03,1685.090793506764,1704.4971923828125,1392463
2020-03-04,1707.8106475112018,1749.36865234375,3050469
2020-03-05,1755.0960551317983,1774.455078125,2062439
2020-03-06,1741.8427874515526,1777.294921875,1393659
2020-03-09,1787.2820161858638,1767.5443115234375,3420741
2020-03-11,1774.9283947173255,1782.406982421875,3194186
2020-03-12,1765.4616109635567,1745.013916015625,6254349
2020-03-13,1689.7767393882618,1701.7991943359375,3878300
2020-03-16,1682.2036904913582,1593.596923828125,2867336
2020-03-17,1608.3645774873323,1639.2254638671875,2643189
2020-03-18,1639.6042393145474,1531.875,3676437
2020-03-19,1457.8465826486636,1515.78173828125,4906644
2020-03-20,1524.1125240453205,1649.9700927734375,3128629
2020-03-23,1494.3876289884631,1418.5133056640625,2155326
2020-03-24,1473.513874676128,1443.5048828125,3910566
2020-03-25,1369.3819665694116,1508.161376953125,2196415
2020-03-26,1519.3791849255635,1530.691650390625,2622118
2020-03-27,1575.9890293882502,1518.574462890625,2102479
2020-03-30,1506.2677761820717,1509.864990234375,1844011
2020-03-31,1538.3122601810962,1577.598388671875,2789174
2020-04-01,1562.026114981993,1517.67529296875,1559455
2020-04-03,1528.9403566699498,1439.765625,2925847
2020-04-07,1457.8466460735353,1537.17626953125,2733586
2020-04-08,1537.1764311423428,1523.1185302734375,2382213
2020-04-09,1552.5119739938152,1563.2564697265625,1489539
2020-04-13,1558.1921222688686,1591.1829833984375,2586159
2020-04-15,1612.7667837667443,1626.54052734375,2508270
2020-04-16,1600.7914253150063,1650.112060546875,1821296
2020-04-17,1668.950459297153,1662.560546875,1398686
2020-04-20,1664.4538597731662,1638.1368408203125,1431055
2020-04-21,1618.7779778649606,1633.9244384765625,1594930
2020-04-22,1625.498740961776,1716.2828369140625,3727805
2020-04-23,1710.6029381442297,1724.471435546875,2573552
2020-04-24,1718.2237144108994,1730.056884765625,2744768
2020-04-27,1741.8425413940247,1752.5870361328125,1770889
2020-04-28,1748.6584615735164,1727.0748291015625,1934910
2020-04-29,1748.3746501048433,1673.2103271484375,2931120
2020-04-30,1699.243210545787,1664.879638671875,2926333
2020-05-04,1626.3509608741656,1587.348876953125,2942397
2020-05-05,1591.3247975716667,1532.7742919921875,5867890
2020-05-06,1528.8457036275493,1524.727783203125,3937921
2020-05-07,1524.0650375643945,1509.25,5256213
2020-05-08,1525.8164992811276,1494.1982421875,5644426
2020-05-11,1498.5528589114945,1485.86767578125,3767646
2020-05-12,1456.900238499279,1442.0850830078125,4504073
2020-05-13,1495.5235949937448,1479.90380859375,2940514
2020-05-14,1470.4374170097342,1441.185791015625,2592264
2020-05-15,1447.433404607505,1470.105712890625,2860493
2020-05-18,1474.8863427055567,1421.021728515625,2871905
2020-05-19,1429.447149993531,1423.7198486328125,3164137
2020-05-20,1423.719688762734,1420.02783203125,2057402
2020-05-21,1422.820559282531,1490.3170166015625,3845743
2020-05-22,1485.1102719187188,1531.5909423828125,5203736
2020-05-26,1538.3120735431232,1542.9033203125,3552636
2020-05-27,1543.991877682596,1533.0579833984375,2260057
2020-05-28,1535.4722260698254,1555.919921875,3138915
2020-05-29,1551.5654599249851,1593.3128662109375,3532977
2020-06-01,1615.4645483156928,1602.92138671875,2529255
2020-06-02,1602.9212751666014,1618.1151123046875,2440552
2020-06-03,1632.0310397299725,1624.978515625,3088817
2020-06-04,1624.883929065976,1546.595703125,4388930
2020-06-05,1561.9785425048733,1551.139404296875,2884206
2020-06-08,1568.6049723269944,1547.068603515625,2046505
2020-06-09,1552.5119505572318,1554.45263671875,3671930
2020-06-10,1560.0853240879403,1548.6781005859375,2069280
2020-06-11,1548.6779440162074,1524.6802978515625,1888420
2020-06-12,1495.7126156074503,1550.003173828125,2391556
2020-06-15,1542.0989063760958,1531.875,1681166
2020-06-16,1551.5653873709575,1535.188232421875,1497691
2020-06-17,1521.7931247510144,1510.291259765625,1812788
2020-06-18,1510.2912405739037,1512.563232421875,1417273
2020-06-19,1512.5631373520991,1535.9454345703125,2714342
2020-06-22,1545.8854747523958,1564.013916015625,2034739
2020-06-23,1571.303122694397,1594.0701904296875,2334863
2020-06-24,1594.1646862480327,1654.04052734375,11545923
2020-06-25,1647.1774091432617,1598.8980712890625,4054785
2020-06-26,1618.7777640757004,1596.76806640625,2129986
2020-06-29,1597.0050276852403,1601.69091796875,2753482
2020-06-30,1617.7365779212316,1597.4307861328125,1960731
2020-07-01,1607.4179528403622,1597.951416015625,1661296
2020-07-02,1609.3110889747802,1596.48388671875,2038399
2020-07-03,1604.95681800381,1605.1934814453125,1988941
2020-07-06,1617.78360709113,1617.68896484375,1236670
2020-07-07,1617.7839440043329,1652.620849609375,2983260
2020-07-08,1656.643846425593,1596.294677734375,2725937
2020-07-09,1603.631534538097,1625.6412353515625,1904661
2020-07-10,1616.8373190657917,1612.624755859375,1156043
2020-07-13,1616.8841584849297,1614.6595458984375,1289791
2020-07-14,1614.659977235524,1598.3302001953125,1347120
2020-07-15,1609.3112412834175,1582.4736328125,1611341
2020-07-16,1590.1888350034658,1602.8739013671875,1442725
2020-07-17,1604.57795570352,1626.25634765625,2308792
2020-07-20,1634.870791471553,1658.158447265625,1848600
2020-07-21,1667.0571002337974,1632.267578125,2088461
2020-07-22,1632.2674693901,1605.287841796875,1300409
2020-07-23,1601.261178886344,1637.076416015625,2375218
2020-07-24,1633.4759235468603,1622.1534423828125,3971563
2020-07-27,1627.032897293979,1684.7825927734375,6470525
2020-07-28,1685.5877253451654,1667.2537841796875,2534092
2020-07-29,1677.060686653653,1648.778076171875,1530981
2020-07-30,1660.005764371209,1651.8099365234375,2113975
2020-07-31,1661.9005520097094,1625.422119140625,1678643
2020-08-03,1638.213446687303,1615.9473876953125,1437425
2020-08-04,1628.7386158275262,1623.9537353515625,1815396
2020-08-05,1627.7908655306248,1626.18017578125,1416803
2020-08-06,1641.1034353431817,1636.8397216796875,1914507
2020-08-07,1636.8394275696633,1711.406982421875,5166075
2020-08-10,1714.960009960954,1688.7618408203125,1892614
2020-08-11,1705.4853501304299,1695.5841064453125,3039662
2020-08-12,1695.963023837559,1702.8797607421875,1679096
2020-08-13,1711.549065104859,1707.9012451171875,1192375
2020-08-14,1723.2031438574436,1707.9012451171875,1868376
2020-08-17,1724.4351115886316,1740.2581787109375,1634180
2020-08-18,1734.857343762732,1775.6942138671875,2586298
2020-08-19,1790.7595638794085,1786.685302734375,1947114
2020-08-20,1769.8672551953807,1776.452392578125,1538879
2020-08-21,1788.7698120639504,1855.18896484375,5688228
2020-08-24,1855.1891013854545,1859.1212158203125,3996329
2020-08-25,1861.1108192793727,1895.5521240234375,3544399
2020-08-26,1895.8836895448612,1867.8853759765625,2245810
2020-08-27,1876.886746038367,1878.4027099609375,3116305
2020-08-28,1889.2987948509904,1855.2838134765625,1842536
2020-08-31,1873.1913506648625,1799.3817138671875,2738522
2020-09-01,1823.9217533818342,1875.37060546875,3068285
2020-09-02,1874.0913072145138,1841.8765869140625,2569603
2020-09-03,1847.7984754506901,1874.1387939453125,1931667
2020-09-04,1855.1887506497865,1853.6253662109375,1930422
2020-09-07,1861.8214721811664,1878.0235595703125,2855392
2020-09-08,1883.1399528506643,1857.41552734375,2401034
2020-09-09,1857.4155011820762,1875.1336669921875,2776804
2020-09-10,1880.8186665376486,1948.5643310546875,5081252
2020-09-11,1954.6755980842886,1929.0458984375,2599475
2020-09-14,1942.3580568992386,1924.545166015625,2142458
2020-09-15,1937.620910745975,1911.6123046875,1997383
2020-09-16,1920.5658932472932,1906.4482421875,1717740
2020-09-17,1894.983599736545,1902.51611328125,2416918
2020-09-18,1919.9027463386872,1921.8924560546875,3021436
2020-09-21,1929.472303211559,1868.9749755859375,2518361
2020-09-22,1885.6980275638796,1835.7652587890625,1974860
2020-09-23,1838.1340924053209,1844.3402099609375,2732912
2020-09-24,1839.6028520488444,1817.6209716796875,1906183
2020-09-25,1824.1586353685043,1824.490234375,1939316
2020-09-28,1836.2391487703717,1843.4400634765625,1137313
2020-09-29,1857.0839198774781,1857.0364990234375,1965383
2020-09-30,1862.8635272469837,1882.09765625,2518982
2020-10-01,1901.6161363741603,1933.3096923828125,2014003
2020-10-05,1933.3096547321045,1921.513427734375,1554873
2020-10-06,1942.3581414473686,1980.2578125,3152378
2020-10-07,1970.7829201306413,1994.47021484375,2429595
2020-10-08,1993.9967211117098,1978.9788818359375,1427493
2020-10-09,1984.0476843311635,1942.9266357421875,1636939
2020-10-12,1959.3181215233194,1968.745849609375,2182836
2020-10-13,1967.9403852944006,1956.23876953125,2619233
2020-10-14,1961.3079517930282,1962.587158203125,1530471
2020-10-15,1961.3081637651135,1980.684326171875,4001883
2020-10-16,1980.210482593607,1952.9700927734375,2017706
2020-10-19,1970.7353646476063,1961.4027099609375,1338404
2020-10-20,1968.793452616933,2007.26171875,2377713
2020-10-21,2018.157557591517,2003.281982421875,2895432
2020-10-22,2003.187241366879,1989.6380615234375,2755686
2020-10-23,2002.5237424382904,2008.9193115234375,3070714
2020-10-26,2005.224322228983,1971.209228515625,1278139
2020-10-27,1975.5203428854916,2082.3974609375,4964874
2020-10-28,2087.474303656407,2049.279541015625,3166047
2020-10-29,2051.6043711753778,2111.814453125,4795796
2020-10-30,2097.248727425229,2098.5771484375,3006197
2020-11-02,2085.766339842476,2061.900634765625,1772571
2020-11-03,2081.8759609030467,2044.630126953125,1781465
2020-11-04,2049.7059227665063,2058.67333984375,2189957
2020-11-05,2078.175019690607,2124.0087890625,2671841
2020-11-06,2119.8801744731127,2096.251708984375,2395965
2020-11-09,2134.1624164963227,2111.57763671875,1691773
2020-11-10,2111.5774350816896,2087.427001953125,1879561
2020-11-11,2092.4088920813815,2070.298583984375,2387398
2020-11-12,2061.0937940416784,2060.904052734375,1626054
2020-11-13,2069.1601460397633,2068.63818359375,1560060
2020-11-14,2080.072342330603,2073.05029296875,146991
2020-11-17,2093.736925262294,2075.9443359375,1699293
2020-11-18,2073.430017616596,2083.631103515625,1817170
2020-11-19,2063.940503977549,2051.319580078125,2669522
2020-11-20,2052.8858069924977,2055.92236328125,2196113
2020-11-23,2050.2280621541713,2074.61572265625,4002609
2020-11-24,2080.9268134329036,2095.160888671875,2954306
2020-11-25,2085.054207705723,2044.29736328125,1682365
2020-11-26,2049.7069123183687,2045.2469482421875,2247478
2020-11-27,2059.1959141133734,2102.182861328125,10036402
2020-12-01,2158.834662483161,2116.179931640625,2235498
2020-12-02,2126.570515560123,2197.5986328125,3305952
2020-12-03,2220.515435005478,2288.26953125,4334658
2020-12-04,2277.451787544849,2314.22314453125,2789953
2020-12-07,2315.4096172179593,2346.297607421875,1762501
2020-12-08,2344.3995140834677,2314.365478515625,2090950
2020-12-09,2324.898558667263,2393.5068359375,2022370
2020-12-10,2387.4810610248537,2397.0654296875,2372909
2020-12-11,2387.528388423921,2392.2255859375,2171653
2020-12-14,2400.813728978841,2418.036865234375,1280339
2020-12-15,2405.558818287678,2398.394287109375,1283286
2020-12-16,2410.3030682902686,2450.58544921875,1920875
2020-12-17,2437.8221102726216,2443.563232421875,1750663
2020-12-18,2445.41409665998,2468.6630859375,4402604
2020-12-21,2462.921806184742,2424.205078125,1383048
2020-12-22,2411.2519840414943,2467.99853515625,1993090
2020-12-23,2471.0350850919053,2507.61669921875,1339307
2020-12-24,2522.2780274267207,2513.02587890625,1143202
2020-12-28,2518.7195401834615,2546.85546875,1226254
2020-12-29,2547.8991621743544,2559.0966796875,1562853
2020-12-30,2556.439839922886,2594.77685546875,1614643
2020-12-31,2594.776709193152,2623.33984375,1526325
2021-01-01,2618.1207087594285,2633.82568359375,1246698
2021-01-04,2639.0923566026468,2613.09130859375,1360486
2021-01-05,2613.0911532341424,2651.191162109375,1299589
2021-01-06,2658.2605138828408,2662.103759765625,1697884
2021-01-07,2657.9760613220747,2649.6728515625,1142806
2021-01-08,2674.1079752634146,2699.444580078125,1660967
2021-01-11,2699.729333624546,2703.809814453125,1517995
2021-01-12,2704.0943064414623,2581.6337890625,6674890
2021-01-13,2619.0693074224187,2565.64404296875,2862676
2021-01-14,2574.4696733689943,2527.876708984375,2124950
2021-01-15,2525.0299317282847,2458.604248046875,2570436
2021-01-18,2459.6480039602816,2456.0419921875,2395168
2021-01-19,2481.4736160049843,2509.9892578125,2558693
2021-01-20,2518.482342765201,2559.52392578125,2065439
2021-01-21,2587.707288763363,2577.648681640625,5015712
2021-01-22,2609.5803280180535,2464.060546875,4945564
2021-01-25,2479.4336370261094,2385.58349609375,3520087
2021-01-27,2396.06890374391,2312.182861328125,2700415
2021-01-28,2296.430063463365,2317.02197265625,3035457
2021-01-29,2330.5925144206594,2284.4267578125,2768673
2021-02-01,2302.6933490805245,2322.810791015625,1797359
2021-02-02,2334.3877868737927,2337.851318359375,2679428
2021-02-03,2375.999191409573,2328.3623046875,2409356
2021-02-04,2330.592318403769,2279.159912109375,3478562
2021-02-05,2296.4307426435785,2255.38916015625,3303319
2021-02-08,2271.757833642341,2293.441162109375,3666313
2021-02-09,2308.292532531468,2378.84619140625,7178572
2021-02-10,2399.8644208569563,2382.404052734375,4473123
2021-02-11,2396.0217452451298,2377.56494140625,1446286
2021-02-12,2389.4270501634774,2359.156005859375,1376085
2021-02-15,2367.6008417298963,2331.303955078125,1634576
2021-02-16,2345.775639921947,2325.13623046875,1615849
2021-02-17,2311.6138240347286,2266.20703125,3178784
2021-02-18,2300.2264889836083,2344.58935546875,4253843
2021-02-19,2344.73140849834,2293.061767578125,2244567
2021-02-22,2304.733764451886,2265.1630859375,2002642
2021-02-23,2253.7281180907057,2251.071044921875,3267268
2021-02-24,2251.8301830317955,2240.775146484375,1708526
2021-02-25,2253.728897713435,2252.542724609375,2839515
2021-02-26,2218.6656051861037,2160.922607421875,3933813
2021-03-01,2182.558099276962,2241.677001953125,2545806
2021-03-02,2264.1668051260544,2268.342041015625,2033586
2021-03-03,2283.145835522749,2279.445068359375,1591567
2021-03-04,2258.473009588865,2293.6787109375,2149984
2021-03-05,2276.503211741332,2265.2109375,1953642
2021-03-08,2261.3196398928267,2261.034912109375,1593838
2021-03-09,2277.451581764639,2298.992431640625,1800442
2021-03-10,2321.102646480613,2307.77001953125,1056102
2021-03-12,2318.0666017902354,2278.733154296875,1279203
2021-03-15,2279.871321417597,2234.749267578125,1524449
2021-03-16,2257.714088443477,2342.54931640625,4230564
2021-03-17,2334.3884382768415,2299.230224609375,1623187
2021-03-18,2342.786307484459,2281.76953125,1851739
2021-03-19,2270.8090753993324,2288.127197265625,3738079
2021-03-22,2267.9627890105417,2301.83984375,1489853
2021-03-23,2305.9198666124967,2287.225830078125,1745466
2021-03-24,2287.225638961984,2318.77783203125,4132092
2021-03-25,2325.800293167151,2279.53955078125,2272545
2021-03-26,2301.1755910237252,2377.23291015625,3084607
2021-03-30,2409.4493003976686,2446.410400390625,2332884
2021-03-31,2446.409922099672,2407.83544921875,1616044
2021-04-01,2402.711352732806,2421.452880859375,1219588
2021-04-05,2427.3842264914056,2382.451904296875,1268939
2021-04-06,2397.0176324193612,2478.246826171875,3372846
2021-04-07,2471.984357205046,2494.37939453125,1937977
2021-04-08,2495.707497111097,2515.302978515625,897483
2021-04-09,2500.4518021332515,2496.46630859375,1185017
2021-04-12,2446.5528715828473,2469.327392578125,1427691
2021-04-13,2467.2397312449198,2439.435791015625,1200230
2021-04-15,2457.7502314085596,2455.567626953125,1209829
2021-04-16,2455.4724686666586,2527.6865234375,2760777
2021-04-19,2514.6863895417173,2440.57421875,1552036
2021-04-20,2467.2394846913166,2423.256103515625,1489287
2021-04-22,2425.1542553811955,2383.021484375,1690758
2021-04-23,2398.0618298278446,2389.37890625,1614593
2021-04-26,2400.8137779348176,2427.2890625,1103980
2021-04-27,2415.0477408303714,2442.899169921875,866331
2021-04-28,2455.852031482846,2481.04638671875,1065561
2021-04-29,2495.7074146278487,2480.00244140625,1295346
2021-04-30,2462.494838818476,2406.886962890625,1384907
2021-05-03,2381.834742654602,2450.300537109375,1034774
2021-05-04,2471.98404996298,2455.04541015625,1058140
2021-05-05,2483.371456126569,2436.541259765625,1220186
2021-05-06,2448.118457967256,2418.89111328125,1518119
2021-05-07,2424.5371900533873,2421.358154296875,1416102
2021-05-10,2456.801213604122,2426.3876953125,1526814
2021-05-11,2403.66033255654,2425.72314453125,1168363
2021-05-12,2445.413988278155,2425.676025390625,2085630
2021-05-14,2486.218146006037,2632.8291015625,10543708
2021-05-17,2639.946011210246,2640.65771484375,2134352
2021-05-18,2654.180395416441,2677.714111328125,1328605
2021-05-19,2661.9140464520347,2672.06787109375,1219067
2021-05-20,2670.3124912513586,2651.4287109375,1211975
2021-05-21,2663.6702335475507,2687.8681640625,1328308
2021-05-24,2700.6784191097545,2675.246826171875,813091
2021-05-25,2692.042974989468,2765.585693359375,2730112
2021-05-26,2789.736330645108,2791.39697265625,1250531
2021-05-27,2799.367693723574,2798.7509765625,2415085
2021-05-28,2807.101651088107,2790.542724609375,711383
2021-05-31,2787.9803214866706,2825.46337890625,2093635
2021-06-01,2813.6017897315332,2781.337890625,1194073
2021-06-02,2769.8086833308334,2755.43212890625,2067842
2021-06-03,2770.519800926961,2785.465576171875,1404434
2021-06-04,2802.2145731482865,2775.54931640625,1509084
2021-06-07,2780.389253251504,2783.3310546875,802415
2021-06-08,2778.4909640645024,2776.830322265625,762931
2021-06-09,2781.1481083258805,2793.2470703125,1340352
2021-06-10,2808.457885371239,2813.79833984375,1344559
2021-06-11,2822.762414112051,2819.186279296875,878445
2021-06-14,2818.0897084656976,2813.130615234375,746823
2021-06-15,2832.298418462752,2901.15087890625,2262031
2021-06-16,2888.562974282619,2878.740478515625,859505
2021-06-17,2878.0257750100563,2918.412353515625,1533864
2021-06-18,2919.6044479578286,2905.919677734375,2293860
2021-06-21,2883.9856949487857,2926.279541015625,720491
2021-06-22,2941.9665187264886,2871.206787109375,1199238
2021-06-23,2889.5167154209653,2848.84423828125,1009007
2021-06-24,2848.8441920692935,2902.15234375,985596
2021-06-25,2889.707379036615,2864.626708984375,786964
2021-06-28,2883.794994059254,2844.648193359375,891695
2021-06-29,2850.417686095104,2862.338134765625,1242734
2021-06-30,2859.9542421708293,2853.9462890625,924522
2021-07-01,2868.537049243589,2881.506591796875,848235
2021-07-02,2892.329364354083,2865.67529296875,805542
2021-07-05,2879.9805889256786,2875.021728515625,863343
2021-07-06,2863.768321808649,2863.29150390625,762630
2021-07-07,2922.893877010179,2899.1484375,1234865
2021-07-08,2908.589605202937,2887.895751953125,907391
2021-07-09,2881.8877136433134,2871.016357421875,547082
2021-07-12,2894.1895239514724,2860.33544921875,765566
2021-07-13,2879.980454724488,2855.04296875,703484
2021-07-14,2863.768698275299,2862.767333984375,470744
2021-07-15,2870.443960170941,2845.26806640625,635535
2021-07-16,2855.1858996111864,2850.703857421875,1062548
2021-07-19,2850.7036524639066,2843.6943359375,837836
2021-07-20,2857.093118117907,3012.58349609375,6755922
2021-07-22,2984.8805319943467,2962.70849609375,1982572
2021-07-23,2961.992810726591,2940.7744140625,815329
2021-07-26,2937.1506917314628,2919.27001953125,1136884
2021-07-27,2936.626021281818,2888.22900390625,904289
2021-07-28,2889.850322413114,2864.8173828125,996594
2021-07-29,2864.8174037086565,2858.4755859375,762683
2021-07-30,2868.53663850674,2821.283935546875,1067423
2021-08-02,2847.1754298567103,2836.160888671875,832285
2021-08-03,2879.9803106675336,2886.65576171875,2433031
2021-08-04,2899.625252326203,2878.645263671875,659295
2021-08-05,2893.33134958857,2849.845458984375,693694
2021-08-06,2856.1394366474224,2828.9130859375,744159
2021-08-09,2855.805962710019,2853.803466796875,825462
2021-08-10,2859.0000985697866,2839.11669921875,724335
2021-08-11,2848.8919461265014,2834.7783203125,987941
2021-08-12,2836.1134912987313,2837.5439453125,438552
2021-08-13,2842.692941646449,2850.13134765625,572250
2021-08-16,2841.834661725463,2833.63330078125,461742
2021-08-17,2836.1130829431186,2875.498291015625,2036757
2021-08-18,2906.682328930145,2862.385986328125,1375320
2021-08-20,2862.3381743571676,2968.620849609375,3931334
2021-08-23,3012.5831294778136,2934.766357421875,1578949
2021-08-24,2949.404983175213,2904.72705078125,763704
2021-08-25,2885.7024874851863,2897.19384765625,797870
2021-08-26,2921.940365318207,2898.71923828125,1319516
2021-08-27,2899.4821426506787,2896.00146484375,634375
2021-08-30,2914.97868545946,2964.615478515625,1051747
2021-08-31,2964.615586342432,3052.92236328125,2283290
2021-09-01,3080.2918076322094,3149.62109375,2423168
2021-09-02,3159.348041949883,3148.5244140625,847517
2021-09-03,3148.5245450899242,3183.999755859375,832039
2021-09-06,3187.051506451202,3161.827880859375,664394
2021-09-07,3178.945128347169,3181.567626953125,1285818
2021-09-08,3189.9120596948173,3181.901611328125,702598
2021-09-09,3151.7670090795345,3191.199951171875,591745
2021-09-13,3191.437890321065,3210.939697265625,610920
2021-09-14,3227.961690350536,3206.600341796875,569412
2021-09-15,3205.9810490057157,3196.873779296875,587855
2021-09-16,3194.680114501592,3187.146484375,516746
2021-09-17,3196.5876590890593,3149.9072265625,1545695
2021-09-20,3146.951335605753,3119.8681640625,689288
2021-09-21,3119.867673024076,3155.77197265625,922057
2021-09-22,3174.177006331834,3163.68701171875,825945
2021-09-23,3185.1438655277825,3166.69091796875,694716
2021-09-24,3175.6076691558355,3288.708984375,2775975
2021-09-27,3301.106036890583,3271.5908203125,902449
2021-09-28,3266.107469531451,3223.003173828125,961271
2021-09-29,3208.98471466136,3168.979736328125,973387
2021-09-30,3175.5120592909752,3094.214599609375,2077896
2021-10-01,3097.409179167876,3030.51171875,1512332
2021-10-04,3054.305205224391,3053.160888671875,921241
2021-10-05,3059.7885036727635,3103.846435546875,909337
2021-10-06,3110.760032243511,3063.316650390625,786378
2021-10-07,3070.7077492473286,3138.27294921875,1177283
2021-10-08,3153.673825856242,3153.578369140625,882436
2021-10-11,3172.1744176025513,3152.76806640625,460197
2021-10-12,3127.925899674641,3169.170654296875,564524
2021-10-13,3188.004835725351,3169.408935546875,770144
2021-10-14,3187.0508017263223,3144.900146484375,648597
2021-10-18,3101.700687999805,3091.210693359375,1576121
2021-10-19,3109.710847354487,3036.137939453125,1042069
2021-10-20,3042.0986110574067,3022.64453125,1205540
2021-10-21,3045.913032262346,2862.81494140625,5103543
2021-10-22,2837.066966357807,2844.123779296875,2855592
2021-10-25,2813.2264387212103,2782.7578125,2161537
2021-10-26,2782.7570130064632,2832.107666015625,1988263
2021-10-27,2888.7537675330677,2951.169189453125,4609951
2021-10-28,2962.62608339702,2975.324462890625,1791065
2021-10-29,2983.630899644905,2959.857421875,1118903
2021-11-01,2986.4954052559915,2980.575927734375,750393
2021-11-02,2978.8573871388044,2962.960693359375,881916
2021-11-03,2961.767315345969,3027.216064453125,879227
2021-11-04,3035.188581892459,3016.33203125,263595
2021-11-08,3021.8217873801236,2996.043212890625,787824
2021-11-09,2997.9526978155072,3002.86962890625,668840
2021-11-10,2990.314826333256,2967.68701171875,872975
2021-11-11,2950.2147688382365,2924.91357421875,958143
2021-11-12,2949.2596399549134,2981.6259765625,682344
2021-11-15,2984.5861988543797,3025.3544921875,696377
2021-11-16,3021.821426820208,3009.123046875,1400107
2021-11-17,3026.5952244045548,3084.11962890625,1616452
2021-11-18,3102.8330588911954,3080.87353515625,1609821
2021-11-22,3094.3833564404467,3113.71728515625,2146970
2021-11-23,3113.718075407344,3041.442626953125,1482618
2021-11-24,3041.9192297117106,3014.183349609375,1056213
2021-11-25,3013.7060877649924,3002.01025390625,728825
2021-11-26,2960.7172642548962,3000.912841796875,1029110
2021-11-29,2989.359967770922,3002.058349609375,876651
2021-11-30,2975.1813027156754,3001.437255859375,2340489
2021-12-01,3013.1333048095184,2996.186279296875,1741820
2021-12-02,3017.048116871862,3036.71630859375,939320
2021-12-03,3040.916807733633,2969.7392578125,1216263
2021-12-06,2974.0837165365315,2900.853515625,1107363
2021-12-07,2902.476298939908,2893.262939453125,2056459
2021-12-08,2894.742822897785,2967.877685546875,1171484
2021-12-09,3009.7915688064404,3034.90185546875,1287243
2021-12-10,3039.9623884444286,3134.626953125,2554394
2021-12-13,3136.4888189865023,3131.476318359375,1265832
2021-12-14,3125.890245332638,3148.3271484375,863179
2021-12-15,3129.8530332432915,3152.576416015625,811946
2021-12-16,3174.5833063801183,3149.377685546875,502930
2021-12-17,3126.845522739957,3096.96142578125,1019403
2021-12-20,3081.017067950522,3092.90380859375,948872
2021-12-21,3100.1122913253903,3123.36083984375,712026
2021-12-22,3127.5137512072333,3131.71484375,619865
2021-12-23,3141.166983854997,3120.066650390625,1051596
2021-12-24,3131.6192443874525,3136.2021484375,651404
2021-12-27,3131.715135610953,3124.36328125,640701
2021-12-28,3127.752550547927,3215.829345703125,1211648
2021-12-29,3219.6481563086836,3215.113037109375,598421
2021-12-30,3211.1032625564644,3213.4423828125,691223
2021-12-31,3236.6432281944662,3229.912109375,570671
2022-01-03,3229.9601041506903,3267.57763671875,696276
2022-01-04,3278.6530658939723,3302.80859375,790886
2022-01-05,3313.0243511371805,3367.2548828125,1024506
2022-01-06,3333.2171465188594,3355.654052734375,1312743
2022-01-07,3355.653923879295,3414.51513671875,964364
2022-01-10,3418.0480196131457,3392.746826171875,657511
2022-01-11,3389.977840597509,3378.663818359375,734344
2022-01-12,3395.9925929042874,3383.4853515625,594543
2022-01-13,3398.952548598553,3299.89599609375,1153984
2022-01-14,3305.3860360904932,3212.201171875,1558978
2022-01-17,3212.201281692422,3225.806640625,1103159
2022-01-18,3226.1888809575566,3221.080810546875,558543
2022-01-19,3217.5477396748174,3132.0009765625,1495218
2022-01-20,3133.528609510409,3156.82470703125,3075678
2022-01-21,3150.76259409838,3126.70263671875,1441694
2022-01-24,3120.162474327763,3012.41748046875,1575665
2022-01-25,2959.762063941243,3004.7314453125,2699779
2022-01-27,2998.048192235994,2975.9453125,1834684
2022-01-28,2988.4049361946854,2970.121337890625,892060
2022-01-31,2997.9530896829647,3009.64892578125,944530
2022-02-01,3049.509988511928,3051.658203125,1008915
2022-02-02,3059.8211394014547,3053.042236328125,667265
2022-02-03,3067.5075273319517,3058.10302734375,899753
2022-02-04,3043.7813886639815,3090.23046875,705765
2022-02-07,3087.700443516631,3031.0830078125,860393
2022-02-08,3035.1886640296884,3070.84912109375,799206
2022-02-09,3083.8811722198097,3082.305908203125,472725
2022-02-10,3074.333564502123,3092.2353515625,728666
2022-02-11,3083.8331880978767,3070.80078125,587840
2022-02-14,2997.9529436014914,3001.246826171875,681236
2022-02-15,2997.9528159331103,3116.916259765625,676844
2022-02-16,3131.6192035319987,3105.697509765625,624320
2022-02-17,3124.9358296325568,3118.109375,636735
2022-02-18,3089.7529502532384,3111.044189453125,423801
2022-02-21,3088.655063782974,3104.5517578125,547472
2022-02-22,2978.8572631223465,3081.159912109375,1147209
2022-02-23,3090.4691400044358,3090.755615234375,935896
2022-02-24,2988.404602433141,2930.2119140625,1823450
2022-02-25,2964.5356894041543,2978.09326171875,1239456
2022-02-28,2950.2146444236055,3031.03515625,1678348
2022-03-02,2966.4452386915036,2891.926025390625,3014206
2022-03-03,2891.974163886977,2741.98095703125,4406840
2022-03-04,2734.247480082078,2614.281494140625,6979253
2022-03-07,2530.0239269111294,2585.92529296875,3233760
2022-03-08,2568.3097729942124,2600.19873046875,2611102
2022-03-09,2625.595363200531,2744.892822265625,4076068
2022-03-10,2864.2857088975124,2781.030517578125,3971987
2022-03-11,2785.040388286846,2799.36181640625,1265493
2022-03-14,2816.547799046922,2828.768798828125,1214217
2022-03-15,2862.37659535481,2852.017333984375,1857685
2022-03-16,2905.3402598805524,2904.385498046875,1287234
2022-03-17,2972.65169016356,2994.706787109375,2867519
2022-03-21,2976.279325194207,2907.966064453125,1259015
2022-03-22,2887.200132506395,2913.121826171875,1515772
2022-03-23,2921.5715977898185,2880.325927734375,948403
2022-03-24,2835.1657078363055,2888.4892578125,1243917
2022-03-25,2888.489098573034,2909.11181640625,1083275
2022-03-28,2909.1119994339856,2890.494140625,680332
2022-03-29,2930.1646081962754,2904.958984375,1120936
2022-03-30,2938.757033120428,2942.146484375,849545
2022-03-31,2974.083841868816,2940.619384765625,1464862
2022-04-01,2969.3098036165884,2973.27197265625,637392
2022-04-04,2983.583792195326,2976.9482421875,873264
2022-04-05,2969.309594606706,2998.71630859375,805874
2022-04-06,2995.0881391778053,3011.319091796875,736379
2022-04-07,3011.319407902882,3012.274169921875,1025244
2022-04-08,3024.686162280702,3061.205810546875,678898
2022-04-11,3039.9620132042933,3014.613037109375,672652
2022-04-12,3011.987809096154,2987.1162109375,794265
2022-04-13,2976.184196984238,2941.28759765625,1121350
2022-04-18,2917.752834234615,2884.861328125,1032504
2022-04-19,2892.9290925407417,2855.88427734375,749782
2022-04-20,2855.9793842212935,2943.531005859375,838182
2022-04-21,2950.0233048856526,3015.376708984375,1069035
2022-04-22,2980.2893419081392,3021.24853515625,681191
2022-04-25,2992.223880517866,2988.977783203125,1096774
2022-04-26,2988.405016862899,2984.251708984375,1703441
2022-04-27,2955.943164675322,3005.925048828125,963536
2022-04-28,3045.6905566958108,3100.7802734375,2001838
2022-04-29,3102.021853874458,3090.755615234375,1088970
2022-05-02,3050.464471435547,3055.23828125,595522
2022-05-04,3034.233772996663,2960.573974609375,1120002
2022-05-05,2964.2972883730404,2937.373046875,724601
2022-05-06,2883.3816275124327,2879.80126953125,923941
2022-05-09,2865.097724300624,2869.298583984375,998324
2022-05-10,2912.978807026592,2946.729736328125,2460016
2022-05-11,2950.5962913710687,2915.5087890625,1883969
2022-05-12,2904.385775362031,2902.428466796875,1254245
2022-05-13,2935.3200560761493,2925.390625,1121729
2022-05-16,2950.1190096612786,2864.1904296875,733044
2022-05-17,2863.2357373119185,2912.024169921875,1179081
2022-05-18,2892.9285202957,2959.857421875,1379763
2022-05-19,2864.7633459646404,2909.064208984375,772390
2022-05-20,2940.6671300964686,2969.26220703125,778957
2022-05-23,3001.723918488542,3030.60546875,813294
2022-05-24,3031.1305137768595,2947.20703125,691307
2022-05-25,2901.521731702443,2709.662353515625,3381427
2022-05-26,2721.0717353889117,2711.667236328125,3212196
2022-05-27,2738.257445132629,2706.607177734375,1879534
2022-05-30,2749.714200949367,2715.3427734375,2525482
2022-05-31,2715.342980857544,2730.284912109375,2408221
2022-06-01,2730.2851956348686,2723.458740234375,1770795
2022-06-02,2740.3581684224305,2776.973388671875,1164197
2022-06-03,2773.5835310402545,2756.30224609375,1228489
2022-06-06,2741.217261598849,2689.994140625,1193698
2022-06-07,2673.3332912304086,2620.534912109375,1403598
2022-06-08,2646.5048481003514,2582.822265625,1743575
2022-06-09,2573.507754972157,2580.03759765625,1857501
2022-06-10,2559.103922563596,2601.115478515625,1592920
2022-06-13,2563.857087913698,2555.022705078125,1674206
2022-06-14,2513.0109234266993,2530.6796875,2296040
2022-06-15,2544.6996441307256,2555.406494140625,928842
2022-06-16,2587.863415564503,2551.853515625,1280628
2022-06-17,2544.7959399030397,2477.67333984375,2043251
2022-06-20,2496.6863876114894,2554.974365234375,1595360
2022-06-21,2568.658545205532,2571.923583984375,1042074
2022-06-22,2581.1895232924076,2560.39990234375,1871760
2022-06-23,2568.658357039422,2648.600341796875,1612872
2022-06-24,2664.7326877152227,2651.19287109375,2215583
2022-06-27,2669.4378052846023,2708.856689453125,1295734
2022-06-28,2669.533789456492,2618.15966796875,1838358
2022-06-29,2598.9545919531333,2590.600341796875,1066354
2022-06-30,2606.973090025906,2588.103759765625,1291447
2022-07-01,2597.418035780258,2662.9560546875,1477191
2022-07-04,2664.8766637798826,2679.4248046875,653147
2022-07-05,2674.3352679148966,2656.66650390625,1073043
2022-07-06,2718.0752160602665,2747.69921875,2085735
2022-07-07,2786.1102095094584,2776.507568359375,1469087
2022-07-08,2765.560169964193,2765.3681640625,1274148
2022-07-11,2759.7988039227976,2816.50244140625,1081885
2022-07-12,2803.9709626905833,2778.23583984375,1115524
2022-07-13,2831.81847506735,2824.328369140625,2153712
2022-07-14,2834.795224511021,2822.359619140625,882479
2022-07-15,2832.7311450896095,2859.810546875,1668006
2022-07-18,2875.7511532738877,2897.933349609375,823390
2022-07-19,2864.8999878316463,2899.133544921875,638171
2022-07-20,2912.4808975559463,2886.98583984375,867436
2022-07-21,2862.5472999453928,2944.265869140625,1184060
2022-07-22,2944.2660043127476,2945.51416015625,1268141
2022-07-25,2947.5299813844686,2981.5712890625,985844
2022-07-26,2972.9774126136,2984.980712890625,2876310
2022-07-27,2995.0156484218815,3059.449462890625,1976407
2022-07-28,3070.924608411825,3142.3681640625,1332572
2022-07-29,3154.85165349115,3201.280517578125,1836550
2022-08-01,3207.329647841289,3192.445556640625,1076122
2022-08-02,3198.6395740523612,3261.20068359375,1650536
2022-08-03,3268.73884813234,3302.97216796875,1169005
2022-08-04,3317.712443968651,3322.993896484375,981434
2022-08-05,3336.917468181741,3335.861083984375,792478
2022-08-08,3327.314678277156,3321.02490234375,724644
2022-08-10,3304.268560133813,3276.084716796875,1089295
2022-08-11,3312.910989834237,3269.89111328125,1410533
2022-08-12,3263.9376446265273,3291.641357421875,548472
2022-08-16,3332.116093225596,3361.88427734375,911189
2022-08-17,3378.1608547806704,3383.682373046875,817912
2022-08-18,3384.9310455628333,3394.869873046875,599877
2022-08-19,3380.1295675811148,3344.167724609375,581829
2022-08-22,3324.5305443705797,3216.644775390625,2336567
2022-08-23,3200.560086696613,3223.222412109375,831446
2022-08-24,3206.8980137845756,3244.58837890625,1182154
2022-08-25,3240.8909952950744,3228.8876953125,615392
2022-08-26,3245.068624240315,3191.48583984375,1384783
2022-08-29,3117.9771787574546,3210.402587890625,1031166
2022-08-30,3198.639689377925,3256.831787109375,1426459
2022-09-01,3183.2753604873647,3309.59814453125,1417762
2022-09-02,3350.361367753884,3294.714111328125,740821
2022-09-05,3288.952468358952,3288.71240234375,518438
2022-09-06,3284.1032062831346,3260.336669921875,540937
2022-09-07,3257.2155882960697,3265.23388671875,682921
2022-09-08,3312.910985808333,3313.054931640625,1143090
2022-09-09,3345.271624224618,3305.084716796875,702805
2022-09-12,3305.0848036704638,3295.818115234375,641280
2022-09-13,3295.6259658846607,3286.21533203125,776044
2022-09-14,3245.692769221846,3302.30029296875,816678
2022-09-15,3303.3083392497806,3260.48046875,590182
2022-09-16,3276.805226256699,3190.525634765625,1598265
2022-09-19,3188.700653889006,3184.4755859375,1013563
2022-09-20,3203.0568514354177,3258.367919921875,708184
2022-09-21,3269.6994638079655,3222.694580078125,605378
2022-09-22,3222.693982569056,3299.467041015625,829396
2022-09-23,3298.507167714201,3260.336669921875,513370
2022-09-26,3236.089537661339,3301.435546875,1429914
2022-09-27,3317.56849340727,3332.740478515625,1455383
2022-09-28,3313.871342232292,3428.766845703125,1843428
2022-09-29,3421.8528341669094,3250.3017578125,2624894
2022-09-30,3266.818043960579,3209.63427734375,2159720
2022-10-03,3214.963760391074,3171.65576171875,934543
2022-10-04,3197.679047917759,3205.12109375,994382
2022-10-06,3205.1212687964157,3196.6708984375,922770
2022-10-07,3186.1562209422673,3210.8349609375,774544
2022-10-10,3149.666342258058,3147.69775390625,734377
2022-10-11,3159.7491719075824,3167.623291015625,1411316
2022-10-12,3202.48060505567,3119.129638671875,1812549
2022-10-13,3101.7489697094384,3081.4873046875,779890
2022-10-14,3106.454461163132,3058.92138671875,845765
2022-10-17,3058.9214813737417,3070.540771484375,1067773
2022-10-18,3090.1298019644473,3097.66796875,1015424
2022-10-19,3113.176102844623,3085.08837890625,943543
2022-10-20,3070.9244327649803,3016.09326171875,2284352
2022-10-21,3015.2289232911776,2969.520263671875,1738731
2022-10-24,3024.8317336757423,2997.608154296875,178709
2022-10-25,3009.467664206715,2962.318603515625,1016316
2022-10-27,2998.9049288659503,2922.515869140625,2005709
2022-10-28,2937.1595145592846,2932.070068359375,715736
2022-10-31,2963.804447889209,2988.518798828125,814364
2022-11-01,2991.211746136398,3038.236328125,939335
2022-11-02,3036.889923981908,3011.790771484375,787012
2022-11-03,2985.92239035997,3020.830322265625,563798
2022-11-04,3027.273369805868,3059.344482421875,609757
2022-11-07,3063.8160497118465,2984.528076171875,1669943
2022-11-09,3025.35049149269,2968.13232421875,1391333
2022-11-10,2967.651162428984,2928.36767578125,1375007
2022-11-11,2972.1711401269295,2938.224853515625,810288
2022-11-14,2938.801797262686,2936.109130859375,811702
2022-11-15,2950.822387242243,2961.208251953125,873840
2022-11-16,2961.208510230493,2964.814697265625,770953
2022-11-17,2973.421027790985,2953.803466796875,706271
2022-11-18,2976.305796247829,2976.78662109375,1258576
2022-11-21,2985.922682835123,2976.5947265625,612194
2022-11-22,2984.9608039410477,2984.816650390625,764079
2022-11-23,2991.692080318548,2981.88330078125,488341
2022-11-24,2998.375914750267,2995.82763671875,571872
2022-11-25,2995.8275969277415,2988.95166015625,898769
2022-11-28,2988.9517588599697,3030.350830078125,914689
2022-11-29,3035.928233224945,3014.820068359375,877720
2022-11-30,3019.483926720608,3053.382080078125,2547283
2022-12-01,3068.6247580171666,3057.421630859375,761717
2022-12-02,3051.459147131473,3022.898193359375,932259
2022-12-05,3009.9639886960153,3035.832275390625,926122
2022-12-06,3005.155257517515,3040.44775390625,958365
2022-12-07,3058.0464663964435,3102.76318359375,1832282
2022-12-08,3106.128646336481,3097.906494140625,851312
2022-12-09,3110.9371286907362,3103.19580078125,847879
2022-12-12,3103.244136839338,3044.920166015625,1323816
2022-12-13,3062.8544832007287,3056.603759765625,886601
2022-12-14,3057.0848200396545,3025.30224609375,1103870
2022-12-15,3021.5037296444852,3010.541015625,799124
2022-12-16,2995.538915340986,2938.705322265625,1192821
2022-12-19,2944.5717050127932,2962.794921875,655594
2022-12-20,2957.1214015794226,2963.948974609375,739257
2022-12-21,2966.6896410373547,2951.92822265625,616324
2022-12-22,2956.1114641789413,2970.103515625,663202
2022-12-23,2960.8714362025826,2940.628662109375,1230858
2022-12-26,2940.6287647397735,2938.849853515625,536884
2022-12-27,2942.6483287984115,2993.231201171875,729041
2022-12-28,2990.6830755231254,3003.90576171875,972274
2022-12-29,2982.076098536841,2995.683349609375,596265
2022-12-30,3010.6853061320658,2969.478515625,836220
2023-01-02,2969.478422939694,2930.387451171875,1015990
2023-01-03,2930.1469002988783,2912.115966796875,860367
2023-01-04,2918.6069248260383,2901.153076171875,836382
2023-01-05,2922.9825931666237,2889.132568359375,1113920
2023-01-06,2894.5657159138805,2864.177490234375,1045526
2023-01-09,2878.506512291049,2869.707275390625,808263
2023-01-10,2869.7071456888607,2846.820068359375,864325
2023-01-11,2860.811681233079,2827.634765625,890426
2023-01-12,2826.288632421477,2804.12255859375,1558620
2023-01-13,2812.8254942690755,2797.583251953125,1507864
2023-01-16,2812.825713042068,2804.218994140625,644073
2023-01-17,2812.8258280019318,2828.115966796875,716489
2023-01-18,2834.8952354045505,2832.298828125,893808
2023-01-19,2841.578588113642,2756.232177734375,2379947
2023-01-20,2738.7789735707574,2680.8876953125,3171005
2023-01-23,2692.6192275092203,2677.66552734375,1402260
2023-01-24,2687.8109148905974,2702.812744140625,1061471
2023-01-25,2703.1012580033034,2668.578125,857953
2023-01-27,2660.5002900019526,2618.235595703125,1801498
2023-01-30,2619.5341466352997,2660.11572265625,1171912
2023-01-31,2654.153479571399,2621.313232421875,1961805
2023-02-01,2644.3446395132155,2638.526611328125,1176872
2023-02-02,2635.882109756223,2601.8876953125,1308570
2023-02-03,2601.8875186625423,2654.537841796875,1278409
2023-02-06,2654.538109753865,2648.575927734375,1120284
2023-02-07,2656.0765456374907,2652.278076171875,732250
2023-02-08,2661.8464396483796,2659.53857421875,811956
2023-02-09,2675.261419278601,2706.659423828125,946372
2023-02-10,2721.4690247136878,2697.043212890625,700072
2023-02-13,2706.5635495662987,2683.724365234375,467228
2023-02-14,2697.1872464964017,2670.50146484375,524746
2023-02-15,2670.501535216661,2679.300537109375,817717
2023-02-16,2689.734346160864,2698.341064453125,788964
2023-02-17,2695.456443104343,2724.93115234375,840526
2023-02-20,2735.893739318767,2717.189697265625,646218
2023-02-21,2728.200211771684,2709.0634765625,631934
2023-02-22,2702.187706064364,2688.724609375,580270
2023-02-23,2697.42773064746,2602.17626953125,1790570
2023-02-24,2608.0903242653862,2633.477783203125,1429040
2023-02-27,2635.305000787824,2644.440673828125,561317
2023-02-28,2644.5371292159634,2720.315185546875,1815923
2023-03-01,2719.545738749499,2731.950927734375,816598
2023-03-02,2722.430303918432,2725.218994140625,604523
2023-03-03,2728.2487630910114,2720.36328125,679295
2023-03-06,2733.9704908218964,2754.694091796875,1050267
2023-03-08,2759.934935677179,2749.8857421875,580250
2023-03-09,2752.241616181735,2744.11572265625,774224
2023-03-10,2734.9321919285912,2721.661376953125,489978
2023-03-13,2715.2181765951723,2677.42529296875,813217
2023-03-14,2676.223389045294,2640.305908203125,1060450
2023-03-15,2665.8852453543727,2718.96826171875,2170346
2023-03-16,2740.702100592435,2782.29345703125,1755487
2023-03-17,2811.8158787678335,2752.86669921875,1848073
2023-03-20,2803.209130568102,2745.654296875,1074367
2023-03-21,2748.5392110986086,2730.219970703125,691891
2023-03-22,2716.660569276582,2730.941162109375,731807
2023-03-23,2709.063794682569,2690.50390625,1016581
2023-03-24,2690.5038940395143,2691.177001953125,784111
2023-03-27,2691.1771682473945,2696.225830078125,791560
2023-03-28,2683.9643799922264,2677.66552734375,558581
2023-03-29,2677.66594535249,2664.2509765625,1087648
2023-03-31,2650.3546487499025,2655.73974609375,1967803
2023-04-03,2641.603841720187,2670.50146484375,1035295
2023-04-05,2654.153441839505,2700.79345703125,668643
2023-04-06,2699.7836964777093,2702.091796875,627554
2023-04-10,2702.2358860809027,2669.87646484375,1215461
2023-04-11,2683.0030838955226,2648.19140625,1246379
2023-04-12,2649.8742575624274,2679.877685546875,2235399
2023-04-13,2679.8295299675724,2701.99560546875,602597
2023-04-17,2716.6606950352148,2734.066650390625,754555
2023-04-18,2738.7787495546268,2745.125732421875,717724
2023-04-19,2727.575618880377,2701.947509765625,799624
2023-04-20,2711.8524004563715,2734.787841796875,761101
2023-04-21,2737.913301163721,2771.571044921875,894930
2023-04-24,2771.5707384994184,2780.2255859375,782967
2023-04-25,2780.177908472393,2786.861328125,636120
2023-04-26,2785.851545281775,2798.401123046875,569221
2023-04-27,2803.6900296720164,2788.736328125,599461
2023-04-28,2807.9693294657254,2791.04443359375,1080665
2023-05-02,2799.3145207722773,2788.351806640625,663800
2023-05-03,2806.0939597673378,2817.34521484375,1237193
2023-05-04,2834.9432024904086,2868.456787109375,1008540
2023-05-05,2857.061186805686,2897.40234375,1326561
2023-05-08,2899.3740258368857,2903.6533203125,941879
2023-05-09,2900.384104206165,2918.4150390625,1025850
2023-05-10,2926.252078687047,2924.761474609375,751851
2023-05-11,2935.003206480099,3019.33984375,3229605
2023-05-12,3018.618667887825,3011.021728515625,1998170
2023-05-15,3014.003033971288,3011.887451171875,810281
2023-05-16,3011.8872601091457,3017.75341796875,822404
2023-05-17,3015.733901438223,2973.85400390625,835371
2023-05-18,2986.547632598307,2989.8173828125,498067
2023-05-19,3004.193693368172,2966.160400390625,633262
2023-05-22,2952.2650171141404,2966.593505859375,659425
2023-05-23,2968.612790758989,3000.92431640625,581204
2023-05-24,2995.538666789885,2982.556396484375,439465
2023-05-25,2982.556563353887,3003.760986328125,500313
2023-05-26,3003.232233977315,3008.425048828125,568249
2023-05-29,3026.5038035937155,3017.07958984375,535712
2023-05-30,3026.2154035918184,3023.811279296875,506026
2023-05-31,3031.0721131103774,3070.499755859375,2349066
2023-06-01,3111.2735277350735,3116.418212890625,1104861
2023-06-02,3115.16803894423,3113.1005859375,781973
2023-06-05,3115.697091740736,3077.038818359375,492565
2023-06-06,3084.7317906163676,3089.5400390625,577698
2023-06-07,3093.627258790951,3101.128173828125,470038
2023-06-08,3096.5123562631334,3089.0595703125,561161
2023-06-09,3107.258931172055,3078.943359375,1239045
2023-06-12,3083.4447367462963,3092.689697265625,1029156
2023-06-13,3107.4525228300304,3158.6142578125,1598821
2023-06-14,3160.695415939049,3165.729248046875,741615
2023-06-15,3171.344029617469,3189.10791015625,806994
2023-06-16,3186.5906743156725,3210.888916015625,984671
2023-06-19,3212.8248735046463,3203.967041015625,516915
2023-06-20,3209.09818003523,3212.679931640625,866290
2023-06-21,3212.680128176389,3210.163330078125,742456
2023-06-22,3218.778550126191,3144.286865234375,871640
2023-06-23,3160.6957611835724,3192.35107421875,1260659
2023-06-26,3189.7367419123966,3202.466552734375,592801
2023-06-27,3170.376084098885,3219.746826171875,914141
2023-06-28,3224.586961895323,3241.285888671875,713110
2023-06-30,3245.8843296802106,3254.645263671875,1436363
2023-07-03,3257.5006409354787,3251.40185546875,474224
2023-07-04,3251.4020089767873,3240.75341796875,473663
2023-07-05,3244.2868928727444,3266.600341796875,632406
2023-07-06,3301.0629769931534,3290.801513671875,693995
2023-07-07,3276.861768520922,3236.881103515625,620761
2023-07-10,3238.1396266941015,3236.3486328125,548838
2023-07-11,3242.9317128751295,3284.1708984375,772158
2023-07-12,3299.1270593307404,3297.9169921875,1025127
2023-07-13,3315.583731386482,3289.978759765625,750126
2023-07-14,3289.9789011772295,3320.18212890625,832843
2023-07-17,3320.1822751036807,3349.85302734375,817694
2023-07-18,3349.4660689728107,3401.20849609375,962485
2023-07-19,3407.549054925373,3402.369873046875,620289
2023-07-20,3397.9170122859296,3413.357421875,589848
2023-07-21,3422.989490083977,3405.322509765625,857975
2023-07-24,3393.996606681573,3430.4921875,680246
2023-07-25,3434.557953840447,3291.77001953125,2555630
2023-07-26,3291.2374534662067,3265.2451171875,959076
2023-07-27,3281.702010323553,3261.760009765625,874078
2023-07-28,3267.1814858355306,3282.3798828125,553750
2023-07-31,3217.036288743724,3269.45654296875,933890
2023-08-01,3264.2770362038286,3236.155029296875,698667
2023-08-02,3234.4610548979526,3255.4677734375,857218
2023-08-03,3262.341026322125,3229.76611328125,711067
2023-08-04,3231.5086126976757,3232.960693359375,519248
2023-08-07,3210.114612575245,3236.20361328125,360358
2023-08-08,3236.204054175949,3241.0927734375,500258
2023-08-09,3226.087444584064,3224.5869140625,643222
2023-08-10,3204.257952421719,3134.461181640625,1253219
2023-08-11,3134.461371231536,3083.59033203125,919023
2023-08-14,3083.5901351605353,3100.2890625,815534
2023-08-16,3092.83466672959,3092.011962890625,597686
2023-08-17,3120.9081724220873,3081.556884765625,873392
2023-08-18,3073.473840825406,3062.486572265625,592652
2023-08-21,3058.9531481040435,3080.6376953125,353330
2023-08-22,3096.416964003615,3078.12060546875,377068
2023-08-23,3084.2188343764606,3067.568359375,370811
2023-08-24,3083.251123329916,3122.55419921875,1167742
2023-08-25,3121.8765425176366,3155.177734375,1363431
2023-08-28,3160.646979349499,3155.564697265625,707315
2023-08-29,3156.8234930202916,3180.734375,533163
2023-08-30,3195.835782269961,3189.446533203125,599080
2023-08-31,3194.625748003782,3152.079833984375,1601967
2023-09-01,3137.5586476298336,3155.419189453125,650131
2023-09-04,3155.419814664049,3132.1865234375,696213
2023-09-05,3141.3343554018793,3120.32763671875,597022
2023-09-06,3106.4845920721555,3122.263916015625,754106
2023-09-07,3122.2637789004534,3142.641357421875,923108
2023-09-08,3146.7073620886035,3134.606689453125,395918
2023-09-11,3138.4298870559323,3155.27392578125,359345
2023-09-12,3155.855182938485,3152.805908203125,554905
2023-09-13,3141.3340848542016,3173.037841796875,880907
2023-09-14,3177.1525743094667,3136.736328125,1102554
2023-09-15,3131.6537630414164,3094.52880859375,1568607
2023-09-18,3097.771819930016,3103.87060546875,673602
2023-09-20,3103.87069449248,3111.66357421875,901084
2023-09-21,3107.452183106525,3140.5595703125,845739
2023-09-22,3131.6049877904647,3170.23046875,896521
2023-09-25,3167.762424090462,3217.084716796875,1422084
2023-09-26,3216.8425977339143,3187.607421875,834560
2023-09-27,3182.961121837173,3196.3203125,516326
2023-09-28,3176.9588803402457,3069.0693359375,2104381
2023-09-29,3092.9317843585804,3060.06640625,1550585
2023-10-03,3064.9551120218666,3065.68115234375,1219145
2023-10-04,3063.841482278708,3068.63330078125,892584
2023-10-05,3107.452955957602,3103.82275390625,1002610
2023-10-06,3112.0509813486724,3093.657958984375,814257
2023-10-09,3039.7371489803686,3052.079833984375,700012
2023-10-10,3049.36920848703,3050.8212890625,847367
2023-10-11,3067.762119488548,3062.824951171875,1025317
2023-10-12,3084.219016182324,3058.178466796875,992531
2023-10-13,3049.369380929693,3048.207763671875,854688
2023-10-16,3024.1997863490087,3012.631591796875,853011
2023-10-17,3036.7843069697324,3014.08349609375,792640
2023-10-18,3010.6469598540857,2997.52978515625,481985
2023-10-19,2989.0593328028485,3002.708984375,568124
2023-10-20,2993.706027412357,3006.629638671875,711434
2023-10-23,2997.1428236581655,2973.861083984375,374476
2023-10-25,2994.577454241571,2963.01904296875,669290
2023-10-26,2953.629069400734,2865.729736328125,1834111
2023-10-27,2839.1077950476692,2860.74365234375,1708185
2023-10-30,2878.9917319181172,2872.312255859375,878885
2023-10-31,2874.151547624374,2899.99853515625,1152306
2023-11-01,2902.1767607496417,2840.80224609375,1029990
2023-11-02,2866.4557297170727,2860.986083984375,900125
2023-11-03,2867.531970914157,2887.751220703125,715997
2023-11-06,2907.2910239536336,2937.64404296875,620959
2023-11-07,2937.6445123163226,2941.572021484375,757998
2023-11-08,2965.476169067018,3001.59912109375,783400
2023-11-09,3006.204875060823,2987.00390625,849702
2023-11-10,2977.1128768597823,2983.36767578125,364232
2023-11-13,3004.2659379372017,2992.2412109375,405941
2023-11-15,2992.338100229666,3021.915283203125,700017
2023-11-16,3024.6304723496687,3035.588623046875,675454
2023-11-17,3054.692205142539,3073.020263671875,1430175
2023-11-20,3073.0207099724457,3045.334716796875,406431
2023-11-21,3061.3835608228896,3038.44921875,409069
2023-11-22,3044.994747820579,3038.20654296875,489889
2023-11-23,3052.752817610115,3028.460693359375,792460
2023-11-24,3023.6607219397665,3041.261474609375,756329
2023-11-28,3046.1101855815314,3053.092529296875,647883
2023-11-29,3053.092529296875,3053.092529296875,620725
2023-11-30,3053.092324207333,3025.5029296875,1793116
2023-12-01,3051.734606209418,3077.38427734375,960196
2023-12-04,3093.4823942173853,3097.894775390625,1018189
2023-12-05,3100.270253928952,3128.63525390625,1005550
2023-12-06,3166.2129091169077,3154.1396484375,1229158
2023-12-07,3184.638050755092,3153.412353515625,1071725
2023-12-08,3156.5155293681837,3134.21142578125,895852
2023-12-11,3132.271921456948,3135.18115234375,910426
2023-12-12,3130.3323307523838,3127.1806640625,1019030
2023-12-13,3141.969075695526,3145.508544921875,1052079
2023-12-14,3156.5157152788706,3143.27880859375,923107
2023-12-15,3151.666777910927,3213.63330078125,1631687
2023-12-18,3212.7607111243583,3231.234375,911936
2023-12-19,3235.015968052263,3235.113037109375,780448
2023-12-20,3235.1133062348345,3197.39013671875,979762
2023-12-21,3180.7593221110715,3203.014892578125,1585879
2023-12-22,3209.754254538738,3240.204345703125,930563
2023-12-26,3248.592598711836,3280.982177734375,600190
2023-12-27,3278.751697620791,3301.443603515625,837182
2023-12-28,3301.9771833347513,3294.461669921875,779250
2023-12-29,3306.8257125492332,3299.45556640625,615676
2024-01-01,3300.037327253673,3293.34619140625,283951
2024-01-02,3293.2492031873944,3288.739990234375,552394
2024-01-03,3288.7400484880545,3271.527099609375,379131
2024-01-04,3269.9754002286145,3277.684814453125,777127
2024-01-05,3277.684842563503,3254.023193359375,416956
2024-01-08,3253.489879088804,3198.602294921875,545884
2024-01-09,3209.8515572697493,3168.637451171875,670704
2024-01-10,3192.395940321496,3187.40185546875,691087
2024-01-11,3187.401681619317,3188.710693359375,537469
2024-01-12,3195.2567410515367,3178.625732421875,673004
2024-01-15,3182.892669922018,3174.84375,728116
2024-01-16,3175.8616370618724,3197.1474609375,748215
2024-01-17,3194.432720669861,3144.199951171875,2239241
2024-01-18,3159.3762703727252,3068.12353515625,1979174
2024-01-19,3081.6513773940833,3070.06298828125,936201
2024-01-23,2994.132052495245,2962.27587890625,2365225
2024-01-24,2962.5665675843725,2908.697265625,2665932
2024-01-25,2918.977015287565,2859.968017578125,2001961
2024-01-29,2851.0946029094966,2886.00537109375,1862723
2024-01-30,2899.5334278678156,2864.7197265625,1273188
2024-01-31,2876.2595168081757,2868.356201171875,1771244
2024-02-01,2871.4107960600127,2840.718505859375,3006472
2024-02-02,2860.7434469782165,2847.4580078125,1881911
2024-02-05,2860.743576323829,2829.08154296875,923435
2024-02-06,2842.3185540630784,2842.27001953125,1471312
2024-02-07,2867.532199718446,2890.951416015625,1134012
2024-02-08,2908.9883561526253,2840.9609375,1633654
2024-02-09,2841.3486523278243,2862.343505859375,1144765
2024-02-12,2862.34362013218,2864.4287109375,614469
2024-02-13,2875.24149212852,2881.6904296875,717118
2024-02-14,2880.0413932275264,2886.3447265625,750339
2024-02-15,2889.8360954529085,2925.2802734375,1068730
2024-02-16,2943.1717471196857,2916.8916015625,1179473
2024-02-19,2916.8917257612716,2907.388427734375,560700
2024-02-20,2907.3884834763026,2920.5283203125,729371
2024-02-21,2920.916435003258,2910.9765625,927130
2024-02-22,2892.7449215042634,2926.10400390625,2615821
2024-02-23,2908.2609135999974,2895.605712890625,1650523
2024-02-26,2831.651216924156,2781.660888671875,3524491
2024-02-27,2768.618136594609,2773.030517578125,1296180
2024-02-28,2763.91447910018,2709.802978515625,2472196
2024-02-29,2700.736085004787,2736.51953125,2284424
2024-03-01,2747.1863994399687,2746.0712890625,978174
2024-03-04,2773.466544263706,2746.0712890625,971299
2024-03-05,2748.2533046500116,2735.064697265625,736381
2024-03-06,2742.386830542048,2741.756591796875,1723066
2024-03-07,2739.5258821547245,2783.69775390625,1564364
2024-03-11,2807.9410421784773,2789.806884765625,866546
2024-03-12,2792.8615372078593,2789.1279296875,663186
2024-03-13,2791.5040193551395,2773.612060546875,955841
2024-03-14,2773.4667352542356,2804.740966796875,1381741
2024-03-15,2807.4077447632003,2780.788330078125,1356226
2024-03-18,2779.2852449348434,2760.375244140625,940424
2024-03-19,2754.071813817955,2729.92529296875,1199135
2024-03-20,2729.92516938527,2739.428466796875,818910
2024-03-21,2758.9207173597174,2735.792236328125,1167680
2024-03-22,2735.7919907431437,2755.5263671875,1652689
2024-03-26,2734.676992569742,2729.48876953125,1372390
2024-03-27,2732.689044958457,2744.859375,1156231
2024-03-28,2749.271479535796,2760.617431640625,1864623
2024-04-01,2774.388305406668,2784.13427734375,558086
2024-04-02,2787.091693705646,2787.237060546875,562473
2024-04-03,2758.920341758575,2782.53369140625,816676
2024-04-04,2783.1642642313786,2830.0029296875,1831347
2024-04-05,2835.5301801066853,2796.20703125,1155672
2024-04-08,2820.014432999438,2804.49853515625,570695
2024-04-09,2805.468531437459,2770.703125,1017670
2024-04-10,2796.0617324305517,2809.104736328125,740495
2024-04-12,2802.5592010011605,2768.13330078125,1766311
2024-04-15,2744.5680682464504,2758.33837890625,884519
2024-04-16,2742.0955194544877,2744.37451171875,911249
2024-04-18,2768.6179424797824,2722.7490234375,1732434
2024-04-19,2705.5846948592125,2723.573486328125,1337807
2024-04-22,2760.4724934830674,2755.8662109375,676040
2024-04-23,2765.7087378212045,2787.915771484375,929062
2024-04-24,2795.7222329384263,2780.982177734375,718441
2024-04-25,2778.3156843407432,2774.873046875,1594152
2024-04-26,2783.1644047651953,2758.096435546875,625507
2024-04-29,2758.096318941406,2781.418701171875,566219
2024-04-30,2768.6181940673123,2788.8857421875,1290649
2024-05-02,2788.1101426631776,2885.375244140625,2493406
2024-05-03,2892.7938289667563,2841.1064453125,1594445
2024-05-06,2860.7436116610656,2843.43359375,768806
2024-05-07,2857.8343186959587,2824.863037109375,629534
2024-05-08,2812.2563863770683,2757.27197265625,1652877
2024-05-09,2742.4349736995487,2628.102294921875,3547959
2024-05-10,2617.337882872406,2687.40185546875,2478584
2024-05-13,2687.4019679044427,2792.13427734375,2748823
2024-05-14,2791.891964650014,2779.4306640625,999330
2024-05-15,2779.4303847250108,2728.5673828125,1230520
2024-05-16,2735.695187516133,2728.906982421875,1534319
2024-05-17,2729.440552885526,2724.882568359375,1325150
2024-05-21,2729.8282801441287,2765.514892578125,921822
2024-05-22,2765.514753233113,2798.4375,933846
2024-05-23,2797.710373338625,2815.89306640625,1181894
2024-05-24,2822.147872237353,2787.7705078125,755822
2024-05-27,2800.522389040641,2785.39453125,817091
2024-05-28,2788.8371385176015,2823.117431640625,1084544
2024-05-29,2808.377514160687,2812.40185546875,1758297
2024-05-30,2788.255420566247,2796.44970703125,1344426
2024-05-31,2796.449749779151,2794.025390625,2520363
2024-06-03,2860.7438102052647,2779.7216796875,952701
2024-06-04,2792.8616086173574,2771.187744140625,2683847
2024-06-05,2777.83037986443,2872.137939453125,2410576
2024-06-06,2870.4409298288183,2816.9111328125,1689408
2024-06-07,2816.9113735429746,2839.118408203125,1600180
2024-06-10,2839.409554607821,2848.670654296875,876867
2024-06-11,2854.1535631056568,2841.865478515625,855430
2024-06-12,2848.2786644471253,2845.1455078125,1701770
2024-06-13,2867.861214024914,2849.2578125,726380
2024-06-14,2849.258004220651,2860.615966796875,982815
2024-06-18,2860.615709642566,2857.580322265625,741098
2024-06-19,2857.0909166126817,2831.33984375,1018294
2024-06-20,2824.7797107124097,2854.64306640625,1129752
2024-06-21,2863.9448853729464,2830.5078125,1722379
2024-06-24,2822.821473482917,2835.59912109375,892125
2024-06-25,2815.9676524449383,2798.783935546875,1217792
2024-06-26,2800.49715152515,2803.58154296875,960622
2024-06-27,2801.035772869438,2820.71630859375,1628022
2024-06-28,2805.1970688227893,2856.16064453125,1206712
2024-07-01,2828.9899134548477,2866.686279296875,1104110
2024-07-02,2866.6862567847948,2864.5322265625,1064295
2024-07-03,2868.5464330503564,2864.483154296875,925189
2024-07-04,2878.631824212755,2873.63818359375,968666
2024-07-05,2875.840851291771,2874.616943359375,817429
2024-07-08,2874.6172975500676,2837.6552734375,828260
2024-07-09,2848.229806311816,2844.3623046875,685431
2024-07-10,2839.5156288199328,2933.9033203125,2299950
2024-07-11,2936.4000827414584,2958.968994140625,1968980
2024-07-12,2961.8573882996466,2936.546875,1879930
2024-07-15,2936.399980049256,2894.787109375,2425341
2024-07-16,2897.23485048895,2912.3623046875,2085611
2024-07-18,2814.9882670425613,2870.35791015625,5384611
2024-07-19,2863.944761097209,2884.555419921875,2164746
2024-07-22,2875.694374848,2873.05078125,1616347
2024-07-23,2873.05065164211,2836.627197265625,1906312
2024-07-24,2840.4457720414903,2851.99951171875,1476148
2024-07-25,2831.682713411636,2840.83740234375,1239922
2024-07-26,2841.620518197821,2888.569580078125,1359780
2024-07-29,2891.4089512946493,2893.0244140625,854408
2024-07-30,2911.4322458491706,2942.32373046875,2144591
2024-07-31,2942.3238649463924,3020.06640625,3549501
2024-08-01,3023.5420940220424,3034.6552734375,1675122
2024-08-02,3005.917917133954,3041.851806640625,1348780
2024-08-05,3005.8691229684673,3028.82958984375,2019141
2024-08-06,3036.9563669638774,3037.00537109375,885743
2024-08-07,3037.005455664756,3036.711669921875,1907105
2024-08-08,3015.709431867347,2942.66650390625,1280109
2024-08-09,2975.565138075225,2977.1318359375,1665414
2024-08-12,2956.961800531541,2989.46875,1736881
2024-08-13,2991.1329674036683,2960.4375,502260
2024-08-14,2971.452585827257,2962.689453125,454671
2024-08-16,2990.25191061881,2984.52392578125,514229
2024-08-19,2990.2028563319955,3012.08642578125,542858
2024-08-20,3031.3756300101954,3038.42529296875,668282
2024-08-21,3036.270981564519,3085.765869140625,1186536
2024-08-22,3100.8930131469406,3120.083984375,1540888
2024-08-23,3123.4132395089528,3088.801025390625,779284
2024-08-26,3089.144018599137,3105.15283203125,472874
2024-08-27,3088.1648125822408,3100.110107421875,1003501
2024-08-28,3087.136492989098,3060.259521484375,538366
2024-08-29,3060.25975402824,3050.811279296875,849866
2024-08-30,3064.714631498317,3061.532470703125,1567031
2024-09-02,3082.289847640968,3085.17822265625,702358
2024-09-03,3098.8863486133573,3088.997314453125,577471
2024-09-04,3089.633226870345,3164.193603515625,2379110
2024-09-05,3172.369477027523,3170.656005859375,1482119
2024-09-06,3170.411203009902,3205.365966796875,2131256
2024-09-09,3205.366153811696,3212.26904296875,1272289
2024-09-10,3221.325627893106,3226.270263671875,928920
2024-09-11,3245.8038069828517,3297.158935546875,2561892
2024-09-12,3299.6559697244697,3312.62939453125,1643536
2024-09-13,3285.5077503235552,3287.95556640625,1029400
2024-09-16,3289.8647331560865,3266.169921875,1019280
2024-09-17,3266.169808964826,3243.64990234375,586834
2024-09-18,3243.6499578437183,3206.296142578125,410510
2024-09-19,3225.242476472415,3225.095703125,963456
2024-09-20,3235.033500041011,3237.921875,1504277
2024-09-23,3247.713335439624,3209.037841796875,522775
2024-09-24,3209.0379092276316,3180.59423828125,1057933
2024-09-25,3184.118929797654,3177.020263671875,740636
2024-09-26,3182.1608231130963,3208.646240234375,951080
2024-09-27,3222.2560711777446,3241.642822265625,1315996
2024-09-30,3241.6427978407737,3259.60986328125,1088162
2024-10-01,3247.7622068074065,3208.93994140625,968660
2024-10-03,3125.6651783140173,3083.562744140625,1741363
2024-10-04,3069.5613688879425,3008.365966796875,1551818
2024-10-07,3010.813940806392,2998.330078125,909812
2024-10-08,2994.168512647157,3023.59130859375,817718
2024-10-09,3030.9348596195773,3014.58349609375,1225598
2024-10-10,3025.549519128867,2995.24560546875,1161933
2024-10-11,2995.3432698461725,2973.802490234375,976017
2024-10-14,2973.606887912446,2975.7119140625,716011
2024-10-15,3010.813616059169,3003.07861328125,1242322
2024-10-16,3023.542130633647,3017.765380859375,764001
2024-10-17,3018.54865419464,2992.0634765625,674481
2024-10-18,2993.1893117782324,2929.69287109375,899318
2024-10-21,2944.2819221487002,2985.552001953125,806970
2024-10-22,2990.252141716124,2944.08642578125,541838
2024-10-23,2937.330235187458,2927.294189453125,624689
2024-10-24,2927.2941122931275,2909.963623046875,571259
2024-10-25,2913.3905711867183,2896.255859375,1047769
2024-10-28,2925.531426332607,2939.1904296875,504961
2024-10-29,2956.961849342435,2930.378662109375,613459
2024-10-30,2943.254048832852,2934.09912109375,812725
2024-10-31,2931.700461870474,2874.37255859375,1031171
2024-11-01,2896.2559119507614,2878.48486328125,112249
2024-11-04,2900.3191944222995,2854.447265625,1146008
2024-11-05,2834.570963847689,2827.03173828125,935417
2024-11-06,2830.164647076376,2836.82275390625,1817087
2024-11-07,2839.4664984128735,2783.509521484375,1112489
2024-11-08,2783.5096238329847,2711.6416015625,2060410
2024-11-11,2511.508133350377,2490.016357421875,8854840
2024-11-12,2482.0852716971294,2423.19091796875,3445898
2024-11-13,2418.442321542641,2418.931884765625,1803766
2024-11-14,2430.9750761395044,2431.317626953125,1206967
2024-11-18,2467.398537436715,2431.856201171875,945471
2024-11-19,2440.2421664298527,2436.024658203125,941508
2024-11-21,2407.5811834490764,2381.540771484375,1377572
2024-11-22,2383.355450368951,2424.745361328125,3805843
2024-11-25,2456.915853815773,2412.4853515625,1857124
2024-11-26,2412.6813837689556,2456.915771484375,1152258
2024-11-27,2469.1758347995096,2444.067138671875,864653
2024-11-28,2452.01165097183,2410.866943359375,1506133
2024-11-29,2410.867028896604,2432.00341796875,1030854
2024-12-02,2432.0031134525316,2431.463623046875,914624
2024-12-03,2446.126914769866,2421.9990234375,1341985
2024-12-04,2431.3165931156605,2412.239990234375,1005012
2024-12-05,2417.6834979870496,2405.129150390625,3190834
2024-12-06,2420.6256535461885,2383.060791015625,1735948
2024-12-09,2391.34905763415,2345.93798828125,2301281
2024-12-10,2353.8332861296994,2343.04443359375,1657888
2024-12-11,2353.686000121601,2370.899169921875,1337700
2024-12-12,2366.681953292519,2343.68212890625,1089028
2024-12-13,2343.681904879696,2361.434326171875,1150861
2024-12-16,2373.4981336387937,2356.137939453125,987775
2024-12-17,2342.161629383754,2310.77587890625,1258218
2024-12-18,2311.560451235801,2300.42822265625,855682
2024-12-19,2280.3707553024697,2247.857177734375,2784409
2024-12-20,2252.9082428785946,2238.53955078125,1719502
2024-12-23,2255.8507361549114,2235.449951171875,855647
2024-12-24,2238.2945258159666,2240.157958984375,601558
2024-12-26,2240.1578889777365,2218.972412109375,1267334
2024-12-27,2226.6719750111083,2227.7998046875,821790
2024-12-30,2236.47997820152,2244.326416015625,1076940
2024-12-31,2236.234655799564,2237.558837890625,685486
2025-01-01,2236.2346377260815,2260.411376953125,1067328
2025-01-02,2269.582212747053,2298.270751953125,1342922
2025-01-03,2299.0061211003162,2291.110595703125,1355319
2025-01-06,2291.110760965597,2223.63134765625,1190987
2025-01-07,2228.3881024312896,2248.5927734375,740798
2025-01-08,2243.1493945831817,2289.54150390625,1439632
2025-01-09,2296.9464313017265,2305.087158203125,1362304
2025-01-10,2290.7676831221484,2276.20263671875,1214334
2025-01-13,2247.759228497601,2209.40966796875,1181928
2025-01-14,2225.445792649132,2196.953369140625,1316807
2025-01-15,2205.829724693855,2186.900146484375,1308999
2025-01-16,2196.0217797097066,2173.071044921875,1936087
2025-01-17,2182.9278242686637,2217.599365234375,878848
2025-01-20,2228.6334431540586,2236.774169921875,555716
2025-01-21,2236.774120348776,2216.9619140625,1410294
2025-01-22,2226.426483358484,2218.67822265625,835523
2025-01-23,2218.678318741337,2232.65478515625,1142465
2025-01-24,2239.177084297799,2218.972412109375,543202
2025-01-27,2212.0090885109144,2208.281982421875,1097939
2025-01-28,2216.6186643968203,2198.76806640625,897501
2025-01-29,2198.768227234155,2180.47607421875,1281088
2025-01-30,2180.47565563555,2206.663330078125,1155718
2025-01-31,2211.714594967762,2256.635498046875,1292909
2025-02-01,2267.6203918669285,2306.018798828125,1318619
2025-02-03,2306.01881117763,2248.24951171875,1070382
2025-02-04,2260.4115281362806,2309.15771484375,5373733
2025-02-05,2225.445914083573,2231.52685546875,3474642
2025-02-06,2243.296570015997,2219.953369140625,1285954
2025-02-07,2222.503447209723,2227.407470703125,1336756
2025-02-10,2227.4568426232345,2226.573974609375,1181565
2025-02-11,2235.2540313135382,2197.83642578125,1607942
2025-02-12,2198.8170667681698,2185.47802734375,1181706
2025-02-13,2185.4779733870987,2193.471435546875,921923
2025-02-14,2193.4716872063455,2188.4697265625,1380052
2025-02-17,2188.469507921254,2207.644287109375,923900
2025-02-18,2204.848709413096,2194.6484375,735853
2025-02-19,2194.6486660146306,2196.119873046875,645234
2025-02-20,2196.119704103747,2205.878662109375,637442
2025-02-21,2205.8789641005346,2214.264892578125,755585
2025-02-24,2202.788962681297,2203.083251953125,765042
2025-02-25,2203.083378069052,2182.045166015625,947702
2025-02-27,2171.501580547716,2171.158203125,1027196
2025-02-28,2167.578276205342,2137.908935546875,1701193
2025-03-03,2137.909023945707,2124.815185546875,959068
2025-03-04,2112.7024437231626,2091.173828125,2180989
2025-03-05,2091.0756230738875,2122.6083984375,1535212
2025-03-06,2147.8151560567817,2224.170654296875,1985096
2025-03-07,2224.170859021657,2226.4267578125,921429
2025-03-10,2226.426799709337,2234.86181640625,1072395
2025-03-11,2230.3499879925585,2243.49267578125,601228
2025-03-12,2243.4925997474033,2208.085693359375,749216
2025-03-13,2211.959952863452,2188.4697265625,747470
2025-03-17,2162.6743124205764,2176.945068359375,838015
2025-03-18,2176.945068359375,2176.945068359375,0
2025-03-19,2230.3497992399066,2236.921142578125,663292
2025-03-20,2246.0426876775055,2243.29638671875,1166849
2025-03-21,2247.661122450764,2256.2431640625,1624115
2025-03-24,2258.204432777234,2277.918701171875,1100353
2025-03-25,2280.3708711612076,2286.010498046875,1828005
2025-03-26,2295.082805937436,2278.55615234375,1934287
2025-03-27,2270.562798884561,2293.219482421875,1497861
2025-03-28,2298.957162432758,2295.720458984375,1281871
2025-04-01,2297.04437666977,2271.54345703125,970583
2025-04-02,2283.3133228295655,2262.373046875,792693
2025-04-03,2250.946809784164,2304.302490234375,608846
2025-04-04,2304.302456272972,2310.824951171875,1163188
2025-04-07,2147.9623364340778,2296.4072265625,1745817
2025-04-08,2310.77598236216,2348.24267578125,1876867
2025-04-09,2353.9313107339253,2364.8671875,1186937
2025-04-11,2392.673138188117,2347.654296875,968152
2025-04-15,2368.5451423440904,2369.329833984375,1141122
2025-04-16,2358.9334902486225,2412.681396484375,1166695
2025-04-17,2412.68115105389,2420.527587890625,885840
2025-04-21,2418.566104331728,2398.0673828125,541913
2025-04-22,2398.067354904978,2385.31689453125,543647
2025-04-23,2390.2211549122017,2406.01220703125,744684
2025-04-24,2402.9714790163284,2417.094970703125,1203452
2025-04-25,2416.9968230680265,2384.924560546875,702217
2025-04-28,2373.4491118364936,2405.129150390625,554920
2025-04-29,2412.7796033071086,2404.050537109375,1235066
2025-04-30,2402.9715418199903,2379.137939453125,1479669
2025-05-02,2378.451327881872,2363.7392578125,744673
2025-05-05,2376.5878898620194,2390.122802734375,1229588
2025-05-06,2395.125005452272,2371.585693359375,702802
2025-05-07,2342.1616652061393,2289.29638671875,1711738
2025-05-08,2277.428393301136,2258.40087890625,2292261
2025-05-09,2203.4758490175027,2255.45849609375,1503010
2025-05-12,2285.2748219143054,2311.16796875,940135
2025-05-13,2308.8143229020616,2279.978759765625,1220489
2025-05-14,2274.4859609248783,2238.490478515625,1549845
2025-05-15,2241.1387228905814,2285.1767578125,1675015
2025-05-16,2289.100074305544,2308.422119140625,785113
2025-05-19,2308.4222512773326,2286.648193359375,552961
2025-05-20,2302.438819676483,2251.53515625,1095824
2025-05-21,2251.92759399425,2268.0126953125,469330
2025-05-22,2264.8739640972276,2255.06591796875,916504
2025-05-23,2257.6162465132484,2271.05322265625,458035
2025-05-26,2271.5436001154403,2282.528564453125,1258062
2025-05-27,2268.69947425945,2282.921142578125,2485428
2025-05-28,2282.921282051625,2258.989501953125,774808
2025-05-29,2258.989319887841,2250.26025390625,1414643
2025-05-30,2252.4180854797987,2215.736083984375,3610431
2025-06-02,2215.7362127619917,2223.190185546875,702789
2025-06-03,2228.976866217975,2212.401123046875,792587
2025-06-04,2206.3202363485334,2205.829833984375,768079
2025-06-05,2207.889514094768,2200.435302734375,996614
2025-06-06,2205.92782084708,2202.1025390625,822087
2025-06-09,2197.002471273643,2204.750732421875,1041851
2025-06-10,2217.272486211869,2196.386474609375,1809051
2025-06-11,2186.5870825870197,2186.38916015625,1430888
2025-06-12,2201.4350162837427,2196.881591796875,3417373
2025-06-13,2152.932151905266,2191.734375,1786807
2025-06-16,2191.7340611070726,2222.023681640625,1301826
2025-06-17,2208.3639365023105,2241.821044921875,1540986
2025-06-18,2234.1001045094,2258.25244140625,1131156
2025-06-19,2246.9679887290563,2244.98828125,524926
2025-06-20,2243.9985712801026,2262.5087890625,1945026
2025-06-23,2238.257208868643,2241.1279296875,596186
2025-06-24,2281.612964421652,2252.21435546875,1044179
2025-06-25,2253.006327022203,2256.767578125,807368
2025-06-26,2263.7954998714686,2266.567138671875,921519
2025-06-27,2259.836183469298,2334.76806640625,1555059
2025-06-30,2338.0347724395892,2317.346923828125,785414
2025-07-01,2356.3471327824136,2345.458740234375,1232160
2025-07-02,2316.2577601988805,2394.85205078125,1936030
2025-07-03,2404.255888029121,2406.235595703125,1547480
2025-07-04,2406.2354877025405,2399.603515625,602309
2025-07-07,2398.7127436249625,2418.014892578125,869054
2025-07-08,2415.7382195225628,2459.390869140625,1136367
2025-07-09,2494.926593821461,2473.545654296875,2328636
2025-07-10,2481.8604847719294,2426.32958984375,932859
2025-07-11,2422.6672511448596,2414.451416015625,1050411
2025-07-14,2406.4338435041236,2377.233154296875,891618
2025-07-15,2385.448593665743,2369.215087890625,610228
2025-07-16,2356.842035799594,2386.042724609375,1200909
2025-07-17,2379.707736082246,2374.560302734375,526163
2025-07-18,2376.2430711148772,2358.2275390625,599552
2025-07-21,2358.22756047867,2351.298583984375,390931
2025-07-22,2351.298608817401,2341.2021484375,411317
2025-07-23,2339.0244937170323,2351.298583984375,368999
2025-07-24,2351.298753078445,2328.2353515625,506960
2025-07-25,2316.25783056356,2312.496337890625,383636
2025-07-28,2312.496455208657,2335.6591796875,650364
2025-07-29,2335.065004538179,2377.1337890625,1742815
2025-07-30,2384.5577642993003,2391.288818359375,1685818
2025-07-31,2377.0348502382585,2371.788818359375,1274735
2025-08-01,2353.872223766583,2406.33447265625,2225293
2025-08-04,2418.4107160183803,2424.94384765625,1165898
2025-08-05,2436.920867898437,2412.07568359375,659094
2025-08-06,2415.243360050098,2465.923828125,2019109
2025-08-07,2458.8959745801,2481.068603515625,1502806
2025-08-08,2481.0685636610756,2450.482177734375,1178226
2025-08-11,2438.9007055038905,2463.84521484375,721135
2025-08-12,2463.8452548090927,2453.15478515625,608984
2025-08-13,2454.639355735753,2474.832275390625,350844
2025-08-14,2479.583726564812,2503.043212890625,1088550
2025-08-18,2524.127268472607,2561.147705078125,1755615
2025-08-19,2561.1475900561763,2553.228759765625,698587
2025-08-20,2551.8429412384953,2544.023193359375,308028
2025-08-21,2548.7744310291314,2540.558837890625,781082
2025-08-22,2536.797392644195,2479.0888671875,523774
2025-08-25,2490.4721647945858,2467.6064453125,766497
2025-08-26,2455.9263817194274,2456.22314453125,7106393
2025-08-28,2439.989602689333,2463.74609375,1485769
2025-08-29,2465.725836660952,2493.0458984375,1798653
2025-09-01,2492.451991866285,2544.122314453125,1314833
2025-09-02,2542.9342742679623,2514.228515625,1024054
2025-09-03,2504.330139433277,2527.987548828125,925847
2025-09-04,2527.9875299885935,2542.53857421875,933071
2025-09-05,2538.9751511033596,2553.723876953125,1153436
2025-09-08,2553.7237473782398,2505.1220703125,742880
2025-09-09,2514.2287093319874,2511.55615234375,702450
2025-09-10,2511.5559946250305,2517.4951171875,520584
2025-09-11,2515.21855988452,2529.96728515625,423961
2025-09-12,2534.0257928242045,2520.46484375,547539
2025-09-15,2509.378500912947,2477.208251953125,583051
2025-09-16,2469.6850616320035,2455.72802734375,760790
2025-09-17,2456.816916665378,2468.29931640625,359627
2025-09-18,2472.555681514996,2453.550537109375,400796
2025-09-19,2449.8880476944364,2456.52001953125,3731525
2025-09-22,2468.794488216161,2457.510009765625,872806
2025-09-23,2447.017505402264,2422.072998046875,1332111
2025-09-24,2421.182484191517,2432.268798828125,637749
2025-09-25,2433.5554274370193,2379.6083984375,1518215
2025-09-26,2373.174495777403,2319.029541015625,1089446
2025-09-29,2319.1283057695373,2318.83154296875,950369
2025-09-30,2328.136201795213,2326.156494140625,778874
2025-10-01,2329.52186805722,2312.1005859375,648279
2025-10-03,2318.435382251186,2333.877197265625,659872
2025-10-06,2331.1056372658036,2330.90771484375,362107
2025-10-07,2331.1056084583392,2328.927978515625,498524
2025-10-08,2336.0549055856777,2304.87451171875,701799
2025-10-09,2304.8745875346162,2312.6943359375,587567
2025-10-10,2315.168952276326,2316.455810546875,1117236
2025-10-13,2316.4559538059325,2318.732666015625,667732
2025-10-14,2318.6335776566284,2294.580322265625,353345
2025-10-15,2306.359448255162,2351.001953125,753640
2025-10-16,2352.88256042397,2385.250732421875,715890
2025-10-17,2396.4361084736693,2482.35546875,3719960
2025-10-20,2482.3551717731507,2490.471923828125,714986
2025-10-21,2487.5024187915164,2479.187744140625,107942
2025-10-23,2493.342597184148,2477.010009765625,811738
2025-10-24,2469.6851302398836,2476.21826171875,327596
2025-10-27,2476.2184587966717,2493.243896484375,550089
2025-10-28,2489.4822059889902,2483.840087890625,1103957
2025-10-29,2494.4316760614374,2512.94189453125,615292
2025-10-30,2509.774486670996,2497.896240234375,736486
2025-10-31,2497.796963962423,2485.324951171875,609128
2025-11-03,2470.873032398037,2486.710693359375,425210
2025-11-04,2484.5328786749587,2461.46923828125,527087
2025-11-06,2534.124927247066,2576.490478515625,4448622
2025-11-07,2576.490234261984,2587.27978515625,791663
2025-11-10,2587.2800390438674,2623.508544921875,1706880
2025-11-11,2623.5084476961592,2630.239501953125,776404
2025-11-12,2633.0112636282392,2741.697265625,2859196
2025-11-13,2829.892812411752,2850.184814453125,5933630
2025-11-14,2836.0303621406333,2876.9111328125,2494076
2025-11-17,2876.9109277310713,2858.5986328125,1230683
2025-11-18,2861.1764220981377,2881.00439453125,1819066
2025-11-19,2888.935498428825,2868.81005859375,1387906
2025-11-20,2872.4783482680073,2835.201904296875,1062883
2025-11-21,2844.3226954020324,2851.857421875,857340
2025-11-24,2851.2623873259877,2854.434814453125,5404326
2025-11-25,2874.9567705789004,2851.064208984375,972417
2025-11-26,2855.228177192067,2849.27978515625,570376
2025-11-27,2855.2280994648086,2854.3359375,1158685
2025-11-28,2855.227954340334,2849.676025390625,748446
2025-12-01,2852.947795413725,2842.934814453125,499153
2025-12-02,2842.339893028985,2928.988037109375,2102147
2025-12-03,2943.462626521632,2928.095947265625,1252456
2025-12-04,2924.6258944441,2931.763916015625,1466098
2025-12-05,2929.5829155349925,2942.966796875,944978
2025-12-08,2944.453821755753,2903.112548828125,983544
2025-12-09,2884.9701320664567,2771.95068359375,1839391
2025-12-10,2785.830133839031,2780.37744140625,845073
2025-12-11,2775.9160719797633,2755.4931640625,777422
2025-12-12,2770.9592338675175,2741.01904296875,977696
2025-12-15,2749.2475920214038,2756.286376953125,1029674
2025-12-16,2768.9763210091114,2766.894287109375,916244
2025-12-17,2775.916061967917,2761.739013671875,636499
2025-12-18,2756.088086314156,2735.962646484375,417994
2025-12-19,2742.6050408185665,2775.81689453125,3895542
2025-12-22,2761.8383889023835,2783.450927734375,463953
2025-12-23,2773.9334147715076,2783.649169921875,431068
2025-12-24,2783.6490084418188,2761.540771484375,512144
2025-12-26,2761.045313886708,2722.87646484375,532078
2025-12-29,2722.8762650599865,2751.527587890625,815529
2025-12-30,2746.4717350000174,2734.574951171875,4833527
2025-12-31,2731.3031868660014,2745.678466796875,1274705
2026-01-01,2752.0234326268005,2728.3291015625,327945
2026-01-02,2732.0964076433634,2748.751953125,508884
2026-01-05,2746.174205723587,2791.382080078125,866733
2026-01-06,2795.7441325994646,2821.322265625,875891
2026-01-07,2821.322161393437,2785.235107421875,636748
2026-01-08,2770.9591147468823,2762.5322265625,620031
2026-01-09,2765.902889951143,2801.19677734375,1657381
2026-01-12,2801.6924515836354,2871.48681640625,1743901
2026-01-13,2875.0559895993033,2861.473876953125,1051986
2026-01-14,2859.193674606754,2789.696533203125,958254
2026-01-15,2789.696533203125,2789.696533203125,0
2026-01-16,2763.9201248983854,2733.186767578125,1143463
2026-01-19,2733.186726726262,2730.311767578125,1342048
2026-01-20,2716.432154439653,2652.586181640625,911151
2026-01-21,2647.0342883114345,2638.2109375,914318
2026-01-22,2642.374853390455,2680.543701171875,1290346
2026-01-23,2680.5435726133815,2680.4443359375,1786635
2026-01-27,2696.5051440901416,2600.240478515625,3818761
2026-01-28,2513.195467623375,2490.195068359375,3430002
2026-01-29,2490.1950274985406,2395.218994140625,3488159
2026-01-30,2396.2104772047783,2407.413330078125,2048843
2026-02-02,2354.4725989007534,2381.339599609375,1183482
2026-02-03,2503.2815202051024,2405.133056640625,2233860
2026-02-04,2409.098571916173,2431.603271484375,970973
2026-02-05,2423.969609356947,2411.1806640625,1047405
2026-02-06,2411.081385424528,2380.447265625,1043982
2026-02-09,2383.3222888664236,2396.60693359375,669839
2026-02-10,2398.1933923938204,2373.011962890625,1513620
2026-02-11,2378.3652334566027,2371.921142578125,3177710
2026-02-12,2377.3738747553025,2389.766357421875,607767
2026-02-13,2388.180096666005,2346.045654296875,675635
2026-02-16,2339.700828939525,2376.580810546875,683108
2026-02-17,2378.8609048949324,2416.434814453125,1004356
2026-02-18,2419.0126162907773,2411.1806640625,551809
2026-02-19,2399.184707815805,2380.14990234375,971600
2026-02-20,2357.7441514901498,2407.215087890625,790329
2026-02-23,2403.8442762441377,2408.80126953125,634365
2026-02-24,2392.245001597522,2392.34423828125,499660
2026-02-25,2395.219015892177,2395.615478515625,526764
2026-02-26,2395.318382184249,2374.300537109375,588742
2026-02-27,2364.4858313259697,2355.761474609375,2531619
2026-03-02,2280.2168323371657,2287.255859375,2528308
2026-03-04,2241.254922068388,2265.544189453125,1610358
2026-03-05,2265.5440929266383,2268.121826171875,925040
2026-03-06,2242.2461232483765,2259.89306640625,979742
2026-03-09,2181.077101186327,2201.6982421875,2198153
2026-03-10,2232.233312704302,2260.785400390625,1192174
2026-03-11,2270.3028787592407,2212.8017578125,687786
2026-03-12,2189.0080695446873,2202.094482421875,1384055
2026-03-13,2185.736493312427,2177.904541015625,949233
2026-03-16,2166.602530791707,2198.624755859375,1111587
2026-03-17,2198.624813304225,2218.948486328125,875461
2026-03-18,2215.8750606338967,2242.642822265625,844912
2026-03-19,2200.9050648122998,2167.197509765625,889334
2026-03-20,2191.883035494523,2176.516357421875,875920
2026-03-23,2161.2490060531636,2103.053955078125,978398
2026-03-24,2165.2146480848346,2198.228271484375,1561016
2026-03-25,2205.9611632253836,2250.673095703125,1270855
2026-03-27,2226.978883613762,2188.413330078125,1089010
2026-03-30,2166.503380287283,2146.576171875,1513565
2026-04-01,2205.6636307072044,2206.655029296875,1209900
2026-04-02,2166.206128976487,2150.34375,1854061
2026-04-06,2150.3435162351893,2165.511962890625,2048228
2026-04-07,2149.0548763211227,2167.395751953125,1793007
2026-04-08,2264.850100281215,2262.76806640625,2914767
2026-04-09,2255.431824787587,2250.078369140625,1980060
2026-04-10,2248.1946997294717,2340.394775390625,3018178
2026-04-13,2260.2896157134237,2332.166015625,1734562
2026-04-15,2379.8523513508994,2402.258056640625,1182431
2026-04-16,2414.0555975912685,2419.31005859375,1496210
2026-04-17,2404.1416069129846,2442.80615234375,1286575
2026-04-20,2448.7545957036955,2495.152099609375,1203157
2026-04-21,2494.656448384103,2521.7216796875,1681872
2026-04-22,2478.496591328449,2540.85546875,1126584
2026-04-23,2508.238527355777,2499.71240234375,1378614
2026-04-24,2499.7124304630092,2463.724853515625,436871
2026-04-27,2481.470673800435,2463.82373046875,452134
2026-04-28,2453.711703700179,2441.41845703125,556571
2026-04-29,2448.6554645929264,2426.25,603585
2026-04-30,2405.8269334704287,2423.473876953125,823684
2026-05-01,2423.473876953125,2423.473876953125,0
2026-05-04,2438.8405150757653,2427.04296875,581159
2026-05-05,2409.0986328125,2409.0986328125,327682
2026-05-06,2438.840730371055,2497.333251953125,1395987
2026-05-07,2512.799090655162,2508.83349609375,1053513
2026-05-08,2518.1524303726387,2577.537109375,2327900
2026-05-11,2556.7177847784324,2544.028076171875,1271257
2026-05-12,2524.2990937915256,2483.94921875,628802
2026-05-13,2532.0321540727255,2595.085205078125,3515018
2026-05-14,2597.464479177054,2599.6455078125,1040916
2026-05-15,2599.6455492931773,2583.1884765625,796240
2026-05-18,2557.907795315493,2591.51611328125,898479
2026-05-19,2606.3869513982067,2578.330322265625,688639
2026-05-20,2539.963249067585,2576.24853515625,586190
2026-05-21,2602.4213727320252,2576.44677734375,1031843
2026-05-22,2583.684151755406,2617.09423828125,1556434
2026-05-25,2649.0172659355308,2634.939453125,815621
2026-05-26,2627.2063736290493,2624.232177734375,486267
2026-05-27,2622.0512104312984,2648.91796875,858457
2026-05-28,2648.91796875,2648.91796875,0
2026-05-29,2653.081899183728,2648.62060546875,5062328
2026-06-01,2709.095901351661,2609.757568359375,2224344
2026-06-02,2603.511962617927,2637.814208984375,1026319
2026-06-03,2629.288299864542,2639.49951171875,958774
2026-06-04,2640.9868104093725,2638.706787109375,1840743
2026-06-05,2643.0686735140903,2663.590576171875,1615011
2026-06-08,2620.5640072762417,2636.3271484375,1262904
2026-06-09,2643.2668941356555,2684.806640625,1416560
2026-06-10,2687.7809874156337,2691.74658203125,1395772
2026-06-11,2670.7285903296975,2667.75439453125,771558
2026-06-12,2702.255252386737,2723.7685546875,1078025
2026-06-15,2796.041569265256,2715.73828125,2752021
2026-06-16,2717.423619460817,2724.462646484375,962931
2026-06-17,2740.2258274031,2714.449462890625,557209
2026-06-18,2721.3892363671166,2731.30322265625,600888
2026-06-19,2729.2212838160262,2709.393310546875,838991
2026-06-22,2719.1090391012117,2651.0,1033475
2026-06-23,2669.0,2661.199951171875,1182151
2026-06-24,2662.0,2667.5,1264476
2026-06-25,2690.0,2645.199951171875,2050810
2026-06-26,2645.199951171875,2645.199951171875,0
2026-06-29,2631.300048828125,2656.89990234375,4752587
2026-06-30,2658.0,2635.699951171875,1821479
2026-07-01,2648.0,2716.39990234375,1097512
2026-07-02,2720.0,2744.5,1629567
2026-07-03,2744.0,2737.800048828125,472124
2026-07-06,2724.0,2754.89990234375,504943
2026-07-07,2750.0,2731.39990234375,489066
2026-07-08,2676.60009765625,2665.89990234375,1481672
2026-07-09,2658.0,2673.800048828125,918568
2026-07-10,2695.0,2677.800048828125,982095
2026-07-13,2650.5,2652.10009765625,1107802
2026-07-14,2604.0,2641.0,975301
2026-07-15,2644.89990234375,2670.0,809114
2026-07-16,2688.0,2674.699951171875,455037
2026-07-17,2665.0,2689.0,452284
2026-07-20,2689.0,2691.39990234375,571087
2026-07-21,2695.0,2692.39990234375,1000078
2026-07-22,2683.0,2692.800048828125,528096
2026-07-23,2671.10009765625,2668.800048828125,584245
2026-07-24,2620.10009765625,2637.89990234375,645563
2026-07-27,2665.800048828125,2710.199951171875,715239
2026-07-28,2712.0,2736.199951171875,1282146
2026-07-29,2746.199951171875,2758.39990234375,3803474
2026-07-30,2758.10009765625,2746.199951171875,2387024
2026-07-31,2773.89990234375,2747.300048828125,891738
2026-08-03,2770.89990234375,2810.0,1040453
2026-08-04,2774.89990234375,2775.0,820097
2026-08-05,2787.0,2760.0,688876
2026-08-06,2788.0,2755.0,797083
2026-08-07,2755.0,2735.0,1067986
2026-08-10,2724.699951171875,2750.0,977656
2026-08-11,2742.10009765625,2735.5,951134
2026-08-12,2733.199951171875,2740.0,648174
2026-08-13,2725.0,2755.5,579435
2026-08-14,2751.0,2696.300048828125,667311
2026-08-17,2694.5,2687.5,312900
2026-08-18,2663.10009765625,2628.39990234375,1017022
2026-08-19,2625.0,2630.800048828125,742443
2026-08-20,2635.10009765625,2625.199951171875,476939
2026-08-21,2620.199951171875,2640.0,330334
2026-08-24,2640.39990234375,2640.800048828125,355289
2026-08-25,2631.0,2639.800048828125,479480
2026-08-26,2660.89990234375,2626.5,339110
2026-08-27,2637.89990234375,2631.0,525106
2026-08-28,2645.0,2608.699951171875,482544
2026-08-31,2590.0,2653.60009765625,1381178
2026-09-01,2645.300048828125,2575.5,1046523
2026-09-02,2548.0,2527.5,497889
2026-09-03,2530.0,2541.60009765625,589499
2026-09-04,2540.0,2527.300048828125,399368
2026-09-07,2511.10009765625,2500.89990234375,240336
2026-09-08,2499.0,2481.60009765625,373248
2026-09-09,2459.10009765625,2489.0,432840
2026-09-10,2485.10009765625,2498.10009765625,549332
2026-09-11,2453.199951171875,2472.5,653006
2026-09-14,2472.5,2472.5,0
2026-09-15,2472.5,2402.800048828125,539643
2026-09-16,2405.10009765625,2416.60009765625,591671
2026-09-17,2424.0,2454.0,486007
2026-09-18,2455.699951171875,2451.300048828125,1000730
2026-09-21,2450.0,2440.300048828125,268147
2026-09-22,2475.10009765625,2448.5,414649
