Date,Open,Close,Volume
2018-01-01,2095.1971774121953,2072.77685546875,7202
2018-01-02,2059.5771031248764,2032.5948486328125,23591
2018-01-03,2063.0227017462325,2057.10205078125,5189
2018-01-04,2062.488918237675,2079.47412109375,11546
2018-01-05,2100.341630401203,2069.428466796875,13711
2018-01-08,2086.7047526795955,2281.209716796875,124009
2018-01-09,2304.1152823074535,2215.792236328125,17440
2018-01-10,2230.2059304226564,2191.673828125,11608
2018-01-11,2191.770595782367,2178.667724609375,88976
2018-01-12,2193.5175981403127,2175.901611328125,21241
2018-01-15,2188.664685665968,2193.711669921875,38965
2018-01-16,2193.6629167638057,2142.99853515625,27028
2018-01-17,2146.9294850606334,2117.66650390625,9752
2018-01-18,2115.7249994850076,2136.640869140625,62363
2018-01-19,2144.9881801969645,2154.0146484375,12135
2018-01-22,2149.7924680220895,2135.86474609375,9050
2018-01-23,2156.634995594025,2134.845458984375,50625
2018-01-24,2141.9312236192513,2144.503173828125,8069
2018-01-25,2147.900228093461,2118.976806640625,6895
2018-01-29,2120.8208193482483,2103.253173828125,7943
2018-01-30,2096.5078895820316,2073.45654296875,10270
2018-01-31,2057.6360154636727,2065.740478515625,10798
2018-02-01,2065.4004206949326,2001.5845947265625,40921
2018-02-02,1989.7920670982637,1946.0672607421875,29616
2018-02-05,1844.107493549312,1983.6287841796875,25910
2018-02-06,1873.2249718862458,1913.6011962890625,42762
2018-02-07,1926.6071734993136,1944.3203125,12046
2018-02-08,1947.8628951424346,2019.6859130859375,23524
2018-02-09,1941.1659788098839,2059.2373046875,20653
2018-02-12,2084.8121176134728,2160.566162109375,25419
2018-02-14,2137.6603098532714,2113.250244140625,7689
2018-02-15,2120.189883407327,2021.141845703125,44102
2018-02-16,2029.4889379236126,1933.255615234375,13828
2018-02-19,1941.1660491517262,1943.3984375,6080
2018-02-20,1945.242340490846,1968.148193359375,6818
2018-02-21,1974.9421836362844,1943.786376953125,7715
2018-02-22,1947.5232197312869,1955.6275634765625,5149
2018-02-23,1946.0188376116419,1967.031982421875,5794
2018-02-26,1989.646517792065,1995.809814453125,5284
2018-02-27,2004.8363181630884,1984.2598876953125,5520
2018-02-28,1988.190765046406,1977.07763671875,5238
2018-03-01,1966.4009863701472,1986.0067138671875,12631
2018-03-05,1979.9894664182232,2019.200927734375,20310
2018-03-06,2045.9889310604267,1976.301025390625,8479
2018-03-07,1953.7833904310833,1935.5849609375,7253
2018-03-08,1960.577649841442,1992.26708984375,28109
2018-03-09,2010.174382142869,1999.8861083984375,24003
2018-03-12,2020.754009358861,2022.5980224609375,6023
2018-03-13,2030.6534719318443,1980.6199951171875,8700
2018-03-14,1979.989186336209,2005.0302734375,6056
2018-03-15,1990.1804769421644,1982.7554931640625,2538
2018-03-16,1982.9009904736122,1957.1805419921875,10146
2018-03-19,1962.0820683109614,1933.78955078125,10500
2018-03-20,1950.871841375945,1924.3748779296875,6043
2018-03-21,1931.3145302928172,1926.9954833984375,12644
2018-03-22,1917.3379358304414,1923.5982666015625,15858
2018-03-23,1892.6366460108304,1904.865966796875,12770
2018-03-26,1902.3425557807473,1863.1309814453125,13778
2018-03-27,1881.6206777165469,1916.707275390625,27887
2018-03-28,1933.8865887543243,1866.770751953125,22742
2018-04-02,1888.7544339697922,1890.064697265625,11051
2018-04-03,1890.0646502502318,1934.0321044921875,15761
2018-04-04,1932.8674329899432,1905.25439453125,9879
2018-04-05,1929.518905235014,1962.906982421875,14445
2018-04-06,1970.2834116869074,1969.0216064453125,3667
2018-04-09,1958.782117340935,1939.17626953125,5336
2018-04-10,1951.259964856956,1927.238037109375,4741
2018-04-11,1931.4600831190587,1925.53955078125,3000
2018-04-12,1925.636544046636,1931.120361328125,4454
2018-04-13,1929.5674316898017,1935.876220703125,11130
2018-04-16,1935.8761089675622,1948.7847900390625,7517
2018-04-17,1954.8995336660544,1978.533203125,4135
2018-04-18,1986.104078039008,1955.1424560546875,3746
2018-04-19,1955.1911940448124,2035.4100341796875,28775
2018-04-20,2048.1241254803267,2023.27734375,8364
2018-04-23,2027.1595775839464,2006.728759765625,5386
2018-04-24,2030.4596235573333,1989.2584228515625,3686
2018-04-25,1994.1597629663104,1917.0953369140625,11151
2018-04-26,1917.8719837728845,1921.1234130859375,6097
2018-04-27,1943.4954854667387,1996.780517578125,21947
2018-04-30,2055.6941897834167,2074.183837890625,16279
2018-05-02,2113.9295255772604,2106.69873046875,18355
2018-05-03,2115.094398559349,2069.040283203125,8990
2018-05-04,2078.163481489354,2114.8515625,26870
2018-05-07,1991.6362501487647,2066.7109375,41387
2018-05-08,2076.0767677582885,2055.2578125,10826
2018-05-09,2021.238755816013,2016.1917724609375,8469
2018-05-10,2016.1919909953713,1941.06884765625,7046
2018-05-11,1969.312942587742,1912.7279052734375,17204
2018-05-14,1957.6657343848008,1891.326416015625,9963
2018-05-15,1892.6368422900653,1842.360595703125,12477
2018-05-16,1851.0956038328202,1914.3291015625,15862
2018-05-17,1921.7542631637698,1984.7935791015625,19230
2018-05-18,1981.930448031055,1983.1436767578125,5822
2018-05-21,1980.0377574226056,1984.3082275390625,8981
2018-05-22,1980.6199785862739,1918.4056396484375,9165
2018-05-23,1911.9998387373043,1892.927978515625,4500
2018-05-24,1900.2560661128186,1923.6470947265625,4552
2018-05-25,1939.2733584650443,1944.56298828125,5865
2018-05-28,1935.1482010071893,1937.1864013671875,23300
2018-05-29,1959.6070256264513,1959.3643798828125,10653
2018-05-30,1955.676151308625,1923.16162109375,6815
2018-05-31,1937.865980010314,1967.5657958984375,11351
2018-06-01,1989.6950389069855,1948.0570068359375,4952
2018-06-04,1972.418795244714,1933.692626953125,2655
2018-06-05,1906.1277436395278,1869.1485595703125,6775
2018-06-06,1858.666480829674,1864.3929443359375,13264
2018-06-07,1880.019191470111,1944.3203125,71167
2018-06-08,1965.4303895053076,1953.3466796875,2940
2018-06-11,1969.264117390035,1983.6773681640625,5118
2018-06-12,1983.725947091573,1953.1041259765625,7184
2018-06-13,1973.195253281844,1960.868896484375,57996
2018-06-14,1961.5966418346688,1941.6025390625,3127
2018-06-15,1968.0510196320845,1968.97314453125,2342
2018-06-18,1969.0699952726911,1942.8642578125,4896
2018-06-19,1947.9599047213546,1955.3848876953125,4955
2018-06-20,1965.4305154987132,1920.832275390625,2447
2018-06-21,1920.9776170399302,1899.916015625,2844
2018-06-22,1915.1058185902436,1904.13818359375,2212
2018-06-25,1901.6148367013252,1881.620849609375,157202
2018-06-26,1885.3573764958112,1902.7308349609375,5220
2018-06-27,1899.819013739748,1850.901611328125,10899
2018-06-28,1850.9503135441482,1814.456298828125,3781
2018-06-29,1830.7620967272026,1890.98681640625,28488
2018-07-02,1890.8898042004946,1851.6783447265625,2099
2018-07-03,1866.4309662058793,1836.3428955078125,2425
2018-07-04,1836.294315655387,1885.5999755859375,19085
2018-07-05,1900.4014633948057,1847.94140625,3395
2018-07-06,1860.2678563011455,1854.638427734375,2398
2018-07-09,1883.9016109092486,1838.52685546875,5177
2018-07-10,1836.4884379393482,1852.551513671875,2864
2018-07-11,1849.9311133275125,1834.8385009765625,1508
2018-07-12,1852.842710952651,1843.4765625,1610
2018-07-13,1861.5295555452194,1823.1915283203125,3806
2018-07-16,1850.416431624786,1825.1812744140625,5241
2018-07-17,1800.5284688409276,1833.28564453125,2474
2018-07-18,1834.4985903060567,1804.4105224609375,2376
2018-07-19,1801.4506637184243,1773.69189453125,2550
2018-07-20,1748.068432491027,1710.2156982421875,8176
2018-07-23,1735.8390543268592,1696.918701171875,3313
2018-07-24,1698.5687902684565,1683.33056640625,9190
2018-07-25,1701.4319436963508,1681.1953125,4092
2018-07-26,1684.2093232132502,1683.7718505859375,7572
2018-07-27,1687.320489188029,1748.2330322265625,12064
2018-07-30,1758.830892378557,1708.61328125,9397
2018-07-31,1716.002257640647,1884.010009765625,86689
2018-08-01,1876.4749932499835,1842.688720703125,42292
2018-08-02,1829.0770608534194,1897.1357421875,34726
2018-08-03,1897.135684015921,1896.2606201171875,7713
2018-08-06,1936.7555327621992,1896.503662109375,5778
2018-08-07,1891.0589575544257,1972.7293701171875,49332
2018-08-08,1974.8200218520767,1983.424560546875,12538
2018-08-09,1994.897233082825,1987.7509765625,7121
2018-08-10,2001.5084052437594,1913.4696044921875,7549
2018-08-13,1913.4697679620413,1891.204833984375,13264
2018-08-14,1891.2047653968314,1901.9482421875,10900
2018-08-16,1910.4558934464033,1893.1009521484375,12075
2018-08-17,1920.0324352603354,1914.587646484375,10076
2018-08-20,1917.3103419535423,1916.6783447265625,4056
2018-08-21,1916.6781989089814,1896.503662109375,6714
2018-08-23,1921.1993713528714,1919.2061767578125,6732
2018-08-24,1917.6503484704447,1923.82421875,14246
2018-08-27,1942.589253602695,1905.6917724609375,5707
2018-08-28,1926.6925778427144,1878.9056396484375,22704
2018-08-29,1878.4196814599504,1904.5250244140625,6786
2018-08-30,1900.8790026350498,1909.7752685546875,3360
2018-08-31,1905.6917719306362,1908.802978515625,12800
2018-09-03,1908.8029390934732,1893.3438720703125,5223
2018-09-04,1893.343784977129,1893.24658203125,22276
2018-09-05,1893.2466105487206,1901.1219482421875,8850
2018-09-06,1898.253946488475,1899.517822265625,7264
2018-09-07,1894.5106709745323,1876.7181396484375,2940
2018-09-10,1866.7522929444638,1876.8638916015625,12442
2018-09-11,1881.385003007543,1842.2998046875,4165
2018-09-12,1842.4456810957647,1829.4659423828125,8363
2018-09-14,1832.722959151859,1861.4534912109375,5056
2018-09-17,1861.9883878802004,1829.5146484375,5618
2018-09-18,1810.895511798768,1798.5963134765625,2816
2018-09-19,1813.228902296536,1804.867431640625,5682
2018-09-21,1825.8201970387984,1778.762451171875,7971
2018-09-24,1752.6568744005901,1755.379150390625,5135
2018-09-25,1750.0802806271035,1741.3785400390625,6140
2018-09-26,1758.8308437400165,1736.4200439453125,3442
2018-09-27,1740.455025648666,1732.82275390625,5826
2018-09-28,1721.2038863406253,1816.29150390625,25378
2018-10-01,1802.3886262153515,1778.1304931640625,7916
2018-10-03,1755.7680257370967,1757.6153564453125,2766
2018-10-04,1730.6348818824406,1694.6610107421875,6812
2018-10-05,1694.6610851320784,1617.8033447265625,7528
2018-10-08,1620.7689449241313,1568.4609375,7009
2018-10-09,1575.0723461946295,1585.5728759765625,3763
2018-10-10,1579.9335992050753,1623.3453369140625,13237
2018-10-11,1599.038774026453,1616.97705078125,2980
2018-10-12,1649.8881243166904,1652.6591796875,17652
2018-10-15,1691.7443522846274,1643.5684814453125,3190
2018-10-16,1662.6736232010262,1640.9434814453125,2192
2018-10-17,1672.2990470240263,1619.2618408203125,11518
2018-10-19,1609.1503224986702,1643.4227294921875,4798
2018-10-22,1650.7630560849946,1603.705322265625,2926
2018-10-23,1604.1431247983764,1580.27392578125,2168
2018-10-24,1579.2044978854235,1623.0537109375,1488
2018-10-25,1620.720023902793,1589.9478759765625,2269
2018-10-26,1582.3643099729234,1626.5052490234375,6401
2018-10-29,1557.8631396310875,1597.1912841796875,5438
2018-10-30,1609.101707716495,1610.073974609375,51782
2018-10-31,1620.7688018349636,1618.338134765625,7534
2018-11-01,1607.497219911476,1604.823486328125,3594
2018-11-02,1614.011648732245,1556.5992431640625,16738
2018-11-05,1599.3790090203286,1573.66259765625,3539
2018-11-06,1584.357568821741,1541.38330078125,4941
2018-11-07,1583.8227610232684,1570.3082275390625,1623
2018-11-09,1593.5453396493765,1574.5374755859375,32340
2018-11-12,1583.725491814546,1553.1962890625,3462
2018-11-13,1576.0446577066846,1551.5435791015625,2865
2018-11-14,1551.5435881711312,1547.36279296875,2464
2018-11-15,1546.8278442422006,1514.0625,5188
2018-11-16,1516.73609092779,1492.1376953125,9297
2018-11-19,1492.3808953248715,1511.4859619140625,4846
2018-11-20,1511.437545238285,1519.6044921875,4742
2018-11-21,1521.4031371314813,1505.65234375,2062
2018-11-22,1513.7708101019364,1486.7904052734375,2643
2018-11-26,1494.2283313041999,1509.9791259765625,5564
2018-11-27,1509.9793079116253,1494.7633056640625,9572
2018-11-28,1511.874788051546,1483.922119140625,3606
2018-11-29,1482.706918414779,1565.2037353515625,9791
2018-11-30,1567.2942297954385,1544.3487548828125,14678
2018-12-03,1549.2585839931492,1534.96630859375,4060
2018-12-04,1541.091676611552,1494.033935546875,11006
2018-12-05,1483.1931808101474,1481.102783203125,4926
2018-12-06,1473.9566075221599,1520.81982421875,7407
2018-12-07,1520.8197345712929,1489.0753173828125,5183
2018-12-10,1461.7058180323907,1492.1376953125,8581
2018-12-11,1489.2697716882153,1500.3536376953125,1760
2018-12-12,1515.7154874550583,1545.36962890625,5444
2018-12-13,1545.9528891144237,1553.5364990234375,5956
2018-12-14,1562.0924460387876,1544.154052734375,6661
2018-12-17,1521.0629339536304,1525.195068359375,2115
2018-12-18,1525.389518561593,1545.12646484375,4919
2018-12-19,1534.236962004453,1543.8624267578125,14237
2018-12-20,1537.785951786571,1545.5640869140625,8814
2018-12-21,1540.3137521951692,1551.3004150390625,12265
2018-12-24,1520.6253388576465,1542.5013427734375,6589
2018-12-26,1558.4465546079368,1541.431884765625,7021
2018-12-27,1531.3690718014504,1522.9102783203125,15928
2018-12-28,1535.8899074174499,1557.134033203125,16582
2018-12-31,1534.2370367738959,1496.756103515625,35478
2019-01-01,1497.2910233953262,1507.305419921875,7328
2019-01-02,1504.4369989057716,1491.84619140625,7273
2019-01-03,1491.4573965618815,1513.7708740234375,13056
2019-01-04,1507.0136026397172,1500.985595703125,6428
2019-01-07,1497.3395878219249,1492.8670654296875,2263
2019-01-08,1488.5404885736473,1477.4080810546875,10543
2019-01-09,1496.2698588407823,1475.2689208984375,3529
2019-01-10,1474.9289738987948,1476.43603515625,2562
2019-01-11,1477.8941174929341,1461.75439453125,4472
2019-01-14,1476.8248541667429,1458.5948486328125,54025
2019-01-15,1459.7613221476213,1467.9769287109375,5808
2019-01-16,1474.7343764868228,1504.4857177734375,11752
2019-01-17,1504.0482543969756,1471.0885009765625,12300
2019-01-18,1482.7069097411527,1470.9425048828125,4207
2019-01-21,1496.3187951430118,1465.1575927734375,4625
2019-01-22,1466.227170594746,1481.102783203125,6782
2019-01-23,1481.102724242024,1429.378173828125,59730
2019-01-24,1424.37077736132,1368.8543701171875,18573
2019-01-25,1373.7157724953202,1332.1513671875,8434
2019-01-28,1351.4509723995404,1314.3104248046875,31347
2019-01-29,1312.560293241859,1303.76123046875,3974
2019-01-30,1302.0111410324537,1318.0048828125,5801
2019-01-31,1298.4136997986955,1315.185302734375,12835
2019-02-01,1305.8030636053481,1310.226806640625,3474
2019-02-04,1319.366026596497,1327.678955078125,4961
2019-02-05,1332.0542197013738,1290.2952880859375,7217
2019-02-06,1290.2468350214767,1275.5169677734375,8198
2019-02-07,1282.3712620635215,1301.6221923828125,9786
2019-02-08,1306.4350960957152,1302.0113525390625,2014
2019-02-11,1322.2830895502009,1256.0230712890625,4756
2019-02-12,1272.697263599182,1237.4039306640625,7690
2019-02-14,1225.9313470230818,1226.41748046875,7440
2019-02-15,1208.2845997476752,1173.185791015625,15452
2019-02-18,1174.4985553196655,1187.2352294921875,12342
2019-02-19,1186.1167326810523,1165.6019287109375,5654
2019-02-20,1190.9294947140806,1166.3797607421875,11453
2019-02-21,1166.3798361699112,1248.536376953125,28091
2019-02-22,1260.8357921075096,1280.961669921875,9883
2019-02-25,1299.8235662461927,1269.48876953125,6122
2019-02-26,1256.1686293723842,1245.81396484375,11379
2019-02-27,1246.1542050204005,1259.571533203125,7550
2019-02-28,1262.7802311087348,1282.6143798828125,27847
2019-03-01,1288.2536540859742,1294.330322265625,17486
2019-03-05,1313.7268996728535,1351.013427734375,12887
2019-03-06,1364.0905787941458,1372.208984375,7657
2019-03-07,1385.9662386571015,1386.16064453125,8082
2019-03-08,1371.8686387607818,1345.617431640625,14007
2019-03-11,1356.31233881154,1388.591552734375,10049
2019-03-12,1400.4531498969175,1391.556884765625,8451
2019-03-13,1397.1475000433109,1431.808837890625,12058
2019-03-14,1441.093852975738,1391.8486328125,7536
2019-03-15,1392.3347666552072,1352.228759765625,64976
2019-03-18,1356.3608264437864,1341.3392333984375,10490
2019-03-19,1340.8531425711271,1326.51220703125,7037
2019-03-20,1335.5058618929888,1313.1923828125,6506
2019-03-22,1332.005635004282,1365.159912109375,10692
2019-03-25,1349.6036401960916,1412.2176513671875,33039
2019-03-26,1419.509456264282,1421.599853515625,18297
2019-03-27,1429.2321082805254,1401.5711669921875,41955
2019-03-28,1407.8424859224735,1440.656494140625,12331
2019-04-01,1452.615236900147,1392.04296875,16763
2019-04-02,1395.3001374542325,1394.1820068359375,5380
2019-04-03,1399.0919695741084,1369.5350341796875,4485
2019-04-04,1370.8964689848915,1374.3966064453125,11647
2019-04-05,1380.0841334836007,1372.4033203125,14402
2019-04-08,1393.2582386508461,1340.9989013671875,8970
2019-04-09,1359.229224071927,1356.361083984375,9910
2019-04-10,1353.4926638945249,1360.1041259765625,10114
2019-04-11,1357.1384591812152,1350.8187255859375,12013
2019-04-12,1350.4298853416697,1357.1385498046875,12890
2019-04-15,1343.7211916074277,1346.8323974609375,10781
2019-04-16,1346.9298578727344,1344.5478515625,3552
2019-04-18,1340.610110827943,1335.0682373046875,8576
2019-04-22,1349.4578127228194,1354.513671875,21752
2019-04-23,1367.0071283953296,1347.3187255859375,7445
2019-04-24,1351.4022710510428,1331.7138671875,8944
2019-04-25,1327.2416333782874,1314.456298828125,5574
2019-04-26,1322.2344169995865,1291.85107421875,5089
2019-04-30,1271.9681670661369,1325.6859130859375,47544
2019-05-02,1322.3315620568478,1340.610107421875,14083
2019-05-03,1334.5333627926009,1314.6990966796875,91379
2019-05-06,1312.5602287619308,1276.78076171875,3916
2019-05-07,1284.3644157968308,1257.09228515625,5891
2019-05-08,1263.9468177315562,1221.2642822265625,5053
2019-05-09,1225.0563947132337,1218.8338623046875,2500
2019-05-10,1206.583128159142,1216.45166015625,2617
2019-05-13,1210.1805898478588,1210.9097900390625,3062
2019-05-14,1198.2703484957283,1187.137939453125,4381
2019-05-15,1187.137668592748,1158.3099365234375,6956
2019-05-16,1158.3100883386594,1192.8255615234375,3180
2019-05-17,1210.3263888127944,1204.346923828125,3163
2019-05-20,1215.3336896359392,1272.891845703125,13757
2019-05-21,1295.9829807575811,1243.18896484375,6354
2019-05-22,1225.0561437905944,1276.2945556640625,4478
2019-05-23,1276.2461776334712,1278.7740478515625,9978
2019-05-24,1292.9688934212606,1286.5032958984375,3450
2019-05-27,1293.1149772632748,1318.9287109375,3732
2019-05-28,1327.2412974842546,1364.3819580078125,37286
2019-05-29,1370.8963205709674,1354.7567138671875,3983
2019-05-30,1365.0626314514022,1354.659423828125,11488
2019-05-31,1361.1250390597845,1344.9368896484375,9734
2019-06-03,1336.8668824776842,1335.311279296875,5356
2019-06-04,1348.874342577525,1324.6163330078125,2501
2019-06-06,1340.026695634097,1286.84375,3151
2019-06-07,1302.8375509073885,1292.7259521484375,3012
2019-06-10,1298.1706091657315,1303.6639404296875,2706
2019-06-11,1303.6639362659673,1346.9298095703125,22332
2019-06-12,1353.395433005307,1365.8890380859375,47386
2019-06-13,1390.2929665336164,1351.2078857421875,5816
2019-06-14,1333.9502071977547,1322.3316650390625,12608
2019-06-17,1327.2415476281099,1320.58154296875,4282
2019-06-18,1320.2897664057266,1301.8653564453125,4364
2019-06-19,1301.8165840837316,1281.593505859375,10436
2019-06-20,1284.5102976417322,1277.12109375,18256
2019-06-21,1274.6904621869276,1299.33740234375,6057
2019-06-24,1337.8392541887201,1295.3997802734375,3575
2019-06-25,1298.5595641301552,1281.107421875,4831
2019-06-26,1264.919002972203,1281.885009765625,3736
2019-06-27,1275.6141938149196,1287.038330078125,9659
2019-06-28,1287.0870252521568,1308.039306640625,9924
2019-07-01,1302.9834377010368,1280.0379638671875,5211
2019-07-02,1292.1425223563808,1280.18359375,2179
2019-07-03,1291.121769377388,1278.4822998046875,4835
2019-07-04,1278.531177593232,1273.846435546875,2881
2019-07-05,1286.3389498270121,1258.4747314453125,7269
2019-07-08,1259.0604241610374,1214.9949951171875,10454
2019-07-09,1229.3415581953652,1209.870849609375,8382
2019-07-10,1202.7465432608085,1162.438720703125,6197
2019-07-11,1176.346162985472,1167.9039306640625,8576
2019-07-12,1167.9039689717483,1146.530029296875,5188
2019-07-15,1160.1448932206013,1107.88134765625,10968
2019-07-16,1111.4437132891662,1109.3453369140625,2790
2019-07-17,1102.8549876804009,1127.1568603515625,9754
2019-07-18,1139.8446097105016,1100.3175048828125,4100
2019-07-19,1105.3437757568613,1095.2423095703125,11605
2019-07-22,1093.1443044931864,1056.6427001953125,7382
2019-07-23,1068.988493452329,1057.8134765625,2952
2019-07-24,1054.3000463119017,1030.291015625,4726
2019-07-25,1033.560686532448,1050.83544921875,7320
2019-07-26,1054.153560562209,1069.671630859375,4279
2019-07-29,1069.671720805921,1056.9840087890625,3045
2019-07-30,1056.1059585868497,1038.4896240234375,3542
2019-07-31,1039.4653092789142,998.181396484375,8458
2019-08-01,998.1815215336336,1006.3797607421875,4480
2019-08-02,1012.0403939470718,1039.4166259765625,5276
2019-08-05,1044.393907061639,1004.9156494140625,3394
2019-08-06,1014.968165132005,1036.488525390625,87295
2019-08-07,1024.6304518734207,1015.1635131835938,15173
2019-08-08,1015.017059647951,982.4193725585938,10103
2019-08-09,985.737731437373,1020.3849487304688,14731
2019-08-13,1024.9232348209468,980.8090209960938,13703
2019-08-14,991.5935630321269,983.3953247070312,3558
2019-08-16,1003.2564702470212,977.881103515625,3644
2019-08-19,974.0259106050573,995.9854125976562,16097
2019-08-20,988.8608099971183,996.2294311523438,4796
2019-08-21,992.3255739843022,959.7767333984375,6220
2019-08-22,959.8743351853764,961.6798706054688,3870
2019-08-23,961.6798083908051,1000.1333618164062,3412
2019-08-26,1018.1890090858172,1017.1641845703125,4011
2019-08-27,1017.1640898726156,999.0109252929688,5287
2019-08-28,1000.2309625363208,995.2047119140625,2107
2019-08-29,1011.1130389504102,998.034912109375,1696
2019-08-30,1004.8180585830263,1028.9735107421875,11482
2019-09-03,1029.1686709953442,976.8074340820312,15319
2019-09-04,980.8577123511097,995.7901611328125,3370
2019-09-05,987.787213850388,990.5687866210938,1181
2019-09-06,990.5688347118141,985.7377319335938,3687
2019-09-09,998.4253514264371,996.91259765625,3714
2019-09-11,1002.6709329806304,995.5950927734375,13258
2019-09-12,998.4742613990991,994.3263549804688,8155
2019-09-13,1006.3308627290774,992.3743896484375,5241
2019-09-16,990.6663920396644,995.35107421875,11160
2019-09-17,1034.5365496123388,975.4411010742188,15116
2019-09-18,989.641640584175,981.4922485351562,4042
2019-09-19,982.0289480134134,956.604736328125,8114
2019-09-20,951.6273052974275,997.4006958007812,17663
2019-09-23,997.4494180761642,1001.2069091796875,23610
2019-09-24,1005.257183243576,1026.582275390625,80599
2019-09-25,1035.5125790343066,998.5718383789062,17948
2019-09-26,1006.2332552585466,999.5965576171875,29066
2019-09-27,1009.1612392834421,994.7655639648438,10965
2019-09-30,1006.9651916859628,977.832275390625,6159
2019-10-01,981.1505894299405,955.5799560546875,13402
2019-10-03,956.4583760165176,965.8765869140625,5748
2019-10-04,975.0019785971465,959.2887573242188,5171
2019-10-07,985.7377382079902,962.1678466796875,2464
2019-10-09,975.9779338810564,975.1483764648438,37187
2019-10-10,964.1197892449852,953.2376708984375,4734
2019-10-11,956.8975502638443,950.7489013671875,30141
2019-10-14,935.0844015513435,929.0333862304688,28463
2019-10-15,933.0349167338849,909.3186645507812,8245
2019-10-16,908.5379164081315,936.1580810546875,28221
2019-10-17,936.9387716773387,922.9822998046875,11887
2019-10-18,956.458297033033,940.8426513671875,35438
2019-10-22,954.3112264741638,933.47412109375,17231
2019-10-23,946.7473988518619,944.2586669921875,17182
2019-10-24,953.9208842137654,938.3052368164062,3657
2019-10-25,945.4298413920116,931.5221557617188,5738
2019-10-27,936.938961689894,944.8443603515625,4783
2019-10-29,946.747362788856,959.2398681640625,13749
2019-10-30,961.3383159867557,977.2955322265625,31656
2019-10-31,977.2954097366205,979.8817749023438,16597
2019-11-01,988.6656649949743,972.3668212890625,17704
2019-11-04,975.9779232637146,971.8300170898438,12385
2019-11-05,975.9779651900693,985.249755859375,35558
2019-11-06,994.472713574111,979.5890502929688,21565
2019-11-07,987.9336068732364,939.7202758789062,116227
2019-11-08,939.9155598157034,962.021484375,23068
2019-11-11,964.2661681384088,966.5596923828125,10186
2019-11-13,968.6093452655676,973.3916015625,29022
2019-11-14,976.026683776836,940.8914794921875,16429
2019-11-15,941.818734777889,923.71435546875,14362
2019-11-18,924.2511321000749,926.4470825195312,8708
2019-11-19,932.1077082741225,933.5228881835938,5477
2019-11-20,934.1573001668941,923.0311279296875,12508
2019-11-21,918.102410368868,922.9822998046875,111121
2019-11-22,924.2509789719388,928.35009765625,11100
2019-11-25,928.5453990929876,954.4088134765625,19874
2019-11-26,956.5070898252735,966.364501953125,32361
2019-11-27,972.0740294345565,957.0439453125,45769
2019-11-28,953.5304173149077,964.2661743164062,18028
2019-11-29,969.0484703856562,976.3194580078125,18801
2019-12-02,993.2039773889583,973.1475830078125,30118
2019-12-03,980.8090097882333,960.1670532226562,3976
2019-12-04,959.7766526247383,975.7826538085938,12141
2019-12-05,966.5109082276979,966.7061157226562,5394
2019-12-06,975.0019115178055,948.3577270507812,5534
2019-12-09,947.8697742796421,945.3810424804688,4425
2019-12-10,943.5754799171351,935.5724487304688,9299
2019-12-11,934.9868998164244,931.1317749023438,2913
2019-12-12,930.1069901382368,941.8187255859375,3195
2019-12-13,942.0627103442652,946.5521850585938,8046
2019-12-16,946.942622823997,941.3307495117188,2966
2019-12-17,944.2097880001559,925.0317993164062,15279
2019-12-18,939.1347261876434,923.2750854492188,17251
2019-12-19,918.3951713466606,926.9837646484375,15617
2019-12-20,927.1790648936604,935.7188720703125,7861
2019-12-23,922.2991881000193,973.9772338867188,194195
2019-12-24,985.1521236490205,972.1715698242188,29964
2019-12-26,965.2422203210125,979.4426879882812,23833
2019-12-27,980.5649991972572,989.6903686523438,35222
2019-12-30,995.2534511016822,970.85400390625,28914
2019-12-31,974.2211852241152,964.5101928710938,38646
2020-01-01,961.3870012490929,983.7857055664062,11728
2020-01-02,985.7378146418852,976.417236328125,8085
2020-01-03,984.7617532821092,983.0050048828125,12326
2020-01-06,956.4583566246463,958.0198974609375,16138
2020-01-07,970.1220124139423,960.9966430664062,7208
2020-01-08,956.4095764280047,953.1400146484375,6435
2020-01-09,958.8006925557653,962.3629760742188,12117
2020-01-10,966.2181865214322,950.6025390625,17574
2020-01-13,965.6325706671478,955.1408081054688,13165
2020-01-14,964.8518405235519,952.310546875,19454
2020-01-15,959.3863490088708,961.8262939453125,13888
2020-01-16,967.2916797832905,1014.577880859375,267986
2020-01-17,1018.4818609292929,1024.435302734375,166391
2020-01-20,1029.5592595170363,1021.214599609375,64876
2020-01-21,1006.2331846573319,987.0064086914062,37876
2020-01-22,1000.3773443952905,988.76318359375,46316
2020-01-23,985.7376651623762,993.3502807617188,19997
2020-01-24,995.497530898763,982.9562377929688,35639
2020-01-27,978.4178218560487,990.031982421875,46767
2020-01-28,994.9119129195086,984.76171875,34557
2020-01-29,985.7376725009183,977.832275390625,26806
2020-01-30,979.8330293053879,965.3397216796875,15063
2020-01-31,970.0733172536602,965.6326293945312,20247
2020-02-03,936.8413057814556,936.6948852539062,22443
2020-02-04,941.3306490762291,956.0191040039062,13921
2020-02-05,957.2879957568101,945.9666748046875,26083
2020-02-06,950.7000849058965,955.3848266601562,20488
2020-02-07,960.0695042881355,956.4583740234375,30646
2020-02-10,961.240753806339,966.0230102539062,169270
2020-02-11,970.805249988862,894.4837646484375,387758
2020-02-12,892.9710352971365,870.71875,116348
2020-02-13,873.7442092537668,857.0061645507812,69977
2020-02-14,873.5002520629973,852.6631469726562,40405
2020-02-17,858.8607024868656,843.0986328125,21388
2020-02-18,844.2209012927755,827.9220581054688,34775
2020-02-19,832.50920233402,831.6307983398438,20311
2020-02-20,829.5812028586118,819.3334350585938,29010
2020-02-24,814.99042754153,810.2569580078125,19512
2020-02-25,814.9416136352698,804.5474243164062,39400
2020-02-26,794.7876479823697,918.3464965820312,436542
2020-02-27,918.2976003509489,1039.9044189453125,1964921
2020-02-28,1024.7768354680927,1002.1829223632812,941148
2020-03-02,1044.296288668635,986.3231811523438,234996
2020-03-03,1005.2572464256033,990.861572265625,110987
2020-03-04,1004.28118128021,1118.763427734375,1016545
2020-03-05,1146.7739057745068,1177.224365234375,687076
2020-03-06,1121.4474637699764,1110.614013671875,224480
2020-03-09,1073.5755446115425,1072.4044189453125,228996
2020-03-11,1072.404572419176,1031.9014892578125,154942
2020-03-12,988.1776226371019,951.676025390625,111179
2020-03-13,903.7555822121446,1064.303955078125,123960
2020-03-16,997.6933820770091,989.8855590820312,59638
2020-03-17,999.4989720454764,970.7564697265625,51637
2020-03-18,984.3713541815025,961.3870849609375,52388
2020-03-19,912.5394225505578,1045.95556640625,149237
2020-03-20,1075.5276424719357,1100.3175048828125,96409
2020-03-23,1073.5758666713803,1027.851318359375,54196
2020-03-24,1073.575662949956,1038.977294921875,24836
2020-03-25,1038.9283509104964,1065.670166015625,17122
2020-03-26,1063.8159535444008,1103.5382080078125,46732
2020-03-27,1151.653948835074,1072.892578125,18782
2020-03-30,1046.5899075966895,1094.75439453125,24554
2020-03-31,1139.94229754499,1098.21923828125,25215
2020-04-01,1122.3745923245444,1070.5013427734375,12354
2020-04-03,1070.647684627333,1074.649169921875,43029
2020-04-07,1088.2153738563516,1110.9068603515625,37071
2020-04-08,1126.278481421049,1093.04638671875,26139
2020-04-09,1094.0711340739624,1095.9742431640625,28005
2020-04-13,1093.0953001286646,1142.7237548828125,79342
2020-04-15,1147.750098550288,1100.7080078125,70690
2020-04-16,1100.7078627614715,1083.4329833984375,37427
2020-04-17,1107.7350580464954,1085.677978515625,25832
2020-04-20,1083.3356524135895,1056.398681640625,18943
2020-04-21,1031.608668886092,1034.58544921875,19903
2020-04-22,1053.9586692266794,1035.903076171875,17202
2020-04-23,1043.3204006812089,1061.034423828125,63049
2020-04-24,1071.4285125702727,1017.5057373046875,20468
2020-04-27,1027.8024180775092,1027.0704345703125,17589
2020-04-28,1045.2722450452275,1035.1708984375,62242
2020-04-29,1049.1763008461996,1027.216796875,13259
2020-04-30,1034.6342094207955,1028.7296142578125,19016
2020-05-04,1005.2572824662701,985.1521606445312,14410
2020-05-05,986.0304118688953,972.46435546875,11882
2020-05-06,975.9778982570709,975.5386962890625,8534
2020-05-07,968.7069126744204,966.2669677734375,5895
2020-05-08,969.1461880588039,976.417236328125,25341
2020-05-11,981.2481761440228,980.4673461914062,12564
2020-05-12,980.467408549323,975.1483764648438,6513
2020-05-13,992.374372142321,967.1941528320312,8628
2020-05-14,985.7376882880656,984.1761474609375,9737
2020-05-15,980.8578803175183,976.2219848632812,4023
2020-05-18,975.977877869337,939.7202758789062,10010
2020-05-19,933.0349113789649,930.3021850585938,6522
2020-05-20,927.2765922699728,936.5972290039062,4422
2020-05-21,929.2286079359627,988.7144775390625,28903
2020-05-22,997.4495528218837,1028.8272705078125,75530
2020-05-26,1056.0082564408558,1057.0330810546875,69827
2020-05-27,1057.0330571860497,1085.0435791015625,39489
2020-05-28,1083.3354462190875,1053.8609619140625,26484
2020-05-29,1044.2964122167587,1060.64404296875,94829
2020-06-01,1061.03442073092,1080.7979736328125,36227
2020-06-02,1083.3353132168443,1146.9202880859375,239176
2020-06-03,1150.678090252087,1092.3634033203125,77465
2020-06-04,1076.3573389144244,1086.89794921875,26972
2020-06-05,1088.2153808169528,1123.3505859375,44628
2020-06-08,1125.302625795814,1099.439208984375,22620
2020-06-09,1093.0954091591416,1065.5728759765625,24088
2020-06-10,1065.572708491614,1101.24462890625,63002
2020-06-11,1085.3849537085225,1072.4532470703125,30274
2020-06-12,1058.9361367828164,1056.252197265625,19373
2020-06-15,1063.7671542408393,1057.2281494140625,21700
2020-06-16,1063.8160769270082,1067.671142578125,31107
2020-06-17,1067.6712119979823,1068.1104736328125,55506
2020-06-18,1068.1102451082331,1087.824951171875,38888
2020-06-19,1087.8250809958279,1103.0015869140625,31345
2020-06-22,1111.6388767989952,1143.6510009765625,112711
2020-06-23,1156.533887797817,1159.9986572265625,42025
2020-06-24,1165.805706233595,1143.2117919921875,50458
2020-06-25,1142.8700741647895,1145.4075927734375,42076
2020-06-26,1151.1658960540988,1144.773193359375,48339
2020-06-29,1141.8941567724971,1108.174072265625,23807
2020-06-30,1151.6538692038866,1110.4676513671875,17237
2020-07-01,1110.467765084977,1152.7275390625,76112
2020-07-02,1162.389748441136,1207.723876953125,358581
2020-07-03,1215.0924918277171,1211.2374267578125,112485
2020-07-06,1223.8761642296993,1234.6607666015625,100206
2020-07-07,1236.1737325427466,1224.5595703125,31214
2020-07-08,1239.4921362583725,1213.1895751953125,30148
2020-07-09,1219.2893342755203,1191.8642578125,34822
2020-07-10,1185.813124301116,1164.1951904296875,61104
2020-07-13,1194.5969212151365,1294.000244140625,470920
2020-07-14,1311.7142966413376,1314.5933837890625,683940
2020-07-15,1320.4980053160593,1281.9957275390625,139112
2020-07-16,1270.7232301881145,1248.3245849609375,117924
2020-07-17,1256.2786031632274,1275.944580078125,85648
2020-07-20,1282.3373416384843,1304.97998046875,77781
2020-07-21,1342.9456742755344,1322.5965576171875,109308
2020-07-22,1325.384193404634,1314.7713623046875,61564
2020-07-23,1314.7713274330727,1318.1458740234375,29203
2020-07-24,1332.2312061050009,1310.5653076171875,26657
2020-07-27,1310.5652860390915,1293.252197265625,61951
2020-07-28,1296.0398590191496,1296.5289306640625,34324
2020-07-29,1302.9358676938875,1289.926513671875,27704
2020-07-30,1295.9909559416515,1293.0076904296875,34594
2020-07-31,1287.285646600587,1303.7183837890625,25557
2020-08-03,1309.6850063216327,1404.8094482421875,282484
2020-08-04,1421.2422642311137,1406.1788330078125,152762
2020-08-05,1408.4286808560962,1385.0020751953125,53712
2020-08-06,1392.6315383094482,1308.657958984375,227661
2020-08-07,1298.4850707182802,1296.724365234375,108491
2020-08-10,1314.5267394859873,1265.03271484375,65822
2020-08-11,1259.8484855479553,1251.8277587890625,66734
2020-08-12,1252.02346424496,1285.7694091796875,78128
2020-08-13,1295.0618319265157,1266.74462890625,47145
2020-08-14,1268.6518091834687,1255.6424560546875,58907
2020-08-17,1266.6956287734693,1251.68115234375,26907
2020-08-18,1253.0016404534083,1285.4759521484375,56082
2020-08-19,1308.7556952234686,1287.4810791015625,67089
2020-08-20,1286.2584057286506,1320.3956298828125,117642
2020-08-21,1326.9982624913882,1584.445556640625,649229
2020-08-24,1656.9746936825538,1597.552490234375,1435917
2020-08-25,1565.1271665303552,1631.2496337890625,289558
2020-08-26,1623.7179419314284,1603.7637939453125,51239
2020-08-27,1604.154998158106,1564.2467041015625,57086
2020-08-28,1565.0291604791769,1524.9742431640625,48686
2020-08-31,1528.8379700022992,1444.7666015625,82536
2020-09-01,1418.3566849837346,1445.15771484375,22148
2020-09-02,1447.6520950838822,1488.880859375,84234
2020-09-03,1491.6684875880803,1494.505126953125,84396
2020-09-04,1449.90195451929,1455.2327880859375,31984
2020-09-07,1465.014135795515,1445.6468505859375,26595
2020-09-08,1459.3897897138759,1428.333740234375,44734
2020-09-09,1404.6628075311746,1388.4744873046875,35513
2020-09-10,1407.5481905603176,1414.9820556640625,67669
2020-09-11,1431.6594017406514,1418.4544677734375,32203
2020-09-14,1444.7176755932544,1509.3729248046875,519386
2020-09-15,1552.3133623639017,1524.436279296875,106306
2020-09-16,1530.794298142662,1506.1939697265625,41381
2020-09-17,1487.756003002928,1485.5062255859375,29305
2020-09-18,1472.350250170088,1479.2950439453125,24889
2020-09-21,1492.5489014439283,1428.0892333984375,38829
2020-09-22,1437.8705879242423,1422.5626220703125,32386
2020-09-23,1446.673959603038,1403.3421630859375,25176
2020-09-24,1379.2310024834683,1357.2227783203125,24918
2020-09-25,1396.7886411430864,1366.368408203125,20300
2020-09-28,1392.5337210045723,1415.960205078125,26370
2020-09-29,1415.9602091546737,1390.1861572265625,9993
2020-09-30,1391.9958404513054,1478.5126953125,85350
2020-10-01,1493.6249120386765,1509.813232421875,79723
2020-10-05,1501.69455149324,1480.3221435546875,23295
2020-10-06,1477.2899654191247,1485.1151123046875,26878
2020-10-07,1488.8318285827816,1469.9537353515625,14693
2020-10-08,1472.105719487651,1455.5750732421875,10846
2020-10-09,1473.0349555660912,1460.319091796875,22872
2020-10-12,1460.3679827186365,1432.05078125,18104
2020-10-13,1418.6012282456716,1413.1724853515625,14178
2020-10-14,1413.1724339524142,1400.2120361328125,13106
2020-10-15,1398.7449571084403,1385.686767578125,17059
2020-10-16,1379.1820662714804,1381.774169921875,16866
2020-10-19,1370.3788894668867,1368.4715576171875,46308
2020-10-20,1397.2287918536151,1379.4755859375,13170
2020-10-21,1380.2582009915582,1373.9002685546875,11370
2020-10-22,1385.9801098519852,1383.877197265625,60757
2020-10-23,1396.7886068177572,1368.7159423828125,9583
2020-10-26,1379.1331982001386,1356.342529296875,9112
2020-10-27,1354.7285796112487,1357.271728515625,5706
2020-10-28,1365.4392019822944,1353.16357421875,7938
2020-10-29,1349.691046421267,1329.05224609375,20430
2020-10-30,1340.0563782452582,1333.0137939453125,9404
2020-11-02,1335.410290171491,1309.5872802734375,13146
2020-11-03,1320.493441142122,1294.474853515625,14572
2020-11-04,1305.4790429651246,1321.618408203125,18561
2020-11-05,1435.9143860673485,1452.7384033203125,532697
2020-11-06,1457.3356826474987,1458.4605712890625,65501
2020-11-09,1466.2367965400178,1460.22119140625,37728
2020-11-10,1467.21493169232,1436.5989990234375,44464
2020-11-11,1445.6958037190363,1451.858154296875,88453
2020-11-12,1447.7010652195743,1468.1441650390625,24408
2020-11-13,1468.1930831335626,1473.621826171875,53695
2020-11-14,1498.4666614127696,1485.212890625,10955
2020-11-17,1497.5374115404409,1477.4854736328125,31077
2020-11-18,1487.7559984788481,1461.8841552734375,23813
2020-11-19,1472.1057915233218,1462.1776123046875,23385
2020-11-20,1462.1775791064595,1509.813232421875,154777
2020-11-23,1525.90369792487,1552.55810546875,115355
2020-11-24,1572.3654770826954,1596.0364990234375,134149
2020-11-25,1614.1321491712995,1561.06787109375,37595
2020-11-26,1569.920025535599,1562.87744140625,20907
2020-11-27,1553.9761901104725,1619.9520263671875,80255
2020-12-01,1619.9520585551513,1632.0321044921875,40539
2020-12-02,1624.989447099419,1590.4119873046875,24914
2020-12-03,1608.0674652925452,1592.9552001953125,23877
2020-12-04,1594.3735535452865,1597.3079833984375,17754
2020-12-07,1572.8545108384262,1600.487060546875,24952
2020-12-08,1597.7480964920624,1582.9293212890625,16134
2020-12-09,1589.385159511504,1588.113525390625,17045
2020-12-10,1588.1623172342404,1567.8658447265625,13080
2020-12-11,1568.9419080655769,1573.9793701171875,30819
2020-12-14,1575.9355909871815,1554.954345703125,14876
2020-12-15,1547.4714919676833,1599.5576171875,53377
2020-12-16,1611.7355312457385,1627.7281494140625,69108
2020-12-17,1638.389945462771,1606.013427734375,53145
2020-12-18,1623.7177678010264,1591.830322265625,18354
2020-12-21,1589.4827915501876,1485.4083251953125,33676
2020-12-22,1513.187836022435,1510.3511962890625,37061
2020-12-23,1510.253382562505,1536.27197265625,12610
2020-12-24,1538.570334784128,1549.72119140625,12251
2020-12-28,1506.340804955878,1594.9605712890625,103944
2020-12-29,1609.5347622334732,1597.40576171875,39244
2020-12-30,1596.3298144752866,1605.7689208984375,26175
2020-12-31,1615.5015050462982,1592.51513671875,17053
2021-01-01,1584.5921660456079,1592.80859375,12191
2021-01-04,1586.5485464112107,1579.652587890625,30196
2021-01-05,1581.5598844242681,1617.017578125,45402
2021-01-06,1633.499229501334,1658.5396728515625,306198
2021-01-07,1682.113008045947,1680.303466796875,85033
2021-01-08,1708.8164789849009,1671.157958984375,37517
2021-01-11,1679.4720939261836,1647.1444091796875,29039
2021-01-12,1647.1442567679655,1653.60009765625,41529
2021-01-13,1671.451425070953,1619.9031982421875,35014
2021-01-14,1625.6740965159056,1625.478515625,37958
2021-01-15,1627.6304876316033,1591.634765625,24102
2021-01-18,1591.4391800420738,1568.0126953125,40198
2021-01-19,1573.783608817245,1581.7066650390625,14723
2021-01-20,1575.837975109916,1653.306884765625,63705
2021-01-21,1653.306703003367,1633.205810546875,49394
2021-01-22,1606.9426583720065,1593.297607421875,24595
2021-01-25,1613.6429342171627,1578.7232666015625,11855
2021-01-27,1575.739842861872,1563.6109619140625,17053
2021-01-28,1568.9419584949335,1542.6788330078125,12974
2021-01-29,1574.8108023510047,1527.370849609375,13028
2021-02-01,1540.57575186874,1556.4705810546875,14301
2021-02-02,1564.1978181544341,1534.8045654296875,19340
2021-02-03,1565.0293669996877,1566.49658203125,32527
2021-02-04,1578.7235142972675,1597.21044921875,44700
2021-02-05,1618.778141870881,1590.4119873046875,17699
2021-02-08,1590.4121495969898,1603.470458984375,31721
2021-02-09,1611.9801295882623,1656.0455322265625,467257
2021-02-10,1679.472025823082,1729.0638427734375,359307
2021-02-11,1735.2261652295688,1881.7520751953125,540403
2021-02-12,1886.8385650224216,1934.6697998046875,314027
2021-02-15,1933.789382518842,2004.166748046875,210809
2021-02-16,2010.9647664372542,1956.0421142578125,74500
2021-02-17,1951.3960954232934,2012.2855224609375,98480
2021-02-18,2005.1933423761368,2060.018310546875,100824
2021-02-19,2063.882440980136,1983.625732421875,100894
2021-02-22,1980.789289928937,1933.5938720703125,49921
2021-02-23,1936.6746774823182,1953.205322265625,34939
2021-02-24,1941.6145108450328,1950.80908203125,19055
2021-02-25,1961.0796006530556,1962.0087890625,20104
2021-02-26,1956.1887783774284,1884.6375732421875,45518
2021-03-01,1910.7540306426083,1857.20068359375,50898
2021-03-02,1877.056925165429,2059.04052734375,292271
2021-03-03,2063.8823839370243,2150.88818359375,156176
2021-03-04,2150.887993915252,2198.865966796875,126352
2021-03-05,2176.4669104815375,2214.614501953125,118203
2021-03-08,2236.67131618581,2179.645751953125,59747
2021-03-09,2200.822235175087,2236.13330078125,114307
2021-03-10,2258.2391170875444,2198.621337890625,38093
2021-03-12,2220.385296336406,2203.561279296875,36737
2021-03-15,2220.3361658408658,2179.254150390625,13924
2021-03-16,2179.2544160889515,2164.68017578125,16271
2021-03-17,2164.631294751233,2095.085205078125,21045
2021-03-18,2122.5710267584604,2032.1417236328125,32556
2021-03-19,2000.3031224358956,2034.0980224609375,63578
2021-03-22,2010.1335347012093,2042.1187744140625,31548
2021-03-23,2022.9469950587736,2040.700439453125,13738
2021-03-24,2024.756550488336,1959.1719970703125,28338
2021-03-25,2005.1937582630321,1942.103515625,58676
2021-03-26,1965.0411100606284,1964.2586669921875,27959
2021-03-30,1970.9587978584698,1985.9244384765625,27035
2021-03-31,1966.0680230807993,2024.5120849609375,32062
2021-04-01,2052.144177447479,2090.19384765625,25528
2021-04-05,2039.428776069551,1990.47265625,29139
2021-04-06,2000.9875342959806,2055.714599609375,38698
2021-04-07,2044.5641509384488,2049.161376953125,37749
2021-04-08,2056.399814934622,2048.867919921875,24972
2021-04-09,2059.9701411585465,2023.583251953125,14587
2021-04-12,1999.8630336476429,1897.9893798828125,35284
2021-04-13,1923.0298148087961,2072.050048828125,106873
2021-04-15,2034.5382900617951,2037.9617919921875,28952
2021-04-16,2038.450547424252,2054.0029296875,18259
2021-04-19,2014.975067878885,1983.283203125,119507
2021-04-20,2039.428785087548,1975.9962158203125,22378
2021-04-22,1977.8058528421668,1988.5654296875,11211
2021-04-23,2000.254094467479,1926.5999755859375,34386
2021-04-26,1955.3085240572655,1934.2784423828125,16272
2021-04-27,1968.0242126713442,1970.7630615234375,25899
2021-04-28,1970.9588175220883,2006.318603515625,71916
2021-04-29,2054.1007962543167,2028.6201171875,24211
2021-04-30,2013.0191233174426,2180.037109375,245981
2021-05-03,2198.670728747411,2233.00341796875,109278
2021-05-04,2247.7245615878837,2231.68310546875,137705
2021-05-05,2251.7839713308517,2269.977294921875,57043
2021-05-06,2298.5878032983087,2244.740966796875,43855
2021-05-07,2264.303955059721,2398.114013671875,530996
2021-05-10,2434.5990139885903,2426.23583984375,188338
2021-05-11,2418.2149323228427,2439.098388671875,128539
2021-05-12,2396.451336109308,2356.983154296875,274331
2021-05-14,2393.4189390697566,2417.138916015625,214333
2021-05-17,2437.5335135621704,2337.224853515625,64757
2021-05-18,2347.495264427353,2442.962158203125,150205
2021-05-19,2458.758773038309,2399.18994140625,27431
2021-05-20,2431.664311707969,2412.052490234375,77945
2021-05-21,2440.4675144755392,2390.14208984375,30539
2021-05-24,2421.5893379915196,2352.777099609375,38759
2021-05-25,2371.7043667404027,2350.9677734375,27565
2021-05-26,2362.705161742313,2288.904296875,54292
2021-05-27,2317.9063576588583,2322.161376953125,58257
2021-05-28,2324.0684477531104,2313.015380859375,33594
2021-05-31,2326.8072259765045,2371.312744140625,39257
2021-06-01,2384.9088991052618,2405.84130859375,87078
2021-06-02,2396.451104856005,2444.380126953125,95743
2021-06-03,2456.6069608493544,2470.7900390625,50648
2021-06-04,2474.702614604428,2445.015869140625,33251
2021-06-07,2445.0157262311554,2428.729736328125,23368
2021-06-08,2455.090917169365,2462.52490234375,30072
2021-06-09,2467.8553349704357,2455.57958984375,63181
2021-06-10,2467.9045275896087,2469.029296875,45283
2021-06-11,2484.4839962997225,2458.856689453125,13566
2021-06-14,2460.0302199050743,2474.89794921875,25259
2021-06-15,2475.925460679218,2494.070068359375,46933
2021-06-16,2524.9790078434803,2713.41845703125,929390
2021-06-17,2694.784822431228,2634.775634765625,105388
2021-06-18,2644.948573019134,2587.580322265625,67986
2021-06-21,2567.626394178874,2519.843994140625,52094
2021-06-22,2547.427661681614,2552.12255859375,70586
2021-06-23,2553.9321457960887,2540.384765625,22865
2021-06-24,2554.9102106673163,2510.16015625,34199
2021-06-25,2526.5440783612803,2538.81982421875,34767
2021-06-28,2562.7354171569136,2506.590087890625,24850
2021-06-29,2515.7846444780416,2476.8544921875,37266
2021-06-30,2479.59361054701,2542.48828125,33071
2021-07-01,2562.735786225489,2528.207275390625,36970
2021-07-02,2551.193351782265,2568.7509765625,55938
2021-07-05,2591.052886256202,2545.520263671875,50086
2021-07-06,2563.61568124302,2542.341064453125,22526
2021-07-07,2548.063116797405,2574.8154296875,53950
2021-07-08,2588.509480982292,2546.595947265625,23795
2021-07-09,2557.844638369385,2534.9072265625,11887
2021-07-12,2562.4419903479566,2564.74072265625,19720
2021-07-13,2563.7135402706836,2556.181884765625,33420
2021-07-14,2577.1145281959157,2583.081298828125,22491
2021-07-15,2592.079830825936,2665.196044921875,106419
2021-07-16,2687.399658410378,2657.517333984375,35558
2021-07-19,2645.8286061295476,2659.278076171875,21273
2021-07-20,2670.3313832404947,2630.52099609375,20840
2021-07-22,2651.8253791481984,2656.390625,21637
2021-07-23,2665.4236368637007,2676.959716796875,23806
2021-07-26,2670.480150584788,2766.7451171875,101610
2021-07-27,2798.112991656693,2764.142822265625,105766
2021-07-28,2783.3864012996987,2841.312255859375,58988
2021-07-29,2867.0841672259785,2774.893798828125,31553
2021-07-30,2801.352950120359,2823.8359375,51907
2021-08-02,2847.202556081611,2868.605712890625,53549
2021-08-03,2891.088882484034,2835.3720703125,29967
2021-08-04,2849.5590866991524,2822.60888671875,26066
2021-08-05,2846.221153343869,2812.791015625,28808
2021-08-06,2822.657834221445,3314.34033203125,1044584
2021-08-09,3327.9872888663394,3603.0859375,1593527
2021-08-10,3576.6757253403225,3721.588623046875,1076267
2021-08-11,3681.727741230432,3761.15478515625,882449
2021-08-12,3769.107549554737,3688.89501953125,112855
2021-08-13,3705.2907729089648,3599.30615234375,60179
2021-08-16,3612.7075141315945,3584.67724609375,60735
2021-08-17,3564.501744401186,3515.4609375,29280
2021-08-18,3495.186812877536,3423.712158203125,37672
2021-08-20,3338.0995536974315,3478.49609375,52579
2021-08-23,3509.9136444014352,3371.136962890625,46322
2021-08-24,3396.025936746569,3450.417236328125,137950
2021-08-25,3459.8423106763466,3412.617919921875,64836
2021-08-26,3436.180950619107,3377.37158203125,91426
2021-08-27,3396.7127627482655,3370.400634765625,41291
2021-08-30,3406.5800215919317,3535.391357421875,234774
2021-08-31,3570.7360107044096,3521.59716796875,138250
2021-09-01,3542.3132158691033,3522.431884765625,50954
2021-09-02,3549.234511572312,3570.2939453125,220178
2021-09-03,3630.674588031457,3555.420166015625,68058
2021-09-06,3588.1623770011583,3527.193115234375,38249
2021-09-07,3528.9604690241613,3453.166015625,58376
2021-09-08,3465.095031275944,3382.03515625,155655
2021-09-09,3377.371537533834,3349.734130859375,95547
2021-09-13,3370.646227026695,3358.177490234375,47859
2021-09-14,3371.9223960053637,3342.95947265625,47417
2021-09-15,3352.826769713238,3414.238037109375,65379
2021-09-16,3426.3629710732625,3405.79443359375,33889
2021-09-17,3426.166583351521,3362.98828125,36802
2021-09-20,3347.9177103727047,3314.831298828125,35522
2021-09-21,3313.2604941178074,3284.6904296875,42834
2021-09-22,3308.056659982354,3334.270751953125,45283
2021-09-23,3385.1276722173156,3369.22265625,75840
2021-09-24,3405.254668245259,3333.4365234375,22151
2021-09-27,3362.6445013678363,3310.756591796875,16358
2021-09-28,3323.323971070471,3302.166259765625,24014
2021-09-29,3293.918941788864,3307.1240234375,68439
2021-09-30,3208.5028863116295,3365.344482421875,71428
2021-10-01,3372.4623553347396,3382.083984375,133173
2021-10-04,3406.7764090741057,3488.8544921875,61138
2021-10-05,3512.5645490952643,3513.399169921875,58771
2021-10-06,3523.069665104543,3463.86767578125,47712
2021-10-07,3508.2938508930074,3435.83740234375,25846
2021-10-08,3436.279139443917,3425.724853515625,21119
2021-10-11,3438.243091229578,3416.594482421875,23251
2021-10-12,3416.6431632552267,3370.44970703125,23992
2021-10-13,3370.154888166825,3358.324462890625,26343
2021-10-14,3396.7130986634766,3522.431884765625,108078
2021-10-18,3602.2024048140597,3569.99951171875,144978
2021-10-19,3627.4342779954254,3511.533447265625,50834
2021-10-20,3510.8955068500986,3486.841552734375,44867
2021-10-21,3480.411102393884,3406.28564453125,29119
2021-10-22,3392.0982388889925,3284.591796875,38140
2021-10-25,3284.5919603868206,3142.673583984375,45052
2021-10-26,3181.012531303135,3243.896484375,21890
2021-10-27,3243.896750282088,3240.26416015625,36077
2021-10-28,3255.628949256844,3187.590576171875,51320
2021-10-29,3184.9399849416536,3181.65087890625,37684
2021-11-01,3228.826198872757,3163.880615234375,57412
2021-11-02,3164.322401176772,3144.146484375,178658
2021-11-03,3092.651440319181,3134.917724609375,41807
2021-11-04,3172.5203857280317,3170.80224609375,5646
2021-11-08,3185.6272100912265,3101.880126953125,50868
2021-11-09,3117.1962060743786,3076.746337890625,26620
2021-11-10,3078.905830862379,2978.46826171875,74862
2021-11-11,2990.54467639495,2952.74560546875,58426
2021-11-12,2965.018149410424,2922.997314453125,25010
2021-11-15,2940.473111671858,2826.732177734375,53729
2021-11-16,2849.166285975485,2849.510009765625,46628
2021-11-17,2857.904441999754,2831.93603515625,23927
2021-11-18,2855.007900017007,2783.140625,20124
2021-11-22,2783.3861091284957,2699.7373046875,28570
2021-11-23,2686.1885562531447,2739.3037109375,35792
2021-11-24,2739.2052698481625,2737.97802734375,28746
2021-11-25,2748.974025078039,2747.599609375,24668
2021-11-26,2719.569788635956,2662.085693359375,28609
2021-11-29,2690.1158099856325,2669.252685546875,45263
2021-11-30,2651.8255844036526,2663.65625,49683
2021-12-01,2670.4797760548367,2679.85595703125,14805
2021-12-02,2662.4290413829294,2764.19189453125,23354
2021-12-03,2783.0913625303556,2841.655517578125,41378
2021-12-06,2852.1116649722776,2791.09326171875,24099
2021-12-07,2805.0836919642506,2845.091796875,19524
2021-12-08,2893.0526568818136,2856.5791015625,37980
2021-12-09,2870.8639051968003,2830.6103515625,14112
2021-12-10,2852.062387895706,2821.037841796875,21547
2021-12-13,2847.2025584129156,2848.528076171875,21261
2021-12-14,2847.202767754847,2857.413330078125,71345
2021-12-15,2870.716490269559,2809.99267578125,15192
2021-12-16,2827.566636741039,2784.71142578125,24752
2021-12-17,2758.890284265582,2751.18310546875,13555
2021-12-20,2762.768416613707,2703.909912109375,22123
2021-12-21,2729.3382448370344,2746.077880859375,32324
2021-12-22,2772.5861304435625,2747.844970703125,9047
2021-12-23,2775.5316535852476,2752.26318359375,7214
2021-12-24,2764.732142857143,2724.969482421875,10929
2021-12-27,2754.914316060577,2738.81298828125,16794
2021-12-28,2758.5467794329834,2825.89794921875,42001
2021-12-29,2827.566668710152,3002.81689453125,207001
2021-12-30,2973.8543051107713,2924.077392578125,41857
2021-12-31,2940.1785686902363,2975.916015625,45524
2022-01-03,2974.8360990218357,2948.13134765625,40146
2022-01-04,2974.8357756541977,2926.482421875,21122
2022-01-05,2939.4916140461864,2891.629150390625,33610
2022-01-06,2887.456451346882,2890.59814453125,15513
2022-01-07,2850.1481163210206,2885.83642578125,33518
2022-01-10,2900.2687076135207,2906.8466796875,23626
2022-01-11,2899.237750207278,3120.82861328125,291104
2022-01-12,3140.7591991935305,3152.3935546875,68106
2022-01-13,3195.7396783118475,3082.3916015625,25068
2022-01-14,3072.0335482503688,3087.693115234375,22744
2022-01-17,3112.2869418402806,3137.371826171875,48084
2022-01-18,3161.3768657487553,3154.749755859375,47428
2022-01-19,3210.417371438338,3115.183349609375,25986
2022-01-20,3092.651358612099,3132.266845703125,10620
2022-01-21,3092.6511415317063,3166.972900390625,29548
2022-01-24,3161.376739061514,2962.2197265625,95144
2022-01-25,2907.1415675400417,2977.8798828125,28927
2022-01-27,2993.44081749381,3052.83935546875,47541
2022-01-28,3092.6511862098305,3054.802978515625,17823
2022-01-31,3070.1193915508047,3019.655029296875,28161
2022-02-01,3038.652618089352,3026.3310546875,11377
2022-02-02,3041.499786790431,3128.29052734375,56541
2022-02-03,3131.628628765927,3074.6845703125,13589
2022-02-04,3090.098511114173,3102.12548828125,11050
2022-02-07,3117.1960320098888,3046.8505859375,13875
2022-02-08,3059.270157066684,3094.07470703125,21254
2022-02-09,3141.642918719349,2904.294189453125,133404
2022-02-10,2888.389006053391,2806.212890625,89322
2022-02-11,2749.0235458486127,2765.76318359375,26160
2022-02-14,2699.9829107135974,2662.183837890625,38546
2022-02-15,2654.77128793838,2662.3310546875,30307
2022-02-16,2690.1156655300542,2773.71533203125,36209
2022-02-17,2787.3132918860733,2748.38525390625,17890
2022-02-18,2749.02360164995,2701.701171875,17451
2022-02-21,2700.915273702932,2692.962646484375,102201
2022-02-22,2650.794959909227,2697.97021484375,59922
2022-02-23,2680.298001082713,2734.98388671875,65047
2022-02-24,2721.53323033961,2612.455810546875,61438
2022-02-25,2622.372008900797,2730.025634765625,54242
2022-02-28,2730.02550706635,2699.7373046875,35630
2022-03-02,2629.244512234021,2686.483154296875,36947
2022-03-03,2738.223811847663,2731.400390625,56005
2022-03-04,2731.4002320517498,2641.8115234375,39403
2022-03-07,2601.7542413083925,2581.43115234375,43852
2022-03-08,2600.7724870198517,2594.24365234375,54287
2022-03-09,2585.063808816834,2729.14208984375,49932
2022-03-10,2788.2953793070374,2793.744384765625,55346
2022-03-11,2793.203948703377,2844.502685546875,50759
2022-03-14,2847.202989636356,2937.184326171875,92658
2022-03-15,2935.564368295574,2808.66748046875,54808
2022-03-16,2823.9836525532237,2798.11328125,64275
2022-03-17,2816.4232227219536,2822.11767578125,326005
2022-03-21,2788.3937417205548,2838.710693359375,34315
2022-03-22,2862.715157758544,2866.642333984375,55570
2022-03-23,2866.78933560784,2898.0595703125,22221
2022-03-24,2867.967308334933,2878.079833984375,42789
2022-03-25,2892.5125911607693,2865.46435546875,50697
2022-03-28,2880.5839184691526,2901.250732421875,48071
2022-03-29,2915.6339021796607,2929.477294921875,27861
2022-03-30,2944.4004857225036,3035.1181640625,103668
2022-03-31,3067.8119200589867,3036.5908203125,138885
2022-04-01,3049.4524274553573,2975.81787109375,27041
2022-04-04,3013.1261043559857,2943.222412109375,22070
2022-04-05,2958.7347586276474,2943.074951171875,33127
2022-04-06,2938.5096522384765,2938.411376953125,20540
2022-04-07,2932.6187484312295,2865.8076171875,30682
2022-04-08,2880.1419481583266,2834.488525390625,22541
2022-04-11,2827.566732861488,2823.344970703125,15354
2022-04-12,2838.170064613537,2751.968505859375,22791
2022-04-13,2778.477462782693,2748.87646484375,16065
2022-04-18,2747.746958351675,2665.718017578125,24967
2022-04-19,2689.8210562257573,2657.078369140625,14826
2022-04-20,2670.381613239369,2625.513671875,24681
2022-04-21,2650.8440995296705,2622.3720703125,16131
2022-04-22,2622.3718879305225,2638.42431640625,19485
2022-04-25,2645.346065449656,2639.11181640625,11720
2022-04-26,2649.862200203779,2661.15283203125,12654
2022-04-27,2665.2762832033054,2621.39013671875,11028
2022-04-28,2649.4695294049147,2619.230224609375,8195
2022-04-29,2613.7809921777143,2645.44384765625,11306
2022-05-02,2644.363844321307,2604.699462890625,23609
2022-05-04,2606.6630965452264,2574.460205078125,11943
2022-05-05,2600.7724870198517,2594.24365234375,6949
2022-05-06,2552.664292417666,2543.6318359375,12721
2022-05-09,2537.937616988303,2757.417724609375,469761
2022-05-10,2761.7869811977407,2619.917724609375,137263
2022-05-11,2609.6087549678327,2495.769775390625,59085
2022-05-12,2490.8117772259448,2360.233154296875,36710
2022-05-13,2429.6455010610402,2408.48779296875,40676
2022-05-16,2428.9584675705482,2369.658203125,31196
2022-05-17,2381.53755365276,2411.77685546875,27993
2022-05-18,2415.213389126202,2474.710205078125,25934
2022-05-19,2381.0959579500927,2413.642333984375,11728
2022-05-20,2447.6124864289536,2428.123779296875,10926
2022-05-23,2427.9767983493816,2391.994140625,13873
2022-05-24,2395.5774239840166,2410.74609375,9909
2022-05-25,2397.7373232168,2342.560546875,13416
2022-05-26,2354.047551627714,2379.230712890625,10714
2022-05-27,2381.832249458733,2384.9248046875,11063
2022-05-30,2425.0314779008754,2512.21484375,48846
2022-05-31,2504.6060003757525,2508.189453125,28071
2022-06-01,2508.1890550400462,2538.8701171875,31124
2022-06-02,2525.1744029169004,2628.017333984375,114774
2022-06-03,2629.244399005627,2648.585693359375,23219
2022-06-06,2589.9727321779505,2663.16552734375,21689
2022-06-07,2673.8670167255805,2616.481201171875,9269
2022-06-08,2601.803378165127,2557.377197265625,12917
2022-06-09,2516.3381570244483,2529.886962890625,8732
2022-06-10,2536.9558526431324,2474.710205078125,11161
2022-06-13,2473.826587728344,2421.25146484375,10125
2022-06-14,2399.5537256954726,2425.767578125,18926
2022-06-15,2437.941997944072,2464.450439453125,16040
2022-06-16,2476.820844608313,2480.404296875,17061
2022-06-17,2480.40422423512,2452.423095703125,16138
2022-06-20,2449.6254424949325,2363.571044921875,50289
2022-06-21,2405.3955721801044,2443.1455078125,80052
2022-06-22,2455.957713909655,2489.09326171875,18815
2022-06-23,2474.17000914991,2426.356689453125,29705
2022-06-24,2450.558101848531,2422.52783203125,8652
2022-06-27,2444.6672968328153,2498.518798828125,19362
2022-06-28,2498.518696681658,2582.510986328125,19925
2022-06-29,2559.0464476532734,2627.722900390625,19016
2022-06-30,2605.386885287609,2678.874267578125,24396
2022-07-01,2677.352347605909,2685.4521484375,19400
2022-07-04,2695.024744961583,2629.489990234375,21513
2022-07-05,2629.489909666761,2572.398681640625,11989
2022-07-06,2567.4407306423336,2562.33544921875,11980
2022-07-07,2575.147282434382,2645.64013671875,20505
2022-07-08,2652.954958001919,2623.206787109375,12389
2022-07-11,2631.207817136486,2605.48486328125,8548
2022-07-12,2616.480754551892,2605.779296875,12188
2022-07-13,2605.7797053080144,2717.06591796875,165770
2022-07-14,2747.05962712099,2694.386474609375,20192
2022-07-15,2710.733389050655,2689.03564453125,10748
2022-07-18,2708.7694778662476,2731.05615234375,37328
2022-07-19,2719.5697838668007,2667.87841796875,43305
2022-07-20,2690.1159082866848,2632.288330078125,21692
2022-07-21,2637.1098904484534,2635.535400390625,10640
2022-07-22,2649.409610042115,2639.618896484375,50222
2022-07-25,2653.542266600295,2621.660888671875,16806
2022-07-26,2636.125584890965,2650.19677734375,20237
2022-07-27,2642.029780055797,2632.632568359375,15986
2022-07-28,2645.965877386262,2630.76318359375,11054
2022-07-29,2641.0458618711264,2648.8193359375,10239
2022-08-01,2655.8055284971592,2714.550048828125,30226
2022-08-02,2706.973314245781,2742.544677734375,32820
2022-08-03,2774.869440831674,2823.478759765625,216349
2022-08-04,2854.572876819879,2867.069580078125,120715
2022-08-05,2897.573284949416,2882.715087890625,31569
2022-08-08,2882.124718227854,3039.66259765625,418122
2022-08-10,3060.2771962157285,3087.287841796875,60069
2022-08-11,3104.5079352176404,3061.7041015625,45676
2022-08-12,3094.6679836075987,3022.541015625,38499
2022-08-16,3049.6995625289796,3216.388427734375,205168
2022-08-17,3235.3791521249746,3217.1259765625,79114
2022-08-18,3216.634328364528,3234.3955078125,51538
2022-08-19,3212.747418750717,3230.902099609375,45592
2022-08-22,3211.7636497573376,3193.313720703125,51395
2022-08-23,3193.313487527295,3166.204345703125,32572
2022-08-24,3178.307559907471,3284.431640625,56492
2022-08-25,3315.0829147336403,3311.29443359375,136354
2022-08-26,3343.5204317568364,3309.08056640625,39464
2022-08-29,3246.8430314430616,3236.216064453125,31162
2022-08-30,3253.337509731028,3267.064208984375,40765
2022-09-01,3264.8990473772706,3221.209716796875,19319
2022-09-02,3247.187437638716,3158.873779296875,27943
2022-09-05,3173.387643025444,3128.86181640625,22173
2022-09-06,3142.1454239243685,3145.097412109375,17490
2022-09-07,3156.6596585438037,3180.226318359375,29344
2022-09-08,3197.9875361333343,3138.603271484375,19971
2022-09-09,3167.483543641259,3128.4189453125,15831
2022-09-12,3144.0645350134387,3117.890380859375,18391
2022-09-13,3133.486439080366,3176.634765625,56488
2022-09-14,3148.7876105533906,3120.79296875,27309
2022-09-15,3143.8678006006767,3113.117919921875,18716
2022-09-16,3113.1668935786543,2947.560302734375,48641
2022-09-19,2965.7644058450283,2933.68603515625,36444
2022-09-20,2952.0376942677754,2935.8017578125,16584
2022-09-21,2951.988382127333,2886.306640625,46691
2022-09-22,2859.4926272219996,2869.3818359375,36258
2022-09-23,2883.059520520199,2809.1123046875,15772
2022-09-26,2800.4530234190156,2835.82763671875,35221
2022-09-27,2828.0050273360243,2860.722900390625,20939
2022-09-28,2842.568005354347,2890.341064453125,35243
2022-09-29,2904.806061154935,2942.4931640625,51225
2022-09-30,2970.6844849666873,2933.046630859375,16806
2022-10-03,2961.8284545871356,2944.165771484375,12287
2022-10-04,2951.9883656289708,2904.0185546875,27519
2022-10-06,2922.468282357663,2915.9248046875,10903
2022-10-07,2914.5965868394524,2897.86865234375,7274
2022-10-10,2864.4126998487136,2870.513427734375,9721
2022-10-11,2883.9944911744656,2808.030029296875,24620
2022-10-12,2808.1281369881904,2832.383544921875,7692
2022-10-13,2809.3089019727618,2828.496826171875,6603
2022-10-14,2843.7487093691952,2832.53125,18140
2022-10-17,2809.3581134701467,2810.391357421875,15352
2022-10-18,2823.0849476129906,2838.14013671875,8215
2022-10-19,2828.349265404006,2802.22412109375,8113
2022-10-20,2809.309028335873,2766.554443359375,20764
2022-10-21,2766.554480009943,2769.94921875,4889
2022-10-24,2788.6449675584277,2833.269287109375,5230
2022-10-25,2847.438734585479,2788.25146484375,8988
2022-10-27,2828.988824610152,2768.768310546875,8965
2022-10-28,2769.9491051421473,2714.746826171875,13916
2022-10-31,2728.3260581410373,2822.88818359375,31921
2022-11-01,2833.9088916021615,2896.44189453125,79730
2022-11-02,2888.0288700284414,2841.633544921875,22000
2022-11-03,2840.7968308029517,2801.240234375,13865
2022-11-04,2809.309274251233,2703.628173828125,48754
2022-11-07,2710.9093314952743,2692.41015625,29468
2022-11-09,2713.8616156370076,2736.936279296875,12390
2022-11-10,2742.397212301345,2612.6572265625,62857
2022-11-11,2608.574066719746,2623.53076171875,79182
2022-11-14,2626.285618288939,2653.739013671875,11639
2022-11-15,2654.821516125846,2611.919189453125,13618
2022-11-16,2617.331224431682,2612.31298828125,7646
2022-11-17,2581.0217208305867,2560.456298828125,20676
2022-11-18,2572.1657400770223,2594.650146484375,10167
2022-11-21,2623.2845464781794,2679.91357421875,43793
2022-11-22,2693.3449365486294,2671.697021484375,28669
2022-11-23,2681.635586558287,2658.6591796875,7503
2022-11-24,2671.992208655894,2620.430908203125,25465
2022-11-25,2620.431225439744,2616.052490234375,8494
2022-11-28,2622.349836103627,2597.70068359375,11753
2022-11-29,2607.589498300289,2581.46435546875,15854
2022-11-30,2591.796525911526,2618.65966796875,8615
2022-12-01,2631.7963244733887,2623.776611328125,10924
2022-12-02,2628.2536956512176,2621.36572265625,9004
2022-12-05,2623.3337125910366,2609.311767578125,12663
2022-12-06,2622.350004540674,2685.030517578125,30583
2022-12-07,2700.08534785042,2692.21337890625,11940
2022-12-08,2705.0053735554548,2673.812744140625,10541
2022-12-09,2687.1950869661564,2628.0078125,11871
2022-12-12,2641.78398898826,2680.110595703125,12038
2022-12-13,2656.9370703652985,2669.384765625,9230
2022-12-14,2683.456072759114,2663.972900390625,9268
2022-12-15,2676.469411498468,2649.655517578125,7621
2022-12-16,2632.189906252658,2640.84912109375,6567
2022-12-19,2646.9986496939932,2638.044189453125,5191
2022-12-20,2627.269928589029,2638.1923828125,25375
2022-12-21,2651.4268712568696,2658.954345703125,33671
2022-12-22,2661.7095403570474,2663.530029296875,24514
2022-12-23,2655.805628262761,2650.6396484375,25228
2022-12-26,2650.787283000464,2654.280517578125,25073
2022-12-27,2658.7573700891976,2685.37451171875,15257
2022-12-28,2683.357517119611,2727.73583984375,23276
2022-12-29,2728.572141523927,2746.382568359375,22549
2022-12-30,2753.221063335172,2774.57373046875,23417
2023-01-02,2789.136892016559,2760.5517578125,8775
2023-01-03,2755.435078259474,2733.295166015625,7803
2023-01-04,2731.6224305996316,2738.264404296875,5993
2023-01-05,2744.365311931335,2746.726806640625,10119
2023-01-06,2748.350759695539,2699.2001953125,12699
2023-01-09,2696.1494889066526,2703.82470703125,9323
2023-01-10,2718.0433863320486,2705.940185546875,7321
2023-01-11,2707.9578024179987,2710.467041015625,6056
2023-01-12,2724.3903454269553,2705.399169921875,8322
2023-01-13,2712.090238808019,2712.72998046875,8986
2023-01-16,2705.9895714886748,2704.267578125,6175
2023-01-17,2705.054488201193,2670.171875,12468
2023-01-18,2679.4213706645087,2622.694091796875,14929
2023-01-19,2626.2366362931393,2590.1240234375,15465
2023-01-20,2594.7977671219146,2567.442626953125,20239
2023-01-23,2580.037956412116,2572.854736328125,6346
2023-01-24,2567.245899534591,2585.892578125,4396
2023-01-25,2585.449957846223,2564.5400390625,9107
2023-01-27,2570.197997400858,2543.433349609375,8055
2023-01-30,2543.4333336219474,2559.3740234375,5535
2023-01-31,2572.8548726174927,2400.311279296875,114636
2023-02-01,2400.3111011791852,2414.185302734375,58220
2023-02-02,2448.182164658193,2390.962890625,20576
2023-02-03,2389.142709637359,2308.947021484375,30411
2023-02-06,2282.870841038774,2278.787353515625,20168
2023-02-07,2278.7874462448744,2250.49755859375,18254
2023-02-08,2268.406233409028,2317.310791015625,15446
2023-02-09,2323.21490779644,2299.15625,10162
2023-02-10,2299.156362184535,2281.6904296875,16363
2023-02-13,2311.407113842065,2263.289794921875,20283
2023-02-14,2267.1273764258553,2199.7236328125,14925
2023-02-15,2197.9520464780135,2177.140625,39020
2023-02-16,2162.8726311393852,2251.186279296875,27110
2023-02-17,2262.4531632184558,2336.744873046875,162191
2023-02-20,2337.8762815243153,2319.13134765625,10155
2023-02-21,2319.131522288198,2320.853515625,14495
2023-02-22,2331.529670534614,2294.58056640625,37344
2023-02-23,2294.630132964746,2288.430908203125,5581
2023-02-24,2294.679216293144,2303.73193359375,23699
2023-02-27,2297.6308860282793,2268.40625,10006
2023-02-28,2265.159113520375,2264.224365234375,6223
2023-03-01,2265.159188803245,2283.06787109375,4194
2023-03-02,2290.7430131517954,2264.224365234375,7050
2023-03-03,2270.079096822689,2258.91064453125,4846
2023-03-06,2273.0310530593038,2385.255859375,42817
2023-03-08,2385.256035772873,2372.267333984375,8044
2023-03-09,2365.526739496959,2371.82421875,11621
2023-03-10,2362.574788967334,2303.4365234375,13470
2023-03-13,2302.551154873374,2269.14453125,9057
2023-03-14,2280.509514849724,2255.515869140625,8567
2023-03-15,2266.831731776045,2239.673583984375,7206
2023-03-16,2247.447133249361,2245.57763671875,18945
2023-03-17,2243.511115458121,2220.38720703125,10778
2023-03-20,2185.603012134425,2215.368896484375,12870
2023-03-21,2218.911414227312,2332.021728515625,28275
2023-03-22,2322.231004846991,2300.287841796875,5674
2023-03-23,2297.631224276838,2284.248779296875,4233
2023-03-24,2284.8882287708316,2247.3486328125,5460
2023-03-27,2252.3674964973047,2229.1943359375,30497
2023-03-28,2229.24327717096,2208.23486328125,11208
2023-03-29,2206.315992772609,2201.0517578125,12868
2023-03-31,2212.0234931161917,2239.181884765625,16672
2023-04-03,2239.181586706948,2237.90234375,10355
2023-04-05,2234.6551682140253,2276.22900390625,8562
2023-04-06,2283.8550762424225,2310.86572265625,7707
2023-04-10,2322.1817992230963,2286.315185546875,11598
2023-04-11,2288.775154259326,2281.6904296875,9957
2023-04-12,2282.4287594153816,2300.18994140625,5756
2023-04-13,2311.3579976100873,2356.621826171875,41946
2023-04-17,2351.7509583025812,2355.6376953125,7660
2023-04-18,2344.862742791627,2326.216064453125,7720
2023-04-19,2326.2159273397215,2326.117431640625,3260
2023-04-20,2340.9271568453514,2299.205810546875,16650
2023-04-21,2306.4870334646253,2308.0615234375,4275
2023-04-24,2330.1029478609626,2300.091064453125,6690
2023-04-25,2300.09097708035,2305.69970703125,3670
2023-04-26,2302.551096831594,2297.28662109375,3741
2023-04-27,2303.3383553460067,2313.42431640625,3459
2023-04-28,2314.3592292597996,2335.170654296875,11451
2023-05-02,2335.2689292579475,2356.27734375,10462
2023-05-03,2362.5254714487737,2349.290771484375,7326
2023-05-04,2348.7988125207808,2351.800048828125,7339
2023-05-05,2376.301368473582,2389.487060546875,44923
2023-05-08,2399.9666712210073,2377.187255859375,33635
2023-05-09,2359.720990037781,2386.337890625,9252
2023-05-10,2439.3264093428893,2358.146728515625,138984
2023-05-11,2357.6546821078086,2353.3251953125,15944
2023-05-12,2365.133357175605,2376.6953125,9300
2023-05-15,2376.744258719963,2382.500732421875,9476
2023-05-16,2383.2385205884284,2418.859130859375,16551
2023-05-17,2425.5505388955517,2450.5439453125,35356
2023-05-18,2459.990254083628,2437.850341796875,9784
2023-05-19,2433.42266299479,2406.166015625,11583
2023-05-22,2406.1659550340314,2410.2001953125,7797
2023-05-23,2400.950554704133,2422.30322265625,7202
2023-05-24,2425.550433522064,2435.931640625,6636
2023-05-25,2448.1334265810833,2446.80517578125,6993
2023-05-26,2446.8047767666003,2450.593017578125,48265
2023-05-29,2459.990585962841,2462.549072265625,12719
2023-05-30,2474.8977808794875,2498.16943359375,14353
2023-05-31,2509.1903264938983,2491.03564453125,38445
2023-06-01,2490.494154182206,2473.667724609375,23296
2023-06-02,2486.0664044356754,2500.777099609375,32100
2023-06-05,2500.77706654916,2479.129150390625,20161
2023-06-06,2479.128911721279,2475.586669921875,10811
2023-06-07,2487.9849265209423,2508.944091796875,25255
2023-06-08,2508.944405399821,2532.2158203125,122608
2023-06-09,2556.42193922038,2517.652587890625,16237
2023-06-12,2516.0784925998314,2541.514892578125,38625
2023-06-13,2559.3739992813867,2542.6953125,9447
2023-06-14,2542.6955520564966,2533.29833984375,6384
2023-06-15,2530.8379722808845,2528.771484375,19536
2023-06-16,2537.726212298424,2536.053466796875,14209
2023-06-19,2536.0533997135153,2521.29345703125,22580
2023-06-20,2519.0300602000384,2558.04541015625,18443
2023-06-21,2563.310070931213,2562.965576171875,27998
2023-06-22,2561.3419785424435,2540.3828125,19244
2023-06-23,2540.678166186412,2529.1162109375,8634
2023-06-26,2514.110306305889,2530.73974609375,28060
2023-06-27,2522.9662357636753,2554.109619140625,11732
2023-06-28,2548.5502362092,2577.578125,26402
2023-06-30,2590.8619869291606,2581.41552734375,65287
2023-07-03,2597.4052083074753,2579.988525390625,13630
2023-07-04,2579.054112368496,2582.8916015625,11454
2023-07-05,2567.3444558146957,2551.55126953125,14353
2023-07-06,2545.5979147365583,2559.07861328125,7970
2023-07-07,2570.886894211468,2545.84423828125,11437
2023-07-10,2545.844112631349,2578.365234375,27308
2023-07-11,2578.3651631412213,2550.66552734375,16445
2023-07-12,2551.4527627409343,2532.7568359375,11992
2023-07-13,2558.389905440963,2543.334716796875,20960
2023-07-14,2537.6769628642323,2523.99951171875,13686
2023-07-17,2523.9993675708984,2559.521484375,21793
2023-07-18,2582.989888599074,2559.521484375,19642
2023-07-19,2578.069982692341,2595.732666015625,24705
2023-07-20,2603.6536453101826,2603.3583984375,12435
2023-07-21,2610.563522615607,2576.956787109375,5448
2023-07-24,2576.0192130961927,2629.6123046875,145514
2023-07-25,2625.368499870112,2617.62060546875,47924
2023-07-26,2618.0646978589175,2616.732177734375,8289
2023-07-27,2621.4204611775144,2642.393798828125,34026
2023-07-28,2635.2381820052933,2704.376220703125,29181
2023-07-31,2704.376057375304,2704.32666015625,21304
2023-08-01,2725.645664780504,2727.91552734375,23647
2023-08-02,2724.066333777829,2659.91259765625,13680
2023-08-03,2663.860670267694,2612.48828125,10761
2023-08-04,2610.6133183785705,2585.297119140625,18609
2023-08-07,2585.296643388769,2577.006103515625,20076
2023-08-08,2575.032155840836,2567.67919921875,7900
2023-08-09,2565.803971201588,2554.99658203125,7781
2023-08-10,2554.3057141386266,2518.18212890625,51776
2023-08-11,2531.4077370554583,2514.5302734375,15141
2023-08-14,2516.010903089286,2461.7763671875,23327
2023-08-16,2462.516440739968,2461.578857421875,5611
2023-08-17,2466.4150346513534,2469.079833984375,5778
2023-08-18,2469.0798793131416,2495.0869140625,6245
2023-08-21,2502.9334924769414,2462.023193359375,9638
2023-08-22,2458.5685214494906,2459.06201171875,12254
2023-08-23,2476.334574519644,2463.55322265625,8837
2023-08-24,2466.4645877562148,2474.9033203125,8321
2023-08-25,2474.903009459843,2462.664306640625,6725
2023-08-28,2467.451471030597,2484.87158203125,7203
2023-08-29,2484.8716705555125,2536.8857421875,16713
2023-08-30,2550.3579512330334,2576.660888671875,13839
2023-08-31,2592.7980057295576,2597.880859375,40527
2023-09-01,2625.3686193179406,2594.328125,9238
2023-09-04,2615.4985161823024,2628.82275390625,14607
2023-09-05,2640.074343620806,2721.500244140625,27638
2023-09-06,2738.871274216392,2782.397216796875,37164
2023-09-07,2782.2982696672984,2774.9453125,18651
2023-09-08,2778.350174065783,2782.890380859375,28700
2023-09-11,2797.497517427507,2768.381591796875,17441
2023-09-12,2810.871199993279,2736.255615234375,23395
2023-09-13,2736.255723936434,2717.25634765625,14122
2023-09-14,2713.2095150303367,2740.252685546875,10208
2023-09-15,2729.988128713,2663.366943359375,38433
2023-09-18,2659.8635197373824,2663.564697265625,7865
2023-09-20,2662.873652004352,2639.284912109375,4267
2023-09-21,2634.5965796240635,2588.3564453125,8340
2023-09-22,2578.240204948002,2544.534912109375,16986
2023-09-25,2544.435892165307,2530.914306640625,5123
2023-09-26,2520.74827442522,2532.2958984375,22865
2023-09-27,2532.2961015972005,2504.66064453125,32189
2023-09-28,2503.969651746378,2499.281494140625,69447
2023-09-29,2498.0478177141913,2521.439208984375,5906
2023-10-03,2521.439407451837,2551.492919921875,7052
2023-10-04,2551.344786775371,2509.1513671875,6924
2023-10-05,2521.735528120161,2512.902099609375,4324
2023-10-06,2516.8006830775653,2474.11376953125,39746
2023-10-09,2490.102870257031,2487.24072265625,7712
2023-10-10,2492.126110999374,2511.12548828125,8666
2023-10-11,2514.826400408569,2525.6337890625,13116
2023-10-12,2525.6338331564566,2553.121337890625,10187
2023-10-13,2551.0485709720247,2561.263916015625,7761
2023-10-16,2565.4588299022166,2559.487548828125,5034
2023-10-17,2572.9597860473195,2582.237548828125,8999
2023-10-18,2583.915317865842,2561.560302734375,6952
2023-10-19,2545.4228144636177,2572.0712890625,7950
2023-10-20,2580.4607699189714,2528.496337890625,27015
2023-10-23,2540.488000330285,2451.314208984375,30339
2023-10-25,2451.314256369568,2476.136962890625,14251
2023-10-26,2472.3864821039238,2466.90869140625,9722
2023-10-27,2479.295253256531,2474.804443359375,8663
2023-10-30,2487.6845840088545,2477.765380859375,3750
2023-10-31,2490.842773657286,2491.138916015625,29567
2023-11-01,2504.265896877783,2485.019775390625,11059
2023-11-02,2485.2663311513434,2504.512451171875,10146
2023-11-03,2516.8005369044745,2516.50439453125,3746
2023-11-06,2520.748331073945,2549.27197265625,9793
2023-11-07,2541.4749397779988,2596.597900390625,12396
2023-11-08,2596.5980942647984,2628.72412109375,12842
2023-11-09,2618.459294654916,2808.946533203125,223488
2023-11-10,2808.946860745753,2808.00927734375,56529
2023-11-13,2808.0090914565058,2824.837158203125,56295
2023-11-15,2837.519697748288,2893.629638671875,31300
2023-11-16,2886.967597802141,2896.393310546875,17148
2023-11-17,2892.840245312158,2895.99853515625,33315
2023-11-20,2895.504791843216,2903.252685546875,25438
2023-11-21,2903.252771191492,3012.659423828125,248368
2023-11-22,3015.4721239522623,2925.55810546875,28486
2023-11-23,2925.4106994556955,2942.38671875,17180
2023-11-24,2950.282229303145,2949.690185546875,17271
2023-11-28,3059.5412492195032,2906.7568359375,26785
2023-11-29,2911.592776000756,2910.70458984375,10181
2023-11-30,2926.101362227791,2897.38037109375,65546
2023-12-01,2911.592605754861,2914.2080078125,9843
2023-12-04,2937.0569810558213,2926.9404296875,21724
2023-12-05,2922.449484317807,2963.55712890625,18609
2023-12-06,2970.811611121809,2966.9130859375,18241
2023-12-07,2980.3853508467414,2971.1572265625,24909
2023-12-08,2971.157137409634,2975.20361328125,15480
2023-12-11,2974.759545431631,2958.7705078125,6375
2023-12-12,2960.9416526295117,2901.772216796875,22249
2023-12-13,2898.861005789325,2895.505126953125,13485
2023-12-14,2909.618883159218,2918.20556640625,14270
2023-12-15,2935.2800459689274,3042.367431640625,108903
2023-12-18,3059.6398786920417,3013.794677734375,51391
2023-12-19,3013.1530663002163,3019.815185546875,41616
2023-12-20,3018.186455072675,2949.295166015625,32110
2023-12-21,2948.1110159758355,2995.7822265625,35902
2023-12-22,3000.3222031819732,2988.083740234375,22824
2023-12-26,2984.6788638537555,3044.785888671875,24057
2023-12-27,3044.835224551428,3031.21484375,49066
2023-12-28,3039.90023715837,3033.48486328125,110819
2023-12-29,3049.7699726985447,3026.427978515625,33805
2024-01-01,3011.5737817725308,3033.58349609375,11625
2024-01-02,3039.850769096707,3025.53955078125,13400
2024-01-03,3034.9653749175413,3004.763671875,14691
2024-01-04,3004.763726287158,3024.700927734375,14585
2024-01-05,3024.7008675204925,3008.46484375,19343
2024-01-08,3008.464921854207,3011.524658203125,21487
2024-01-09,3020.160569221605,3016.804931640625,20233
2024-01-10,3016.8050963772325,3014.189453125,12157
2024-01-11,3013.2518866487335,3003.67822265625,10697
2024-01-12,3001.2600003075977,2949.788818359375,16739
2024-01-15,2949.788962623515,2961.830078125,21383
2024-01-16,2990.501888253892,2924.12744140625,14262
2024-01-17,2925.410256554555,2911.592529296875,11803
2024-01-18,2883.957151756614,2913.763916015625,8824
2024-01-19,2928.3711935128213,2975.3515625,17021
2024-01-23,2966.9132339290495,2923.0419921875,17582
2024-01-24,2921.4625536977765,2929.3583984375,24331
2024-01-25,2929.3583165744326,2930.14794921875,8243
2024-01-29,2931.332429415732,2936.415283203125,7670
2024-01-30,2926.397386647792,2922.301513671875,11255
2024-01-31,2943.0773139965504,2998.15087890625,17748
2024-02-01,3038.9131315626773,3006.046630859375,8963
2024-02-02,3005.356025051319,3014.78173828125,13843
2024-02-05,2966.863654508324,3103.906005859375,37449
2024-02-06,3120.8325018825303,3133.41650390625,33404
2024-02-07,3134.6009144911645,3132.923095703125,22018
2024-02-08,3132.9229336222124,3132.429443359375,12144
2024-02-09,3131.640161009752,3171.267578125,41846
2024-02-12,3171.2674821312467,3348.67724609375,241832
2024-02-13,3261.8229379354257,3245.883056640625,73211
2024-02-14,3211.684277563544,3300.1669921875,28223
2024-02-15,3300.5618930795426,3325.92724609375,28489
2024-02-16,3326.1246793934524,3323.213134765625,15593
2024-02-19,3326.1245857550493,3275.640625,13275
2024-02-20,3274.702711074427,3281.01953125,15087
2024-02-21,3305.052452995548,3217.951416015625,18945
2024-02-22,3212.6217699971403,3251.55810546875,20479
2024-02-23,3251.114059747075,3219.580078125,9402
2024-02-26,3222.491781812491,3276.2822265625,10699
2024-02-27,3276.7757190890597,3274.8017578125,6196
2024-02-28,3286.6453800365866,3262.46435546875,15422
2024-02-29,3257.0361324287933,3256.44384765625,15490
2024-03-01,3251.1139830294114,3272.28466796875,16627
2024-03-04,3261.9707602846715,3220.66552734375,10115
2024-03-05,3220.665585888675,3180.248779296875,10225
2024-03-06,3180.1007900623877,3150.98486328125,24181
2024-03-07,3130.998543655287,3180.989013671875,24336
2024-03-11,3180.9890916613585,3183.752685546875,17429
2024-03-12,3159.8181158946327,3219.8759765625,14518
2024-03-13,3235.667970753521,3122.362548828125,26234
2024-03-14,3121.819586702169,3173.8828125,8442
2024-03-15,3158.2885429069315,3179.75537109375,18714
2024-03-18,3179.7554138630567,3262.563232421875,24844
2024-03-19,3266.905992345393,3222.541259765625,21989
2024-03-20,3222.5409964201936,3121.5234375,13149
2024-03-21,3124.7806278676862,3161.397705078125,13487
2024-03-22,3159.3249113040797,3186.713623046875,8314
2024-03-26,3206.3546466937264,3159.078369140625,14123
2024-03-27,3148.4679371928564,3206.50244140625,13524
2024-03-28,3205.762483689445,3293.603759765625,22240
2024-04-01,3306.3355698832274,3505.212158203125,115831
2024-04-02,3553.130122266854,3555.498779296875,53900
2024-04-03,3507.0876439147137,3507.975830078125,24386
2024-04-04,3514.8354320291287,3527.567626953125,19538
2024-04-05,3527.4685128252067,3580.27197265625,16643
2024-04-08,3592.609401556906,3573.51123046875,34697
2024-04-09,3606.328270490901,3675.762451171875,239295
2024-04-10,3685.3855942987384,3731.32958984375,44684
2024-04-12,3750.4274610964394,3658.44091796875,27729
2024-04-15,3671.5676780682497,3576.71875,20999
2024-04-16,3582.4434328594307,3645.264892578125,17280
2024-04-18,3673.3443886810524,3567.342529296875,14373
2024-04-19,3553.1301904681504,3564.924560546875,18879
2024-04-22,3589.6483819759283,3571.635986328125,24820
2024-04-23,3592.5600101373834,3514.637939453125,18147
2024-04-24,3537.9305967396886,3526.135986328125,10021
2024-04-25,3524.507668081906,3569.267333984375,10204
2024-04-26,3569.267447473737,3657.799560546875,17321
2024-04-29,3693.676191495513,3693.133544921875,18377
2024-04-30,3721.75615235505,3688.001220703125,18306
2024-05-02,3730.78661558858,3961.8388671875,132151
2024-05-03,3997.271141826923,4009.6083984375,53387
2024-05-06,4009.6084375914543,4215.640625,146527
2024-05-07,4204.537440036517,4092.21923828125,30316
2024-05-08,4068.5805793287527,4176.26025390625,40902
2024-05-09,4174.976853235039,3967.859130859375,32875
2024-05-10,3962.6282852432214,4168.01904296875,40959
2024-05-13,4218.108409413869,4043.560791015625,25054
2024-05-14,4068.4330241645303,4557.333984375,484556
2024-05-15,4589.459905285302,4515.23876953125,143354
2024-05-16,4549.980773175655,4562.3671875,68347
2024-05-17,4556.938445429533,4579.73779296875,29664
2024-05-21,4589.4599817242615,4464.90283203125,37760
2024-05-22,4490.761499494777,4299.6328125,64603
2024-05-23,4311.180398678258,4271.4052734375,27055
2024-05-24,4298.941634872346,4372.02783203125,42208
2024-05-27,4372.323862485564,4392.359375,56501
2024-05-28,4392.359827620464,4308.2197265625,33903
2024-05-29,4303.136714386124,4306.09765625,20309
2024-05-30,4303.23545170214,4233.80126953125,33653
2024-05-31,4266.569249270854,4215.591796875,45007
2024-06-03,4293.365564226303,4291.24365234375,22781
2024-06-04,4291.2433427434435,3863.634033203125,52915
2024-06-05,3883.768702653122,4118.12744140625,38919
2024-06-06,4180.0109177955665,4282.8544921875,31529
2024-06-07,4278.561212576428,4270.6162109375,11389
2024-06-10,4327.909905943823,4499.2001953125,50932
2024-06-11,4540.110383987083,4633.42919921875,113542
2024-06-12,4775.012189310231,4786.263671875,114922
2024-06-13,4827.371079111642,4837.734375,78332
2024-06-14,4843.607520311778,4888.21923828125,43431
2024-06-18,4939.837918376769,4922.5166015625,106062
2024-06-19,4974.382189245238,4844.29833984375,62183
2024-06-20,4846.469121663706,5166.349609375,115415
2024-06-21,5166.053430657184,5129.23876953125,66721
2024-06-24,5129.239308961932,5208.64208984375,32353
2024-06-25,5209.283942865319,5149.96630859375,36296
2024-06-26,5138.270149844233,5049.2939453125,18316
2024-06-27,5099.975739314254,4995.8984375,24825
2024-06-28,5020.918459955222,5018.10546875,12362
2024-07-01,5056.350768974707,5045.88916015625,31896
2024-07-02,5084.776073325844,5061.1376953125,44483
2024-07-03,5107.624472543629,5250.09521484375,48171
2024-07-04,5276.299492695678,5154.90087890625,58847
2024-07-05,5194.479317784208,5309.06787109375,47476
2024-07-08,5369.174097735086,5526.251953125,122272
2024-07-09,5585.471173993075,5373.51708984375,64305
2024-07-10,5408.357761859222,5509.91796875,80435
2024-07-11,5492.5469738962,5651.6484375,46959
2024-07-12,5664.282221390766,5564.30126953125,26006
2024-07-15,5592.084268076561,5508.48681640625,26804
2024-07-16,5524.08100092865,5558.7236328125,21126
2024-07-18,5599.140503741347,5449.51416015625,39410
2024-07-19,5421.484248620272,5395.82275390625,30511
2024-07-22,5324.760361509729,5586.0634765625,36427
2024-07-23,5581.374657488391,5593.11962890625,25758
2024-07-24,5620.854527149037,5821.55712890625,35404
2024-07-25,5821.211525017557,6092.58203125,48235
2024-07-26,6125.67678243281,5731.654296875,133464
2024-07-29,5782.854768830278,5926.4638671875,91444
2024-07-30,5960.053767382437,6042.568359375,34442
2024-07-31,6038.215180302725,6172.2275390625,38566
2024-08-01,6225.209268580845,6075.41650390625,63751
2024-08-02,6010.512220198645,5943.43212890625,26824
2024-08-05,5881.892252164791,5680.7998046875,38386
2024-08-06,5985.777887699832,5716.31884765625,32120
2024-08-07,5832.423060039548,6859.552734375,500924
2024-08-08,7074.100701503357,7485.8828125,954911
2024-08-09,7560.680340671746,7249.271484375,126789
2024-08-12,7271.978137348535,7173.732421875,40874
2024-08-13,7222.508636409261,6930.64013671875,38551
2024-08-14,6930.541187629624,6589.005859375,50205
2024-08-16,6564.61711252917,6534.3916015625,57797
2024-08-19,6627.640929207591,6330.62744140625,68839
2024-08-20,6330.083940683819,6428.97314453125,49856
2024-08-21,6441.8844863442855,6438.71826171875,26288
2024-08-22,6470.576212181761,6749.236328125,72416
2024-08-23,6752.600065259419,6632.587890625,28237
2024-08-26,6595.238578158458,6598.998046875,28545
2024-08-27,6628.878242475512,6944.83837890625,52998
2024-08-28,6955.374943924284,6717.6259765625,36586
2024-08-29,6683.887622151873,6806.62060546875,65581
2024-08-30,6849.510797091762,6522.6181640625,42827
2024-09-02,6522.618242443162,6459.59423828125,19746
2024-09-03,6464.640062391578,6444.654296875,12945
2024-09-04,6430.060980106055,6492.541015625,12350
2024-09-05,6532.90777012281,6612.00927734375,30256
2024-09-06,6663.506471685055,6706.29736328125,35366
2024-09-09,6776.296312924702,6706.84130859375,21881
2024-09-10,6759.476791003347,6800.6845703125,22276
2024-09-11,6796.08389456299,6641.88818359375,9413
2024-09-12,6658.510130982057,6571.93896484375,8666
2024-09-13,6571.939092221698,6726.18408203125,15360
2024-09-16,6801.030740209033,6757.79443359375,14981
2024-09-17,6762.444901506204,7091.76171875,45433
2024-09-18,7161.166920159791,6799.44775390625,29824
2024-09-19,6874.196142939856,6781.34228515625,22015
2024-09-20,6870.980452950281,6654.8984375,25848
2024-09-23,6708.077698546744,6656.97607421875,8529
2024-09-24,6661.9236253251265,6628.13623046875,7613
2024-09-25,6801.921351910691,6658.015625,9205
2024-09-26,6633.874090793743,6786.33837890625,25437
2024-09-27,6846.542361863838,7188.12744140625,80158
2024-09-30,7320.457555547798,7306.853515625,61671
2024-10-01,7307.991581241767,7832.1181640625,426550
2024-10-03,7717.2008896174275,8025.0478515625,115670
2024-10-04,8032.814591028101,8096.0859375,65952
2024-10-07,8201.010064015656,8148.47412109375,158674
2024-10-08,8259.384259139884,8431.091796875,66125
2024-10-09,8422.631919940495,8258.9873046875,43466
2024-10-10,8258.444096090796,8026.73046875,28063
2024-10-11,8033.804663349708,8081.54248046875,19598
2024-10-14,8137.68980333029,8012.43359375,24496
2024-10-15,8004.123179710347,8464.8798828125,65411
2024-10-16,8463.049285765246,8226.4384765625,30040
2024-10-17,8272.048087402814,8164.8486328125,27925
2024-10-18,8128.785134879637,7933.72802734375,32336
2024-10-21,7934.865917294083,7635.4287109375,24270
2024-10-22,7657.838328338351,7215.38525390625,34739
2024-10-23,7217.512242364576,7518.33447265625,27404
2024-10-24,7518.334550177143,7322.83203125,13044
2024-10-25,7322.831914695494,7031.01318359375,32870
2024-10-28,6904.12450381208,7232.74853515625,23967
2024-10-29,7237.349300888142,7213.109375,9294
2024-10-30,7263.073677940455,7187.3857421875,13663
2024-10-31,7215.582757300213,7576.90625,38438
2024-11-01,7756.776524613481,8222.083984375,47786
2024-11-04,8261.362706634673,8200.4169921875,64781
2024-11-05,8210.903530816167,8249.2421875,74710
2024-11-06,8291.341142241723,8185.37841796875,21495
2024-11-07,8300.93840984812,8240.5859375,35182
2024-11-08,8344.718113853985,8075.60546875,15148
2024-11-11,7994.27851523299,7782.40185546875,27041
2024-11-12,7788.68409789388,6631.5986328125,163286
2024-11-13,6628.8778975341,6266.0703125,117376
2024-11-14,6272.748442685654,6390.3369140625,49270
2024-11-18,6292.487310841698,5982.0185546875,93091
2024-11-19,6060.674117876,5913.75048828125,37614
2024-11-21,5812.635518785337,5781.66796875,31377
2024-11-22,5771.774047334172,5569.494140625,56085
2024-11-25,5580.426832222535,5703.90234375,102887
2024-11-26,5741.350385101808,5679.71142578125,34671
2024-11-27,5697.124794215616,5765.68896484375,32142
2024-11-28,5792.253965524412,5870.2177734375,122736
2024-11-29,5921.863549984145,5952.880859375,49376
2024-12-02,5850.47977857691,5598.3349609375,152757
2024-12-03,5610.05876107575,5609.11865234375,76335
2024-12-04,5619.705341145373,5591.01318359375,37711
2024-12-05,5676.051084783989,5597.93896484375,30156
2024-12-06,5608.575008791467,5565.14111328125,46144
2024-12-09,5565.1410902026155,5565.68505859375,34420
2024-12-10,5556.384807437652,5603.6279296875,48553
2024-12-11,5603.628038269508,5555.9892578125,31328
2024-12-12,5592.497191949939,5580.1298828125,76337
2024-12-13,5669.174396460114,5615.2529296875,177027
2024-12-16,5615.302612963166,5578.20068359375,32148
2024-12-17,5607.783772299118,5551.58642578125,38635
2024-12-18,5554.009982838372,5521.85498046875,26029
2024-12-19,5452.202420664356,5402.48583984375,53258
2024-12-20,5723.591236423175,5639.34521484375,654343
2024-12-23,5729.378666102717,5580.1298828125,46146
2024-12-24,5590.024072974204,5583.939453125,28638
2024-12-26,5576.865270377853,5564.39892578125,34464
2024-12-27,5586.06612274666,5568.10888671875,12528
2024-12-30,5610.504489820494,5490.64013671875,68240
2024-12-31,5461.404166551829,5503.8984375,16321
2025-01-01,5573.600215583044,5549.85498046875,15563
2025-01-02,5549.8550498798195,5457.24853515625,33393
2025-01-03,5457.44638395576,5383.63818359375,32166
2025-01-06,5384.577971755637,5293.99951171875,31339
2025-01-07,5327.836862405771,5307.30712890625,15412
2025-01-08,5307.307114396896,5138.4189453125,23671
2025-01-09,5144.3060167075,5221.47802734375,107880
2025-01-10,5221.47806390753,5057.19091796875,21739
2025-01-13,5070.597295539131,4769.92333984375,41736
2025-01-14,4784.6646571574265,4880.88232421875,17488
2025-01-15,4880.8821319319295,4961.96240234375,17522
2025-01-16,4996.7394141819395,5014.54833984375,23207
2025-01-17,5010.590636189954,4937.02978515625,15047
2025-01-20,4965.722170451287,4873.6103515625,10829
2025-01-21,4863.8156667858175,4814.0498046875,35645
2025-01-22,4823.2507878066735,4772.990234375,18529
2025-01-23,4778.72861409336,4758.94091796875,10410
2025-01-24,4830.32468694782,4593.7626953125,23102
2025-01-27,4554.4844694697595,4629.083984375,32183
2025-01-28,4689.683778837392,4478.94482421875,29472
2025-01-29,4452.231627869143,4703.78271484375,19485
2025-01-30,4651.097696931969,4547.65771484375,40288
2025-01-31,4549.1908179778675,4565.56494140625,29370
2025-02-01,4599.649515513742,4417.25634765625,29566
2025-02-03,4402.76235525761,4189.6982421875,68493
2025-02-04,4365.165756338174,4190.2919921875,96804
2025-02-05,4056.4775000218538,4255.44287109375,85940
2025-02-06,4278.1000579805805,4286.01513671875,33419
2025-02-07,4286.014911591144,4306.7919921875,26882
2025-02-10,4333.505136667098,4237.13916015625,15682
2025-02-11,4056.477388190598,4281.46337890625,47964
2025-02-12,4266.425400237104,4269.3935546875,30133
2025-02-13,4231.598661694429,4202.0654296875,25595
2025-02-14,4202.065324303555,4102.4345703125,111144
2025-02-17,4102.879612419315,4319.20849609375,85290
2025-02-18,4254.354668151279,4322.2265625,57754
2025-02-19,4322.226696100732,4399.1513671875,38871
2025-02-20,4399.150710696685,4402.3662109375,16077
2025-02-21,4392.868466537664,4358.53662109375,19886
2025-02-24,4335.484005541753,4369.17236328125,23177
2025-02-25,4369.17202398981,4369.9140625,25601
2025-02-27,4353.9858600900125,4255.640625,26043
2025-02-28,4263.259078344741,4240.849609375,48290
2025-03-03,4240.849792908562,4347.40625,31488
2025-03-04,4311.738946712916,4378.47314453125,19831
2025-03-05,4335.483661214428,4513.17724609375,30326
2025-03-06,4536.328994038322,4533.36083984375,22806
2025-03-07,4534.350456789097,4730.94140625,51518
2025-03-10,4727.280319148604,4635.21826171875,21783
2025-03-11,4585.798016856153,4576.8935546875,25301
2025-03-12,4576.844515216814,4585.69921875,14097
2025-03-13,4585.69895248512,4438.13232421875,22836
2025-03-17,4451.934796485873,4488.59130859375,19334
2025-03-18,4488.59130859375,4488.59130859375,0
2025-03-19,4501.700775862609,4472.810546875,23526
2025-03-20,4485.870343117,4471.919921875,30749
2025-03-21,4459.6522173659505,4468.60595703125,38832
2025-03-24,4473.9976722626225,4443.42578125,29029
2025-03-25,4479.43921504225,4383.0732421875,82246
2025-03-26,4387.030718725421,4346.6142578125,26775
2025-03-27,4353.29301341519,4414.189453125,30400
2025-03-28,4416.613220382311,4376.7412109375,44712
2025-04-01,4400.783072432645,4398.35888671875,14941
2025-04-02,4401.772988123149,4506.44970703125,19312
2025-04-03,4483.940981071098,4473.20654296875,11047
2025-04-04,4475.976397029777,4351.2646484375,17563
2025-04-07,4239.5133912094,4272.1630859375,28011
2025-04-08,4315.795366742233,4311.19482421875,17039
2025-04-09,4270.184643635354,4341.9150390625,16587
2025-04-11,4382.974378036078,4438.42919921875,41748
2025-04-15,4531.382160669202,4495.36865234375,20817
2025-04-16,4517.827261171736,4478.1533203125,19342
2025-04-17,4479.934440226564,4422.35205078125,23572
2025-04-21,4422.351855581574,4608.0595703125,45006
2025-04-22,4650.1083177170185,4609.642578125,31154
2025-04-23,4650.108245727194,4551.5654296875,21422
2025-04-24,4574.915291335708,4566.10986328125,17499
2025-04-25,4573.925933055969,4476.8671875,18448
2025-04-28,4464.104334309192,4441.744140625,13768
2025-04-29,4463.906194307255,4424.0341796875,8912
2025-04-30,4445.30559819899,4344.58642578125,22865
2025-05-02,4343.399055211825,4257.12451171875,17083
2025-05-05,4287.894507149479,4329.943359375,12223
2025-05-06,4349.335307379011,4273.54833984375,11105
2025-05-07,4160.461796680762,4314.41015625,14614
2025-05-08,4335.285921425936,4282.15625,21582
2025-05-09,4254.354275082457,4284.23388671875,7737
2025-05-12,4422.550109963184,4449.0654296875,18783
2025-05-13,4462.124966071528,4517.23388671875,24187
2025-05-14,4556.215912889532,4428.38720703125,123140
2025-05-15,4378.027967758832,4458.3662109375,33837
2025-05-16,4452.231121495278,4524.060546875,48817
2025-05-19,4524.159930994063,4850.8544921875,138035
2025-05-20,5095.331295383702,5247.9931640625,887083
2025-05-21,5243.739219158986,5150.4404296875,90158
2025-05-22,5150.440297508377,5140.0517578125,52172
2025-05-23,5141.2388198216895,5113.43701171875,24654
2025-05-26,5137.380224453813,5279.35693359375,79485
2025-05-27,5312.996514686032,5184.97021484375,38766
2025-05-28,5221.973138568725,5266.89111328125,55361
2025-05-29,5316.953567218702,5212.27685546875,37696
2025-05-30,5212.078908856385,5157.26708984375,27106
2025-06-02,5149.747306777233,5113.634765625,21049
2025-06-03,5152.715815332435,5141.337890625,23302
2025-06-04,5148.758629683423,5119.57177734375,12471
2025-06-05,5139.359150164405,5061.19775390625,18211
2025-06-06,5012.717697076335,4940.9873046875,37153
2025-06-09,4945.93445307834,4969.6796875,23422
2025-06-10,4996.393322954182,4944.9453125,18156
2025-06-11,4970.668846365638,4940.9873046875,15508
2025-06-12,4966.2165319517735,4945.439453125,72265
2025-06-13,4896.464910176178,4945.439453125,21180
2025-06-16,4945.4399095398785,5025.580078125,20435
2025-06-17,5053.777098216481,5029.04248046875,28234
2025-06-18,5055.756142416886,4973.63720703125,11821
2025-06-19,4971.658582175632,4858.3740234375,20697
2025-06-20,4849.964248124617,4846.99609375,13483
2025-06-23,4867.772866376028,4872.22509765625,12557
2025-06-24,4909.821415918195,4908.83203125,10838
2025-06-25,4880.140274631738,4951.3759765625,19957
2025-06-26,4996.393351472182,4963.74365234375,14331
2025-06-27,5000.845616679435,5054.76708984375,80525
2025-06-30,5095.331421194007,5107.69873046875,34638
2025-07-01,5095.331272472567,5150.73681640625,38631
2025-07-02,5150.736866970592,5078.01708984375,25248
2025-07-03,5099.78374994303,5087.9111328125,30048
2025-07-04,5131.938587554899,5096.8154296875,13543
2025-07-07,5120.066250306773,5102.25732421875,12959
2025-07-08,5125.012816733189,5112.6455078125,26724
2025-07-09,5159.146716037803,5062.18701171875,12498
2025-07-10,5072.08092269122,5061.6923828125,14497
2025-07-11,5070.5965121689505,4991.9404296875,17605
2025-07-14,5016.180459606632,4945.439453125,18091
2025-07-15,4948.4079294171715,5003.8134765625,15509
2025-07-16,5035.9684968606025,4939.0087890625,21219
2025-07-17,4968.690302541846,5068.6181640625,29190
2025-07-18,5045.861964875037,5002.82373046875,48361
2025-07-21,5040.420698381196,4969.6796875,11089
2025-07-22,4976.605478026668,4999.361328125,13451
2025-07-23,5001.3398592921085,5035.4736328125,12808
2025-07-24,5026.07435901713,5097.31005859375,31751
2025-07-25,5097.310462091179,4991.4462890625,14923
2025-07-28,4995.403540129151,4826.21875,28377
2025-07-29,4818.303973319211,4998.86669921875,25797
2025-07-30,5036.1158651507785,4978.0068359375,97572
2025-07-31,4938.274395778841,4960.6240234375,28169
2025-08-01,4966.583826069958,4793.5478515625,17201
2025-08-04,4830.300655165573,4727.591796875,13767
2025-08-05,4727.591606163414,4618.9228515625,21733
2025-08-06,4654.185532618472,4611.07568359375,12348
2025-08-07,4616.9361786993,4542.93408203125,13464
2025-08-08,4559.324018261496,4476.779296875,9389
2025-08-11,4452.0459386408,4567.3701171875,8446
2025-08-12,4567.369751982255,4614.85009765625,9274
2025-08-13,4647.331950808529,4576.70703125,7187
2025-08-14,4582.070981950819,4495.15576171875,10266
2025-08-18,4565.18434374124,4517.10791015625,14157
2025-08-19,4543.4309009848575,4496.14892578125,12436
2025-08-20,4530.517945465602,4554.15869140625,19847
2025-08-21,4553.364116974434,4561.90673828125,17281
2025-08-22,4566.277195382327,4571.044921875,11232
2025-08-25,4571.243811411574,4558.1318359375,6672
2025-08-26,4557.138249637864,4449.95947265625,14459
2025-08-28,4468.932336069692,4523.46533203125,53145
2025-08-29,4522.571269265389,4578.59423828125,82714
2025-09-01,4614.452818517393,4598.6591796875,9109
2025-09-02,4608.890251786524,4632.9287109375,8313
2025-09-03,4663.622133896779,4637.7958984375,5081
2025-09-04,4668.588997451861,4616.9365234375,9481
2025-09-05,4574.223950751482,4617.234375,7664
2025-09-08,4618.922812166899,4542.93408203125,11357
2025-09-09,4563.197586670317,4588.427734375,6432
2025-09-10,4607.897187880811,4596.970703125,8347
2025-09-11,4606.208483756145,4598.6591796875,5479
2025-09-12,4618.922852283422,4585.24951171875,6147
2025-09-15,4604.917172838061,4587.236328125,11327
2025-09-16,4599.0565752003295,4640.77587890625,15448
2025-09-17,4676.535462022862,4638.98828125,11569
2025-09-18,4638.988399257244,4615.34716796875,12140
2025-09-19,4623.889495744737,4624.8828125,13953
2025-09-22,4633.822547740727,4600.84423828125,13691
2025-09-23,4599.056595761712,4568.85986328125,10779
2025-09-24,4559.32406804761,4579.98486328125,6922
2025-09-25,4569.256953823495,4561.50927734375,5206
2025-09-26,4521.577828665222,4479.65966796875,7117
2025-09-29,4494.758483272433,4391.9501953125,10677
2025-09-30,4389.466738130223,4367.61376953125,6001
2025-10-01,4384.500409268119,4559.0263671875,23356
2025-10-03,4599.056648958333,4656.17236328125,36383
2025-10-06,4672.561877209901,4635.3125,9763
2025-10-07,4668.588869205277,4634.91552734375,7838
2025-10-08,4653.689087226856,4631.935546875,6330
2025-10-09,4618.922954083713,4635.412109375,5951
2025-10-10,4667.595517979044,4560.81396484375,10386
2025-10-13,4569.256996475623,4506.57861328125,12024
2025-10-14,4499.724739577148,4451.8466796875,10723
2025-10-15,4451.846794779083,4424.431640625,9629
2025-10-16,4427.212788978727,4565.0849609375,12862
2025-10-17,4565.2841046691765,4496.54638671875,7370
2025-10-20,4499.625639152767,4461.1845703125,8113
2025-10-21,4461.879640148948,4505.38720703125,2267
2025-10-23,4505.684763148171,4430.09326171875,15543
2025-10-24,4430.093263933865,4431.98046875,9284
2025-10-27,4453.932738275018,4398.505859375,12293
2025-10-28,4414.299820862676,4407.84326171875,7890
2025-10-29,4419.266332433679,4394.333984375,9528
2025-10-30,4411.81647072014,4403.7705078125,10899
2025-10-31,4420.259709846725,4382.513671875,6304
2025-11-03,4381.023839136577,4427.3125,14889
2025-11-04,4458.799876251964,4420.85546875,10292
2025-11-06,4421.1534945475905,4366.0244140625,13040
2025-11-07,4359.667363317529,4418.869140625,15226
2025-11-10,4386.4868922763435,4471.11767578125,12394
2025-11-11,4471.912051186215,4467.83935546875,6835
2025-11-12,4491.778276955602,4463.46875,6720
2025-11-13,4482.838520050919,4492.076171875,8760
2025-11-14,4489.592741316254,4383.70556640625,47192
2025-11-17,4360.660841584506,4354.3037109375,21154
2025-11-18,4354.303616110665,4290.13525390625,17167
2025-11-19,4296.194410198001,4380.82470703125,13101
2025-11-20,4410.326397834789,4339.60205078125,13531
2025-11-21,4305.034683489798,4365.9248046875,13198
2025-11-24,4365.925232982903,4215.83544921875,23033
2025-11-25,4215.835451972162,4199.9423828125,10178
2025-11-26,4211.066783105885,4171.1357421875,59854
2025-11-27,4177.493243203037,4143.3232421875,16303
2025-11-28,4143.422136438763,4129.01904296875,7140
2025-12-01,4143.521455324143,4089.087890625,9320
2025-12-02,4103.391492162806,4081.24072265625,7822
2025-12-03,4092.4651361383253,4055.315185546875,6192
2025-12-04,4009.4237914430973,4036.3427734375,7171
2025-12-05,4023.9262484938467,4018.66162109375,10741
2025-12-08,4018.6615511109876,3997.2060546875,10052
2025-12-09,3993.331994169815,3994.52392578125,16519
2025-12-10,3988.1668997244888,3977.33984375,7479
2025-12-11,3977.3398725972993,3883.471435546875,27162
2025-12-12,3893.801716556319,3875.325927734375,25750
2025-12-15,3874.9287283020653,3929.759765625,15554
2025-12-16,3941.4808351612132,3870.16064453125,7723
2025-12-17,3882.8751511019664,3804.701171875,12142
2025-12-18,3805.2971734552957,3789.7021484375,12032
2025-12-19,3811.3565346262467,3871.750244140625,14985
2025-12-22,3871.7502417272713,3905.423583984375,9997
2025-12-23,3905.423546850864,3888.835205078125,13339
2025-12-24,3864.0022646249113,3883.570556640625,12030
2025-12-26,3859.0357477019647,3867.578369140625,14270
2025-12-29,3887.8418430747347,3884.365234375,24635
2025-12-30,3884.3651699123952,3833.0107421875,40467
2025-12-31,3849.59909061286,3931.746337890625,13943
2026-01-01,3958.3673021659706,3889.331787109375,11232
2026-01-02,3889.8285256488807,3908.5029296875,9213
2026-01-05,3893.80167730558,3934.031005859375,10771
2026-01-06,3899.8610284282586,3871.94873046875,8765
2026-01-07,3872.9419789761637,3785.033447265625,13077
2026-01-08,3785.232131146036,3770.928466796875,17458
2026-01-09,3741.128964567853,3729.308349609375,11000
2026-01-12,3728.911078915864,3633.652099609375,22816
2026-01-13,3669.8088258470493,3593.025390625,13543
2026-01-14,3590.84000252657,3593.621337890625,20957
2026-01-15,3593.621337890625,3593.621337890625,0
2026-01-16,3593.6214125297543,3609.017822265625,8788
2026-01-19,3580.906862198235,3586.767333984375,8983
2026-01-20,3586.1715024590912,3560.643310546875,11591
2026-01-21,3560.9410727166373,3536.108154296875,13793
2026-01-22,3541.074781540096,3623.818115234375,10999
2026-01-23,3640.40654328062,3613.09033203125,8810
2026-01-27,3605.739884391871,3526.075927734375,86952
2026-01-28,3526.076032424914,3597.79345703125,8743
2026-01-29,3633.8508467854494,3593.720703125,14733
2026-01-30,3603.256619849781,3622.129638671875,25705
2026-02-02,3625.308104906282,3607.52783203125,9675
2026-02-03,3647.161186161652,3734.473876953125,37945
2026-02-04,3752.6513086689692,3730.79833984375,17790
2026-02-05,3719.971229883536,3728.613037109375,19708
2026-02-06,3712.024809476757,3624.016845703125,17747
2026-02-09,3640.5059877794733,3899.463623046875,47756
2026-02-10,3899.7615488588017,3830.03076171875,27108
2026-02-11,3830.0307647121117,3823.971435546875,18755
2026-02-12,3823.971587949627,3743.910400390625,14947
2026-02-13,3680.238512206964,3629.18212890625,51319
2026-02-16,3629.579365191354,3609.116943359375,12723
2026-02-17,3588.952902613146,3629.778076171875,15093
2026-02-18,3615.2759167129784,3641.697998046875,39498
2026-02-19,3644.4792790930637,3526.771240234375,26015
2026-02-20,3526.771083191585,3549.716796875,7149
2026-02-23,3536.2077164706707,3547.630859375,12198
2026-02-24,3546.1409794861306,3507.00439453125,13316
2026-02-25,3510.4809451909773,3502.931640625,12078
2026-02-26,3498.4615648325707,3505.81201171875,8698
2026-02-27,3505.811998441596,3429.02880859375,22699
2026-03-02,3377.27703275609,3565.4111328125,61511
2026-03-04,3541.2737924072985,3468.463623046875,22401
2026-03-05,3462.205556919,3430.816650390625,13428
2026-03-06,3438.4654913065365,3407.5732421875,10926
2026-03-09,3377.27708774021,3290.659912109375,19702
2026-03-10,3310.5261984391736,3438.6640625,19606
2026-03-11,3438.664074810222,3430.320068359375,22976
2026-03-12,3421.976354167084,3446.51123046875,16674
2026-03-13,3435.7832484026058,3440.253173828125,22378
2026-03-16,3426.942817188565,3442.537841796875,19431
2026-03-17,3451.775667744328,3397.24267578125,23085
2026-03-18,3397.2428607296583,3401.11669921875,26789
2026-03-19,3374.296974573971,3287.87841796875,17083
2026-03-20,3287.87847233509,3290.063720703125,17694
2026-03-23,3223.312799069188,3142.258056640625,31011
2026-03-24,3148.814188456034,3307.744873046875,26846
2026-03-25,3324.2339235601125,3374.49560546875,30913
2026-03-27,3370.721146050073,3269.40283203125,134983
2026-03-30,3218.3463958524508,3191.924072265625,52736
2026-04-01,3209.307099380407,3249.83447265625,16899
2026-04-02,3228.279503188944,3288.871826171875,12641
2026-04-06,3288.8718220900832,3269.2041015625,29014
2026-04-07,3267.018970841921,3297.01708984375,31732
2026-04-08,3428.4327697627264,3554.186767578125,54070
2026-04-09,3525.3807228237165,3519.91748046875,26005
2026-04-10,3534.2211660030434,3586.4697265625,15689
2026-04-13,3555.0806858462256,3557.166748046875,12211
2026-04-15,3613.686339527046,3645.373046875,19527
2026-04-16,3671.298869664776,3656.10107421875,12712
2026-04-17,3666.8288865341196,3677.75537109375,20205
2026-04-20,3693.15183447172,3626.599609375,9415
2026-04-21,3651.8296793486784,3668.716064453125,10838
2026-04-22,3658.4852030874226,3732.4873046875,11455
2026-04-23,3734.8711758715317,3712.422119140625,8963
2026-04-24,3715.9981455023835,3625.804931640625,13869
2026-04-27,3655.9023299217097,3620.739013671875,8692
2026-04-28,3634.545951333018,3626.8974609375,11188
2026-04-29,3664.742819218862,3579.019775390625,17700
2026-04-30,3543.757059606951,3617.560302734375,19807
2026-05-01,3617.560302734375,3617.560302734375,0
2026-05-04,3623.718892012292,3625.010009765625,22275
2026-05-05,3625.6061188080453,3596.601318359375,14259
2026-05-06,3662.2594521926912,3777.385009765625,49901
2026-05-07,3814.336386821242,3831.42138671875,96463
2026-05-08,3856.0556545865184,4002.867919921875,105032
2026-05-11,4002.8679015431167,3847.016357421875,26701
2026-05-12,3830.5274885333183,3730.79833984375,19397
2026-05-13,3744.804293510596,3834.699462890625,48239
2026-05-14,3864.499007211577,3870.95556640625,27013
2026-05-15,3870.955504496609,3829.434814453125,13560
2026-05-18,3824.269489736268,3805.793701171875,17829
2026-05-19,3818.3096991736807,3784.4375,183817
2026-05-20,3823.2761277295776,3599.283203125,78016
2026-05-21,3634.049423810282,3559.35205078125,24787
2026-05-22,3559.2526250884384,3466.2783203125,24818
2026-05-25,3496.375700228414,3491.508544921875,18523
2026-05-26,3491.508535482066,3468.066162109375,15381
2026-05-27,3438.0679664495583,3407.275146484375,16178
2026-05-28,3407.275146484375,3407.275146484375,0
2026-05-29,3407.2751656553587,3376.97900390625,16081
2026-06-01,3376.9788728118615,3307.943359375,19547
2026-06-02,3296.023548117961,3326.12109375,10345
2026-06-03,3336.849142868175,3290.659912109375,12794
2026-06-04,3292.348339943688,3420.684814453125,27029
2026-06-05,3449.78904344493,3394.9580078125,10841
2026-06-08,3390.5873100929107,3312.413330078125,12380
2026-06-09,3341.51769864988,3335.6572265625,19243
2026-06-10,3335.6570525521633,3264.038818359375,14355
2026-06-11,3228.279479755247,3230.26611328125,7894
2026-06-12,3246.0596670721216,3334.067626953125,12145
2026-06-15,3356.4174401798823,3424.956298828125,27519
2026-06-16,3468.1653926150775,3438.862548828125,7545
2026-06-17,3430.022351372982,3478.99267578125,16421
2026-06-18,3496.4751267975316,3446.114013671875,14318
2026-06-19,3446.809208736161,3480.283935546875,17743
2026-06-22,3442.836015857764,3549.021484375,69130
2026-06-23,3603.7533458860207,3720.76611328125,217101
2026-06-24,3745.797550267094,3733.7783203125,35518
2026-06-25,3753.6445587470253,3627.989990234375,23946
2026-06-26,3627.989990234375,3627.989990234375,0
2026-06-29,3627.592762093669,3612.096923828125,16286
2026-06-30,3622.626324615977,3579.715087890625,13951
2026-07-01,3583.290798031007,3540.876220703125,11421
2026-07-02,3555.0807295089066,3613.09033203125,14903
2026-07-03,3635.5393648012937,3639.612060546875,20054
2026-07-06,3639.6121028640932,3616.4677734375,8714
2026-07-07,3616.467679667317,3512.566650390625,21375
2026-07-08,3500.448349193975,3433.697509765625,16889
2026-07-09,3446.7098570714584,3454.060546875,8462
2026-07-10,3475.615327646731,3520.115966796875,7676
2026-07-13,3516.241971250173,3499.554443359375,10089
2026-07-14,3510.083309986977,3589.449462890625,30219
2026-07-15,3589.4496663713307,3675.768798828125,19750
2026-07-16,3685.2052380409777,3767.054443359375,32065
2026-07-17,3765.5645212228983,3698.118408203125,13458
2026-07-20,3675.2719522105,3662.060791015625,15298
2026-07-21,3694.1449866218427,3808.078369140625,57136
2026-07-22,3830.8254413655304,3739.638916015625,18798
2026-07-23,3728.9111392824248,3673.285400390625,15036
2026-07-24,3665.3388630278746,3645.671142578125,11446
2026-07-27,3710.733376449581,3713.415283203125,6605
2026-07-28,3734.7716664258414,3675.470703125,6473
2026-07-29,3691.363690581075,3715.699951171875,12912
2026-07-30,3740.0,3687.89990234375,7715
2026-07-31,3687.89990234375,3633.800048828125,17332
2026-08-03,3652.0,3729.699951171875,14660
2026-08-04,3738.0,3947.10009765625,775498
2026-08-05,3950.0,4036.60009765625,271306
2026-08-06,4050.0,4125.0,173703
2026-08-07,4008.0,4091.0,66610
2026-08-10,4117.5,4031.60009765625,43471
2026-08-11,4057.5,4037.199951171875,23357
2026-08-12,4022.0,3990.10009765625,26790
2026-08-13,3998.10009765625,4134.2001953125,66291
2026-08-14,4144.89990234375,4077.89990234375,25080
2026-08-17,4077.89990234375,4041.199951171875,83950
2026-08-18,4049.300048828125,3979.800048828125,30791
2026-08-19,3990.0,3930.0,15085
2026-08-20,3959.0,3856.199951171875,24285
2026-08-21,3861.199951171875,3902.699951171875,20869
2026-08-24,3902.800048828125,3878.60009765625,16281
2026-08-25,3904.5,3872.199951171875,16102
2026-08-26,3898.800048828125,3914.0,14043
2026-08-27,3939.199951171875,3846.10009765625,12754
2026-08-28,3845.0,3848.699951171875,7730
2026-08-31,3848.699951171875,3787.800048828125,18555
2026-09-01,3811.300048828125,3760.800048828125,13391
2026-09-02,3742.0,3811.0,15322
2026-09-03,3829.89990234375,3832.39990234375,12087
2026-09-04,3835.0,3864.89990234375,30319
2026-09-07,3875.0,3788.0,20383
2026-09-08,3785.199951171875,3788.800048828125,25345
2026-09-09,3760.0,3746.0,19474
2026-09-10,3700.0,3688.300048828125,18740
2026-09-11,3663.39990234375,3661.5,18224
2026-09-14,3661.5,3661.5,0
2026-09-15,3662.0,3539.39990234375,17640
2026-09-16,3549.89990234375,3558.39990234375,15289
2026-09-17,3579.0,3601.60009765625,16853
2026-09-18,3617.0,3605.699951171875,35931
2026-09-21,3601.10009765625,3663.800048828125,60650
2026-09-22,3675.0,3572.199951171875,16962
