Date,Open,Close,Volume
2018-01-01,86.00684502735622,88.32759094238281,14221778
2018-01-02,89.81286007519071,91.15888977050781,23565569
2018-01-03,92.08718336128445,91.48379516601562,13637110
2018-01-04,91.76229366897223,93.52606201171875,14450624
2018-01-05,93.80454610949936,95.0113296508789,19274135
2018-01-08,95.7539692068798,94.64000701904297,5822499
2018-01-09,94.91850427415893,93.85095977783203,6319831
2018-01-10,93.85095875529785,96.35736846923828,15393638
2018-01-11,96.26453714921355,96.0788803100586,5567140
2018-01-12,96.54303342655507,95.33624267578125,11196848
2018-01-15,95.61473045487436,94.17586517333984,5305858
2018-01-16,94.3151014555108,91.90152740478516,9669560
2018-01-17,91.25173118862091,92.73700714111328,12263755
2018-01-18,93.10833312991446,90.46267700195312,9461595
2018-01-19,90.04493693685802,90.55550384521484,4371119
2018-01-22,91.06606065870403,97.0535888671875,19820608
2018-01-23,99.04944115254568,96.96076965332031,20713446
2018-01-24,96.54302769678948,96.6822738647461,11030400
2018-01-25,96.5430214891156,95.6147232055664,21320475
2018-01-29,96.03244777047338,94.59358978271484,8267296
2018-01-30,94.87208683647499,94.31510925292969,6760018
2018-01-31,94.08303985901159,93.01549530029297,12559349
2018-02-01,93.29399319170612,93.15474700927734,10520230
2018-02-02,92.04078569538135,86.7958984375,12197761
2018-02-05,85.40343893053664,88.04908752441406,10260198
2018-02-06,84.01099527719859,85.86759185791016,9712898
2018-02-07,87.39929041761191,87.49211883544922,10329147
2018-02-08,88.55966553388548,88.32759094238281,22688194
2018-02-09,85.6355201085055,87.63136291503906,8587666
2018-02-12,88.28116177275706,90.50907897949219,9746825
2018-02-14,91.25171518176171,90.83397674560547,7781773
2018-02-15,91.86352603505973,88.58769989013672,5627414
2018-02-16,89.4768631577904,88.2601318359375,6881218
2018-02-19,88.77490293427861,87.23058319091797,5548339
2018-02-20,87.18378832165943,87.09019470214844,5526504
2018-02-21,87.5113661758395,85.82665252685547,6127936
2018-02-22,85.59266666676211,85.40547943115234,7325803
2018-02-23,86.10744174743847,86.94979858398438,5903091
2018-02-26,87.41777205773187,87.3709716796875,5571950
2018-02-27,87.51137184867791,85.49907684326172,6008686
2018-02-28,85.07790302729028,84.14195251464844,9655809
2018-03-01,85.03109528683915,84.89070129394531,6768063
2018-03-05,84.7971115549976,84.60992431640625,4722003
2018-03-06,85.17149902037534,82.55083465576172,5104528
2018-03-07,82.55082284154344,79.97695922851562,7637799
2018-03-08,80.30455391869847,80.58533477783203,6710709
2018-03-09,80.95971471644202,80.63213348388672,9925102
2018-03-12,81.4276902720171,81.38088989257812,9123597
2018-03-13,81.33409118652344,81.33409118652344,8051617
2018-03-14,80.959716796875,80.959716796875,8837035
2018-03-15,80.95971171494585,81.4744873046875,5919232
2018-03-16,81.42768822020622,80.86611938476562,10466068
2018-03-19,81.33410221632056,78.38585662841797,6406121
2018-03-20,78.1518634637724,78.71343231201172,4103288
2018-03-21,79.04100720017556,77.73068237304688,6618739
2018-03-22,78.05827963504461,76.1863784790039,6440184
2018-03-23,74.92284662682367,76.1863784790039,6338328
2018-03-26,76.65434472882443,76.98192596435547,5569982
2018-03-27,77.6838913448945,77.4967041015625,5473439
2018-03-28,77.12232302996927,76.13957214355469,5314016
2018-04-02,76.8415319238287,77.16911315917969,5985693
2018-04-03,77.21591409853403,80.21095275878906,7649561
2018-04-04,80.16416515020212,79.6961898803711,10485067
2018-04-05,80.95971333948934,81.61487579345703,5368585
2018-04-06,81.75527020051186,81.9892578125,3637880
2018-04-09,81.94247669135062,82.83162689208984,6272615
2018-04-10,82.92521111847198,83.25279235839844,3649228
2018-04-11,83.11240494257152,84.79711151123047,7215318
2018-04-12,85.0311040108546,83.53358459472656,3665255
2018-04-13,83.76757321234717,82.55083465576172,2812919
2018-04-16,82.36364567934737,82.78482055664062,2292212
2018-04-17,83.20601419585017,82.5040512084961,2758598
2018-04-18,82.78481254231687,82.2232437133789,2178827
2018-04-19,82.45723930310857,82.78482055664062,2755814
2018-04-20,82.36365016540032,83.62718200683594,5246399
2018-04-23,83.90795689145116,83.58037567138672,3518684
2018-04-24,83.29959238221134,82.69122314453125,3858977
2018-04-25,82.64441840645758,80.3045425415039,3114416
2018-04-26,79.74298375087095,80.81932830810547,8861347
2018-04-27,80.91291847889285,81.28730010986328,3181023
2018-04-30,81.52129060368911,82.17646026611328,2236471
2018-05-02,83.48677536367309,82.2232437133789,5551848
2018-05-03,81.42769733198611,80.07057189941406,3633182
2018-05-04,80.07055917091513,78.85382080078125,2669546
2018-05-07,79.08781220708575,78.94741821289062,2720386
2018-05-08,79.13462171813532,77.96468353271484,5198731
2018-05-09,78.2454605102539,78.2454605102539,2871177
2018-05-10,78.43265261416502,75.43760681152344,9908099
2018-05-11,75.95238842111293,75.48441314697266,7155264
2018-05-14,75.48441494309712,72.77015686035156,5204961
2018-05-15,73.3785205499403,73.09773254394531,7839753
2018-05-16,72.53615736371236,74.22087097167969,4031284
2018-05-17,74.7356487878441,74.17407989501953,7601441
2018-05-18,74.3612512943115,71.50660705566406,3786274
2018-05-21,71.55341275386313,70.24308776855469,3693657
2018-05-22,70.28988173427639,71.17903900146484,3384044
2018-05-23,71.22582205502717,70.47706604003906,2520715
2018-05-24,70.85144943491441,70.05589294433594,3612011
2018-05-25,70.38347463074086,70.24308776855469,3855315
2018-05-28,70.47707813824982,74.17407989501953,7542068
2018-05-29,74.73564410550738,78.10506439208984,63943559
2018-05-30,76.4671527932816,77.68389129638672,36540757
2018-05-31,78.05825638271567,78.29224395751953,16494380
2018-06-01,78.19865884845471,75.20361328125,9306243
2018-06-04,75.34400691542514,70.43026733398438,14237353
2018-06-05,70.43026955177021,68.46477508544922,12195205
2018-06-06,68.3243951122375,69.82191467285156,8982847
2018-06-07,70.2430921685767,71.45982360839844,6290061
2018-06-08,71.22582956586608,72.58296203613281,7174973
2018-06-11,73.09772619428139,72.4893569946289,5338391
2018-06-12,72.34898439549903,73.2849349975586,5710082
2018-06-13,73.79968989663058,73.05093383789062,5538985
2018-06-14,73.00413352564762,71.13223266601562,6087770
2018-06-15,71.08542591414734,70.336669921875,6690135
2018-06-18,70.19629142098408,71.08544158935547,5643821
2018-06-19,70.75785761202377,69.63471984863281,6199993
2018-06-20,69.96230526582022,70.10269927978516,5077061
2018-06-21,70.8046488924678,70.6174545288086,8314390
2018-06-22,70.28988268643617,70.1962890625,4637036
2018-06-25,70.19626630841623,68.65194702148438,6350796
2018-06-26,68.65196611718973,68.5583724975586,4605005
2018-06-27,68.69876671272566,66.45248413085938,6965052
2018-06-28,66.35889149398633,65.28254699707031,8756324
2018-06-29,66.49928695857136,67.15444946289062,10374286
2018-07-02,67.38843456604495,66.6396713256836,4014364
2018-07-03,66.40567525519124,65.51652526855469,5861611
2018-07-04,65.51653208281819,64.76776885986328,5266760
2018-07-05,64.67417842323047,63.45744705200195,6354035
2018-07-06,63.644633965284356,65.8441162109375,8393741
2018-07-09,66.40567910547696,65.61012268066406,4641051
2018-07-10,65.8909102398787,66.96725463867188,4466996
2018-07-11,66.82686361694232,66.31208801269531,5264754
2018-07-12,66.73327666749701,64.8145751953125,5791016
2018-07-13,65.09536181844673,62.84907913208008,6688598
2018-07-16,62.8490794275556,60.83678436279297,5498218
2018-07-17,61.30475270336176,63.691429138183594,7675970
2018-07-18,63.738217228112156,62.287498474121094,5743139
2018-07-19,62.66188016473384,61.913124084472656,4872954
2018-07-20,62.053528382553274,63.176666259765625,5073743
2018-07-23,63.410632812719555,65.04854583740234,5048661
2018-07-24,65.09536576827402,68.74556732177734,14241131
2018-07-25,69.21353382959278,67.06085205078125,47859275
2018-07-26,67.34163768482077,66.17169952392578,13088082
2018-07-27,66.45248624430383,66.59288024902344,5959511
2018-07-30,66.82687134270842,68.60517883300781,9169279
2018-07-31,68.7923609106313,69.30713653564453,9110753
2018-08-01,69.54112763542574,68.83916473388672,7218091
2018-08-02,68.74555797979647,68.97954559326172,5908968
2018-08-03,69.26033782958984,69.26033782958984,4949479
2018-08-06,69.54112489468133,70.24308776855469,6672395
2018-08-07,70.61746848387597,68.74556732177734,5762915
2018-08-08,68.74556396775947,68.83916473388672,3694645
2018-08-09,68.83915954603401,69.72830963134766,3849977
2018-08-10,69.7282967688679,68.51155853271484,3550580
2018-08-13,68.13719131085493,67.94999694824219,3555510
2018-08-14,68.23079049656052,67.62242126464844,2812094
2018-08-16,67.38842814187353,67.94999694824219,4576252
2018-08-17,68.32439277094966,69.11994934082031,5001845
2018-08-20,69.82190742601951,70.1962890625,4923730
2018-08-21,70.66426086425781,70.66426086425781,5001773
2018-08-23,70.47707248953913,69.16674041748047,4221464
2018-08-24,69.16674111947432,75.06322479248047,31797538
2018-08-27,75.76518165768547,74.82923126220703,13621490
2018-08-28,74.96963313856904,72.72335052490234,10860282
2018-08-29,72.67656150213104,75.48441314697266,20108730
2018-08-30,75.43761270490775,75.67160034179688,9498914
2018-08-31,75.99917566803892,75.43760681152344,8388264
2018-09-03,75.81199128037198,76.51395416259766,9935832
2018-09-04,76.60754727153062,73.6593017578125,8166498
2018-09-05,73.47210521239867,73.89328002929688,13213861
2018-09-06,75.01644025647846,76.1863784790039,11046623
2018-09-07,76.186371031408,74.26766967773438,14671712
2018-09-10,73.94009507354049,72.77015686035156,6815427
2018-09-11,73.35814605865474,73.12104797363281,10091442
2018-09-12,73.12105080589131,71.2242660522461,9414455
2018-09-14,71.6510428039665,73.0736312866211,10398967
2018-09-17,72.83654167197592,72.22008514404297,3755063
2018-09-18,72.31492351441429,70.03878021240234,8685643
2018-09-19,71.1294353055361,70.98717498779297,6108676
2018-09-21,72.07782451923077,67.81005859375,11280098
2018-09-24,68.75845045976428,66.90908813476562,4974635
2018-09-25,66.38746739139347,67.95231628417969,7388125
2018-09-26,68.28425336356892,68.426513671875,3739806
2018-09-27,68.47393246448217,67.43070220947266,7884479
2018-09-28,67.52553065101459,64.96487426757812,7062306
2018-10-01,64.87004547120745,67.43070220947266,7191129
2018-10-03,68.18940667821836,69.70683288574219,16456814
2018-10-04,68.71101809311088,69.70683288574219,10444564
2018-10-05,69.04298167858762,66.76683807373047,9385085
2018-10-08,66.34004594153538,66.00811004638672,9132523
2018-10-09,66.15036135636191,66.62455749511719,7821977
2018-10-10,67.24102039467881,70.32329559326172,7848645
2018-10-11,67.8574868772202,69.51717376708984,6359958
2018-10-12,70.27586793073296,71.27168273925781,7655675
2018-10-15,71.5087884478102,71.93556213378906,5209684
2018-10-16,72.07783384459624,72.26750946044922,4799630
2018-10-17,73.02621239719481,70.32329559326172,7900337
2018-10-19,69.75425539421373,69.70683288574219,5638133
2018-10-22,70.22845861292603,70.13361358642578,5188175
2018-10-23,71.12943296499766,70.03878021240234,13765726
2018-10-24,71.36653888058144,72.03041076660156,8048611
2018-10-25,71.03458303267308,66.62455749511719,46914007
2018-10-26,67.33586855287905,64.01649475097656,26351665
2018-10-29,64.82261092279518,64.44325256347656,16596499
2018-10-30,64.72778235406591,65.58133697509766,17763932
2018-10-31,65.67616912841797,65.20197296142578,18658155
2018-11-01,65.62874844767285,66.57714080810547,18514431
2018-11-02,67.28842845623548,69.23263549804688,25054634
2018-11-05,67.76262469646089,66.38745880126953,12435322
2018-11-06,66.48230422625294,65.72359466552734,9397104
2018-11-07,66.34004150618732,66.10294342041016,1121760
2018-11-09,66.15036073412215,66.38745880126953,5825050
2018-11-12,66.38746073048848,65.34423065185547,8027643
2018-11-13,65.15455627441406,65.15455627441406,5492697
2018-11-14,65.24939830664732,62.641319274902344,17411472
2018-11-15,62.68874149796036,63.4000358581543,12196075
2018-11-16,63.5422929628065,63.30519485473633,8934462
2018-11-19,63.352616500436426,64.49068450927734,6923682
2018-11-20,64.39584998124128,63.921653747558594,11370903
2018-11-21,64.30100470481308,63.16292953491211,8588079
2018-11-22,63.4000282256184,62.73615646362305,8808101
2018-11-26,62.783576701501026,63.542293548583984,7523888
2018-11-27,62.97325953110182,63.542293548583984,9725050
2018-11-28,63.63713134555432,63.542293548583984,8965627
2018-11-29,63.73196648523806,64.68035888671875,10339738
2018-11-30,65.20196848450001,64.6329345703125,123227256
2018-12-03,65.24939592934248,67.19359588623047,16129731
2018-12-04,66.52973551890426,66.8616714477539,7323826
2018-12-05,66.15037365090599,63.02067565917969,21703542
2018-12-06,62.925838535821796,62.261966705322266,13418588
2018-12-07,62.40422138856488,62.54647445678711,10787228
2018-12-10,61.64550130848054,59.701297760009766,13939033
2018-12-11,58.847744052158795,61.266143798828125,21465276
2018-12-12,61.645502618428964,62.92583084106445,9954488
2018-12-13,63.44745516671044,63.30519485473633,8670196
2018-12-14,63.06809174633523,63.16292953491211,6485337
2018-12-17,63.257761598374955,64.2061538696289,8413741
2018-12-18,64.15875006491825,66.29263305664062,17072720
2018-12-19,66.57713758901333,66.4822998046875,10669275
2018-12-20,66.19779381966461,66.90908813476562,6354028
2018-12-21,68.0945782908696,66.24520874023438,15851379
2018-12-24,66.43487688878943,67.57294464111328,22943907
2018-12-26,67.0513284590173,67.85746765136719,13578782
2018-12-27,68.28424333844866,66.38745880126953,22742988
2018-12-28,66.43488794190067,68.33167266845703,9774725
2018-12-31,68.56876699390166,69.32747650146484,7130426
2019-01-01,69.94394101010285,69.99136352539062,6440421
2019-01-02,69.61199385201725,69.23263549804688,8615103
2019-01-03,69.23264541895567,67.09876251220703,8083906
2019-01-04,67.14617604240703,67.7152099609375,20439249
2019-01-07,68.28425656222967,68.52135467529297,8163279
2019-01-08,68.37909525178337,67.66780090332031,7453809
2019-01-09,68.0945684195221,66.62455749511719,7124203
2019-01-10,66.62457252950283,65.29682159423828,7810193
2019-01-11,65.77100812372332,65.01229858398438,7359392
2019-01-14,65.20198005284762,64.30101013183594,4735962
2019-01-15,64.58551088486112,64.8226089477539,5007754
2019-01-16,64.91744672577929,64.8226089477539,5484091
2019-01-17,65.0597205601415,66.52973175048828,9573414
2019-01-18,66.76683298901828,67.28844451904297,17158253
2019-01-21,67.43070484019897,67.28844451904297,10341030
2019-01-22,67.28843748490846,67.5255355834961,6256263
2019-01-23,67.5729661942456,65.7710189819336,5371992
2019-01-24,65.67617920270234,65.48650360107422,6289323
2019-01-25,65.58132624377794,62.97324752807617,7134722
2019-01-28,63.068093393363206,60.46001434326172,8737901
2019-01-29,59.93839412238645,61.07646560668945,8758306
2019-01-30,61.598083527670724,60.60227584838867,7509058
2019-01-31,61.17131302121915,61.36098861694336,12325961
2019-02-01,61.59807905693591,61.02904510498047,6031620
2019-02-04,61.21873232455779,61.59808349609375,6807730
2019-02-05,61.59808106459995,55.812889099121094,48929404
2019-02-06,56.28708842192916,57.66225814819336,19423985
2019-02-07,57.85193767913208,58.99000930786133,8069603
2019-02-08,59.03742599487305,59.03742599487305,8295240
2019-02-11,58.0416195996243,59.511627197265625,9511824
2019-02-12,60.039979324093665,59.367530822753906,5528900
2019-02-14,57.87853651678703,59.84784698486328,7971447
2019-02-15,59.511626087019074,58.64704895019531,7013360
2019-02-18,58.64704831030919,58.74311447143555,6749057
2019-02-19,58.69508051328578,59.607688903808594,4229035
2019-02-20,59.847851334163586,60.2801399230957,5089826
2019-02-21,60.520290765372486,60.472259521484375,3138802
2019-02-22,60.42423462778239,61.14471435546875,4784997
2019-02-25,61.43290030719315,61.81715393066406,4015688
2019-02-26,61.0486469524659,62.29747772216797,6564549
2019-02-27,62.53763683531668,62.39353942871094,6764048
2019-02-28,62.44157416493935,61.9132194519043,14167452
2019-03-01,62.24944844248182,63.54631042480469,9309674
2019-03-05,65.08333931328197,64.65105438232422,9082342
2019-03-06,64.98727858343236,66.38020324707031,13004838
2019-03-07,66.47625001158758,65.41954803466797,4192540
2019-03-08,65.22743032228259,64.45891571044922,9335968
2019-03-11,65.03529955505293,67.29280853271484,12701280
2019-03-12,67.67706036041562,67.05265045166016,7526822
2019-03-13,67.2928081040548,65.32349395751953,5268092
2019-03-14,65.08333956353283,64.60301971435547,5767075
2019-03-15,63.642376170318684,65.1313705444336,6878337
2019-03-18,65.51562530609513,64.5069580078125,11419966
2019-03-19,64.84316580444796,65.41954803466797,10369254
2019-03-20,65.41956016733131,65.85185241699219,34728590
2019-03-22,66.04397713259921,64.8912124633789,12856428
2019-03-25,64.45892380530793,66.38020324707031,26125367
2019-03-26,67.19673903247691,68.25344848632812,35481702
2019-03-27,69.16605135727244,68.49360656738281,26105730
2019-03-28,69.26210433015291,68.73375701904297,45326931
2019-04-01,72.48026666977724,72.96058654785156,25156745
2019-04-02,73.2487675259047,71.75977325439453,20278983
2019-04-03,72.43223170679812,70.9432373046875,19628856
2019-04-04,71.37551883819782,70.31880950927734,13697381
2019-04-05,70.89521047531659,69.8385009765625,12657002
2019-04-08,70.030626444605,69.742431640625,13220181
2019-04-09,70.1266960761274,68.829833984375,17283821
2019-04-10,68.92589229048593,69.3581771850586,10842680
2019-04-11,69.26211434644196,71.42355346679688,24219236
2019-04-12,71.75978168376912,74.6417007446289,43815259
2019-04-15,75.02595359517296,74.2574462890625,11053354
2019-04-16,74.44956005149395,73.68104553222656,11087979
2019-04-18,74.92989263872306,73.05664825439453,7161272
2019-04-22,72.86451415837683,70.27079010009766,6499049
2019-04-23,70.12669009254093,70.60700988769531,6018400
2019-04-24,70.51095526170606,70.5589828491211,7705263
2019-04-25,70.94324156223348,69.40621948242188,17295969
2019-04-26,69.50225850539772,68.445556640625,9643069
2019-04-30,67.77313049187784,68.01329040527344,14315500
2019-05-02,68.15738149481462,66.86051940917969,10325875
2019-05-03,66.95657362297071,65.94790649414062,8390333
2019-05-06,65.65971647813375,63.30615234375,9020087
2019-05-07,63.49827730448688,61.2888069152832,8647726
2019-05-08,61.38487279036663,59.319496154785156,15303026
2019-05-09,59.367529932643905,59.991947174072266,13936931
2019-05-10,60.23210581026879,60.66439437866211,11398050
2019-05-13,60.13604081466685,57.49428176879883,10847294
2019-05-14,57.878536028965215,61.43290328979492,25941657
2019-05-15,61.33684262812848,58.21476364135742,11735485
2019-05-16,58.214759682924196,59.75178527832031,13662204
2019-05-17,59.5596534510234,59.65571594238281,8777033
2019-05-20,61.96125487870593,63.35417938232422,15063392
2019-05-21,63.3541801326969,60.76045608520508,10096863
2019-05-22,61.09667913369983,62.68173599243164,12714321
2019-05-23,64.55497087162367,63.93056106567383,22390610
2019-05-24,64.17073706073005,66.28414154052734,10037711
2019-05-27,66.38019963537367,69.8385009765625,35842146
2019-05-28,70.6070087234667,69.742431640625,21729849
2019-05-29,69.55031880348263,68.15738677978516,8006184
2019-05-30,68.3975417343915,68.829833984375,9835370
2019-05-31,69.02195409045555,67.43689727783203,11824619
2019-06-03,67.05263794632519,68.73375701904297,11879171
2019-06-04,69.0699917542141,68.1093521118164,15631724
2019-06-06,68.2054166806715,65.85185241699219,14182515
2019-06-07,65.8038101196289,65.8038101196289,14654515
2019-06-10,66.04397207887587,65.51561737060547,8628229
2019-06-11,65.61168398396595,66.95657348632812,10633415
2019-06-12,67.19673665988594,65.51561737060547,11129594
2019-06-13,65.51562133609956,65.99594116210938,9467662
2019-06-14,67.19673351018237,65.94790649414062,17332932
2019-06-17,66.81248313778738,64.98726654052734,14424170
2019-06-18,65.32349712323997,65.8998794555664,10325816
2019-06-19,66.28412845757329,64.98726654052734,11533322
2019-06-20,65.08333653020756,68.01329040527344,13970908
2019-06-21,68.15736847913962,68.58966064453125,11601602
2019-06-24,70.12668853414792,70.79913330078125,18372701
2019-06-25,70.41488207800604,70.99126434326172,8306005
2019-06-26,70.60701261102444,72.24009704589844,16456718
2019-06-27,72.09600296861176,71.75977325439453,10529610
2019-06-28,71.47158963246741,70.27079010009766,7498136
2019-07-01,70.51095846653324,70.17473602294922,6618565
2019-07-02,70.222755656413,69.2140884399414,5825625
2019-07-03,69.16604679794455,70.07865142822266,9271047
2019-07-04,70.27078271061742,70.22274780273438,5004601
2019-07-05,70.5589765610053,67.38887023925781,10632584
2019-07-08,66.7644587789387,64.65105438232422,9496461
2019-07-09,64.50695745874359,64.55498504638672,8178805
2019-07-10,65.27546055836443,64.12269592285156,7966262
2019-07-11,64.36284911955266,62.48960494995117,20836630
2019-07-12,62.44157567711462,62.24945068359375,10910933
2019-07-15,62.72976670183553,61.721092224121094,13043104
2019-07-16,61.81715671423969,61.96125411987305,8431898
2019-07-17,61.961253148910664,61.576995849609375,5043222
2019-07-18,61.57699663684525,61.480934143066406,10455841
2019-07-19,61.72109242508327,61.19274139404297,7321238
2019-07-22,61.480933357058646,61.576995849609375,6606532
2019-07-23,61.91321982363216,61.38487243652344,5669497
2019-07-24,61.528969128985324,59.463592529296875,10133569
2019-07-25,59.75178534369161,58.74311447143555,8319563
2019-07-26,58.791145553406515,58.262794494628906,10247067
2019-07-29,58.454918164142434,56.91789627075195,7138637
2019-07-30,57.11002830375824,55.4769401550293,10937507
2019-07-31,54.99661589730032,56.58167266845703,7114686
2019-08-01,56.05331620394452,55.28480529785156,6644276
2019-08-02,55.18874667380191,54.27613830566406,8971219
2019-08-05,53.74779063354767,54.32417297363281,8649871
2019-08-06,54.0840113846459,55.04465103149414,6788990
2019-08-07,55.236778259277344,55.236778259277344,17902641
2019-08-08,55.5249707663649,56.053321838378906,25552334
2019-08-09,56.29347709149272,54.66039276123047,11735309
2019-08-13,51.874536680295684,48.56032943725586,44147720
2019-08-14,48.848524566519146,49.040653228759766,16977418
2019-08-16,48.99262734514743,49.32884979248047,9602287
2019-08-19,49.37687746964096,49.28081130981445,8225292
2019-08-20,49.32884488879217,47.983951568603516,8726047
2019-08-21,47.93591699120341,46.39889144897461,25422307
2019-08-22,46.25479992582647,46.11070251464844,13547673
2019-08-23,46.11070030497834,46.39889144897461,16970212
2019-08-26,47.215440186522905,48.031982421875,17742443
2019-08-27,48.70442659238752,50.62570571899414,21956425
2019-08-28,50.529649482312514,49.32884979248047,13979685
2019-08-29,49.32883996082893,48.608360290527344,7558972
2019-08-30,48.70442683829855,48.56032943725586,10516958
2019-09-03,48.41623675604511,47.407562255859375,7432957
2019-09-04,47.55166558367839,48.128047943115234,14355020
2019-09-05,48.51230152201568,49.13671875,17899937
2019-09-06,49.376877639640014,49.761131286621094,7866773
2019-09-09,50.00129037137967,49.37687683105469,8860837
2019-09-11,50.0654001558095,51.098182678222656,11951914
2019-09-12,51.049001950260894,50.70473861694336,11740883
2019-09-13,50.65555862306937,50.8031005859375,11014744
2019-09-16,50.16375983208094,49.77031707763672,7112247
2019-09-17,49.770317384357064,47.950653076171875,10043905
2019-09-18,48.19655452476401,47.852294921875,8058186
2019-09-19,47.901474648002306,46.6227912902832,8910056
2019-09-20,46.77032765389845,49.27851486206055,29024918
2019-09-23,50.70474084838071,50.95064163208008,23114050
2019-09-24,51.04900360107422,51.04900360107422,14263656
2019-09-25,51.04900715421772,49.327701568603516,15774906
2019-09-26,49.27851249380393,50.85227966308594,22561537
2019-09-27,50.75392022155283,49.18015670776367,12738830
2019-09-30,49.27851418787094,47.60639190673828,11513335
2019-10-01,47.901470300513516,46.08180236816406,15210748
2019-10-03,45.93426579930906,46.42606735229492,11115713
2019-10-04,46.721148132419025,45.14738464355469,11690257
2019-10-07,45.14738105780699,42.098209381103516,16652132
2019-10-09,42.09821169909885,42.93427658081055,15225493
2019-10-10,42.83591780166186,42.3441162109375,19819884
2019-10-11,42.59001700629968,42.3441162109375,17247352
2019-10-14,42.540835022572146,42.14739227294922,15720258
2019-10-15,42.39328986991194,42.04903030395508,16921189
2019-10-16,42.29493681639666,41.16379165649414,17136734
2019-10-17,41.212972669444774,43.86869812011719,20292119
2019-10-18,48.24572875376646,53.458824157714844,167677342
2019-10-22,54.04899300755143,50.95064163208008,57324642
2019-10-23,51.29490717263782,52.9670295715332,40965324
2019-10-24,52.91784722191002,50.458839416503906,28459169
2019-10-25,50.45883782813111,50.11457824707031,28474020
2019-10-27,50.85227966308594,50.85227966308594,2372937
2019-10-29,51.3440832012124,52.9178466796875,24273377
2019-10-30,57.14733770576928,57.93422317504883,79479137
2019-10-31,56.55718069381351,55.62275695800781,37725375
2019-11-01,56.065376936997964,55.967018127441406,19538180
2019-11-04,56.212922096585146,55.4752197265625,20859205
2019-11-05,55.96701578252784,55.130950927734375,16670483
2019-11-06,55.32767932356455,54.639156341552734,18504336
2019-11-07,54.78669515534547,54.540794372558594,13782432
2019-11-08,53.01621022337376,53.360469818115234,21720965
2019-11-11,53.262106519341955,55.86865234375,26122637
2019-11-13,55.524399083225255,53.70473098754883,29011138
2019-11-14,53.950632748365,52.9670295715332,21808147
2019-11-15,53.1145693632658,53.3112907409668,10858135
2019-11-18,53.60636867765201,53.06538772583008,10536197
2019-11-19,53.11456786575886,54.73751449584961,20906445
2019-11-20,55.47521197746725,54.885047912597656,24352170
2019-11-21,54.93423337372869,54.540794372558594,15782183
2019-11-22,54.09817562268305,55.180137634277344,14997151
2019-11-25,55.180133553687185,55.22931671142578,9491162
2019-11-26,55.13095567831209,52.62276840209961,16426434
2019-11-27,53.01621243286575,52.426048278808594,9148707
2019-11-28,52.72112628256887,53.360469818115234,12670853
2019-11-29,53.311292633820166,52.426048278808594,9658261
2019-12-02,52.426046344838625,50.36048126220703,18767083
2019-12-03,51.14736297607422,49.18015670776367,15865275
2019-12-04,48.786710492098265,49.13097381591797,18410247
2019-12-05,49.081798188058805,47.950653076171875,10546191
2019-12-06,48.098189646648244,45.786720275878906,19910201
2019-12-09,45.983445126077406,45.24574279785156,14269784
2019-12-10,45.1965639856069,43.96706008911133,12286578
2019-12-11,43.967067140401404,43.47526550292969,15123234
2019-12-12,43.72115995588897,44.4588623046875,17340004
2019-12-13,44.55722332921433,45.88508987426758,12783019
2019-12-16,45.93426827750021,44.85230255126953,8597276
2019-12-17,45.049022080408086,45.14738464355469,8676075
2019-12-18,45.29492313097468,44.50804138183594,14598223
2019-12-19,44.36049294568847,43.721153259277344,13292627
2019-12-20,42.68837583418024,44.11459732055664,31041944
2019-12-23,43.770338651707746,43.376895904541016,19016580
2019-12-24,43.37689977056606,42.786739349365234,18985823
2019-12-26,42.98345947809798,41.80313491821289,16725071
2019-12-27,41.99985222919716,42.442474365234375,13499408
2019-12-30,42.59001442823798,42.14739227294922,9545249
2019-12-31,42.098212926519686,42.73755645751953,15897198
2020-01-01,42.786739349365234,42.786739349365234,12283581
2020-01-02,43.03263580531869,44.655582427978516,24677041
2020-01-03,44.65558362624786,43.86869812011719,10859861
2020-01-06,43.524439507847724,41.95067596435547,12626606
2020-01-07,42.393297227721376,42.68838119506836,13321218
2020-01-08,41.803134294737106,42.49165725708008,11199141
2020-01-09,43.278539669366864,44.16378402709961,16119627
2020-01-10,44.36049875385172,44.016239166259766,10521165
2020-01-13,44.26214310110124,45.294925689697266,17317084
2020-01-14,45.63918972333251,45.19656753540039,11899391
2020-01-15,45.09819929732045,46.08180236816406,10739845
2020-01-16,46.67196450334764,45.786720275878906,14205313
2020-01-17,45.83590190076906,45.44246292114258,8424298
2020-01-20,45.54082587875368,44.21296310424805,12234865
2020-01-21,44.26214484422587,42.68838119506836,24323645
2020-01-22,42.9342778326078,42.73755645751953,16583634
2020-01-23,42.73755645751953,42.73755645751953,14871754
2020-01-24,42.7867374420166,44.262142181396484,27348156
2020-01-27,43.96706102672482,43.2293586730957,13164355
2020-01-28,43.22935895623565,42.59001541137695,11310748
2020-01-29,42.98345413469975,43.819515228271484,15586751
2020-01-30,43.91788095261321,43.32771682739258,14992301
2020-01-31,43.7211562360624,42.04903030395508,14087306
2020-02-03,39.24576854556944,38.80314636230469,20417630
2020-02-04,39.1474065970686,39.29494857788086,13225776
2020-02-05,39.34412250496151,38.950679779052734,23954561
2020-02-06,39.29494728438409,38.90150451660156,16156110
2020-02-07,39.098224311104474,39.147403717041016,16682125
2020-02-10,39.09822262034697,37.62281799316406,21400298
2020-02-11,37.96707949174576,37.91790008544922,20338186
2020-02-12,37.180200308786375,35.75397491455078,51223154
2020-02-13,36.24577207188544,36.4424934387207,20159277
2020-02-14,36.5900330731386,35.60643005371094,20464164
2020-02-17,35.606430808800454,34.278564453125,21604096
2020-02-18,33.73758826420986,34.13103103637695,34528421
2020-02-19,34.131030412609135,34.81955337524414,18802594
2020-02-20,34.819551401340185,34.52446746826172,15578115
2020-02-24,33.73758957855923,33.34415054321289,13344620
2020-02-25,33.1966085598652,33.34415054321289,13587843
2020-02-26,33.049063055061815,32.704803466796875,13462112
2020-02-27,32.7048037338165,32.065460205078125,18665991
2020-02-28,31.180218939890782,30.098255157470703,21837210
2020-03-02,30.590057621493873,29.065471649169922,23026620
2020-03-03,29.50809048068139,30.4916934967041,20595361
2020-03-04,30.59005637410014,30.14743423461914,18105957
2020-03-05,30.393336628677286,30.196617126464844,20609801
2020-03-06,29.213013619062686,29.065471649169922,16052493
2020-03-09,28.32776891254609,26.754005432128906,21890315
2020-03-11,26.999905884929195,27.098264694213867,30448084
2020-03-12,25.57368111578712,23.75401496887207,35581815
2020-03-13,21.83599008809383,25.52450180053711,39258475
2020-03-16,23.950737324001153,23.3113956451416,26300859
2020-03-17,23.655652614289508,22.819591522216797,23765865
2020-03-18,23.16385398475724,22.967134475708008,27058510
2020-03-19,22.08189168314857,22.131071090698242,27935085
2020-03-20,22.573692964071558,23.065494537353516,41569603
2020-03-23,21.14746758524831,19.819602966308594,15468456
2020-03-24,20.655663013458252,19.672060012817383,20665278
2020-03-25,19.67206095597849,19.524520874023438,14159048
2020-03-26,19.72124136775323,20.262224197387695,18641891
2020-03-27,21.049107580809487,20.016324996948242,22363767
2020-03-30,19.917963356812606,19.868783950805664,13042664
2020-03-31,20.360585508696108,20.45894432067871,20143889
2020-04-01,20.311402979986397,20.360584259033203,15999704
2020-04-03,20.80320481569233,20.311403274536133,14723818
2020-04-07,20.704843861543154,20.95074462890625,18389888
2020-04-08,20.852388050808802,20.901567459106445,28424361
2020-04-09,21.295007112088516,21.983530044555664,28487889
2020-04-13,22.770412100197724,21.63926887512207,36316250
2020-04-15,21.98352802394395,21.098285675048828,40178021
2020-04-16,21.098289792844035,21.34419059753418,27540736
2020-04-17,22.229430144326106,21.491727828979492,29739937
2020-04-20,21.63926918856227,22.18025016784668,53220401
2020-04-21,21.885171617422795,21.34419059753418,23711207
2020-04-22,21.245826377316536,20.99992561340332,24357462
2020-04-23,21.245826049072598,21.049104690551758,19335932
2020-04-24,20.754025412006307,20.311403274536133,20109013
2020-04-27,20.60648532487425,20.311403274536133,16346387
2020-04-28,20.409763999528764,20.60648536682129,15589273
2020-04-29,20.655664770607423,20.60648536682129,19732006
2020-04-30,20.950746862241107,22.081892013549805,56260375
2020-05-04,21.344188726373993,23.114673614501953,145551259
2020-05-05,24.24581681749278,22.524511337280273,93115983
2020-05-06,22.672050803711222,22.62287139892578,48709097
2020-05-07,22.52451038777598,22.67205047607422,52075536
2020-05-08,22.967132158566802,21.835988998413086,43617415
2020-05-11,22.18025016784668,22.18025016784668,28659570
2020-05-12,22.032709074730686,21.1474666595459,42068689
2020-05-13,22.721232262842435,26.163843154907227,309684441
2020-05-14,26.4589236953575,26.999906539916992,247689523
2020-05-15,27.049086876029744,26.852365493774414,88420870
2020-05-18,27.245806567542914,25.622859954833984,90733008
2020-05-19,25.967121709742553,24.983518600463867,50207014
2020-05-20,24.68843877050182,25.52450180053711,59552678
2020-05-21,25.57368181303086,25.131059646606445,42185317
2020-05-22,24.98351822085225,24.1474552154541,43983000
2020-05-26,24.590077396905887,24.442537307739258,41215567
2020-05-27,24.83597979209598,24.786800384521484,38437471
2020-05-28,24.983520786373955,26.409746170043945,99108821
2020-05-29,26.360563317955894,27.5408878326416,105110971
2020-06-01,27.934328712178804,27.5408878326416,55551873
2020-06-02,27.737609210447253,27.5408878326416,40754934
2020-06-03,27.737609216247954,27.245807647705078,48884133
2020-06-04,27.44252710234928,26.360563278198242,48000538
2020-06-05,26.557282525139886,27.294984817504883,50338792
2020-06-08,28.081867195536823,27.49170684814453,51859308
2020-06-09,27.786787201559832,30.14743423461914,157992928
2020-06-10,30.983498874542402,30.78677749633789,136015328
2020-06-11,30.29497656483727,29.508094787597656,79479200
2020-06-12,27.93432820130841,30.8851375579834,73158497
2020-06-15,28.770390507014554,28.62285041809082,103034367
2020-06-16,29.409733097205834,27.885149002075195,62614476
2020-06-17,27.835967695562807,26.999906539916992,69099047
2020-06-18,28.18023043379415,31.229400634765625,250945739
2020-06-19,32.114646273201906,31.917924880981445,101028508
2020-06-22,32.40972457202834,33.09824752807617,91763294
2020-06-23,33.54086564428043,34.32775115966797,91398846
2020-06-24,35.40971529449149,35.75397491455078,215400090
2020-06-25,35.70479361369506,37.22937774658203,144564546
2020-06-26,38.06544105228071,36.29495620727539,90479816
2020-06-29,35.60643287421403,35.16381072998047,46339601
2020-06-30,35.99987219740207,35.11463165283203,81189594
2020-07-01,35.704793609871004,35.458892822265625,47292064
2020-07-02,36.39331627633583,36.098236083984375,38221106
2020-07-03,36.39331905889794,38.016265869140625,144291268
2020-07-06,38.40970062490235,42.835914611816406,253712372
2020-07-07,43.032638545907304,41.85231399536133,111716827
2020-07-08,41.8031313347094,40.57362747192383,62357476
2020-07-09,41.11460719983511,41.36050796508789,58888933
2020-07-10,41.45887081910277,40.721168518066406,34700995
2020-07-13,41.753951048683405,41.9014892578125,44799983
2020-07-14,41.26214989390751,38.26216125488281,126699442
2020-07-15,38.8523234253826,36.19659423828125,68980710
2020-07-16,36.885116571561134,36.29495620727539,68663539
2020-07-17,36.294954700937716,37.72117614746094,78864096
2020-07-20,38.1146250273052,37.376922607421875,27201922
2020-07-21,37.86872422067743,37.376922607421875,24120376
2020-07-22,37.6720028249455,37.376922607421875,39542598
2020-07-23,37.278561900922924,37.08184051513672,14881157
2020-07-24,36.786757761562875,36.29495620727539,20980042
2020-07-27,36.29495291773985,35.60643005371094,25408696
2020-07-28,35.508071040115134,36.8359375,37075100
2020-07-29,36.7867593723555,37.819541931152344,99005391
2020-07-30,38.16380048766771,36.19659423828125,48846295
2020-07-31,36.196595860570014,35.36053466796875,37100469
2020-08-03,35.5572506531691,35.60643005371094,34937296
2020-08-04,35.85233183220689,36.04905319213867,34061980
2020-08-05,36.24577430408599,36.098236083984375,19603899
2020-08-06,36.14741416423778,35.11463165283203,37611238
2020-08-07,34.81955813888728,34.67201614379883,33940209
2020-08-10,35.409712166621766,35.65561294555664,60884632
2020-08-11,35.99987186186205,35.16381072998047,38272571
2020-08-12,35.60643479568815,35.458892822265625,51044859
2020-08-13,35.90151563452909,38.311344146728516,128231852
2020-08-14,38.557239575408786,36.737571716308594,51951333
2020-08-17,37.278562551686804,36.39331817626953,20972682
2020-08-18,36.59003672063037,36.8359375,15728683
2020-08-19,37.1310218007941,37.376922607421875,30237082
2020-08-20,36.93429355138373,37.868717193603516,52180373
2020-08-21,38.80314634592313,39.98347091674805,179881928
2020-08-24,40.81952663246186,40.229366302490234,47777042
2020-08-25,40.327723026275635,39.344120025634766,35938488
2020-08-26,39.34412798743546,39.29494857788086,35170066
2020-08-27,39.34412120616444,38.5572395324707,56210754
2020-08-28,39.59002934798079,40.96707534790039,133646824
2020-08-31,41.36051105628128,37.91790008544922,108963300
2020-09-01,38.36052224641441,37.91790008544922,53806439
2020-09-02,38.26216348605299,38.50806427001953,39483515
2020-09-03,38.5080589759491,39.344120025634766,44237336
2020-09-04,38.3113457485879,38.06544494628906,50939480
2020-09-07,38.31134350697449,37.819541931152344,19331457
2020-09-08,37.72117771870457,36.88511657714844,21977011
2020-09-09,36.491668611228285,35.90150833129883,36060255
2020-09-10,36.39331403504888,36.4424934387207,18326939
2020-09-11,36.73758096498148,36.49168014526367,18819257
2020-09-14,35.60643354019929,35.65561294555664,37783051
2020-09-15,36.04905763654243,35.36053466796875,30178571
2020-09-16,35.55725413353527,35.065452575683594,21572296
2020-09-17,35.06545190860313,34.57365036010742,19961461
2020-09-18,34.917909259750594,34.08184814453125,29035181
2020-09-21,33.93430484298372,33.68840408325195,39228186
2020-09-22,33.934307633584034,32.065460205078125,52745087
2020-09-23,32.557261077227025,30.983497619628906,35786278
2020-09-24,30.294977555316958,29.36055564880371,40194059
2020-09-25,29.508091934584836,29.65563201904297,57967582
2020-09-28,30.34415598595685,31.27857780456543,56524500
2020-09-29,31.721202235576534,29.753995895385742,57724724
2020-09-30,29.803172021317714,28.770389556884766,36272660
2020-10-01,29.21301140677336,29.11465072631836,29778644
2020-10-05,29.213013619062686,29.065471649169922,17900218
2020-10-06,29.213012988069266,28.868751525878906,23682155
2020-10-07,28.868749817365675,27.934326171875,23694997
2020-10-08,27.983507857895276,28.770389556884766,20247543
2020-10-09,28.967111876295544,28.62285041809082,15014180
2020-10-12,28.917929908792747,28.13104820251465,11148456
2020-10-13,28.03269131617169,27.835969924926758,9177795
2020-10-14,27.54088625173589,27.49170684814453,12692593
2020-10-15,27.442526790804397,26.704824447631836,20436290
2020-10-16,26.704824150819586,26.754005432128906,15812870
2020-10-19,26.95072710354119,28.18023109436035,23091815
2020-10-20,28.032690990676894,28.18023109436035,14933119
2020-10-21,28.08186787327726,27.983509063720703,12447760
2020-10-22,27.5408866018954,28.327768325805664,10834275
2020-10-23,28.47531032916709,28.62285041809082,11960326
2020-10-26,28.8195696239975,28.967111587524414,29967874
2020-10-27,29.016291620164992,29.16383171081543,40575215
2020-10-28,29.06547359253531,28.18023109436035,20260451
2020-10-29,27.835967358700366,27.344165802001953,20793997
2020-10-30,27.39334773732441,27.5408878326416,26886677
2020-11-02,27.786789587123064,27.393348693847656,15607090
2020-11-03,27.49170684814453,27.49170684814453,15116416
2020-11-04,27.5408871723375,26.754005432128906,29425117
2020-11-05,27.049083804400322,27.934326171875,42148409
2020-11-06,28.081867195536823,27.49170684814453,36124550
2020-11-09,27.196626999620154,27.73760986328125,42337022
2020-11-10,27.73760986328125,27.73760986328125,28467588
2020-11-11,27.737607618249317,27.49170684814453,54098312
2020-11-12,27.491707802318263,27.63924789428711,29213561
2020-11-13,27.590065655327255,27.49170684814453,14725782
2020-11-14,27.78679051515264,27.835969924926758,3771670
2020-11-17,27.934329037464934,27.786788940429688,15666967
2020-11-18,27.835967097237795,27.983509063720703,20946155
2020-11-19,27.934329041237905,28.67203140258789,83753489
2020-11-20,28.917929968676237,28.721210479736328,40480755
2020-11-23,29.11465300444468,30.83595848083496,94909249
2020-11-24,31.18021995132783,30.83595848083496,75427091
2020-11-25,30.934317829688247,30.14743423461914,51698826
2020-11-26,30.3933375806339,30.9343204498291,52388355
2020-11-27,31.13104419577971,32.31136703491211,101747612
2020-12-01,32.75398165356467,33.49168395996094,49680395
2020-12-02,33.6884069146694,33.245784759521484,52877271
2020-12-03,33.68840440809452,33.639225006103516,42090086
2020-12-04,33.98348424450051,33.68840408325195,58177274
2020-12-07,33.83594550961796,34.37692642211914,39793015
2020-12-08,34.721189876157844,35.557254791259766,83272427
2020-12-09,36.344129769541546,35.9998664855957,69007540
2020-12-10,35.85233431781665,35.065452575683594,55059367
2020-12-11,35.163813283783654,35.36053466796875,45233211
2020-12-14,35.85233432040877,36.24577331542969,47189075
2020-12-15,36.24577651586316,35.75397491455078,44611278
2020-12-16,36.049058877056964,35.75397491455078,31631032
2020-12-17,35.85233298301611,35.262168884277344,31094015
2020-12-18,35.31135203994989,35.262168884277344,40500644
2020-12-21,34.917915271997295,32.01628494262695,55099409
2020-12-22,32.11464309692383,32.11464309692383,57170730
2020-12-23,32.16382193765101,33.39332580566406,35851831
2020-12-24,33.73758632031958,33.245784759521484,29009900
2020-12-28,33.4425120252244,34.67201614379883,41052655
2020-12-29,34.917912190414164,34.81955337524414,38681074
2020-12-30,35.508072585730865,34.81955337524414,55267922
2020-12-31,34.819550240255865,35.31135177612305,60457447
2021-01-01,35.557257513270656,38.06544494628906,123660698
2021-01-04,38.65560436751438,39.98347091674805,138885188
2021-01-05,39.59002369292705,39.49166488647461,68178443
2021-01-06,39.68838340963192,38.753963470458984,78478570
2021-01-07,39.14739919360215,38.65559768676758,42199800
2021-01-08,38.99986066727159,38.704776763916016,68394773
2021-01-11,39.09822170551006,38.36051940917969,46504882
2021-01-12,38.36051721286477,38.704776763916016,37860013
2021-01-13,38.99986708777788,40.08182907104492,154573968
2021-01-14,39.737565327053595,39.54084396362305,34995707
2021-01-15,39.54084519656947,38.753963470458984,37081742
2021-01-18,38.75396432976662,37.42609786987305,38159244
2021-01-19,37.47527796530191,39.09822463989258,29092687
2021-01-20,39.049048055689866,39.83592987060547,40633278
2021-01-21,40.32773122479839,38.1146240234375,56574146
2021-01-22,37.86871874405379,37.032657623291016,58968250
2021-01-25,37.13101761916588,35.65561294555664,51673382
2021-01-27,35.26216986751967,35.11463165283203,38751487
2021-01-28,34.77036279753373,35.9998664855957,48537154
2021-01-29,36.393316565595704,35.458892822265625,52158893
2021-02-01,35.90150926197493,37.57363510131836,51185628
2021-02-02,38.01626048525541,38.26216125488281,57099937
2021-02-03,38.50806082218703,39.049041748046875,104638908
2021-02-04,39.24576637792975,41.508052825927734,154097676
2021-02-05,41.950674065722446,42.835914611816406,146833328
2021-02-08,40.57363261046493,39.19658660888672,114554488
2021-02-09,38.95068524309224,38.1146240234375,49601029
2021-02-10,38.0162607279387,37.62281799316406,38714221
2021-02-11,37.81954381368574,38.1146240234375,33240680
2021-02-12,38.311345080250774,38.16380310058594,24770265
2021-02-15,38.40969946537047,38.26216125488281,19106327
2021-02-16,38.40970078919744,39.245765686035156,46759963
2021-02-17,39.34411970358325,39.3932991027832,71963620
2021-02-18,39.54084538827822,42.2949333190918,166636643
2021-02-19,42.049033753271054,39.73756790161133,74472617
2021-02-22,39.44248490236717,38.9998664855957,38769981
2021-02-23,39.24576820391403,40.032649993896484,43031158
2021-02-24,40.52444880282464,42.24575424194336,61230344
2021-02-25,42.83591129390022,46.37688446044922,328616125
2021-02-26,45.245744087980384,46.81950759887695,206095365
2021-03-01,47.90146953397185,47.99982833862305,123674746
2021-03-02,48.59000031553897,50.901466369628906,152393453
2021-03-03,51.344085680849574,50.163761138916016,65329850
2021-03-04,49.5244161091334,53.360469818115234,213396105
2021-03-05,53.852271341267176,51.58998489379883,112585811
2021-03-08,52.57358715619531,53.50801086425781,79729837
2021-03-09,54.048996573944606,53.95063400268555,108574936
2021-03-10,54.688328998947625,53.90144729614258,85630459
2021-03-12,54.19653261817781,52.524410247802734,126521758
2021-03-15,55.08177661464225,54.34407424926758,107827286
2021-03-16,54.88505623859802,53.016212463378906,67218075
2021-03-17,53.11456853488362,49.27851486206055,60727935
2021-03-18,51.34408247076587,51.24571990966797,158412104
2021-03-19,50.852281572596645,51.147361755371094,108069373
2021-03-22,51.19654371852612,51.344085693359375,48322688
2021-03-23,51.58998937046904,50.901466369628906,42647877
2021-03-24,50.50801646120015,49.03261184692383,42597772
2021-03-25,49.081797860767566,47.409671783447266,66287150
2021-03-26,48.1965541926303,47.90147399902344,40617084
2021-03-30,48.393273978058566,48.14737319946289,41698864
2021-03-31,48.09819504803477,47.950653076171875,28483055
2021-04-01,48.19655146880068,50.11457824707031,52965110
2021-04-05,50.163762462382415,48.196556091308594,49348313
2021-04-06,48.590000423313676,48.54081726074219,38527134
2021-04-07,48.54081316970347,49.18015670776367,35782543
2021-04-08,49.0817954510153,50.7539176940918,85159684
2021-04-09,51.04900227979818,50.65555953979492,41928206
2021-04-12,49.1801618464727,44.31132507324219,87601428
2021-04-13,44.80311724631267,45.786720275878906,56028764
2021-04-15,45.73754787113795,45.294925689697266,40230735
2021-04-16,45.639184287029806,45.44246292114258,31881785
2021-04-19,43.27853742166123,43.32771682739258,40713340
2021-04-20,44.163788545819834,43.47526550292969,32591936
2021-04-22,43.278537156644184,43.96706008911133,26098682
2021-04-23,43.81951753818634,44.655582427978516,42258515
2021-04-26,45.049016727413395,45.393280029296875,28374188
2021-04-27,45.54082369806821,47.50802993774414,52076540
2021-04-28,47.75392813012883,47.31130599975586,33378032
2021-04-29,47.70475063962855,46.42606735229492,35047086
2021-04-30,46.03262525798719,47.50802993774414,62814554
2021-05-03,47.065409116719515,52.62276840209961,133520586
2021-05-04,54.09817542773065,51.68834686279297,154123432
2021-05-05,52.42604198278387,55.81947326660156,167171542
2021-05-06,57.88504152767791,57.09815979003906,195095327
2021-05-07,57.491604129749874,56.85226058959961,81272693
2021-05-10,57.737504819343116,64.57354736328125,258968781
2021-05-11,63.934200546408015,72.24564361572266,510138918
2021-05-12,73.03253065835797,70.22926330566406,347503495
2021-05-14,71.21287296261545,66.88501739501953,162636270
2021-05-17,67.91779470157957,70.08171844482422,119433001
2021-05-18,71.50793671511269,70.57351684570312,76124575
2021-05-19,69.49156503018102,72.54073333740234,105322060
2021-05-20,73.18007695141422,71.36041259765625,241049864
2021-05-21,72.19647207094415,71.01614379882812,63713770
2021-05-24,71.60631392762286,71.26204681396484,62656781
2021-05-25,71.95057200035627,73.27843475341797,87624494
2021-05-26,74.16367642761706,71.31122589111328,81757007
2021-05-27,71.75383931421192,72.09810638427734,72878541
2021-05-28,72.73745132935271,70.7210693359375,51857599
2021-05-31,70.86860522046005,69.88500213623047,45690142
2021-06-01,70.47517362633475,69.93418884277344,96266171
2021-06-02,69.9341853355681,71.0653305053711,48257118
2021-06-03,71.80303222831367,71.16368865966797,36304245
2021-06-04,71.16368276259088,72.68827056884766,90382724
2021-06-07,73.32760993115053,75.73743438720703,165279581
2021-06-08,76.08170581461705,74.50794219970703,64350912
2021-06-09,74.70465443746103,73.57351684570312,151104976
2021-06-10,74.11449535971545,74.55712127685547,50134183
2021-06-11,75.63908827230975,74.9505615234375,57334651
2021-06-14,68.26206734841895,66.29486083984375,188258380
2021-06-15,66.09811799839527,68.50794982910156,157719401
2021-06-16,68.31122984125369,65.90140533447266,76338651
2021-06-17,64.13092616768127,64.42601013183594,57532702
2021-06-18,65.01616309623276,63.19649887084961,85418573
2021-06-21,61.86863345075896,66.63910675048828,87907722
2021-06-22,67.86861702565398,65.65550994873047,73077525
2021-06-23,66.14730832547677,64.96698760986328,56573877
2021-06-24,65.11451935276116,63.58993911743164,43743653
2021-06-25,63.93420278791195,64.13092041015625,41261986
2021-06-28,64.42600511802316,65.212890625,49421642
2021-06-29,65.16371259319118,63.83584976196289,60695920
2021-06-30,64.32764723625492,64.47518920898438,52576742
2021-07-01,64.77025780518194,63.885013580322266,31115771
2021-07-02,63.44241591242636,64.77027893066406,52496916
2021-07-05,65.11452260262331,64.86862182617188,32239917
2021-07-06,64.67189828696705,63.393211364746094,29874907
2021-07-07,63.688308274111755,66.68830108642578,107610245
2021-07-08,66.88501973856837,65.95059967041016,63877406
2021-07-09,65.80305378695671,65.36042785644531,46231697
2021-07-12,65.99976663885721,65.50796508789062,39592408
2021-07-13,65.90140915143554,65.31124877929688,31055765
2021-07-14,65.2620806044038,64.77027893066406,25001862
2021-07-15,64.77025780518194,63.885013580322266,23376344
2021-07-16,64.03255887788123,65.16370391845703,35622518
2021-07-19,64.18010357022285,62.950599670410156,45955101
2021-07-20,63.29486053657171,62.163719177246094,39112354
2021-07-22,62.65551986953777,63.49158477783203,22648698
2021-07-23,63.589939674728114,62.90141677856445,21843100
2021-07-26,62.8522414673386,61.67191696166992,20830093
2021-07-27,62.06535591208376,60.49159240722656,31595300
2021-07-28,60.58994727148836,59.31126403808594,48463361
2021-07-29,59.507986055950965,59.21290588378906,36237615
2021-07-30,59.557170588042254,58.426029205322266,64497796
2021-08-02,57.147339269466144,58.86864471435547,73899617
2021-08-03,59.31126780103748,58.130943298339844,30057995
2021-08-04,58.62274419721457,57.048980712890625,28143341
2021-08-05,56.557180079830786,56.311279296875,57870302
2021-08-06,55.967014040044276,56.606353759765625,30135489
2021-08-09,56.704722341994575,55.0817756652832,24710657
2021-08-10,55.08177691118784,53.70473098754883,32237188
2021-08-11,53.70473164951785,53.60637283325195,35786362
2021-08-12,53.753910103988744,54.93423080444336,29271670
2021-08-13,54.88505297711289,54.688331604003906,25049016
2021-08-16,54.68833288057736,53.3112907409668,26369729
2021-08-17,53.11456703800726,51.88506317138672,30710411
2021-08-18,51.786705098745735,53.55718994140625,48195539
2021-08-20,53.065386919644986,50.8031005859375,35462206
2021-08-23,51.1473652750152,50.60638427734375,41180042
2021-08-24,50.55719745981599,52.376861572265625,34796030
2021-08-25,52.376866310158896,52.22932434082031,26650342
2021-08-26,52.22932367626009,51.147361755371094,22209147
2021-08-27,51.58998525234244,53.3112907409668,47297035
2021-08-30,53.45882572649043,53.21292495727539,29654256
2021-08-31,53.212931056235696,51.68834686279297,30251959
2021-09-01,53.60637000285946,54.04899215698242,77814672
2021-09-02,54.04899374359102,53.80309295654297,34975008
2021-09-03,53.803092024197966,54.540794372558594,41379799
2021-09-06,54.93423337372869,54.540794372558594,26518805
2021-09-07,54.58997470641834,54.393253326416016,41841969
2021-09-08,54.39325461834574,54.78669738769531,24443457
2021-09-09,54.49161371869332,54.73751449584961,18226347
2021-09-13,54.78669323299302,54.24571228027344,21565898
2021-09-14,54.491614112827186,57.048980712890625,59747450
2021-09-15,57.44242027449266,56.950618743896484,28300364
2021-09-16,57.196521431898404,57.24570083618164,38178964
2021-09-17,57.4916044296192,55.62275695800781,38626513
2021-09-20,54.934226737174924,53.16374206542969,26766122
2021-09-21,53.16374752331473,53.50801086425781,25946767
2021-09-22,53.40964686983115,56.11455535888672,33744100
2021-09-23,56.557176903827575,56.21291732788086,22157667
2021-09-24,56.21292304016598,55.32767868041992,53416142
2021-09-27,55.77030022794006,56.01620101928711,22672655
2021-09-28,56.01619856540132,59.36044692993164,117412631
2021-09-29,59.90143144136151,61.7702751159668,130367062
2021-09-30,62.212893337172616,63.58993911743164,84962917
2021-10-01,63.24568115314396,64.52436065673828,73574574
2021-10-04,64.86862446386768,64.47518920898438,43796233
2021-10-05,64.4751847655653,65.16370391845703,59198873
2021-10-06,65.70469273132836,62.163719177246094,47534375
2021-10-07,62.85224179265075,62.21289825439453,30079052
2021-10-08,62.65551423260196,64.37681579589844,60132715
2021-10-11,64.62272364444759,65.65550994873047,79804445
2021-10-12,65.55715326410863,69.4423828125,194579626
2021-10-13,70.5243432417176,74.99974060058594,284153085
2021-10-14,75.7374396408161,73.13088989257812,63824644
2021-10-18,73.67187685209525,73.37679290771484,62935135
2021-10-19,73.67186991660108,68.45877075195312,60458394
2021-10-20,68.75385689338107,71.70466613769531,90667104
2021-10-21,71.99974735554605,70.3768081665039,80710120
2021-10-22,70.62270398341113,68.1636962890625,45361973
2021-10-25,68.9014023349072,67.57353210449219,46106791
2021-10-26,67.77025035541176,70.47515869140625,61931483
2021-10-27,70.62270924151939,69.73746490478516,49001065
2021-10-28,69.68827335429467,66.83582305908203,45480814
2021-10-29,66.29485163160416,67.13091278076172,74880481
2021-11-01,67.67189093181403,70.57351684570312,47088878
2021-11-02,70.62271141258063,71.16368865966797,43239091
2021-11-03,71.5079428415492,70.22926330566406,40004115
2021-11-04,70.81941825149188,70.47515869140625,5126467
2021-11-08,70.966955640673,71.80301666259766,40376175
2021-11-09,71.8030299807699,70.91778564453125,60335360
2021-11-10,67.67189476911224,65.16370391845703,138304800
2021-11-11,65.99976265902565,63.73748016357422,39623805
2021-11-12,63.93420698388786,64.08174896240234,36992832
2021-11-15,64.08174769618205,63.09814453125,18093447
2021-11-16,63.04895656280288,62.655517578125,18854850
2021-11-17,62.4588016288429,62.999786376953125,19432448
2021-11-18,63.442396539806246,61.27846908569336,24759369
2021-11-22,61.1801169344847,59.06536865234375,26537396
2021-11-23,58.81946402659056,62.655517578125,54491542
2021-11-24,62.9506019005805,61.42601776123047,26787634
2021-11-25,61.37683644623401,61.72109603881836,28317022
2021-11-26,60.98339159756632,58.47520446777344,35551381
2021-11-29,58.42602786068172,56.85226058959961,34876783
2021-11-30,57.44242163282311,57.93422317504883,39289768
2021-12-01,58.27848687950581,59.06536865234375,33349600
2021-12-02,58.52438454694154,59.557167053222656,25902010
2021-12-03,59.55716770931302,59.45880889892578,24423428
2021-12-06,59.50798928502302,59.901432037353516,43929860
2021-12-07,60.491592400877146,61.08175277709961,24391252
2021-12-08,61.91781834257073,61.57355499267578,20955993
2021-12-09,61.67191919166888,63.09814453125,32530991
2021-12-10,62.901420651009936,63.49158477783203,34504988
2021-12-13,64.32764197372892,62.90141677856445,23669811
2021-12-14,62.90141532605747,63.73748016357422,27498312
2021-12-15,63.688306497973066,63.442405700683594,36670268
2021-12-16,64.13092870910431,64.0325698852539,28718661
2021-12-17,64.08174634207593,59.16373062133789,61215633
2021-12-20,58.91783076009597,56.06538009643555,47400432
2021-12-21,56.80308437584528,56.3604621887207,29272382
2021-12-22,56.70471865478156,57.442420959472656,21868577
2021-12-23,57.88504409790039,57.88504409790039,20133308
2021-12-24,58.13094032550968,56.21291732788086,27427209
2021-12-27,56.065376296715634,56.65553665161133,26450977
2021-12-28,57.147338275467135,57.24570083618164,19540853
2021-12-29,57.24570525018365,57.147342681884766,15659936
2021-12-30,57.14734139874629,56.16373825073242,21703724
2021-12-31,56.458821944711445,57.98340606689453,29471570
2022-01-03,58.0325858097914,59.7047119140625,26998477
2022-01-04,59.95061299187909,59.06536865234375,23684780
2022-01-05,58.57356865674404,58.8194694519043,21100778
2022-01-06,58.18012747719028,59.16373062133789,21274724
2022-01-07,59.999792082970885,58.52438735961914,23860527
2022-01-10,58.81946669957834,61.622737884521484,46077589
2022-01-11,61.5735518137552,60.885032653808594,28263294
2022-01-12,61.03257179703813,61.32765197753906,22751471
2022-01-13,61.42601617932845,61.67191696166992,27759563
2022-01-14,61.52437252386156,62.655517578125,38827107
2022-01-17,62.99977992705915,62.80305480957031,24887809
2022-01-18,62.95059787909127,59.6555290222168,36833735
2022-01-19,59.75389160807288,60.835853576660156,24114802
2022-01-20,60.983392712568126,60.68831253051758,16346200
2022-01-21,60.39323023382538,58.62274169921875,26625295
2022-01-24,58.81946653259438,56.311279296875,29775640
2022-01-25,56.016196892499,56.65553665161133,28811319
2022-01-27,56.508002292877414,58.426029205322266,51899167
2022-01-28,60.39323448552599,56.80308151245117,61785304
2022-01-31,57.24570208646815,57.048980712890625,37774703
2022-02-01,57.34406468094274,58.8194694519043,53793696
2022-02-02,59.21290871287556,59.36044692993164,32156077
2022-02-03,59.40963550952745,59.11455154418945,27294506
2022-02-04,59.21290737443227,57.78668212890625,25226133
2022-02-07,57.7866817093341,56.65553665161133,26932812
2022-02-08,56.95062477107373,54.83587646484375,41744108
2022-02-09,55.08177758863333,54.78669738769531,17705304
2022-02-10,55.08177286804056,56.11455535888672,19498660
2022-02-11,55.573579142129454,55.37685775756836,13652835
2022-02-14,54.344072280006095,52.278507232666016,26510266
2022-02-15,53.11456559333753,53.90144729614258,20300727
2022-02-16,54.39325075914514,54.196529388427734,17655412
2022-02-17,54.39325235448783,53.360469818115234,45900731
2022-02-18,53.36047143299027,52.524410247802734,17873081
2022-02-21,52.13096278728825,49.67195510864258,44296864
2022-02-22,48.88508003094617,48.63917922973633,51316741
2022-02-23,48.9342505253372,48.83589172363281,31779044
2022-02-24,47.16376844490562,43.62279510498047,48563259
2022-02-25,46.81951174853844,47.360496520996094,61882199
2022-02-28,47.21294765684222,49.03261184692383,41519924
2022-03-02,48.88507780655521,49.57360076904297,33734292
2022-03-03,50.26211964469918,49.622779846191406,25803995
2022-03-04,49.13097471163211,48.393272399902344,25945200
2022-03-07,47.4096720995883,47.950653076171875,25686510
2022-03-08,47.95065214954771,49.27851486206055,26663604
2022-03-09,49.62277479367868,49.819496154785156,25304136
2022-03-10,50.557199730092385,50.21293640136719,28489527
2022-03-11,50.212938694964855,51.04900360107422,23386870
2022-03-14,50.9998181136494,50.21293640136719,20912014
2022-03-15,50.60638462720918,49.37688064575195,21490509
2022-03-16,49.81950028838906,50.36048126220703,16457526
2022-03-17,50.99981593545362,50.55719757080078,16130728
2022-03-21,50.80309887698701,49.868675231933594,14160082
2022-03-22,49.917860349019364,50.163761138916016,18084732
2022-03-23,50.55720230950065,50.40966033935547,37287036
2022-03-24,50.21294210176346,50.50802230834961,17503276
2022-03-25,50.65555862306937,50.8031005859375,24798590
2022-03-28,51.14735996157907,49.03261184692383,28281264
2022-03-29,49.32769668167664,48.2949104309082,24751771
2022-03-30,48.73753707453484,49.37688064575195,25234310
2022-03-31,49.671962461213376,48.54081726074219,22962401
2022-04-01,48.6883572531742,52.9670295715332,74868337
2022-04-04,53.40964830163917,53.50801086425781,34054330
2022-04-05,53.80308829361546,55.130950927734375,34624398
2022-04-06,55.032591574506355,55.81947326660156,42528918
2022-04-07,55.868657743633094,55.62275695800781,45264070
2022-04-08,56.01619971586754,55.62275695800781,19306565
2022-04-11,55.6227604400794,55.671939849853516,19058505
2022-04-12,55.671937006082686,54.34407424926758,25159871
2022-04-13,54.63915413164704,53.80309295654297,15633459
2022-04-18,53.55719026949308,53.50801086425781,18237871
2022-04-19,54.09817278491639,52.67194747924805,26507027
2022-04-20,52.86867075470936,52.9670295715332,17850871
2022-04-21,53.2129288163387,53.80309295654297,18520814
2022-04-22,53.557189273331474,53.06538772583008,21803030
2022-04-25,52.37686367696229,50.85227966308594,31725522
2022-04-26,51.39326415967695,52.081787109375,21251537
2022-04-27,51.63916331502714,51.73752212524414,19789916
2022-04-28,52.13096494044995,52.9178466796875,24440581
2022-04-29,53.31128908052837,51.786705017089844,20369122
2022-05-02,51.344076838786656,51.54079818725586,16280662
2022-05-04,51.639161071169944,51.49161911010742,32442013
2022-05-05,52.08178896367359,52.9670295715332,43687971
2022-05-06,52.0817837511669,50.21293640136719,37146290
2022-05-09,49.91785906840771,48.589996337890625,32286106
2022-05-10,48.442457203198,47.557212829589844,23048696
2022-05-11,48.147371068224416,46.08180236816406,31708100
2022-05-12,45.49164356562262,44.655582427978516,29606312
2022-05-13,45.63918363304757,45.54082107543945,28207461
2022-05-16,46.229348217630786,47.852294921875,27593828
2022-05-17,49.08179441312885,49.13097381591797,22875497
2022-05-18,48.983436584472656,48.983436584472656,20804686
2022-05-19,47.704756027105915,48.54081726074219,24918767
2022-05-20,49.18015615977361,52.22932434082031,52063254
2022-05-23,54.29489444578747,50.26211929321289,62079730
2022-05-24,50.55720392912598,49.57360076904297,23518464
2022-05-25,49.91785575476495,48.49163055419922,20752902
2022-05-26,48.639178256877614,49.37688064575195,31516573
2022-05-27,49.67195864226911,50.311302185058594,22624272
2022-05-30,50.95063906155609,50.7539176940918,15618484
2022-05-31,50.60638204595595,50.36048126220703,13815189
2022-06-01,50.65555829790719,50.85227966308594,19031052
2022-06-02,50.8031047058846,51.344085693359375,14396611
2022-06-03,51.688343939292984,49.77031707763672,16818510
2022-06-06,49.57360074402337,50.163761138916016,13106186
2022-06-07,50.16375664437171,49.67195510864258,12461144
2022-06-08,50.01621786112731,49.77031707763672,13141747
2022-06-09,49.57359506827142,49.868675231933594,10558307
2022-06-10,49.2293373743065,48.983436584472656,12084428
2022-06-13,48.19655450438562,46.67197036743164,17092346
2022-06-14,46.72114530450872,46.77032470703125,14122032
2022-06-15,47.21295101768092,46.72114944458008,10067299
2022-06-16,47.11459281877536,44.85230255126953,18970107
2022-06-17,44.852299641985,44.11459732055664,19423105
2022-06-20,44.50803816092804,41.40968704223633,29513123
2022-06-21,42.786735278934074,44.016239166259766,22661754
2022-06-22,43.96705907972685,42.93427658081055,15810723
2022-06-23,43.180180824355915,43.5736198425293,18750796
2022-06-24,43.819516576880396,44.80311965942383,14019484
2022-06-27,45.34410576327882,45.19656753540039,12631665
2022-06-28,44.803118778044166,45.54082107543945,10726671
2022-06-29,45.44245942895232,45.393280029296875,12444297
2022-06-30,45.29492508701943,44.21296310424805,12928130
2022-07-01,44.06542051163093,44.901485443115234,11083459
2022-07-04,44.6555805372533,44.950660705566406,8313484
2022-07-05,45.1473852473291,44.4588623046875,10855459
2022-07-06,44.458865139563,45.19656753540039,13265068
2022-07-07,45.49164487960491,46.229347229003906,12754453
2022-07-08,46.47524768168966,46.278526306152344,9073561
2022-07-11,45.98344738921083,47.26213073730469,15327095
2022-07-12,47.11458970546919,47.704750061035156,26846741
2022-07-13,47.95065560722645,47.557212829589844,11393802
2022-07-14,47.70474917029367,48.44245147705078,17190244
2022-07-15,48.54081219602129,48.73753356933594,14733964
2022-07-18,48.98343629553537,49.622779846191406,15327967
2022-07-19,49.57359950464015,50.36048126220703,17326606
2022-07-20,50.75391927129862,49.9178581237793,12672579
2022-07-21,50.114577803994585,52.573585510253906,31402684
2022-07-22,52.86866820467401,52.180145263671875,23174430
2022-07-25,52.13096837208551,52.9670295715332,22259520
2022-07-26,53.06538857162713,51.147361755371094,19616877
2022-07-27,51.196540578702106,51.83588409423828,14565909
2022-07-28,51.88506005515515,52.376861572265625,15680825
2022-07-29,52.81949134629744,52.9670295715332,19856494
2022-08-01,53.55719216949492,53.80309295654297,22164390
2022-08-02,53.655555725097656,53.655555725097656,19199618
2022-08-03,53.753911572670916,52.32768630981445,21585274
2022-08-04,52.62276615609379,51.786705017089844,29617217
2022-08-05,51.196539566672556,50.8031005859375,18574304
2022-08-08,50.85228629491171,50.99982452392578,17681708
2022-08-10,50.90146072108137,51.786705017089844,15013045
2022-08-11,52.13096684617137,52.03260803222656,12114335
2022-08-12,52.03260803222656,52.03260803222656,10763916
2022-08-16,52.32768949265677,53.016212463378906,13280628
2022-08-17,53.065388976606044,52.86866760253906,11873959
2022-08-18,52.77030859688163,55.27849578857422,51698789
2022-08-19,55.67193264942579,53.21292495727539,24153753
2022-08-22,53.2129248161833,51.442440032958984,15731612
2022-08-23,51.09818332220293,52.180145263671875,14839367
2022-08-24,52.18014021499187,52.376861572265625,13850255
2022-08-25,52.622766385220146,56.507999420166016,123809633
2022-08-26,57.04898163735911,56.90143966674805,35382649
2022-08-29,55.08177093452027,58.22930145263672,64083519
2022-08-30,59.01618566988193,57.83586120605469,24352411
2022-09-01,57.639142746190515,59.16373062133789,33962599
2022-09-02,60.14733141859107,58.32766342163086,35218282
2022-09-05,58.32766723622734,59.507991790771484,29311116
2022-09-06,59.75389066186567,59.803070068359375,29811637
2022-09-07,59.606348084395286,61.08175277709961,40008816
2022-09-08,61.86863610361854,62.01617431640625,46822765
2022-09-09,62.80306018897798,63.14731979370117,58624534
2022-09-12,63.24568486899735,62.75387954711914,20900641
2022-09-13,62.950600272452554,62.26207733154297,16512339
2022-09-14,60.39323485647627,62.06535720825195,21610596
2022-09-15,62.46130463076476,61.075477600097656,19845442
2022-09-16,60.976488215507544,58.79875946044922,27215734
2022-09-19,58.94723628923033,58.60078048706055,14671038
2022-09-20,59.0957235400807,59.49167251586914,14192397
2022-09-21,59.54116791063133,58.501792907714844,13977349
2022-09-22,58.452299866809796,58.79875946044922,16097084
2022-09-23,59.04622990280492,57.41292953491211,20665995
2022-09-26,57.165461981561265,54.78975296020508,23220636
2022-09-27,55.0867195665381,55.38368225097656,16032426
2022-09-28,55.63114697982011,56.47254180908203,29709270
2022-09-29,56.868492461087,57.90786361694336,22008219
2022-09-30,57.85837713603874,59.293701171875,19809915
2022-10-03,59.68964520496183,59.93711471557617,33110061
2022-10-04,60.778511228805954,61.3724365234375,19488969
2022-10-06,61.867378596136405,63.203712463378906,33973394
2022-10-07,63.104728749957765,63.253211975097656,16854426
2022-10-10,62.114853003479524,62.560298919677734,16294745
2022-10-11,62.758274831393145,60.333072662353516,19652471
2022-10-12,60.778517419765706,60.97649002075195,15229878
2022-10-13,61.273453689981565,60.03610610961914,13430722
2022-10-14,61.81788996574703,60.926998138427734,21693441
2022-10-17,60.877504042700366,62.312828063964844,20535097
2022-10-18,62.65928848051216,67.50968933105469,139761163
2022-10-19,67.50968672764284,66.86627197265625,68570758
2022-10-20,66.61879958801944,65.77739715576172,27874547
2022-10-21,65.97537969704986,64.63904571533203,29166961
2022-10-24,65.92587781039435,65.57942199707031,4732523
2022-10-25,66.17335092929282,70.38033294677734,133272405
2022-10-27,70.87526492444839,72.162109375,56975973
2022-10-28,72.50857037085818,72.70654296875,70321148
2022-10-31,73.00351722285518,73.30048370361328,32571520
2022-11-01,73.250982090135,75.28023529052734,61773051
2022-11-02,75.23073547259575,73.89440155029297,40551107
2022-11-03,73.25097691184176,74.58731079101562,22652092
2022-11-04,74.68630236697877,75.28023529052734,28838769
2022-11-07,75.82466107870583,75.0822525024414,25692239
2022-11-09,75.37921098279607,74.04287719726562,24940437
2022-11-10,73.94389115120364,74.78529357910156,23204614
2022-11-11,76.22061351801725,73.74591827392578,29429192
2022-11-14,68.59855695144358,70.67729949951172,76991767
2022-11-15,70.18236018091316,69.63792419433594,14960753
2022-11-16,69.93488816043065,69.88539123535156,14645687
2022-11-17,69.7864074226907,69.63792419433594,9283135
2022-11-18,69.78641259291147,70.03388214111328,10058932
2022-11-21,69.93488607097565,71.32071685791016,19613606
2022-11-22,71.51869992340727,73.30048370361328,49800129
2022-11-23,73.94388334502179,74.19135284423828,29457345
2022-11-24,74.53781619577096,74.04287719726562,13578346
2022-11-25,74.63680934185193,81.1205062866211,125076142
2022-11-28,82.15988380076183,80.57608032226562,77942912
2022-11-29,80.97203815166387,80.22962951660156,23237977
2022-11-30,80.7245664727311,82.85279846191406,39048501
2022-12-01,83.14976009993471,83.79318237304688,35582972
2022-12-02,84.28811798529159,89.63346099853516,151605821
2022-12-05,90.42536334914107,86.7628173828125,54166041
2022-12-06,86.46585352014584,87.1092758178711,30697492
2022-12-07,87.10926282016209,86.26786804199219,23086451
2022-12-08,86.02040618505019,86.56483459472656,25351714
2022-12-09,87.05977313805028,84.63457489013672,40894739
2022-12-12,84.98103355171268,85.8719253540039,18971694
2022-12-13,86.11939204994835,84.7830581665039,11420243
2022-12-14,85.22849767444181,84.73355865478516,11608268
2022-12-15,84.88204135431891,83.10025787353516,15595022
2022-12-16,83.14976179860325,79.9821548461914,26157996
2022-12-19,80.42759761755322,82.95178985595703,25190170
2022-12-20,82.85279094515273,83.1497573852539,18459170
2022-12-21,83.44673096023712,80.32861328125,60162462
2022-12-22,80.87304129411598,78.10138702392578,32843415
2022-12-23,77.35897735677082,73.20148468017578,33814978
2022-12-26,73.25097730212889,76.07212829589844,28743927
2022-12-27,76.81454213883598,76.91352844238281,20578890
2022-12-28,76.8640364097765,76.41858673095703,13477427
2022-12-29,76.12162821736,78.05188751220703,22698606
2022-12-30,78.69530475290105,78.3983383178711,21058183
2023-01-02,78.74479694678479,79.3387222290039,18024909
2023-01-03,79.83366381453018,79.53669738769531,14562959
2023-01-04,79.78416909439395,78.3983383178711,19770399
2023-01-05,78.39834154475903,81.1205062866211,32813046
2023-01-06,81.4669670799337,80.92253112792969,25418809
2023-01-09,81.516464049007,80.62557220458984,14591225
2023-01-10,80.62557450806567,79.0417709350586,15654141
2023-01-11,79.09126555228772,80.18013000488281,12606176
2023-01-12,80.5760696447418,79.19023895263672,11149830
2023-01-13,79.43771371995867,79.8831558227539,11720884
2023-01-16,80.13063025618771,78.94277954101562,8801145
2023-01-17,79.09125771792144,78.99227142333984,9659104
2023-01-18,79.19024682363981,80.08113861083984,12217656
2023-01-19,80.1306200193314,79.19023895263672,11636323
2023-01-20,79.88316099278985,79.9821548461914,34188777
2023-01-23,80.27911355396766,79.38822174072266,10598963
2023-01-24,79.53669685197069,77.75492095947266,11680665
2023-01-25,77.70542856807499,75.92364501953125,12122314
2023-01-27,75.92364409218985,72.5085678100586,24286328
2023-01-30,72.40959181351027,73.30048370361328,15140765
2023-01-31,73.6469328736191,77.6064453125,21605272
2023-02-01,78.34885585994097,74.83478546142578,25871135
2023-02-02,74.2408600911309,74.83478546142578,19704904
2023-02-03,75.42870034032077,74.19135284423828,20381422
2023-02-06,74.14187107487388,73.89440155029297,18279464
2023-02-07,74.43883004949988,74.33984375,10950829
2023-02-08,74.38933839873782,75.32971954345703,10258753
2023-02-09,75.42871098295305,75.57719421386719,10229353
2023-02-10,74.83478290200487,74.63681030273438,9331734
2023-02-13,75.13174301056375,70.82577514648438,39475505
2023-02-14,70.82577750112364,70.28134155273438,23192868
2023-02-15,70.28134176540043,71.02375030517578,11358552
2023-02-16,71.46919271436816,72.21160125732422,13731805
2023-02-17,71.51869206889681,71.66717529296875,11520434
2023-02-20,71.51868418981849,70.92475891113281,14307992
2023-02-21,70.87527709456519,70.03388214111328,10208971
2023-02-22,69.78640451935149,68.1036148071289,12057163
2023-02-23,68.45007825251999,68.2520980834961,9376810
2023-02-24,68.35108677410643,67.7076644897461,6920781
2023-02-27,67.65816982712377,66.42082214355469,10127233
2023-02-28,66.5693059142233,69.09349822998047,17700910
2023-03-01,69.04399451396253,72.06312561035156,19033336
2023-03-02,72.16210749251141,74.04287719726562,33846022
2023-03-03,74.53781866282286,73.94388580322266,12536302
2023-03-06,74.73579391997366,74.1418685913086,8700081
2023-03-08,73.74591668564648,77.2599868774414,23004128
2023-03-09,77.55695073083842,76.61656951904297,23650904
2023-03-10,75.23073349989853,76.22061157226562,17430705
2023-03-13,76.27011302081078,73.49845123291016,13019179
2023-03-14,73.59742756730896,74.04287719726562,11433968
2023-03-15,74.38934067583523,74.33984375,9616546
2023-03-16,74.2408600911309,74.83478546142578,10750873
2023-03-17,75.28023280562333,75.52770233154297,8659283
2023-03-20,75.47820749507609,73.49845123291016,9561209
2023-03-21,73.89440180128655,75.0822525024414,6583494
2023-03-22,75.32972161450844,73.4489517211914,8870115
2023-03-23,73.44894926718003,73.54794311523438,9246419
2023-03-24,73.49844811427515,71.07324981689453,8853059
2023-03-27,71.37020852394275,70.33084106445312,9250889
2023-03-28,70.7267833757797,69.39044952392578,8741706
2023-03-29,69.48943846189536,69.58843231201172,21242210
2023-03-31,69.98437230655341,69.34095764160156,17429246
2023-04-03,70.28134899494208,69.09349822998047,20010201
2023-04-05,69.39045416160631,67.41069793701172,33221018
2023-04-06,67.41069602480675,69.88539123535156,36406171
2023-04-10,70.18236296095645,70.57831573486328,19229627
2023-04-11,70.57831074792354,71.22172546386719,12046522
2023-04-12,73.25097065808399,70.92475891113281,30215325
2023-04-13,71.3702087123166,71.07324981689453,13653616
2023-04-17,71.07325503630447,71.9146499633789,10021225
2023-04-18,72.36008268896288,74.68629455566406,36556170
2023-04-19,74.78529352827253,74.63681030273438,19669027
2023-04-20,74.78529875120911,75.47821044921875,10833263
2023-04-21,75.2307278959458,74.48831939697266,9544452
2023-04-24,74.48832485910786,75.7751693725586,10625904
2023-04-25,76.17111973510255,76.3196029663086,15881484
2023-04-26,76.36909745671531,76.7155532836914,15774821
2023-04-27,76.66606143853123,76.51758575439453,8190609
2023-04-28,77.01251995710199,77.6064453125,14254949
2023-05-02,77.60644842373163,80.77405548095703,35606484
2023-05-03,80.67506056572466,86.06989288330078,89592598
2023-05-04,86.11938960235473,85.17900848388672,24553286
2023-05-05,84.68406507869369,79.93264770507812,64424735
2023-05-08,80.57608287194455,80.77405548095703,31172930
2023-05-09,80.77404986229479,78.59632110595703,20842146
2023-05-10,78.39834872697757,79.7841796875,15936655
2023-05-11,79.93266304170818,80.22962951660156,10982435
2023-05-12,80.22961670771012,80.13062286376953,14913713
2023-05-15,80.13062782339526,79.63568878173828,6660341
2023-05-16,79.78417733155273,80.77405548095703,17397846
2023-05-17,81.1700033170474,81.41747283935547,23479447
2023-05-18,82.11039209673025,80.82355499267578,15242495
2023-05-19,81.02152216870851,79.23974609375,14458238
2023-05-22,79.53670482812048,78.4973373413086,16522857
2023-05-23,78.6953076234582,79.63568878173828,13196912
2023-05-24,79.38821152915044,79.19023895263672,7944636
2023-05-25,79.23974150870349,81.07101440429688,15727153
2023-05-26,81.26898873457048,78.15087127685547,34064193
2023-05-29,78.2993555246398,82.15988159179688,69936887
2023-05-30,82.11038189113769,81.21949768066406,21708061
2023-05-31,81.3184839186249,81.07101440429688,14009026
2023-06-01,81.17000579833984,81.17000579833984,11738032
2023-06-02,81.61544815879937,82.35785675048828,18339998
2023-06-05,82.65481628266123,84.73355865478516,27799817
2023-06-06,83.1992542528766,83.00127410888672,33451773
2023-06-07,83.14975994589473,83.34773254394531,14636223
2023-06-08,83.3477377100511,83.44673156738281,17859626
2023-06-09,83.5457106341759,84.9315414428711,27565304
2023-06-12,85.32748662920943,84.9315414428711,13270970
2023-06-13,85.42648282085794,84.2386245727539,15766317
2023-06-14,84.23862168818489,83.00127410888672,12406707
2023-06-15,83.29824584740234,83.69419860839844,13288056
2023-06-16,85.12951677745632,85.8719253540039,34525441
2023-06-19,87.01027913043667,86.4658432006836,48262241
2023-06-20,85.77293178444506,87.05976867675781,20356316
2023-06-21,87.50522578434008,86.0204086303711,12787420
2023-06-22,86.02040318760181,84.88204193115234,14017753
2023-06-23,84.63457724457639,83.79318237304688,17269470
2023-06-26,84.23862688653544,82.95178985595703,12716576
2023-06-27,83.29824322213922,83.4962158203125,8859692
2023-06-28,83.84267692294769,84.18914031982422,14368143
2023-06-30,84.63457794738564,86.7628173828125,25365133
2023-07-03,86.7628124989737,87.40623474121094,19684273
2023-07-04,87.60421208417057,86.0204086303711,16087313
2023-07-05,86.71331677806656,92.00916290283203,83791105
2023-07-06,92.50410199090663,92.15764617919922,56439123
2023-07-07,91.61321736146476,90.6728286743164,31284507
2023-07-10,90.82131432470737,90.2768783569336,11075931
2023-07-11,90.77182055634096,92.9990463256836,22800419
2023-07-12,93.7414499458983,93.34550476074219,25725680
2023-07-13,93.93943202352332,90.87081146240234,36009798
2023-07-14,91.56372313133882,91.16777038574219,12918080
2023-07-17,91.56373095768754,92.05867004394531,11898240
2023-07-18,92.05865785877117,93.88993072509766,37436831
2023-07-19,94.38487486765797,93.98892211914062,20977209
2023-07-20,94.23638680860321,94.78082275390625,24047166
2023-07-21,94.23639156463526,93.5434799194336,26435192
2023-07-24,94.03841736560632,97.05754852294922,29251662
2023-07-25,97.70096312194725,96.76058197021484,27110132
2023-07-26,97.00804494045228,100.17565155029297,41205469
2023-07-27,100.67060132005818,102.45238494873047,31217241
2023-07-28,102.45238739742405,102.05643463134766,19471153
2023-07-31,102.55137646596445,102.996826171875,20986122
2023-08-01,103.64022827148438,103.64022827148438,22397728
2023-08-02,103.39276813372345,99.5322494506836,28667271
2023-08-03,99.48274745893833,99.73021697998047,19267199
2023-08-04,100.32414963747553,97.94844055175781,31396068
2023-08-07,94.48386157554194,95.62222290039062,36847815
2023-08-08,96.66160598949477,97.84945678710938,26841111
2023-08-09,98.34438128473502,100.22515106201172,20454065
2023-08-10,100.42312837151967,98.83932495117188,14663080
2023-08-11,99.83318039005873,102.41722106933594,30945987
2023-08-14,102.36753228065679,101.1749038696289,12302674
2023-08-16,100.37980975644084,99.23686981201172,17684303
2023-08-17,99.23687167890792,99.28656768798828,11091212
2023-08-18,99.48533495068871,97.39823150634766,12953826
2023-08-21,98.04425136373257,100.33012390136719,20365580
2023-08-22,100.87674852595704,110.36811065673828,100869823
2023-08-23,112.30612990845283,108.82762145996094,52947192
2023-08-24,110.81534094392299,106.98898315429688,43168726
2023-08-25,106.98897834257676,104.60371398925781,26019715
2023-08-28,106.14420550815998,108.8773193359375,41415363
2023-08-29,109.12578183514717,113.94599914550781,65979986
2023-08-30,114.79076786676339,117.97111511230469,80676360
2023-08-31,120.15761334298313,120.50546264648438,68540952
2023-09-01,121.25085898636806,135.31396484375,192280009
2023-09-04,136.40722095386403,137.89801025390625,92488417
2023-09-05,138.84217608753264,137.55015563964844,52060353
2023-09-06,137.64953370920273,134.7176513671875,26583311
2023-09-07,134.9661345265506,136.85446166992188,25911001
2023-09-08,137.74894994887546,144.40780639648438,71729474
2023-09-11,145.5010402602331,138.99127197265625,76013022
2023-09-12,140.58142413674574,124.87844848632812,86077435
2023-09-13,126.1704633148958,128.0091094970703,74638974
2023-09-14,128.7544989784561,129.1023406982422,63995422
2023-09-15,129.99682214945918,126.81646728515625,23253842
2023-09-18,127.66124957602936,125.67353057861328,16251908
2023-09-20,125.22629827636791,122.84103393554688,20538834
2023-09-21,122.24472088880941,123.48704528808594,32859985
2023-09-22,124.23243784236064,123.63612365722656,18256470
2023-09-25,124.08336591001455,124.48091125488281,37608586
2023-09-26,124.97783058056473,123.58642578125,16917591
2023-09-27,123.58642853231466,126.12077331542969,28571024
2023-09-28,126.51831701335217,125.87230682373047,54115299
2023-09-29,127.51218463683621,130.1956024169922,29692801
2023-10-03,130.19559267047552,130.34466552734375,18947214
2023-10-04,129.99682810437477,126.76678466796875,21432884
2023-10-05,127.51217371371071,126.6176986694336,14679290
2023-10-06,127.31339931783975,128.1084747314453,13871322
2023-10-09,126.26985234387509,125.67353057861328,17709670
2023-10-10,126.22015653517552,130.3943634033203,23073503
2023-10-11,130.99067218773612,130.0465087890625,18607776
2023-10-12,130.24528542749331,129.8477325439453,18231128
2023-10-13,129.1520405092744,127.56187438964844,14077735
2023-10-16,127.31340622701335,130.34466552734375,15014283
2023-10-17,131.0900624723668,131.63668823242188,23757135
2023-10-18,131.93485105142153,128.40664672851562,25434863
2023-10-19,127.4127872102375,128.40664672851562,18139312
2023-10-20,128.15818671392796,124.43121337890625,17288411
2023-10-23,124.43120479959335,117.0269546508789,19539996
2023-10-25,117.32512305001718,115.58586883544922,20235803
2023-10-26,114.69138998540922,117.1263427734375,18497619
2023-10-27,117.92143367867708,116.92757415771484,13964054
2023-10-30,117.4741906499438,119.9588394165039,18259367
2023-10-31,120.70423196281584,120.10791778564453,13504849
2023-11-01,120.55516974925082,120.80363464355469,11853409
2023-11-02,121.79748285727725,127.26371002197266,22803638
2023-11-03,128.20788627812524,127.81034851074219,27932123
2023-11-06,128.6054013530084,129.2514190673828,13327821
2023-11-07,129.45019292103402,128.15817260742188,10828413
2023-11-08,128.80420049150112,124.53060150146484,15189519
2023-11-09,123.28827274824071,125.02752685546875,33342195
2023-11-10,124.77907503972153,128.25758361816406,24894388
2023-11-13,128.15817732676257,135.6618194580078,77439295
2023-11-15,137.15261144080512,136.55628967285156,24142281
2023-11-16,136.55629011890235,137.79861450195312,29402772
2023-11-17,137.89801785810715,140.97898864746094,28788415
2023-11-20,141.72436512380892,140.08448791503906,19703693
2023-11-21,140.63112491154604,138.7427978515625,19689241
2023-11-22,139.14033178651835,140.28326416015625,14276386
2023-11-23,140.63111922870377,141.87344360351562,22350588
2023-11-24,142.81760747368756,151.3151092529297,109749908
2023-11-28,151.56357727610919,155.09178161621094,48716588
2023-11-29,160.01139513957884,164.03652954101562,66299728
2023-11-30,164.73221415551933,169.40335083007812,125768226
2023-12-01,170.2978353668141,169.4530487060547,37623687
2023-12-04,174.0248177946763,172.98126220703125,43592841
2023-12-05,172.98126833120727,175.614990234375,43939364
2023-12-06,176.60883812926932,177.35423278808594,24652623
2023-12-07,177.80147762433165,182.17446899414062,28058369
2023-12-08,182.6713995386611,175.614990234375,36422560
2023-12-11,176.36035672108113,178.54684448242188,20541517
2023-12-12,178.89471297950897,176.80760192871094,14211330
2023-12-13,176.90698245268925,178.54684448242188,21665601
2023-12-14,179.1431851293254,180.28611755371094,23427830
2023-12-15,182.87014867380492,180.43519592285156,25157198
2023-12-18,180.43519849778713,186.249267578125,25404383
2023-12-19,186.24926111564866,183.61553955078125,19460688
2023-12-20,184.8578652670217,170.94383239746094,39496283
2023-12-21,167.91256484829955,179.34194946289062,31883299
2023-12-22,179.93826808305803,177.2051544189453,19064120
2023-12-26,178.39778951898717,181.08120727539062,37756996
2023-12-27,182.2738263975719,180.83273315429688,17855973
2023-12-28,181.37937071995339,191.4173583984375,80428777
2023-12-29,190.77132994812624,192.36151123046875,56016618
2024-01-01,197.77804471568442,196.93325805664062,75665268
2024-01-02,201.75347250759012,200.75961303710938,72765808
2024-01-03,200.56085307632242,193.20628356933594,52393773
2024-01-04,194.64740086155825,193.85231018066406,30243640
2024-01-05,194.84616691272234,194.5977020263672,31168193
2024-01-08,194.69707004025457,193.95167541503906,24173941
2024-01-09,195.64125016593312,194.39892578125,20766773
2024-01-10,194.79647564379252,198.42405700683594,39855938
2024-01-11,199.7657642774425,196.5357208251953,26199838
2024-01-12,196.78418339689932,195.2436981201172,14384270
2024-01-15,203.24426451499417,200.01422119140625,39361703
2024-01-16,200.80931550956657,201.75347900390625,36297046
2024-01-17,199.02036447801166,205.82830810546875,104586370
2024-01-18,208.21356839037645,210.8472900390625,68991855
2024-01-19,213.67978794368233,220.88526916503906,63867429
2024-01-23,220.13987776127132,201.7037811279297,45960109
2024-01-24,203.24426410543873,208.61109924316406,32560581
2024-01-25,209.70435439638408,218.54969787597656,34410301
2024-01-29,219.64295544192328,219.9411163330078,22269048
2024-01-30,222.07790980759899,226.55027770996094,46928698
2024-01-31,226.59996956932844,226.8484344482422,19835653
2024-02-01,229.0846211863088,226.10304260253906,26372822
2024-02-02,228.28951943280708,232.36434936523438,31480257
2024-02-05,233.20913052774858,233.8551483154297,32248058
2024-02-06,234.84901594802332,230.37664794921875,20312567
2024-02-07,230.8735837729016,230.12818908691406,20297349
2024-02-08,230.5754103824158,229.38278198242188,20903389
2024-02-09,235.04778029382572,226.15274047851562,49500870
2024-02-12,226.5999698204103,215.36935424804688,28287984
2024-02-13,215.66751339175943,212.03993225097656,58782489
2024-02-14,201.25656282599985,223.07177734375,48738557
2024-02-15,226.1030444686907,226.15274047851562,30765077
2024-02-16,227.1465827942908,224.46316528320312,20099858
2024-02-19,225.25826573241403,224.31410217285156,12184195
2024-02-20,225.50670930804273,229.48214721679688,22994469
2024-02-21,230.57541740937796,220.5374298095703,22193528
2024-02-22,222.6245256085886,227.09689331054688,25023398
2024-02-23,228.04106700016928,228.19015502929688,21463226
2024-02-26,228.38892767480846,226.64967346191406,14288582
2024-02-27,226.649670482595,221.23313903808594,22497412
2024-02-28,222.27666546574122,223.32022094726562,36680021
2024-02-29,224.46318230011983,226.15274047851562,150876575
2024-03-01,228.58768982131136,233.8551483154297,35475431
2024-03-04,235.64411011119998,262.925537109375,246246357
2024-03-05,263.8697009575723,264.1678466796875,64079248
2024-03-06,269.0377715725975,253.6329345703125,81812288
2024-03-07,255.173443825731,255.91883850097656,26124937
2024-03-11,257.50900222955005,252.9869384765625,20685651
2024-03-12,253.43418292468408,242.6011199951172,27919780
2024-03-13,243.49557891323425,223.9165496826172,42267395
2024-03-14,223.4196318128539,225.0594940185547,38281171
2024-03-15,224.11532297101402,215.41905212402344,52563647
2024-03-18,215.4190416317312,222.9226837158203,30924687
2024-03-19,222.87299804236991,217.4564666748047,21463953
2024-03-20,218.64910121489154,223.36993408203125,21903121
2024-03-21,228.48829188999932,235.74346923828125,36784553
2024-03-22,233.55697552556668,237.63180541992188,18998595
2024-03-26,237.03549424636122,238.3275146484375,12328059
2024-03-27,239.86801502698236,241.60726928710938,22974438
2024-03-28,251.49617150670736,245.78147888183594,28014588
2024-04-01,247.4710161180919,252.1918487548828,16746624
2024-04-02,252.1918524720721,250.6513671875,18413211
2024-04-03,249.01150555711192,250.2538299560547,19412822
2024-04-04,251.4464471714634,249.95565795898438,15849252
2024-04-05,249.9556634766351,253.3844757080078,14549888
2024-04-08,254.17956089318622,254.87527465820312,12516140
2024-04-09,255.62067382714966,254.1795654296875,13774213
2024-04-10,255.2231111938187,260.88812255859375,35119907
2024-04-12,257.012076518046,260.88812255859375,22621987
2024-04-15,252.63907743249538,254.92495727539062,21131641
2024-04-16,253.43418361837718,256.16729736328125,14383707
2024-04-18,258.0059433260179,251.64523315429688,17532083
2024-04-19,249.21026934774568,252.9869384765625,16875480
2024-04-22,255.86914975369905,257.7574768066406,12338668
2024-04-23,258.403478405719,258.55255126953125,12491248
2024-04-24,259.8445784310966,262.4285888671875,14961057
2024-04-25,263.3727720960576,269.9322509765625,29632042
2024-04-26,272.76475012469035,277.1377258300781,33600079
2024-04-29,280.1690048481024,275.19970703125,16489028
2024-04-30,276.98863654011126,279.97021484375,25044316
2024-05-02,281.3616224508164,290.9026794433594,52394156
2024-05-03,294.1824306800717,303.1271667480469,130758171
2024-05-06,306.25780478603224,287.17572021484375,67553636
2024-05-07,288.21927508746376,278.5291442871094,34027122
2024-05-08,278.280658975057,284.5419616699219,30462793
2024-05-09,284.8898205809319,271.47271728515625,26191548
2024-05-10,273.26169459081905,272.61566162109375,26800050
2024-05-13,272.71502092796356,281.56036376953125,31570308
2024-05-14,282.2561079622452,286.4800109863281,18050458
2024-05-15,287.62293594574743,289.56097412109375,15400221
2024-05-16,291.79716337629145,292.9897766113281,16245511
2024-05-17,293.58610372418315,298.0584716796875,20721512
2024-05-21,309.98476727881,317.2399597167969,42280416
2024-05-22,300.1455670730758,300.09588623046875,74932755
2024-05-23,301.9842268805482,302.9283752441406,26563225
2024-05-24,302.92837616535013,303.7731628417969,22736707
2024-05-27,305.3633254542678,296.71673583984375,26504237
2024-05-28,298.0584664616517,289.7100524902344,22303081
2024-05-29,289.21312724854414,292.2940979003906,15049196
2024-05-30,291.89655841341175,288.96466064453125,13070194
2024-05-31,290.60451880568746,297.0646057128906,27964255
2024-06-03,318.0350227532077,309.53753662109375,33744563
2024-06-04,309.13999672179835,245.03607177734375,122751545
2024-06-05,253.43417130884015,253.7820281982422,59449633
2024-06-06,268.24269820738937,276.2432861328125,111330080
2024-06-07,277.2868004580095,283.74688720703125,32634629
2024-06-10,286.62906533490076,282.7033386230469,17918606
2024-06-11,284.2438393675501,293.3873596191406,29060221
2024-06-12,293.6854728466961,293.3376159667969,18978949
2024-06-13,295.3750662946237,302.0836181640625,26007861
2024-06-14,303.27623502701306,303.8228759765625,24901598
2024-06-18,306.60563600538893,303.72344970703125,20245612
2024-06-19,305.06515392144155,295.2259216308594,22855416
2024-06-20,296.5676554313987,291.5983581542969,26187852
2024-06-21,292.19471032761226,293.2382507324219,22108141
2024-06-24,292.1947280290533,292.89044189453125,15182677
2024-06-25,293.8842717277448,292.0953063964844,15320510
2024-06-26,292.39348980074,293.9339599609375,12663797
2024-06-27,294.03333541189096,295.1265869140625,25624094
2024-06-28,304.12099466305034,299.00262451171875,32298955
2024-07-01,300.09590273927046,300.5431213378906,12526215
2024-07-02,301.83517709183565,295.32537841796875,12935465
2024-07-03,296.4682551732962,309.388427734375,37577666
2024-07-04,311.87306695775874,309.13995361328125,31457159
2024-07-05,308.7921721236638,314.4571533203125,37284773
2024-07-08,315.351634641394,326.33380126953125,45685018
2024-07-09,328.9675350391811,327.47674560546875,39457293
2024-07-10,328.8681162287208,325.9362487792969,25392018
2024-07-11,327.4767113829737,330.6570739746094,23370124
2024-07-12,329.96135270314676,323.8988037109375,19411215
2024-07-15,325.43931622717895,323.4018859863281,10789487
2024-07-16,323.40183828287115,318.0350036621094,9882249
2024-07-18,317.786574960654,306.7050476074219,21439407
2024-07-19,304.0713395605696,292.2940979003906,26877331
2024-07-22,292.2940999787062,303.02777099609375,19646190
2024-07-23,304.7173433763698,305.4627380371094,65820195
2024-07-24,306.1087156289785,307.25164794921875,15750887
2024-07-25,303.12716441682574,309.6369323730469,13306048
2024-07-26,311.57493921971565,315.3515930175781,16011265
2024-07-29,324.9920720420809,321.0663146972656,25820136
2024-07-30,321.01663890695147,315.4510192871094,16317537
2024-07-31,314.4571413492088,313.314208984375,26845162
2024-08-01,312.7676239401718,306.6056823730469,23814781
2024-08-02,301.5369530234114,299.7976989746094,16899884
2024-08-05,290.20695721271176,289.8591003417969,25762827
2024-08-06,290.2069579019782,285.7842712402344,17719054
2024-08-07,291.59840495603765,302.7296447753906,18911910
2024-08-08,303.02772320795884,296.0210266113281,11640751
2024-08-09,300.3977286520865,300.5966796875,12805164
2024-08-12,298.45804755285263,297.115234375,11827604
2024-08-13,298.9553879005927,288.4116516113281,11461814
2024-08-14,290.30158609769404,288.4613952636719,10643943
2024-08-16,291.44547042146263,294.97662353515625,10118811
2024-08-19,296.3194427943927,292.19146728515625,9809448
2024-08-20,292.7883116556749,294.8274230957031,7415963
2024-08-21,294.72796170139594,295.07611083984375,4898623
2024-08-22,296.41894092136914,298.0601806640625,12084994
2024-08-23,298.3586137253063,294.6285095214844,7528035
2024-08-26,296.1702503437205,295.7226257324219,15560440
2024-08-27,297.31417120956394,296.2200012207031,6802421
2024-08-28,296.4189423204319,293.0369873046875,6579323
2024-08-29,293.3851404283068,289.4560852050781,11000139
2024-08-30,290.1523762437194,289.0084533691406,9721851
2024-09-02,289.45607958490984,285.2783508300781,6500598
2024-09-03,285.6762458287901,284.83074951171875,5677328
2024-09-04,281.99586501616983,277.2213439941406,14798436
2024-09-05,277.51972927208743,272.0986328125,18037015
2024-09-06,270.6065885799765,262.4003601074219,20003822
2024-09-09,262.3009073828267,260.6596374511719,17426762
2024-09-10,261.7538361207975,263.0966796875,11350960
2024-09-11,263.64372910051674,257.3771667480469,10164459
2024-09-12,258.76974619611667,264.5887145996094,12118164
2024-09-13,265.583422799992,262.8977355957031,7917998
2024-09-16,262.89770659233454,268.07012939453125,10495634
2024-09-17,268.3188208243145,263.44482421875,7503456
2024-09-18,263.54430676401734,263.8924255371094,8732556
2024-09-19,265.1855340454219,255.78565979003906,17353175
2024-09-20,257.07878618295734,264.7379150390625,13916388
2024-09-23,272.5462577237182,272.7452087402344,21859230
2024-09-24,273.5409678348511,280.75250244140625,21252167
2024-09-25,281.29956041694203,280.65301513671875,12868230
2024-09-26,280.65302184030014,279.1609802246094,8488686
2024-09-27,283.5376171103762,286.02435302734375,45809973
2024-09-30,283.2889821306412,278.216064453125,22843205
2024-10-01,278.91231371520365,278.9620666503906,13449947
2024-10-03,272.74521689427047,267.5230712890625,15222490
2024-10-04,267.5230803744829,266.18023681640625,11763747
2024-10-07,268.0701280644364,255.28829956054688,11421742
2024-10-08,254.64177259887006,264.09136962890625,16215450
2024-10-09,263.94218299988927,262.8977355957031,8894689
2024-10-10,263.892419847173,269.91033935546875,12825979
2024-10-11,269.81087296097365,268.5675048828125,6125003
2024-10-14,269.21404053701565,267.3241271972656,5634973
2024-10-15,268.5674795211437,270.15899658203125,5601497
2024-10-16,270.2087588295321,268.1696472167969,5147947
2024-10-17,268.36854219430063,252.851318359375,20613475
2024-10-18,252.453436073678,252.503173828125,18204264
2024-10-21,254.14441660161222,246.3360595703125,12966258
2024-10-22,246.33606821281984,231.5648651123047,22786450
2024-10-23,231.7637989214894,222.5131378173828,55940287
2024-10-24,222.9110208759173,226.0940399169922,26378660
2024-10-25,226.79033024142026,215.69949340820312,38742027
2024-10-28,217.19152638846776,228.53103637695312,57158451
2024-10-29,231.56486439485838,233.75318908691406,29437193
2024-10-30,233.70345636593035,235.34471130371094,21343526
2024-10-31,235.245228085059,237.73196411132812,14333246
2024-11-01,239.6218727192073,240.6862030029297,3323181
2024-11-04,241.66100976124812,232.1517333984375,17322490
2024-11-05,232.75850872887054,234.0018768310547,11731176
2024-11-06,236.23992846373378,246.66432189941406,23232573
2024-11-07,247.0721497329068,242.993896484375,8342302
2024-11-08,243.7001447427425,237.77175903320312,9480514
2024-11-11,236.1404544939996,237.9508056640625,7671938
2024-11-12,238.1298378984375,228.99855041503906,10589650
2024-11-13,228.4912549001336,221.37918090820312,11397140
2024-11-14,221.18024306299588,222.52308654785156,10187321
2024-11-18,223.9156584649991,221.4886016845703,11297324
2024-11-19,222.81154923046745,224.68157958984375,12068006
2024-11-21,224.25385724924814,226.73065185546875,14856780
2024-11-22,226.88980214733454,233.14642333984375,15168514
2024-11-25,240.61657045679874,239.940185546875,16392929
2024-11-26,242.20809055428614,242.67559814453125,12353100
2024-11-27,241.8002627773999,246.3460235595703,9980383
2024-11-28,248.03699234437858,251.150390625,17770794
2024-11-29,251.65769781580966,249.75782775878906,8530849
2024-12-02,248.42493022457833,248.32545471191406,5206287
2024-12-03,249.121225585652,251.0111541748047,5163693
2024-12-04,251.50849060721416,250.01644897460938,8341454
2024-12-05,250.66298613528753,250.46405029296875,6737876
2024-12-06,250.56352299724267,247.72865295410156,7762375
2024-12-09,247.08207503567408,248.22598266601562,9382718
2024-12-10,248.82280057006156,247.28103637695312,13142458
2024-12-11,249.66830146820587,252.35397338867188,10687907
2024-12-12,252.4534347465877,243.20277404785156,13847859
2024-12-13,242.70543465579942,241.46206665039062,9230527
2024-12-16,241.46207238877815,246.28634643554688,8698753
2024-12-17,245.49059630558136,241.064208984375,7406625
2024-12-18,241.71073484570397,238.57745361328125,9599459
2024-12-19,231.21672803295297,240.96473693847656,10935031
2024-12-20,240.96472856054243,234.05160522460938,12507201
2024-12-23,237.08541923538652,239.67161560058594,14608700
2024-12-24,240.71604270854306,238.08010864257812,6497376
2024-12-26,239.02507283150834,240.46737670898438,7197644
2024-12-27,240.71605130012796,234.15106201171875,6572582
2024-12-30,234.39974334925606,224.403076171875,34741159
2024-12-31,224.40306522561502,228.18289184570312,8401290
2025-01-01,228.7896518108666,231.99256896972656,7758093
2025-01-02,231.76378780121667,231.5051727294922,13936789
2025-01-03,231.76380533748548,228.8394012451172,10901266
2025-01-06,230.27175571305645,218.6537322998047,15604026
2025-01-07,219.82747245721472,223.62721252441406,12709847
2025-01-08,223.62720344541341,220.19549560546875,9124370
2025-01-09,222.66236354623317,215.23199462890625,9403979
2025-01-10,215.2319915655159,203.4050750732422,20791872
2025-01-13,198.93887317116187,191.55824279785156,23244835
2025-01-14,192.6723053907686,196.0542755126953,16773870
2025-01-15,197.9441947690493,201.08743286132812,13345400
2025-01-16,203.91234880147604,209.47268676757812,12785825
2025-01-17,209.17428299654725,212.94418334960938,11603310
2025-01-20,214.00849069404197,215.76910400390625,7252346
2025-01-21,216.0376818670404,208.43821716308594,8267629
2025-01-22,208.88582473692773,204.3699188232422,11550327
2025-01-23,203.216071761523,205.3944549560547,11501338
2025-01-24,205.90175067143548,199.1278839111328,9344993
2025-01-27,197.94418674549723,193.50784301757812,8410047
2025-01-28,195.2087749791312,186.6245574951172,17826505
2025-01-29,183.1630386007062,198.7996368408203,38044200
2025-01-30,199.93356470559715,195.328125,12911947
2025-01-31,197.4468458984735,206.9859619140625,21137642
2025-02-01,208.44816428399795,198.9587860107422,24872103
2025-02-03,196.77045627583712,195.19883728027344,23794278
2025-02-04,196.94949349707792,205.62322998046875,22318249
2025-02-05,205.96141105188917,207.90106201171875,13834798
2025-02-06,209.98000122026227,203.75320434570312,6329168
2025-02-07,203.91235275877617,201.76380920410156,7630722
2025-02-10,207.8911253278238,201.90306091308594,19309166
2025-02-11,202.5098250128378,198.65042114257812,18788514
2025-02-12,199.63515908340617,197.77508544921875,18458569
2025-02-13,197.94419148380868,200.74923706054688,10675334
2025-02-14,201.42562230222302,192.2843780517578,12360217
2025-02-17,192.28437247463657,192.4435272216797,14215439
2025-02-18,192.523101735073,185.58013916015625,19765470
2025-02-19,183.45148543235996,194.054931640625,16602294
2025-02-20,191.84669921947062,199.10797119140625,14019550
2025-02-21,198.77972976473725,195.36793518066406,12105028
2025-02-24,191.22999383207886,190.41433715820312,10830137
2025-02-25,190.68290465875708,193.5774688720703,18316744
2025-02-27,194.0051946736186,186.44552612304688,11545214
2025-02-28,182.02907217925946,178.21939086914062,17163841
2025-03-03,179.14445812289537,184.4859619140625,15248881
2025-03-04,181.63121332277467,191.72735595703125,16755486
2025-03-05,190.97139214676864,195.01979064941406,11759241
2025-03-06,196.94950986522275,197.34738159179688,12704429
2025-03-07,197.34736366455581,195.90505981445312,8240367
2025-03-10,196.20347268703773,191.0907440185547,7893304
2025-03-11,188.99195148377814,193.090087890625,9057560
2025-03-12,194.36328990287294,192.60269165039062,7855326
2025-03-13,193.9654133854772,192.3042755126953,6439500
2025-03-17,193.9654161168672,194.39312744140625,6627117
2025-03-18,194.39312744140625,194.39312744140625,0
2025-03-19,204.9070619654157,204.5987091064453,8763675
2025-03-20,205.84207023306476,205.44418334960938,7090259
2025-03-21,205.44416975352993,210.82546997070312,14567468
2025-03-24,212.86460689608347,216.3858184814453,17162186
2025-03-25,218.53436274245672,212.46673583984375,13641191
2025-03-26,213.5111538570205,209.403076171875,11768733
2025-03-27,209.40306204044307,212.84469604492188,37280559
2025-03-28,214.39643032987755,215.28170776367188,20677777
2025-04-01,214.00849820426885,210.56686401367188,16822545
2025-04-02,211.96939380235767,211.4521484375,9217703
2025-04-03,208.0502951394284,217.519775390625,14138540
2025-04-04,217.51976312625087,213.3122100830078,20924777
2025-04-07,192.97071230776,206.5980224609375,19369229
2025-04-08,209.8805257952669,209.8208465576172,9741351
2025-04-09,209.82085418745362,210.6862335205078,10120991
2025-04-11,214.85399552145194,211.84007263183594,7830994
2025-04-15,214.85399918890386,220.62322998046875,13352688
2025-04-16,220.62323537912215,224.8009490966797,16706004
2025-04-17,226.79032743486528,226.18356323242188,14226916
2025-04-21,224.96008514109417,225.984619140625,25601594
2025-04-22,226.7903330709114,227.108642578125,10971980
2025-04-23,229.17758489482733,229.30690002441406,9723451
2025-04-24,227.785012267934,229.2770538330078,13730795
2025-04-25,229.75450480927702,221.190185546875,18081374
2025-04-28,221.19018272662268,229.0880584716797,11353051
2025-04-29,229.07812709829997,230.1026611328125,16328906
2025-04-30,230.27175416747778,225.636474609375,8248908
2025-05-02,225.63647629594578,223.63714599609375,6528363
2025-05-05,223.8062509398312,227.5065155029297,4412046
2025-05-06,227.50651037328407,216.59471130371094,11268211
2025-05-07,212.36724585457694,223.95542907714844,16036419
2025-05-08,224.10464664830127,216.0177764892578,7896625
2025-05-09,210.97468745595995,215.48065185546875,9483894
2025-05-12,222.8115533958388,231.7140655517578,14953189
2025-05-13,232.55954758139748,237.11524963378906,26179873
2025-05-14,238.41830835353096,238.09005737304688,21213251
2025-05-15,238.72665376633978,244.3765106201172,16138842
2025-05-16,246.48527007320615,249.02174377441406,50239674
2025-05-19,251.64774500503913,242.48660278320312,15730487
2025-05-20,243.69018981426848,243.13314819335938,15814933
2025-05-21,243.202778743795,246.10728454589844,9812359
2025-05-22,245.68951714997363,246.25650024414062,14679264
2025-05-23,246.18686324274537,253.44813537597656,18672122
2025-05-26,254.49254982200935,260.47064208984375,18231776
2025-05-27,260.5999629802471,258.7896423339844,11619198
2025-05-28,259.7147194684661,265.1954650878906,16354936
2025-05-29,265.5635346343473,264.9965515136719,12113755
2025-05-30,266.31948330418805,258.4514465332031,16166684
2025-06-02,259.6649734307644,260.01312255859375,5496542
2025-06-03,261.10727504928263,251.60794067382812,10202467
2025-06-04,251.75715649904032,252.40370178222656,7322863
2025-06-05,253.59733989457638,250.66299438476562,5868497
2025-06-06,251.4587456027249,254.34335327148438,5912223
2025-06-09,255.6364724492405,256.7803649902344,8142667
2025-06-10,258.12318560661873,259.1676025390625,13506650
2025-06-11,260.01310861463827,255.63645935058594,6312600
2025-06-12,254.98991922710076,252.4534454345703,7494477
2025-06-13,246.28634419229368,252.20477294921875,6863381
2025-06-16,251.6576869786368,253.09999084472656,5449381
2025-06-17,253.64708843446098,251.0111541748047,3780350
2025-06-18,251.0111352427193,250.46405029296875,4309390
2025-06-19,249.7677756071207,245.88845825195312,6499510
2025-06-20,245.68952308804992,249.1212158203125,7364337
2025-06-23,247.13182424588553,252.4534454345703,6599595
2025-06-24,254.59203836901918,258.5708312988281,13591549
2025-06-25,259.81417861497977,260.4607238769531,8079034
2025-06-26,261.00779438072834,263.04693603515625,8632812
2025-06-27,263.59401037366524,262.69879150390625,8256515
2025-06-30,270.55688589129784,264.8871154785156,24499093
2025-07-01,266.32943899315165,263.2458801269531,6368798
2025-07-02,263.2458770420955,259.2173767089844,4720752
2025-07-03,259.2173594839894,256.2332763671875,3482668
2025-07-04,257.6258523718722,258.7697448730469,6547713
2025-07-07,259.1179051096793,254.98992919921875,3448589
2025-07-08,254.98993651210344,256.73065185546875,3629949
2025-07-09,256.7306130547844,260.6596374511719,9205944
2025-07-10,261.10728067927715,259.91363525390625,3978183
2025-07-11,258.9686933033667,257.32745361328125,3395468
2025-07-14,257.2776944291137,255.98460388183594,2826291
2025-07-15,255.98462148446555,256.1338195800781,2785020
2025-07-16,255.13912100858343,253.0005340576172,3917127
2025-07-17,253.0005267227063,251.90635681152344,3133140
2025-07-18,251.80689369135362,249.17095947265625,3769277
2025-07-21,249.71804403290477,253.29893493652344,3502780
2025-07-22,253.29893536484258,249.17095947265625,3295956
2025-07-23,250.26512014789444,249.8672332763672,2778287
2025-07-24,249.8672309261883,249.71803283691406,2537746
2025-07-25,247.82810410730255,238.8758544921875,6249024
2025-07-28,239.72134763562565,235.493896484375,3829301
2025-07-29,234.99655368946478,239.27374267578125,4090733
2025-07-30,240.46738017793268,240.36790466308594,3128052
2025-07-31,237.3341040226415,237.1848907470703,4900265
2025-08-01,237.68328144920915,230.85531616210938,4328861
2025-08-04,231.3537000596798,240.6536865234375,4836529
2025-08-05,242.2286103989747,247.45176696777344,16107703
2025-08-06,248.69774256069618,239.058837890625,11261810
2025-08-07,231.1045133301585,227.2369842529297,32931833
2025-08-08,226.76848784384086,221.993896484375,10903726
2025-08-11,222.28295103565944,220.74790954589844,8120448
2025-08-12,221.28616840412522,222.1533660888672,5579037
2025-08-13,223.2797377605597,223.269775390625,4866381
2025-08-14,223.75819723795217,220.6183319091797,3835220
2025-08-18,225.27330575452606,215.9234619140625,9821664
2025-08-19,217.14951851452486,218.99356079101562,5359240
2025-08-20,218.993566969151,219.96044921875,3150685
2025-08-21,220.26944241810082,217.77748107910156,3594173
2025-08-22,218.2758761027076,217.8871307373047,3265473
2025-08-25,218.29582663545702,215.81382751464844,2460395
2025-08-26,215.80385374966525,210.81993103027344,5248328
2025-08-28,210.81992981878915,207.83953857421875,5028650
2025-08-29,207.83954829825242,207.34115600585938,6491590
2025-09-01,208.82637285600785,211.53762817382812,6448724
2025-09-02,212.3649546646254,214.3784637451172,7347728
2025-09-03,214.50804113955235,216.27235412597656,3107124
2025-09-04,220.40900307665294,210.4112548828125,9965549
2025-09-05,210.80997209959463,211.6771697998047,3958541
2025-09-08,213.81029327466808,215.9832763671875,5280719
2025-09-09,215.98327382971124,213.83023071289062,2832092
2025-09-10,213.8601345298085,219.322509765625,8012241
2025-09-11,219.29260845959567,228.34341430664062,28357811
2025-09-12,227.7652795369846,227.9845733642578,7574797
2025-09-15,228.96140561529683,228.93150329589844,8536557
2025-09-16,229.36012910972386,231.4434051513672,5707608
2025-09-17,232.2508111278193,233.5665740966797,5487958
2025-09-18,234.24437761236558,233.73602294921875,4534560
2025-09-19,233.18778450996996,236.4073944091797,14496280
2025-09-22,236.3276508305722,238.82958984375,7227055
2025-09-23,238.82958472897377,237.96237182617188,6141305
2025-09-24,237.73311287256456,235.25111389160156,4665637
2025-09-25,234.2443683217595,233.86558532714844,4026105
2025-09-26,232.64951115485616,230.26719665527344,4520518
2025-09-29,230.45658442840903,233.21768188476562,6844860
2025-09-30,234.1446851148825,237.6832733154297,7781995
2025-10-01,238.23151472056696,239.3977508544922,7001353
2025-10-03,239.72669190741775,244.23216247558594,9487956
2025-10-06,243.91318576820146,244.52122497558594,5947078
2025-10-07,244.81028838644286,244.07266235351562,6648973
2025-10-08,244.0627087069734,238.27137756347656,4226459
2025-10-09,238.72990515919307,238.27137756347656,4334247
2025-10-10,238.28134657437758,238.86944580078125,6959120
2025-10-13,236.63665403057988,234.10482788085938,6337675
2025-10-14,234.2942200732061,231.69261169433594,4680465
2025-10-15,231.25402460262922,235.04180908203125,5422265
2025-10-16,236.0385931703995,235.41061401367188,4104632
2025-10-17,234.84245354070623,231.8720245361328,3238488
2025-10-20,232.73924092633766,233.00836181640625,3655987
2025-10-21,233.24759576515933,233.84567260742188,712531
2025-10-23,234.54341376728044,233.53665161132812,4072749
2025-10-24,234.513512530739,230.1974334716797,5297389
2025-10-27,231.25401585355718,234.24436950683594,7375341
2025-10-28,234.24437104715773,236.57684326171875,9973722
2025-10-29,237.6733176201708,244.60096740722656,14046107
2025-10-30,253.18329128489523,260.4498596191406,75432122
2025-10-31,260.4498451382194,264.6363220214844,23280006
2025-11-03,264.1479105567203,264.09808349609375,11181498
2025-11-04,262.65274376151046,266.39068603515625,9063915
2025-11-06,265.84244764548424,259.21380615234375,5823324
2025-11-07,257.1704215566405,263.0016174316406,10052522
2025-11-10,264.0980849997904,272.4710693359375,18151146
2025-11-11,273.11896645137784,284.8810119628906,37222053
2025-11-12,284.58197980789816,286.1269836425781,15184051
2025-11-13,285.08037907276866,280.5948486328125,16076468
2025-11-14,280.5948650166151,280.6945495605469,11786151
2025-11-17,280.69454691138594,284.5820007324219,7910619
2025-11-18,284.0337604916089,288.17041015625,11332882
2025-11-19,289.46623432159254,288.2701110839844,14533784
2025-11-20,288.5691285463512,284.3327941894531,8839796
2025-11-21,284.0836057409776,281.5916442871094,6158231
2025-11-24,281.2926313172926,277.0064392089844,9586847
2025-11-25,276.1093334061124,281.9903564453125,7350075
2025-11-26,281.89065598491106,288.76849365234375,11134915
2025-11-27,288.768498763497,289.914794921875,10234788
2025-11-28,289.3167181028885,289.914794921875,7279931
2025-12-01,290.1639850747922,290.0643005371094,9651733
2025-12-02,289.9646314399679,284.5820007324219,6242631
2025-12-03,285.0803845423174,277.6543273925781,6343542
2025-12-04,278.102892103567,274.86334228515625,8033107
2025-12-05,274.9630185539602,276.8569030761719,4629680
2025-12-08,276.8071016826115,268.83282470703125,5178235
2025-12-09,268.5337454761422,276.10931396484375,9945144
2025-12-10,276.05949522775006,274.1157531738281,3543157
2025-12-11,274.1157545534655,275.6109313964844,3695549
2025-12-12,275.9598237329291,284.2331237792969,12084724
2025-12-15,284.23310308491426,281.6913146972656,4114513
2025-12-16,280.5948630183004,278.4517822265625,5220449
2025-12-17,277.6045079025533,276.95660400390625,3130658
2025-12-18,276.30869957567586,274.16558837890625,4139636
2025-12-19,274.1655809257183,274.86334228515625,7050742
2025-12-22,275.11253000732705,280.9437255859375,4874650
2025-12-23,281.29261441005906,280.9935607910156,5087115
2025-12-24,280.9935656331831,277.30548095703125,5866008
2025-12-26,277.1061027350688,280.5948486328125,6390786
2025-12-29,281.5916249889819,278.5015869140625,3963435
2025-12-30,278.80064778162256,281.8906555175781,5022408
2025-12-31,282.88743843557523,286.5257263183594,10765553
2026-01-01,287.5723517350465,290.51287841796875,7927074
2026-01-02,291.7588642014436,298.5369873046875,13871683
2026-01-05,299.8327935231656,299.085205078125,9119661
2026-01-06,299.73312020853194,295.99517822265625,6926709
2026-01-07,295.99519026457324,302.5739440917969,12724071
2026-01-08,302.9228401780403,270.876220703125,48951103
2026-01-09,278.10289069621695,273.3681640625,62968609
2026-01-12,271.62378922161037,267.03857421875,36431979
2026-01-13,268.2845670929098,264.6961364746094,10914720
2026-01-14,265.09488045097584,266.5900573730469,9508874
2026-01-15,266.5900573730469,266.5900573730469,0
2026-01-16,268.334430649797,264.546630859375,5568981
2026-01-19,264.54662067987437,262.2540283203125,25303568
2026-01-20,261.6559530323298,249.3456573486328,24904986
2026-01-21,249.14629741076962,251.53858947753906,14481811
2026-01-22,253.98071505931352,250.7411651611328,6157502
2026-01-23,254.7283024294542,241.7202606201172,6847147
2026-01-27,242.7170418006431,246.90353393554688,9603734
2026-01-28,249.24597174793965,258.8150939941406,8340263
2026-01-29,259.9614072405088,259.6623840332031,7777528
2026-01-30,258.96461660164,261.8553161621094,6252061
2026-02-02,252.68488996418955,257.41961669921875,5287190
2026-02-03,265.54339739734667,267.03857421875,8088230
2026-02-04,268.08520868664976,271.8231506347656,8243278
2026-02-05,271.4244313914384,268.0353698730469,3631556
2026-02-06,267.33762869919536,265.7427673339844,3549301
2026-02-09,266.7395571660281,273.7668762207031,5685381
2026-02-10,274.51445788829153,275.21221923828125,5379904
2026-02-11,261.05787034924475,259.8118896484375,85237867
2026-02-12,258.16719311244276,259.7620544433594,69540657
2026-02-13,256.1736388145887,254.9276580810547,27784730
2026-02-16,255.17684523809524,261.65594482421875,29358420
2026-02-17,261.25725558832823,261.9549865722656,10432190
2026-02-18,265.04501158912353,260.75885009765625,12611325
2026-02-19,258.1672093316452,252.9839324951172,10932988
2026-02-20,252.18649479089942,256.47265625,9855329
2026-02-23,257.22024761627915,257.41961669921875,11160170
2026-02-24,256.1736371009838,260.95819091796875,10678349
2026-02-25,261.5562618500647,261.10772705078125,8855564
2026-02-26,262.1543554522876,263.9984130859375,6496828
2026-02-27,263.64951827265105,264.09808349609375,8367571
2026-03-02,255.22667593511355,261.30706787109375,12870609
2026-03-04,257.17042030424756,247.10289001464844,16208648
2026-03-05,248.9469370494431,256.4228210449219,10224873
2026-03-06,255.7250633571823,258.11737060546875,10342609
2026-03-09,252.23633132195442,254.57876586914062,7235564
2026-03-10,258.1672095488106,257.8183288574219,6171454
2026-03-11,258.1173809266823,254.9276580810547,6282466
2026-03-12,253.0835828310687,266.9887390136719,16227938
2026-03-13,264.9951962538539,257.6688232421875,11238122
2026-03-16,256.2234638343277,252.6848907470703,7970526
2026-03-17,254.6784533641775,255.52572631835938,7083919
2026-03-18,256.6720339793269,259.3135070800781,4198413
2026-03-19,255.1768557596822,250.94052124023438,4709558
2026-03-20,253.23313571195456,261.2073974609375,19056140
2026-03-23,259.3633600564554,252.0369873046875,11692333
2026-03-24,257.1704124175098,257.3697814941406,7393540
2026-03-25,259.11417409483835,261.2073974609375,6801129
2026-03-27,259.4630056296495,254.03054809570312,6984305
2026-03-30,249.54502841517473,244.7106170654297,12308911
2026-04-01,253.68167832261895,251.0302276611328,14241715
2026-04-02,248.14952074743005,247.31222534179688,7987056
2026-04-06,248.60804074104382,244.85015869140625,13853601
2026-04-07,244.8003205539602,252.77459716796875,14913436
2026-04-08,260.3601420391931,264.8456726074219,17510017
2026-04-09,265.64307860918234,276.3086853027344,31642983
2026-04-10,278.102893794516,283.7945251464844,15013291
2026-04-13,278.1029059730444,286.8446960449219,42151898
2026-04-15,290.0842266854663,291.5594787597656,12730693
2026-04-16,293.4234581812196,308.2655944824219,28292886
2026-04-17,310.0000016376742,315.7713928222656,25068627
2026-04-20,317.5058004827894,324.5829772949219,49865330
2026-04-21,325.95852764381635,331.5404968261719,20292270
2026-04-22,330.922511290743,332.5672302246094,15926893
2026-04-23,331.92925038397823,336.51446533203125,16570930
2026-04-24,337.90995374650083,336.3051452636719,15907329
2026-04-27,338.3385646266786,347.4591369628906,20484360
2026-04-28,348.5656102518241,353.5694580078125,14893265
2026-04-29,355.65271058485064,343.39227294921875,14716414
2026-04-30,343.2926012946246,351.27685546875,17432476
2026-05-01,351.27685546875,351.27685546875,0
2026-05-04,353.8585280142554,375.8376159667969,104983361
2026-05-05,378.67845011005886,373.744384765625,33273604
2026-05-06,376.7845654358688,384.7090148925781,20995123
2026-05-07,384.26044820631427,405.1430969238281,37208886
2026-05-08,404.7942185980129,403.2990417480469,17888566
2026-05-11,398.7138135551271,400.0594787597656,18431673
2026-05-12,395.823159994378,390.4903564453125,17519753
2026-05-13,391.2379417407087,402.55145263671875,21915995
2026-05-14,405.8906833469465,411.821533203125,22299813
2026-05-15,413.46623272341736,397.019287109375,15856773
2026-05-18,394.32797613720885,393.9790954589844,10710854
2026-05-19,395.7234798560021,399.810302734375,11644140
2026-05-20,395.72348421077726,407.0868225097656,10932205
2026-05-21,410.6752426433494,406.8376159667969,8203336
2026-05-22,407.1865010637641,407.236328125,7879542
2026-05-25,410.67525272506185,418.05145263671875,11083538
2026-05-26,418.1511112124102,416.40673828125,9434405
2026-05-27,415.85853936859934,420.9919738769531,10651428
2026-05-28,420.9919738769531,420.9919738769531,0
2026-05-29,422.68648840075815,415.40997314453125,18794737
2026-06-01,415.6591665142547,403.4983825683594,9218173
2026-06-02,398.7138261754413,409.42926025390625,8510633
2026-06-03,409.42926431903885,404.9935607910156,10000048
2026-06-04,409.0803931161288,387.9485778808594,22452304
2026-06-05,388.7459913886724,385.705810546875,17437792
2026-06-08,376.7845616915666,385.057861328125,9622172
2026-06-09,387.0016027212246,395.27490234375,9498965
2026-06-10,395.72345945270894,376.0867919921875,11028183
2026-06-11,375.33921373549765,369.45819091796875,11173287
2026-06-12,378.3794385173681,377.53216552734375,9280094
2026-06-15,382.7652842367405,381.6189880371094,7802473
2026-06-16,382.665576515086,382.9646301269531,6165659
2026-06-17,382.96463556880684,390.9887390136719,7880789
2026-06-18,391.5369647544192,404.5948486328125,15191954
2026-06-19,404.5948582574305,413.0177001953125,22020572
2026-06-22,415.95818768668454,410.1768493652344,10136520
2026-06-23,412.5192839617563,398.5643005371094,9746360
2026-06-24,399.81029215153615,401.6044921875,9391640
2026-06-25,403.3987204717289,401.4051513671875,8630710
2026-06-26,401.4051513671875,401.4051513671875,0
2026-06-29,401.4051593454853,412.41961669921875,45313478
2026-06-30,413.21702845405605,412.76849365234375,18542296
2026-07-01,414.7620687949127,412.6189880371094,10048287
2026-07-02,413.6157614128317,400.6575622558594,11966341
2026-07-03,400.7074076328153,382.3665771484375,29608874
2026-07-06,382.76528225806453,386.2540283203125,12997839
2026-07-07,388.4469585212116,375.23956298828125,18569613
2026-07-08,372.7974358125164,376.585205078125,13150600
2026-07-09,378.77812449492245,380.37298583984375,9102802
2026-07-10,387.6495074493143,393.9790954589844,11887326
2026-07-13,391.4871425029143,407.7845764160156,14286194
2026-07-14,406.8376223285118,402.6012878417969,12494044
2026-07-15,403.89710676591693,416.6061096191406,19808847
2026-07-16,422.83603095690836,434.0,55731908
2026-07-17,445.0,422.0,48217882
2026-07-20,422.3999938964844,417.5,12038780
2026-07-21,417.5,413.29998779296875,8374361
2026-07-22,414.0,416.45001220703125,11711567
2026-07-23,415.45001220703125,409.6000061035156,7519426
2026-07-24,405.0,417.29998779296875,8874814
2026-07-27,420.0,415.95001220703125,9042974
2026-07-28,415.95001220703125,405.75,6949460
2026-07-29,408.0,405.1499938964844,10523689
2026-07-30,406.0,403.0,5875071
2026-07-31,406.0,407.0,6869187
2026-08-03,409.0,411.1499938964844,5593016
2026-08-04,411.1499938964844,411.95001220703125,4709584
2026-08-05,411.95001220703125,412.3999938964844,5588130
2026-08-06,410.1000061035156,408.1499938964844,5362227
2026-08-07,406.95001220703125,405.20001220703125,9754089
2026-08-10,404.75,409.0,4506602
2026-08-11,409.8999938964844,403.0,5246729
2026-08-12,404.5,420.0,14607097
2026-08-13,420.0,420.0,14823680
2026-08-14,419.95001220703125,421.70001220703125,11362612
2026-08-17,424.0,435.95001220703125,15351093
2026-08-18,434.0,425.0,7418846
2026-08-19,425.0,419.79998779296875,5840962
2026-08-20,422.8999938964844,413.5,4572719
2026-08-21,416.04998779296875,413.0,3639529
2026-08-24,412.5,411.3999938964844,4441028
2026-08-25,410.79998779296875,417.0,4652600
2026-08-26,418.0,415.5,3386320
2026-08-27,416.0,433.95001220703125,19967976
2026-08-28,434.0,430.8500061035156,5837847
2026-08-31,430.6000061035156,442.6499938964844,9251968
2026-09-01,437.25,426.54998779296875,7144021
2026-09-02,423.54998779296875,427.5,5742323
2026-09-03,428.5,431.79998779296875,5980404
2026-09-04,433.0,431.1000061035156,5925391
2026-09-07,432.8999938964844,421.45001220703125,4092933
2026-09-08,422.5,422.1499938964844,4160694
2026-09-09,422.1499938964844,433.70001220703125,8487227
2026-09-10,434.20001220703125,429.5,3963862
2026-09-11,427.0,431.0,6548117
2026-09-14,431.0,431.0,0
2026-09-15,431.25,412.8500061035156,7340842
2026-09-16,415.45001220703125,410.6000061035156,7088021
2026-09-17,411.54998779296875,429.20001220703125,8684564
2026-09-18,428.3999938964844,439.8999938964844,7669374
2026-09-21,433.0,433.3999938964844,5111793
2026-09-22,435.20001220703125,425.79998779296875,4716544
