Date,Open,Close,Volume
2018-01-01,440.37943002700877,445.41766357421875,895567
2018-01-02,447.7036025293534,441.9189453125,609496
2018-01-03,441.9188797123167,444.4846496582031,410061
2018-01-04,444.4846476892764,437.86029052734375,1489442
2018-01-05,440.3794056934476,438.74664306640625,1087932
2018-01-08,439.4464358250145,447.28369140625,1217920
2018-01-09,451.20232128976176,447.5635986328125,1489090
2018-01-10,448.7298845527709,448.1700744628906,449033
2018-01-11,451.5754357093641,451.99530029296875,1656369
2018-01-12,455.96065044794375,449.0097351074219,616812
2018-01-15,450.6425269010908,449.9894104003906,432761
2018-01-16,453.11496056213946,444.53131103515625,947076
2018-01-17,442.338772244536,439.81964111328125,435160
2018-01-18,440.3794322536804,431.7491149902344,673146
2018-01-19,431.51587930176964,442.75860595703125,590778
2018-01-22,445.4643972344796,452.6018981933594,877341
2018-01-23,455.9607371548035,429.5566101074219,5272087
2018-01-24,430.1163076757968,413.8819885253906,1849506
2018-01-25,414.25518490092225,412.7157287597656,1296243
2018-01-29,417.9872729271732,430.6761779785156,2534456
2018-01-30,431.04931906571255,419.8998718261719,702018
2018-01-31,418.45376214851365,419.0602111816406,589263
2018-02-01,419.85326943277306,416.3544921875,991830
2018-02-02,412.3892593278598,398.30084228515625,1529576
2018-02-05,391.8630896491299,428.5769348144531,1824328
2018-02-06,392.79606843531826,427.41064453125,2274611
2018-02-07,443.0851440355433,429.22998046875,1601455
2018-02-08,432.4489108781018,431.0960388183594,764393
2018-02-09,423.58527354019583,431.9356994628906,818509
2018-02-12,436.55409301535036,460.0658874511719,2572789
2018-02-14,463.70463967007083,485.0238342285156,3765692
2018-02-15,489.8287692651488,479.8455810546875,3015341
2018-02-16,484.4640105078756,469.3026428222656,1697412
2018-02-19,470.1423802075714,469.0694274902344,1388940
2018-02-20,467.90322449495807,477.2799377441406,2382471
2018-02-21,481.4318328146512,483.71771240234375,1025243
2018-02-22,483.2511100516499,481.99151611328125,1197453
2018-02-23,482.59803579924755,488.5693054199219,1021725
2018-02-26,492.53450217243187,502.7508850097656,1321117
2018-02-27,506.3896685545963,499.6253662109375,1246998
2018-02-28,503.8238555528013,505.1767272949219,1166425
2018-03-01,505.6899430103846,501.39813232421875,696690
2018-03-05,501.3981386103576,508.9554748535156,1987847
2018-03-06,516.0930102868267,499.1589050292969,938254
2018-03-07,504.6636732489115,466.1770935058594,2617870
2018-03-08,472.1016422048343,478.8193054199219,1381436
2018-03-09,477.69965913915763,473.31451416015625,744506
2018-03-12,477.6997670497475,483.950927734375,715116
2018-03-13,484.23087626449194,502.4711608886719,1610243
2018-03-14,501.8646980847984,512.6875610351562,2336987
2018-03-15,514.5535135086795,496.6864013671875,1922366
2018-03-16,497.2929011597528,504.1504821777344,1612251
2018-03-19,500.83836421187067,495.10040283203125,2056703
2018-03-20,493.5608383072822,487.5895690917969,967238
2018-03-21,488.00949428215534,486.4233703613281,707793
2018-03-22,485.63031784841075,477.0,698564
2018-03-23,470.23562255587996,470.8420715332031,939239
2018-03-26,471.1687119666064,488.8492126464844,1998779
2018-03-27,494.4006123447416,474.24761962890625,2447098
2018-03-28,473.0346543633901,452.0419921875,3867610
2018-04-02,431.0493206669939,400.9598388671875,7194670
2018-04-03,405.85812879091907,401.1464538574219,3360703
2018-04-04,405.85814239376435,399.88690185546875,2133375
2018-04-05,402.59270122741384,409.8701477050781,1255931
2018-04-06,410.05676205602475,423.1188659667969,3222847
2018-04-09,420.3198046389013,421.8126220703125,1235904
2018-04-10,421.812595275155,421.2061462402344,651379
2018-04-11,424.51829972966505,413.27557373046875,717175
2018-04-12,412.3891958217768,414.1152648925781,535230
2018-04-13,412.38921208626664,414.2085876464844,701298
2018-04-16,409.5901558854847,416.9609069824219,603858
2018-04-17,418.03386028296035,415.0015869140625,473021
2018-04-18,415.4681377131932,411.9693603515625,336350
2018-04-19,411.8761046198951,411.6428527832031,350916
2018-04-20,409.5901969501,404.5986022949219,746942
2018-04-23,408.4705961663954,406.23138427734375,485132
2018-04-24,405.858157932755,408.5638732910156,649953
2018-04-25,406.88448703093826,410.8031005859375,1157350
2018-04-26,411.45625255708086,408.23736572265625,885298
2018-04-27,410.52319988159553,414.76837158203125,962488
2018-04-30,410.05667266302686,393.2625427246094,2773627
2018-05-02,393.72909685195077,388.4576110839844,1447389
2018-05-03,387.8511404532515,379.0342102050781,949351
2018-05-04,379.54735785123097,380.7602844238281,656511
2018-05-07,382.5329989703241,377.4014587402344,965880
2018-05-08,378.8009675650142,377.21484375,616999
2018-05-09,376.981636540328,376.93499755859375,565294
2018-05-10,376.0485705133533,363.2663879394531,1163057
2018-05-11,364.80588585217424,360.4674072265625,633143
2018-05-14,361.8202552625759,361.21380615234375,621045
2018-05-15,361.07380965961175,353.9363098144531,556148
2018-05-16,347.0787457573971,347.5918884277344,718292
2018-05-17,347.7785423680356,354.5428466796875,589449
2018-05-18,355.0559288676843,343.8132019042969,433966
2018-05-21,340.5476659361403,328.4652099609375,1105112
2018-05-22,326.5524984350341,335.0895080566406,643293
2018-05-23,333.7833714332367,332.7104187011719,557675
2018-05-24,334.48314614447605,330.0513610839844,634740
2018-05-25,331.17090836251623,336.7689514160156,622830
2018-05-28,340.82757334970114,373.0163269042969,2557508
2018-05-29,376.37515070895154,360.98052978515625,1252925
2018-05-30,356.12887418906035,363.5462646484375,1578953
2018-05-31,366.67186559667323,353.4698181152344,1088010
2018-06-01,353.4698132674502,337.8885803222656,1773575
2018-06-04,338.68166479616957,330.1446533203125,1796830
2018-06-05,330.09800165431,329.07171630859375,661193
2018-06-06,327.4855886363392,338.44842529296875,1173088
2018-06-07,342.78683400244347,344.74615478515625,1362929
2018-06-08,344.27970980420525,340.0811767578125,565011
2018-06-11,340.0811691604519,341.10748291015625,594819
2018-06-12,343.25337342051733,340.0345153808594,389329
2018-06-13,341.4886910041715,338.81494140625,498988
2018-06-14,339.61230477619,337.3138122558594,479061
2018-06-15,337.7360070413265,332.7637939453125,856667
2018-06-18,335.6720962321665,328.2137756347656,665122
2018-06-19,326.4781700648025,324.27349853515625,790318
2018-06-20,321.4121162035032,322.02191162109375,1166685
2018-06-21,323.5698477314878,325.258544921875,767810
2018-06-22,326.43126257962604,335.015380859375,1291984
2018-06-25,330.4184202911371,340.0345153808594,1777563
2018-06-26,340.0345607369368,340.83197021484375,921643
2018-06-27,340.8788482422279,329.6678771972656,652275
2018-06-28,328.35448012908324,314.1883239746094,1006162
2018-06-29,319.2543264156809,318.9259948730469,575705
2018-07-02,319.53579945269564,316.95587158203125,951548
2018-07-03,318.69145500977777,321.083740234375,566587
2018-07-04,320.6615911939941,314.32904052734375,519879
2018-07-05,314.51669445121496,314.0945129394531,432791
2018-07-06,314.28213254577213,318.87908935546875,558300
2018-07-09,321.1775705038669,323.42913818359375,496501
2018-07-10,324.50802142738587,323.6167907714844,312399
2018-07-11,324.4611444062231,315.36102294921875,447233
2018-07-12,318.3161930658832,311.983642578125,622204
2018-07-13,312.405805830522,309.5913391113281,405675
2018-07-16,310.52950151674804,304.1500549316406,903578
2018-07-17,303.3057295205203,310.6702575683594,629049
2018-07-18,311.9836461137324,309.26300048828125,435531
2018-07-19,310.24806761113854,307.7619323730469,345136
2018-07-20,308.18412418013276,305.6510925292969,342316
2018-07-23,307.7150537986454,310.4356994628906,531124
2018-07-24,310.99856378244755,323.9450988769531,801325
2018-07-25,323.94512398434586,333.70196533203125,975818
2018-07-26,337.7360370620269,330.88751220703125,773683
2018-07-27,332.85762031932023,346.3201599121094,1288015
2018-07-30,346.64855632509443,341.16033935546875,1940010
2018-07-31,330.2308033578182,313.95379638671875,3877856
2018-08-01,313.34401468447516,311.4208068847656,867516
2018-08-02,310.52953537364715,311.51458740234375,552662
2018-08-03,312.8280130719375,314.751220703125,744140
2018-08-06,317.09664116952933,312.4527587890625,825602
2018-08-07,313.390847359318,309.6851501464844,509705
2018-08-08,312.4057711266796,306.2608642578125,541478
2018-08-09,307.9964802845399,306.0732727050781,564901
2018-08-10,307.71507321550547,300.4443664550781,625441
2018-08-13,298.80258118877794,292.8922119140625,732007
2018-08-14,292.4230823135775,295.237548828125,598656
2018-08-16,294.5808547241436,293.7834167480469,452622
2018-08-17,294.58086658992346,303.7747802734375,1285608
2018-08-20,306.3078624164554,306.1671447753906,901769
2018-08-21,307.71504526459483,318.59765625,2541789
2018-08-23,319.62964559702783,309.7320861816406,635816
2018-08-24,306.72999352552523,299.74072265625,837168
2018-08-27,300.2098148787332,301.10107421875,842626
2018-08-28,303.5871664508128,299.74072265625,423113
2018-08-29,301.1479311690712,298.47418212890625,636032
2018-08-30,296.9731500451254,298.005126953125,666237
2018-08-31,299.27163249394255,300.115966796875,683956
2018-09-03,299.27160664052633,301.28863525390625,1738538
2018-09-04,302.46135356110693,296.36334228515625,825212
2018-09-05,297.3484527013282,292.47003173828125,1192942
2018-09-06,292.7045763007196,291.4849853515625,911910
2018-09-07,291.7664084520734,291.5787658691406,525441
2018-09-10,291.76640131864053,293.2674560546875,548200
2018-09-11,292.79838418725285,289.9839172363281,489001
2018-09-12,289.60866713941357,284.4018859863281,802880
2018-09-14,284.26119748457944,290.7344665527344,593195
2018-09-17,287.54469815785825,304.19696044921875,2193321
2018-09-18,303.2588231154784,292.3293151855469,726984
2018-09-19,293.64273002333806,289.7493896484375,475858
2018-09-21,289.89003563218176,274.4573669433594,2113853
2018-09-24,276.75588721675945,251.98858642578125,1641904
2018-09-25,250.01848652173382,238.10391235351562,3615362
2018-09-26,239.74565120232842,233.27236938476562,2245941
2018-09-27,232.6625850805027,213.24276733398438,2530915
2018-09-28,216.71397394215043,222.9058074951172,5205383
2018-10-01,222.34289383591596,245.51535034179688,4532697
2018-10-03,241.80961199848466,236.32139587402344,1707752
2018-10-04,229.84813879027797,230.9739227294922,1681325
2018-10-05,229.5667281723999,222.2960205078125,1195049
2018-10-08,220.46659317434347,211.36648559570312,1769943
2018-10-09,212.30464985313765,219.7629852294922,2766301
2018-10-10,221.8738085761651,236.69667053222656,2530297
2018-10-11,225.15733900779662,224.03155517578125,1580911
2018-10-12,226.9398550993521,229.98886108398438,2803952
2018-10-15,229.84813487590932,230.7393798828125,807029
2018-10-16,232.61566954863721,226.752197265625,1519162
2018-10-17,228.8161359990057,217.46446228027344,2200201
2018-10-19,217.5582534501652,216.38555908203125,1698583
2018-10-22,217.65211326118592,211.74172973632812,1576606
2018-10-23,207.42622314741746,208.50509643554688,4207402
2018-10-24,212.67987241928375,234.3512725830078,5508544
2018-10-25,228.53474300647187,241.0591278076172,3997399
2018-10-26,239.51114917538055,239.41732788085938,2228229
2018-10-29,239.18278310498033,251.0504608154297,2021125
2018-10-30,248.42358793435298,248.6581268310547,1308018
2018-10-31,248.61121776649824,258.7432861328125,3102508
2018-11-01,259.86908506988794,258.884033203125,1291590
2018-11-02,261.7454112795149,257.6644287109375,1551343
2018-11-05,260.38506836109366,256.9139099121094,1293130
2018-11-06,257.9927685458738,259.86907958984375,1521755
2018-11-07,259.5877012911373,262.8712463378906,163908
2018-11-09,262.7773677574046,263.90313720703125,711075
2018-11-12,264.55985145383244,258.83709716796875,641248
2018-11-13,259.8222410087263,264.74755859375,708468
2018-11-14,266.43621343400736,261.0887145996094,416738
2018-11-15,260.807344746636,260.5259094238281,1321100
2018-11-16,260.5258217966113,249.17413330078125,1221311
2018-11-19,252.41080390423906,250.06541442871094,564058
2018-11-20,249.5493949488758,241.71578979492188,1032154
2018-11-21,241.15293376541587,248.18910217285156,675117
2018-11-22,249.7370542099681,243.5921173095703,564021
2018-11-26,245.6091538594026,238.1508331298828,714344
2018-11-27,238.15080989060434,241.71578979492188,643563
2018-11-28,241.10602978799787,241.8096466064453,687407
2018-11-29,243.31070723721905,250.90977478027344,927302
2018-11-30,253.30204881116026,253.1613311767578,1538831
2018-12-03,253.39580798194092,251.0034942626953,471044
2018-12-04,251.42577191383842,245.3277587890625,667633
2018-12-05,245.796806609403,234.16368103027344,1269752
2018-12-06,231.72441879066474,225.86094665527344,941560
2018-12-07,227.03367647254478,224.87591552734375,724994
2018-12-10,218.59024001818415,219.6691131591797,382131
2018-12-11,212.39845239323057,220.60731506347656,1109419
2018-12-12,221.54546245552353,238.71371459960938,2492996
2018-12-13,239.22968851916113,250.0184783935547,3014335
2018-12-14,249.36173922280307,261.3701477050781,2961622
2018-12-17,259.024864108877,258.5557861328125,685591
2018-12-18,255.178356346548,260.85418701171875,965727
2018-12-19,263.19954724870473,268.92230224609375,2678955
2018-12-20,266.6238357897901,271.5022277832031,1973626
2018-12-21,272.1120449719067,260.947998046875,2472656
2018-12-24,261.5108848607304,259.30621337890625,1113170
2018-12-26,258.9309805314864,271.0801086425781,2140115
2018-12-27,275.81774128719957,271.03314208984375,2531457
2018-12-28,272.06508198489547,274.4573669433594,1032473
2018-12-31,275.9115625715078,271.03314208984375,2055035
2019-01-01,267.8903546652186,269.06304931640625,797818
2019-01-02,268.7815699680951,263.52789306640625,878757
2019-01-03,263.668608398395,259.7752685546875,595191
2019-01-04,260.1037035175398,263.1527099609375,856596
2019-01-07,268.87545392601794,265.68572998046875,1570668
2019-01-08,266.623877861567,266.95220947265625,821351
2019-01-09,268.3125370112728,256.82012939453125,1092119
2019-01-10,257.9927731539133,258.7432861328125,486829
2019-01-11,258.93091232069315,256.0695495605469,480905
2019-01-14,254.7092263457334,257.2891540527344,545315
2019-01-15,257.2892337589174,259.5408020019531,397020
2019-01-16,260.807233007497,260.1505126953125,425297
2019-01-17,260.15058052369267,259.0248107910156,675184
2019-01-18,259.869096559451,252.31695556640625,853929
2019-01-21,253.3957926199217,247.90757751464844,745460
2019-01-22,246.17204419629562,248.98651123046875,604048
2019-01-23,249.54941036335123,248.98651123046875,2312792
2019-01-24,247.67308842318218,238.85443115234375,1505981
2019-01-25,238.2915322551625,236.69667053222656,1040487
2019-01-28,235.52399402330332,229.00381469726562,1070964
2019-01-29,227.08057890668857,231.81826782226562,779409
2019-01-30,232.6625895054155,236.509033203125,418383
2019-01-31,238.38535546242724,235.19561767578125,737326
2019-02-01,236.41524031355576,242.98233032226562,1578799
2019-02-04,241.48124150544461,232.0996856689453,786527
2019-02-05,230.22340259019978,230.6455841064453,556021
2019-02-06,232.33424633407571,229.7543182373047,583430
2019-02-07,230.31722396178617,238.71371459960938,1491642
2019-02-08,238.05698327894132,232.47496032714844,491254
2019-02-11,230.08267830716093,224.7821044921875,1094166
2019-02-12,224.7820862421961,248.37669372558594,5413985
2019-02-14,239.88638120355367,249.59628295898438,1509966
2019-02-15,249.54941058404563,233.50694274902344,1931996
2019-02-18,234.0698101359151,231.63059997558594,848217
2019-02-19,233.03788811259756,227.92494201660156,916621
2019-02-20,230.45794221744617,237.6348419189453,1041990
2019-02-21,235.10177617349981,254.24014282226562,4491541
2019-02-22,254.89692501503063,253.1613311767578,1346370
2019-02-25,255.69429220787353,251.37879943847656,1854471
2019-02-26,247.67303728625475,246.03126525878906,1114519
2019-02-27,248.51746185239173,244.5772247314453,1345898
2019-02-28,246.07820031650095,249.73703002929688,1432989
2019-03-01,251.28496677795852,258.7432861328125,1267073
2019-03-05,259.4468850249841,275.4893493652344,2196314
2019-03-06,280.5085482951479,271.5960693359375,2880739
2019-03-07,273.00325199848015,273.51922607421875,1533516
2019-03-08,269.25067007022494,269.6728515625,926130
2019-03-11,271.12697139231545,288.3421325683594,3545379
2019-03-12,290.82822675086237,297.06695556640625,5011049
2019-03-13,298.89643080432535,301.3825378417969,2490517
2019-03-14,301.38248942142934,300.72576904296875,1889983
2019-03-15,301.7108668827487,295.4721374511719,1547006
2019-03-18,293.6427257468703,296.7855529785156,1546715
2019-03-19,296.87936935635787,299.9283752441406,2442317
2019-03-20,301.007287981239,306.1671447753906,1986364
2019-03-22,308.04339730777923,303.587158203125,3418006
2019-03-25,297.86446211422276,307.9027404785156,1609493
2019-03-26,310.43570003991346,314.6105041503906,2949263
2019-03-27,314.7043038761175,314.9388427734375,2110512
2019-03-28,317.4718887662392,324.508056640625,1566025
2019-04-01,328.58899145456127,332.34161376953125,2206271
2019-04-02,334.64011784036535,328.0730285644531,1101143
2019-04-03,328.354500844969,330.69989013671875,1696747
2019-04-04,329.9493411336351,325.6338195800781,2328290
2019-04-05,327.32250948337554,337.8298645019531,2898665
2019-04-08,338.76796042068463,339.4246520996094,2206838
2019-04-09,340.55048449994666,332.3885192871094,1647653
2019-04-10,332.1071165254094,325.915283203125,1223167
2019-04-11,325.44621613063043,327.979248046875,799829
2019-04-12,326.5719483585342,330.98126220703125,593965
2019-04-15,331.6380317759497,325.30548095703125,480853
2019-04-16,324.60185193048005,323.6636962890625,672454
2019-04-18,321.78739122683015,316.3460998535156,967633
2019-04-22,314.2821563819016,299.5531005859375,1159638
2019-04-23,302.22684914261686,297.6767883300781,1770616
2019-04-24,298.333489522763,297.4422302246094,1354590
2019-04-25,300.58499370997964,300.0220947265625,1347648
2019-04-26,301.0541313226812,302.46136474609375,499361
2019-04-30,301.1948354730141,298.9432678222656,1138445
2019-05-02,292.7045520643248,321.31829833984375,4207333
2019-05-03,320.520843461447,312.1712646484375,1506224
2019-05-06,306.77695357781107,303.493408203125,706867
2019-05-07,304.9943850816733,296.36334228515625,649421
2019-05-08,292.939107382241,301.2417907714844,1230045
2019-05-09,301.94544344656254,298.0989990234375,889335
2019-05-10,298.05204954685445,298.5680236816406,895291
2019-05-13,299.55304558596816,290.07769775390625,477911
2019-05-14,287.5446227154027,295.04986572265625,743993
2019-05-15,295.04997899608054,286.7942199707031,719149
2019-05-16,286.7942188262837,293.12677001953125,715203
2019-05-17,294.11178761559626,300.16290283203125,611539
2019-05-20,305.46350561178974,333.13909912109375,2507528
2019-05-21,333.0451688430037,323.85125732421875,850989
2019-05-22,322.96005717698205,321.8342590332031,1008127
2019-05-23,332.9514434129074,319.3951110839844,1159909
2019-05-24,319.3951221472057,335.57830810546875,1326201
2019-05-27,334.9215403159821,332.7637939453125,583212
2019-05-28,332.951450656637,326.1967468261719,823842
2019-05-29,324.6018621455646,332.0602111816406,1501308
2019-05-30,333.3266646609991,334.4993591308594,1149519
2019-05-31,335.85974767458833,330.5591735839844,2482261
2019-06-03,332.62307675629376,338.95562744140625,906620
2019-06-04,339.6122923481053,342.2860412597656,1013913
2019-06-06,342.42684217725997,331.73187255859375,1509393
2019-06-07,332.57621482754377,332.2009582519531,1119444
2019-06-10,333.0451985588165,328.1667785644531,553332
2019-06-11,327.6040363912806,325.1648254394531,1073256
2019-06-12,324.4142150878906,324.4142150878906,664225
2019-06-13,324.41420236269465,329.10498046875,798856
2019-06-14,330.2308342449012,324.1797180175781,570975
2019-06-17,322.2564588597691,316.158447265625,506952
2019-06-18,314.2820850448062,322.537841796875,985373
2019-06-19,325.8214495133937,326.29052734375,2450732
2019-06-20,328.3076008063899,333.4205322265625,867287
2019-06-21,331.2627966501547,327.275634765625,829524
2019-06-24,327.27558504132776,327.0410461425781,422602
2019-06-25,324.3204159915133,334.0303039550781,840845
2019-06-26,332.4822862613304,333.27972412109375,776305
2019-06-27,333.04522117316435,325.962158203125,1938934
2019-06-28,323.66368542743527,334.40557861328125,773392
2019-07-01,335.85969958968525,333.7957458496094,274101
2019-07-02,333.9833973467167,336.1411437988281,248652
2019-07-03,336.7509607665724,335.81280517578125,169692
2019-07-04,334.59318572961087,335.81280517578125,225800
2019-07-05,337.6891862676496,338.15826416015625,1483248
2019-07-08,339.3778154729892,339.8468933105469,675374
2019-07-09,340.8374177102264,345.271240234375,411505
2019-07-10,345.69572912678575,345.08251953125,361638
2019-07-11,348.8560355016314,352.81817626953125,611809
2019-07-12,352.8181698309538,351.7333068847656,267060
2019-07-15,353.71432853500727,349.1390075683594,272914
2019-07-16,351.49738442665,352.1105651855469,230769
2019-07-17,350.8370798920651,360.5065612792969,955276
2019-07-18,361.3084975639113,368.14788818359375,525388
2019-07-19,369.7043324006784,366.1667175292969,705818
2019-07-22,363.8555333325543,354.2803649902344,452725
2019-07-23,365.3177109224146,383.1001281738281,1861211
2019-07-24,385.8358774847114,366.9685974121094,839335
2019-07-25,369.2326505866492,362.2989196777344,452668
2019-07-26,363.85549467276456,364.7988586425781,302893
2019-07-29,366.025239910876,368.053466796875,428950
2019-07-30,367.0157429238158,366.82708740234375,371700
2019-07-31,364.3271528192568,365.8836975097656,311327
2019-08-01,363.19511022447335,353.1011047363281,319711
2019-08-02,348.19565601085145,357.67645263671875,266991
2019-08-05,354.4690758536087,352.7238464355469,219310
2019-08-06,348.1013665106062,364.0914001464844,249258
2019-08-07,363.1008189279273,364.32720947265625,261500
2019-08-08,364.3271768418985,360.9310607910156,127109
2019-08-09,366.2139222895518,364.6573486328125,238847
2019-08-13,365.0818181385393,350.74267578125,197577
2019-08-14,354.9878672647539,351.2615966796875,139069
2019-08-16,354.70481802979197,354.1387939453125,140329
2019-08-19,353.76148534544916,360.27069091796875,123504
2019-08-20,356.73311614065454,355.88409423828125,170461
2019-08-21,353.8086614535044,357.6293029785156,122585
2019-08-22,356.11992621972837,347.7711486816406,167603
2019-08-23,347.86553000246283,349.75225830078125,540390
2019-08-26,363.19509285723166,356.6387023925781,175154
2019-08-27,360.1763751831626,374.845703125,369195
2019-08-28,374.51550335522586,379.27947998046875,256427
2019-08-29,379.2323330693858,376.2607421875,767879
2019-08-30,376.2607560002707,389.56219482421875,441523
2019-09-03,386.77918950418865,381.2133483886719,181557
2019-09-04,385.83583708932827,378.8549499511719,247647
2019-09-05,370.27038988868185,371.8269348144531,223517
2019-09-06,372.6287550299327,369.89300537109375,182865
2019-09-09,377.3927466092271,377.9587707519531,336237
2019-09-11,377.9116229297119,371.3080749511719,213395
2019-09-12,374.7042308195976,370.55340576171875,180138
2019-09-13,373.71363501983615,370.22320556640625,101244
2019-09-16,370.55331717416055,379.18511962890625,258536
2019-09-17,380.1756843974533,373.6192932128906,191426
2019-09-18,376.9682175922073,360.6951904296875,154697
2019-09-19,363.10083317173525,355.3652648925781,190481
2019-09-20,358.1953108538832,364.7988586425781,459824
2019-09-23,373.5721591237292,382.76995849609375,423186
2019-09-24,381.11908542543597,392.20361328125,581711
2019-09-25,393.80728724757836,388.7602844238281,411168
2019-09-26,392.3451021209551,390.4583740234375,136309
2019-09-27,388.66602791907474,381.54364013671875,345242
2019-09-30,377.345581442705,370.9778747558594,169226
2019-10-01,369.4213802531802,371.73260498046875,181872
2019-10-03,367.9119679516537,368.053466796875,105163
2019-10-04,369.7986475187606,370.6948547363281,137583
2019-10-07,370.7420322034486,358.7141418457031,1140672
2019-10-09,357.5349484026585,368.8553161621094,131502
2019-10-10,364.13856477927305,367.2044982910156,198015
2019-10-11,368.8554027391334,362.53485107421875,148001
2019-10-14,363.1008306992398,360.6009216308594,161594
2019-10-15,360.9310660879516,360.8838806152344,143749
2019-10-16,364.46870008732935,363.2423095703125,198403
2019-10-17,363.2894815641832,363.5724792480469,162344
2019-10-18,364.8931565551059,379.2322998046875,360080
2019-10-22,370.8363878857309,373.3834533691406,194725
2019-10-23,371.4024119382174,366.11956787109375,137529
2019-10-24,367.91194461170255,364.13848876953125,92135
2019-10-25,364.515883505983,372.8175048828125,358132
2019-10-27,369.7986529788454,382.2510681152344,214640
2019-10-29,379.2323424649728,374.3740234375,137526
2019-10-30,374.657006304709,372.2042541503906,122641
2019-10-31,373.14758641537753,372.4400634765625,378915
2019-11-01,373.5721533995402,382.5812683105469,394654
2019-11-04,385.3641697493263,402.1560363769531,1983433
2019-11-05,406.5898638646214,393.71295166015625,644380
2019-11-06,392.7224300359498,388.05279541015625,223363
2019-11-07,391.68476562548324,385.45855712890625,330004
2019-11-08,386.7791872780842,379.18511962890625,292005
2019-11-11,379.2322909690939,372.25140380859375,172570
2019-11-13,372.5344484354787,358.95001220703125,173022
2019-11-14,359.4216911783968,357.1576232910156,145342
2019-11-15,358.43120091191435,363.2895202636719,186620
2019-11-18,358.5254707653755,362.25177001953125,156182
2019-11-19,361.5442735572813,371.5910949707031,874070
2019-11-20,372.1099227449011,373.477783203125,245151
2019-11-21,371.8740964267677,374.2796630859375,150312
2019-11-22,374.75138750876954,370.55340576171875,447394
2019-11-25,372.53440260008733,372.01556396484375,164698
2019-11-26,375.0815859180931,365.2234191894531,211955
2019-11-27,367.0629449965884,369.6571960449219,134985
2019-11-28,369.7987212994878,371.49676513671875,254451
2019-11-29,372.8646335431024,375.74188232421875,285923
2019-12-02,376.6852450135574,372.5816345214844,187952
2019-12-03,374.51545890900076,365.97802734375,131466
2019-12-04,367.6760914786813,377.8644104003906,250327
2019-12-05,382.06239531655694,397.3920593261719,1430444
2019-12-06,395.5524955277791,390.9772033691406,395409
2019-12-09,390.55265161375587,387.29803466796875,252612
2019-12-10,387.67537289045885,383.66607666015625,91374
2019-12-11,388.7602908637611,388.4772644042969,281266
2019-12-12,391.2602338386757,387.769775390625,110315
2019-12-13,387.81693556703874,392.958251953125,186515
2019-12-16,394.8921271231184,393.4770812988281,241444
2019-12-17,394.27896552933447,395.83551025390625,939895
2019-12-18,395.0336432651286,383.57177734375,119045
2019-12-19,382.48696533723387,375.6947326660156,257091
2019-12-20,371.87411729811936,370.0345458984375,276718
2019-12-23,368.8553675288665,375.5060729980469,624985
2019-12-24,376.40224679942895,373.7136535644531,147224
2019-12-26,373.94951277121544,369.0440368652344,169955
2019-12-27,373.33632477099144,369.0911865234375,615507
2019-12-30,369.0440020738832,373.3834533691406,177566
2019-12-31,373.5721197050001,370.7891845703125,189009
2020-01-01,372.6288011983794,372.958984375,53092
2020-01-02,373.5721171637177,377.6285705566406,178064
2020-01-03,377.817315986532,372.8646545410156,121673
2020-01-06,371.1665548809215,361.68572998046875,169654
2020-01-07,363.5253099410054,366.1667175292969,91083
2020-01-08,363.19521753086025,362.53485107421875,74785
2020-01-09,372.6287806648964,364.70452880859375,146359
2020-01-10,365.553559458733,363.9498291015625,272941
2020-01-13,363.38381026152155,363.90264892578125,120210
2020-01-14,365.7894110680133,364.56304931640625,151786
2020-01-15,362.25174766977364,354.233154296875,931365
2020-01-16,354.2331716562246,363.19512939453125,414665
2020-01-17,364.9874980259507,366.73272705078125,231417
2020-01-20,370.74207597301535,367.2516174316406,406361
2020-01-21,375.4588550181371,437.3435363769531,8414117
2020-01-22,443.61700424878984,429.3250427246094,10128155
2020-01-23,430.5513501703556,450.17333984375,2636458
2020-01-24,454.51281836101157,445.88104248046875,835841
2020-01-27,444.3244552131988,443.4754333496094,353739
2020-01-28,445.22070015306537,446.82440185546875,332191
2020-01-29,447.76769525633887,460.314453125,1017911
2020-01-30,459.32391656601555,453.8524169921875,362211
2020-01-31,455.6448247469478,456.6353454589844,457239
2020-02-03,446.21120397742743,460.1258239746094,495222
2020-02-04,461.30501718447186,456.35235595703125,250481
2020-02-05,457.4372525846901,452.0129089355469,229103
2020-02-06,451.87137005443117,462.5313720703125,956765
2020-02-07,464.5124427670214,460.0314636230469,318981
2020-02-10,459.4182711975986,453.7580871582031,211402
2020-02-11,453.05060149062103,464.6068115234375,462817
2020-02-12,467.0595169818158,481.7760009765625,2931425
2020-02-13,483.94575899087255,477.6723937988281,397397
2020-02-14,479.5119119472084,481.25714111328125,367636
2020-02-17,484.2287343007711,480.78546142578125,389070
2020-02-18,478.2855583950573,480.9741516113281,475940
2020-02-19,483.0495251287213,480.5968017578125,531095
2020-02-20,481.1156639570811,480.64398193359375,243208
2020-02-24,480.8326739047382,481.4930114746094,274934
2020-02-25,486.0683157437679,481.1628112792969,601041
2020-02-26,476.3988629483129,479.1346130371094,183689
2020-02-27,479.3231999999749,476.4459228515625,334846
2020-02-28,472.76686265155917,471.7291564941406,515552
2020-03-02,458.4749038151581,471.7291564941406,366929
2020-03-03,469.8424045421196,457.81451416015625,315822
2020-03-04,457.53154360249556,451.2581787109375,225730
2020-03-05,450.92799975077315,452.8147277832031,183826
2020-03-06,443.38104400142504,438.1453857421875,275087
2020-03-09,429.230624403909,403.7597961425781,560611
2020-03-11,392.91118182999423,395.26959228515625,484812
2020-03-12,382.06242628523523,376.02490234375,671681
2020-03-13,321.68713526941275,374.60986328125,350245
2020-03-16,345.7900989954288,342.6298522949219,227491
2020-03-17,342.6298159072458,342.4411315917969,407792
2020-03-18,342.44111050851063,312.8194885253906,421641
2020-03-19,279.2357027890442,301.6405944824219,845755
2020-03-20,302.2538008121787,316.6872863769531,581465
2020-03-23,283.0092228625056,267.0663757324219,553636
2020-03-24,274.2359395700249,272.5850524902344,345077
2020-03-25,266.9719519582905,284.5185241699219,207322
2020-03-26,283.9525347047831,291.0749206542969,653135
2020-03-27,301.87646427903843,288.0090026855469,280615
2020-03-30,268.0097065949512,270.0379333496094,184906
2020-03-31,283.95264585937525,263.24578857421875,309519
2020-04-01,259.6137941861288,259.42510986328125,162598
2020-04-03,260.1797743812637,248.2934112548828,456486
2020-04-07,254.00074996686013,259.09490966796875,473914
2020-04-08,259.4250537691956,267.34930419921875,603068
2020-04-09,268.8116350423146,268.19842529296875,607656
2020-04-13,272.58507855336074,252.30274963378906,353033
2020-04-15,253.7648839987461,254.84974670410156,283508
2020-04-16,252.821548649632,268.3870544433594,426973
2020-04-17,277.1131446001831,290.4145812988281,2389268
2020-04-20,294.801263036622,293.7164001464844,1221844
2020-04-21,283.1979041369577,274.80194091796875,329873
2020-04-22,274.8019309192971,274.4245910644531,186696
2020-04-23,276.4055855035591,294.5653381347656,776685
2020-04-24,282.9620414097395,275.6509704589844,319376
2020-04-27,282.06582605138766,273.4340515136719,263739
2020-04-28,278.2923894518157,291.92401123046875,808808
2020-04-29,294.8012578537387,295.7917785644531,1043579
2020-04-30,303.7632110555049,301.9708251953125,734522
2020-05-04,286.78264755533064,283.1978759765625,290175
2020-05-05,280.226325054532,274.28314208984375,221646
2020-05-06,276.2170067199279,279.6603088378906,370446
2020-05-07,280.179104629541,285.6506042480469,473717
2020-05-08,295.17858355011583,282.7261962890625,251482
2020-05-11,290.5560958812602,289.61273193359375,210591
2020-05-12,284.32984606282645,279.2356872558594,200292
2020-05-13,291.9239805268559,290.55609130859375,474375
2020-05-14,291.49952448421675,286.6412048339844,1175355
2020-05-15,286.6411699750133,278.9527587890625,297627
2020-05-18,278.9527394711422,261.3589782714844,291334
2020-05-19,262.3495706357,262.632568359375,280894
2020-05-20,262.6797747540246,268.1512756347656,286493
2020-05-21,269.28329000303097,268.8587646484375,246932
2020-05-22,268.387034065436,258.52886962890625,294130
2020-05-26,259.61376845944824,255.9818115234375,176079
2020-05-27,256.3120166162875,260.13262939453125,228845
2020-05-28,262.16086350646424,266.21734619140625,495767
2020-05-29,267.349382481673,261.5476989746094,429095
2020-06-01,264.1419204375281,275.1792907714844,725708
2020-06-02,275.4623095663135,287.9618835449219,589976
2020-06-03,291.02784260618085,297.30120849609375,1129923
2020-06-04,296.4992279101968,285.4147033691406,350300
2020-06-05,287.7260345020933,295.74462890625,333089
2020-06-08,298.48038070598994,297.7728576660156,675484
2020-06-09,300.6501165334909,292.9145202636719,309696
2020-06-10,295.1313947207597,292.7257995605469,177581
2020-06-11,292.442852932329,293.7164001464844,497410
2020-06-12,282.25449272569074,293.5748596191406,316164
2020-06-15,294.32956812448515,286.31097412109375,332099
2020-06-16,306.5932707255652,300.8387451171875,3925398
2020-06-17,301.8765097548375,313.57421875,1638217
2020-06-18,316.7815834876104,329.9886779785156,1518072
2020-06-19,336.6865819759021,339.6581726074219,972099
2020-06-22,344.3278646275017,347.629638671875,577315
2020-06-23,347.0636332337856,342.4883117675781,644843
2020-06-24,348.8560109376932,346.8749694824219,470636
2020-06-25,339.70538866184756,341.0260925292969,420141
2020-06-26,343.2901437722709,334.32818603515625,321865
2020-06-29,330.17745443386735,323.8569030761719,254280
2020-06-30,323.99835899584804,318.71551513671875,580889
2020-07-01,318.76268480487835,326.1209411621094,506428
2020-07-02,329.65859892883384,338.2903747558594,833878
2020-07-03,339.5638851942351,333.3376770019531,450375
2020-07-06,333.99805764396075,350.0352478027344,1277477
2020-07-07,348.9031335059983,350.74267578125,569403
2020-07-08,355.6482214761996,342.25244140625,336731
2020-07-09,345.648575432558,346.214599609375,400120
2020-07-10,344.3278825911366,340.2242431640625,186751
2020-07-13,341.73361431302413,339.89404296875,206810
2020-07-14,337.81861244762814,329.5641784667969,187842
2020-07-15,331.1207643392322,344.7052001953125,438861
2020-07-16,346.7334056029816,338.9506530761719,214953
2020-07-17,339.6110392209053,337.6771545410156,298357
2020-07-20,342.2524994665424,350.22393798828125,552327
2020-07-21,350.45969308389203,349.0446472167969,269241
2020-07-22,351.5917466226063,356.7330627441406,658057
2020-07-23,362.20463265999405,376.8739318847656,1299818
2020-07-24,379.2323215858902,373.3834533691406,869114
2020-07-27,367.9591185086383,364.46868896484375,351660
2020-07-28,363.24224188209223,354.65765380859375,392865
2020-07-29,356.0256254859447,348.1485290527344,326679
2020-07-30,349.6578278845809,341.3090515136719,217926
2020-07-31,342.4411323508299,344.7052001953125,178957
2020-08-03,344.32786877812197,349.1861877441406,161265
2020-08-04,349.9880573606711,358.24249267578125,505681
2020-08-05,360.22359226722676,348.71453857421875,254633
2020-08-06,353.76149303508254,349.988037109375,408227
2020-08-07,349.9880664564254,351.591796875,416232
2020-08-10,351.68605761341894,367.44024658203125,2165476
2020-08-11,363.147988507764,352.39361572265625,594641
2020-08-12,351.82762898189765,348.2428283691406,349815
2020-08-13,349.9880456172022,345.8372497558594,234399
2020-08-14,345.2712381071443,351.8747863769531,688790
2020-08-17,355.17656935566595,347.7239990234375,235125
2020-08-18,350.94887767359364,353.5572814941406,537469
2020-08-19,353.60473377924745,351.0911865234375,314726
2020-08-20,350.94889243695644,347.9610900878906,185560
2020-08-21,350.94889154546723,352.0396728515625,373968
2020-08-24,353.32016354973644,359.390625,987889
2020-08-25,362.9475892091551,366.3148193359375,1495765
2020-08-26,386.0912186760497,372.6697998046875,3831238
2020-08-27,373.23889353174104,362.8526916503906,1165194
2020-08-28,364.4651878935384,367.2633056640625,847657
2020-08-31,374.66166719365395,352.0871276855469,723762
2020-09-01,351.8974061937136,362.1887512207031,444391
2020-09-02,360.5288743859721,364.89202880859375,282187
2020-09-03,366.7890625309618,365.08172607421875,180495
2020-09-04,356.5451455145037,355.9286193847656,200104
2020-09-07,355.6914441339195,352.0396728515625,289255
2020-09-08,354.07896032516993,351.755126953125,184374
2020-09-09,346.2063708818402,352.70367431640625,323640
2020-09-10,353.6047315052664,360.9556884765625,491249
2020-09-11,362.3310576708536,371.29449462890625,473936
2020-09-14,381.30127225507374,403.8283996582031,2424001
2020-09-15,406.86366247173055,411.93817138671875,673855
2020-09-16,407.8595591244479,427.3514404296875,1687709
2020-09-17,424.9326531063399,412.4597473144531,903990
2020-09-18,416.0167727490398,398.8487243652344,1329421
2020-09-21,398.84863032905616,396.9990234375,381487
2020-09-22,399.27548221268745,391.7822265625,543234
2020-09-23,393.63190712611134,394.2010192871094,383045
2020-09-24,388.98421963695733,382.91375732421875,268414
2020-09-25,384.14679804836663,388.13055419921875,249202
2020-09-28,392.68333469039914,397.0939025878906,277696
2020-09-29,398.37436384659713,400.3662414550781,988668
2020-09-30,402.97474471072627,394.3432922363281,373794
2020-10-01,396.3351416553055,395.0072326660156,2686213
2020-10-05,391.7348504853464,397.47332763671875,238435
2020-10-06,399.46523458406665,400.88800048828125,712252
2020-10-07,402.16844027232406,407.62237548828125,385277
2020-10-08,407.9544264726018,417.39208984375,829248
2020-10-09,418.53029705376713,439.8243713378906,2589846
2020-10-12,440.77291757045197,449.59405517578125,978375
2020-10-13,448.882613623306,442.10076904296875,419429
2020-10-14,442.29050516031134,446.2742614746094,474775
2020-10-15,445.70506784848567,424.07904052734375,261195
2020-10-16,423.2728643348201,444.2349548339844,335168
2020-10-19,443.9503472305637,442.10076904296875,749331
2020-10-20,439.0655705198163,445.9897155761719,217680
2020-10-21,443.90297247073437,444.3772277832031,577939
2020-10-22,441.1048737539588,430.76611328125,315932
2020-10-23,431.57231920415376,434.702392578125,157576
2020-10-26,436.8839736881346,423.4625549316406,164818
2020-10-27,422.1820792114487,429.34332275390625,237051
2020-10-28,431.80946592812546,426.35552978515625,122291
2020-10-29,428.72677804995277,439.39752197265625,331963
2020-10-30,443.00184327956674,433.7064514160156,185244
2020-11-02,433.65898828176114,438.4963684082031,173542
2020-11-03,445.7525500054641,439.11297607421875,241137
2020-11-04,439.1603661196898,431.382568359375,229651
2020-11-05,433.5642020190873,440.2511901855469,153681
2020-11-06,438.164431258264,447.6495361328125,206238
2020-11-09,447.6495574921886,451.822998046875,241404
2020-11-10,455.28506278431826,456.32843017578125,582840
2020-11-11,456.0439369580474,452.5818786621094,404736
2020-11-12,453.76744591601613,454.9056701660156,358979
2020-11-13,454.14687623437237,449.1197814941406,113813
2020-11-14,453.2458171945617,455.4748229980469,34450
2020-11-17,455.4747955980135,459.8379211425781,500016
2020-11-18,460.5967252101211,455.0005187988281,244471
2020-11-19,451.4909722395779,436.64678955078125,658647
2020-11-20,440.014029876329,440.10888671875,170520
2020-11-23,445.7999431741634,445.6102294921875,663871
2020-11-24,449.7837452261631,455.28509521484375,209413
2020-11-25,458.1305881725354,446.0370788574219,210688
2020-11-26,449.593991348359,445.37310791015625,126409
2020-11-27,446.74844208068396,457.1346435546875,528032
2020-12-01,460.02761524230607,463.96392822265625,604921
2020-12-02,466.6672184012177,454.4788513183594,266716
2020-12-03,459.79051801287005,465.14959716796875,230293
2020-12-04,466.6672045822852,459.5533752441406,167717
2020-12-07,458.13061847030957,465.38671875,656246
2020-12-08,464.77017684944434,457.4192199707031,195335
2020-12-09,462.5886095335727,455.94903564453125,160356
2020-12-10,458.415133675528,443.9503479003906,189107
2020-12-11,447.69701909644266,464.01141357421875,471783
2020-12-14,467.09405661395647,462.4937744140625,486842
2020-12-15,464.9598313484553,460.45440673828125,224391
2020-12-16,465.90843381010103,452.8189697265625,540373
2020-12-17,455.190241562934,463.7268371582031,395084
2020-12-18,459.790535818808,464.9599304199219,392647
2020-12-21,466.1929406168102,446.74847412109375,247982
2020-12-22,449.8311338418739,439.11297607421875,428435
2020-12-23,442.0059127885635,455.0005187988281,257513
2020-12-24,458.69969590399563,462.20916748046875,247208
2020-12-28,461.92467246463013,461.3555603027344,203483
2020-12-29,464.7701502512553,475.2037658691406,615885
2020-12-30,474.2553056437028,471.0777893066406,310217
2020-12-31,466.71459897803004,473.6861572265625,259328
2021-01-01,465.860940511306,471.03033447265625,370947
2021-01-04,476.10490803897375,467.236328125,320398
2021-01-05,469.5127385151991,459.6956481933594,601869
2021-01-06,463.7268175743556,457.8460693359375,560531
2021-01-07,460.50186764744177,469.08587646484375,581206
2021-01-08,472.2159641218143,477.5750427246094,882576
2021-01-11,481.13197185268945,480.13604736328125,418468
2021-01-12,480.1360167208561,471.97882080078125,363157
2021-01-13,474.2552849554246,470.46124267578125,603139
2021-01-14,466.8094856992186,474.2078857421875,501092
2021-01-15,476.43682374315216,473.781005859375,410774
2021-01-18,472.8324977605312,475.1089172363281,346706
2021-01-19,475.9626411474594,492.6564636230469,1252370
2021-01-20,493.2254784078932,486.96533203125,462685
2021-01-21,489.43146677727526,482.36505126953125,366230
2021-01-22,480.6103271602814,465.76611328125,359988
2021-01-25,470.271524098889,456.09130859375,314380
2021-01-27,454.3366006654246,454.43145751953125,1109995
2021-01-28,441.10482833203366,455.1902160644531,586392
2021-01-29,467.61573761617234,455.56964111328125,1056163
2021-02-01,458.1305910220816,459.0791015625,692638
2021-02-02,460.07508368292645,464.20111083984375,662167
2021-02-03,467.4260148552502,466.1929626464844,337331
2021-02-04,467.61569049280814,479.1875305175781,457148
2021-02-05,481.51142468419215,473.2593994140625,506970
2021-02-08,477.8595898365952,484.3094787597656,311619
2021-02-09,480.9896466944976,474.7768859863281,934318
2021-02-10,475.2037946464088,465.71868896484375,177453
2021-02-11,464.7702312587575,464.10626220703125,196321
2021-02-12,465.718716504378,490.854248046875,1039146
2021-02-15,494.45859020498176,482.7445068359375,829521
2021-02-16,485.54253529102937,486.3013610839844,844561
2021-02-17,486.5859344207012,480.5154724121094,525160
2021-02-18,482.98158816875133,484.78375244140625,1151893
2021-02-19,485.6374575654704,488.9572448730469,619454
2021-02-22,483.93008002585117,473.781005859375,330175
2021-02-23,474.25531237317716,460.8338928222656,444424
2021-02-24,460.97611723376684,470.5086364746094,172348
2021-02-25,470.6035661271432,464.10626220703125,599512
2021-02-26,462.3989476061087,453.6726379394531,434459
2021-03-01,458.51002049816884,450.25799560546875,266573
2021-03-02,454.2416493902273,444.9462585449219,418073
2021-03-03,449.5940084575135,460.97613525390625,830146
2021-03-04,460.976136739046,479.2823791503906,1238853
2021-03-05,480.04119483121514,480.42059326171875,615806
2021-03-08,488.4829666291116,484.11981201171875,627464
2021-03-09,488.48297639868525,513.001953125,2777682
2021-03-10,514.2350949191879,533.1578369140625,3397677
2021-03-12,527.3718344054943,565.8339233398438,4009397
2021-03-15,569.8176738094015,546.8637084960938,936324
2021-03-16,546.8638028246557,537.52099609375,693433
2021-03-17,538.7541057627989,545.67822265625,662471
2021-03-18,551.0847162600662,539.2283325195312,893766
2021-03-19,531.1658838630343,548.7607421875,755387
2021-03-22,551.037248412525,571.3828125,1378357
2021-03-23,572.4260838107407,571.619873046875,1200651
2021-03-24,564.6009526906843,548.8082275390625,357208
2021-03-25,547.8597230600401,537.2364501953125,654222
2021-03-26,545.1565143728543,546.2947387695312,635685
2021-03-30,555.7797297005906,569.4857177734375,424229
2021-03-31,570.9085490945765,582.1483764648438,1105967
2021-04-01,585.2310805243803,579.9668579101562,330083
2021-04-05,578.5915630674086,548.8557739257812,395667
2021-04-06,551.7485975973781,537.8054809570312,387239
2021-04-07,537.8055462700396,538.090087890625,363319
2021-04-08,543.7810407094007,537.61572265625,143346
2021-04-09,537.615751863598,524.0520629882812,373986
2021-04-12,515.9897309829288,485.7796936035156,686602
2021-04-13,483.83524123524325,489.5262756347656,399805
2021-04-15,480.89481585742493,486.2064514160156,543655
2021-04-16,486.348807688686,488.1510009765625,515230
2021-04-19,472.3582685596831,474.82440185546875,293658
2021-04-20,481.84337598250045,486.016845703125,253757
2021-04-22,481.84342655866095,482.5548095703125,242353
2021-04-23,478.3812868868649,496.5452575683594,996130
2021-04-26,497.96808737777314,540.9356079101562,1404552
2021-04-27,544.4450167752079,543.16455078125,410664
2021-04-28,543.1646230801645,562.7039184570312,544308
2021-04-29,566.4505683783763,550.4207153320312,1115398
2021-04-30,541.694295666219,551.5114135742188,291905
2021-05-03,535.9085630402071,519.5467529296875,714057
2021-05-04,521.6808660719194,499.2485656738281,463277
2021-05-05,506.50462863796923,505.413818359375,515577
2021-05-06,505.4138619077354,497.3041076660156,209855
2021-05-07,502.046656281433,495.83392333984375,144514
2021-05-10,496.54525767162346,486.68072509765625,304134
2021-05-11,479.47208987352326,486.1116638183594,1121580
2021-05-12,491.23360754633904,481.08453369140625,331193
2021-05-14,484.68886492463,483.0763854980469,455418
2021-05-17,489.8109026407843,485.1631774902344,763043
2021-05-18,487.8189778610459,499.438232421875,381638
2021-05-19,497.256642507769,494.9801940917969,332627
2021-05-20,494.98017582421807,490.28509521484375,139809
2021-05-21,494.6483041487556,485.11578369140625,376779
2021-05-24,487.5344899512924,509.0182800292969,567469
2021-05-25,519.7837403969032,498.67938232421875,1037883
2021-05-26,499.77028728706995,511.1998291015625,329298
2021-05-27,511.62654467900205,518.5506591796875,910226
2021-05-28,522.6293093688881,503.7065124511719,242956
2021-05-31,506.31491926279665,520.1632080078125,3623605
2021-06-01,529.0792700493873,528.747314453125,1158218
2021-06-02,528.9843789642118,526.8976440429688,401535
2021-06-03,530.8814449556006,514.1876220703125,937648
2021-06-04,517.0329491310968,522.249755859375,1293219
2021-06-07,528.7945135901956,515.9896240234375,453616
2021-06-08,515.9897642947539,515.2783813476562,634050
2021-06-09,515.5155406923748,501.8569641113281,546046
2021-06-10,502.710672813881,493.2729797363281,1236333
2021-06-11,500.1021832193713,500.14959716796875,3113067
2021-06-14,501.8569140523318,495.4544677734375,567181
2021-06-15,497.63613079070495,496.0236511230469,487744
2021-06-16,496.0710276296559,491.5181884765625,371289
2021-06-17,488.9572490563008,488.05615234375,344276
2021-06-18,491.7079018823287,486.9178771972656,993857
2021-06-21,480.13607664855084,484.21466064453125,558627
2021-06-22,488.29319031121815,497.39892578125,902175
2021-06-23,499.9125020209209,488.435546875,288604
2021-06-24,492.0872675739439,492.4192810058594,230353
2021-06-25,493.8895348505523,493.2729797363281,480434
2021-06-28,493.27289995012995,493.842041015625,222232
2021-06-29,494.1740764830792,493.2729797363281,434086
2021-06-30,495.1224716983046,496.5926513671875,339827
2021-07-01,496.59272245578825,494.26885986328125,193516
2021-07-02,495.1224764706111,491.61297607421875,356535
2021-07-05,491.80272459137865,491.8975524902344,222638
2021-07-06,491.897515775738,486.7281799316406,499395
2021-07-07,487.20243779505364,487.5343933105469,193141
2021-07-08,485.6374042303964,485.8271179199219,236505
2021-07-09,486.9653504272748,487.4396057128906,403505
2021-07-12,491.13877610314125,494.221435546875,365050
2021-07-13,496.4504611044376,523.6726684570312,2960464
2021-07-14,523.577858443803,520.5900268554688,868297
2021-07-15,520.5901124661916,514.8990478515625,342663
2021-07-16,516.9381305733455,512.8121337890625,1256498
2021-07-19,507.1212693945386,505.6510314941406,238485
2021-07-20,507.45309671320246,500.6238098144531,446010
2021-07-22,505.2715620856338,516.1320190429688,595914
2021-07-23,520.2580647130906,504.8921813964844,559213
2021-07-26,507.5479616564013,530.12255859375,2785377
2021-07-27,531.1659305746042,522.107666015625,822382
2021-07-28,525.3800402778902,525.8068237304688,726157
2021-07-29,529.9327352847249,519.4042358398438,628596
2021-07-30,519.1198105443835,512.0059814453125,287922
2021-08-02,514.0927483436931,526.0914306640625,737707
2021-08-03,528.13068726959,523.957275390625,525462
2021-08-04,525.0005466486444,537.0940551757812,2316101
2021-08-05,537.4734488608601,540.3663940429688,1028455
2021-08-06,541.5995482506411,525.8068237304688,494479
2021-08-09,526.6605497040669,515.18359375,255643
2021-08-10,521.8704828008937,496.7349548339844,991385
2021-08-11,498.6320327668158,496.4504699707031,665743
2021-08-12,497.92062878122795,501.7620849609375,275121
2021-08-13,503.6591404135746,497.3041076660156,149090
2021-08-16,499.2959770270807,492.79864501953125,336208
2021-08-17,492.9409424318127,493.1780700683594,279262
2021-08-18,497.5104368284638,490.892822265625,554030
2021-08-20,486.13196670034534,476.3721923828125,538194
2021-08-23,478.8478822401507,478.3717956542969,597596
2021-08-24,479.3716063595953,479.6096496582031,261702
2021-08-25,481.03781722249994,481.989990234375,333604
2021-08-26,483.37064604964115,491.7497863769531,1392172
2021-08-27,494.13022751742346,500.12890625,885947
2021-08-30,503.69957526426657,539.4060668945312,3468672
2021-08-31,539.358409956832,543.6431884765625,4417283
2021-09-01,545.5952199262692,554.355224609375,3216736
2021-09-02,556.7356032468185,558.3543090820312,1327183
2021-09-03,561.5916449785526,558.02099609375,1468037
2021-09-06,559.3066003089331,563.6389770507812,1172449
2021-09-07,572.2561536511702,586.2531127929688,10419013
2021-09-08,590.4425192859986,609.2955932617188,6550645
2021-09-09,608.8196006476903,594.8702392578125,4215589
2021-09-13,597.0126384075423,601.5354614257812,2204782
2021-09-14,604.3442582255809,600.2022705078125,1204646
2021-09-15,600.2023092038613,596.9173583984375,1541851
2021-09-16,596.2508657337728,593.9180297851562,893167
2021-09-17,596.6315987668809,578.9212036132812,1939736
2021-09-20,573.2082423372091,570.7802124023438,1224826
2021-09-21,572.4465429244499,595.5367431640625,2325089
2021-09-22,597.9647232472049,622.34033203125,4338651
2021-09-23,627.7202571567896,648.5728759765625,4587858
2021-09-24,648.9060449719836,626.2919311523438,1424233
2021-09-27,631.0052018342623,637.9560546875,2183181
2021-09-28,642.4313180322971,622.4832763671875,1552352
2021-09-29,615.7704264068778,621.2454223632812,1440451
2021-09-30,621.5786272092471,653.9525146484375,2713429
2021-10-01,653.381219507223,639.051025390625,3145379
2021-10-04,642.7167791786704,676.5189208984375,5407700
2021-10-05,676.4237365687277,666.2354736328125,1137539
2021-10-06,669.3777729193184,637.432373046875,2054046
2021-10-07,643.76429306069,656.5234375,1881513
2021-10-08,657.8565020154559,650.4295043945312,1045747
2021-10-11,652.0482059413346,662.3316650390625,2398779
2021-10-12,661.569887728625,665.2833862304688,1100145
2021-10-13,665.5690485740165,656.3805541992188,756337
2021-10-14,660.1416804405985,666.045166015625,836846
2021-10-18,671.2819566746518,667.9969482421875,1274926
2021-10-19,672.9960191100618,649.6201782226562,966728
2021-10-20,649.3820823263598,650.19140625,1227535
2021-10-21,656.0473095156085,665.6166381835938,1681526
2021-10-22,656.4282430992267,626.0538940429688,5598243
2021-10-25,628.4342882539212,621.38818359375,1417194
2021-10-26,620.8168343781383,625.0540161132812,757028
2021-10-27,626.5299009285756,613.53271484375,823474
2021-10-28,611.2951178678554,598.1075439453125,953292
2021-10-29,594.1084227958005,596.8696899414062,671284
2021-11-01,595.1081700169624,606.2962036132812,1248064
2021-11-02,606.5342953420695,621.340576171875,1046610
2021-11-03,626.5300011547446,615.0087280273438,528077
2021-11-04,617.7699925630534,617.912841796875,93585
2021-11-08,618.0555600467359,622.6260375976562,522310
2021-11-09,623.6734524250868,621.2454223632812,353473
2021-11-10,622.4832334880645,616.1989135742188,450054
2021-11-11,614.1518051825072,608.6292114257812,416132
2021-11-12,612.8186493431576,619.10302734375,543969
2021-11-15,619.1029338410068,636.4324951171875,876850
2021-11-16,642.1932169408684,620.388427734375,1111077
2021-11-17,617.0082587389068,630.3386840820312,960904
2021-11-18,630.3386442932888,614.5325927734375,636240
2021-11-22,610.4858132142106,592.1088256835938,1262555
2021-11-23,584.9199745700846,596.5364990234375,679383
2021-11-24,596.5365539096975,592.5374145507812,313771
2021-11-25,592.727750930095,585.443603515625,887895
2021-11-26,580.8255769876628,559.4492797851562,946633
2021-11-29,559.4016509617729,552.6888427734375,699989
2021-11-30,555.593000164043,561.8773193359375,1474487
2021-12-01,562.6866616115595,564.8766479492188,550030
2021-12-02,559.8778416915294,560.0206909179688,861851
2021-12-03,562.8295519402926,554.450439453125,1008850
2021-12-06,547.9280108337929,543.3099365234375,937877
2021-12-07,544.6906399315462,555.402587890625,994353
2021-12-08,556.9260663441327,559.4968872070312,458949
2021-12-09,568.9234183777885,579.5877685546875,3438042
2021-12-10,579.8732876275271,573.7793579101562,422997
2021-12-13,577.0169477154337,571.6371459960938,374767
2021-12-14,566.8762417875087,569.8756103515625,426115
2021-12-15,571.303822614616,571.2562255859375,413080
2021-12-16,573.2081628257145,560.1157836914062,398446
2021-12-17,559.3541013395599,523.5047607421875,1173080
2021-12-20,517.5060620310139,512.0310668945312,967416
2021-12-21,512.0311568099354,507.12744140625,719160
2021-12-22,513.1261702276923,517.4109497070312,473377
2021-12-23,517.5064464502069,530.5396118164062,753650
2021-12-24,534.6928993114783,526.4815673828125,582941
2021-12-27,522.6624626730841,531.4944458007812,758343
2021-12-28,533.2607109376884,539.0372924804688,506762
2021-12-29,535.6954516899491,529.3460083007812,378205
2021-12-30,530.8736804518429,529.4414672851562,451790
2021-12-31,526.0997198199951,527.9616088867188,703962
2022-01-03,529.9188748137045,548.0602416992188,701600
2022-01-04,549.0149237551606,554.79150390625,534568
2022-01-05,553.789078975116,565.962890625,560391
2022-01-06,558.5631493373081,562.3346557617188,329892
2022-01-07,564.2920480448666,557.1309814453125,484745
2022-01-10,559.5179286234496,570.4505004882812,672720
2022-01-11,569.8775494093665,569.3046875,592198
2022-01-12,572.1691409115737,579.5689086914062,659631
2022-01-13,582.2901258259587,576.3225708007812,579280
2022-01-14,575.2723593717757,578.37548828125,500557
2022-01-17,578.0889359873486,599.1424560546875,1397472
2022-01-18,604.3461351083081,588.4962768554688,1506793
2022-01-19,589.1169465934637,584.6770629882812,445496
2022-01-20,582.3379320230059,588.544189453125,713771
2022-01-21,583.3882642544079,567.8248901367188,827479
2022-01-24,571.1668023154517,547.487548828125,1093320
2022-01-25,531.8285052798986,573.9833374023438,874035
2022-01-27,545.1958715343682,550.2086181640625,2242844
2022-01-28,554.7438652732155,588.1621704101562,3364415
2022-01-31,594.272912805975,588.3053588867188,767444
2022-02-01,596.7554735343374,595.9916381835938,1365607
2022-02-02,602.5321067395664,637.3826293945312,3287808
2022-02-03,637.3825792179767,628.5505981445312,786241
2022-02-04,629.1235988901226,613.0350341796875,612782
2022-02-07,612.9873104773962,603.9166259765625,403952
2022-02-08,603.4391995183544,600.718017578125,426956
2022-02-09,603.6301017896101,600.4314575195312,410572
2022-02-10,602.4843104246868,611.6027221679688,542867
2022-02-11,602.4843810192493,593.46142578125,450527
2022-02-14,580.5236745417193,566.4402465820312,653140
2022-02-15,567.1564020470342,595.9916381835938,1115065
2022-02-16,602.0069147439908,588.7828369140625,1211460
2022-02-17,591.9815264316502,578.7574462890625,420282
2022-02-18,577.6593465542575,572.4078979492188,301083
2022-02-21,568.6363371494639,565.7241821289062,464557
2022-02-22,552.786565843348,559.9476318359375,620643
2022-02-23,565.0557354235384,563.1461181640625,607240
2022-02-24,544.0500310402344,522.5668334960938,1299065
2022-02-25,533.7380265167698,547.153076171875,723982
2022-02-28,544.7184519739011,554.2665405273438,540106
2022-03-02,543.9545449596592,546.9144287109375,301513
2022-03-03,553.7891480131103,536.1729125976562,325436
2022-03-04,527.3408683728171,536.0296630859375,1057331
2022-03-07,531.923885421432,517.8882446289062,819961
2022-03-08,519.4159373662949,534.8838500976562,447423
2022-03-09,544.2410498622171,547.4396362304688,533606
2022-03-10,560.0908763290438,564.4830322265625,1157062
2022-03-11,559.2314761870814,560.3772583007812,495078
2022-03-14,558.5632136888779,564.8649291992188,385590
2022-03-15,564.8648512829748,552.643310546875,916480
2022-03-16,563.3372939002254,573.2195434570312,934412
2022-03-17,578.8050816723892,582.1946411132812,788598
2022-03-21,584.2952981387592,573.0762939453125,460459
2022-03-22,572.8852314805655,574.3651733398438,583635
2022-03-23,581.1921058371663,577.6593017578125,519551
2022-03-24,576.609073096686,572.1214599609375,330823
2022-03-25,577.7070567819668,573.9833374023438,242606
2022-03-28,569.3524917587172,572.169189453125,280172
2022-03-29,572.8852029787012,577.8502197265625,374087
2022-03-30,581.3830594506192,583.8178100585938,631372
2022-03-31,586.2525769942363,602.9140014648438,1078407
2022-04-01,603.9642623708557,625.7816772460938,1205575
2022-04-04,628.3596559665169,631.9879760742188,640162
2022-04-05,632.6563977398064,619.5755615234375,460546
2022-04-06,616.8064274881933,624.8745727539062,291055
2022-04-07,621.771545176899,638.0032958984375,1649638
2022-04-08,639.7219337495253,628.5029296875,1140055
2022-04-11,628.3595667597639,633.2291259765625,450422
2022-04-12,626.8319449813924,625.8771362304688,464090
2022-04-13,626.25912571693,604.2985229492188,553917
2022-04-18,600.3837252458175,597.948974609375,362704
2022-04-19,598.6651131608033,592.2201538085938,487445
2022-04-20,595.5142108053947,609.0247192382812,619836
2022-04-21,616.6155269578695,609.1680297851562,397778
2022-04-22,606.3035151825071,605.8261108398438,248365
2022-04-25,600.5747049853788,598.1876831054688,410622
2022-04-26,603.5345767200553,611.6027221679688,508491
2022-04-27,606.398991096818,611.1730346679688,561400
2022-04-28,612.127870893302,607.592529296875,460004
2022-04-29,609.4066081492624,565.3899536132812,1623610
2022-05-02,582.6720171871344,613.369140625,5245547
2022-05-04,609.9318396039092,578.13671875,1610159
2022-05-05,582.4333325878332,547.2008666992188,1330742
2022-05-06,534.6929173791245,522.6145629882812,2420331
2022-05-09,521.5642590584753,495.784423828125,8168348
2022-05-10,487.9072950969049,481.2713623046875,1914202
2022-05-11,486.7614755209061,460.2655334472656,2515630
2022-05-12,448.76009992269655,451.00390625,1464187
2022-05-13,458.2127104164648,473.2987060546875,2106778
2022-05-16,479.31398168103453,463.79833984375,656345
2022-05-17,466.04218603712053,467.61761474609375,646566
2022-05-18,473.0122913071741,456.4941101074219,1675457
2022-05-19,445.8956950089449,432.1941833496094,824474
2022-05-20,437.3024064818403,450.2878112792969,1087573
2022-05-23,450.28778996393976,452.96124267578125,615021
2022-05-24,457.5444209684669,443.1745300292969,523874
2022-05-25,444.08157899668976,431.5735778808594,660042
2022-05-26,432.0509142539724,437.06365966796875,514296
2022-05-27,442.8403127591574,446.7073059082031,347747
2022-05-30,451.62454172668146,457.401123046875,347066
2022-05-31,443.9861268367802,461.841064453125,591456
2022-06-01,466.4718366337742,457.3534240722656,717593
2022-06-02,459.2630651896838,460.55206298828125,392368
2022-06-03,463.0822499577129,448.2349853515625,432384
2022-06-06,445.89567375297725,451.00390625,544437
2022-06-07,447.80538418918474,444.1293640136719,317829
2022-06-08,444.12927171056634,437.1591796875,368733
2022-06-09,437.25463233796194,437.01593017578125,376213
2022-06-10,436.824988322818,433.6263732910156,257752
2022-06-13,427.0382162986661,419.25653076171875,636490
2022-06-14,419.1610258725982,423.1712341308594,304810
2022-06-15,425.319636382125,426.3221740722656,329072
2022-06-16,433.4832321618889,405.1253967285156,544199
2022-06-17,403.40669484968186,399.4442443847656,522065
2022-06-20,401.97446969052555,396.67529296875,550787
2022-06-21,398.1552817991415,401.9267883300781,895951
2022-06-22,402.4519348144531,402.4519348144531,623107
2022-06-23,401.9744978146859,408.1330261230469,322298
2022-06-24,410.5677577418441,414.3392639160156,364663
2022-06-27,416.39215523860537,422.3597106933594,544837
2022-06-28,423.3622412005776,412.8116149902344,316930
2022-06-29,407.7033817795909,412.8116149902344,326493
2022-06-30,411.5225881969448,407.0827331542969,644315
2022-07-01,408.51494724948884,419.8294372558594,663285
2022-07-04,422.78934462022676,421.8822937011719,313893
2022-07-05,424.985408199582,427.13372802734375,559850
2022-07-06,429.04329569234284,429.8548889160156,245315
2022-07-07,433.48317954370805,442.5061340332031,446199
2022-07-08,447.9485279492886,442.6015930175781,208163
2022-07-11,440.16688283283946,449.90594482421875,283875
2022-07-12,449.7149284341013,455.2528076171875,688815
2022-07-13,455.73025362001954,459.1198425292969,244263
2022-07-14,459.5017077353698,450.24005126953125,357454
2022-07-15,453.82056139438555,459.7403869628906,362040
2022-07-18,459.8359021405982,482.7513122558594,1423194
2022-07-19,484.46996719771863,484.3267517089844,682813
2022-07-20,489.8169081159828,497.3121337890625,987910
2022-07-21,497.1689199225126,516.981201171875,914632
2022-07-22,529.9188754092755,513.3529663085938,7136953
2022-07-25,511.77741290285974,525.86083984375,1979426
2022-07-26,529.727997006302,521.5643920898438,1390850
2022-07-27,522.2805301179611,541.47216796875,1589604
2022-07-28,542.3313126474056,556.6534423828125,1192363
2022-07-29,558.8017869908796,569.1614379882812,938911
2022-08-01,571.9304559842776,580.1895751953125,619891
2022-08-02,578.423159878242,583.1494750976562,910722
2022-08-03,580.6192021090387,573.6968383789062,610833
2022-08-04,573.8399832946443,553.8367309570312,979370
2022-08-05,551.8794822352706,562.1436767578125,641609
2022-08-08,563.3371762118646,568.68408203125,376832
2022-08-10,569.543472326956,558.5154418945312,464796
2022-08-11,563.5758826927599,566.5357666015625,504842
2022-08-12,567.9203027499013,573.0762939453125,535298
2022-08-16,573.8400403314535,588.2098999023438,787828
2022-08-17,591.933731730839,594.8936157226562,747785
2022-08-18,596.2335736486987,596.903564453125,444619
2022-08-19,599.6313007680934,583.1689453125,442804
2022-08-22,579.0534175447534,565.07958984375,1533690
2022-08-23,560.8681688745897,570.2478637695312,386961
2022-08-24,572.7364556570304,609.1067504882812,1964858
2022-08-25,610.6381540907742,603.2683715820312,835411
2022-08-26,609.0588224332669,609.6809692382812,642044
2022-08-29,591.4958483775707,606.9532470703125,561956
2022-08-30,610.6380577059331,606.666015625,434930
2022-09-01,601.1148065840684,615.8543701171875,527305
2022-09-02,616.3808893068599,608.6282958984375,437308
2022-09-05,607.958131433609,611.2122802734375,484309
2022-09-06,610.6381197896471,617.0986328125,562804
2022-09-07,613.5094347645837,614.0836791992188,323618
2022-09-08,618.2949216862559,619.0127563476562,296957
2022-09-09,619.2521438239411,619.2999877929688,1371384
2022-09-12,622.1234161684391,628.2489624023438,361052
2022-09-13,629.6846538882085,623.7026977539062,529989
2022-09-14,613.5094753460932,625.473388671875,308594
2022-09-15,628.6317800316597,635.8579711914062,931031
2022-09-16,636.4801760696051,607.7667846679688,817941
2022-09-19,613.2223445797289,564.6010131835938,3091324
2022-09-20,558.0447328854042,541.1038208007812,15670267
2022-09-21,541.7259415534264,528.709228515625,3964655
2022-09-22,528.7092940292713,519.37744140625,3848060
2022-09-23,524.4500955574533,495.2581481933594,4292209
2022-09-26,494.82744707828573,457.5478820800781,4010674
2022-09-27,464.19986463646916,442.0905456542969,5092422
2022-09-28,436.6349399114414,443.95684814453125,8673721
2022-09-29,454.00655373188073,450.3695068359375,4095077
2022-09-30,451.7573690921167,459.22283935546875,2534348
2022-10-03,461.0413732574165,460.2756652832031,2766302
2022-10-04,467.071131405503,474.05804443359375,2069082
2022-10-06,478.0779513922713,479.7528991699219,1601352
2022-10-07,480.47076730588,479.2265319824219,805811
2022-10-10,470.8995877180868,475.8765869140625,892073
2022-10-11,477.695124229197,460.036376953125,898264
2022-10-12,459.41425723434344,470.9953308105469,1438585
2022-10-13,469.17685136636237,480.7100524902344,1489001
2022-10-14,488.12764487198615,481.9542541503906,1020408
2022-10-17,480.9014486651974,480.66217041015625,3142466
2022-10-18,474.72807387919926,501.8143615722656,4010695
2022-10-19,503.44144948568334,497.22021484375,1579383
2022-10-20,497.17241074277774,498.89520263671875,872512
2022-10-21,500.57010469727663,498.7994689941406,1067982
2022-10-24,503.34582065888503,502.2451171875,216356
2022-10-25,502.96294637146934,503.29791259765625,1084772
2022-10-27,502.5321600473125,496.74163818359375,719269
2022-10-28,498.177272680528,494.2052307128906,404391
2022-10-31,496.2631552389433,501.86224365234375,484944
2022-11-01,502.53214908461666,498.6558532714844,372771
2022-11-02,501.19225954275856,485.5434265136719,1196586
2022-11-03,484.7298960504984,498.7994689941406,1192676
2022-11-04,498.79946571258745,494.1095886230469,540693
2022-11-07,496.5980443432918,499.4215393066406,560519
2022-11-09,502.48425816776063,511.86395263671875,1459380
2022-11-10,511.76832708672237,508.27484130859375,711156
2022-11-11,515.8360556650632,512.5818481445312,559981
2022-11-14,512.9647823558846,513.6826171875,348789
2022-11-15,514.9268529057892,512.9647827148438,367553
2022-11-16,511.86407885989655,498.56024169921875,607315
2022-11-17,497.17235582475644,496.5980529785156,677692
2022-11-18,496.0716858805433,490.1375732421875,464472
2022-11-21,487.1705480750168,488.7019348144531,669466
2022-11-22,491.19048502462795,492.2432861328125,495904
2022-11-23,493.39181529217103,503.1065368652344,596619
2022-11-24,506.6477578286854,502.1014709472656,381729
2022-11-25,502.4843980496091,521.3395385742188,1505086
2022-11-28,522.5836716007935,522.5358276367188,985840
2022-11-29,525.7899552262274,525.6464233398438,770660
2022-11-30,527.8000023524853,529.3313598632812,555749
2022-12-01,531.6762874098207,525.3114624023438,390437
2022-12-02,526.3643738544987,528.135009765625,406138
2022-12-05,530.2405571518689,539.3331298828125,1468184
2022-12-06,540.1945511377933,534.6432495117188,757831
2022-12-07,536.892603132384,527.3214721679688,639860
2022-12-08,528.8090317553969,533.9435424804688,486439
2022-12-09,536.7747405014804,534.7113647460938,723937
2022-12-12,535.5270949974952,529.5767822265625,375039
2022-12-13,532.3599360286419,518.0599975585938,1176963
2022-12-14,518.443910940747,524.68212890625,1892544
2022-12-15,526.7935484231523,516.9083251953125,648246
2022-12-16,517.1003217020952,503.1842956542969,740455
2022-12-19,504.28805732138136,519.78759765625,990569
2022-12-20,520.1714092891876,524.250244140625,857830
2022-12-21,527.8492607393223,513.0694580078125,1093746
2022-12-22,514.125188804513,500.68902587890625,777151
2022-12-23,491.37965967290967,469.8818054199219,1120435
2022-12-26,474.34449688276777,498.76953125,1169514
2022-12-27,502.12857446337495,508.0308532714844,789738
2022-12-28,508.0309806175644,504.384033203125,732938
2022-12-29,502.4164702720071,509.1825256347656,655812
2022-12-30,511.7258732488133,513.5013427734375,599983
2023-01-02,515.0849321155479,524.3462524414062,908590
2023-01-03,526.6016244829817,526.5536499023438,500255
2023-01-04,525.9297931031227,521.1791381835938,421218
2023-01-05,524.9700462801901,523.4824829101562,847069
2023-01-06,523.9624263262822,521.51513671875,650320
2023-01-09,523.2425328981612,531.7840576171875,962862
2023-01-10,532.647905956381,524.4422607421875,474771
2023-01-11,527.0814728362211,528.0411987304688,427182
2023-01-12,528.0412219671707,525.4979248046875,383567
2023-01-13,525.5939751526731,527.4174194335938,279457
2023-01-16,528.8090356310837,521.0352783203125,359399
2023-01-17,521.083191256113,504.8638000488281,1938132
2023-01-18,507.551105353482,512.0138549804688,638097
2023-01-19,512.0617965422426,508.99066162109375,360319
2023-01-20,513.8852614348255,500.1131591796875,808127
2023-01-23,508.654766736972,529.624755859375,3376553
2023-01-24,530.7284182342212,540.9014892578125,1733068
2023-01-25,540.8055423758841,534.327392578125,822355
2023-01-27,537.4465998940339,517.9641723632812,597972
2023-01-30,520.5553739404533,518.923828125,506326
2023-01-31,519.499579788348,544.6923828125,1512615
2023-02-01,548.1474831099223,519.9794921875,1547817
2023-02-02,521.8029694406189,548.6273193359375,1497538
2023-02-03,554.721677775326,554.817626953125,1067554
2023-02-06,554.8174725650402,558.4644775390625,626504
2023-02-07,559.5201700773403,556.4490356445312,592372
2023-02-08,556.6411281512306,567.8219604492188,1334583
2023-02-09,569.1174854876926,576.1714477539062,985852
2023-02-10,574.8758074756856,573.292236328125,543572
2023-02-13,571.0369006345984,567.2459716796875,531299
2023-02-14,567.2940147558581,566.6222534179688,469223
2023-02-15,566.142409330828,570.8450317382812,484600
2023-02-16,571.7567985704527,562.9273071289062,248733
2023-02-17,559.616188882339,555.537353515625,365113
2023-02-20,555.6332618736805,566.2382202148438,699245
2023-02-21,565.3265757501499,555.009521484375,747401
2023-02-22,551.3625212427344,541.3333740234375,367589
2023-02-23,537.4465017379338,540.6615600585938,348750
2023-02-24,542.2451654328,543.6367797851562,297130
2023-02-27,544.1645831899422,547.2357177734375,445168
2023-02-28,548.96322812303,552.0343627929688,428394
2023-03-01,554.2417667608626,553.6659545898438,743579
2023-03-02,556.449031737018,544.068603515625,188574
2023-03-03,544.9803239147177,541.0454711914062,273370
2023-03-06,542.2451987267989,546.5159912109375,750886
2023-03-08,546.2760440785856,541.621337890625,544207
2023-03-09,544.3565550277119,545.6041870117188,496275
2023-03-10,542.2452507941363,534.6633911132812,369574
2023-03-13,534.6152669665989,518.251953125,932544
2023-03-14,518.6838873286725,507.11920166015625,592536
2023-03-15,511.0540405978028,498.8175354003906,571925
2023-03-16,496.17833806600254,500.1612243652344,476795
2023-03-17,505.1997945561809,508.79876708984375,682828
2023-03-20,510.5742664413592,508.8467712402344,964205
2023-03-21,511.38984331580366,510.28619384765625,370906
2023-03-22,512.8295284989349,525.7378540039062,576421
2023-03-23,525.9298194556918,518.491943359375,840185
2023-03-24,518.6359142173029,503.7601623535156,386989
2023-03-27,503.08835774610054,498.9615478515625,367199
2023-03-28,498.0977787131104,497.95379638671875,337531
2023-03-29,499.77727145745644,494.64276123046875,846192
2023-03-31,499.0574728101188,507.886962890625,404383
2023-04-03,511.3899028312518,523.4345092773438,634976
2023-04-05,524.0583676083248,522.2828979492188,234421
2023-04-06,522.4267367362843,544.3085327148438,881334
2023-04-10,549.8750376643887,558.7045288085938,765353
2023-04-11,561.4396053452762,551.7943725585938,1127721
2023-04-12,551.7944198029484,546.6598510742188,303075
2023-04-13,547.0438533424542,543.9247436523438,407594
2023-04-17,547.0437595514558,547.4276733398438,308969
2023-04-18,547.2837019696086,539.7978515625,590385
2023-04-19,538.8860802109326,541.813232421875,412979
2023-04-20,541.2854053217761,540.6615600585938,259117
2023-04-21,543.5407511161847,539.365966796875,451968
2023-04-24,540.2297272997664,553.8577880859375,703195
2023-04-25,556.6410760994426,560.6239624023438,550626
2023-04-26,559.0403819278785,561.5836791992188,724986
2023-04-27,554.7214830678377,569.309326171875,1275144
2023-04-28,574.2520298276323,591.863037109375,1601617
2023-05-02,594.7901526297319,602.0360717773438,1067045
2023-05-03,598.0052749468604,608.034423828125,616261
2023-05-04,608.4661568976906,611.729248046875,378592
2023-05-05,612.2572093507965,617.8236083984375,687273
2023-05-08,616.3359853719988,630.5399169921875,618516
2023-05-09,632.4594090915878,619.8389892578125,535583
2023-05-10,619.8389852372305,620.4148559570312,375429
2023-05-11,623.6298759948862,618.0155029296875,337114
2023-05-12,618.0155061527797,617.7276000976562,357957
2023-05-15,619.071104114122,632.4113159179688,786620
2023-05-16,636.7301470104636,631.9794921875,719609
2023-05-17,632.459427025918,643.5442504882812,650229
2023-05-18,650.1664002712845,648.2469482421875,2562867
2023-05-19,651.6058245001867,639.5132446289062,901489
2023-05-22,641.8647336447477,643.1123657226562,500401
2023-05-23,646.8073454551287,649.6865234375,452425
2023-05-24,645.7035542993797,651.9417724609375,398758
2023-05-25,652.7096219082937,649.9744262695312,249670
2023-05-26,645.8955337469499,649.54248046875,321713
2023-05-29,650.8382074839692,662.3549194335938,483110
2023-05-30,663.650462096177,662.498779296875,342247
2023-05-31,661.2031427101203,678.7181396484375,1383366
2023-06-01,683.1808221421113,698.7763671875,1398058
2023-06-02,698.6805011895086,696.6651000976562,720903
2023-06-05,699.5922386996735,685.100341796875,496947
2023-06-06,685.0523313944075,689.0352172851562,429223
2023-06-07,694.1696864494863,719.2665405273438,2141726
2023-06-08,719.7464779507148,711.3968505859375,464175
2023-06-09,710.197126772852,711.9246215820312,488172
2023-06-12,712.0687030209334,714.3240356445312,723202
2023-06-13,720.7061569489816,716.243408203125,529028
2023-06-14,718.7866815585987,718.690673828125,494588
2023-06-15,719.7944652908849,703.5750732421875,636878
2023-06-16,710.4370498082358,719.45849609375,939196
2023-06-19,724.5931698123005,715.1878662109375,772856
2023-06-20,718.3069205504794,720.9461669921875,1081401
2023-06-21,726.7044640585693,714.22802734375,338545
2023-06-22,715.6195562914842,703.7189331054688,662262
2023-06-23,703.4790314484358,706.9340209960938,452389
2023-06-26,710.101295336339,712.5006103515625,447265
2023-06-27,713.0763806378108,748.6821899414062,1937866
2023-06-28,760.1029954441753,750.6016845703125,1831098
2023-06-30,756.2304663028865,747.9556274414062,533796
2023-07-03,749.1102332380459,749.0140380859375,489048
2023-07-04,752.0931069510814,767.7286376953125,1472282
2023-07-05,771.6254461873024,739.8251953125,997197
2023-07-06,740.7874495574215,739.5365600585938,362221
2023-07-07,739.9213051375431,744.7803344726562,948619
2023-07-10,744.780396166046,748.9659423828125,424035
2023-07-11,749.0621932942564,753.2958374023438,437391
2023-07-12,756.5671882511223,765.3231201171875,869228
2023-07-13,767.7286153022928,762.244140625,375091
2023-07-14,762.8694833071922,772.0584106445312,618625
2023-07-17,777.8796043346375,781.1029052734375,370293
2023-07-18,781.1029399946646,767.488037109375,278643
2023-07-19,772.1065456548596,787.357177734375,1075146
2023-07-20,780.2370369042214,799.6731567382812,1848350
2023-07-21,804.3878937264766,805.9755249023438,670647
2023-07-24,822.6694230502682,856.2978515625,3582032
2023-07-25,875.3972905896054,819.01318359375,4066238
2023-07-26,764.9381710394678,742.0381469726562,9546545
2023-07-27,739.9213200035308,717.2137451171875,5395601
2023-07-28,717.7911486446355,704.9940795898438,2393751
2023-07-31,703.3581922027388,722.98681640625,1762697
2023-08-01,722.6982436100855,710.1898193359375,1082718
2023-08-02,712.450969093309,694.4099731445312,1363681
2023-08-03,695.564634346335,699.7501220703125,583834
2023-08-04,708.1692706169538,705.37890625,517243
2023-08-07,708.1692269326232,715.1931762695312,1064653
2023-08-08,721.1587634556564,710.3822631835938,437912
2023-08-09,711.1039405411782,704.9940795898438,362215
2023-08-10,704.9940429418189,722.8425903320312,1819423
2023-08-11,729.3373982392492,696.3344116210938,4143870
2023-08-14,698.5473584394271,707.0145874023438,2175253
2023-08-16,704.3204942355595,708.5541381835938,1145518
2023-08-17,709.0832957191601,707.5437622070312,796354
2023-08-18,709.4681397713406,699.0765380859375,476526
2023-08-21,704.7535167645818,713.7980346679688,689595
2023-08-22,718.6571740716594,718.3203735351562,460473
2023-08-23,718.7532709735771,719.5711059570312,384807
2023-08-24,729.2891571439037,719.7634887695312,652056
2023-08-25,719.4267620187303,710.9595336914062,643105
2023-08-28,712.0179657032571,715.4337158203125,403428
2023-08-29,715.914772745961,720.8700561523438,494610
2023-08-30,722.6500652395407,721.3030395507812,421738
2023-08-31,721.9765952669574,722.9387817382812,503892
2023-09-01,723.4198755119977,731.26171875,596150
2023-09-04,738.5743222076022,737.1310424804688,633312
2023-09-05,740.8355104312632,753.2958374023438,1574345
2023-09-06,755.075879808421,752.5260620117188,561361
2023-09-07,752.3817117583669,744.155029296875,378499
2023-09-08,749.2546600972748,744.3956298828125,371319
2023-09-11,749.4951502299585,758.7321166992188,602304
2023-09-12,763.6874655296574,723.371826171875,994930
2023-09-13,728.8081562987111,745.7426147460938,1052204
2023-09-14,750.6016351181722,752.2854614257812,523449
2023-09-15,758.1066314205647,751.7080688476562,464526
2023-09-18,751.8525661175476,740.4987182617188,669152
2023-09-20,738.045162513688,742.326904296875,525752
2023-09-21,741.3165511308525,730.1070556640625,467947
2023-09-22,736.5056041447313,732.7049560546875,479223
2023-09-25,734.1482514880953,742.5673828125,1024817
2023-09-26,745.6944857547633,730.1551513671875,437747
2023-09-27,730.1551446714966,740.83544921875,785341
2023-09-28,744.6842616326007,719.907958984375,739021
2023-09-29,726.258323452014,735.8801879882812,690640
2023-10-03,735.8321354115246,736.409423828125,425743
2023-10-04,731.261698034057,725.7291259765625,545246
2023-10-05,727.6054816263605,729.1930541992188,340178
2023-10-06,730.3956473282354,744.443603515625,540414
2023-10-09,737.564057166697,722.0247802734375,405469
2023-10-10,727.797902855048,730.203369140625,211643
2023-10-11,731.2616748279953,726.4988403320312,509165
2023-10-12,727.4129476803963,723.8047485351562,197145
2023-10-13,723.5641701514908,718.60888671875,453556
2023-10-16,714.1348577021914,711.0077514648438,387137
2023-10-17,714.7121102457428,739.1997680664062,1608867
2023-10-18,743.7700659975126,733.8595581054688,1863055
2023-10-19,735.2547931040984,736.1688232421875,1170357
2023-10-20,735.5434106500678,732.9454956054688,2055776
2023-10-23,731.3098201999854,708.3135986328125,838083
2023-10-25,712.4509300878706,693.6401977539062,807717
2023-10-26,692.29308191337,692.5817260742188,987386
2023-10-27,696.5748453325571,712.6914672851562,575335
2023-10-30,716.6364636655605,723.2755737304688,480397
2023-10-31,724.4782803321016,734.5812377929688,537057
2023-11-01,735.3028896813239,730.0108642578125,437508
2023-11-02,733.8596274930657,739.8251953125,360254
2023-11-03,744.2512001288296,742.8560180664062,380511
2023-11-06,745.9350195821787,747.2339477539062,314085
2023-11-07,745.7906872891308,727.89404296875,335202
2023-11-08,728.6157282117565,732.6088256835938,172512
2023-11-09,733.3304171415409,725.9215698242188,276416
2023-11-10,725.3924281676418,720.05224609375,199819
2023-11-13,727.4129877299528,720.3890380859375,158426
2023-11-15,727.3167506450667,723.8528442382812,606512
2023-11-16,723.9491779402027,721.1588134765625,176802
2023-11-17,717.8873026723945,737.5159301757812,1021033
2023-11-20,742.5673977192495,744.1068725585938,1110878
2023-11-21,744.7323222909828,750.216796875,539366
2023-11-22,750.5054513535326,737.4197387695312,233945
2023-11-23,735.1105242523713,735.4954223632812,222502
2023-11-24,736.2169998563909,725.15185546875,197122
2023-11-28,725.1518529144596,727.3167724609375,206809
2023-11-29,730.1070022323142,740.258056640625,400245
2023-11-30,741.797685150224,751.5638427734375,1053538
2023-12-01,756.2785782465763,782.7868041992188,1918869
2023-12-04,789.9550838514954,793.9481811523438,1739451
2023-12-05,799.5769213657696,805.2056884765625,939227
2023-12-06,807.9479717976884,758.924560546875,4153345
2023-12-07,764.9381760581673,766.862548828125,1213552
2023-12-08,770.5189709870419,760.5603637695312,653127
2023-12-11,762.1478189428702,727.076171875,3010666
2023-12-12,733.9558336817938,741.4608764648438,3297558
2023-12-13,749.5433120579969,746.1756591796875,995077
2023-12-14,752.4298598799483,761.0895385742188,802841
2023-12-15,761.5705861678158,752.2373657226562,519916
2023-12-18,754.354138203911,753.921142578125,310641
2023-12-19,759.1652059483459,753.5364379882812,365272
2023-12-20,758.2029312907526,725.296142578125,559996
2023-12-21,724.9594142523804,731.0692749023438,403213
2023-12-22,734.9179476150691,735.6395874023438,832625
2023-12-26,744.732271610383,745.6944580078125,630697
2023-12-27,748.0519248798614,748.5811157226562,448984
2023-12-28,750.5055190879111,747.5708618164062,889076
2023-12-29,748.5354038731498,750.1753540039062,403254
2024-01-01,750.1754065630083,749.451904296875,474059
2024-01-02,752.8764308650897,739.0333862304688,404115
2024-01-03,737.9722849635339,738.8887329101562,612518
2024-01-04,740.8663697104677,757.9892578125,685873
2024-01-05,761.9925999536309,753.7929077148438,830394
2024-01-08,759.966749588221,743.8085327148438,723933
2024-01-09,748.2942340958693,747.6671752929688,594552
2024-01-10,746.1720498838066,732.859619140625,610061
2024-01-11,737.9722626436139,742.554443359375,574476
2024-01-12,744.7249379406962,740.1909790039062,431866
2024-01-15,742.795655358078,736.9111938476562,678182
2024-01-16,736.9112155812152,729.8690795898438,345653
2024-01-17,726.0103037154842,737.10400390625,634008
2024-01-18,733.1489541796174,750.4165649414062,965088
2024-01-19,757.0727712105524,766.0924682617188,1015337
2024-01-23,747.6189516593838,699.7713623046875,2758262
2024-01-24,705.5593664525911,719.305908203125,1339277
2024-01-25,723.2128374602967,743.2779541015625,1041879
2024-01-29,750.8023755833088,738.9369506835938,557047
2024-01-30,740.7699004830358,737.3452758789062,536250
2024-01-31,739.9498468583712,748.9695434570312,461465
2024-02-01,753.4069226358005,766.8640747070312,733221
2024-02-02,778.1990090863321,799.56640625,3651061
2024-02-05,807.2837702042502,773.4238891601562,1318696
2024-02-06,780.1283685192014,789.1962280273438,757804
2024-02-07,791.993812278255,820.8856811523438,3220370
2024-02-08,827.4936586765742,784.5658569335938,1158979
2024-02-09,790.9326372787452,780.5624389648438,682750
2024-02-12,780.5624813195997,756.4457397460938,495821
2024-02-13,753.8893175962548,769.3722534179688,349282
2024-02-14,753.4070111414782,775.6908569335938,300045
2024-02-15,788.3280872012657,787.9904174804688,465670
2024-02-16,791.2702583225565,778.7295532226562,580292
2024-02-19,779.3566526532536,773.134521484375,208480
2024-02-20,775.5944184671828,769.7581787109375,333698
2024-02-21,769.7580908593343,758.3267211914062,445219
2024-02-22,762.0890149615806,766.7676391601562,258141
2024-02-23,771.7357431603456,771.3981323242188,445438
2024-02-26,775.5943838492101,771.0604248046875,310941
2024-02-27,771.0604797286356,763.5842895507812,297797
2024-02-28,763.6325366089063,740.5769653320312,309315
2024-02-29,741.39686531988,747.0884399414062,397438
2024-03-01,757.6032561785009,764.5488891601562,346647
2024-03-04,762.5231069605737,762.8607177734375,278586
2024-03-05,762.0408144764823,763.9701538085938,448025
2024-03-06,763.9218823815717,757.0726928710938,636798
2024-03-07,757.0726885310688,758.80908203125,306652
2024-03-11,755.4328563800698,743.7603759765625,553779
2024-03-12,743.7121102556541,733.4383544921875,311361
2024-03-13,730.4479418807084,695.9609985351562,467762
2024-03-14,691.523410848024,703.6782836914062,394070
2024-03-15,708.4051752333677,698.85498046875,734692
2024-03-18,698.8550181600373,694.1281127929688,523546
2024-03-19,696.491449396432,683.9507446289062,595062
2024-03-20,684.336673129801,692.6810302734375,306618
2024-03-21,698.4208199496819,712.119140625,620355
2024-03-22,713.8073588614817,720.7047119140625,496110
2024-03-26,720.6082431316337,727.7950439453125,293576
2024-03-27,731.798382110145,730.399658203125,314645
2024-03-28,731.1713706957817,726.3480224609375,400597
2024-04-01,727.3609658816366,764.2595825195312,701556
2024-04-02,762.8125215928079,765.03125,222656
2024-04-03,762.040801993785,776.7520141601562,320322
2024-04-04,784.2764246486026,780.1283569335938,467410
2024-04-05,770.8192274328638,770.6262817382812,226057
2024-04-08,770.6263370618698,770.7228393554688,292135
2024-04-09,786.2056941648793,781.9129028320312,3011848
2024-04-10,783.3118612146408,779.5014038085938,636792
2024-04-12,780.2248838255824,757.9892578125,396428
2024-04-15,753.889376177108,748.3907470703125,355718
2024-04-16,748.6318642368971,738.1652221679688,380265
2024-04-18,743.326152557387,735.1746826171875,616472
2024-04-19,727.9397447105835,728.1326904296875,360337
2024-04-22,735.0782767695737,726.2515258789062,305781
2024-04-23,726.3480249674491,717.9071655273438,894176
2024-04-24,721.2353109357352,717.5695190429688,1765054
2024-04-25,722.537545381283,719.0647583007812,740636
2024-04-26,725.4315674525694,720.5599975585938,474706
2024-04-29,725.3351690311712,719.9329833984375,1464619
2024-04-30,742.9886278891621,735.7053833007812,4060950
2024-05-02,739.9015955507539,748.535400390625,1520140
2024-05-03,752.3941483519321,741.686279296875,659380
2024-05-06,749.0660066035773,732.71484375,353854
2024-05-07,733.0525231367081,713.2767944335938,493507
2024-05-08,713.6626095462675,716.0260620117188,503561
2024-05-09,719.4506898656306,694.1763305664062,380606
2024-05-10,699.3855334847939,708.9840087890625,481490
2024-05-13,709.5146035751111,712.6497802734375,275017
2024-05-14,716.5565643961231,723.502197265625,270229
2024-05-15,724.466900950884,726.396240234375,270791
2024-05-16,733.1489692946399,733.39013671875,226162
2024-05-17,733.3900675683949,730.9783935546875,189482
2024-05-21,729.7726030817305,718.5824584960938,333716
2024-05-22,718.5824698158077,713.3732299804688,301251
2024-05-23,713.3731772857404,718.29296875,405125
2024-05-24,718.2930269526796,712.456787109375,377050
2024-05-27,716.6047966917349,715.7848510742188,423585
2024-05-28,715.7848281982663,718.630615234375,506474
2024-05-29,717.6177918807507,696.6844482421875,1026105
2024-05-30,696.4914894644169,695.189208984375,563019
2024-05-31,697.4561273311514,701.5077514648438,384226
2024-06-03,723.5022306658987,725.5762939453125,753365
2024-06-04,725.576296205878,674.255859375,1127713
2024-06-05,680.092148958377,718.9201049804688,992953
2024-06-06,727.360936557873,736.9594116210938,812090
2024-06-07,747.42599935404,746.9436645507812,888474
2024-06-10,747.5707895492164,746.0272827148438,434782
2024-06-11,754.3717050993108,762.7643432617188,1269109
2024-06-12,767.6840835929501,776.0767211914062,1357409
2024-06-13,786.2057671522347,788.4727172851562,780406
2024-06-14,795.0325715290567,805.4027709960938,1045330
2024-06-18,812.2037128810513,857.8325805664062,4784271
2024-06-19,858.4595412381369,835.6450805664062,844031
2024-06-20,829.8570811396061,832.027587890625,542596
2024-06-21,829.6159673673721,830.4359130859375,739407
2024-06-24,829.3265772360172,851.4657592773438,2210250
2024-06-25,852.4303390210404,867.8167724609375,1583825
2024-06-26,865.3086623531769,869.4085083007812,949576
2024-06-27,875.7753026249088,878.6693115234375,1431374
2024-06-28,878.8140981338861,882.86572265625,796344
2024-07-01,895.9851165454656,890.8241577148438,1260759
2024-07-02,892.1265380717172,858.3630981445312,2178450
2024-07-03,861.4500532506993,870.9520263671875,1326007
2024-07-04,875.9200410647503,859.134765625,369698
2024-07-05,859.1347824249709,855.5655517578125,340493
2024-07-08,855.2761665497649,855.517333984375,404409
2024-07-09,860.5817684942944,848.2340087890625,1075285
2024-07-10,851.1762683656358,852.0444946289062,443690
2024-07-11,858.5559988958423,847.2211303710938,196440
2024-07-12,850.7904494911423,837.574462890625,866676
2024-07-15,834.439304083196,847.4141235351562,737699
2024-07-16,847.944642344784,856.3372802734375,897775
2024-07-18,866.3183862724546,849.941650390625,392701
2024-07-19,857.4031632783177,823.0023803710938,555823
2024-07-22,804.3000182834683,819.0778198242188,3996731
2024-07-23,830.9000158048847,816.70361328125,2849622
2024-07-24,813.9904135502426,823.9230346679688,1333753
2024-07-25,818.7871462881496,802.1681518554688,1079220
2024-07-26,802.4104561593625,830.3671875,831348
2024-07-29,830.464041858955,829.2527465820312,609474
2024-07-30,828.5259258754877,825.1827392578125,268939
2024-07-31,828.8651150487996,822.3726196289062,164005
2024-08-01,823.680745199055,809.1452026367188,324361
2024-08-02,804.1061836991097,810.6956176757812,442892
2024-08-05,794.415872812314,757.7863159179688,1151511
2024-08-06,767.9126828266566,748.4835205078125,685408
2024-08-07,763.6005068192674,763.1644287109375,265308
2024-08-08,763.164391559845,761.75927734375,1032271
2024-08-09,765.587023636158,778.2814331054688,663662
2024-08-12,780.0741880746616,792.865478515625,613242
2024-08-13,787.8264023565949,777.9906616210938,472800
2024-08-14,782.0122262796126,780.4617919921875,272425
2024-08-16,780.4617970879722,808.7091674804688,397103
2024-08-19,810.7441344364661,817.624267578125,242818
2024-08-20,818.7386540469553,821.4035034179688,265744
2024-08-21,821.5972776764205,820.7736206054688,352021
2024-08-22,823.6807289390989,823.2930908203125,425674
2024-08-23,823.5838279814454,823.777587890625,795371
2024-08-26,828.9619943585418,825.9579467773438,306215
2024-08-27,825.9579736375781,834.630859375,432911
2024-08-28,840.1543574678926,846.6469116210938,669843
2024-08-29,846.6469884078437,855.5621337890625,2174332
2024-08-30,862.4422381805211,836.8112182617188,591783
2024-09-02,839.0399023991093,852.6549072265625,810362
2024-09-03,858.3723034433376,855.5621337890625,290414
2024-09-04,847.0344881748483,854.593017578125,467093
2024-09-05,861.4732136568234,858.178466796875,688432
2024-09-06,860.5041434512274,843.7882690429688,473713
2024-09-09,842.8676748777863,842.334716796875,491448
2024-09-10,845.9685251477138,822.4209594726562,692077
2024-09-11,823.2931068932335,838.7008056640625,559042
2024-09-12,847.906665763587,880.2239990234375,1794537
2024-09-13,887.201016002439,902.366455078125,3072023
2024-09-16,910.3610316775389,875.524169921875,1972984
2024-09-17,877.1716081918906,854.06005859375,712240
2024-09-18,855.6590011688086,850.232421875,699623
2024-09-19,856.627986681675,825.4734497070312,841701
2024-09-20,832.1113214065181,835.9390258789062,442052
2024-09-23,843.4491074649278,852.7518310546875,549217
2024-09-24,856.6279770580376,834.727783203125,490770
2024-09-25,838.2162655512033,841.1718139648438,360410
2024-09-26,845.9686010059614,857.8392944335938,729666
2024-09-27,857.7908574113501,856.918701171875,535642
2024-09-30,857.5970460694522,864.62255859375,537306
2024-10-01,871.7933844752511,874.0221557617188,1572768
2024-10-03,860.1164532925061,856.5310668945312,934129
2024-10-04,852.7518205356799,820.9190063476562,864805
2024-10-07,825.6672760480338,798.5827026367188,309966
2024-10-08,798.4858172642664,827.9929809570312,415781
2024-10-09,833.3711290248256,843.2553100585938,555932
2024-10-10,847.3737461657241,831.5299682617188,189500
2024-10-11,833.3711944729545,840.8812255859375,220490
2024-10-14,846.7438433050307,844.9027099609375,410371
2024-10-15,851.104455118126,863.2174072265625,717891
2024-10-16,857.5969610599359,855.0289916992188,194324
2024-10-17,855.6589529595149,831.04541015625,295183
2024-10-18,826.5878424996644,834.43701171875,175385
2024-10-21,837.2472374392888,832.838134765625,279871
2024-10-22,835.0669617896043,807.1102905273438,334033
2024-10-23,817.8665516341107,844.3212280273438,2265745
2024-10-24,842.8676753027676,819.2716674804688,900505
2024-10-25,824.5044899190078,824.3107299804688,752327
2024-10-28,823.6807586660923,821.5004272460938,485963
2024-10-29,824.01987106155,835.8905639648438,655404
2024-10-30,836.2782213963407,857.4031982421875,1311532
2024-10-31,856.4826528602064,841.0750122070312,465469
2024-11-01,850.8137656800368,848.9241333007812,71313
2024-11-04,851.7827995106068,829.8341064453125,268481
2024-11-05,828.5259371571927,838.9915161132812,372561
2024-11-06,840.541963519322,842.8676147460938,516391
2024-11-07,845.3386909196562,831.9660034179688,187974
2024-11-08,833.3226504774995,823.2930908203125,200702
2024-11-11,818.835607326169,812.6822509765625,193207
2024-11-12,815.0563010231576,803.1856079101562,183237
2024-11-13,802.1681394776706,790.3458862304688,299321
2024-11-14,790.3459319535075,797.4683837890625,199382
2024-11-18,790.7820026519124,803.8155517578125,206386
2024-11-19,804.881409516075,806.8679809570312,248145
2024-11-21,806.8679738028529,797.1776123046875,266625
2024-11-22,798.00122837961,816.70361328125,365815
2024-11-25,828.5259650097396,818.1088256835938,541970
2024-11-26,818.108849982564,795.627197265625,716832
2024-11-27,799.4548424794345,800.6661376953125,977644
2024-11-28,804.2031321474808,796.40234375,529131
2024-11-29,802.3619626571075,798.4373779296875,296879
2024-12-02,802.3619789822659,789.3284301757812,3653242
2024-12-03,794.6096638561437,808.757568359375,652530
2024-12-04,814.0282789828954,823.9352416992188,1229540
2024-12-05,819.8845858086521,815.5411376953125,423591
2024-12-06,815.980406419109,783.7218627929688,1565730
2024-12-09,783.7706615194318,785.2347412109375,849391
2024-12-10,787.9676870288964,799.2410888671875,1076619
2024-12-11,804.2677614758486,800.3147583007812,366800
2024-12-12,800.4123791783481,791.4326782226562,167677
2024-12-13,791.5791300950981,783.8682861328125,451723
2024-12-16,781.8185871855171,782.745849609375,198073
2024-12-17,783.0873773060335,762.7366943359375,653676
2024-12-18,759.3693027636658,754.4402465820312,665418
2024-12-19,741.8003688169478,752.0977172851562,435621
2024-12-20,753.415482049811,729.7949829101562,517033
2024-12-23,729.6484822671868,709.1513671875,940565
2024-12-24,711.4939606345911,708.809814453125,792904
2024-12-26,708.809766916672,706.6136474609375,523582
2024-12-27,712.5187803767924,732.57666015625,1034470
2024-12-30,733.2599272554465,736.2368774414062,645351
2024-12-31,728.1356318071222,741.1171264648438,482066
2025-01-01,734.0407784118238,712.8604125976562,1241318
2025-01-02,711.1035229491264,711.9819946289062,1595191
2025-01-03,713.4948367890439,703.8807373046875,1327182
2025-01-06,708.6145777932976,681.0410766601562,776227
2025-01-07,681.5290724765168,697.6827392578125,550218
2025-01-08,698.8540124600316,688.5078735351562,648590
2025-01-09,688.507881170416,676.5023803710938,243903
2025-01-10,680.3090264831584,663.0816650390625,457544
2025-01-13,661.715243550504,636.1426391601562,646336
2025-01-14,639.3147625283805,654.7363891601562,1028887
2025-01-15,659.8118788019465,657.0301513671875,599629
2025-01-16,659.8119019979162,671.1340942382812,738353
2025-01-17,671.1341038524178,674.9407348632812,1041143
2025-01-20,683.2371684791004,691.0455932617188,1534764
2025-01-21,693.1441305797174,675.2335205078125,825903
2025-01-22,673.9646878256394,669.5724487304688,572090
2025-01-23,665.570661639948,674.4039306640625,367970
2025-01-24,673.3790344233605,666.3514404296875,254312
2025-01-27,663.8137401622334,657.9086303710938,645450
2025-01-28,663.6185760860391,647.074462890625,1315871
2025-01-29,649.0753327168092,651.4666748046875,868154
2025-01-30,658.6405942128384,638.0458984375,701511
2025-01-31,638.1923216290072,651.710693359375,548361
2025-02-01,658.8358433313389,644.8782958984375,709385
2025-02-03,639.3147751495117,632.7752075195312,715089
2025-02-04,634.4345031861345,647.7088012695312,769295
2025-02-05,652.9795496657771,657.322998046875,348081
2025-02-06,657.3229968143543,651.0762329101562,218332
2025-02-07,645.1711099160838,653.2723388671875,428131
2025-02-10,649.1729091886053,633.7512817382812,319444
2025-02-11,632.04314499869,605.787353515625,520336
2025-02-12,600.4678609079249,601.6879272460938,580938
2025-02-13,597.5397417268399,596.7589111328125,363701
2025-02-14,595.3924355600697,592.757080078125,415632
2025-02-17,584.6558584429413,594.2699584960938,755324
2025-02-18,588.0720119027736,584.265380859375,165183
2025-02-19,578.0186864785634,586.4127197265625,190817
2025-02-20,584.7046549471166,590.5609741210938,309864
2025-02-21,593.3426846767667,584.216552734375,743811
2025-02-24,579.7755899115303,590.7073974609375,593713
2025-02-25,591.4393963125251,564.0122680664062,2623068
2025-02-27,563.1826682026687,561.0353393554688,2214435
2025-02-28,552.0067997891199,563.8170776367188,492841
2025-03-03,566.1595667497115,564.8419189453125,362970
2025-03-04,562.7922076287539,578.4090576171875,425196
2025-03-05,573.9192380529031,588.6088256835938,939034
2025-03-06,600.0774436100228,591.6834106445312,377503
2025-03-07,593.3914963031464,614.5230102539062,608823
2025-03-10,619.354498393481,607.739501953125,607679
2025-03-11,606.6170406414668,598.1253662109375,266841
2025-03-12,598.1253430243643,587.9744262695312,201070
2025-03-13,590.3169159259621,587.3399658203125,154831
2025-03-17,588.560044542491,610.521240234375,512839
2025-03-18,610.521240234375,610.521240234375,0
2025-03-19,629.6518297187506,644.2438354492188,337633
2025-03-20,645.3663261383111,660.2999267578125,482798
2025-03-21,660.7391329461606,659.4702758789062,412119
2025-03-24,659.4703439055187,668.8892211914062,358866
2025-03-25,678.356936406588,663.813720703125,311666
2025-03-26,678.0641549152585,654.590087890625,220885
2025-03-27,653.9556115458853,650.9298706054688,266519
2025-03-28,651.5642983424491,653.4188232421875,193798
2025-04-01,650.8322390869607,647.46484375,169914
2025-04-02,647.1232021285248,654.8340454101562,206213
2025-04-03,645.171102749661,663.6185302734375,341888
2025-04-04,662.2520891743793,648.1968994140625,244072
2025-04-07,600.2726669219895,631.8479614257812,652588
2025-04-08,639.1195937691311,644.2926635742188,252153
2025-04-09,643.6094665728964,641.1204833984375,239240
2025-04-11,648.0992955868961,636.3866577148438,427585
2025-04-15,649.0753489764043,650.5394287109375,408789
2025-04-16,651.613090974603,680.6995239257812,1005234
2025-04-17,686.6045529415645,694.5105590820312,774073
2025-04-21,700.8061515385899,722.2305297851562,528465
2025-04-22,731.063807315028,722.0841064453125,262679
2025-04-23,728.1356463490915,727.06201171875,490362
2025-04-24,732.0398255995725,691.6800537109375,1235577
2025-04-25,694.9010180473447,705.8328247070312,1109864
2025-04-28,709.590599822054,709.5418090820312,292218
2025-04-29,712.518763583584,691.6800537109375,598251
2025-04-30,688.1661816125169,698.0243530273438,664251
2025-05-02,704.7103408823313,704.8079223632812,258293
2025-05-05,706.9552404326297,698.0731811523438,539007
2025-05-06,698.0732235589717,686.5069580078125,246890
2025-05-07,678.3568844105785,700.9036865234375,208281
2025-05-08,701.7821692572538,695.7794189453125,606965
2025-05-09,674.9895258386416,690.7528076171875,247892
2025-05-12,716.422988102355,710.9082641601562,307989
2025-05-13,712.4699668450053,703.2950439453125,204768
2025-05-14,710.5666623221074,723.5481567382812,454479
2025-05-15,727.1596226920723,725.5979614257812,299495
2025-05-16,732.039907862974,736.1393432617188,271095
2025-05-19,736.1392673391779,725.8419189453125,247043
2025-05-20,730.7710160929059,725.5003051757812,140331
2025-05-21,725.9882515702564,733.0646362304688,151115
2025-05-22,730.0877051436661,727.1595458984375,90754
2025-05-23,728.2332558554378,721.010498046875,296136
2025-05-26,725.9883001904667,737.5545654296875,212863
2025-05-27,741.8004020815505,756.489990234375,482834
2025-05-28,759.369327965398,749.41357421875,124298
2025-05-29,748.827969876673,760.8822021484375,218848
2025-05-30,765.2256617917533,769.2763061523438,235390
2025-06-02,769.3251369101835,772.8876953125,280101
2025-06-03,775.9622184691445,764.1031494140625,149421
2025-06-04,765.2256389619039,763.7127685546875,142169
2025-06-05,770.4963498487299,759.759765625,104247
2025-06-06,759.7597790305136,763.8103637695312,509557
2025-06-09,770.4963229063557,789.5293579101562,584647
2025-06-10,798.118653131358,792.50634765625,321681
2025-06-11,791.4814744845107,793.9703979492188,317340
2025-06-12,796.9473605685317,777.6215209960938,329745
2025-06-13,768.2514075603082,773.4733276367188,160545
2025-06-16,771.3260118216037,761.0774536132812,279210
2025-06-17,763.2735661411548,774.3517456054688,345617
2025-06-18,775.2790243300745,771.1307983398438,296023
2025-06-19,766.2017119849075,758.4420776367188,191631
2025-06-20,758.4421060111646,746.1438598632812,525429
2025-06-23,738.9697602813998,745.0213012695312,91174
2025-06-24,748.6327462689568,770.447509765625,368881
2025-06-25,776.4990299663955,765.5184326171875,173442
2025-06-26,773.0340870345113,771.5700073242188,214509
2025-06-27,774.9861430165163,770.398681640625,432438
2025-06-30,774.2541924430951,773.91259765625,180131
2025-07-01,774.2053311478312,772.3995971679688,154061
2025-07-02,775.2301751703328,789.8709716796875,439489
2025-07-03,792.6039822976186,795.5809326171875,333733
2025-07-04,797.435406425218,797.7282104492188,335965
2025-07-07,795.4833023866807,800.6563720703125,193965
2025-07-08,800.3635418663728,795.4832763671875,261036
2025-07-09,796.2153021625876,803.2916870117188,596214
2025-07-10,806.2198735536932,781.4281005859375,315600
2025-07-11,777.9861511010689,781.1331176757812,107314
2025-07-14,776.1668449522554,783.9359130859375,94599
2025-07-15,783.9358934384684,783.7391967773438,59825
2025-07-16,786.689456197442,798.1463012695312,166647
2025-07-17,801.4899839200285,805.128662109375,177827
2025-07-18,805.1286186221143,803.456787109375,130960
2025-07-21,796.5728624632437,799.5231323242188,144530
2025-07-22,801.4899823925874,785.36181640625,283702
2025-07-23,786.6403254892241,774.3475341796875,146623
2025-07-24,774.0524039001771,759.5961303710938,238154
2025-07-25,759.596160371955,761.7596435546875,265897
2025-07-28,761.4646694942256,751.9746704101562,164046
2025-07-29,751.3353778995472,735.7973022460938,277566
2025-07-30,747.3034239909423,726.7990112304688,382664
2025-07-31,726.749824613722,739.4851684570312,716582
2025-08-01,739.4852004943729,728.0774536132812,191651
2025-08-04,731.6669328020835,744.6481323242188,82441
2025-08-05,744.7464568622313,744.4022827148438,115005
2025-08-06,742.3370173608026,731.9619140625,58920
2025-08-07,731.9619607203103,729.6509399414062,147204
2025-08-08,728.5691206744488,731.32275390625,79781
2025-08-11,730.2409764758307,741.4520263671875,515783
2025-08-12,741.3045188913331,730.6343994140625,125462
2025-08-13,732.4044799429705,739.1901245117188,94881
2025-08-14,732.8470100473231,746.3690795898438,363612
2025-08-18,753.3022014233306,746.3690795898438,143259
2025-08-19,746.3690839262011,755.3673706054688,102197
2025-08-20,755.3674380703683,767.1685180664062,988760
2025-08-21,774.8883770810806,769.1353149414062,110420
2025-08-22,774.6916698766785,756.9900512695312,85209
2025-08-25,758.1210036731098,754.4331665039062,167084
2025-08-26,752.1221163235049,727.585693359375,294477
2025-08-28,727.5857178833917,713.6211547851562,116881
2025-08-29,712.9818600613132,705.7537231445312,180341
2025-09-01,705.7537283234971,707.9664306640625,136681
2025-09-02,713.7194716124903,742.6321411132812,220456
2025-09-03,740.6160829734973,751.9746704101562,87410
2025-09-04,755.711590850708,743.8121337890625,140967
2025-09-05,745.0414823404254,742.0420532226562,122464
2025-09-08,738.5999939360007,733.535400390625,51109
2025-09-09,735.4038881141457,730.3392944335938,43379
2025-09-10,730.6834664475141,728.4707641601562,55694
2025-09-11,728.0282210132785,728.569091796875,142703
2025-09-12,728.7166755886682,733.9779663085938,132733
2025-09-15,733.9779649913324,739.829345703125,100413
2025-09-16,739.8293155419782,764.2182006835938,406224
2025-09-17,767.0701842107898,767.3160400390625,105521
2025-09-18,769.0370039461184,762.1038818359375,53361
2025-09-19,765.1033514201323,760.9729614257812,158742
2025-09-22,757.2359153508714,758.6127319335938,84209
2025-09-23,757.2359255610436,767.3651733398438,166824
2025-09-24,774.9375718845428,764.8574829101562,265849
2025-09-25,762.4480445865823,749.9585571289062,78039
2025-09-26,751.7288127241252,731.2735595703125,199239
2025-09-29,732.1586067092259,738.4033203125,180734
2025-09-30,738.4033317285914,750.5486450195312,96396
2025-10-01,750.9912550828674,769.9713134765625,274998
2025-10-03,771.0038153831314,776.5601806640625,1064428
2025-10-06,771.9873067685259,790.2297973632812,491738
2025-10-07,791.1640169913503,791.0164794921875,174773
2025-10-08,787.0336669086342,780.2972412109375,167859
2025-10-09,782.2640942816928,776.6585693359375,81359
2025-10-10,777.0027206192638,780.4447021484375,185373
2025-10-13,773.8065855533023,788.0662231445312,247299
2025-10-14,782.8048992958797,771.9872436523438,197396
2025-10-15,773.9541778110681,789.2463989257812,150466
2025-10-16,789.1971291817389,791.213134765625,170760
2025-10-17,791.2131605601995,787.7711791992188,88912
2025-10-20,805.4728236042379,824.452880859375,1683183
2025-10-21,831.0418380493522,830.4026489257812,185015
2025-10-23,835.9098404824849,839.2042846679688,439104
2025-10-24,846.3832541927366,834.1887817382812,276523
2025-10-27,839.5484123550684,841.5152587890625,109914
2025-10-28,845.1539864822619,850.6611328125,234913
2025-10-29,855.28329992977,848.5468139648438,322194
2025-10-30,852.0379421331379,860.1511840820312,389000
2025-10-31,859.511980795059,853.5131225585938,284189
2025-11-03,852.1362895099581,850.2677612304688,138110
2025-11-04,847.858374651097,847.3174438476562,136342
2025-11-06,847.3174736214964,863.05224609375,422957
2025-11-07,862.4622480147202,866.1500854492188,286361
2025-11-10,863.4456208105383,867.1826171875,138927
2025-11-11,865.4124918189854,880.7047119140625,388693
2025-11-12,883.6058491241607,869.5429077148438,264455
2025-11-13,869.2970253986892,850.7594604492188,381345
2025-11-14,845.793223680226,869.9854736328125,278844
2025-11-17,870.3295898527623,878.0494384765625,662644
2025-11-18,881.8356980454312,891.7682495117188,843426
2025-11-19,888.8179625371547,875.541748046875,359195
2025-11-20,879.1804349087319,866.9859619140625,364169
2025-11-21,866.3959225247002,870.2804565429688,370229
2025-11-24,875.2467237484555,875.4434204101562,288040
2025-11-25,875.4434205566627,868.6577758789062,80375
2025-11-26,871.3130265084021,875.0991821289062,201907
2025-11-27,875.000863863376,870.7721557617188,151103
2025-11-28,873.7716190763105,869.8870849609375,71489
2025-12-01,876.1810128537209,894.226806640625,239823
2025-12-02,894.8659998148022,888.7196044921875,225016
2025-12-03,889.9980824965251,875.541748046875,604342
2025-12-04,868.4611127958082,877.951171875,141113
2025-12-05,875.295875555119,885.86767578125,195016
2025-12-08,886.7528071608007,897.865478515625,866927
2025-12-09,899.8814657615899,891.8173828125,270182
2025-12-10,892.8991907699651,887.2445068359375,139477
2025-12-11,889.4571854025208,890.0963745117188,167174
2025-12-12,894.6201832231563,900.2257080078125,158979
2025-12-15,903.765959153252,904.0609741210938,164025
2025-12-16,905.2411625214635,901.3566284179688,132578
2025-12-17,904.7494216487827,908.7814331054688,116861
2025-12-18,913.403563679211,908.1422729492188,149861
2025-12-19,896.7960409778815,928.1095581054688,296202
2025-12-22,925.4836385543324,932.5687866210938,156847
2025-12-23,931.5282650608392,920.7271118164062,82952
2025-12-24,920.7271461078051,938.46484375,132612
2025-12-26,936.433442029363,916.9615478515625,449654
2025-12-29,909.6782214365633,892.5845947265625,340639
2025-12-30,905.7144477625105,918.7947998046875,534712
2025-12-31,912.6510091030027,921.6189575195312,135805
2026-01-01,925.2358900541075,923.0062866210938,149358
2026-01-02,927.4159761561841,931.8751831054688,224170
2026-01-05,935.3929741327119,934.05517578125,288003
2026-01-06,937.4243401497398,941.1898803710938,203121
2026-01-07,940.3971692994679,918.1011352539062,114918
2026-01-08,921.2721257161952,887.0353393554688,175737
2026-01-09,886.8867111675032,883.6166381835938,177923
2026-01-12,883.6166145383013,879.85107421875,163627
2026-01-13,881.6347442134814,885.895751953125,119922
2026-01-14,886.5894111590477,909.1331787109375,160521
2026-01-15,909.1331787109375,909.1331787109375,0
2026-01-16,912.9978263859726,911.0655517578125,140738
2026-01-19,913.6419179940722,930.636474609375,573670
2026-01-20,935.4424842849976,906.804443359375,426293
2026-01-21,904.228051156614,890.206298828125,213582
2026-01-22,894.7646118662782,904.22802734375,127843
2026-01-23,904.2280430419852,889.9585571289062,119053
2026-01-27,889.9585677370314,883.4679565429688,159947
2026-01-28,880.2473948731995,897.4896850585938,123740
2026-01-29,891.841376361109,892.4359130859375,93485
2026-01-30,887.9766750990981,923.9971923828125,227057
2026-02-02,905.714428589034,901.552490234375,1019196
2026-02-03,947.3337231104688,920.6775512695312,178718
2026-02-04,921.5694202034614,928.3572998046875,140074
2026-02-05,925.037673679003,928.90234375,103461
2026-02-06,928.6546365386268,919.8848266601562,150322
2026-02-09,941.3385699991887,941.5863037109375,221134
2026-02-10,943.4690571763132,907.5476684570312,254366
2026-02-11,907.8945120803804,890.6522216796875,267577
2026-02-12,895.8051173071763,880.3465576171875,144485
2026-02-13,876.7791329241251,876.234130859375,240309
2026-02-16,871.7254019379616,895.557373046875,99446
2026-02-17,897.539218978566,891.7918090820312,69401
2026-02-18,893.0800505850968,896.399658203125,96743
2026-02-19,900.7598066697269,881.1888427734375,59300
2026-02-20,877.9682888704251,877.6710205078125,114229
2026-02-23,886.2921285930265,899.2238159179688,136550
2026-02-24,891.841364668213,875.7882080078125,101943
2026-02-25,882.9229375393256,880.2969360351562,53569
2026-02-26,883.913902859005,878.959228515625,75489
2026-02-27,878.9591897420414,835.7544555664062,296773
2026-03-02,820.4940643423771,813.9539184570312,171930
2026-03-04,798.6439284322972,804.9363403320312,204082
2026-03-05,807.5128430743126,819.304931640625,83188
2026-03-06,815.4403378513342,819.8004150390625,84721
2026-03-09,811.5756311244385,805.7786865234375,154884
2026-03-10,811.5261303803993,847.0015869140625,94678
2026-03-11,854.9290330373616,858.1000366210938,119324
2026-03-12,857.5054546840397,864.6401977539062,142674
2026-03-13,856.167724738416,812.2197875976562,205515
2026-03-16,813.6565861381733,832.7816772460938,214400
2026-03-17,842.2946108547126,820.5435791015625,172915
2026-03-18,827.1828923929537,834.218505859375,486539
2026-03-19,827.430608899363,819.6517944335938,105500
2026-03-20,830.353854543374,812.8638305664062,199359
2026-03-23,802.6572375445497,813.6070556640625,146080
2026-03-24,834.3671130419644,824.1109619140625,105586
2026-03-25,828.0747400249245,825.6964721679688,118139
2026-03-27,823.1695899634507,814.3997802734375,154029
2026-03-30,797.702552457061,784.8699340820312,128471
2026-04-01,792.7974171343977,806.9677734375,121726
2026-04-02,804.5895852234818,815.1430053710938,90752
2026-04-06,807.0173518949317,806.8191528320312,144783
2026-04-07,805.6300253722969,810.43603515625,133563
2026-04-08,832.2861987171921,827.5296630859375,117450
2026-04-09,824.5073147197246,833.6734619140625,145847
2026-04-10,826.4396715551765,835.1103515625,90584
2026-04-13,818.8094610523591,835.1103515625,178113
2026-04-15,851.8075637483632,849.3798217773438,140522
2026-04-16,856.5641029559574,851.0148315429688,478307
2026-04-17,849.3302534880531,860.8251342773438,110770
2026-04-20,847.2988004487153,862.7078247070312,145897
2026-04-21,872.02264355454,878.0673217773438,451344
2026-04-22,881.9320112639737,904.0298461914062,238607
2026-04-23,894.814192173106,891.6431884765625,175530
2026-04-24,894.8141633103816,901.3543090820312,262360
2026-04-27,900.9579634379959,907.1513061523438,493783
2026-04-28,908.6377058836872,875.292724609375,316573
2026-04-29,878.4637624807881,863.8474731445312,170367
2026-04-30,866.077051938114,857.4063720703125,149292
2026-05-01,857.4063720703125,857.4063720703125,0
2026-05-04,868.0589431447818,888.3731079101562,212600
2026-05-05,891.8413841177654,866.5230102539062,121455
2026-05-06,875.9864194241667,895.1114501953125,183047
2026-05-07,900.4625292653085,878.2655639648438,126836
2026-05-08,881.9320023035906,871.5767211914062,169606
2026-05-11,867.067998574205,847.5465698242188,157983
2026-05-12,848.3393135370854,824.3091430664062,220445
2026-05-13,828.7683548392516,819.8995361328125,182866
2026-05-14,827.3315272869569,835.5562744140625,95384
2026-05-15,838.3308872092855,841.8486938476562,120130
2026-05-18,838.4299751674072,835.6058349609375,188275
2026-05-19,835.6058052440591,830.8988647460938,94281
2026-05-20,830.4033973252552,830.8988647460938,62118
2026-05-21,838.3308648292972,837.736328125,78658
2026-05-22,845.7628636607865,844.9205932617188,75633
2026-05-25,837.2904158762426,830.7998046875,445592
2026-05-26,831.3943289902202,831.9393310546875,153680
2026-05-27,831.4438481275163,825.399169921875,105466
2026-05-28,825.399169921875,825.399169921875,0
2026-05-29,825.4982927058242,822.129150390625,135727
2026-06-01,822.1290937531361,829.4619750976562,195938
2026-06-02,825.3000943411647,821.7822875976562,109329
2026-06-03,817.5212781909453,810.7333984375,114394
2026-06-04,809.3955960036538,809.0983276367188,323610
2026-06-05,809.0983095098044,800.5762939453125,161813
2026-06-08,797.7025328606901,815.2916259765625,326243
2026-06-09,820.3949783418368,819.5031127929688,279605
2026-06-10,820.4445189180378,838.2318115234375,297828
2026-06-11,838.2318154072677,836.844482421875,246766
2026-06-12,840.3127372650602,854.4830932617188,313967
2026-06-15,864.0951673912415,856.5640869140625,147272
2026-06-16,866.0770725122369,862.21240234375,87342
2026-06-17,860.1314785028594,871.7749633789062,111341
2026-06-18,871.7749431555293,875.6891479492188,129111
2026-06-19,871.3290138835712,877.3241577148438,109890
2026-06-22,879.9501651108994,884.310302734375,352822
2026-06-23,886.8866981472585,879.0582885742188,125533
2026-06-24,878.6619141141126,876.7791137695312,86746
2026-06-25,882.0311136542088,878.16650390625,102753
2026-06-26,878.16650390625,878.16650390625,0
2026-06-29,874.9954503914217,829.709716796875,938232
2026-06-30,837.9840742745532,860.0819091796875,1683384
2026-07-01,862.0637628225202,874.351318359375,171784
2026-07-02,878.2655403115594,874.5,281595
2026-07-03,883.0,900.0999755859375,682419
2026-07-06,906.0,918.7999877929688,282244
2026-07-07,924.7999877929688,909.7999877929688,332927
2026-07-08,912.7999877929688,892.2999877929688,386342
2026-07-09,892.9000244140625,916.0999755859375,258927
2026-07-10,919.7000122070312,921.5,241682
2026-07-13,920.25,933.25,326061
2026-07-14,931.2000122070312,898.0499877929688,170881
2026-07-15,904.0,904.9000244140625,143755
2026-07-16,911.0,904.4000244140625,73728
2026-07-17,910.8499755859375,889.4500122070312,196616
2026-07-20,895.0,857.1500244140625,575212
2026-07-21,861.0,832.5,373649
2026-07-22,833.0,819.7999877929688,567698
2026-07-23,819.7999877929688,818.5499877929688,232930
2026-07-24,819.0,813.9000244140625,317704
2026-07-27,818.7000122070312,812.7999877929688,373838
2026-07-28,818.4000244140625,817.0499877929688,102004
2026-07-29,821.0,822.1500244140625,280514
2026-07-30,824.0,816.2999877929688,109862
2026-07-31,818.9000244140625,820.5999755859375,77685
2026-08-03,824.5999755859375,817.0,287473
2026-08-04,823.0,809.7999877929688,202140
2026-08-05,816.0,811.5,302767
2026-08-06,813.5,808.25,154598
2026-08-07,808.25,811.2999877929688,114033
2026-08-10,811.5,820.2999877929688,293966
2026-08-11,827.0,825.9000244140625,149920
2026-08-12,826.0,821.9500122070312,89754
2026-08-13,823.7999877929688,821.8499755859375,100011
2026-08-14,822.0,820.7999877929688,90795
2026-08-17,824.9500122070312,814.3499755859375,146934
2026-08-18,814.3499755859375,824.1500244140625,151032
2026-08-19,818.8499755859375,817.6500244140625,136451
2026-08-20,821.4000244140625,842.9000244140625,431403
2026-08-21,852.0,830.4500122070312,199581
2026-08-24,831.2999877929688,810.0999755859375,177854
2026-08-25,812.0,805.4000244140625,173234
2026-08-26,808.7000122070312,802.75,365074
2026-08-27,802.0,803.7999877929688,131463
2026-08-28,804.7000122070312,815.5,225609
2026-08-31,805.0,795.2999877929688,388045
2026-09-01,796.4000244140625,793.4000244140625,210620
2026-09-02,786.5,795.2999877929688,171636
2026-09-03,804.0,804.9500122070312,245608
2026-09-04,808.0,807.4000244140625,222474
2026-09-07,805.7999877929688,805.4500122070312,378816
2026-09-08,805.4500122070312,797.5999755859375,328192
2026-09-09,797.5999755859375,786.9000244140625,225807
2026-09-10,788.9000244140625,782.2000122070312,196858
2026-09-11,781.2999877929688,779.75,407215
2026-09-15,776.2000122070312,784.7999877929688,203614
2026-09-16,790.0,771.9500122070312,289578
2026-09-17,773.0999755859375,774.4000244140625,186251
2026-09-18,777.5999755859375,778.5,539763
2026-09-21,781.0,769.9000244140625,290056
2026-09-22,770.0,759.5499877929688,339027
