Date,Open,Close,Volume
2018-01-01,3555.344073162856,3508.423095703125,2372
2018-01-02,3566.1790762723012,3556.615966796875,2071
2018-01-03,3565.801790151672,3513.039306640625,7852
2018-01-04,3519.776467508579,3539.09130859375,54316
2018-01-05,3570.8897720809346,3574.28173828125,2848
2018-01-08,3580.3117259838127,3504.371337890625,11049
2018-01-09,3506.820893470277,3573.574951171875,7534
2018-01-10,3557.2758385020034,3515.20703125,3094
2018-01-11,3552.046317581073,3573.33984375,4948
2018-01-12,3570.890098576229,3557.982177734375,36885
2018-01-15,3558.6414253406583,3537.347900390625,2341
2018-01-16,3537.3479960820127,3518.69287109375,2251
2018-01-17,3561.467892404855,3499.471923828125,2777
2018-01-18,3533.202383219833,3428.666748046875,32413
2018-01-19,3455.0011055297687,3417.737548828125,4898
2018-01-22,3417.737414657531,3416.1357421875,2445
2018-01-23,3415.428956841783,3423.673095703125,2917
2018-01-24,3415.0523901368874,3408.97509765625,2579
2018-01-25,3408.9749448185703,3376.469482421875,10295
2018-01-29,3428.619395093019,3378.82470703125,9774
2018-01-30,3332.5166262396674,3329.548828125,10855
2018-01-31,3319.326290841189,3272.07568359375,24709
2018-02-01,3251.676571393105,3238.06201171875,11853
2018-02-02,3175.265729808879,3148.036376953125,46601
2018-02-05,3026.070204266673,3038.271484375,13629
2018-02-06,2939.624396427773,2968.926513671875,8980
2018-02-07,2973.543160283496,3073.744873046875,6600
2018-02-08,3108.275982583158,3140.5458984375,3222
2018-02-09,3109.2178920231845,3185.06396484375,21923
2018-02-12,3272.2167647456745,3206.593505859375,21799
2018-02-14,3207.5825019405106,3168.152099609375,12377
2018-02-15,3169.659146719122,3271.3212890625,7974
2018-02-16,3223.222648465754,3191.423828125,10535
2018-02-19,3194.957069122807,3201.976318359375,3009
2018-02-20,3165.702391228727,3156.280517578125,12580
2018-02-21,3133.7149925643453,3082.884033203125,2360
2018-02-22,3082.883838761639,3038.648193359375,1695
2018-02-23,3017.8261040617313,3048.54150390625,3443
2018-02-26,3030.121627205236,3009.157958984375,7114
2018-02-27,3007.4620534043756,3128.909912109375,5738
2018-02-28,3142.100177739663,3165.278076171875,20008
2018-03-01,3226.991629567521,3179.364013671875,7186
2018-03-05,3212.8587058544836,3108.228759765625,6089
2018-03-06,3137.483806162581,3101.350830078125,8209
2018-03-07,3085.663588630611,3015.56494140625,42097
2018-03-08,3024.4210785438504,3014.48095703125,16096
2018-03-09,3014.9996394686864,2963.603271484375,17024
2018-03-12,3029.1321460587733,2999.594482421875,13195
2018-03-13,3043.265034399867,3019.2392578125,6080
2018-03-14,3005.5773829629434,3068.609619140625,5532
2018-03-15,3090.3747697849517,3108.323486328125,37381
2018-03-16,3119.441108227384,3095.933349609375,14891
2018-03-19,3095.085377395957,3098.712890625,12651
2018-03-20,3090.374246305299,3100.1259765625,12351
2018-03-21,3048.306012226356,3095.886474609375,16350
2018-03-22,3100.503242403282,3038.88427734375,23083
2018-03-23,2967.889833627601,3018.626708984375,15705
2018-03-26,2990.3143294599804,3077.3251953125,12821
2018-03-27,3091.3166978560666,3232.032470703125,17088
2018-03-28,3158.306408921589,3256.058349609375,31373
2018-04-02,3223.222792026803,3169.753662109375,25274
2018-04-03,3169.4711141205235,3137.7666015625,4107
2018-04-04,3151.428313700886,3190.48193359375,7015
2018-04-05,3247.672445030429,3175.1240234375,2069
2018-04-06,3198.5378489591294,3144.644775390625,2297
2018-04-09,3153.3598481492745,3136.5888671875,4223
2018-04-10,3154.4430211801505,3067.66748046875,4282
2018-04-11,3086.605758955039,3217.899658203125,7556
2018-04-12,3248.6620210127444,3151.286865234375,12704
2018-04-13,3161.038340198178,3101.82177734375,3172
2018-04-16,3095.085516931363,3048.777099609375,4265
2018-04-17,3069.646441489012,3022.584228515625,14739
2018-04-18,3040.39136502105,3012.408447265625,4991
2018-04-19,3016.130258642394,2995.35498046875,24680
2018-04-20,2996.720897783221,2994.1298828125,4352
2018-04-23,2994.130046262474,2960.3525390625,4415
2018-04-24,3004.3523836819495,2928.553466796875,19484
2018-04-25,2953.757274085632,3015.658935546875,6256
2018-04-26,3024.4215083928034,3014.8583984375,5735
2018-04-27,3014.9051548190305,3030.074462890625,2744
2018-04-30,3046.0915650307293,2983.059326171875,2709
2018-05-02,3013.1149242599095,3047.64599609375,24448
2018-05-03,3047.6460687673625,2920.639404296875,42332
2018-05-04,2919.838738355632,2865.80419921875,10089
2018-05-07,2886.862051022216,2825.619873046875,32260
2018-05-08,2829.388295113051,2880.501953125,5745
2018-05-09,2883.093082497827,2843.85107421875,7531
2018-05-10,2881.208744931066,2787.555419921875,19146
2018-05-11,2789.910719941228,2800.416015625,7064
2018-05-14,2806.6346825201217,2766.968505859375,3687
2018-05-15,2771.0670309041548,2737.90185546875,2566
2018-05-16,2732.2959459114586,2773.18701171875,7602
2018-05-17,2774.741842126249,2746.005126953125,21874
2018-05-18,2779.4527523607308,2737.195556640625,5326
2018-05-21,2769.983134319555,2676.047119140625,14901
2018-05-22,2647.593513674185,2687.636474609375,2588
2018-05-23,2712.5575207473084,2723.86376953125,4767
2018-05-24,2732.390235600549,2686.03466796875,15548
2018-05-25,2713.4524288494486,2703.700927734375,3682
2018-05-28,2673.0796910413183,2697.387939453125,7992
2018-05-29,2721.037133835661,2715.7138671875,9094
2018-05-30,2685.375026069938,2689.4736328125,5173
2018-05-31,2657.910177547797,2644.3427734375,8645
2018-06-01,2678.732880761174,2655.79052734375,3346
2018-06-04,2685.233952512301,2642.7412109375,3656
2018-06-05,2656.9212257247664,2632.0947265625,3807
2018-06-06,2641.893581030542,2660.125,7170
2018-06-07,2650.3727347909553,2714.959716796875,7286
2018-06-08,2729.516648666665,2657.015380859375,2620
2018-06-11,2643.7775956720848,2682.642822265625,3588
2018-06-12,2680.80550079984,2716.043212890625,9154
2018-06-13,2719.2465385655905,2735.499267578125,18590
2018-06-14,2743.696663160625,2721.74365234375,50135
2018-06-15,2721.743911181654,2746.759033203125,8761
2018-06-18,2747.2295361505385,2730.976806640625,7226
2018-06-19,2717.3158565639715,2717.975341796875,6871
2018-06-20,2694.6555874279125,2683.961669921875,5875
2018-06-21,2675.7648205786595,2678.214599609375,3388
2018-06-22,2678.026226662623,2717.64501953125,10085
2018-06-25,2704.0776586882102,2694.325927734375,3015
2018-06-26,2707.752228715033,2656.780029296875,20515
2018-06-27,2628.797362856646,2613.48681640625,5678
2018-06-28,2608.9168353655314,2625.593505859375,1716
2018-06-29,2628.7025368490285,2618.8095703125,14909
2018-07-02,2605.7133197462886,2616.972412109375,3629
2018-07-03,2630.021493794882,2616.17138671875,5537
2018-07-04,2613.439399754701,2577.871826171875,1782
2018-07-05,2579.3787568327944,2564.2568359375,1051
2018-07-06,2544.9422748374927,2557.1435546875,10500
2018-07-09,2557.1434340635014,2620.599609375,6939
2018-07-10,2638.030652920754,2632.283447265625,4918
2018-07-11,2632.2829762167503,2598.9765625,14236
2018-07-12,2591.9576909761768,2587.341064453125,6691
2018-07-13,2600.2016034217577,2635.015380859375,4988
2018-07-16,2572.171254832853,2534.625,19782
2018-07-17,2545.789881880736,2590.1669921875,6759
2018-07-18,2591.062457133146,2550.17138671875,3862
2018-07-19,2543.9059079814465,2542.257080078125,8142
2018-07-20,2553.328099487856,2519.7861328125,2223
2018-07-23,2519.7859161637007,2543.906005859375,14350
2018-07-24,2525.2505203597575,2496.937744140625,7572
2018-07-25,2542.9634923232347,2507.772705078125,3870
2018-07-26,2496.796418914996,2543.575927734375,5240
2018-07-27,2543.57609831745,2534.24853515625,10479
2018-07-30,2554.2698046607065,2574.856689453125,6559
2018-07-31,2587.246414395415,2539.147705078125,5050
2018-08-01,2545.836981805444,2606.136962890625,16590
2018-08-02,2644.672802228643,2640.904052734375,12131
2018-08-03,2648.4886201820364,2772.95166015625,14002
2018-08-06,2920.7808708382527,2912.11279296875,36279
2018-08-07,2911.3589729510036,2919.79150390625,16299
2018-08-08,2919.83866566444,2874.142578125,7489
2018-08-09,2864.3438559969927,2767.910888671875,66605
2018-08-10,2767.910948239356,2662.7158203125,10006
2018-08-13,2666.3902041643128,2634.4970703125,4405
2018-08-14,2649.495114910771,2637.998291015625,4987
2018-08-16,2640.080082763236,2577.8642578125,14545
2018-08-17,2577.8640206578475,2555.532470703125,6531
2018-08-20,2575.6402071396533,2571.61865234375,12624
2018-08-21,2602.1826032344716,2646.987548828125,18107
2018-08-23,2647.6029656345895,2623.331787109375,11481
2018-08-24,2648.548997582139,2590.260009765625,10407
2018-08-27,2610.982825433612,2586.38037109375,17161
2018-08-28,2587.0427764664637,2588.367431640625,18623
2018-08-29,2602.750481980524,2585.8125,4840
2018-08-30,2560.547546615787,2587.326416015625,5238
2018-08-31,2602.1826564068774,2591.77392578125,9927
2018-09-03,2612.54386477907,2571.003662109375,4795
2018-09-04,2571.0037372818842,2567.029541015625,4967
2018-09-05,2552.0315012260116,2524.0224609375,4890
2018-09-06,2524.5901062138,2519.243896484375,3509
2018-09-07,2518.9127564159558,2528.18603515625,14596
2018-09-10,2507.5579163701395,2503.110595703125,7386
2018-09-11,2503.11021639221,2449.31591796875,3690
2018-09-12,2460.245437510145,2427.93115234375,5174
2018-09-14,2439.9956361344703,2440.705322265625,4357
2018-09-17,2436.5892023616007,2433.040771484375,5547
2018-09-18,2436.5891530538074,2437.67724609375,3956
2018-09-19,2424.2884154493204,2443.2607421875,5200
2018-09-21,2455.5140593618785,2402.429443359375,9291
2018-09-24,2412.9332803532575,2451.16162109375,8692
2018-09-25,2470.7960972069745,2441.1787109375,11300
2018-09-26,2423.010286596399,2463.13134765625,2834
2018-09-27,2450.8776202602007,2483.428466796875,6682
2018-09-28,2437.535522336279,2429.1611328125,34315
2018-10-01,2429.2555139733963,2348.02001953125,35311
2018-10-03,2318.308445883623,2320.48486328125,2099
2018-10-04,2341.9646181104363,2319.5859375,4366
2018-10-05,2320.200641877091,2319.112548828125,1456
2018-10-08,2286.1358757294192,2311.779296875,4146
2018-10-09,2332.596674339092,2326.871826171875,1995
2018-10-10,2332.502004974276,2333.82666015625,2666
2018-10-11,2333.447759478615,2333.636962890625,2132
2018-10-12,2327.77068052095,2326.11474609375,2269
2018-10-15,2350.4807812340614,2323.607421875,3229
2018-10-16,2354.2657945494625,2290.29931640625,20746
2018-10-17,2296.355058301689,2281.215087890625,3341
2018-10-19,2288.0283097195756,2276.57861328125,2183
2018-10-22,2270.0496336886326,2299.951171875,7755
2018-10-23,2252.259884891674,2238.066162109375,3268
2018-10-24,2238.066646051014,2220.98681640625,2379
2018-10-25,2254.294295474014,2194.6806640625,5181
2018-10-26,2205.2785746072655,2188.530029296875,4250
2018-10-29,2190.5647125816986,2270.23876953125,4002
2018-10-30,2297.4433271235603,2251.5029296875,3307
2018-10-31,2251.550712804523,2340.923828125,4122
2018-11-01,2359.6593137585423,2317.50390625,39168
2018-11-02,2317.50390625,2317.50390625,34738
2018-11-05,2284.2432511682373,2291.860595703125,5832
2018-11-06,2324.9320484397294,2272.13134765625,7222
2018-11-07,2278.5658289329467,2293.611083984375,867
2018-11-09,2309.7921779450335,2263.000244140625,33113
2018-11-12,2248.3807946423567,2252.7333984375,29250
2018-11-13,2244.5007017498547,2271.9892578125,3103
2018-11-14,2295.597951562339,2296.78076171875,4398
2018-11-15,2295.7873285884307,2300.802490234375,4476
2018-11-16,2326.8244541210283,2337.94287109375,9326
2018-11-19,2318.3084144059612,2297.065185546875,3728
2018-11-20,2302.221796278347,2276.673095703125,2033
2018-11-21,2272.9354832076533,2282.82373046875,1706
2018-11-22,2283.3916460034025,2273.172119140625,2175
2018-11-26,2299.3832270794246,2275.1591796875,6095
2018-11-27,2270.99549883841,2291.103271484375,2680
2018-11-28,2271.9418947275876,2249.279296875,30685
2018-11-29,2226.5221250823815,2218.857421875,14746
2018-11-30,2219.141231515179,2233.00390625,4686
2018-12-03,2233.1458524449586,2224.156494140625,5320
2018-12-04,2204.8054716639735,2228.509033203125,2109
2018-12-05,2228.4147346365094,2227.13720703125,4152
2018-12-06,2241.6146765595563,2222.9736328125,2361
2018-12-07,2214.7412963390957,2211.003662109375,2477
2018-12-10,2195.390452940078,2174.525634765625,3818
2018-12-11,2185.738834372198,2175.8505859375,1888
2018-12-12,2207.597162430434,2207.407958984375,2056
2018-12-13,2207.4079620736397,2224.582275390625,2090
2018-12-14,2200.2162463116542,2226.853271484375,2216
2018-12-17,2225.7649789628954,2227.704833984375,1503
2018-12-18,2246.3930390074215,2223.068115234375,3704
2018-12-19,2216.1134079857466,2253.01708984375,3855
2018-12-20,2262.4793206756317,2314.854248046875,6571
2018-12-21,2309.129390408335,2292.096923828125,1795
2018-12-24,2289.92060231446,2288.595947265625,5377
2018-12-26,2247.339670974348,2248.99560546875,2715
2018-12-27,2253.6321492055686,2249.326904296875,2071
2018-12-28,2242.6080037534953,2233.429443359375,3388
2018-12-31,2233.4299729181403,2245.731201171875,2141
2019-01-01,2235.0385541100186,2240.242919921875,4377
2019-01-02,2270.9959637173115,2228.2255859375,3481
2019-01-03,2237.9719708526877,2250.46240234375,5976
2019-01-04,2261.4386273627892,2332.88037109375,16984
2019-01-07,2365.620160713002,2468.051513671875,15758
2019-01-08,2487.8281732670484,2517.161865234375,9562
2019-01-09,2549.192514626539,2484.421875,3952
2019-01-10,2468.619425736694,2469.565673828125,1793
2019-01-11,2464.882173085471,2398.9287109375,2923
2019-01-14,2398.7388934934465,2435.5478515625,4352
2019-01-15,2461.333386034661,2503.820068359375,5640
2019-01-16,2503.015921850531,2481.394287109375,6005
2019-01-17,2467.8153127936866,2470.701416015625,1932
2019-01-18,2515.45929110533,2539.588623046875,5067
2019-01-21,2539.5880940551046,2533.248046875,4568
2019-01-22,2512.383755399008,2421.212646484375,4321
2019-01-23,2421.4491178770418,2430.296630859375,3913
2019-01-24,2446.004052149911,2438.150146484375,2993
2019-01-25,2436.589141480951,2375.0830078125,4171
2019-01-28,2375.082813206075,2348.0673828125,2397
2019-01-29,2323.98566306311,2399.1650390625,10983
2019-01-30,2412.8855840127853,2347.073974609375,2693
2019-01-31,2375.083414713542,2299.383544921875,12543
2019-02-01,2318.3083894465426,2302.22216796875,6709
2019-02-04,2316.368531966223,2245.589111328125,4739
2019-02-05,2242.608091992756,2196.00537109375,8739
2019-02-06,2202.155873603609,2199.222412109375,5811
2019-02-07,2192.1735990268135,2226.664306640625,2672
2019-02-08,2223.872619834294,2185.596923828125,7768
2019-02-11,2223.6832176098983,2175.424560546875,4099
2019-02-12,2177.4116337121472,2087.612548828125,10610
2019-02-14,2083.6384651366807,2140.933837890625,2424
2019-02-15,2151.7210260284405,2113.91845703125,4102
2019-02-18,2119.5962021873556,2063.105224609375,2929
2019-02-19,2071.3373630507413,2045.0316162109375,4502
2019-02-20,2043.8959945015133,2083.260009765625,1636
2019-02-21,2083.212945148917,2073.088134765625,20521
2019-02-22,2073.0878397975207,2089.031982421875,1075
2019-02-25,2117.6560467307418,2191.98388671875,50553
2019-02-26,2176.370802355001,2197.756103515625,2637
2019-02-27,2222.7375158965665,2261.62841796875,5727
2019-02-28,2233.1456598485242,2276.199951171875,4990
2019-03-01,2261.770097876662,2337.28076171875,3373
2019-03-05,2365.5259281687595,2366.425048828125,10428
2019-03-06,2384.4980562758706,2361.93017578125,2480
2019-03-07,2365.620781732533,2431.952880859375,4075
2019-03-08,2459.299113971461,2432.047119140625,5771
2019-03-11,2427.0321965357543,2460.103759765625,23500
2019-03-12,2483.9014187634007,2462.5634765625,16044
2019-03-13,2462.6108998765026,2481.015380859375,14639
2019-03-14,2481.0630170079207,2470.27587890625,4832
2019-03-15,2470.417429371468,2491.897216796875,1979
2019-03-18,2492.4175673885393,2556.384033203125,16250
2019-03-19,2563.4809851697846,2552.835693359375,2472
2019-03-20,2573.7478908283615,2553.025146484375,48945
2019-03-22,2550.233819711577,2537.412109375,14563
2019-03-25,2502.874115576714,2510.6806640625,4262
2019-03-26,2545.407801666706,2507.79443359375,3016
2019-03-27,2543.515435201928,2527.713134765625,3361
2019-03-28,2509.4502330703167,2606.440673828125,10209
2019-04-01,2914.4447411155656,2838.792236328125,42622
2019-04-02,2838.8395001895647,2757.50927734375,3242
2019-04-03,2759.259590139408,2709.912841796875,51452
2019-04-04,2696.8076331549055,2634.97021484375,41274
2019-04-05,2655.0784221182885,2627.873779296875,1662
2019-04-08,2637.1937051863597,2746.816650390625,9693
2019-04-09,2703.146967509056,2725.478515625,2819
2019-04-10,2744.119837898446,2681.14697265625,9439
2019-04-11,2668.6566588788787,2598.870849609375,8145
2019-04-12,2595.5587145981162,2632.36767578125,6807
2019-04-15,2630.6173559541016,2657.254150390625,4425
2019-04-16,2668.3731017355453,2658.1064453125,1898
2019-04-18,2630.5703843535134,2649.2587890625,3003
2019-04-22,2668.3255552850164,2670.833251953125,3209
2019-04-23,2625.3181666199903,2694.346923828125,3145
2019-04-24,2675.989803516001,2705.56005859375,2002
2019-04-25,2696.902253683625,2695.056884765625,3713
2019-04-26,2696.854913091126,2689.56884765625,2896
2019-04-30,2696.807276741397,2649.447509765625,3532
2019-05-02,2676.9365886947885,2616.0927734375,2535
2019-05-03,2633.125033168368,2667.7578125,2016
2019-05-06,2640.647918778164,2662.648193359375,3842
2019-05-07,2662.7426771711916,2617.511962890625,1034
2019-05-08,2620.303261011849,2615.288330078125,2361
2019-05-09,2596.552846419648,2604.83251953125,1926
2019-05-10,2616.092569941197,2577.201904296875,3511
2019-05-13,2557.708854530771,2622.52685546875,2601
2019-05-14,2621.0604687794626,2687.156005859375,44519
2019-05-15,2704.3773530917783,2696.6181640625,10465
2019-05-16,2664.634541083742,2710.101806640625,3557
2019-05-17,2724.721993477784,2714.881103515625,2754
2019-05-20,2817.927354932415,2780.928955078125,8074
2019-05-21,2780.9289318647975,2763.281494140625,1705
2019-05-22,2790.4387065813967,2761.814697265625,8037
2019-05-23,2772.5071755499075,2667.284423828125,38912
2019-05-24,2649.4950543435025,2744.167236328125,39050
2019-05-27,2744.119611018269,2834.155029296875,19511
2019-05-28,2834.1557500964736,2890.55224609375,14758
2019-05-29,2889.842115347581,2840.63720703125,5922
2019-05-30,2840.6845703125,2840.6845703125,26620
2019-05-31,2840.589788958409,2845.037109375,3769
2019-06-03,2879.7646680157386,2829.471435546875,6837
2019-06-04,2838.74497761982,2784.52490234375,5687
2019-06-06,2784.524366074039,2822.7529296875,6551
2019-06-07,2855.7772345377334,2802.17236328125,3370
2019-06-10,2800.8949098947173,2872.052734375,7053
2019-06-11,2872.0525884843114,2880.04833984375,4680
2019-06-12,2875.648028544586,2809.83642578125,5374
2019-06-13,2814.2369613486762,2862.92138671875,2393
2019-06-14,2867.1324706336445,2847.78173828125,1313
2019-06-17,2829.2823912887657,2787.836669921875,14252
2019-06-18,2751.6894683094833,2768.95849609375,6743
2019-06-19,2746.0123388874463,2748.94580078125,1486
2019-06-20,2749.040468298851,2770.3310546875,2023
2019-06-21,2753.8662826896643,2789.539794921875,1784
2019-06-24,2781.97009388429,2807.518798828125,1687
2019-06-25,2819.7724736523805,2808.5595703125,4800
2019-06-26,2808.4173606204968,2862.0224609375,3081
2019-06-27,2857.669430996509,2846.314453125,3002
2019-06-28,2873.7558001719685,2821.617431640625,2825
2019-07-01,2855.6826691271594,2817.028564453125,1612
2019-07-02,2812.013083684548,2826.5380859375,1065
2019-07-03,2851.9918977800407,2828.4775390625,5489
2019-07-04,2839.6912368555313,2796.116455078125,1459
2019-07-05,2791.479402126488,2817.6904296875,1879
2019-07-08,2816.980836686353,2751.9736328125,5525
2019-07-09,2753.5824065596726,2745.302734375,7291
2019-07-10,2744.1196586980504,2744.6875,2416
2019-07-11,2791.4325521757373,2699.315185546875,15931
2019-07-12,2709.1537261958747,2733.345947265625,2251
2019-07-15,2730.541535542255,2593.3251953125,58062
2019-07-16,2593.1827818500497,2569.513427734375,6008
2019-07-17,2569.5136244677315,2599.64697265625,2034
2019-07-18,2604.5896443123856,2585.435546875,3611
2019-07-19,2585.435299547317,2555.634521484375,9673
2019-07-22,2555.6347621047626,2463.856201171875,8825
2019-07-23,2470.5577509598866,2422.93359375,10261
2019-07-24,2447.7441483084185,2416.375,5807
2019-07-25,2414.5690895538214,2422.411376953125,3405
2019-07-26,2422.4111551034975,2447.553955078125,1376
2019-07-29,2501.927216244954,2472.459228515625,1808
2019-07-30,2472.4590806180836,2512.62109375,4376
2019-07-31,2519.037582223744,2440.567138671875,14450
2019-08-01,2440.5671816312274,2371.6025390625,11870
2019-08-02,2326.069869014989,2303.77880859375,26011
2019-08-05,2244.3199450403226,2286.478271484375,13314
2019-08-06,2305.1569250916327,2354.491943359375,22076
2019-08-07,2357.5811479410554,2389.093017578125,1715
2019-08-08,2400.214794559835,2349.92919921875,2099
2019-08-09,2350.072129372572,2420.462646484375,1934
2019-08-13,2428.7323218195597,2374.4541015625,4173
2019-08-14,2309.957639373065,2341.13671875,6494
2019-08-16,2343.180481396133,2312.28662109375,6333
2019-08-19,2306.1072968770077,2328.255859375,3778
2019-08-20,2361.2408471237927,2323.7880859375,5587
2019-08-21,2305.1571506685978,2284.244384765625,2495
2019-08-22,2317.5148351076728,2266.421142578125,2966
2019-08-23,2266.183571624149,2273.2177734375,2511
2019-08-26,2309.909961951831,2274.69091796875,6092
2019-08-27,2252.8752548990137,2331.345703125,2558
2019-08-28,2370.6520451097317,2389.378662109375,1893
2019-08-29,2400.215003869681,2388.712890625,1494
2019-08-30,2353.1611147428403,2318.227294921875,5624
2019-09-03,2318.227679963445,2281.963134765625,3214
2019-09-04,2267.1338938173144,2282.20068359375,2322
2019-09-05,2282.343149574214,2298.6455078125,1408
2019-09-06,2327.970825331013,2318.750244140625,805
2019-09-09,2300.7369609716006,2283.721435546875,6931
2019-09-11,2316.563777557031,2379.016845703125,6593
2019-09-12,2421.1276761077634,2368.94091796875,1161
2019-09-13,2368.9408352812366,2443.32373046875,4394
2019-09-16,2462.0026902083105,2449.455078125,2605
2019-09-17,2421.27034192932,2423.741943359375,44605
2019-09-18,2423.0289639979865,2446.413330078125,23048
2019-09-19,2452.164123531012,2416.56494140625,1143
2019-09-20,2451.499075467929,2581.82373046875,8875
2019-09-23,2756.6826852943177,2599.504150390625,16439
2019-09-24,2609.3424797949056,2611.623779296875,13268
2019-09-25,2652.1189902468673,2563.619873046875,5688
2019-09-26,2595.0840885899897,2552.498046875,1366
2019-09-27,2519.085282221428,2564.332763671875,5201
2019-09-30,2576.0727581111228,2529.399169921875,2646
2019-10-01,2584.6272631607276,2526.689453125,2087
2019-10-03,2519.8929926573155,2494.27490234375,3067
2019-10-04,2499.503320109101,2471.888916015625,1038
2019-10-07,2476.1662071971746,2405.870849609375,4086
2019-10-09,2390.7092765165676,2385.291015625,11566
2019-10-10,2385.2912869000147,2348.456298828125,37840
2019-10-11,2347.505598065514,2338.855224609375,1370
2019-10-14,2320.3663198645054,2341.32666015625,6441
2019-10-15,2365.994378402044,2304.777099609375,22668
2019-10-16,2300.4038307712576,2330.63232421875,1576
2019-10-17,2328.921378372062,2335.575439453125,13865
2019-10-18,2338.427186664641,2459.531005859375,3517
2019-10-22,2482.9160946966053,2471.271484375,6065
2019-10-23,2428.7323394563846,2450.16796875,1003
2019-10-24,2433.532738792431,2439.85400390625,7677
2019-10-25,2439.8539224217207,2415.80419921875,1679
2019-10-27,2423.028840592328,2423.076416015625,1128
2019-10-29,2458.200806208144,2418.37158203125,26711
2019-10-30,2447.7441886450315,2452.9248046875,8062
2019-10-31,2503.8282515686797,2551.499755859375,10432
2019-11-01,2551.4999191566653,2568.230224609375,2914
2019-11-04,2568.4672897903865,2574.7412109375,2726
2019-11-05,2574.7417137015477,2500.643798828125,13384
2019-11-06,2506.680088848732,2424.169677734375,15649
2019-11-07,2447.981599251549,2486.670166015625,3718
2019-11-08,2508.581147003618,2451.071044921875,1992
2019-11-11,2506.680180500959,2480.016357421875,4734
2019-11-13,2447.7438420380386,2388.04736328125,14858
2019-11-14,2390.7093755446554,2319.558349609375,11879
2019-11-15,2305.156694902465,2366.6591796875,4924
2019-11-18,2399.929720041919,2321.9345703125,2915
2019-11-19,2354.587210833101,2304.06396484375,3570
2019-11-20,2307.0583599851057,2314.14013671875,2954
2019-11-21,2290.898126579126,2333.1513671875,3711
2019-11-22,2332.723484410199,2290.517822265625,3008
2019-11-25,2308.9592878393087,2402.4013671875,5906
2019-11-26,2421.127886791409,2424.977783203125,2712
2019-11-27,2432.5350120114304,2364.045654296875,2715
2019-11-28,2375.499975148472,2376.640625,16454
2019-11-29,2359.0073748793207,2424.977783203125,6760
2019-12-02,2383.342235478562,2385.62353515625,855
2019-12-03,2386.004207830476,2398.64697265625,2317
2019-12-04,2380.585536670129,2405.443115234375,1272
2019-12-05,2381.2035025143336,2401.023193359375,2958
2019-12-06,2413.0002653438537,2405.585693359375,1895
2019-12-09,2381.2985104134796,2365.89892578125,1518
2019-12-10,2376.1179728561665,2355.3955078125,2235
2019-12-11,2334.909797812948,2376.687744140625,2806
2019-12-12,2381.203686187257,2424.074951171875,5314
2019-12-13,2417.515472510949,2429.825439453125,1899
2019-12-16,2430.7762653504114,2397.268310546875,2233
2019-12-17,2437.0977027587464,2428.54248046875,1901
2019-12-18,2428.5423098296483,2403.161865234375,452
2019-12-19,2441.090045150915,2401.4033203125,821
2019-12-20,2404.9683240525264,2457.250244140625,2590
2019-12-23,2493.27711439804,2457.5830078125,3338
2019-12-24,2460.814591988963,2521.841796875,3074
2019-12-26,2557.15589829865,2527.972900390625,3825
2019-12-27,2497.031608478961,2475.6435546875,1908
2019-12-30,2485.767125716825,2510.1494140625,6242
2019-12-31,2519.037415949531,2564.237548828125,8706
2020-01-01,2605.4449677985435,2554.68408203125,1522
2020-01-02,2613.144969926178,2524.028076171875,2071
2020-01-03,2524.028388098929,2543.7529296875,2062
2020-01-06,2509.5317253410335,2447.93408203125,3866
2020-01-07,2447.7440365864763,2487.193115234375,2112
2020-01-08,2442.9910283562162,2458.770751953125,1131
2020-01-09,2458.8181596493064,2539.284912109375,3108
2020-01-10,2563.4770054163937,2534.38916015625,3183
2020-01-13,2547.554814014501,2525.40625,13471
2020-01-14,2510.4821376276827,2535.91015625,2110
2020-01-15,2554.7317110782765,2521.03369140625,3529
2020-01-16,2538.001474523044,2523.505126953125,1983
2020-01-17,2555.1120385137824,2529.96923828125,2799
2020-01-20,2555.82482934367,2528.1630859375,1591
2020-01-21,2551.357300161198,2520.17822265625,1788
2020-01-22,2520.17801069799,2557.86865234375,8423
2020-01-23,2587.479249017158,2509.4365234375,7598
2020-01-24,2511.4326547577284,2555.016845703125,8560
2020-01-27,2523.790365161846,2550.5966796875,5736
2020-01-28,2555.1121869316726,2552.16552734375,3591
2020-01-29,2564.617928873159,2547.364990234375,5410
2020-01-30,2546.6043999844605,2574.694091796875,15380
2020-01-31,2580.7778803122114,2575.359619140625,4848
2020-02-03,2481.9647941993667,2484.24609375,1256
2020-02-04,2494.3225047192072,2517.849365234375,8086
2020-02-05,2528.543594775628,2496.60400390625,14023
2020-02-06,2478.162634880632,2454.302978515625,2844
2020-02-07,2471.5086711434205,2410.9091796875,3434
2020-02-10,2428.73234898567,2347.030029296875,4696
2020-02-11,2333.674579646648,2345.08154296875,2882
2020-02-12,2332.9617688654403,2377.448974609375,6483
2020-02-13,2395.4621739553486,2368.418212890625,1432
2020-02-14,2381.156129709376,2333.104248046875,14224
2020-02-17,2291.0405627972864,2305.204345703125,3587
2020-02-18,2298.502948539288,2266.373291015625,5979
2020-02-19,2271.8867494217575,2311.95361328125,6395
2020-02-20,2339.710583652324,2348.170654296875,4603
2020-02-24,2327.020129836668,2310.33740234375,5612
2020-02-25,2317.847237212921,2334.054443359375,6051
2020-02-26,2347.051255741591,2335.201416015625,3812
2020-02-27,2336.1094481077002,2308.156982421875,4620
2020-02-28,2269.644589634116,2381.693359375,13648
2020-03-02,2327.0306191027917,2334.0068359375,17990
2020-03-03,2341.4131144312005,2389.29052734375,235500
2020-03-04,2389.0040462111615,2415.761962890625,23772
2020-03-05,2415.761682535705,2425.22265625,9362
2020-03-06,2408.2123424213423,2384.464599609375,16908
2020-03-09,2324.115750845794,2282.019775390625,12194
2020-03-11,2283.9788425830643,2274.040283203125,6599
2020-03-12,2245.7534998695855,2248.763671875,103839
2020-03-13,2006.9394669184721,2246.61376953125,19255
2020-03-16,2197.971388348257,2247.903564453125,28041
2020-03-17,2248.620028708013,2247.2822265625,4154
2020-03-18,2217.08413049055,2152.76953125,228207
2020-03-19,2150.189476097977,2002.35205078125,14632
2020-03-20,1998.2429611406083,2305.433349609375,64226
2020-03-23,2240.9754429647487,2121.4248046875,5931
2020-03-24,2121.424723238433,2179.1455078125,5960
2020-03-25,2055.3901437957434,2187.55517578125,3565
2020-03-26,2178.858691582679,2199.787109375,4649
2020-03-27,2242.8864184762992,2279.86962890625,7112
2020-03-30,2181.7253284799554,2105.7998046875,5836
2020-03-31,2121.520595447743,2208.913818359375,5191
2020-04-01,2197.9715286767073,2207.193359375,2487
2020-04-03,2172.169460067012,2108.667236328125,1558
2020-04-07,2182.681282986283,2145.315673828125,1794
2020-04-08,2180.7702849593406,2104.319091796875,1555
2020-04-09,2080.4280210571787,2093.472412109375,3918
2020-04-13,2145.4109645958306,2130.980712890625,4457
2020-04-15,2165.4798665898224,2186.026123046875,4469
2020-04-16,2155.015626507496,2121.281494140625,1458
2020-04-17,2129.8347065730436,2152.86572265625,1352
2020-04-20,2154.9678045615906,2134.8037109375,3880
2020-04-21,2103.363391623044,2131.745849609375,3512
2020-04-22,2135.8073347604322,2130.64697265625,3097
2020-04-23,2128.209710715733,2052.2841796875,5017
2020-04-24,2051.7586524655585,1999.150634765625,3006
2020-04-27,2049.8472900374986,2075.984130859375,4009
2020-04-28,2078.5164495159893,2103.458740234375,3878
2020-04-29,2102.4076202362153,2102.7421875,3044
2020-04-30,2112.7760775190286,2103.1240234375,7221
2020-05-04,2027.8676715541662,2007.608154296875,4209
2020-05-05,2008.8028753265253,2030.7825927734375,3895
2020-05-06,2054.6257470015325,2107.5205078125,5357
2020-05-07,2106.230146622365,2062.74853515625,2089
2020-05-08,2116.742448634172,2059.404052734375,1049
2020-05-11,2088.0729997306034,2078.5166015625,5656
2020-05-12,2058.4483534935025,2104.271240234375,2764
2020-05-13,2150.094143700829,2061.55419921875,2721
2020-05-14,2097.629705466628,2112.9677734375,2498
2020-05-15,2102.3597269088255,2086.304931640625,51631
2020-05-18,2140.6330051318964,2085.970458984375,51109
2020-05-19,2092.850873241264,2071.587890625,1199
2020-05-20,2081.813297520071,2089.267333984375,599
2020-05-21,2075.2673930628107,2078.229736328125,1005
2020-05-22,2078.2296771653573,2075.267333984375,883
2020-05-26,2101.451982470523,2123.574951171875,4910
2020-05-27,2133.943883539419,2077.2265625,3296
2020-05-28,2077.274401001174,2092.42138671875,928
2020-05-29,2102.216639398027,2220.52490234375,3755
2020-06-01,2306.8664699615706,2218.61328125,2570
2020-06-02,2217.084412077791,2175.322998046875,4325
2020-06-03,2186.2176322445816,2203.89697265625,6993
2020-06-04,2214.934146769732,2201.029541015625,3053
2020-06-05,2212.0671744134984,2196.394775390625,3391
2020-06-08,2240.975408019324,2166.33984375,3096
2020-06-09,2155.0154937669427,2180.578857421875,1806
2020-06-10,2197.0159255294193,2170.162353515625,4186
2020-06-11,2193.1934657447455,2159.6982421875,2271
2020-06-12,2103.6021736335974,2083.62939453125,9129
2020-06-15,2094.04559738167,2084.345947265625,5009
2020-06-16,2139.390778660667,2123.431640625,3080
2020-06-17,2140.633332630765,2147.466064453125,1998
2020-06-18,2124.4352008644,2129.83447265625,2180
2020-06-19,2135.807187560713,2132.55810546875,13637
2020-06-22,2143.260972276716,2125.2470703125,2374
2020-06-23,2135.8550871634206,2129.356689453125,5490
2020-06-24,2131.0768595604686,2118.605712890625,2508
2020-06-25,2119.6092703493478,2104.7490234375,4250
2020-06-26,2125.34285832927,2118.223388671875,2456
2020-06-29,2128.2098368773404,2121.185791015625,3714
2020-06-30,2131.028692055687,2112.20263671875,11341
2020-07-01,2085.3969739093345,2088.216064453125,7040
2020-07-02,2078.516565913151,2081.8134765625,4654
2020-07-03,2075.219571283512,2097.916015625,1876
2020-07-06,2111.964089149188,2087.738525390625,1759
2020-07-07,2088.1685253620094,2104.079833984375,2652
2020-07-08,2102.4073280282964,2118.93994140625,3620
2020-07-09,2128.16189255859,2114.735107421875,1375
2020-07-10,2125.3431474799863,2118.892578125,1458
2020-07-13,2116.789805717587,2114.018310546875,2322
2020-07-14,2114.1141695972524,2112.7763671875,2374
2020-07-15,2112.82381174237,2109.62255859375,1476
2020-07-16,2112.011552437808,2109.956787109375,874
2020-07-17,2120.5169540084084,2104.462158203125,1295
2020-07-20,2102.4076825127336,2110.76953125,2880
2020-07-21,2107.1855873580676,2155.636474609375,5467
2020-07-22,2164.523831070046,2168.250732421875,7668
2020-07-23,2175.0840954528735,2161.275146484375,1362
2020-07-24,2151.145469689099,2145.985107421875,2560
2020-07-27,2123.431583754663,2172.217041015625,3800
2020-07-28,2150.2372188228874,2135.998046875,2226
2020-07-29,2139.629681135621,2122.284912109375,1830
2020-07-30,2107.9026427248255,2114.783203125,1737
2020-07-31,2137.7663989957687,2129.97802734375,5767
2020-08-03,2163.329486004258,2064.134033203125,4135
2020-08-04,2068.960153688521,2116.0732421875,2045
2020-08-05,2126.6808628896947,2057.39697265625,10135
2020-08-06,2057.4924219604927,2146.319091796875,19303
2020-08-07,2145.4113285842045,2173.41162109375,6490
2020-08-10,2181.6298160153133,2199.45263671875,4812
2020-08-11,2203.3709104559084,2256.9345703125,7723
2020-08-12,2216.1289908557414,2250.627685546875,2052
2020-08-13,2261.903784729139,2268.02001953125,3142
2020-08-14,2278.2453971409122,2274.948486328125,5611
2020-08-17,2312.6482593640812,2264.436279296875,1040
2020-08-18,2257.4599679028315,2280.53857421875,11892
2020-08-19,2259.1802352722107,2308.252197265625,4075
2020-08-20,2298.3615747844947,2328.177490234375,3183
2020-08-21,2339.4063370288695,2346.908203125,6690
2020-08-24,2312.696191860033,2386.71044921875,31805
2020-08-25,2386.7102208826086,2379.447265625,7174
2020-08-26,2378.5876244339324,2381.35888671875,1909
2020-08-27,2441.4685463202136,2458.43115234375,49330
2020-08-28,2465.5504539392514,2453.55712890625,5715
2020-08-31,2453.5572013514534,2350.252685546875,8530
2020-09-01,2318.572941922543,2403.338134765625,2622
2020-09-02,2379.8298720805988,2397.36572265625,2115
2020-09-03,2406.253121049633,2355.5087890625,1711
2020-09-04,2312.648402540369,2342.942138671875,2006
2020-09-07,2341.030649829534,2417.242919921875,7293
2020-09-08,2391.1065592906193,2385.7548828125,2008
2020-09-09,2344.184717424802,2309.638427734375,4264
2020-09-10,2309.5425947517942,2340.1708984375,1693
2020-09-11,2367.2152552715634,2353.549560546875,924
2020-09-14,2352.7855034637896,2459.33935546875,10396
2020-09-15,2487.5302161785985,2406.444091796875,15210
2020-09-16,2424.4580053719296,2400.2802734375,5194
2020-09-17,2400.2804832591387,2378.826416015625,2039
2020-09-18,2370.0342780463775,2324.73681640625,5163
2020-09-21,2326.9827776836783,2263.14599609375,2449
2020-09-22,2245.7536296627923,2187.746337890625,4703
2020-09-23,2216.1284332192413,2177.377197265625,4900
2020-09-24,2169.4938052674866,2145.650634765625,2111
2020-09-25,2145.6024646478713,2143.739013671875,4448
2020-09-28,2207.4800528669534,2191.329833984375,3974
2020-09-29,2178.858877271018,2187.2685546875,7143
2020-09-30,2179.814076942831,2222.244384765625,11066
2020-10-01,2243.842313843351,2302.94873046875,4477
2020-10-05,2314.3209748151207,2308.539306640625,10002
2020-10-06,2342.2730029969102,2290.66845703125,4828
2020-10-07,2271.4125656765636,2243.22119140625,2441
2020-10-08,2236.19702068576,2369.4609375,10382
2020-10-09,2381.2155048494724,2396.79248046875,20742
2020-10-12,2408.2119654363173,2429.140380859375,5618
2020-10-13,2436.881465161677,2436.5947265625,4676
2020-10-14,2455.038793844338,2413.372802734375,3887
2020-10-15,2403.7686341138337,2392.157470703125,3846
2020-10-16,2369.03126751307,2403.386474609375,1850
2020-10-19,2375.7682388608146,2404.2939453125,5123
2020-10-20,2404.3895820263147,2428.423828125,6032
2020-10-21,2475.1070292695626,2511.32568359375,9902
2020-10-22,2494.315535822884,2594.65771484375,104252
2020-10-23,2615.442989085939,2566.80078125,11335
2020-10-26,2570.671453953006,2506.69140625,5093
2020-10-27,2537.2236983193093,2510.943603515625,6892
2020-10-28,2512.0904051055554,2550.507080078125,7873
2020-10-29,2580.2271411847155,2524.2265625,2961
2020-10-30,2536.650308903519,2533.64013671875,2600
2020-11-02,2617.4496333060556,2594.2275390625,4255
2020-11-03,2594.275124776841,2581.278564453125,4393
2020-11-04,2550.602675570311,2657.777587890625,7482
2020-11-05,2666.2351674137426,2641.62744140625,4149
2020-11-06,2632.787454464886,2683.62744140625,8134
2020-11-09,2678.658186472298,2676.93798828125,4403
2020-11-10,2680.569429417006,2580.705078125,12511
2020-11-11,2589.7839934404574,2589.92724609375,7715
2020-11-12,2590.0704688999485,2582.568603515625,2714
2020-11-13,2581.183187138565,2838.3935546875,53997
2020-11-14,2866.919021919503,2969.411376953125,18925
2020-11-17,2976.817876309654,2959.950927734375,17166
2020-11-18,2980.6405844777887,2915.322509765625,56363
2020-11-19,2886.70110555498,2910.162109375,7893
2020-11-20,2914.749085380859,2919.957275390625,3760
2020-11-23,2933.813987080544,2890.5712890625,5645
2020-11-24,2890.5716727714953,2887.513671875,1862
2020-11-25,2890.8581513284726,2900.98779296875,4511
2020-11-26,2914.7014626424325,2893.4384765625,2244
2020-11-27,2877.431369644143,2985.896484375,14254
2020-12-01,2985.8964624322657,3157.91162109375,21470
2020-12-02,3167.9457873276724,3069.514892578125,7729
2020-12-03,3084.805373048893,3066.696044921875,4588
2020-12-04,3058.0472168088922,3084.70947265625,5179
2020-12-07,3084.709397242493,3110.94189453125,4092
2020-12-08,3082.750773729304,3117.72705078125,9450
2020-12-09,3133.2082917187104,3122.600830078125,10071
2020-12-10,3109.9384659341404,3094.17041015625,3813
2020-12-11,3094.1705349862923,2987.61669921875,4691
2020-12-14,3028.422533205158,3063.1123046875,5067
2020-12-15,3058.0473728035554,3290.315673828125,34244
2020-12-16,3296.0017075769124,3232.45166015625,13551
2020-12-17,3226.240115936306,3223.707763671875,28162
2020-12-18,3239.8574856191904,3216.396484375,3627
2020-12-21,3239.6190792883012,2990.34033203125,21279
2020-12-22,2990.340038242474,3012.7021484375,9087
2020-12-23,3029.37825234359,3115.05126953125,10217
2020-12-24,3115.051042423292,3286.58837890625,41632
2020-12-28,3286.4452856497164,3244.779296875,19044
2020-12-29,3244.3971984027407,3328.158935546875,23919
2020-12-30,3344.739148990449,3268.57470703125,11499
2020-12-31,3296.957359764441,3241.482421875,4325
2021-01-01,3242.9636370351163,3291.36669921875,5743
2021-01-04,3296.9569696308035,3363.70849609375,19452
2021-01-05,3354.2000840248606,3389.36767578125,17277
2021-01-06,3406.855849438493,3318.88916015625,14962
2021-01-07,3318.889416912892,3378.521484375,14812
2021-01-08,3379.142236462927,3389.6064453125,11745
2021-01-11,3391.5655972273803,3457.74365234375,34529
2021-01-12,3440.3031748505764,3468.303466796875,19241
2021-01-13,3520.3378868707373,3462.426025390625,21277
2021-01-14,3439.34764733059,3362.275390625,7138
2021-01-15,3358.5961782648005,3250.035400390625,16193
2021-01-18,3254.9091441750734,3187.918701171875,4014
2021-01-19,3239.6186927954245,3178.9833984375,5490
2021-01-20,3230.0623841280976,3202.253173828125,9134
2021-01-21,3200.6764661823813,3228.6767578125,23732
2021-01-22,3244.8271167863545,3347.654052734375,22112
2021-01-25,3347.653905394214,3328.20654296875,8173
2021-01-27,3343.5924582390307,3350.186279296875,9657
2021-01-28,3335.1827357207344,3325.339599609375,5859
2021-01-29,3341.776850259619,3267.523681640625,4856
2021-02-01,3275.933236004723,3308.85498046875,6311
2021-02-02,3308.854840918306,3210.13720703125,19841
2021-02-03,3225.953291987574,3367.483642578125,29965
2021-02-04,3439.2997599447494,3368.343505859375,22280
2021-02-05,3421.1905485807756,3387.169677734375,26813
2021-02-08,3411.6339213726064,3401.26513671875,15394
2021-02-09,3411.6337988468613,3362.179443359375,9630
2021-02-10,3387.7431372251995,3419.18359375,7311
2021-02-11,3393.477134395193,3422.910888671875,8669
2021-02-12,3470.8838949421574,3552.11328125,59040
2021-02-15,3552.113037580668,3665.69091796875,41320
2021-02-16,3671.5682575121696,3815.869873046875,65190
2021-02-17,3821.6038500950704,3768.374755859375,29033
2021-02-18,3769.090948399792,3818.879638671875,19982
2021-02-19,3779.603287838241,3675.05615234375,19683
2021-02-22,3693.452125059707,3687.19287109375,9776
2021-02-23,3680.1688637338416,3762.640625,8749
2021-02-24,3781.4665614354035,3760.681396484375,3025
2021-02-25,3822.463614033763,3779.12548828125,3958
2021-02-26,3769.0436061358264,3688.3876953125,7326
2021-03-01,3650.5439425343393,3820.361083984375,17449
2021-03-02,3913.344907204296,3908.7099609375,17620
2021-03-03,3960.1708564893006,3937.044189453125,17464
2021-03-04,3884.9149006479192,3875.597412109375,6754
2021-03-05,3906.6076558124632,3735.0703125,7555
2021-03-08,3769.99889577285,3825.378173828125,13089
2021-03-09,3827.337484360954,3863.508544921875,26139
2021-03-10,3865.5632628970834,3785.767333984375,7367
2021-03-12,3803.637481587828,3862.743896484375,10238
2021-03-15,3862.744018548264,3821.98583984375,9441
2021-03-16,3837.324094384708,3866.280029296875,5170
2021-03-17,3869.3855006759222,3788.968505859375,5647
2021-03-18,3776.688483455847,3713.7119140625,6792
2021-03-19,3713.7120017647662,3751.60302734375,5077
2021-03-22,3741.329861293842,3688.53076171875,13076
2021-03-23,3688.5311045223907,3592.011474609375,45338
2021-03-24,3594.7823450346086,3499.457275390625,8524
2021-03-25,3488.085317023484,3528.84326171875,10101
2021-03-26,3535.86722069185,3683.274658203125,24650
2021-03-30,3693.547668944128,3742.04638671875,15683
2021-03-31,3755.6641667761683,3733.97119140625,3391
2021-04-01,3748.019606371411,3695.889404296875,5685
2021-04-05,3669.6567631068046,3601.6630859375,14010
2021-04-06,3596.1202032221395,3560.90478515625,4156
2021-04-07,3535.867338008476,3614.946533203125,13128
2021-04-08,3626.653151438006,3640.31884765625,25552
2021-04-09,3636.209204572819,3664.25732421875,6745
2021-04-12,3621.779345858911,3590.9599609375,4948
2021-04-13,3576.004102300138,3631.574462890625,22278
2021-04-15,3607.540359516491,3663.3974609375,8899
2021-04-16,3632.3868245069903,3767.036376953125,5790
2021-04-19,3694.503591518691,3664.544189453125,6367
2021-04-20,3755.5690210111316,3731.773681640625,4127
2021-04-22,3698.3261588048563,3804.59326171875,5268
2021-04-23,3791.022898900046,3748.73583984375,6136
2021-04-26,3748.7358346969936,3796.517822265625,3124
2021-04-27,3813.0027903488526,3718.203369140625,3183
2021-04-28,3737.7939460993107,3752.988525390625,7262
2021-04-29,3747.589536025632,3661.964111328125,4934
2021-04-30,3660.0528549396417,3673.814208984375,4916
2021-05-03,3686.8581799837234,3757.193359375,4630
2021-05-04,3774.729382929925,3665.929931640625,4925
2021-05-05,3679.213441324031,3870.580322265625,50159
2021-05-06,3884.6757273495878,3813.14599609375,55033
2021-05-07,3869.7675827358726,3637.547119140625,23712
2021-05-10,3638.3119605613606,3612.318603515625,11246
2021-05-11,3584.6049057986725,3668.223388671875,4425
2021-05-12,3632.386972037522,3623.977294921875,4361
2021-05-14,3623.977088431425,3724.70166015625,13760
2021-05-17,3726.995334881733,3818.593505859375,27887
2021-05-18,3805.357737404657,3798.763916015625,3888
2021-05-19,3774.7770080423447,3746.4423828125,3140
2021-05-20,3793.7467136547207,3780.558837890625,2425
2021-05-21,3823.51512495357,3775.685302734375,2463
2021-05-24,3813.002932530114,3742.715576171875,3634
2021-05-25,3732.729124134478,3847.1669921875,24375
2021-05-26,3871.3923755278674,3903.549560546875,7076
2021-05-27,3955.3934102568714,3839.760986328125,5456
2021-05-28,3917.1675075377766,3818.2587890625,5209
2021-05-31,3818.2586628851727,3774.681396484375,4136
2021-06-01,3821.6038132922563,3786.8662109375,5586
2021-06-02,3784.3338591105667,3825.665283203125,2403
2021-06-03,3822.559013771963,3874.689208984375,4453
2021-06-04,3843.5833906267403,3877.07861328125,3674
2021-06-07,3918.123430570711,4155.2177734375,58990
2021-06-08,4205.771111753002,4295.4580078125,59201
2021-06-09,4300.379230192231,4330.912109375,31720
2021-06-10,4330.9123169904515,4187.99609375,182669
2021-06-11,4223.927196719626,4167.01904296875,55921
2021-06-14,4166.971643749144,4182.64404296875,18827
2021-06-15,4195.162926664279,4274.05126953125,17404
2021-06-16,4274.051176726951,4168.69189453125,9962
2021-06-17,4112.117617923183,4171.55859375,15169
2021-06-18,4225.839163257413,4123.63330078125,10241
2021-06-21,4095.8722571675335,4126.1181640625,4514
2021-06-22,4175.189957953428,4043.120361328125,69215
2021-06-23,4090.137905312897,4102.41796875,50830
2021-06-24,4101.606241485742,4112.40478515625,3613
2021-06-25,4137.920375923738,4159.23095703125,4408
2021-06-28,4223.736539739817,4216.90380859375,10341
2021-06-29,4328.045174297549,4298.85009765625,22875
2021-06-30,4351.983956956083,4285.75830078125,5273
2021-07-01,4317.581209096907,4290.39306640625,6496
2021-07-02,4333.826434869761,4288.86376953125,7362
2021-07-05,4290.82237229298,4293.30712890625,5785
2021-07-06,4293.690274617629,4262.39306640625,12782
2021-07-07,4281.31393293439,4289.67578125,11765
2021-07-08,4262.152954455459,4253.982421875,3253
2021-07-09,4253.983112219728,4249.96923828125,2113
2021-07-12,4262.153903511441,4285.423828125,3579
2021-07-13,4357.717651733851,4232.00341796875,10567
2021-07-14,4217.238146077775,4296.74755859375,19492
2021-07-15,4322.358594733813,4257.56640625,3799
2021-07-16,4274.626923873253,4303.61962890625,4428
2021-07-19,4283.157152411671,4246.640625,9614
2021-07-20,4231.4969094207445,4173.99072265625,5018
2021-07-22,4197.951378760218,4309.177734375,20993
2021-07-23,4309.177932600875,4188.55908203125,4419
2021-07-26,4259.291316352952,4181.9453125,11759
2021-07-27,4197.952210682921,4181.1318359375,3363
2021-07-28,4193.303208444599,4144.08740234375,2542
2021-07-29,4164.5982086777585,4098.9453125,11775
2021-07-30,4154.821980200321,4267.91748046875,82481
2021-08-02,4332.132938312089,4377.275390625,58331
2021-08-03,4427.976591466966,4381.396484375,23262
2021-08-04,4380.055007238969,4406.74755859375,28102
2021-08-05,4418.391802676203,4423.7109375,77100
2021-08-06,4447.145289161102,4443.69482421875,15765
2021-08-09,4443.6945591009035,4451.26611328125,54100
2021-08-10,4451.266447108975,4415.27734375,23527
2021-08-11,4372.387291865617,4434.5419921875,20657
2021-08-12,4433.727232619391,4458.31103515625,6562
2021-08-13,4485.48226245165,4549.41015625,15219
2021-08-16,4558.994778968846,4518.26123046875,20806
2021-08-17,4518.261914721171,4580.65576171875,11998
2021-08-18,4590.238994305665,4581.90087890625,4894
2021-08-20,4523.820649845129,4529.18798828125,18539
2021-08-23,4549.697415953474,4495.30615234375,8287
2021-08-24,4495.306561183159,4493.96484375,8226
2021-08-25,4541.8866529042325,4499.57177734375,20193
2021-08-26,4501.775879788784,4433.29541015625,36872
2021-08-27,4414.1273201791255,4429.7978515625,5131
2021-08-30,4409.765828353369,4365.86962890625,5935
2021-08-31,4365.870039946722,4256.751953125,36296
2021-09-01,4262.55021970198,4177.009765625,14367
2021-09-02,4182.616625493447,4036.167724609375,32170
2021-09-03,4081.9805662602093,4165.84375,22197
2021-09-06,4165.844434619801,4127.74658203125,11844
2021-09-07,4116.532568449342,4125.82958984375,12657
2021-09-08,4111.692237211479,4225.02734375,38628
2021-09-09,4217.120385107195,4176.2431640625,5478
2021-09-13,4174.949358001977,4251.91162109375,35613
2021-09-14,4229.580661928556,4268.541015625,8297
2021-09-15,4289.914132688247,4243.9091796875,3039
2021-09-16,4243.908699472091,4216.59326171875,4234
2021-09-17,4231.496941209667,4292.26171875,30887
2021-09-20,4284.21073503049,4243.716796875,4552
2021-09-21,4234.132820975206,4279.4189453125,14903
2021-09-22,4289.002894074735,4394.3349609375,11515
2021-09-23,4423.088095299791,4396.970703125,4459
2021-09-24,4418.967447576473,4782.9814453125,84015
2021-09-27,4945.532352284977,4878.96875,55212
2021-09-28,4835.407958379273,5172.87353515625,239359
2021-09-29,5145.79699117879,5226.11376953125,62698
2021-09-30,5300.15387272851,5041.951171875,33690
2021-10-01,5041.951092933215,4948.35986328125,15560
2021-10-04,4991.537286143763,5029.58740234375,14073
2021-10-05,5031.7911150065365,5084.2177734375,7366
2021-10-06,5127.634991890293,5013.5810546875,6011
2021-10-07,5017.414793567733,5042.95703125,5058
2021-10-08,5050.9603059394885,5044.73046875,2734
2021-10-11,5070.128361905565,5253.28564453125,25421
2021-10-12,5239.867929475116,5187.20166015625,4520
2021-10-13,5203.256164581844,5355.50390625,26931
2021-10-14,5367.244050133784,5373.56982421875,6723
2021-10-18,5400.454051108115,5943.2646484375,93780
2021-10-19,6003.646094059896,6040.5458984375,40665
2021-10-20,5750.618839824491,5451.29931640625,80466
2021-10-21,5511.296431652033,5269.00390625,16324
2021-10-22,5295.3608077863655,5171.48291015625,11680
2021-10-25,5139.136776638122,5020.14697265625,20351
2021-10-26,4984.828398380711,5081.67822265625,106142
2021-10-27,5055.752691016986,5244.46875,20874
2021-10-28,5319.322794012377,5125.47900390625,9764
2021-10-29,5122.842495435184,4967.62353515625,11865
2021-11-01,4983.869531505203,5233.4462890625,25663
2021-11-02,5307.77353545618,5289.8505859375,12292
2021-11-03,5315.681059581125,5280.841796875,12736
2021-11-04,5309.7388865396615,5287.88671875,1610
2021-11-08,5325.072705970564,5265.3623046875,2267
2021-11-09,5324.114784043602,5191.083984375,7129
2021-11-10,5197.936144376442,5225.29931640625,3440
2021-11-11,5209.102828791605,5206.03564453125,2587
2021-11-12,5181.307411597142,5189.83740234375,2040
2021-11-15,5221.561539197273,5166.9306640625,2052
2021-11-16,5132.427299628503,5182.40966796875,11206
2021-11-17,5213.894164698664,5217.68017578125,10080
2021-11-18,5218.686473189103,5155.23779296875,5843
2021-11-22,5213.894413907416,4903.98388671875,12152
2021-11-23,4903.360482592564,4915.388671875,11404
2021-11-24,4888.025810100212,4826.06298828125,11935
2021-11-25,4801.766753980674,4798.4599609375,3865
2021-11-26,4844.896448059629,4773.7802734375,9202
2021-11-29,4725.091499627767,4686.99365234375,10070
2021-11-30,4686.994076989641,4793.81201171875,19852
2021-12-01,4768.269229389697,4704.341796875,3153
2021-12-02,4696.338421867931,4734.34033203125,3624
2021-12-03,4768.220802310068,4720.73046875,2262
2021-12-06,4773.014011431086,4662.55419921875,4878
2021-12-07,4672.377724683922,4645.54150390625,3165
2021-12-08,4668.783903546398,4666.435546875,20877
2021-12-09,4686.754082137556,4652.39404296875,3075
2021-12-10,4675.253154720275,4684.69384765625,9837
2021-12-13,4725.091348247692,4725.85791015625,7779
2021-12-14,4700.412094293067,4686.5625,5067
2021-12-15,4709.996782009634,4636.72412109375,3230
2021-12-16,4659.918183493368,4604.4248046875,1697
2021-12-17,4624.45546579812,4407.36962890625,5801
2021-12-20,4397.977208073214,4549.41015625,15777
2021-12-21,4481.648938836824,4693.6552734375,11660
2021-12-22,4693.65503017331,4685.8916015625,3652
2021-12-23,4696.338631185457,4676.78662109375,10051
2021-12-24,4694.326054034041,4674.63037109375,2287
2021-12-27,4648.896510147444,4674.7265625,4930
2021-12-28,4696.338642172872,4686.70654296875,2044
2021-12-29,4710.139962220563,4676.01953125,2375
2021-12-30,4650.334164979981,4674.7265625,2774
2021-12-31,4657.23448470849,4616.1171875,6788
2022-01-03,4685.364487433404,4736.16162109375,30435
2022-01-04,4809.434162914844,4757.630859375,5124
2022-01-05,4777.805762773879,4706.92919921875,3575
2022-01-06,4706.88167071945,4698.3994140625,10610
2022-01-07,4639.79035585708,4627.37841796875,7278
2022-01-10,4648.416952134287,4702.66455078125,13256
2022-01-11,4726.194308188525,4698.3037109375,8316
2022-01-12,4698.303579148876,4664.75830078125,5582
2022-01-13,4743.3023803573615,4702.185546875,18603
2022-01-14,4786.43134802058,4718.95751953125,6354
2022-01-17,4792.086612695943,4803.0126953125,14101
2022-01-18,4806.5593511569905,4722.45654296875,5102
2022-01-19,4732.471322012974,4646.45166015625,9422
2022-01-20,4649.37502056936,4598.673828125,12040
2022-01-21,4614.871109007895,4495.689453125,6995
2022-01-24,4551.61445046694,4260.72900390625,17107
2022-01-25,4260.7290560254005,4306.78173828125,37133
2022-01-27,4312.964201453541,4388.87255859375,51885
2022-01-28,4454.812051460565,4566.9013671875,40159
2022-01-31,4598.578227718092,4676.83447265625,30412
2022-02-01,4700.219577178056,4478.24609375,32048
2022-02-02,4562.156958960987,4438.56640625,24961
2022-02-03,4460.802963025867,4309.513671875,39859
2022-02-04,4336.925208185448,4349.2412109375,11317
2022-02-07,4407.849458904274,4375.9814453125,11217
2022-02-08,4397.882334897165,4388.154296875,4820
2022-02-09,4406.651173429829,4319.19384765625,6114
2022-02-10,4340.806186385105,4301.89404296875,5804
2022-02-11,4284.210790644519,4240.74560546875,3670
2022-02-14,4217.119809127026,4157.5048828125,11148
2022-02-15,4178.303856538024,4186.40283203125,8068
2022-02-16,4193.207580823021,4156.7392578125,59214
2022-02-17,4189.325558360227,4130.333984375,6657
2022-02-18,4150.030508038411,4077.237060546875,3412
2022-02-21,3991.265157895174,3973.86962890625,9579
2022-02-22,3929.58987300767,3998.8369140625,20869
2022-02-23,4006.2646595131673,4045.656494140625,31585
2022-02-24,4025.4327270439003,4060.559326171875,19956
2022-02-25,4092.427948237107,4035.0654296875,24976
2022-02-28,4035.065293175383,4144.66259765625,14200
2022-03-02,4011.0569136195613,4147.20263671875,17679
2022-03-03,4167.95279515662,4188.4150390625,15301
2022-03-04,4209.40486865217,4163.783203125,16631
2022-03-07,4169.198516397787,4098.9453125,27932
2022-03-08,4084.856453037488,4149.79052734375,27766
2022-03-09,4131.819243132082,4202.69580078125,7840
2022-03-10,4223.7335466356935,4216.3056640625,11463
2022-03-11,4237.391498085273,4288.8115234375,18900
2022-03-14,4312.963851433908,4230.4423828125,6297
2022-03-15,4251.5764657380405,4307.453125,11955
2022-03-16,4281.335896651296,4412.30615234375,4927
2022-03-17,4502.686911135882,4518.93212890625,25068
2022-03-21,4588.946017418577,4572.93994140625,19790
2022-03-22,4543.995067730425,4570.5439453125,5935
2022-03-23,4563.835074602385,4579.40966796875,13693
2022-03-24,4585.782923005411,4561.72607421875,14440
2022-03-25,4584.5368313404,4597.90673828125,12366
2022-03-28,4620.622247624566,4548.83544921875,13823
2022-03-29,4552.572645215712,4478.24609375,5284
2022-03-30,4500.577996686839,4616.35693359375,14466
2022-03-31,4616.357205084389,4765.77783203125,21942
2022-04-01,4766.591732386492,4655.60498046875,7698
2022-04-04,4655.604719707189,4616.021484375,12533
2022-04-05,4663.7516787475315,4610.31884765625,92693
2022-04-06,4648.225660451149,4602.029296875,68850
2022-04-07,4625.078995147393,4486.009765625,30635
2022-04-08,4484.236633643687,4512.7978515625,38000
2022-04-11,4535.36921396531,4567.9560546875,15830
2022-04-12,4600.495582294058,4637.5390625,29665
2022-04-13,4660.732742265919,4562.0615234375,25374
2022-04-18,4485.482864049971,4270.6494140625,18734
2022-04-19,4312.963662253484,4321.49365234375,21062
2022-04-20,4343.107159629031,4262.55029296875,42052
2022-04-21,4322.500414555712,4309.7529296875,28687
2022-04-22,4292.836689012801,4232.5029296875,6743
2022-04-25,4217.120897936585,4095.974609375,14677
2022-04-26,4102.203977834756,3988.3896484375,27234
2022-04-27,3985.178915235605,4049.44189453125,47164
2022-04-28,4099.1851750395235,4089.408935546875,23654
2022-04-29,4091.564939569794,3997.542236328125,3909
2022-05-02,4008.468621821546,3970.898193359375,5013
2022-05-04,3989.8750702750467,3928.15185546875,6274
2022-05-05,3947.799892452239,3892.354248046875,4490
2022-05-06,3833.746012573464,3793.1083984375,10840
2022-05-09,3811.6056087217094,3703.973388671875,4815
2022-05-10,3708.190721199749,3679.581298828125,110835
2022-05-11,3809.6892943492207,3807.1015625,95248
2022-05-12,3738.8606952681034,3850.326904296875,45090
2022-05-13,3920.005069828627,3752.32666015625,33870
2022-05-16,3766.6552565828815,3956.665283203125,14588
2022-05-17,4001.4724868573417,3892.68994140625,11759
2022-05-18,3912.194003556371,3802.97998046875,13789
2022-05-19,3737.9021107470076,3747.822021484375,14484
2022-05-20,3766.607146885818,3817.11669921875,25474
2022-05-23,3817.1167802389828,3898.727783203125,43212
2022-05-24,3900.7882297208653,3950.243408203125,17384
2022-05-25,4025.3854914396125,3899.734375,12744
2022-05-26,3839.4964252525037,3838.87353515625,13738
2022-05-27,3877.211104154394,3878.025634765625,57266
2022-05-30,3939.126059528294,4032.90869140625,7696
2022-05-31,4090.414929948592,4025.81640625,17901
2022-06-01,4045.9919135783202,4082.939453125,24918
2022-06-02,4121.27700488396,4076.42236328125,5526
2022-06-03,4120.462339461464,3999.5556640625,21953
2022-06-06,3943.9659255748975,4012.398193359375,5474
2022-06-07,4032.4775103378015,3904.669921875,8756
2022-06-08,3924.7973407442614,3867.53076171875,8489
2022-06-09,3834.7523055437773,4009.283447265625,16169
2022-06-10,4025.4334498130243,3940.61181640625,26270
2022-06-13,3876.6181970072253,3882.998046875,13142
2022-06-14,3838.6285616622968,3842.93017578125,5079
2022-06-15,3848.295367211177,3907.261962890625,18289
2022-06-16,3916.928398392153,3946.60498046875,48956
2022-06-17,3905.3284932483034,3952.936767578125,17401
2022-06-20,3953.6617154296305,3905.521728515625,10367
2022-06-21,3905.135077182223,3894.163330078125,3960
2022-06-22,3938.1950814825836,3857.478515625,4077
2022-06-23,3833.021676890822,3862.408447265625,3594
2022-06-24,3881.741739589776,3925.531494140625,3375
2022-06-27,3990.395005777571,4057.433349609375,11357
2022-06-28,3992.81163426017,3958.06005859375,14126
2022-06-29,3943.9466464704,4027.32177734375,8077
2022-06-30,4029.158289757609,3994.986572265625,8058
2022-07-01,4003.6383098791157,3988.123046875,2801
2022-07-04,4008.036619280511,3967.8232421875,8132
2022-07-05,3987.688725767416,4046.026611328125,11011
2022-07-06,4078.3613826458513,4070.19287109375,10153
2022-07-07,4108.280110198625,4107.89306640625,18611
2022-07-08,4155.694898277026,4123.21484375,4912
2022-07-11,4123.214596756652,4070.4345703125,6410
2022-07-12,4091.8947410993624,4090.54150390625,4147
2022-07-13,4111.034520170483,4034.136474609375,13314
2022-07-14,4031.3814211141407,3961.49169921875,8637
2022-07-15,3948.7799077783075,3917.36328125,26217
2022-07-18,3936.9863252876203,4066.85791015625,32406
2022-07-19,4017.7034585237716,4037.713623046875,13908
2022-07-20,4037.712775713589,4059.8974609375,24110
2022-07-21,4059.994748991568,4152.8427734375,25336
2022-07-22,4175.994668626412,4411.087890625,85159
2022-07-25,4353.909791339127,4291.51171875,19691
2022-07-26,4312.9716536762735,4304.89990234375,8832
2022-07-27,4253.327804414946,4357.29248046875,8077
2022-07-28,4338.394218878812,4397.119140625,6739
2022-07-29,4398.279173150631,4569.62060546875,12938
2022-08-01,4514.327273164568,4631.4873046875,16409
2022-08-02,4639.993977840917,4677.59716796875,7585
2022-08-03,4616.794423131393,4715.92578125,17061
2022-08-04,4715.925041936146,4543.9072265625,80561
2022-08-05,4577.161055502654,4567.20458984375,49547
2022-08-08,4567.204094855257,4562.17724609375,24476
2022-08-10,4649.660582532601,4577.40234375,6605
2022-08-11,4610.704351583405,4731.05419921875,15611
2022-08-12,4731.730755450361,4633.95263671875,8539
2022-08-16,4582.960814359855,4741.44580078125,7741
2022-08-17,4828.494177867289,4710.8994140625,6044
2022-08-18,4711.527558611721,4727.4775390625,6370
2022-08-19,4762.760124489317,4692.24169921875,4590
2022-08-22,4692.242325839953,4659.42431640625,4178
2022-08-23,4659.326960449911,4676.58203125,5278
2022-08-24,4676.582418123097,4774.98876953125,11479
2022-08-25,4798.865788889187,4760.53759765625,9948
2022-08-26,4831.34535490318,4729.796875,3428
2022-08-29,4678.661140139553,4795.09619140625,6775
2022-08-30,4833.133074776584,4822.7900390625,9036
2022-09-01,4822.790837418649,4743.958984375,15117
2022-09-02,4767.69099484773,4763.96923828125,4867
2022-09-05,4779.580409543489,5112.35498046875,82480
2022-09-06,5189.930677039977,5158.369140625,23902
2022-09-07,5248.9936562956445,5386.93701171875,67319
2022-09-08,5437.493360597385,5358.5166015625,28913
2022-09-09,5411.392817313453,5358.61279296875,15952
2022-09-12,5607.190770763248,5668.52587890625,85806
2022-09-13,5722.659076989538,5497.95751953125,60890
2022-09-14,5395.926168559643,5466.97607421875,30840
2022-09-15,5542.859568401632,5579.49609375,17763
2022-09-16,5605.499479010913,5579.30322265625,9961
2022-09-19,5579.303195199913,5440.5380859375,16428
2022-09-20,5479.978126667919,5531.791015625,9523
2022-09-21,5531.25913992722,5490.0791015625,7633
2022-09-22,5489.69296088054,5585.10302734375,15819
2022-09-23,5558.325963802179,5450.49462890625,11674
2022-09-26,5461.659917581087,5321.20361328125,14848
2022-09-27,5443.244841256495,5279.63671875,8194
2022-09-28,5279.636555603182,5402.69287109375,13421
2022-09-29,5447.160045335589,5288.96533203125,25325
2022-09-30,5249.041363416542,5253.681640625,13757
2022-10-03,5253.681388259428,5247.54296875,10662
2022-10-04,5275.189621038051,5206.84619140625,8774
2022-10-06,5206.847372368837,5200.46728515625,7384
2022-10-07,5200.660085035343,5324.44140625,28822
2022-10-10,5220.95968094152,5327.9697265625,8347
2022-10-11,5316.660260836421,5322.412109375,15677
2022-10-12,5335.993857064872,5231.0625,5437
2022-10-13,5248.99297244146,5227.4365234375,2925
2022-10-14,5253.5851348107835,5341.068359375,7273
2022-10-17,5341.06778494738,5337.53955078125,6079
2022-10-18,5364.268383831076,5265.330078125,8537
2022-10-19,5254.890294472564,5356.6318359375,7421
2022-10-20,5303.0783992725055,5364.75146484375,3439
2022-10-21,5323.813298771377,5259.240234375,6811
2022-10-24,5268.32656802421,5272.62841796875,1191
2022-10-25,5277.799954237582,5240.77685546875,13313
2022-10-27,5244.160327323903,5291.43017578125,19172
2022-10-28,5316.660063032876,5215.40185546875,7613
2022-10-31,5201.627002736042,5389.49853515625,16973
2022-11-01,5386.260098088994,5311.875,7077
2022-11-02,5311.826811707961,5249.67041015625,5710
2022-11-03,5205.541416360953,5263.73486328125,3260
2022-11-04,5290.076464618494,5239.76171875,3040
2022-11-07,5266.006441179674,5299.69482421875,14648
2022-11-09,5219.94463164839,5080.79296875,84078
2022-11-10,5007.326683772188,5110.90478515625,19799
2022-11-11,5113.660520710871,5267.9404296875,45329
2022-11-14,5294.281913398283,5172.046875,7765
2022-11-15,5161.993466445393,5195.14990234375,3908
2022-11-16,5219.799717297921,5177.4599609375,42781
2022-11-17,5166.826372717548,5146.76806640625,3817
2022-11-18,5142.708540584493,5032.36376953125,34442
2022-11-21,5016.993494683325,5121.34521484375,9763
2022-11-22,5074.993482823414,5120.4267578125,8475
2022-11-23,5073.833245704752,5169.6298828125,30985
2022-11-24,5193.893488312287,5322.70166015625,426188
2022-11-25,5322.7018198786745,5346.8203125,53926
2022-11-28,5360.160136264287,5357.115234375,23348
2022-11-29,5364.993104800045,5331.54638671875,12218
2022-11-30,5332.126440313818,5174.65673828125,28847
2022-12-01,5239.181654930204,5149.5234375,12508
2022-12-02,5159.045222065116,5189.978515625,56780
2022-12-05,5224.826676843417,5237.9248046875,22732
2022-12-06,5220.089929675824,5111.6298828125,120602
2022-12-07,5166.826911201284,5159.287109375,25129
2022-12-08,5135.023645628586,5132.2685546875,21572
2022-12-09,5159.28663371898,5132.17138671875,31522
2022-12-12,5154.597742723918,5169.5810546875,22801
2022-12-13,5137.826383408856,5173.8828125,24733
2022-12-14,5173.593412759535,5202.73828125,12251
2022-12-15,5218.059857743825,5176.396484375,7340
2022-12-16,5161.993002677706,5163.0078125,5122
2022-12-19,5116.076408403427,5146.5263671875,41072
2022-12-20,5125.453441003061,5142.94970703125,15744
2022-12-21,5170.01662969313,5089.01025390625,14460
2022-12-22,5055.65979102636,5026.46630859375,15464
2022-12-23,4896.20811586286,4891.90673828125,13302
2022-12-26,4818.537663331611,5033.185546875,11089
2022-12-27,5058.366651053604,5071.56201171875,5593
2022-12-28,5050.826691314823,5037.39013671875,4458
2022-12-29,4991.860579985355,5032.36376953125,9721
2022-12-30,5007.520540846704,5033.716796875,11250
2023-01-02,5033.716574374201,5137.5849609375,6091
2023-01-03,5142.660491097768,5096.21240234375,4068
2023-01-04,5123.036401944913,5059.04296875,7281
2023-01-05,5046.041640174597,5088.62353515625,6642
2023-01-06,5032.460362825146,5119.412109375,7457
2023-01-09,5145.028310839655,5186.64306640625,11993
2023-01-10,5157.160055738647,5193.0234375,5584
2023-01-11,5193.023489387008,5182.6318359375,2606
2023-01-12,5136.086928024659,5146.9619140625,6002
2023-01-13,5135.9413346111005,5143.2880859375,6958
2023-01-16,5143.626328704234,5187.078125,2457
2023-01-17,5171.708565167775,5174.99560546875,3734
2023-01-18,5200.901662945781,5203.07666015625,2597
2023-01-19,5219.993458000198,5220.7666015625,2397
2023-01-20,5244.159283763055,5109.986328125,20393
2023-01-23,5135.507139552642,5223.95703125,10156
2023-01-24,5219.945265263522,5272.7734375,7798
2023-01-25,5225.793546348019,5271.75830078125,3133
2023-01-27,5220.95976622747,5246.044921875,9527
2023-01-30,5255.373392223786,5105.00830078125,15885
2023-01-31,5122.35996944847,5091.5234375,14128
2023-02-01,5084.66051381367,5164.94189453125,8704
2023-02-02,5123.326167714989,5446.1923828125,37668
2023-02-03,5474.903306642233,5464.0283203125,18372
2023-02-06,5464.0285636537155,5530.48681640625,8646
2023-02-07,5558.180981419496,5588.5341796875,10441
2023-02-08,5649.193011361175,5578.384765625,20583
2023-02-09,5606.321248676382,5769.736328125,22517
2023-02-10,5733.002511576179,5834.01904296875,20583
2023-02-13,5891.777325389589,5902.41064453125,17020
2023-02-14,5940.158770578534,5730.34423828125,14107
2023-02-15,5718.792148936137,5821.11376953125,17981
2023-02-16,5832.859088824903,5888.20068359375,27783
2023-02-17,5896.659358593042,5752.0947265625,13116
2023-02-20,5767.125759430595,6221.45849609375,165062
2023-02-21,6203.092384636362,6350.412109375,76813
2023-02-22,6246.978256840995,6492.7529296875,92359
2023-02-23,6481.540073425473,6234.65380859375,53969
2023-02-24,6243.692272291495,5904.53759765625,88700
2023-02-27,5944.992280649228,6154.61376953125,68913
2023-02-28,6186.658813903379,6295.98876953125,47517
2023-03-01,6341.035404659557,6344.3701171875,31404
2023-03-02,6376.077342447294,6229.53076171875,21440
2023-03-03,6212.758781387142,6091.29736328125,32635
2023-03-06,6123.341762582051,6001.05859375,21896
2023-03-08,6001.059093431547,5842.42919921875,26539
2023-03-09,5875.10318805351,5955.33642578125,27298
2023-03-10,5955.2876122367115,6086.802734375,37811
2023-03-13,6117.300360368425,5969.20703125,23217
2023-03-14,6000.67218532255,5878.00244140625,20605
2023-03-15,5853.255673590366,5872.73388671875,15101
2023-03-16,5903.619548351037,5746.48779296875,34022
2023-03-17,5799.991867045941,5977.71337890625,172926
2023-03-20,5977.714160619948,5939.67578125,28497
2023-03-21,5954.6591787403,5979.79248046875,7056
2023-03-22,6031.025698339732,6042.673828125,13663
2023-03-23,6037.792158604846,6115.80224609375,12575
2023-03-24,6115.802667421655,6034.892578125,7575
2023-03-27,6080.1801813167385,5940.25537109375,9557
2023-03-28,5916.9594544427655,6008.8408203125,7143
2023-03-29,6038.903675427551,6248.2353515625,40152
2023-03-31,6251.473521521896,6189.60693359375,17026
2023-04-03,6220.588530698271,6224.60009765625,14474
2023-04-05,6205.9922771891515,6317.3037109375,8195
2023-04-06,6321.218704171905,6310.92333984375,16493
2023-04-10,6320.058119254542,6125.66162109375,26784
2023-04-11,6138.32566921343,6113.7724609375,12061
2023-04-12,6102.558892959158,6094.6806640625,4646
2023-04-13,6120.007008225926,6280.6669921875,32163
2023-04-17,6261.0922485955225,6218.4140625,6711
2023-04-18,6218.41412207409,6121.16748046875,18494
2023-04-19,6144.512137489011,6128.12744140625,16149
2023-04-20,6156.692741615273,6074.47802734375,10806
2023-04-21,6074.52564580322,6018.9423828125,15200
2023-04-24,6012.65921080462,6103.380859375,15172
2023-04-25,6085.158531706263,6014.3984375,10618
2023-04-26,5992.3590082094615,5858.18603515625,23164
2023-04-27,5877.325926406545,5863.357421875,8398
2023-04-28,5867.659416835091,6033.2490234375,23323
2023-05-02,6122.859195610969,6135.9091796875,42075
2023-05-03,6135.908744698036,6177.185546875,25365
2023-05-04,6177.137567181123,6233.6875,10379
2023-05-05,6234.991790669389,6255.001953125,31472
2023-05-08,6259.545145284732,6495.2666015625,46905
2023-05-09,6476.658175937783,6356.59814453125,21346
2023-05-10,6390.044987538336,6503.91845703125,51951
2023-05-11,6573.324827265861,6590.77294921875,33118
2023-05-12,6611.991698045811,6961.0546875,177523
2023-05-15,6911.657378437818,6915.6689453125,27678
2023-05-16,6959.991650787629,7190.9765625,48431
2023-05-17,7238.390486349573,7108.13232421875,36606
2023-05-18,7105.957543800112,7162.89404296875,30345
2023-05-19,7182.3246390645445,7247.18798828125,20200
2023-05-22,7245.157635581445,7233.79931640625,15062
2023-05-23,7234.523861051675,7433.705078125,58266
2023-05-24,7433.705208444511,7345.59375,35568
2023-05-25,7381.456885755743,7431.3369140625,20225
2023-05-26,7423.9900912069315,7328.91845703125,13176
2023-05-29,7336.02402610026,7325.2939453125,13409
2023-05-30,7332.399004149355,7253.27734375,8511
2023-05-31,7253.277641687969,7270.53271484375,28836
2023-06-01,7288.657198693662,7367.4404296875,29401
2023-06-02,7351.490673179999,7338.15087890625,10873
2023-06-05,7374.884238128837,7330.80419921875,6058
2023-06-06,7365.990879859704,7440.3759765625,37894
2023-06-07,7467.490662308394,7484.310546875,14025
2023-06-08,7510.023505929764,7711.5732421875,133203
2023-06-09,7732.3568947312115,7624.33203125,25774
2023-06-12,7684.9417897069825,7580.05859375,13163
2023-06-13,7674.308609631607,7573.1953125,11108
2023-06-14,7585.6650748811535,7700.1181640625,27815
2023-06-15,7700.118286694532,7631.2919921875,12867
2023-06-16,7652.123201291379,7584.35986328125,13755
2023-06-19,7584.360109013035,7648.59521484375,11211
2023-06-20,7696.26302915334,7817.9130859375,23591
2023-06-21,7805.85036894842,7741.10986328125,15495
2023-06-22,7740.184943312966,7557.63671875,21867
2023-06-23,7556.809849277864,7455.5888671875,26726
2023-06-26,7347.655479650805,7425.2373046875,19103
2023-06-27,7480.881956968944,7404.27294921875,19740
2023-06-28,7476.795848370076,7559.6796875,24956
2023-06-30,7578.212307665441,7452.6220703125,14877
2023-07-03,7553.891974223807,7431.46337890625,12596
2023-07-04,7469.257188324431,7467.068359375,14338
2023-07-05,7506.32154456319,7418.62255859375,7407
2023-07-06,7432.290357223231,7332.62548828125,17032
2023-07-07,7333.063333001302,7386.7138671875,23431
2023-07-10,7441.920793541002,7310.931640625,8519
2023-07-11,7310.932088687741,7071.6201171875,20796
2023-07-12,7075.024688864053,6946.56494140625,71234
2023-07-13,6946.565255620498,6973.65771484375,37188
2023-07-14,6994.378591442511,6839.166015625,24332
2023-07-17,6931.291308335794,6972.58740234375,19711
2023-07-18,6972.733518625265,7195.79931640625,25386
2023-07-19,7195.799630273448,7478.88818359375,69615
2023-07-20,7509.920647807337,7518.822265625,40664
2023-07-21,7546.109432817074,7394.107421875,35508
2023-07-24,7412.833801258523,7452.767578125,33276
2023-07-25,7473.148358979285,7634.39208984375,56039
2023-07-26,7663.820034287777,7580.64453125,18383
2023-07-27,7580.643750915959,7535.74853515625,37240
2023-07-28,7515.952115209826,7463.955078125,7517
2023-07-31,7503.208155263356,7365.79833984375,14043
2023-08-01,7416.676485080126,7473.537109375,11060
2023-08-02,7443.964106283897,7533.462890625,11748
2023-08-03,7528.599007824502,7551.16845703125,35999
2023-08-04,7626.804031512989,7701.8564453125,34504
2023-08-07,7781.529998412564,7714.1142578125,12175
2023-08-08,7714.114417213752,8148.572265625,73828
2023-08-09,8172.551917981243,8055.61962890625,33324
2023-08-10,8092.82988396953,8168.1259765625,24147
2023-08-11,8268.861057708466,8195.365234375,35213
2023-08-14,8238.752088364277,8224.5,10181
2023-08-16,8200.81222105803,8047.83740234375,9871
2023-08-17,8084.07429769644,8059.94873046875,7353
2023-08-18,8084.0751937033365,8215.11328125,11654
2023-08-21,8267.207948789423,8332.9697265625,26308
2023-08-22,8405.102977939594,8342.9892578125,13505
2023-08-23,8356.462392880545,8616.73828125,26761
2023-08-24,8716.403356132674,8590.083984375,8373
2023-08-25,8582.154999591598,9083.6884765625,65854
2023-08-28,9083.153698518885,9082.083984375,41573
2023-08-29,9082.179814955101,8991.611328125,21632
2023-08-30,9008.246945302044,9067.296875,53341
2023-08-31,9067.588618946598,9248.7265625,28301
2023-09-01,9261.177908529882,9286.7626953125,23178
2023-09-04,9313.709953232497,9021.2333984375,22230
2023-09-05,9013.500353289148,9046.4296875,12543
2023-09-06,9032.567245479582,8794.4228515625,30239
2023-09-07,8833.141012552045,8774.869140625,16708
2023-09-08,8852.645501287969,8835.767578125,22318
2023-09-11,8993.751585728807,8852.986328125,15864
2023-09-12,8949.829290554342,8630.6982421875,18210
2023-09-13,8649.182270812815,8565.130859375,33226
2023-09-14,8624.95852420006,8522.2783203125,19515
2023-09-15,8620.43394798255,8365.849609375,25416
2023-09-18,8439.150638074225,8289.5322265625,12312
2023-09-20,8288.364546988054,8435.9404296875,19275
2023-09-21,8473.20041183474,8485.263671875,43082
2023-09-22,8550.829555140184,8375.6748046875,15841
2023-09-25,8416.776630211783,8485.5546875,14502
2023-09-26,8527.969199831574,8333.455078125,11190
2023-09-27,8346.733658622805,8212.875,12428
2023-09-28,8218.32353460452,8265.0185546875,12308
2023-09-29,8306.362871186253,8289.435546875,13410
2023-10-03,8268.909804083156,8300.13671875,12581
2023-10-04,8270.951824930808,8072.30419921875,17266
2023-10-05,8114.815657621274,8067.4404296875,8034
2023-10-06,8122.987054332793,7954.00927734375,16120
2023-10-09,7947.881135517995,7957.65771484375,9926
2023-10-10,7977.065253517925,7997.640625,7111
2023-10-11,8039.325125677813,8073.13037109375,27651
2023-10-12,8113.501656206584,8392.1640625,47008
2023-10-13,8391.482862235916,8596.40625,30116
2023-10-16,8560.753157115076,8755.8505859375,23011
2023-10-17,8755.850795593899,8786.154296875,21131
2023-10-18,8786.155019923357,8881.052734375,21659
2023-10-19,8881.05143144556,8844.279296875,17510
2023-10-20,8844.279802597684,8647.0419921875,11047
2023-10-23,8687.218658351145,8539.7890625,28482
2023-10-25,8539.789153893482,8014.47021484375,34373
2023-10-26,7938.201272434214,8278.5888671875,29831
2023-10-27,8322.122124816147,8314.4365234375,10461
2023-10-30,8288.366560593618,8292.2578125,5881
2023-10-31,8308.79457755869,8252.6630859375,7042
2023-11-01,8296.051011360987,7936.59619140625,81049
2023-11-02,7996.37578455955,7910.91455078125,27251
2023-11-03,7947.832737036834,8109.611328125,32619
2023-11-06,8109.610829184715,8283.890625,14224
2023-11-07,8283.891034828675,8301.9365234375,10833
2023-11-08,8331.850437410973,8274.5029296875,13629
2023-11-09,8282.042132133163,8364.828125,7822
2023-11-10,8356.267208232288,8373.0966796875,17271
2023-11-13,8512.598860677084,8638.578125,11649
2023-11-15,8744.031630585367,8532.8818359375,17514
2023-11-16,8575.588182579557,8599.3251953125,7609
2023-11-17,8607.156316449507,8413.7119140625,15586
2023-11-20,8424.559529756669,8361.7646484375,6516
2023-11-21,8346.73483753335,8300.13671875,7013
2023-11-22,8365.16867379972,8268.470703125,6351
2023-11-23,8307.82204550646,8238.80078125,4075
2023-11-24,8229.996839955173,8219.2958984375,20964
2023-11-28,8230.969367409782,8101.001953125,22039
2023-11-29,8154.11738535846,8181.939453125,10996
2023-11-30,8122.98766686163,8353.5927734375,14575
2023-12-01,8363.272049897287,8420.4248046875,13063
2023-12-04,8444.0150880724,8369.7412109375,9372
2023-12-05,8463.325230752524,8277.5673828125,11073
2023-12-06,8318.862629456264,8245.318359375,9054
2023-12-07,8241.718505747775,8273.578125,9561
2023-12-08,8317.501423894666,8232.185546875,5264
2023-12-11,8268.860818449439,8238.0224609375,5787
2023-12-12,8279.220360143849,8112.09130859375,9993
2023-12-13,8112.091715760221,8015.5400390625,10100
2023-12-14,8026.678959192068,8023.857421875,7581
2023-12-15,8130.964336019113,8052.84765625,27668
2023-12-18,8035.433934527713,7970.88818359375,16641
2023-12-19,7970.88822527909,7924.48486328125,11687
2023-12-20,7964.077949624509,7843.2548828125,11910
2023-12-21,7843.25511142105,7877.59521484375,24707
2023-12-22,7914.708096760212,7886.30224609375,11031
2023-12-26,7962.473089995336,7876.03857421875,7227
2023-12-27,7952.745258900829,7788.0966796875,16948
2023-12-28,7806.775136420552,7714.35791015625,25035
2023-12-29,7704.6782786923495,7633.95458984375,22218
2024-01-01,7657.253415259575,7697.33349609375,22294
2024-01-02,7686.242507100098,7624.8583984375,33309
2024-01-03,7626.998577009019,7565.51708984375,18776
2024-01-04,7742.569226652665,7536.38134765625,18524
2024-01-05,7617.075852564487,7515.9033203125,24296
2024-01-08,7587.842856116505,7575.1962890625,20447
2024-01-09,7634.635108280139,7565.12744140625,12894
2024-01-10,7607.396695874872,7532.10107421875,13716
2024-01-11,7547.471183269373,7551.75146484375,21454
2024-01-12,7615.178824397802,7799.52685546875,81483
2024-01-15,7879.7842699709645,7831.33837890625,19399
2024-01-16,7877.8390280488675,7836.7861328125,11281
2024-01-17,7840.871822213918,7809.693359375,10559
2024-01-18,7809.693171320152,7718.5888671875,10471
2024-01-19,7815.578441710828,7948.27001953125,85589
2024-01-23,7933.288950912998,7935.818359375,22641
2024-01-24,7943.065600310197,7973.6123046875,19911
2024-01-25,7995.93829238344,7964.27294921875,12971
2024-01-29,8064.472133029345,7959.7978515625,10619
2024-01-30,8040.152111885844,8000.4130859375,10708
2024-01-31,8039.714951630035,8029.3056640625,10382
2024-02-01,8052.944953735931,8038.255859375,18008
2024-02-02,8054.307129686844,8015.34521484375,7343
2024-02-05,8015.005325260684,8015.9296875,8011
2024-02-06,8054.890326504888,7996.71630859375,9203
2024-02-07,7961.548688377813,8028.041015625,7908
2024-02-08,8035.434323942247,8015.73486328125,8048
2024-02-09,8009.168146233161,7820.63720703125,12274
2024-02-12,7807.261207397254,7453.1083984375,47858
2024-02-13,7452.6709514374415,7330.38818359375,11868
2024-02-14,7330.388406059209,7327.810546875,13135
2024-02-15,7393.37783538053,7147.1103515625,39452
2024-02-16,7198.8151839138045,7351.35205078125,19481
2024-02-19,7472.175433326206,7257.767578125,8232
2024-02-20,7272.116539979451,7374.40771484375,26108
2024-02-21,7344.736982744411,7279.36376953125,5259
2024-02-22,7254.557294201425,7231.7451171875,17994
2024-02-23,7373.823400740536,7247.2119140625,26196
2024-02-26,7296.096357201705,7342.40234375,14899
2024-02-27,7353.492923214037,7412.59130859375,41192
2024-02-28,7427.377518049726,7450.5302734375,10625
2024-02-29,7442.0178722726605,7373.4345703125,49775
2024-03-01,7373.434838155319,7389.97265625,10816
2024-03-04,7322.410723736426,7338.365234375,10424
2024-03-05,7353.929806023109,7327.080078125,25111
2024-03-06,7327.080475153991,7439.24560546875,15201
2024-03-07,7446.590686103315,7384.28173828125,23892
2024-03-11,7384.28211863296,7266.13427734375,16703
2024-03-12,7280.482947706891,7105.5224609375,15277
2024-03-13,7101.533975794903,6835.27490234375,19660
2024-03-14,6835.274910033019,6747.91650390625,24799
2024-03-15,6742.0790569465435,6760.5625,24701
2024-03-18,6717.272971212058,6628.55224609375,25223
2024-03-19,6662.211423948453,6449.89501953125,21298
2024-03-20,6462.639040386315,6802.4423828125,47347
2024-03-21,6858.3305643642825,6625.97412109375,24542
2024-03-22,6645.8685184712185,6655.15869140625,43633
2024-03-26,6798.988627399742,6623.88232421875,33663
2024-03-27,6683.710787549326,6684.00244140625,51898
2024-03-28,6717.467351729607,6598.10302734375,10520
2024-04-01,6630.838144473846,6761.53564453125,7166
2024-04-02,6803.998954319326,6708.56591796875,19357
2024-04-03,6746.408758992696,7418.6708984375,157232
2024-04-04,7418.670542655101,7291.62109375,29252
2024-04-05,7258.156820068359,7128.43212890625,29375
2024-04-08,7172.500337764163,7216.47119140625,18513
2024-04-09,7216.471782414747,7054.54736328125,11739
2024-04-10,7052.650249240454,6999.58349609375,9029
2024-04-12,6999.5833626881695,6939.75537109375,18283
2024-04-15,6907.944244195915,6976.43017578125,23682
2024-04-16,6907.457586385139,6995.0107421875,17587
2024-04-18,6995.010948445188,6897.87548828125,15239
2024-04-19,6882.407575170245,6909.93798828125,9497
2024-04-22,7004.155069804997,6972.05224609375,10413
2024-04-23,7006.927762811456,7108.68408203125,15971
2024-04-24,7120.989750773256,7065.150390625,6356
2024-04-25,7065.150689695339,7048.12646484375,5443
2024-04-26,7071.522287202136,7008.33837890625,4283
2024-04-29,7094.675613377701,7016.8505859375,4579
2024-04-30,7077.213558898736,6995.39990234375,5073
2024-05-02,7013.980469858961,6855.02294921875,16149
2024-05-03,6855.0230945239,6666.05419921875,29935
2024-05-06,6683.759559509077,6709.2958984375,8833
2024-05-07,6715.910505931993,6636.04248046875,7917
2024-05-08,6669.264503209149,6590.7587890625,5716
2024-05-09,6590.75859829009,6559.7744140625,15438
2024-05-10,6575.339712812145,6560.99072265625,3631
2024-05-13,6566.4867760988955,6925.84375,90136
2024-05-14,6940.046916681398,6755.4072265625,35059
2024-05-15,6765.8160101126905,6978.7646484375,46316
2024-05-16,6984.698909037527,6851.326171875,16593
2024-05-17,6851.52062666416,6948.51025390625,11193
2024-05-21,7023.708243177486,6928.810546875,7328
2024-05-22,6996.665041918989,6956.5849609375,6860
2024-05-23,7019.428412986086,6958.7734375,16203
2024-05-24,6978.9112232039715,6931.58349609375,7476
2024-05-27,6989.66048000769,6977.3544921875,5303
2024-05-28,6991.2653290031285,6944.5703125,36390
2024-05-29,6920.104713145984,6875.64697265625,9410
2024-05-30,6875.646794187242,6850.7431640625,6140
2024-05-31,6835.177858447933,6816.2080078125,7584
2024-06-03,6905.998467825669,6965.24267578125,72476
2024-06-04,6965.2427578039305,6800.39990234375,15718
2024-06-05,6799.961790029948,6727.29248046875,16893
2024-06-06,6702.680582976553,6959.16259765625,15974
2024-06-07,6979.105462573959,7011.3056640625,7835
2024-06-10,7082.02921619009,7157.7138671875,22796
2024-06-11,7296.096486199132,7291.232421875,25267
2024-06-12,7364.145098254995,7215.0615234375,9066
2024-06-13,7323.286887724721,7357.3837890625,10824
2024-06-14,7373.921491863086,7441.19140625,13632
2024-06-18,7587.745412567956,7858.9169921875,114258
2024-06-19,7928.424933885347,7897.294921875,31725
2024-06-20,7931.051378165586,8069.92041015625,35998
2024-06-21,8074.346377335817,8843.16015625,300651
2024-06-24,8810.76594705813,8893.6982421875,139900
2024-06-25,8891.494941228339,8815.1142578125,31514
2024-06-26,8822.948053849977,8808.7978515625,27854
2024-06-27,8770.06870949928,8573.53515625,71050
2024-06-28,8715.231608358765,8502.9814453125,35178
2024-07-01,8617.307294796352,8558.7001953125,78007
2024-07-02,8563.4498678199,8891.4951171875,70848
2024-07-03,8950.24980237412,8800.7197265625,27059
2024-07-04,8800.377201063506,8835.5810546875,15797
2024-07-05,8855.263281871623,8964.64453125,26536
2024-07-08,8930.66492351896,8818.5419921875,14025
2024-07-09,8999.211227190162,8794.060546875,79988
2024-07-10,8773.986650983068,8803.8046875,51854
2024-07-11,8773.986805371404,8737.8037109375,7271
2024-07-12,8715.379348570816,8802.0908203125,54145
2024-07-15,8840.916964239927,8858.7880859375,13938
2024-07-16,8960.042106953493,8980.361328125,45350
2024-07-18,8883.95445547519,8811.099609375,11244
2024-07-19,8828.921770053123,8539.41015625,10807
2024-07-22,8539.4096667415,8798.859375,11814
2024-07-23,8786.715778294018,8830.2431640625,30973
2024-07-24,8830.243812874056,8708.6220703125,8638
2024-07-25,8629.059723428047,8598.06640625,5345
2024-07-26,8607.516177566817,8586.1689453125,7997
2024-07-29,8950.152429292328,8839.7431640625,15483
2024-07-30,8901.287765578543,8892.474609375,12460
2024-07-31,8919.893231583641,8747.6943359375,8658
2024-08-01,8813.057673952231,8827.892578125,5350
2024-08-02,8822.996534364605,8753.32421875,5598
2024-08-05,8656.477609184802,9240.7900390625,238374
2024-08-06,9694.422333712942,9629.44921875,280312
2024-08-07,9792.395328443728,9750.2392578125,91270
2024-08-08,9838.616493262914,10161.716796875,92897
2024-08-09,10282.014520163504,10204.1162109375,83264
2024-08-12,10281.966657647417,10082.69140625,116575
2024-08-13,10086.167328251518,9674.88671875,95865
2024-08-14,9868.383562192657,9953.7734375,83909
2024-08-16,9835.481813112532,9891.7880859375,18135
2024-08-19,9938.057939979939,9593.6591796875,18156
2024-08-20,9586.804454684378,9488.5869140625,11422
2024-08-21,9449.759307780654,9587.09765625,18146
2024-08-22,9562.274528869653,9562.3720703125,11379
2024-08-23,9630.918520119434,9538.7724609375,7711
2024-08-26,9479.087888379529,9570.1083984375,14854
2024-08-27,9597.52735928274,9591.3095703125,8919
2024-08-28,9635.71808555607,9388.5576171875,8945
2024-08-29,9435.511794377,9266.740234375,5979
2024-08-30,9351.73763519838,9025.2587890625,8456
2024-09-02,9053.070473327678,9106.8798828125,8263
2024-09-03,9146.097713818714,8870.7353515625,28348
2024-09-04,8822.214111038278,9161.6181640625,48958
2024-09-05,8911.080393645327,9010.9140625,60842
2024-09-06,9009.003994690196,8991.96484375,36697
2024-09-09,8990.055548866181,8620.44140625,33900
2024-09-10,8763.214438751547,8471.939453125,25895
2024-09-11,8587.930495811144,8359.08203125,18552
2024-09-12,8363.244124431016,8283.09375,19484
2024-09-13,8368.630636692864,8277.4150390625,15502
2024-09-16,8264.781796656756,8186.638671875,21717
2024-09-17,8220.716250142432,8207.8388671875,22653
2024-09-18,8179.587810571629,8093.169921875,13991
2024-09-19,8125.778637920445,8027.21875,27335
2024-09-20,8010.424229231302,8098.26220703125,26847
2024-09-23,8078.726324112637,8078.92236328125,15787
2024-09-24,8127.639161659094,8143.20849609375,14294
2024-09-25,8201.131412723964,8088.763671875,9311
2024-09-26,8088.7630918537325,7987.55859375,15167
2024-09-27,7980.802570258819,7954.99951171875,11387
2024-09-30,7957.300350764872,7922.34130859375,12829
2024-10-01,7883.416641454671,7927.0908203125,13972
2024-10-03,7893.061952733977,7977.42333984375,21924
2024-10-04,7977.375071548333,7816.38818359375,18570
2024-10-07,7853.452691714279,7585.091796875,15067
2024-10-08,7558.946385555141,7804.0986328125,23801
2024-10-09,7872.106773278939,7776.6796875,20660
2024-10-10,7776.6796165504165,7831.07666015625,13415
2024-10-11,7755.57752355397,7735.64990234375,6403
2024-10-14,7784.954429237816,7689.52734375,10488
2024-10-15,7728.158903116479,7859.0341796875,20513
2024-10-16,7859.033830399573,7804.68603515625,6126
2024-10-17,7804.685840652151,7655.5478515625,10244
2024-10-18,7640.075841621821,7608.2998046875,7568
2024-10-21,7613.538748174059,7507.87841796875,7280
2024-10-22,7529.373210754083,7194.962890625,17525
2024-10-23,7230.949756183937,7145.021484375,14970
2024-10-24,7152.365520045272,6925.818359375,15142
2024-10-25,6926.014569292583,6846.98974609375,20857
2024-10-28,6893.846732089037,6872.107421875,17641
2024-10-29,6952.6006273360235,6880.67529296875,5834
2024-10-30,6881.703805201943,7030.05859375,13572
2024-10-31,7011.403773343869,7034.7099609375,16912
2024-11-01,7226.7878774919955,7111.0908203125,3473
2024-11-04,7205.244751992183,6986.3359375,9945
2024-11-05,6984.866848911442,6981.48828125,8042
2024-11-06,7008.857889446204,7063.30322265625,8419
2024-11-07,7060.317478007256,7057.67333984375,10928
2024-11-08,7040.732221749593,6905.20556640625,8064
2024-11-11,6908.632920561813,6781.1357421875,11176
2024-11-12,6800.965322902719,6919.20849609375,29170
2024-11-13,6942.808012737722,6624.94677734375,25286
2024-11-14,6729.334055329995,6863.587890625,24826
2024-11-18,7030.9398873390555,7130.087890625,50127
2024-11-19,7154.813899592413,6985.16064453125,13950
2024-11-21,6983.936439688069,6805.3232421875,17086
2024-11-22,6831.61573206853,6854.18701171875,21273
2024-11-25,6893.8464256773805,6892.4755859375,14490
2024-11-26,6904.324533776914,7088.9599609375,21735
2024-11-27,7097.528303982654,7067.955078125,12332
2024-11-28,7128.765685251371,7177.04248046875,19252
2024-11-29,7215.820018220314,7259.1513671875,18674
2024-12-02,7333.5248355547565,7255.67529296875,13219
2024-12-03,7289.606012114262,7668.13134765625,89912
2024-12-04,7667.445587411142,7558.3583984375,13618
2024-12-05,7638.0684441974345,7514.0478515625,8887
2024-12-06,7526.7287244213,7705.43994140625,15822
2024-12-09,7725.024771056977,7659.95458984375,9082
2024-12-10,7674.985974890945,7796.46044921875,23145
2024-12-11,7768.0137991228885,7670.08984375,11721
2024-12-12,7667.445619402744,7533.87744140625,9028
2024-12-13,7533.8776625839155,7523.9384765625,9808
2024-12-16,7628.276116620911,7564.67431640625,7124
2024-12-17,7691.926477099638,7434.97412109375,11466
2024-12-18,7432.428291445955,7349.24169921875,6967
2024-12-19,7358.886859795603,7430.5673828125,7779
2024-12-20,7399.134061059509,7142.23046875,9274
2024-12-23,7160.052766449993,7143.3564453125,6141
2024-12-24,7148.4483668536595,7190.947265625,4877
2024-12-26,7190.948017255207,7058.8974609375,5213
2024-12-27,7059.337935700771,7043.42529296875,4349
2024-12-30,7050.524812027973,7525.4072265625,114965
2024-12-31,7413.087972423533,7429.490234375,17580
2025-01-01,7527.41440606341,7489.17529296875,7056
2025-01-02,7489.175308545728,7526.1416015625,11049
2025-01-03,7486.286270706687,7368.92431640625,8468
2025-01-06,7368.924572767062,7136.89404296875,12031
2025-01-07,7136.697902262687,7231.73291015625,11515
2025-01-08,7305.127025331702,7038.72509765625,9246
2025-01-09,7068.150842576904,6993.43505859375,8278
2025-01-10,6993.728911129748,6743.9248046875,15276
2025-01-13,6743.876353569842,6519.33642578125,22891
2025-01-14,6658.78007459498,6558.65283203125,10926
2025-01-15,6609.769352667034,6659.4169921875,14910
2025-01-16,6776.337848601048,6729.6279296875,12254
2025-01-17,6791.0263823137575,6764.5869140625,11534
2025-01-20,6764.635868671401,6729.33447265625,8189
2025-01-21,6763.019804566537,6661.32568359375,4617
2025-01-22,6653.8347858198085,6577.0625,14650
2025-01-23,6541.075786747251,6573.83154296875,6003
2025-01-24,6582.741988437199,6362.021484375,17730
2025-01-27,6267.133150662632,6250.2900390625,32683
2025-01-28,6250.290094835068,6051.9453125,24120
2025-01-29,6115.351154790109,6470.1787109375,16959
2025-01-30,6379.745674233189,6450.9853515625,9548
2025-01-31,6479.970880459801,6549.35009765625,7451
2025-02-01,6560.415571751858,6635.9150390625,8609
2025-02-03,6602.3267222006025,6778.58984375,13059
2025-02-04,6903.638944768321,6645.9521484375,14829
2025-02-05,6645.952030362734,6731.0478515625,8249
2025-02-06,6766.545046825918,6766.64306640625,9323
2025-02-07,6707.790960508077,6645.11962890625,5906
2025-02-10,6580.734682444574,6454.16796875,10222
2025-02-11,6455.14674864402,6367.06396484375,24038
2025-02-12,6365.057240824116,6201.37744140625,21431
2025-02-13,6150.603561377682,6064.28369140625,19117
2025-02-14,6120.247072623066,6042.83837890625,19023
2025-02-17,6042.838504177739,5924.30126953125,17867
2025-02-18,5923.468933657094,5845.0322265625,8504
2025-02-19,5841.164027584808,5864.86181640625,10871
2025-02-20,5875.53554975317,5822.1669921875,13787
2025-02-21,5831.616278392043,5705.63720703125,30342
2025-02-24,5699.174457782964,5460.43603515625,81577
2025-02-25,5483.692956750837,5289.2646484375,80915
2025-02-27,5289.264399466508,5281.67529296875,58023
2025-02-28,5268.79800216491,5181.40087890625,55203
2025-03-03,5181.4010324692445,5164.01953125,23799
2025-03-04,5164.01963764056,5309.97509765625,30996
2025-03-05,5308.506312267719,5394.82666015625,28666
2025-03-06,5437.619440898506,5471.697265625,20803
2025-03-07,5471.697050303098,5447.80322265625,21904
2025-03-10,5450.4476288356755,5393.9453125,20476
2025-03-11,5286.522653095445,5196.041015625,17656
2025-03-12,5196.0412343557855,5193.103515625,17135
2025-03-13,5192.955963844483,5091.35986328125,19078
2025-03-17,5091.457739779893,4976.88671875,33126
2025-03-18,4976.88671875,4976.88671875,0
2025-03-19,5190.01826090018,5198.341796875,24374
2025-03-20,5257.537388740567,5304.05126953125,49722
2025-03-21,5380.921545018595,5484.52490234375,42683
2025-03-24,5488.686258819812,5542.15283203125,41394
2025-03-25,5633.565370749911,5520.7080078125,21193
2025-03-26,5518.504642119764,5533.48681640625,21314
2025-03-27,5503.032627252313,5606.04833984375,38544
2025-03-28,5576.769294375205,5521.73583984375,40127
2025-04-01,5491.330562401298,5525.55517578125,12429
2025-04-02,5522.911080957363,5615.44921875,10475
2025-04-03,5525.163206668608,5587.4921875,11171
2025-04-04,5602.474420130865,5396.93212890625,12038
2025-04-07,5261.992529083199,5286.3759765625,21854
2025-04-08,5286.375876601432,5345.8154296875,7403
2025-04-09,5319.1313057243015,5300.427734375,5727
2025-04-11,5406.381358384224,5281.5283203125,12545
2025-04-15,5438.696853932662,5546.90283203125,27937
2025-04-16,5606.14623540012,5563.54931640625,7318
2025-04-17,5600.760321545635,5538.57861328125,6968
2025-04-21,5580.686032056052,5552.2880859375,11093
2025-04-22,5537.599408525897,5682.52685546875,13317
2025-04-23,5694.277767447414,5574.810546875,23366
2025-04-24,5572.852437433968,5561.1015625,11977
2025-04-25,5532.70343877079,5357.9091796875,23176
2025-04-28,5330.4907386122695,5304.05126953125,14654
2025-04-29,5315.312484246105,5341.751953125,15813
2025-04-30,5312.374914958669,5245.78662109375,18551
2025-05-02,5216.898390136582,5239.4208984375,13275
2025-05-05,5234.035068173233,5265.8603515625,16363
2025-05-06,5238.931680338358,5201.23095703125,29127
2025-05-07,5170.384702166065,5289.3623046875,26627
2025-05-08,5282.508026438117,5406.3818359375,145823
2025-05-09,5320.208241403839,5710.9248046875,248761
2025-05-12,5924.399435101151,6477.18017578125,610814
2025-05-13,6423.811433783888,6357.22314453125,97036
2025-05-14,6355.264901040864,6356.244140625,81592
2025-05-15,6351.347697565236,6342.044921875,38072
2025-05-16,6369.95352197359,6401.77880859375,45708
2025-05-19,6453.188928104323,6364.078125,16371
2025-05-20,6448.7821338044905,6198.58642578125,16046
2025-05-21,6198.586256495691,6277.4150390625,53723
2025-05-22,6245.589686340784,6269.5810546875,12032
2025-05-23,6238.2453186596085,6233.34912109375,11110
2025-05-26,6203.482618328976,6367.015625,18923
2025-05-27,6369.463729498159,6325.39794921875,13033
2025-05-28,6359.182051535453,6250.97607421875,13743
2025-05-29,6242.652120085931,6287.20751953125,14928
2025-05-30,6319.032672017447,6229.921875,32949
2025-06-02,6227.963361021463,6296.0205078125,12784
2025-06-03,6363.098593744024,6400.79931640625,27548
2025-06-04,6400.799421800795,6469.34619140625,41034
2025-06-05,6472.773486424491,6450.2509765625,32253
2025-06-06,6450.25128853946,6472.2841796875,13530
2025-06-09,6551.112457985101,6905.59716796875,202520
2025-06-10,7001.562898074179,6906.57666015625,83585
2025-06-11,6938.891340745793,6852.71826171875,54351
2025-06-12,6811.590143458711,6860.0625,24633
2025-06-13,6712.687008299804,6852.71826171875,22837
2025-06-16,6849.780504861925,6890.4189453125,22055
2025-06-17,6890.418972239266,6907.5556640625,56990
2025-06-18,6883.075049637431,6823.8310546875,26594
2025-06-19,6825.299627389398,6720.52099609375,29019
2025-06-20,6688.206086184746,6466.89794921875,69607
2025-06-23,6414.019261968456,6594.68896484375,35144
2025-06-24,6658.829345433277,6644.63037109375,29370
2025-06-25,6658.828770708804,6634.83740234375,12069
2025-06-26,6654.422381971618,6459.5537109375,39799
2025-06-27,6519.777214515937,6674.4970703125,105047
2025-06-30,6776.337752840909,6732.27197265625,39675
2025-07-01,6756.986345891144,6711.01708984375,20934
2025-07-02,6675.428291388459,6577.06396484375,35382
2025-07-03,6623.527541516537,6687.78564453125,28832
2025-07-04,6687.785335286459,6672.95654296875,14844
2025-07-07,6668.0138533318495,6661.09375,16158
2025-07-08,6623.527665285256,6701.6259765625,17591
2025-07-09,6724.857599700268,6702.1201171875,20810
2025-07-10,6702.120279542625,6749.078125,20360
2025-07-11,6749.078061490878,6597.330078125,49097
2025-07-14,6599.801226019581,6550.8662109375,16028
2025-07-15,6550.8665208501425,6432.73046875,58242
2025-07-16,6445.581915904087,6846.45361328125,303927
2025-07-17,6870.67382466324,6972.00390625,83719
2025-07-18,6971.510013239995,6842.49951171875,30216
2025-07-21,6873.6400052991985,6828.1650390625,31055
2025-07-22,6821.244620943597,6789.60986328125,30332
2025-07-23,6801.473186330484,6709.53466796875,29006
2025-07-24,6726.340307573513,6631.43603515625,17821
2025-07-25,6623.527352314395,6538.0146484375,9355
2025-07-28,6516.266072603586,6467.3310546875,22282
2025-07-29,6460.410538890764,6408.509765625,13433
2025-07-30,6409.9929569355945,6439.15625,15138
2025-07-31,6361.55190963104,6470.29638671875,13986
2025-08-01,6425.810164385491,6360.5634765625,8175
2025-08-04,6375.392453558533,6502.42578125,21950
2025-08-05,6484.1366480100105,6332.388671875,17662
2025-08-06,6326.951565245169,6189.5380859375,35690
2025-08-07,6179.652189292489,6172.23779296875,37922
2025-08-08,6132.199921330498,6134.67138671875,18647
2025-08-11,6140.108628895855,6315.08837890625,24264
2025-08-12,6366.494850461178,6283.45361328125,6174
2025-08-13,6277.52208062578,6337.33154296875,10982
2025-08-14,6329.917540454537,6324.974609375,12610
2025-08-18,6386.2669151624295,6424.82177734375,18708
2025-08-19,6524.668643485034,6424.3271484375,13900
2025-08-20,6495.01108999399,6425.81005859375,15025
2025-08-21,6447.558978947559,6403.56689453125,4816
2025-08-22,6448.5476393020745,6453.98486328125,14139
2025-08-25,6498.9657360505735,6393.18701171875,6843
2025-08-26,6379.840845219678,6240.4501953125,7625
2025-08-28,6237.978682111164,6175.69775390625,5718
2025-08-29,6175.6977706181415,6238.96728515625,13235
2025-09-01,6238.472985783536,6215.2412109375,5580
2025-09-02,6228.09296449402,6260.71630859375,21728
2025-09-03,6278.510669502641,6236.00146484375,7214
2025-09-04,6247.3704027533995,6292.35107421875,7225
2025-09-05,6293.339654628608,6268.625,5218
2025-09-08,6256.267592311886,6311.62841796875,10626
2025-09-09,6311.628407771372,6272.0849609375,5381
2025-09-10,6271.5909487027375,6301.24853515625,14183
2025-09-11,6301.248190860798,6269.119140625,8023
2025-09-12,6269.613520370333,6249.841796875,10447
2025-09-15,6249.8417350574655,6246.8759765625,8396
2025-09-16,6270.6021414747065,6267.14208984375,3899
2025-09-17,6267.636603842269,6301.24853515625,23422
2025-09-18,6312.122763021859,6275.05078125,8095
2025-09-19,6326.95162835249,6192.50390625,16132
2025-09-22,6197.9412605869165,6230.0703125,39185
2025-09-23,6233.529964074193,6109.46240234375,20601
2025-09-24,6109.462848356472,6052.619140625,35549
2025-09-25,6060.03332471723,6058.05615234375,12371
2025-09-26,6058.056073762035,6108.96826171875,22204
2025-09-29,6078.816439074298,6088.2080078125,11023
2025-09-30,6088.2082527652765,6092.16259765625,4292
2025-10-01,6100.5652296889075,6036.30712890625,7220
2025-10-03,6036.307352021835,6078.322265625,5930
2025-10-06,6089.690970520986,6053.11328125,9611
2025-10-07,6060.033499670256,6019.50146484375,5111
2025-10-08,6030.375931504978,6106.4970703125,11017
2025-10-09,6106.496661965721,5954.25439453125,14964
2025-10-10,5954.254379065328,5898.8935546875,12915
2025-10-13,5898.893991070593,5943.38037109375,15032
2025-10-14,5992.809515961049,6021.478515625,16490
2025-10-15,6020.984090888557,5983.912109375,18986
2025-10-16,6020.489671141487,5970.07177734375,8631
2025-10-17,5970.0718285961975,5933.494140625,12560
2025-10-20,5995.775416483502,5973.5322265625,14308
2025-10-21,5936.459977028495,5999.7294921875,1706
2025-10-23,6005.166888928421,5953.26611328125,12806
2025-10-24,5951.28883090415,6002.6953125,11094
2025-10-27,6002.695232381816,5928.55126953125,7542
2025-10-28,5980.9462051046385,5898.8935546875,4766
2025-10-29,5906.80243565989,6056.5732421875,16621
2025-10-30,6030.3759027300475,6112.9228515625,13680
2025-10-31,6112.922921238544,6155.43212890625,14980
2025-11-03,6158.892040650367,6211.287109375,18095
2025-11-04,6178.663676343186,6222.65576171875,13291
2025-11-06,6257.256126628946,6113.9111328125,9144
2025-11-07,6100.565263344563,5928.55126953125,16086
2025-11-10,5932.5055643537125,5855.89013671875,14192
2025-11-11,5905.319573323246,5752.5830078125,33450
2025-11-12,5794.103460972018,5705.625,13711
2025-11-13,5694.256452251143,5621.10107421875,24634
2025-11-14,5633.458446978759,5552.888671875,91142
2025-11-17,5556.842925903223,5556.3486328125,30249
2025-11-18,5545.968401841714,5615.16943359375,32335
2025-11-19,5634.446917883381,5586.50048828125,7669
2025-11-20,5600.340519884614,5617.146484375,10032
2025-11-21,5618.629801760174,5520.759765625,10648
2025-11-24,5520.759778857795,5435.2470703125,55234
2025-11-25,5437.223929514587,5404.6005859375,19963
2025-11-26,5437.2238906728435,5488.63037109375,11653
2025-11-27,5543.497027836072,5494.56201171875,11704
2025-11-28,5496.5392402812895,5473.8017578125,51292
2025-12-01,5482.698779021712,5438.21240234375,10781
2025-12-02,5417.452160262039,5347.7568359375,10235
2025-12-03,5348.251088965529,5423.8779296875,17558
2025-12-04,5424.86646230523,5343.30810546875,7299
2025-12-05,5343.308149783197,5283.00439453125,11021
2025-12-08,5321.065294459153,5259.77294921875,15391
2025-12-09,5267.1871794871795,5204.90625,20391
2025-12-10,5246.427103178829,5294.37353515625,19120
2025-12-11,5281.027481791804,5217.263671875,8533
2025-12-12,5266.692915710873,5198.48046875,8243
2025-12-15,5208.860790869503,5120.38232421875,34310
2025-12-16,5115.933661712546,5291.40771484375,47374
2025-12-17,5317.605235712806,5369.01171875,51382
2025-12-18,5359.125575859951,5230.609375,21086
2025-12-19,5219.735262331097,5231.10400390625,12105
2025-12-22,5239.50666099524,5270.15283203125,20912
2025-12-23,5279.050099001581,5238.51806640625,10696
2025-12-24,5249.392809709821,5190.07763671875,12330
2025-12-26,5199.963546190407,5121.865234375,24533
2025-12-29,5138.671192109086,5082.32177734375,13229
2025-12-30,5083.310062759003,5099.12744140625,5917
2025-12-31,5113.956525202047,5175.7431640625,12038
2026-01-01,5216.769400768277,5179.203125,7796
2026-01-02,5185.134707306129,5197.986328125,15070
2026-01-05,5197.986064291055,5122.853515625,11912
2026-01-06,5122.85357542224,5117.91064453125,9348
2026-01-07,5101.104556208905,5111.97900390625,9139
2026-01-08,5111.979039055725,5129.279296875,18631
2026-01-09,5092.207236611283,5063.0439453125,52716
2026-01-12,5070.952956881812,5000.26904296875,15287
2026-01-13,5001.751773718085,5016.58056640625,15385
2026-01-14,5016.580693350752,5038.32958984375,6704
2026-01-16,5027.949366662757,5136.69384765625,20400
2026-01-19,5126.3135670153115,5005.7060546875,8362
2026-01-20,5006.6949673642,4958.74853515625,11618
2026-01-21,4957.759801854975,4982.96875,30356
2026-01-22,5017.0749410296785,4973.5771484375,19045
2026-01-23,4958.253792953723,4882.626953125,13544
2026-01-27,4893.007212544329,4817.38037109375,13707
2026-01-28,4817.380580818076,4936.99951171875,9137
2026-01-29,4936.999506413481,4913.2734375,7393
2026-01-30,4903.881996240235,4942.93115234375,13293
2026-02-02,5002.24593035741,4963.19677734375,9408
2026-02-03,5091.11974648103,5088.84619140625,13171
2026-02-04,5017.074839241872,5124.9296875,85448
2026-02-05,5124.830980544211,4995.91943359375,13868
2026-02-06,4992.459434123026,5108.1240234375,23703
2026-02-09,5108.123655306269,5215.38525390625,13503
2026-02-10,5241.285836932666,5227.05029296875,11680
2026-02-11,5227.050458447262,5156.86083984375,6856
2026-02-12,5170.799977934936,5132.2451171875,7894
2026-02-13,5110.990498010979,5053.45458984375,7443
2026-02-16,5043.766843113028,5031.90380859375,6827
2026-02-17,5027.94956239942,5067.9873046875,6911
2026-02-18,5089.835057753737,5157.25634765625,19420
2026-02-19,5140.648081172478,5061.06689453125,5605
2026-02-20,5061.067212221042,5037.2421875,9273
2026-02-23,5087.264509433532,5033.58447265625,8387
2026-02-24,5022.017770328612,4937.49365234375,11964
2026-02-25,4937.493835425828,4875.80615234375,12147
2026-02-26,4849.015294415549,4887.76806640625,11681
2026-02-27,4856.23172707502,4830.62744140625,10399
2026-03-02,4695.784405368971,4730.18701171875,15388
2026-03-04,4695.784548931113,4729.10009765625,12261
2026-03-05,4745.312572961803,4709.9208984375,13030
2026-03-06,4695.784513788219,4688.3701171875,5611
2026-03-09,4646.453926772361,4497.57275390625,34045
2026-03-10,4517.838670881445,4531.77783203125,18886
2026-03-11,4547.496515613066,4599.001953125,40412
2026-03-12,4572.211329162909,4614.62158203125,13682
2026-03-13,4562.720451678573,4472.66015625,11688
2026-03-16,4472.363801676096,4528.6142578125,13519
2026-03-17,4526.24168839028,4549.078125,21868
2026-03-18,4549.07830643385,4925.2353515625,92567
2026-03-19,4849.015380371966,4704.1875,22015
2026-03-20,4704.187403459763,4699.4423828125,13514
2026-03-23,4646.354841723846,4530.59130859375,13908
2026-03-24,4655.647934285077,4647.14599609375,14247
2026-03-25,4646.355234305407,4674.33203125,23775
2026-03-27,4656.240919368199,4587.5341796875,84209
2026-03-30,4547.49663167605,4510.62255859375,22910
2026-04-01,4512.895826740392,4614.126953125,9237
2026-04-02,4573.1997832784045,4623.9140625,5834
2026-04-06,4638.940461099925,4734.14111328125,14072
2026-04-07,4725.44217108281,4754.30908203125,6644
2026-04-08,4839.129240611233,4995.72119140625,34396
2026-04-09,4995.820395841777,4976.24658203125,10358
2026-04-10,5002.246237529059,5103.08203125,21361
2026-04-13,4992.3602263430075,5158.34375,31954
2026-04-15,5170.305621306792,5238.51806640625,13379
2026-04-16,5323.536548559525,5210.73876953125,11652
2026-04-17,5224.183617440436,5264.3203125,12082
2026-04-20,5293.878879949191,5245.83349609375,9606
2026-04-21,5272.0311280067035,5234.76171875,9440
2026-04-22,5234.563728003258,5426.25048828125,32153
2026-04-23,5405.589390250979,5407.36865234375,26196
2026-04-24,5398.668973836819,5267.4833984375,7922
2026-04-27,5358.136951322287,5205.400390625,13176
2026-04-28,5207.872056998056,5168.0322265625,5515
2026-04-29,5181.872483995712,5256.5107421875,11143
2026-04-30,5256.312803694227,5192.64794921875,4029
2026-05-01,5192.64794921875,5192.64794921875,0
2026-05-04,5211.331977728369,5240.0009765625,7142
2026-05-05,5278.5557326211365,5305.24755859375,8088
2026-05-06,5305.247653408728,5317.60498046875,10224
2026-05-07,5327.491133352996,5394.220703125,15681
2026-05-08,5425.855323287452,5716.00537109375,163846
2026-05-11,5562.774478034328,6081.7822265625,96924
2026-05-12,6081.782139147262,5858.85595703125,55571
2026-05-13,5782.735006932939,5742.697265625,20062
2026-05-14,5748.628599953176,5624.56103515625,15132
2026-05-15,5679.427429475396,5571.17724609375,8265
2026-05-18,5536.08247784924,5495.05615234375,8176
2026-05-19,5536.082829955833,5707.6025390625,14512
2026-05-20,5662.621678481343,5682.8876953125,11511
2026-05-21,5723.419891041068,5721.93701171875,9521
2026-05-22,5733.305736047201,5642.85009765625,5917
2026-05-25,5734.2942650093,5663.6103515625,7499
2026-05-26,5655.2074935570345,5677.45068359375,7737
2026-05-27,5684.370767808054,5731.32861328125,4891
2026-05-28,5731.32861328125,5731.32861328125,0
2026-05-29,5763.951716579081,5500.98779296875,13564
2026-06-01,5505.930758622162,5518.2880859375,9390
2026-06-02,5438.212430656222,5541.025390625,4190
2026-06-03,5541.025628330503,5513.34521484375,4396
2026-06-04,5482.69881891431,5471.330078125,11935
2026-06-05,5496.539388463719,5449.58154296875,3601
2026-06-08,5350.722761971411,5410.5322265625,174080
2026-06-09,5439.20119095437,5768.400390625,219376
2026-06-10,5768.400611243771,5802.5068359375,38007
2026-06-11,5803.000820015586,5787.677734375,6739
2026-06-12,5852.430229187012,6073.87353515625,37391
2026-06-15,6129.234449268054,6187.56103515625,44984
2026-06-16,6218.207133971539,6137.14306640625,7569
2026-06-17,6137.1428078297595,6085.736328125,6748
2026-06-18,6085.736573216823,6089.69091796875,6749
2026-06-19,6089.690983396014,6374.40380859375,54046
2026-06-22,6475.239438494521,6585.466796875,40237
2026-06-23,6583.984204898911,6356.609375,19042
2026-06-24,6356.609325097587,6268.130859375,8284
2026-06-25,6268.130490416252,6258.24462890625,9035
2026-06-26,6258.24462890625,6258.24462890625,0
2026-06-29,6252.80785892959,6389.72705078125,17177
2026-06-30,6388.738217561141,6377.86376953125,7256
2026-07-01,6409.992602929476,6367.4833984375,9882
2026-07-02,6376.380744165959,6402.083984375,12435
2026-07-03,6449.536115881386,6386.2666015625,7512
2026-07-06,6396.6470856795,6496.0,23534
2026-07-07,6535.0,6377.5,11883
2026-07-08,6353.0,6323.5,11022
2026-07-09,6344.5,6291.0,3675
2026-07-10,6312.5,6313.5,5409
2026-07-13,6300.0,6147.5,22672
2026-07-14,6175.0,6136.0,8626
2026-07-15,6136.0,6107.0,7935
2026-07-16,6101.0,6116.5,3888
2026-07-17,6090.0,6047.0,5218
2026-07-20,6054.5,6183.0,6702
2026-07-21,6200.0,6231.0,6391
2026-07-22,6240.0,6105.5,4735
2026-07-23,6096.5,6021.0,14910
2026-07-24,6021.0,6017.0,3265
2026-07-27,6019.5,6205.5,9821
2026-07-28,6288.5,6263.5,40875
2026-07-29,6256.5,6143.0,4372
2026-07-30,6140.0,6117.0,4411
2026-07-31,6095.0,6126.0,3499
2026-08-03,6200.0,6280.5,6740
2026-08-04,6315.5,6301.0,6080
2026-08-05,6370.0,6294.5,3037
2026-08-06,6325.0,6324.5,6508
2026-08-07,6300.0,6062.0,59295
2026-08-10,6101.5,6033.5,7328
2026-08-11,6099.0,5984.5,6089
2026-08-12,6007.0,5885.5,9233
2026-08-13,5940.0,5925.5,2841
2026-08-14,5950.0,5872.0,57050
2026-08-17,5872.0,5787.0,5690
2026-08-18,5775.0,5792.0,5308
2026-08-19,5792.5,5691.5,5531
2026-08-20,5745.0,5858.5,8219
2026-08-21,5899.5,5865.5,3470
2026-08-24,5865.5,5793.0,4259
2026-08-25,5799.5,5819.0,10261
2026-08-26,5783.5,5717.0,8781
2026-08-27,5717.0,5662.0,8155
2026-08-28,5690.0,5654.5,7189
2026-08-31,5688.0,5730.5,7710
2026-09-01,5762.5,5717.5,4556
2026-09-02,5700.0,5662.5,2090
2026-09-03,5660.0,5683.5,2058
2026-09-04,5800.0,5787.5,19476
2026-09-07,5787.5,5743.5,2630
2026-09-08,5744.0,5761.5,3298
2026-09-09,5761.5,5698.5,4352
2026-09-10,5698.5,5614.0,2852
2026-09-11,5605.0,5587.5,3246
2026-09-14,5587.5,5587.5,0
2026-09-15,5588.0,5572.0,4096
2026-09-16,5590.5,5646.0,9354
2026-09-17,5625.0,5592.0,3685
2026-09-18,5592.0,5645.0,14398
2026-09-21,5600.0,5528.0,6394
2026-09-22,5525.0,5501.0,5363
