Date,Open,Close,Volume
2018-01-01,185.94861196289864,179.39370727539062,87925
2018-01-02,177.22147991455503,175.12582397460938,88780
2018-01-03,176.81954106490315,175.85305786132812,102355
2018-01-04,177.41283813290045,176.70472717285156,127760
2018-01-05,177.41285972550278,177.46070861816406,139740
2018-01-08,179.1257604555766,179.65206909179688,48555
2018-01-09,181.03958050884265,179.19271850585938,31970
2018-01-10,178.15924991753883,176.25498962402344,129480
2018-01-11,191.38389508495072,194.99148559570312,1522065
2018-01-12,196.93401105825737,195.431640625,265260
2018-01-15,197.0871292554573,196.0249481201172,144415
2018-01-16,195.91011828592272,195.47950744628906,116500
2018-01-17,193.2977038864746,196.5512237548828,140655
2018-01-18,199.80477928029322,195.21156311035156,206845
2018-01-19,194.45561069836825,192.0728759765625,53350
2018-01-22,194.79053687916073,193.29774475097656,393055
2018-01-23,193.10634274994382,190.3695526123047,22615
2018-01-24,192.13028127979078,194.9244842529297,85950
2018-01-25,194.92449165383874,195.230712890625,216655
2018-01-29,199.97703138491852,195.2881317138672,124215
2018-01-30,192.35996771141217,195.71875,101400
2018-01-31,191.95805007999124,195.230712890625,77625
2018-02-01,196.15891917624742,189.7571258544922,53775
2018-02-02,189.47006397466285,186.27395629882812,102075
2018-02-05,181.81469078133875,182.20703125,95670
2018-02-06,177.79562544034127,177.02052307128906,302850
2018-02-07,180.66638919239895,180.80992126464844,55420
2018-02-08,183.3361833968767,190.72360229492188,127275
2018-02-09,188.25479485166272,186.00604248046875,52780
2018-02-12,188.1112290478901,191.2499237060547,24480
2018-02-14,187.97725043012846,181.3362274169922,104940
2018-02-15,181.47975106609968,181.80511474609375,124270
2018-02-16,181.83383980507563,180.0922393798828,264590
2018-02-19,181.1544146442668,180.3218994140625,98975
2018-02-20,177.03008852861663,180.6759490966797,528340
2018-02-21,181.6137345706892,180.3697509765625,666950
2018-02-22,178.5611750962176,176.5994873046875,357510
2018-02-23,178.8865321737761,176.29327392578125,110240
2018-02-26,176.07315946407218,179.3362579345703,41580
2018-02-27,179.61376928233446,180.63768005371094,71400
2018-02-28,181.4223657778981,180.89605712890625,19500
2018-03-01,179.91043945153206,179.60423278808594,48890
2018-03-05,177.79564676737212,179.21188354492188,101735
2018-03-06,177.22148762158193,178.2645263671875,60210
2018-03-07,177.99656272334943,176.42721557617188,54395
2018-03-08,176.49420378338758,178.14010620117188,44780
2018-03-09,178.80997092196048,178.532470703125,24590
2018-03-12,178.5324651457341,177.86260986328125,95590
2018-03-13,176.08273463292304,176.4559326171875,134505
2018-03-14,175.72867776685766,176.36981201171875,44385
2018-03-15,176.84825676154824,177.06834411621094,35540
2018-03-16,176.20715898156593,177.41287231445312,51970
2018-03-19,177.56597849782443,173.8722686767578,57205
2018-03-20,173.77658748881586,176.0923309326172,591745
2018-03-21,176.07316732617898,177.88174438476562,53720
2018-03-22,178.6568826893334,177.69039916992188,54660
2018-03-23,175.11625442193326,174.33157348632812,517170
2018-03-26,176.0348930178024,174.87701416015625,56355
2018-03-27,175.10668934103646,174.81961059570312,142825
2018-03-28,175.81478966606846,176.2262725830078,68850
2018-04-02,178.7525584809988,179.64248657226562,61850
2018-04-03,177.2214587345521,179.9486846923828,13300
2018-04-04,179.94873018594157,178.676025390625,24225
2018-04-05,180.3219119166462,179.9869842529297,19385
2018-04-06,179.90087346331615,179.39370727539062,24130
2018-04-09,175.16412285268302,179.88172912597656,72350
2018-04-10,181.05870565589396,178.12095642089844,56950
2018-04-11,177.03009969860514,177.259765625,75995
2018-04-12,177.98701869825712,177.8339080810547,26805
2018-04-13,177.05881488766659,177.77650451660156,49330
2018-04-16,181.4319517076972,176.0731964111328,103235
2018-04-17,175.3076357694586,177.03965759277344,65415
2018-04-18,178.36977125686192,176.04446411132812,201785
2018-04-19,175.16410461147834,177.73822021484375,79915
2018-04-20,175.34591941284194,182.12091064453125,39375
2018-04-23,183.72853590554848,186.6949920654297,188250
2018-04-24,186.61842452460704,187.56576538085938,93980
2018-04-25,185.374452624773,190.01551818847656,54240
2018-04-26,190.80970950571415,189.1733856201172,106550
2018-04-27,187.17344366327814,187.98681640625,48040
2018-04-30,184.37920732161447,188.13990783691406,24490
2018-05-02,184.78115921126061,187.16387939453125,12170
2018-05-03,187.16388027315142,187.86244201660156,55390
2018-05-04,185.68062215151502,186.8385009765625,84125
2018-05-07,186.79066147042806,187.06817626953125,44995
2018-05-08,187.81457376850642,187.56576538085938,75425
2018-05-09,190.23559827263614,187.86244201660156,42150
2018-05-10,187.4892274788312,188.06338500976562,52885
2018-05-11,187.53707204766818,188.9533233642578,25315
2018-05-14,187.71887598842198,187.56576538085938,202075
2018-05-15,184.3122309944178,187.69015502929688,27125
2018-05-16,187.91983507951073,181.86253356933594,321910
2018-05-17,181.92952541818386,183.2979278564453,52315
2018-05-18,182.89602290463222,175.87222290039062,88465
2018-05-21,176.0731541554066,177.80517578125,251305
2018-05-22,176.9631125761579,178.09228515625,40140
2018-05-23,177.84346995351726,180.6185302734375,24075
2018-05-24,178.36976725195464,179.19271850585938,24700
2018-05-25,179.6424813033595,177.9870147705078,59235
2018-05-28,179.13529863364727,178.31234741210938,30595
2018-05-29,180.47498760376837,178.00613403320312,51170
2018-05-30,178.12100752504168,178.21670532226562,26010
2018-05-31,183.7285324808214,182.66635131835938,79850
2018-06-01,183.50846556110213,181.9008331298828,100410
2018-06-04,182.25489255583327,181.5850372314453,74635
2018-06-05,178.3889207218648,180.3697509765625,170300
2018-06-06,181.431936034915,185.7954864501953,74230
2018-06-07,186.1973866162266,188.6566619873047,27515
2018-06-08,187.55620803735513,187.46051025390625,49010
2018-06-11,190.04419919631653,189.5370330810547,65230
2018-06-12,189.83367172745042,190.96282958984375,38860
2018-06-13,191.02983109095507,191.44129943847656,40530
2018-06-14,191.450887981311,193.64222717285156,65890
2018-06-15,196.14936310625595,196.62782287597656,65985
2018-06-18,197.19241197910458,194.80967712402344,33305
2018-06-19,196.36945047241525,190.59921264648438,84300
2018-06-20,192.13027413908702,191.91018676757812,29760
2018-06-21,192.1877165674723,190.80018615722656,36075
2018-06-22,191.06809303111808,191.91018676757812,43145
2018-06-25,192.30255290719202,193.37429809570312,95545
2018-06-26,194.05367396961643,199.0392303466797,70550
2018-06-27,199.71866559642208,199.2880401611328,59090
2018-06-28,200.87652186763438,197.4603271484375,50960
2018-06-29,195.27853730156713,199.59423828125,74350
2018-07-02,201.6133703888454,208.7041473388672,200015
2018-07-03,208.7041471404117,212.27345275878906,59080
2018-07-04,208.62755654450459,213.48870849609375,51645
2018-07-05,209.61319817532143,215.74705505371094,74675
2018-07-06,215.6896471182335,220.72305297851562,64480
2018-07-09,227.4980269253483,237.41171264648438,212405
2018-07-10,237.31601143727232,235.51699829101562,74610
2018-07-11,235.8231930451445,245.86126708984375,95580
2018-07-12,246.3110604094698,239.07675170898438,152320
2018-07-13,237.51697351573995,235.27777099609375,63755
2018-07-16,233.68927225155656,227.54583740234375,120230
2018-07-17,225.83299442181868,225.4693603515625,109235
2018-07-18,232.1486504164932,217.8331298828125,47815
2018-07-19,221.8139374572933,217.26856994628906,57805
2018-07-20,217.26857442898762,208.25439453125,37100
2018-07-23,217.2398448601206,202.78079223632812,184045
2018-07-24,198.27369141347293,209.94810485839844,107535
2018-07-25,213.09637736974022,213.55569458007812,78075
2018-07-26,212.4169790606411,214.7614288330078,23695
2018-07-27,217.79486774902526,220.23500061035156,45460
2018-07-30,221.04841341946872,223.29718017578125,28505
2018-07-31,222.01486136024056,223.488525390625,33710
2018-08-01,226.78035159674536,224.4071807861328,36220
2018-08-02,223.3449681361997,226.33056640625,29455
2018-08-03,228.70371365949404,226.5123748779297,56295
2018-08-06,222.48375132101432,225.2779541015625,41615
2018-08-07,226.94300295208558,226.5602264404297,55900
2018-08-08,223.15360243598008,228.46450805664062,58615
2018-08-09,230.9046592598915,227.89993286132812,42060
2018-08-10,231.31613393417408,226.80905151367188,42420
2018-08-13,226.80905151367188,226.80905151367188,0
2018-08-14,226.80905151367188,226.80905151367188,0
2018-08-16,226.80905151367188,226.80905151367188,0
2018-08-17,226.80905151367188,226.80905151367188,0
2018-08-20,226.80905151367188,226.80905151367188,0
2018-08-21,226.80905151367188,226.80905151367188,0
2018-08-23,226.80905151367188,226.80905151367188,0
2018-08-24,226.80905151367188,226.80905151367188,0
2018-08-27,226.80905151367188,226.80905151367188,0
2018-08-28,226.80905151367188,226.80905151367188,0
2018-08-29,226.80905151367188,226.80905151367188,0
2018-08-30,238.33581752347914,240.103271484375,19255
2018-08-31,238.2205671651863,249.3439178466797,166645
2018-09-03,254.51180201757379,252.46578979492188,14100
2018-09-04,254.9344607546723,246.6351776123047,31715
2018-09-05,250.68877706111687,243.0042266845703,30175
2018-09-06,241.33284766040873,240.01686096191406,23405
2018-09-07,241.10226824588932,241.02542114257812,59650
2018-09-10,243.02342970403396,241.6498260498047,17195
2018-09-11,240.1321324683825,239.73829650878906,84230
2018-09-12,238.32625929137717,241.58258056640625,38375
2018-09-14,240.7468570318911,240.9293670654297,15625
2018-09-17,238.42231483110817,243.13868713378906,44730
2018-09-18,247.71097040644648,243.05221557617188,40365
2018-09-19,240.33382777539273,243.2251434326172,25510
2018-09-21,243.0618380673923,245.34799194335938,104075
2018-09-24,243.98399461047117,232.79339599609375,111455
2018-09-25,232.7934090726785,217.82777404785156,96965
2018-09-26,217.31863769711956,215.4071044921875,81975
2018-09-27,214.22561146282257,214.73471069335938,40430
2018-09-28,213.2554596783268,216.07952880859375,195205
2018-10-01,214.20642012139683,214.14878845214844,85860
2018-10-03,208.49101837682895,215.19577026367188,23115
2018-10-04,214.97486240455194,211.20944213867188,49190
2018-10-05,211.58406522238994,197.19476318359375,45655
2018-10-08,194.0345330501031,189.99053955078125,69290
2018-10-09,191.53703642405466,195.61944580078125,33860
2018-10-10,199.78829480075635,205.98394775390625,32340
2018-10-11,204.60077047348022,215.16700744628906,22500
2018-10-12,217.08814407637703,215.5224151611328,28390
2018-10-15,223.81208738440117,211.7089385986328,20300
2018-10-16,211.71854703169143,218.9516143798828,30075
2018-10-17,217.07852569908763,223.05325317382812,38810
2018-10-19,216.12753648770422,219.0476531982422,27225
2018-10-22,216.89602326762957,221.06488037109375,21290
2018-10-23,214.78275214726665,221.60276794433594,26520
2018-10-24,220.9303622836434,220.9783935546875,68565
2018-10-25,226.1174402183871,220.27720642089844,12130
2018-10-26,224.65738600152798,216.06991577148438,43060
2018-10-29,210.80601485638215,222.36163330078125,23600
2018-10-30,225.1664825895409,224.76304626464844,16535
2018-10-31,220.93999788012943,228.5380859375,16900
2018-11-01,234.3783021678713,228.6053009033203,163210
2018-11-02,230.5360413934928,227.04917907714844,12670
2018-11-05,226.70337068358242,225.78123474121094,17665
2018-11-06,232.64927753967513,224.0233917236328,30645
2018-11-07,229.57547884498126,226.48245239257812,2175
2018-11-09,222.85149665902745,221.03602600097656,11385
2018-11-12,219.97945192173296,220.5077667236328,20550
2018-11-13,219.00922836106093,220.79588317871094,17135
2018-11-14,224.37881862140418,217.3955078125,23595
2018-11-15,218.03909166328165,212.41976928710938,22845
2018-11-16,211.38232812324256,213.4475555419922,16455
2018-11-19,218.97081246735465,207.82823181152344,29110
2018-11-20,204.02441017684677,210.46022033691406,37290
2018-11-21,211.31511018845916,208.5582733154297,12145
2018-11-22,211.32471029985012,210.21044921875,14180
2018-11-26,214.75394745092075,211.4687957763672,6955
2018-11-27,209.40360506727194,212.602294921875,23455
2018-11-28,211.40157604845484,212.0931854248047,11430
2018-11-29,211.42077036332722,213.88941955566406,48485
2018-11-30,216.4925814529498,225.0608367919922,51075
2018-12-03,229.57547216245064,221.5547332763672,15530
2018-12-04,222.2943718017276,228.23068237304688,42580
2018-12-05,231.30451099304605,230.91067504882812,27530
2018-12-06,226.7130126953125,226.7130126953125,22100
2018-12-07,227.8752657443715,231.2756805419922,12800
2018-12-10,224.78224062010608,230.53604125976562,6370
2018-12-11,223.81210937720215,233.99412536621094,24725
2018-12-12,236.3282471959954,231.189208984375,39215
2018-12-13,232.97584751422502,233.09112548828125,16010
2018-12-14,233.40815418380083,236.04971313476562,10815
2018-12-17,232.1690243033382,226.96275329589844,27635
2018-12-18,223.05324864870823,226.79945373535156,9135
2018-12-19,224.8206593278022,228.2018585205078,8215
2018-12-20,228.22107263830634,226.43441772460938,22265
2018-12-21,225.01278035607433,225.77162170410156,16225
2018-12-24,224.0330030107444,224.89752197265625,12545
2018-12-26,223.61996553788956,217.68365478515625,14710
2018-12-27,218.44252956793633,225.98297119140625,16265
2018-12-28,222.9571680841908,226.9339141845703,11435
2018-12-31,234.95466278920497,232.39955139160156,25170
2019-01-01,228.62450246902293,228.66293334960938,7310
2019-01-02,230.55525256726042,229.7579803466797,6725
2019-01-03,229.06636774651315,228.3651580810547,6770
2019-01-04,227.16448082664368,227.75042724609375,8245
2019-01-07,226.47284863834284,228.94149780273438,28860
2019-01-08,228.2307110835793,229.46023559570312,42585
2019-01-09,227.2028653916678,229.52743530273438,20290
2019-01-10,232.43795746732835,228.40357971191406,100475
2019-01-11,226.492056135466,229.03756713867188,15610
2019-01-14,227.0876086217222,228.46121215820312,8830
2019-01-15,230.33432725706894,228.10581970214844,11095
2019-01-16,227.55827765087074,228.82623291015625,10450
2019-01-17,230.32471325609492,228.71096801757812,9945
2019-01-18,229.0087496959039,227.08761596679688,45845
2019-01-21,227.66394400792416,223.18771362304688,7220
2019-01-22,218.24078250723235,220.8151092529297,9775
2019-01-23,221.50673360619462,225.82928466796875,6425
2019-01-24,226.8858930585184,216.19479370117188,13165
2019-01-25,216.1275561407884,214.6290740966797,24025
2019-01-28,211.33431771951794,207.12704467773438,39745
2019-01-29,206.67557435426377,205.97434997558594,16400
2019-01-30,205.93595359637797,212.4966278076172,19825
2019-01-31,207.86666599246618,216.19479370117188,5320
2019-02-01,219.53756501474976,214.71551513671875,7375
2019-02-04,211.52644118661428,209.8838653564453,42985
2019-02-05,211.27666228179635,207.77059936523438,18710
2019-02-06,207.7033954917905,196.78175354003906,45830
2019-02-07,199.7306628132704,199.93238830566406,35295
2019-02-08,199.94200781184415,199.85556030273438,21125
2019-02-11,199.53854131700948,203.88990783691406,12305
2019-02-12,206.48344290960836,203.73622131347656,12820
2019-02-14,203.6401720900478,195.91722106933594,84740
2019-02-15,193.1315895415509,196.01329040527344,40595
2019-02-18,198.06889624977285,190.3555450439453,41130
2019-02-19,188.319137614892,190.15382385253906,86775
2019-02-20,190.36512981954417,193.3524932861328,34840
2019-02-21,193.4965860161655,200.94097900390625,19830
2019-02-22,202.02644077198892,200.5087432861328,18410
2019-02-25,196.89700213077296,200.0188446044922,9490
2019-02-26,194.0440971718619,199.98040771484375,28410
2019-02-27,205.27314363147272,201.98800659179688,38495
2019-02-28,202.66041146802624,202.1897430419922,30830
2019-03-01,202.42986879818983,204.331787109375,34690
2019-03-05,202.977389111287,205.16748046875,25800
2019-03-06,206.51228268260724,212.01632690429688,25365
2019-03-07,212.47740434793317,212.46780395507812,50560
2019-03-08,214.03353561958176,215.20541381835938,7990
2019-03-11,215.2053889513105,218.24078369140625,11175
2019-03-12,218.24078806308492,217.36666870117188,20030
2019-03-13,218.03907211360266,211.82420349121094,16005
2019-03-14,214.77313500056923,208.76959228515625,10295
2019-03-15,205.5805168015834,206.69476318359375,12220
2019-03-18,208.44300744028627,212.90963745117188,34425
2019-03-19,215.16696683356943,220.34442138671875,42590
2019-03-20,217.09771815770452,216.4829559326172,18910
2019-03-22,213.24584656857044,215.2150115966797,8685
2019-03-25,210.7675814266419,215.82977294921875,20365
2019-03-26,218.54819049734851,221.4683074951172,202715
2019-03-27,219.02846639046095,211.41116333007812,154620
2019-03-28,211.32471758992,214.2160186767578,19675
2019-04-01,214.44655495238436,216.19479370117188,15870
2019-04-02,213.49556589207106,217.3858642578125,28580
2019-04-03,219.27821997268194,214.66749572753906,12430
2019-04-04,215.16698636232564,215.6184539794922,19740
2019-04-05,217.48192691937996,215.7336883544922,11915
2019-04-08,214.216016079565,217.89498901367188,17525
2019-04-09,215.08052003438848,220.03704833984375,401165
2019-04-10,222.6593952696647,220.1427001953125,15475
2019-04-11,221.00723106211942,221.9293670654297,36600
2019-04-12,221.87174936898194,220.46932983398438,30405
2019-04-15,221.8813519662203,219.84494018554688,17915
2019-04-16,219.32626142018188,219.7008819580078,64750
2019-04-18,218.05827533509435,217.01126098632812,42720
2019-04-22,216.50216290286014,211.56484985351562,27175
2019-04-23,214.19680758166405,208.32774353027344,62760
2019-04-24,207.90509646805785,207.63613891601562,68340
2019-04-25,206.7139697369378,206.24330139160156,40365
2019-04-26,206.61792700878385,209.2786865234375,16535
2019-04-30,209.40356879528733,208.52944946289062,70115
2019-05-02,206.5122781375266,199.317626953125,147830
2019-05-03,197.8767504235162,201.74783325195312,167405
2019-05-06,199.80749542357103,200.6623992919922,96370
2019-05-07,201.70944184582714,199.0198516845703,21390
2019-05-08,197.11793864866502,199.7306671142578,20590
2019-05-09,202.67000446232674,198.9141845703125,70935
2019-05-10,198.70285534165996,195.0142822265625,27365
2019-05-13,192.1325864782517,196.52236938476562,18635
2019-05-14,197.87675179670876,194.3418731689453,22800
2019-05-15,193.07394363632721,193.19882202148438,55200
2019-05-16,193.26603527078146,194.80294799804688,26555
2019-05-17,195.2352120455875,199.7690887451172,42000
2019-05-20,201.71903780225531,205.5805206298828,49860
2019-05-21,206.5314763672847,204.83128356933594,27140
2019-05-22,200.79691715047275,205.27316284179688,45615
2019-05-23,207.02136338245222,205.1194305419922,13820
2019-05-24,208.93287173762607,205.1002197265625,21455
2019-05-27,203.83228758762007,217.35707092285156,23540
2019-05-28,219.0092517682269,221.00723266601562,20870
2019-05-29,221.00721936626252,214.27365112304688,6545
2019-05-30,214.44656220177143,214.69630432128906,7355
2019-05-31,218.99002547144113,228.99913024902344,77705
2019-06-03,228.14421846142238,234.29185485839844,29320
2019-06-04,232.45717560442273,230.90106201171875,17530
2019-06-06,230.9202471788044,231.39093017578125,11510
2019-06-07,235.0987420876843,232.0921630859375,5995
2019-06-10,235.30045165860932,232.21702575683594,26635
2019-06-11,229.86365722943148,230.4976348876953,17100
2019-06-12,230.45920906910735,232.188232421875,11810
2019-06-13,232.1882064501906,231.80398559570312,22985
2019-06-14,231.8039980572686,233.83078002929688,73625
2019-06-17,232.45717431763643,232.6781005859375,31560
2019-06-18,228.81664647057713,233.6002655029297,38645
2019-06-19,232.61088832649202,234.1285858154297,64635
2019-06-20,232.4667873002552,232.3227081298828,21320
2019-06-21,232.44759989310813,235.75193786621094,7175
2019-06-24,236.04973960575902,231.72718811035156,12050
2019-06-25,233.41777438679492,231.1412353515625,14310
2019-06-26,230.75694339143828,232.77413940429688,6515
2019-06-27,236.2994427296252,232.55323791503906,21140
2019-06-28,232.54364761348276,234.89703369140625,10790
2019-07-01,234.8970298401273,234.973876953125,7405
2019-07-02,236.10732918459038,232.68771362304688,11450
2019-07-03,233.41775848668894,235.30047607421875,12535
2019-07-04,234.55121920064323,239.76710510253906,16815
2019-07-05,236.29943687036535,236.8565673828125,71445
2019-07-08,236.2994219967892,239.05624389648438,16480
2019-07-09,238.82572878843902,232.9566650390625,15735
2019-07-10,232.4571748798616,231.20843505859375,538580
2019-07-11,238.10531755269494,231.6791229248047,91130
2019-07-12,231.50619136735418,227.2412872314453,75845
2019-07-15,234.57043007992957,227.7407989501953,27070
2019-07-16,227.74080534504182,226.4920654296875,160680
2019-07-17,225.99256951625492,230.574462890625,82050
2019-07-18,230.55526679272685,231.3525390625,21735
2019-07-19,231.3813480934216,226.2423095703125,25200
2019-07-22,221.92936688867073,211.66091918945312,48640
2019-07-23,211.3439159727353,220.89195251464844,24925
2019-07-24,224.72462082681645,218.260009765625,17850
2019-07-25,219.78729871611208,213.15939331054688,30560
2019-07-26,214.19679872110788,221.26657104492188,6635
2019-07-29,225.6179496302236,221.2185516357422,16940
2019-07-30,227.808056823542,218.71148681640625,20905
2019-07-31,215.36870500043355,213.32269287109375,29720
2019-08-01,213.32269913353144,214.58103942871094,20030
2019-08-02,215.1765827616211,212.33331298828125,128060
2019-08-05,211.31510507769013,211.20944213867188,22480
2019-08-06,207.48243286999863,208.7215576171875,223600
2019-08-07,212.28526480815444,210.74835205078125,32825
2019-08-08,201.71900655796537,195.06228637695312,73385
2019-08-09,194.99507438668905,192.66090393066406,282135
2019-08-13,204.21652096189123,190.58607482910156,70210
2019-08-14,190.41319864680233,189.5967254638672,78545
2019-08-16,189.0972189962383,196.0421142578125,42555
2019-08-19,193.45816938375336,201.0658721923828,31980
2019-08-20,205.55171936849433,201.85353088378906,18875
2019-08-21,201.88235610142945,200.7777099609375,34095
2019-08-22,199.06787832992742,200.0764617919922,41070
2019-08-23,199.02946027700688,201.73826599121094,24725
2019-08-26,201.73827708764904,201.6326141357422,54180
2019-08-27,198.64522109324577,200.34542846679688,21860
2019-08-28,201.67102550137426,195.1103515625,43445
2019-08-29,194.04410386049568,197.2620086669922,11000
2019-08-30,197.69426096833408,201.96878051757812,12005
2019-09-03,197.89600208897355,200.49913024902344,8725
2019-09-04,197.4157130010065,204.3125762939453,7270
2019-09-05,201.34440330083754,202.64117431640625,14810
2019-09-06,205.39185253294568,211.63632202148438,353570
2019-09-09,217.14730040392342,213.7017364501953,8050
2019-09-11,212.3505258472441,211.97412109375,35705
2019-09-12,215.23628574944033,210.4395294189453,9035
2019-09-13,212.3215807086321,209.58056640625,13595
2019-09-16,212.3215548295551,212.5435333251953,26995
2019-09-17,214.26150015241095,216.39447021484375,18365
2019-09-18,221.97297150915452,209.62879943847656,334375
2019-09-19,210.02453706153122,214.80198669433594,20635
2019-09-20,216.19179103629483,212.5146026611328,30390
2019-09-23,214.4545145116952,231.7209014892578,47875
2019-09-24,238.66026065448483,233.1396484375,61530
2019-09-25,229.72308569125963,222.6968536376953,49690
2019-09-26,223.96118086217484,230.3600616455078,68650
2019-09-27,238.5830767184813,229.17294311523438,42450
2019-09-30,231.63405682831916,228.8061981201172,53640
2019-10-01,230.823332809182,231.19973754882812,49050
2019-10-03,231.2093908345782,232.47372436523438,10565
2019-10-04,233.3520148463359,224.18316650390625,57735
2019-10-07,230.6688851846933,228.30429077148438,48180
2019-10-09,229.53970298602908,227.67697143554688,31525
2019-10-10,224.87804063144733,229.64584350585938,50125
2019-10-11,230.40831281518945,228.28500366210938,67690
2019-10-14,231.5664632402583,222.2624969482422,52675
2019-10-15,225.4185193878553,220.81478881835938,9015
2019-10-16,219.4153523308084,219.00999450683594,56960
2019-10-17,217.4175002361983,217.95797729492188,20050
2019-10-18,218.88452526596382,221.3553009033203,41450
2019-10-22,217.3692515290307,221.45179748535156,96585
2019-10-23,226.57671239135792,220.65074157714844,22120
2019-10-24,225.62121085030947,220.36119079589844,36380
2019-10-25,223.32416771189148,221.60621643066406,6550
2019-10-27,221.98263806319687,216.2593536376953,15410
2019-10-29,211.55910844569652,222.7547607421875,30945
2019-10-30,225.84321323652748,222.12741088867188,86505
2019-10-31,225.36063163254187,225.95901489257812,14735
2019-11-01,225.95898948836603,226.9337921142578,17350
2019-11-04,226.93380513900897,231.78846740722656,16945
2019-11-05,233.1493021148773,232.17449951171875,19710
2019-11-06,234.51980622042427,232.71498107910156,14880
2019-11-07,229.89678990713563,232.31930541992188,6635
2019-11-08,232.32894651527783,231.77880859375,24435
2019-11-11,234.5294645414943,247.88702392578125,58225
2019-11-13,247.46234877284542,235.3787841796875,126545
2019-11-14,234.2978598466263,222.1563720703125,206760
2019-11-15,223.80676706780238,220.18748474121094,48440
2019-11-18,218.16066517494403,224.16384887695312,12665
2019-11-19,223.9129324058151,223.8550262451172,10655
2019-11-20,228.35256114552877,224.3472137451172,11355
2019-11-21,221.1429407306459,225.63084411621094,22230
2019-11-22,227.7638366477559,224.1735076904297,21570
2019-11-25,229.62653802719686,223.92254638671875,17725
2019-11-26,227.76383763596212,225.10003662109375,12310
2019-11-27,222.4651875530212,223.92254638671875,28610
2019-11-28,224.1156015182063,232.74395751953125,32425
2019-11-29,233.5643609636359,232.82119750976562,13855
2019-12-02,229.85819686147747,232.66676330566406,34650
2019-12-03,233.95040816863494,233.3327178955078,10235
2019-12-04,235.48495884565702,231.74020385742188,12595
2019-12-05,230.72680451883025,233.15896606445312,6185
2019-12-06,232.9852304580204,231.61473083496094,38765
2019-12-09,232.3096590208685,232.57025146484375,16260
2019-12-10,232.27101031062773,223.88392639160156,33605
2019-12-11,226.68284595747733,225.81422424316406,227385
2019-12-12,225.21589393865233,222.4941864013672,262000
2019-12-13,220.4770162369664,222.6678924560547,85465
2019-12-16,222.1273962954766,222.00193786621094,16005
2019-12-17,226.6056493366017,222.45555114746094,41335
2019-12-18,221.79925140471613,224.4244384765625,344945
2019-12-19,226.23889627782845,222.80299377441406,138590
2019-12-20,225.6501834968019,224.87806701660156,103620
2019-12-23,223.94186516616136,222.44589233398438,140910
2019-12-24,223.7295350009843,224.1156005859375,37225
2019-12-26,222.56172615132027,224.53060913085938,9675
2019-12-27,222.56171805611157,225.9300537109375,35585
2019-12-30,223.9129288581408,229.39492797851562,73890
2019-12-31,229.41420590985356,232.30963134765625,10995
2020-01-01,233.6318892704475,231.79811096191406,3235
2020-01-02,232.9177064421973,234.91554260253906,8235
2020-01-03,238.9015612500779,236.8072052001953,15825
2020-01-06,231.01634485322592,232.30963134765625,12190
2020-01-07,232.63779390425785,233.60293579101562,13590
2020-01-08,234.5294777445752,237.3959503173828,21385
2020-01-09,236.6334609536812,239.58680725097656,22090
2020-01-10,241.25652458986798,235.62974548339844,51925
2020-01-13,232.0587193220905,244.0940399169922,16065
2020-01-14,246.11116226777014,247.09559631347656,27440
2020-01-15,250.72457394619312,248.8811492919922,17090
2020-01-16,250.93687218969717,252.06610107421875,36835
2020-01-17,254.4113749269115,279.52435302734375,227120
2020-01-20,278.1538901118273,273.34747314453125,26290
2020-01-21,280.6632406089828,267.79791259765625,21160
2020-01-22,264.4488966463843,272.5271301269531,26255
2020-01-23,277.7678025890868,269.5255126953125,198020
2020-01-24,268.3094828740419,293.6830749511719,66240
2020-01-27,296.25999021010085,290.94207763671875,66065
2020-01-28,292.9784695354758,281.6766662597656,42150
2020-01-29,285.2959059717136,281.78277587890625,122105
2020-01-30,283.75168477611646,284.533447265625,55535
2020-01-31,284.52384791180987,288.25897216796875,16760
2020-02-03,289.9769013345693,279.46649169921875,33595
2020-02-04,295.3334423626976,295.17901611328125,115745
2020-02-05,300.9119486513566,302.6202392578125,35765
2020-02-06,308.50760876439216,298.34466552734375,16245
2020-02-07,303.9810977470858,296.8872985839844,6960
2020-02-10,296.8776425837281,302.5816345214844,19845
2020-02-11,302.5816437575827,285.5854797363281,35130
2020-02-12,285.6819572087098,284.45623779296875,25035
2020-02-13,279.92010687117045,280.904541015625,28340
2020-02-14,285.68198114560454,288.77044677734375,29695
2020-02-17,288.53880994621204,287.0235595703125,36285
2020-02-18,285.10293799471077,290.68145751953125,18605
2020-02-19,292.9881092440664,277.84503173828125,68200
2020-02-20,282.7865864525568,267.4022216796875,49655
2020-02-24,267.5373498250278,289.04071044921875,130845
2020-02-25,288.3940622781265,297.7559509277344,89350
2020-02-26,302.08936458777526,317.58953857421875,115560
2020-02-27,318.0818586512119,303.3248291015625,98380
2020-02-28,290.6717989101004,303.7108459472656,58245
2020-03-02,315.1574300050759,294.9473571777344,58775
2020-03-03,300.1590890765005,284.1860046386719,95655
2020-03-04,286.9656368621418,279.5147399902344,37170
2020-03-05,287.8921401488599,283.336669921875,29840
2020-03-06,270.2397409622053,289.13720703125,45980
2020-03-09,275.1715568234548,271.0021667480469,87400
2020-03-11,277.9608926651234,278.018798828125,90585
2020-03-12,255.00978571462625,257.9727783203125,138575
2020-03-13,229.89680394925205,243.56321716308594,140845
2020-03-16,232.5991935509902,241.806640625,128870
2020-03-17,235.49462335479367,231.9139404296875,90430
2020-03-18,233.57398827743938,205.19882202148438,256390
2020-03-19,186.58123866242224,194.2154998779297,125380
2020-03-20,196.3360450764687,213.24142456054688,35725
2020-03-23,173.766071271906,187.9913330078125,90120
2020-03-24,188.49199268985242,186.5187225341797,59140
2020-03-25,176.7112711105716,197.4453887939453,36005
2020-03-26,204.15059776500553,198.2896728515625,35565
2020-03-27,211.03253213720888,204.621826171875,53835
2020-03-30,204.62182454915845,201.65701293945312,48370
2020-03-31,201.25449116893614,210.92453002929688,26775
2020-04-01,224.609822460618,213.19232177734375,24260
2020-04-03,221.2523374427649,213.3003387451172,33735
2020-04-07,223.4415733284668,224.59019470214844,32100
2020-04-08,230.7063579835138,222.8328857421875,73100
2020-04-09,225.79771624223116,231.7764434814453,127100
2020-04-13,231.88443449009765,233.2784881591797,31200
2020-04-15,241.50539223707898,232.69927978515625,54805
2020-04-16,238.8645610501613,238.9136505126953,108990
2020-04-17,248.37751434306116,231.92373657226562,26840
2020-04-20,235.6150158554854,232.34585571289062,32875
2020-04-21,229.72464068786786,232.7189178466797,31395
2020-04-22,228.93925066821967,239.5910186767578,106330
2020-04-23,241.8980764502831,240.64146423339844,53280
2020-04-24,245.4126436781103,240.12112426757812,23205
2020-04-27,246.41404040677574,243.9499053955078,93545
2020-04-28,247.18961788407435,251.7742919921875,29500
2020-04-29,253.08979732144294,252.73638916015625,112420
2020-04-30,254.00281135616197,250.89071655273438,43800
2020-05-04,249.35923573558503,249.4083251953125,53790
2020-05-05,249.55554056143845,249.59481811523438,19700
2020-05-06,249.59483723720916,249.4966583251953,18885
2020-05-07,253.63954900859176,247.43502807617188,30340
2020-05-08,251.95102121784072,247.75901794433594,12000
2020-05-11,251.51903036059414,249.9384307861328,13105
2020-05-12,244.01860001745794,250.06605529785156,13625
2020-05-13,261.9253636714969,254.55259704589844,28215
2020-05-14,248.78981852834022,251.98045349121094,16635
2020-05-15,254.85690443812717,257.0755920410156,21035
2020-05-18,261.88611551820844,250.80238342285156,32915
2020-05-19,254.81761533906732,246.423828125,22110
2020-05-20,248.38730379319415,251.27359008789062,21555
2020-05-21,255.24962284852123,250.635498046875,11190
2020-05-22,250.7630830993027,250.9888916015625,85160
2020-05-26,254.7980162630659,251.48959350585938,112375
2020-05-27,254.62128614457006,256.6534729003906,19245
2020-05-28,256.653463484003,271.20269775390625,62440
2020-05-29,271.20269164194565,281.9035339355469,65235
2020-06-01,288.60877591701376,274.020263671875,50605
2020-06-02,278.6147779893631,271.0751037597656,39850
2020-06-03,274.88417199300443,273.7159118652344,38710
2020-06-04,278.22206591154435,267.943359375,21200
2020-06-05,267.6193953204486,269.62213134765625,45495
2020-06-08,271.4481417507675,260.3840637207031,69125
2020-06-09,264.0851829765763,266.1271667480469,53280
2020-06-10,267.0303266299249,271.75244140625,32150
2020-06-11,273.86319685729825,269.18035888671875,21180
2020-06-12,261.29705015869655,272.7930908203125,33260
2020-06-15,277.4367142686507,265.2239990234375,54310
2020-06-16,274.49144562671285,260.3447265625,113515
2020-06-17,266.5689095669192,259.7458801269531,38875
2020-06-18,261.1204008364232,260.89459228515625,29750
2020-06-19,263.0935928121395,260.943603515625,23155
2020-06-22,266.5983403996198,270.0638427734375,61960
2020-06-23,273.61779784478244,266.8733215332031,46505
2020-06-24,272.8029442286331,268.3851623535156,34455
2020-06-25,272.7146139033194,271.6150817871094,27345
2020-06-26,274.6878218888248,275.03143310546875,44655
2020-06-29,278.5951661097905,276.7986145019531,81470
2020-06-30,279.59648260951786,268.6600341796875,26790
2020-07-01,275.86594998632404,267.2659912109375,473675
2020-07-02,270.95727156664145,274.0693664550781,212300
2020-07-03,277.8293697862283,280.2444152832031,85560
2020-07-06,288.62840614402137,288.1669921875,69365
2020-07-07,288.1669997418658,295.5005187988281,98085
2020-07-08,304.33601983830556,294.7445373535156,50485
2020-07-09,296.2858916524868,293.9591979980469,43205
2020-07-10,294.4991570857102,297.2185363769531,30210
2020-07-13,302.1762195371795,298.1315002441406,44970
2020-07-14,297.8173823726559,297.8370361328125,43805
2020-07-15,297.83703143025997,294.19482421875,34360
2020-07-16,300.19315721203003,292.37860107421875,27675
2020-07-17,298.151218920191,298.03338623046875,24890
2020-07-20,301.39086190826777,312.12115478515625,74205
2020-07-21,318.55151842975056,334.9954833984375,111950
2020-07-22,339.4819227095011,332.9632568359375,105765
2020-07-23,333.5915715171329,329.3603210449219,40080
2020-07-24,332.963283346593,330.04754638671875,57660
2020-07-27,335.71211933481374,333.6603088378906,62200
2020-07-28,333.3854094471403,327.279052734375,37130
2020-07-29,331.82446410484675,331.7950134277344,161075
2020-07-30,337.4792679630208,332.4724426269531,65645
2020-07-31,332.47242224707026,328.4571533203125,38685
2020-08-03,333.67011318539835,330.4500427246094,60980
2020-08-04,335.142715992876,331.7361145019531,44720
2020-08-05,335.9477761692992,331.6281433105469,49025
2020-08-06,333.76828152970194,329.9493408203125,48335
2020-08-07,333.0025353630763,333.6897277832031,107430
2020-08-10,339.65869169929636,338.1369934082031,193615
2020-08-11,345.3723250017957,374.51007080078125,735480
2020-08-12,380.80290826184034,365.1541442871094,187810
2020-08-13,367.16674307186923,365.7825012207031,226810
2020-08-14,372.8607888014787,363.60308837890625,134450
2020-08-17,372.07542598868935,387.4296875,157915
2020-08-18,387.42966801304306,378.8787841796875,93500
2020-08-19,384.3469843974665,369.2872619628906,86475
2020-08-20,372.06558684314865,359.9412536621094,146390
2020-08-21,367.91283452389854,380.9109191894531,224875
2020-08-24,387.78303571435436,389.65814208984375,206350
2020-08-25,398.5820723882837,385.52508544921875,117380
2020-08-26,390.68896286392936,391.4939880371094,114665
2020-08-27,394.6551885736865,383.9641418457031,108170
2020-08-28,384.8574917170368,374.8536682128906,92940
2020-08-31,377.96571584243145,354.1195068359375,245195
2020-09-01,361.2567011235967,356.2891540527344,77060
2020-09-02,355.38595813467015,374.1860656738281,90410
2020-09-03,380.50840088120077,384.07208251953125,272825
2020-09-04,375.41324477174055,383.5517883300781,170860
2020-09-07,383.85616821654514,382.41302490234375,106900
2020-09-08,384.8378803791887,383.5910949707031,507385
2020-09-09,380.7145653094978,371.7611999511719,129885
2020-09-10,378.8395191981764,386.8406066894531,86710
2020-09-11,391.7100041220256,377.87744140625,199070
2020-09-14,379.1831180445024,395.4111022949219,284980
2020-09-15,398.1894079409264,391.02276611328125,190150
2020-09-16,392.6818412079501,391.5037841796875,108075
2020-09-17,395.24419950291696,391.53326416015625,120450
2020-09-18,395.6368917985912,391.3663635253906,71250
2020-09-21,389.98208741484797,378.64312744140625,71305
2020-09-22,379.1535920538846,359.5877380371094,170660
2020-09-23,361.2566945220273,367.0194396972656,67360
2020-09-24,358.33119837071655,361.56109619140625,62885
2020-09-25,364.28041400602774,390.2471618652344,368430
2020-09-28,398.5722228058637,414.71185302734375,523990
2020-09-29,422.1435966887479,419.6107482910156,213080
2020-09-30,421.5545260992146,418.756591796875,233505
2020-10-01,418.167571805626,410.62786865234375,94875
2020-10-05,417.234961161788,418.5799255371094,72540
2020-10-06,417.4312771166195,415.8506774902344,64445
2020-10-07,415.86050211831196,422.6835021972656,147755
2020-10-08,427.24858872620763,434.19921875,172765
2020-10-09,441.5817972531663,418.7467956542969,120100
2020-10-12,414.68241101391675,417.5196228027344,103555
2020-10-13,421.16183159061836,413.70068359375,69900
2020-10-14,413.11166854635337,414.5057373046875,42930
2020-10-15,413.32760800587187,397.45306396484375,76625
2020-10-16,398.3857258069553,390.5220947265625,96365
2020-10-19,392.6916998882459,388.46044921875,51945
2020-10-20,388.76475993490686,384.5040588378906,42345
2020-10-21,384.50408014477665,390.74786376953125,52870
2020-10-22,391.33688569182885,392.0339050292969,42810
2020-10-23,394.2624156531957,388.34259033203125,57110
2020-10-26,390.26686179226186,385.3680419921875,36545
2020-10-27,383.4045915661538,379.9096374511719,611315
2020-10-28,382.87442009177977,381.37237548828125,70960
2020-10-29,376.98401772318107,364.70257568359375,168070
2020-10-30,368.14845604113714,369.94500732421875,50915
2020-11-02,372.65458048510294,361.12908935546875,79500
2020-11-03,362.69986592863415,378.3682556152344,147530
2020-11-04,378.4565760866021,385.9471740722656,97075
2020-11-05,390.7282292392675,393.2807312011719,99135
2020-11-06,390.9540343059074,401.6548767089844,83080
2020-11-09,407.4175866249761,389.68756103515625,104940
2020-11-10,396.31428475917056,381.6472473144531,59935
2020-11-11,387.37073435115036,390.9638671875,98605
2020-11-12,392.69167996850143,401.0069274902344,171875
2020-11-13,397.20769410255934,398.9158935546875,100715
2020-11-14,405.6505329496021,406.6518859863281,20365
2020-11-17,407.41762451608685,414.40753173828125,153215
2020-11-18,414.48609519432165,420.9851379394531,112170
2020-11-19,416.2630367112936,409.3418273925781,111730
2020-11-20,410.3628278647848,422.3006591796875,148310
2020-11-23,424.39171949098784,425.2458190917969,179135
2020-11-24,436.86949833092746,437.0756530761719,191305
2020-11-25,440.796437369924,423.7438049316406,98770
2020-11-26,425.84468806195224,420.0230407714844,45800
2020-11-27,422.09450770673595,437.27203369140625,700260
2020-12-01,439.8147186754109,432.5204772949219,153285
2020-12-02,434.6900783795239,427.55291748046875,55480
2020-12-03,429.6930533625757,423.68487548828125,61095
2020-12-04,427.3859984835927,427.09149169921875,156545
2020-12-07,430.95952287302606,427.4645690917969,57620
2020-12-08,429.6046983056813,429.7912292480469,52025
2020-12-09,431.56817162740566,431.6761474609375,47190
2020-12-10,430.45876217944107,432.9327087402344,51120
2020-12-11,433.92437967896535,428.61322021484375,27185
2020-12-14,429.99735370264824,421.4759521484375,44595
2020-12-15,421.4759891452702,438.64642333984375,79330
2020-12-16,438.8329525624212,439.4416198730469,71845
2020-12-17,439.13731151294223,435.0533142089844,29135
2020-12-18,433.9538187947378,430.39996337890625,44600
2020-12-21,429.9973875203013,410.8536682128906,74135
2020-12-22,414.6824741734608,412.95465087890625,59730
2020-12-23,416.2531711231224,427.63140869140625,41880
2020-12-24,427.1209063224384,427.9848327636719,37770
2020-12-28,430.0956225952388,430.56683349609375,36310
2020-12-29,432.7265962879045,428.1222839355469,70115
2020-12-30,430.23301943782576,441.8468933105469,97515
2020-12-31,449.22946322931807,445.42034912109375,54710
2021-01-01,444.13432760761583,451.17333984375,45225
2021-01-04,455.2867189927325,456.6415100097656,190360
2021-01-05,458.46754081339594,454.4129943847656,72975
2021-01-06,454.5406503580056,446.99114990234375,39060
2021-01-07,449.2294429879072,448.1789855957031,57245
2021-01-08,450.42717533909564,450.66278076171875,55490
2021-01-11,449.6319921014289,439.75579833984375,84920
2021-01-12,439.755819407961,437.73345947265625,33660
2021-01-13,436.2804671683421,436.7713317871094,59570
2021-01-14,435.7405154693778,431.8135986328125,41670
2021-01-15,431.8135840799906,428.39715576171875,38605
2021-01-18,430.5471926543881,422.7129821777344,77080
2021-01-19,428.0339038725153,430.3213195800781,56615
2021-01-20,430.3213711114599,431.31292724609375,158230
2021-01-21,435.29872222923467,445.4497985839844,130040
2021-01-22,449.02330085683326,450.8885803222656,85620
2021-01-25,451.3990514912509,451.3106994628906,82830
2021-01-27,451.20272989834615,445.1258239746094,58145
2021-01-28,447.6685335540895,448.0415954589844,44645
2021-01-29,448.06121869642624,442.0334167480469,45595
2021-02-01,442.0334405383638,451.21258544921875,76755
2021-02-02,460.03831005523057,431.1361999511719,233010
2021-02-03,436.8695220440348,447.7765197753906,87135
2021-02-04,446.93221844568666,440.9534912109375,37855
2021-02-05,443.13298646132455,442.60284423828125,30870
2021-02-08,451.0064226031636,445.4007568359375,73375
2021-02-09,447.62922867377875,443.437255859375,24190
2021-02-10,441.78800143351276,455.1493225097656,82500
2021-02-11,455.52239584905504,449.6123962402344,92220
2021-02-12,449.6319582154015,443.5943298339844,78520
2021-02-15,443.5943644385068,443.4863586425781,44610
2021-02-16,445.69525233690786,444.173583984375,50885
2021-02-17,445.7050740225102,471.40673828125,448835
2021-02-18,476.7277207269042,492.57281494140625,146870
2021-02-19,490.8646104742236,480.6546325683594,96295
2021-02-22,483.01080926180725,476.8455505371094,52495
2021-02-23,475.15692833040606,463.6706848144531,94590
2021-02-24,464.3578735607475,468.2847900390625,96525
2021-02-25,476.2466514522086,518.2254028320312,320985
2021-02-26,514.4261180935293,507.62274169921875,287980
2021-03-01,520.3164651065044,509.8021240234375,147060
2021-03-02,519.9238087385398,504.6285095214844,120125
2021-03-03,509.32107089469434,510.19482421875,319360
2021-03-04,514.8188679394491,505.2862548828125,101245
2021-03-05,510.30281333653295,500.0535583496094,65685
2021-03-08,504.60879511229126,509.1247253417969,71460
2021-03-09,512.8554303622833,506.28765869140625,75415
2021-03-10,512.2663127170111,505.0898742675781,161660
2021-03-12,510.4992458845645,498.257080078125,68220
2021-03-15,504.0198408268225,486.60394287109375,204315
2021-03-16,483.9925233865214,472.69281005859375,161200
2021-03-17,478.88750775181734,477.5032958984375,113890
2021-03-18,481.3320128745575,463.6903381347656,115945
2021-03-19,453.81418435505043,471.7209167480469,161350
2021-03-22,475.5005729826864,470.39556884765625,86120
2021-03-23,474.1752143136186,473.1051330566406,79535
2021-03-24,473.105141745511,476.649169921875,63950
2021-03-25,483.01078126039164,473.0069580078125,37590
2021-03-26,476.93388373376894,472.7909851074219,51880
2021-03-30,472.81060322034716,490.2559509277344,103925
2021-03-31,492.71029420863704,504.04925537109375,55985
2021-04-01,510.0868900590752,513.6799926757812,52465
2021-04-05,515.8987638410712,507.86822509765625,51630
2021-04-06,508.3393657281335,502.8023986816406,45750
2021-04-07,505.32543680672154,505.3941650390625,44015
2021-04-08,507.92703953375485,507.7601623535156,26680
2021-04-09,508.53576298982455,529.6821899414062,159715
2021-04-12,524.871735654606,509.026611328125,128755
2021-04-13,519.923741050942,529.6232299804688,96140
2021-04-15,529.5446808289457,517.3417358398438,46080
2021-04-16,518.3531194667701,509.3408508300781,96300
2021-04-19,505.0014520164306,515.8986206054688,62790
2021-04-20,518.6083162368404,514.6126708984375,79500
2021-04-22,514.4261217532154,499.99468994140625,72300
2021-04-23,495.96962139590175,500.06341552734375,173535
2021-04-26,502.5668389679679,494.1337585449219,161875
2021-04-27,488.15504925299325,500.45611572265625,62920
2021-04-28,500.4561225254977,509.3113098144531,236155
2021-04-29,515.2016323166246,512.8749389648438,211235
2021-04-30,512.855336023325,514.6224365234375,96230
2021-05-03,515.6042253427686,526.6879272460938,84530
2021-05-04,534.2570143803412,522.299560546875,110790
2021-05-05,524.911009301987,514.4163208007812,50440
2021-05-06,513.4444528303436,525.57861328125,35675
2021-05-07,527.5420216044989,526.8253784179688,52335
2021-05-10,527.1886353447867,517.273193359375,78555
2021-05-11,521.1018399787471,529.3287353515625,66560
2021-05-12,529.3286731012364,521.8086547851562,32120
2021-05-14,531.5082205952657,513.89599609375,70150
2021-05-17,516.4681248859492,534.8951416015625,243180
2021-05-18,544.8597378934674,546.4403076171875,231450
2021-05-19,551.7318185951301,551.56494140625,90270
2021-05-20,551.3882450675596,551.3685913085938,65745
2021-05-21,554.1273035520377,568.028564453125,211445
2021-05-24,577.0603774621611,567.6553955078125,152220
2021-05-25,576.8640581157551,568.2445068359375,67645
2021-05-26,575.0970552044593,552.3700561523438,116845
2021-05-27,557.6221873518476,554.72607421875,181175
2021-05-28,568.224801089636,561.97119140625,64335
2021-05-31,564.7790415384768,563.5518798828125,71415
2021-06-01,565.4760133192216,557.9363403320312,91735
2021-06-02,559.5855933239792,559.045654296875,48990
2021-06-03,561.8437495570034,561.8634033203125,150360
2021-06-04,565.4760333942145,567.9892578125,49980
2021-06-07,581.183733079193,580.7615966796875,100415
2021-06-08,580.5947185091521,585.2971801757812,55125
2021-06-09,570.3846573517437,571.5529174804688,59740
2021-06-10,580.9873350277153,581.762939453125,59400
2021-06-11,585.9942240010586,585.4444580078125,51005
2021-06-14,588.8411636528011,583.3729248046875,42830
2021-06-15,586.2985021129131,588.3208618164062,236380
2021-06-16,587.0741196694348,598.5308837890625,101300
2021-06-17,598.4031378939661,601.4072265625,51690
2021-06-18,602.1927054252537,601.7607421875,47295
2021-06-21,600.4255855689154,656.4430541992188,369595
2021-06-22,649.698632783605,634.0891723632812,155775
2021-06-23,653.4389381036227,636.0132446289062,67855
2021-06-24,638.1240626727574,643.1799926757812,90515
2021-06-25,646.9595249586839,638.1239624023438,68880
2021-06-28,641.6581669997786,675.753662109375,304990
2021-06-29,669.8337750987405,667.4776611328125,82075
2021-06-30,670.8156346788836,664.27734375,45200
2021-07-01,667.3794271221564,666.5645751953125,34890
2021-07-02,673.4662963092848,652.7026977539062,102470
2021-07-05,660.5564486435441,650.238525390625,73750
2021-07-06,655.7755409660882,647.578125,74085
2021-07-07,650.8178386587941,660.615478515625,55975
2021-07-08,663.5605088527508,656.9633178710938,61705
2021-07-09,649.4629024970287,665.7694091796875,973945
2021-07-12,667.5758829835833,674.7130737304688,149835
2021-07-13,681.3102054404922,673.1520385742188,86840
2021-07-14,679.3566061520266,676.8826293945312,98225
2021-07-15,683.0282206356333,667.36962890625,53245
2021-07-16,673.8590627034322,654.5091552734375,82665
2021-07-19,653.8316640883061,658.3770751953125,61045
2021-07-20,658.7402873306239,663.46240234375,70930
2021-07-22,667.379520156273,676.3230590820312,256655
2021-07-23,685.1193512948719,687.4558715820312,137675
2021-07-26,697.0278512811102,683.0480346679688,91365
2021-07-27,683.0479064024131,677.1771850585938,76245
2021-07-28,677.177191834319,686.0421752929688,52610
2021-07-29,693.1008674606204,678.6498413085938,84150
2021-07-30,688.4671217088433,678.9443359375,68930
2021-08-02,688.1921446502217,678.9933471679688,72955
2021-08-03,679.356674816455,685.7280883789062,60560
2021-08-04,687.5835244794266,682.3607177734375,53965
2021-08-05,682.3607418919498,680.25,55085
2021-08-06,676.4212145840739,677.6680297851562,46440
2021-08-09,685.2470376573639,692.0798950195312,345705
2021-08-10,693.8862044218956,662.8831787109375,149640
2021-08-11,663.648988078574,636.5336303710938,213345
2021-08-12,641.0691986590206,645.9483642578125,153235
2021-08-13,653.8021774493616,646.4686889648438,80965
2021-08-16,649.8851930639693,640.8827514648438,74705
2021-08-17,642.0214250527389,635.954345703125,48960
2021-08-18,633.2154343638964,642.6989135742188,65375
2021-08-20,645.9189808945065,651.0435791015625,101265
2021-08-23,656.1877888739343,632.4397583007812,122580
2021-08-24,632.4397952299881,619.4514770507812,86345
2021-08-25,621.4346191750128,618.7152099609375,126825
2021-08-26,619.4711124494445,613.875244140625,63090
2021-08-27,612.5990831719616,615.02392578125,43380
2021-08-30,615.0534113641315,617.9102172851562,78405
2021-08-31,622.4162766909043,615.9466552734375,206945
2021-09-01,608.6819198141455,621.3953247070312,231805
2021-09-02,626.343309324027,622.1611328125,90180
2021-09-03,630.02479560319,641.6582641601562,140890
2021-09-06,648.1377146891721,646.144775390625,138790
2021-09-07,649.3843370411896,650.9354858398438,95150
2021-09-08,654.030345885394,669.0719604492188,148105
2021-09-09,678.8967662548711,677.2363891601562,100380
2021-09-13,680.8517456054688,680.8517456054688,55720
2021-09-14,683.799149667177,673.5618286132812,78840
2021-09-15,676.931804712877,669.5829467773438,50265
2021-09-16,672.9330737673124,665.3680419921875,102765
2021-09-17,665.368006762186,676.7057495117188,101275
2021-09-20,673.9745432454212,672.9822387695312,98090
2021-09-21,664.5919171256191,667.2052612304688,84820
2021-09-22,672.2256775272824,664.6607055664062,54825
2021-09-23,664.7392467355314,665.3680419921875,49330
2021-09-24,661.5166669530219,661.6640014648438,33995
2021-09-27,661.6641669274445,662.2241821289062,49230
2021-09-28,662.1848439171714,657.99951171875,115165
2021-09-29,654.0696995702224,663.9042358398438,77350
2021-09-30,667.2249442963583,655.435302734375,27930
2021-10-01,654.914496433572,654.1383666992188,41380
2021-10-04,649.0296729200684,661.0747680664062,94530
2021-10-05,665.5154147675582,669.5435180664062,70535
2021-10-06,672.7955808682508,673.8861083984375,30170
2021-10-07,675.1534282657276,684.8504028320312,92485
2021-10-08,687.3165206840135,687.3263549804688,35175
2021-10-11,695.2941463811948,690.509521484375,35975
2021-10-12,690.6764728919129,688.2694091796875,91085
2021-10-13,683.9563507614002,710.3160400390625,147020
2021-10-14,717.2032324744898,755.0872802734375,397275
2021-10-18,791.8709879593661,740.929931640625,114655
2021-10-19,736.8525917077109,728.4131469726562,105635
2021-10-20,728.4131462503468,697.6127319335938,113705
2021-10-21,701.2871937186924,700.0296630859375,78085
2021-10-22,703.5370962849281,688.1908569335938,72125
2021-10-25,688.7116224844023,651.367919921875,98780
2021-10-26,661.0058462140381,661.330078125,63530
2021-10-27,664.6410673296523,674.760498046875,57825
2021-10-28,684.5851441900415,663.0003051757812,52400
2021-10-29,663.000381440416,668.8952026367188,45495
2021-11-01,672.2453035167244,672.4712524414062,35910
2021-11-02,681.8244508341876,678.6903686523438,48390
2021-11-03,685.7642070170883,688.6231689453125,31380
2021-11-04,693.7123454047905,694.70458984375,27045
2021-11-08,703.4486275963786,734.9171752929688,146520
2021-11-09,736.8525699560937,719.0698852539062,65035
2021-11-10,722.6656819856029,705.1875610351562,45890
2021-11-11,695.6183868883693,678.6707763671875,65575
2021-11-12,670.1427792163611,684.0250854492188,109900
2021-11-15,675.6643245783415,677.6390991210938,93830
2021-11-16,683.1409811734045,694.21337890625,123680
2021-11-17,694.6063792293232,686.009765625,75655
2021-11-18,679.0833326751308,678.827880859375,35065
2021-11-22,677.9044393423919,649.8450927734375,61120
2021-11-23,642.5353840203821,654.92431640625,37610
2021-11-24,658.205860894251,688.406982421875,80875
2021-11-25,697.5537773123395,678.6510620117188,35260
2021-11-26,675.9394529280088,673.0215454101562,56165
2021-11-29,663.1967581699146,642.5550537109375,66945
2021-11-30,639.2933350856533,628.6924438476562,113005
2021-12-01,624.9001092680028,629.0952758789062,60630
2021-12-02,631.5612730711925,634.410400390625,36545
2021-12-03,638.4090530023212,635.26513671875,261165
2021-12-06,635.265144812509,633.5654907226562,246810
2021-12-07,640.5705242245799,643.2232055664062,38260
2021-12-08,649.2555889668674,646.0625610351562,59955
2021-12-09,649.2948246935543,650.0316772460938,23500
2021-12-10,653.1461948198794,646.8289184570312,30335
2021-12-13,650.0709493613004,639.283447265625,43000
2021-12-14,642.4864139220621,637.7705688476562,21440
2021-12-15,637.7705497789905,627.4251098632812,34555
2021-12-16,630.5689790129544,624.94921875,87195
2021-12-17,630.7753328982826,623.7800903320312,29590
2021-12-20,618.956172057322,631.482666015625,61065
2021-12-21,638.2125805054656,622.8565673828125,48875
2021-12-22,619.9386691894356,640.5115966796875,38570
2021-12-23,640.5114933941328,639.0279541015625,16800
2021-12-24,634.4791130649476,633.4966430664062,21175
2021-12-27,636.6405863739859,628.6236572265625,34430
2021-12-28,635.7662036165275,632.0426635742188,141960
2021-12-29,635.6581365608332,635.9725341796875,43430
2021-12-30,640.0596227357586,621.94287109375,94840
2021-12-31,624.8510403558267,625.0475463867188,72930
2022-01-03,625.0475119397452,641.2975463867188,119290
2022-01-04,644.5102834955622,641.1698608398438,42815
2022-01-05,636.8372026297276,631.8659057617188,49775
2022-01-06,630.745887026289,624.4777221679688,193295
2022-01-07,621.9036457248371,620.3414916992188,144675
2022-01-10,622.6305806566986,651.2499389648438,209860
2022-01-11,658.2549967904421,649.4324340820312,57235
2022-01-12,658.0584764374829,660.3574829101562,65140
2022-01-13,660.4164126611173,655.3075561523438,80100
2022-01-14,645.4926664181314,652.80224609375,54920
2022-01-17,657.272511488128,648.5285034179688,31620
2022-01-18,657.6164154540121,644.6871337890625,101580
2022-01-19,642.5353648750398,639.4307861328125,35065
2022-01-20,642.6336925678323,637.4561157226562,36455
2022-01-21,635.658219518985,632.6420288085938,40990
2022-01-24,628.7809541514467,606.419921875,194340
2022-01-25,596.5951580278993,590.061767578125,169195
2022-01-27,597.3418091769015,604.7005004882812,84695
2022-01-28,609.1314926229102,615.8613891601562,49390
2022-01-31,617.9737047467856,625.4110107421875,27350
2022-02-01,624.8510038108157,619.869873046875,50210
2022-02-02,625.8138798894325,615.3997192382812,25935
2022-02-03,618.1702711327188,616.9617919921875,26945
2022-02-04,620.046770686928,611.1161499023438,19065
2022-02-07,609.1512047382981,609.2789306640625,91065
2022-02-08,612.3344237658673,599.4935302734375,38375
2022-02-09,599.4933887976846,598.442138671875,24240
2022-02-10,601.4387019943589,602.0773315429688,26750
2022-02-11,598.7861075026311,599.35595703125,58140
2022-02-14,589.5312761423914,584.73681640625,94475
2022-02-15,569.8916342485421,579.912841796875,90015
2022-02-16,581.622229587677,594.8659057617188,91775
2022-02-17,597.53838911223,588.4014282226562,36545
2022-02-18,581.6713836091232,580.983642578125,53040
2022-02-21,572.2299148450708,576.3071899414062,40050
2022-02-22,564.4388687482294,560.027587890625,117190
2022-02-23,562.837553390935,561.265625,93860
2022-02-24,553.5236461626729,556.33349609375,96210
2022-02-25,557.0605638500264,583.6167602539062,74930
2022-02-28,573.7920941242293,581.1900634765625,53545
2022-03-02,572.7801339316244,569.96044921875,316945
2022-03-03,571.7976075753154,559.9686889648438,110465
2022-03-04,560.9904349393487,560.8922119140625,69465
2022-03-07,550.183291888432,550.026123046875,108865
2022-03-08,549.2008596010804,547.9039916992188,35230
2022-03-09,550.6449977432799,550.5958862304688,94835
2022-03-10,552.9341707374706,551.4408569335938,74785
2022-03-11,552.1481882520624,559.2219848632812,23370
2022-03-14,562.022018920736,541.6848754882812,53865
2022-03-15,544.0723159283118,531.1036987304688,179175
2022-03-16,540.3585224388902,526.2207641601562,152840
2022-03-17,536.4286663721816,535.947265625,51485
2022-03-21,535.9472764735252,536.1633911132812,55750
2022-03-22,538.3936760722682,531.712890625,50295
2022-03-23,533.2848265704868,529.1682739257812,49160
2022-03-24,529.168154763695,531.16259765625,36490
2022-03-25,531.1626767143657,539.43505859375,53365
2022-03-28,538.1971186358828,526.4762573242188,51995
2022-03-29,530.1408507443477,540.9185791015625,64405
2022-03-30,542.1270262846367,560.8529052734375,81930
2022-03-31,567.2783152828331,554.45703125,63595
2022-04-01,559.9686831065749,565.3526000976562,29305
2022-04-04,569.8326589689309,570.1175537109375,101470
2022-04-05,579.6574452759176,570.1668090820312,49570
2022-04-06,571.6010618316395,568.4669799804688,45180
2022-04-07,568.4670405344033,579.912841796875,87240
2022-04-08,590.8181979763939,603.6198120117188,74385
2022-04-11,610.506983019199,626.8356323242188,103055
2022-04-12,628.9773236686019,626.943603515625,125705
2022-04-13,630.087516880259,629.6355590820312,62905
2022-04-18,628.7808508547474,629.74365234375,153040
2022-04-19,635.638466334274,638.2027587890625,98925
2022-04-20,637.6230893142805,613.218505859375,72080
2022-04-21,619.152693851086,614.9476928710938,36925
2022-04-22,605.7911369439245,602.4900512695312,56140
2022-04-25,596.5656247461895,603.5411376953125,130950
2022-04-26,606.5672550634741,603.8850708007812,31720
2022-04-27,603.236569245178,594.4827880859375,150390
2022-04-28,594.5910331053899,591.71240234375,46740
2022-04-29,591.8399676071524,599.3656616210938,55875
2022-05-02,599.3657016474745,584.0293579101562,45240
2022-05-04,586.3382243184516,596.5166015625,50110
2022-05-05,607.1665083211493,589.5704956054688,32660
2022-05-06,589.2855140338683,571.9351196289062,58445
2022-05-09,571.6011400485702,573.4383544921875,52830
2022-05-10,576.3072545318985,583.2139892578125,78825
2022-05-11,570.0586584640545,577.8889770507812,61070
2022-05-12,585.1297357303501,570.0291748046875,71870
2022-05-13,584.9626854568218,570.8543701171875,86020
2022-05-16,573.7134487681259,580.3843994140625,64170
2022-05-17,589.4821809023397,589.7081298828125,28575
2022-05-18,592.6554533908713,569.2333984375,44720
2022-05-19,569.2333528469449,564.1441650390625,43490
2022-05-20,566.9736517545502,576.0909423828125,17840
2022-05-23,578.9793789414275,570.8248901367188,21380
2022-05-24,570.8250204679817,569.1253662109375,81330
2022-05-25,569.1252732549648,555.1840209960938,77750
2022-05-26,563.9377822728303,563.96728515625,40410
2022-05-27,574.9415488194362,565.7750854492188,26630
2022-05-30,556.3433857824001,581.1507568359375,63580
2022-05-31,581.1507201403317,584.0391845703125,49450
2022-06-01,586.9669340422502,620.439697265625,98075
2022-06-02,623.5442774930934,620.361083984375,24805
2022-06-03,620.3611107883116,611.263427734375,35715
2022-06-06,630.9129025335014,621.314208984375,158395
2022-06-07,620.921196890659,618.7794189453125,29520
2022-06-08,618.7793159108703,608.384765625,21780
2022-06-09,611.4305097025907,587.8905029296875,175515
2022-06-10,583.1254826843466,579.1365966796875,97450
2022-06-13,573.7625411960621,567.5042114257812,54080
2022-06-14,563.9379087217773,572.1022338867188,25155
2022-06-15,569.8326863999747,572.848876953125,20590
2022-06-16,580.0504003765952,568.1624755859375,54635
2022-06-17,560.0080092998741,570.2060546875,38830
2022-06-20,567.86775740792,558.7012939453125,43615
2022-06-21,561.5013159067472,559.9981079101562,20735
2022-06-22,562.7981787255683,562.0023803710938,21205
2022-06-23,564.8220840779229,579.107177734375,25420
2022-06-24,582.0054421494857,575.9239501953125,16315
2022-06-27,587.4287426074918,573.4874877929688,107695
2022-06-28,579.2250762304492,581.7107543945312,19905
2022-06-29,584.6286141886483,589.835693359375,22060
2022-06-30,592.7930095209185,604.8773803710938,30915
2022-07-01,607.9033708779266,594.08984375,21795
2022-07-04,596.9390681652592,604.2584228515625,26380
2022-07-05,608.9251929241644,619.49658203125,106930
2022-07-06,622.6011472208191,622.7386474609375,66580
2022-07-07,625.8531231817713,622.1983032226562,40550
2022-07-08,625.3127383957245,622.709228515625,115955
2022-07-11,628.3191484788678,624.7134399414062,36045
2022-07-12,624.7134502059861,626.6980590820312,69600
2022-07-13,632.7107990729476,617.6004028320312,23690
2022-07-14,620.6951705034506,610.8115234375,24010
2022-07-15,610.7231809712483,598.2359619140625,104210
2022-07-18,610.1827006247188,633.5065307617188,103250
2022-07-19,639.9810880984749,652.104736328125,229840
2022-07-20,656.2900906988377,663.9828491210938,124695
2022-07-21,672.0095479792161,666.7533569335938,71330
2022-07-22,666.7533823673286,658.5792236328125,52995
2022-07-25,668.2761593606571,653.94189453125,24050
2022-07-26,656.2900705298646,640.6589965820312,37935
2022-07-27,640.6590151840677,634.5676879882812,38210
2022-07-28,646.0526767385118,636.0609130859375,33545
2022-07-29,639.2441851898037,648.1748046875,62705
2022-08-01,657.0760330064037,648.7250366210938,41185
2022-08-02,650.3952789692723,639.0084228515625,43785
2022-08-03,639.0083913516845,638.66455078125,70660
2022-08-04,641.8674321143701,634.646240234375,60775
2022-08-05,641.553049560184,593.4611206054688,165240
2022-08-08,593.4119297236762,613.9946899414062,98045
2022-08-10,618.8971643620472,613.7391967773438,97195
2022-08-11,618.759655542236,606.6851196289062,89895
2022-08-12,608.1491138625928,609.1414184570312,81610
2022-08-16,612.1968022585213,606.1742553710938,97055
2022-08-17,613.0614372388927,603.1090087890625,43920
2022-08-18,606.1251645308023,600.3875122070312,89975
2022-08-19,599.7783514048979,601.4288940429688,105930
2022-08-22,604.4451166757907,603.462646484375,153925
2022-08-23,603.6591318877878,609.711181640625,165880
2022-08-24,614.0438411809223,639.676513671875,201335
2022-08-25,643.5178770357134,647.2905883789062,214625
2022-08-26,650.5327243168311,652.1341552734375,105955
2022-08-29,648.233778080711,647.0646362304688,105155
2022-08-30,650.3067823373325,685.155029296875,182055
2022-09-01,685.1550555117868,675.6741943359375,123035
2022-09-02,675.6741358367979,674.2888793945312,169920
2022-09-05,679.2900022255558,673.8950805664062,187180
2022-09-06,678.0594262690257,688.6032104492188,142615
2022-09-07,687.9534739133939,720.5791015625,252340
2022-09-08,723.5915905836916,719.1614379882812,214890
2022-09-09,720.2442348464024,727.4506225585938,111575
2022-09-12,731.4674681465378,718.7775268554688,177155
2022-09-13,728.1200798816692,713.697509765625,229675
2022-09-14,708.8243917054483,694.500244140625,136545
2022-09-15,697.9754219688681,689.5877075195312,189120
2022-09-16,687.4907587416405,687.6285400390625,1192870
2022-09-19,685.1969396191761,678.7190551757812,53450
2022-09-20,682.0465567390065,684.8523559570312,70945
2022-09-21,688.2783580882417,687.6187744140625,99110
2022-09-22,688.1404393629333,686.0730590820312,83705
2022-09-23,688.7410442387855,674.1707763671875,14005
2022-09-26,664.4244290464895,660.5061645507812,53840
2022-09-27,657.6315382911836,658.2320556640625,34475
2022-09-28,659.4036072769186,665.5073852539062,20625
2022-09-29,667.476336438634,665.4876708984375,38865
2022-09-30,665.3104400101275,677.8231811523438,44515
2022-10-03,681.2196535976717,681.6331176757812,31580
2022-10-04,685.0491826996268,686.2601318359375,30530
2022-10-06,692.0784527314894,689.0758056640625,74895
2022-10-07,692.5214135484944,684.1434936523438,97380
2022-10-10,687.1658844741779,672.0443115234375,24385
2022-10-11,675.3520736517785,671.8965454101562,18465
2022-10-12,674.9583682490841,668.3033447265625,25735
2022-10-13,671.4141981583531,667.1218872070312,19065
2022-10-14,670.4593285179011,679.7527465820312,33330
2022-10-17,698.7236228335987,685.8860473632812,118770
2022-10-18,687.9534202722348,685.6300659179688,31365
2022-10-19,686.9689449869232,679.8118286132812,32285
2022-10-20,679.8117984461473,672.3887939453125,21765
2022-10-21,675.7557789439903,680.4813232421875,99460
2022-10-24,689.1840113311314,703.429443359375,54655
2022-10-25,699.2749811692595,690.9955444335938,46170
2022-10-27,700.5547438389798,696.7645263671875,87760
2022-10-28,698.9598624157484,694.3623657226562,31450
2022-10-31,694.2541399693623,689.3021850585938,38420
2022-11-01,690.7099168645298,688.82958984375,55010
2022-11-02,690.119247211211,688.1207275390625,43955
2022-11-03,676.3366264867225,688.6327514648438,32250
2022-11-04,691.4976893761885,687.1856689453125,21050
2022-11-07,689.8239839155724,686.2011108398438,61835
2022-11-09,686.2011428147127,674.6630249023438,21865
2022-11-10,673.4127311029928,663.9715576171875,49280
2022-11-11,667.2991136047451,673.855712890625,35275
2022-11-14,673.8557101737186,670.3017578125,132720
2022-11-15,668.7659675020675,662.8492431640625,25145
2022-11-16,666.1668909950411,653.1029052734375,39265
2022-11-17,655.2392668503426,650.1298217773438,43765
2022-11-18,653.3884501587571,641.3580932617188,17455
2022-11-21,644.5675143194362,650.31689453125,24750
2022-11-22,653.5754964435113,647.8458251953125,132305
2022-11-23,647.7867101691965,642.519775390625,18045
2022-11-24,645.729160430464,650.5432739257812,37010
2022-11-25,653.7921032769832,654.5501708984375,23550
2022-11-28,661.1756385743415,651.7246704101562,36980
2022-11-29,654.6780660734016,653.634521484375,17120
2022-11-30,649.9525757859145,669.14990234375,43865
2022-12-01,672.4971487881736,676.218505859375,26955
2022-12-02,678.3055828760155,675.1453857421875,16320
2022-12-05,680.4025502979106,672.4873657226562,49275
2022-12-06,675.8541830037138,668.9825439453125,22570
2022-12-07,673.4126758662783,669.5928955078125,29680
2022-12-08,666.4917815679026,669.5436401367188,41015
2022-12-09,672.9007935865728,675.6671752929688,36695
2022-12-12,680.2745621594639,676.2578735351562,86745
2022-12-13,679.2900505407283,669.5043334960938,25560
2022-12-14,672.8613317171904,663.6171264648438,17250
2022-12-15,663.6172460769966,666.009521484375,20030
2022-12-16,666.0094361935487,643.976806640625,74330
2022-12-19,639.5663567975879,648.1805419921875,17030
2022-12-20,648.7712807839833,647.8950805664062,26710
2022-12-21,650.7401600110379,635.8351440429688,43765
2022-12-22,638.9264534844087,630.2433471679688,44155
2022-12-23,630.0759993990437,615.83056640625,64140
2022-12-26,615.3088051804846,610.3864135742188,66520
2022-12-27,615.2595837126794,606.1235961914062,61840
2022-12-28,609.1558659072467,607.3739624023438,13030
2022-12-29,598.2674926566136,611.548095703125,26920
2022-12-30,614.3145371436788,613.487548828125,23790
2023-01-02,613.5268991147404,607.177001953125,78440
2023-01-03,604.4696349216944,614.86572265625,23610
2023-01-04,617.94719472979,615.6238403320312,20505
2023-01-05,610.376556781707,615.4072265625,36150
2023-01-06,610.4454495112827,604.90283203125,55210
2023-01-09,607.9351506603,604.735595703125,31895
2023-01-10,604.7354708109855,601.87060546875,38835
2023-01-11,600.5317906620685,595.1270141601562,18910
2023-01-12,598.1098958821111,595.944091796875,26710
2023-01-13,596.2985530021492,594.240966796875,9020
2023-01-16,597.2140848657041,588.0879516601562,20195
2023-01-17,588.7180160675483,577.1701049804688,28805
2023-01-18,575.9198352829052,581.423095703125,28410
2023-01-19,581.4328270029639,583.8153076171875,25330
2023-01-20,582.8209921448579,582.6240844726562,53355
2023-01-23,583.7956112287425,579.1784057617188,32080
2023-01-24,578.8732474544478,575.053466796875,21385
2023-01-25,576.9042988979293,566.6263427734375,28805
2023-01-27,561.5956188447992,563.9091186523438,34715
2023-01-30,563.9091701681343,573.5866088867188,27105
2023-01-31,573.5866395274139,574.1576538085938,19105
2023-02-01,577.032259057527,574.4135131835938,27345
2023-02-02,577.2882488621525,577.8986206054688,24955
2023-02-03,580.7929417702849,580.3499145507812,22855
2023-02-06,583.1655472657728,578.4400634765625,20410
2023-02-07,581.235961293612,612.3060913085938,97700
2023-02-08,612.306170860874,624.1494140625,57575
2023-02-09,628.4910469296055,614.8461303710938,18925
2023-02-10,604.4696257514948,581.4722290039062,154415
2023-02-13,581.0784311598303,561.7728271484375,144055
2023-02-14,558.9867659892365,547.3699340820312,159290
2023-02-15,543.9833534966035,561.6448974609375,47785
2023-02-16,561.6941474588527,568.4181518554688,53285
2023-02-17,571.263299454636,577.9872436523438,126250
2023-02-20,580.645340432877,570.9876098632812,63500
2023-02-21,570.9876161042096,579.9266967773438,40345
2023-02-22,578.0956181612036,571.1452026367188,45340
2023-02-23,573.7736997082006,581.1572875976562,71800
2023-02-24,581.0391060983865,584.85888671875,61725
2023-02-27,587.7138382435469,579.9463500976562,87940
2023-02-28,585.7449430724996,578.8043823242188,42975
2023-03-01,575.1420834166272,578.54833984375,39925
2023-03-02,581.2360238287316,581.127685546875,45975
2023-03-03,581.2359970252171,575.0830078125,51140
2023-03-06,571.2139629978227,573.0549926757812,33485
2023-03-08,571.2927780909373,578.9224853515625,34085
2023-03-09,579.503302304782,570.3870239257812,18960
2023-03-10,565.0905190999893,571.6176147460938,23415
2023-03-13,573.9508874184666,571.4010620117188,16350
2023-03-14,574.0690105988601,566.793701171875,20375
2023-03-15,566.7937094961306,562.481689453125,80400
2023-03-16,562.4620596036567,559.35107421875,30585
2023-03-17,563.4465497626848,557.1065063476562,80400
2023-03-20,559.892509778045,551.4063110351562,42185
2023-03-21,554.1726427836865,551.7902221679688,27655
2023-03-22,556.2302049325199,547.3600463867188,38665
2023-03-23,541.8961965392991,549.0435180664062,47050
2023-03-24,544.4558201111497,540.0355224609375,39070
2023-03-27,542.7429386146209,532.5240478515625,30850
2023-03-28,533.9811034908377,525.9575805664062,30900
2023-03-29,521.7735607599205,557.9039306640625,59545
2023-03-31,560.6998461512533,572.9960327148438,61965
2023-04-03,578.6172456709759,575.4078369140625,53455
2023-04-05,578.292425368804,570.4264526367188,54230
2023-04-06,573.2813706646808,574.5316772460938,43680
2023-04-10,574.5317536892612,573.104248046875,49495
2023-04-11,578.8339305523192,568.5756225585938,44890
2023-04-12,571.4207026139965,574.9155883789062,58800
2023-04-13,579.2670356619086,571.6373291015625,24075
2023-04-17,571.6472146374738,569.579833984375,62825
2023-04-18,571.7653818548623,567.5419311523438,37150
2023-04-19,571.223780237683,559.3214721679688,49265
2023-04-20,559.1836519997064,570.7119140625,40055
2023-04-21,574.9352689563792,563.9583129882812,30135
2023-04-24,561.3495390195858,571.0269775390625,30480
2023-04-25,574.9354344805887,569.4814453125,24275
2023-04-26,572.3362745149793,573.596435546875,52695
2023-04-27,574.7384635305631,575.1913452148438,36265
2023-04-28,576.864931329324,574.47265625,26885
2023-05-02,577.347377177499,572.9861450195312,58490
2023-05-03,575.8607806411285,575.7525024414062,28390
2023-05-04,579.296551914901,581.2852172851562,112290
2023-05-05,584.1894822176513,573.5570678710938,25010
2023-05-08,574.9353984806264,572.2083740234375,41230
2023-05-09,576.1462408804645,567.1185913085938,34115
2023-05-10,567.0594950224687,572.1492309570312,50680
2023-05-11,574.738433346469,576.451416015625,30720
2023-05-12,577.8887295270365,570.564208984375,34690
2023-05-15,575.3979705588545,583.8153076171875,114780
2023-05-16,590.49008899855,586.0599365234375,1191390
2023-05-17,588.9839158291157,586.2371826171875,75795
2023-05-18,583.007990632671,586.7588500976562,202325
2023-05-19,586.9559430437666,589.9684448242188,152445
2023-05-22,590.4901627888331,587.4776611328125,109965
2023-05-23,611.9419130673972,593.3844604492188,309065
2023-05-24,591.6714851337142,593.2958984375,40200
2023-05-25,593.8569412084539,588.8558349609375,28425
2023-05-26,588.8558927104684,594.6741333007812,69030
2023-05-29,595.2353461793768,596.357666015625,59300
2023-05-30,593.3844609818548,603.1012573242188,86070
2023-05-31,603.091410750565,596.9581298828125,22265
2023-06-01,596.9876907633213,602.7764282226562,37005
2023-06-02,603.3473139063848,605.4934692382812,31705
2023-06-05,612.7491465319692,608.9786376953125,54045
2023-06-06,611.5579368990786,610.5833129882812,42045
2023-06-07,617.3073134464529,609.7662353515625,56345
2023-06-08,609.766224764374,612.3554077148438,98370
2023-06-09,612.532547893618,607.6790771484375,92600
2023-06-12,605.6510737470782,611.63671875,66200
2023-06-13,611.0656647277982,614.343994140625,88735
2023-06-14,615.2989637450216,613.979736328125,79975
2023-06-15,613.566297308069,614.5310668945312,92295
2023-06-16,614.5114448462195,613.487548828125,53815
2023-06-19,612.345541515861,626.2562255859375,216010
2023-06-20,626.1282077606303,621.570068359375,58215
2023-06-21,624.6810502563409,616.529541015625,40930
2023-06-22,619.6208274736256,616.224365234375,49595
2023-06-23,616.9726339189339,616.2047119140625,35255
2023-06-26,610.3765991521766,611.44970703125,156545
2023-06-27,615.2596026535361,606.7635498046875,138390
2023-06-28,609.8055135762896,610.61279296875,45660
2023-06-30,613.6745702895905,611.5382690429688,33300
2023-07-03,614.5999538629044,616.4606323242188,58875
2023-07-04,619.5321916700424,620.4281005859375,34955
2023-07-05,620.2213464258773,622.5151977539062,35245
2023-07-06,619.3352434294333,626.216796875,50620
2023-07-07,629.3573259570816,623.4011840820312,51630
2023-07-10,623.5685793820321,619.9358520507812,76845
2023-07-11,623.036936621542,620.1032104492188,44640
2023-07-12,620.1031481247636,619.0694580078125,74145
2023-07-13,619.069586072081,609.717041015625,38885
2023-07-14,611.479143846016,615.5450439453125,37715
2023-07-17,619.2270268783927,611.82373046875,43510
2023-07-18,614.8855583084742,616.0275268554688,50190
2023-07-19,618.4493770386264,619.7291870117188,40025
2023-07-20,619.7291547080006,609.5496215820312,45825
2023-07-21,608.643899606127,608.5651245117188,55475
2023-07-24,604.6272292033511,607.3739624023438,61760
2023-07-25,600.5317804976714,599.2027587890625,42430
2023-07-26,603.0816465501399,593.0694580078125,74335
2023-07-27,597.1845157462517,600.5219116210938,28225
2023-07-28,603.7608526258109,613.5465087890625,76405
2023-07-31,613.72387398447,624.69091796875,149455
2023-08-01,625.7442090933514,634.3387451171875,171425
2023-08-02,637.5186908388024,633.2263793945312,207230
2023-08-03,633.2262679060116,653.2603759765625,202090
2023-08-04,659.6004414172066,649.8048706054688,114785
2023-08-07,653.053686170027,634.1024780273438,81975
2023-08-08,637.2725587681498,636.2683715820312,103790
2023-08-09,634.9884816514679,631.168701171875,34045
2023-08-10,631.4345850959394,615.0331420898438,45405
2023-08-11,615.0331015117954,624.9369506835938,43405
2023-08-14,618.8430104730992,628.4121704101562,50100
2023-08-16,628.6878034888404,626.1675415039062,49465
2023-08-17,629.3080806443193,629.8988037109375,44105
2023-08-18,629.3080626199759,624.3463134765625,34820
2023-08-21,619.1778074743515,626.9945678710938,77300
2023-08-22,624.159281439988,628.5402221679688,34630
2023-08-23,627.1127257535843,633.1475830078125,55345
2023-08-24,633.1475453561851,627.0634765625,46530
2023-08-25,626.6401114100296,628.372802734375,62260
2023-08-28,626.1774684483509,628.3826904296875,39630
2023-08-29,628.0971514215067,634.8900756835938,38190
2023-08-30,634.890069142388,631.5526733398438,36655
2023-08-31,628.1070586256726,629.032470703125,33665
2023-09-01,629.9677090299465,627.5557250976562,23660
2023-09-04,630.0562966528238,638.7098999023438,90020
2023-09-05,641.8798298809327,635.2838134765625,51270
2023-09-06,635.2838505867521,635.7662353515625,108875
2023-09-07,635.97297464557,636.937744140625,40050
2023-09-08,634.6241525837214,640.2455444335938,82580
2023-09-11,642.1772618293235,637.860595703125,34545
2023-09-12,637.4369070344842,629.4639282226562,75045
2023-09-13,632.6175297080609,628.1234741210938,51580
2023-09-14,624.2404635003414,628.103759765625,71885
2023-09-15,628.7739720486531,618.6524658203125,35320
2023-09-18,623.9941636991047,616.0507202148438,59590
2023-09-20,617.4401934771864,616.5630493164062,46155
2023-09-21,612.6307848621277,620.3377075195312,146140
2023-09-22,620.2983498094136,629.6707763671875,50485
2023-09-25,630.7450280750317,622.9395751953125,68380
2023-09-26,623.0579057191717,626.7339477539062,45360
2023-09-27,626.8324411174524,627.946044921875,30385
2023-09-28,635.081421226538,627.9559326171875,222660
2023-09-29,628.7738909157802,625.8764038085938,142960
2023-10-03,629.0005854177034,627.3350219726562,76980
2023-10-04,626.112973998564,621.4415283203125,50385
2023-10-05,624.5460214014894,622.3580932617188,24690
2023-10-06,625.4724802677356,625.6892700195312,41675
2023-10-09,631.7207359257587,621.9934692382812,81765
2023-10-10,625.0978699976044,621.21484375,31985
2023-10-11,624.3192993262231,621.0473022460938,26230
2023-10-12,621.0472477502409,621.5302124023438,18605
2023-10-13,617.5387613903671,622.3975219726562,23590
2023-10-16,622.3876216098926,621.8751220703125,61995
2023-10-17,619.5296618914805,630.4987182617188,49350
2023-10-18,633.6523272378206,631.750244140625,72010
2023-10-19,624.8317373162399,622.7817993164062,104340
2023-10-20,622.8606790790308,626.52685546875,36415
2023-10-23,626.5268232814707,610.3935546875,62880
2023-10-25,610.3936389889274,617.9034423828125,53505
2023-10-26,608.0480731901448,612.9757690429688,72545
2023-10-27,612.9757059114526,627.0393676757812,31925
2023-10-30,624.5854083266263,619.283203125,29210
2023-10-31,618.6130416906014,623.2056274414062,103180
2023-11-01,622.8607150056196,630.2522583007812,38580
2023-11-02,635.1307335902293,627.7095947265625,37865
2023-11-03,626.8028891958842,626.3101196289062,14885
2023-11-06,626.2115770122003,624.5164184570312,74395
2023-11-07,611.0342074585028,616.9178466796875,102300
2023-11-08,616.3463115942354,617.2529907226562,81130
2023-11-09,616.6714878531498,618.7706909179688,27275
2023-11-10,618.7707335682824,615.2129516601562,36230
2023-11-13,619.4507185164233,616.3167114257812,28935
2023-11-15,618.908695188477,617.0953369140625,45905
2023-11-16,615.5676471699476,618.672119140625,49890
2023-11-17,618.8889455007396,624.9598999023438,45630
2023-11-20,625.3541723519575,631.1392822265625,60030
2023-11-21,630.5479184796409,634.6871948242188,57095
2023-11-22,634.0958652576926,627.7883911132812,50440
2023-11-23,627.7883593666609,636.2344360351562,55645
2023-11-24,635.6431549249128,656.7928466796875,122210
2023-11-28,668.1956011346745,665.6528930664062,129015
2023-11-29,666.2244096345494,663.0411376953125,75960
2023-11-30,659.7592951192601,669.8019409179688,93890
2023-12-01,673.1527860651976,660.8828125,34885
2023-12-04,664.9826533995107,654.5950927734375,55365
2023-12-05,654.368326294105,650.43603515625,52110
2023-12-06,648.7113610860969,676.3853149414062,153500
2023-12-07,676.0896104389386,668.0081787109375,68650
2023-12-08,667.5647542253784,667.9097290039062,32420
2023-12-11,665.5148363841093,670.107421875,60310
2023-12-12,670.1075132611901,655.5215454101562,34885
2023-12-13,655.5215041015347,667.2198486328125,81385
2023-12-14,666.4511130177684,654.5753784179688,41090
2023-12-15,654.5753252162374,662.7454223632812,119095
2023-12-18,653.570080817574,652.8013916015625,251090
2023-12-19,660.3111273839475,650.5838623046875,71640
2023-12-20,651.4413423104537,652.1607666015625,80910
2023-12-21,652.4269843768371,661.4939575195312,46610
2023-12-22,662.4005436984698,665.1896362304688,30800
2023-12-26,663.7802212701943,656.60546875,50515
2023-12-27,658.5371453596125,663.3564453125,47380
2023-12-28,663.4747592259439,666.3426513671875,128300
2023-12-29,658.340089661477,663.4649047851562,90225
2024-01-01,664.0562651715114,661.0897827148438,43400
2024-01-02,663.0312863507929,666.94384765625,61305
2024-01-03,668.2645018364786,670.2553100585938,33350
2024-01-04,673.6061127272678,662.33154296875,106435
2024-01-05,664.1054817841969,667.1803588867188,44720
2024-01-08,677.0357658763569,730.865966796875,1159890
2024-01-09,745.0774544727859,705.4981689453125,229305
2024-01-10,705.4488452086612,693.8096313476562,54325
2024-01-11,693.8096145689266,687.610595703125,35305
2024-01-12,687.512001242783,682.5646362304688,44895
2024-01-15,683.9542777140033,679.6277465820312,37895
2024-01-16,679.874044939445,681.4312133789062,35885
2024-01-17,678.5830626454327,673.16259765625,30250
2024-01-18,673.3202965887473,684.3090209960938,54315
2024-01-19,684.161206891185,678.1888427734375,15745
2024-01-23,687.9062867399133,699.7721557617188,263050
2024-01-24,701.7334096050445,723.1688842773438,81570
2024-01-25,719.5125554183836,723.4547119140625,35280
2024-01-29,729.3088019263016,722.5676879882812,92865
2024-01-30,699.7328343784595,677.627197265625,336970
2024-01-31,677.0850898323752,683.3333740234375,177540
2024-02-01,686.4871125293155,681.7860717773438,35695
2024-02-02,684.6047783741595,680.4063720703125,43990
2024-02-05,681.9930211779608,672.0292358398438,41890
2024-02-06,672.0391036586012,680.3570556640625,94200
2024-02-07,683.3333798290965,680.800537109375,42530
2024-02-08,681.2046489035973,675.439208984375,80230
2024-02-09,678.1889236851652,672.24609375,62945
2024-02-12,675.4294351722895,672.6502075195312,34020
2024-02-13,675.4294356364112,703.5567016601562,100510
2024-02-14,693.7012787913862,682.298583984375,43010
2024-02-15,684.9496873573981,679.9234619140625,68410
2024-02-16,682.3183515229053,687.0390625,31295
2024-02-19,690.4785604160484,682.9983520507812,28955
2024-02-20,685.8071142645404,684.9201049804688,44090
2024-02-21,686.1323281481373,706.8976440429688,91995
2024-02-22,710.4356988934039,690.4588623046875,36455
2024-02-23,691.7597025072181,695.4949340820312,45810
2024-02-26,698.402373503091,693.6914672851562,42445
2024-02-27,695.3570025853885,693.1986694335938,38950
2024-02-28,693.1986189020347,689.0396728515625,107160
2024-02-29,688.891777315945,716.91064453125,130275
2024-03-01,710.5737056050309,692.3609619140625,76445
2024-03-04,697.810949931224,688.3793334960938,36090
2024-03-05,688.3793818714013,686.585693359375,32155
2024-03-06,686.5856441284445,646.2376708984375,154025
2024-03-07,652.0326596569845,650.5938110351562,68720
2024-03-11,654.7922018588649,647.7849731445312,64060
2024-03-12,650.4657457254184,651.0471801757812,210755
2024-03-13,654.1023349231918,634.9039916992188,51485
2024-03-14,634.9139035973718,622.2201538085938,82990
2024-03-15,630.4887493620236,637.5255126953125,78830
2024-03-18,646.7107324967917,630.5281982421875,84255
2024-03-19,633.0511818829593,636.5892333984375,74205
2024-03-20,644.5228367595054,649.864501953125,146740
2024-03-21,660.1141082990122,682.3873291015625,167505
2024-03-22,690.6658434276824,686.5068969726562,113945
2024-03-26,670.166541635683,658.5470581054688,69475
2024-03-27,651.8355894109327,640.7679443359375,128910
2024-03-28,643.9807964710268,655.4130859375,54430
2024-04-01,665.2389063995821,649.7659301757812,68085
2024-04-02,649.8545371297809,661.109375,27825
2024-04-03,660.104205799282,661.740234375,29680
2024-04-04,664.2532965753777,660.1436157226562,34520
2024-04-05,662.2133005461941,660.1239624023438,39145
2024-04-08,662.2823328294153,653.7081298828125,39735
2024-04-09,651.1358557045974,664.90380859375,39525
2024-04-10,666.224411004712,668.8065185546875,27600
2024-04-12,668.6094834014805,665.3473510742188,21925
2024-04-15,660.0056507671819,654.6837158203125,71810
2024-04-16,644.9367880726552,650.6036376953125,74780
2024-04-18,647.1048761391818,645.5379028320312,92790
2024-04-19,642.9657288913029,641.0044555664062,34690
2024-04-22,638.629355784502,645.951904296875,89165
2024-04-23,648.6719861217886,654.5654907226562,73365
2024-04-24,655.8860882104412,652.7816162109375,82075
2024-04-25,652.623916570575,646.5726928710938,25005
2024-04-26,646.5728832486027,641.6649169921875,29720
2024-04-29,639.8414806459028,640.1568603515625,17870
2024-04-30,642.965775775284,638.1957397460938,39995
2024-05-02,630.9520178346995,631.1885375976562,48100
2024-05-03,633.73120028724,630.7153930664062,34195
2024-05-06,631.1293731475436,629.5722045898438,456035
2024-05-07,632.1148625809411,638.3040161132812,37905
2024-05-08,639.5951421842525,634.9729614257812,31380
2024-05-09,633.8888969182485,629.6904907226562,40290
2024-05-10,629.5623414239808,628.66552734375,25905
2024-05-13,630.5479249733025,627.404052734375,21350
2024-05-14,627.4138596094373,635.7318115234375,39590
2024-05-15,635.7318163973246,650.4656372070312,51885
2024-05-16,646.9472813001006,646.9275512695312,22000
2024-05-17,646.9275346742751,640.728515625,30825
2024-05-21,636.7272619723153,640.2357788085938,38195
2024-05-22,643.4388153260168,638.1957397460938,24120
2024-05-23,637.0524747083468,637.2593994140625,24995
2024-05-24,636.490712490429,638.9151000976562,37995
2024-05-27,638.8264490103631,632.3021850585938,49655
2024-05-28,651.0964706877359,689.8380126953125,1291785
2024-05-29,686.9207289154712,728.7470092773438,451515
2024-05-30,719.8771657251997,698.8063354492188,115070
2024-05-31,709.0362699615928,683.8754272460938,106525
2024-06-03,687.2953144458899,676.8978881835938,73165
2024-06-04,676.8978119939841,686.7926025390625,125530
2024-06-05,687.9062772644404,695.5244750976562,218290
2024-06-06,695.5245114600518,722.0158081054688,84630
2024-06-07,729.2989182063855,800.8096313476562,532805
2024-06-10,808.3194284702186,817.7806396484375,297345
2024-06-11,808.5166330334118,797.9614868164062,121505
2024-06-12,808.1420399040499,815.1393432617188,110750
2024-06-13,826.2267308587378,813.5428466796875,62435
2024-06-14,812.7248830120375,815.96728515625,58655
2024-06-18,815.9672490325902,813.3358764648438,39655
2024-06-19,815.7800385379205,809.5120239257812,167550
2024-06-20,812.1827200593672,794.64013671875,93285
2024-06-21,796.1973294081698,798.49365234375,53045
2024-06-24,801.0659189259353,775.65869140625,64215
2024-06-25,772.6626508768163,779.117919921875,46830
2024-06-26,783.0206344862187,777.2847900390625,39155
2024-06-27,777.6791039738589,757.1404418945312,100615
2024-06-28,756.8940073620192,758.106201171875,40065
2024-07-01,760.5405355205047,779.226318359375,186395
2024-07-02,783.3064615287477,801.0560302734375,96680
2024-07-03,826.4533614363113,788.766357421875,57185
2024-07-04,792.7183687238681,787.98779296875,35845
2024-07-05,788.2242589435491,786.2827758789062,61080
2024-07-08,788.8649073610958,787.7611083984375,54140
2024-07-09,787.445739543452,772.1797485351562,51790
2024-07-10,772.2487420869601,764.0391845703125,47795
2024-07-11,766.7100281958382,758.1456909179688,32185
2024-07-12,758.8651459698684,746.949951171875,43135
2024-07-15,741.1352430550663,753.0602416992188,77075
2024-07-16,758.8651140428393,756.67724609375,28845
2024-07-18,759.121303850433,743.2540893554688,46455
2024-07-19,743.3132738679818,739.5682373046875,50655
2024-07-22,735.2121706338762,743.037353515625,54855
2024-07-23,744.5451351319441,744.1312255859375,59750
2024-07-24,746.5261454817232,753.8486938476562,25625
2024-07-25,753.8486849785772,747.2258911132812,15705
2024-07-26,748.9111242364505,758.83544921875,22685
2024-07-29,764.7585625621887,770.9576416015625,105100
2024-07-30,771.0168311008712,765.8328857421875,27310
2024-07-31,769.9819993936475,755.8394775390625,37840
2024-08-01,757.5445182795125,738.6320190429688,50925
2024-08-02,738.7010112434153,734.8673095703125,23600
2024-08-05,715.5013343174503,704.9560546875,85025
2024-08-06,708.5435108701182,713.9048461914062,126495
2024-08-07,717.4823352624734,719.285888671875,16580
2024-08-08,720.3797868774243,745.9052124023438,244560
2024-08-09,746.6444035615652,746.1614990234375,162325
2024-08-12,749.0097359084042,731.1419067382812,56700
2024-08-13,731.0728695728042,732.7778930664062,264140
2024-08-14,732.9454071065533,718.2017211914062,51365
2024-08-16,721.7990124184472,729.9395751953125,41255
2024-08-19,730.2844497324015,735.1530151367188,44695
2024-08-20,735.212181550987,726.1748046875,32295
2024-08-21,729.8114030561032,733.8422241210938,29820
2024-08-22,736.8876036555332,728.0670166015625,42455
2024-08-23,729.5156760820693,728.0965576171875,30075
2024-08-26,729.2989250161171,733.6648559570312,39345
2024-08-27,734.216839012408,776.3782348632812,171800
2024-08-28,785.4548891471967,768.612060546875,55990
2024-08-29,776.2992966396343,743.303466796875,55605
2024-08-30,744.4664622186185,755.5833129882812,64875
2024-09-02,755.583287174713,735.261474609375,31165
2024-09-03,738.9473695013031,746.999267578125,40340
2024-09-04,748.8618122384107,719.2365112304688,91390
2024-09-05,719.3055091043312,730.580078125,34650
2024-09-06,733.6550237328187,753.3756713867188,126595
2024-09-09,749.1476422509982,742.2882690429688,39120
2024-09-10,745.235043339648,769.8932495117188,107875
2024-09-11,773.6482084388485,778.3787841796875,168595
2024-09-12,779.1678510315246,781.0911254882812,58785
2024-09-13,785.8745033041997,773.5064697265625,79565
2024-09-16,773.506501721057,763.5252685546875,77065
2024-09-17,767.2929254092013,754.4218139648438,32555
2024-09-18,754.5993975486298,735.4160766601562,34325
2024-09-19,745.6240907597266,785.7561645507812,2505055
2024-09-20,796.9209451809257,807.513671875,967090
2024-09-23,822.554555002318,830.1489868164062,211005
2024-09-24,820.5918819128818,808.1251831054688,103295
2024-09-25,809.7427078392209,802.5625,67710
2024-09-26,798.8541636006236,795.6782836914062,81650
2024-09-27,795.6782061432893,804.268798828125,108465
2024-09-30,808.2928965652015,801.0042114257812,112650
2024-10-01,805.0184401392222,798.3018188476562,157035
2024-10-03,788.4390003670156,802.3062133789062,86880
2024-10-04,794.2876068570616,778.9705200195312,59510
2024-10-07,778.9705027925633,762.7559204101562,90745
2024-10-08,760.4184431641606,749.0465698242188,66125
2024-10-09,751.5418225195049,763.6731567382812,64260
2024-10-10,763.6731475542933,792.5122680664062,243235
2024-10-11,792.5122641358668,791.26953125,52140
2024-10-14,794.7018627981869,793.074462890625,38905
2024-10-15,793.6662116117026,796.595458984375,62180
2024-10-16,802.4441350333959,821.0357055664062,160155
2024-10-17,826.1150545399528,826.67724609375,95895
2024-10-18,826.6772867876108,833.30517578125,104300
2024-10-21,854.1257446213369,850.73291015625,351605
2024-10-22,856.6999069012151,792.9364013671875,135810
2024-10-23,792.9364031159556,782.9354248046875,84180
2024-10-24,786.850947201332,794.8892211914062,72775
2024-10-25,798.854172269269,755.7138671875,163660
2024-10-28,751.9462921666951,746.1469116210938,56110
2024-10-29,749.8848394487725,733.6505126953125,100270
2024-10-30,733.4533455882614,770.646240234375,81790
2024-10-31,770.6659981580293,797.6607055664062,64470
2024-11-01,797.660707000621,791.9402465820312,11075
2024-11-04,796.8321742413954,819.9705200195312,370980
2024-11-05,819.9705148523072,791.841552734375,46920
2024-11-06,801.7044806227884,802.552734375,39680
2024-11-07,825.1288283432654,818.8363037109375,118905
2024-11-08,828.2750277941619,801.152099609375,42895
2024-11-11,810.7290452187101,787.5906982421875,41645
2024-11-12,785.0855241843251,783.7343139648438,24575
2024-11-13,776.2089476212308,754.5796508789062,59775
2024-11-14,753.9188933184631,779.5722045898438,114800
2024-11-18,834.7846118835121,925.1680908203125,2011200
2024-11-19,920.5226669487486,873.486572265625,596425
2024-11-21,865.5863482648708,905.3436279296875,556695
2024-11-22,912.4942022843228,907.4937133789062,195030
2024-11-25,942.8916354064928,929.27099609375,259195
2024-11-26,931.0562096368589,909.288818359375,138905
2024-11-27,909.288785388784,899.46533203125,118360
2024-11-28,905.2154341437487,899.0807495117188,73080
2024-11-29,899.0807411921735,917.87939453125,160065
2024-12-02,923.1658568986628,904.2981567382812,98070
2024-12-03,913.3029959468944,961.3648071289062,565435
2024-12-04,956.6997233518557,947.4680786132812,191625
2024-12-05,956.6996727059994,931.35205078125,117880
2024-12-06,944.775404838665,946.9847412109375,111140
2024-12-09,953.9577915482698,951.25537109375,166000
2024-12-10,960.6448513497072,951.45263671875,62135
2024-12-11,952.7347622079109,929.0638427734375,98165
2024-12-12,933.0287980568302,909.4564819335938,79850
2024-12-13,909.5551274612218,902.601806640625,55655
2024-12-16,911.8927002785836,935.8594970703125,315805
2024-12-17,946.8367904975521,939.8341674804688,112730
2024-12-18,928.0973412062881,912.9676513671875,132105
2024-12-19,913.1846232117838,905.0576171875,70380
2024-12-20,918.2345125646052,851.1866455078125,150025
2024-12-23,858.060971488355,844.0162353515625,114915
2024-12-24,851.0780326946208,840.4951782226562,63165
2024-12-26,858.0116308153933,880.5581665039062,465985
2024-12-27,903.2428015763493,919.4080810546875,429960
2024-12-30,936.7766615700408,922.4064331054688,302005
2024-12-31,926.9137530581327,938.4730834960938,200330
2025-01-01,946.6395561316353,916.2520141601562,320255
2025-01-02,929.0737989740907,917.4356079101562,412540
2025-01-03,945.3573539994769,898.9031982421875,214711
2025-01-06,877.7965503709586,849.5393676757812,148240
2025-01-07,843.2765054975912,856.6900024414062,80104
2025-01-08,856.5421215472668,830.7013549804688,100609
2025-01-09,836.372491475541,809.0029907226562,75663
2025-01-10,809.0030182006807,770.9323120117188,106589
2025-01-13,751.896956126309,744.2039184570312,153075
2025-01-14,745.6339893107765,753.3270263671875,97862
2025-01-15,763.3872138940399,770.8336791992188,570737
2025-01-16,782.1266507044876,787.6498413085938,71779
2025-01-17,787.6498311034755,801.6058349609375,75503
2025-01-20,810.7290184853678,792.334716796875,38304
2025-01-21,798.6962303913613,767.332275390625,34631
2025-01-22,764.3734463751756,776.9979248046875,84263
2025-01-23,771.4747539329485,798.0552368164062,92017
2025-01-24,792.0881750188453,759.1461791992188,54779
2025-01-27,755.5954920603941,751.255859375,71145
2025-01-28,735.6725189049616,748.9380493164062,89831
2025-01-29,758.455760893956,793.271728515625,115386
2025-01-30,781.3869071151141,789.6717529296875,62855
2025-01-31,789.7210856144009,809.4961547851562,55841
2025-02-01,810.7289994803996,790.3621215820312,47925
2025-02-03,790.3621746951806,803.4798583984375,36472
2025-02-04,808.2633245213707,822.9590454101562,93420
2025-02-05,818.0275066818414,819.6548461914062,68009
2025-02-06,819.6548651766582,835.8300170898438,46152
2025-02-07,834.8930608981707,832.3287353515625,49883
2025-02-10,837.7533226314446,816.646728515625,83560
2025-02-11,808.7564872213861,774.0391235351562,95813
2025-02-12,761.1187547027405,756.3845825195312,59018
2025-02-13,755.4968569548433,725.7109375,42472
2025-02-14,731.8752235613728,725.0205078125,64557
2025-02-17,712.1001803666245,713.2344360351562,79345
2025-02-18,717.8699728710953,697.010009765625,47102
2025-02-19,693.5579734471592,689.0703735351562,52667
2025-02-20,685.4703399776075,722.9985961914062,69534
2025-02-21,721.1247539844128,755.8914184570312,136686
2025-02-24,739.716290282535,744.1052856445312,51897
2025-02-25,736.6588177202723,742.8231201171875,61741
2025-02-27,737.6450558205966,760.0337524414062,38255
2025-02-28,748.642175444387,742.5765380859375,123627
2025-03-03,741.688766994724,759.4419555664062,58973
2025-03-04,754.0174402934109,740.6039428710938,60284
2025-03-05,733.2068360198247,771.1295776367188,83635
2025-03-06,774.2363160045435,764.8665771484375,31685
2025-03-07,769.3049220765535,771.1788940429688,54823
2025-03-10,763.4857316559624,769.2555541992188,34004
2025-03-11,761.611884147135,766.9378051757812,36236
2025-03-12,761.4146059893287,756.729736328125,20175
2025-03-13,754.5106280760625,764.7186889648438,41351
2025-03-17,771.2774561679759,779.512939453125,79757
2025-03-18,779.512939453125,779.512939453125,0
2025-03-19,789.6224342695516,786.2197875976562,165441
2025-03-20,786.2198166637662,833.6109619140625,274152
2025-03-21,833.8575035969172,815.9070434570312,105099
2025-03-24,812.8002152960319,807.2277221679688,35863
2025-03-25,809.5454828765033,825.2767944335938,82065
2025-03-26,830.4548167797115,810.0386352539062,115598
2025-03-27,809.7426933880445,931.697265625,568975
2025-03-28,888.300645890392,852.8435668945312,351130
2025-04-01,845.051819214946,842.9313354492188,71993
2025-04-02,836.8656780221812,865.1228637695312,90226
2025-04-03,857.9722843785268,863.8900146484375,41269
2025-04-04,863.890002399966,831.1945190429688,79821
2025-04-07,664.9556437498387,780.7952270507812,127385
2025-04-08,781.3376589845547,801.9510498046875,99348
2025-04-09,791.9895474900516,801.9017333984375,31938
2025-04-11,829.3699451924804,832.3781127929688,72251
2025-04-15,844.1148796010291,853.484619140625,75876
2025-04-16,848.2572811276991,860.19140625,55293
2025-04-17,853.1394027228768,873.0624389648438,51175
2025-04-21,877.79663777554,870.3994750976562,81358
2025-04-22,875.8240165491356,871.7308959960938,40921
2025-04-23,872.8651702115081,873.7034912109375,50509
2025-04-24,873.7034902583372,873.0624389648438,76871
2025-04-25,860.9310641485372,845.1504516601562,54912
2025-04-28,845.1505167812693,844.9532470703125,72202
2025-04-29,851.3147975619263,841.698486328125,36705
2025-04-30,841.4025557998725,849.9832763671875,100508
2025-05-02,839.3806590925728,858.61328125,78973
2025-05-05,860.7338694261202,865.763916015625,53268
2025-05-06,862.5584331879696,860.0927124023438,71283
2025-05-07,844.4601117365337,867.8844604492188,46617
2025-05-08,880.5582148625214,879.0294799804688,111528
2025-05-09,874.6404577281735,875.3308715820312,31635
2025-05-12,913.3523459323467,885.5390014648438,44368
2025-05-13,890.6184041612494,901.4182739257812,55955
2025-05-14,913.2044447247075,913.5496215820312,76739
2025-05-15,922.1795957284465,908.7167358398438,52805
2025-05-16,888.6457894246449,874.1473388671875,172984
2025-05-19,887.2649461510881,857.1338500976562,58085
2025-05-20,862.6571382529011,848.35595703125,87828
2025-05-21,853.8791370804048,875.0350341796875,96880
2025-05-22,878.3391352353304,884.99658203125,60386
2025-05-23,887.659469774252,872.7665405273438,63400
2025-05-26,872.7665659646558,880.0650634765625,38563
2025-05-27,880.0650412626469,866.2077026367188,38958
2025-05-28,865.9612056868965,855.6544799804688,55868
2025-05-29,861.2269738309561,856.2955322265625,30196
2025-05-30,856.1968621267571,848.0106811523438,66387
2025-06-02,848.2572447387645,850.5256958007812,37363
2025-06-03,850.5256864241356,872.9637451171875,53180
2025-06-04,878.6842847601241,903.9825439453125,177648
2025-06-05,911.1330981718808,896.4374389648438,53984
2025-06-06,895.5497681768984,888.004638671875,32244
2025-06-09,893.7744849412344,889.780029296875,28248
2025-06-10,886.9197444294344,883.12255859375,32633
2025-06-11,882.7281124240842,889.3855590820312,33934
2025-06-12,892.9854244970402,888.152587890625,48557
2025-06-13,867.9337710081373,867.4899291992188,45484
2025-06-16,867.9337453059438,853.829833984375,37154
2025-06-17,853.8297841898991,852.596923828125,32083
2025-06-18,858.6625934454017,850.3778076171875,45814
2025-06-19,850.3778056762106,841.254638671875,53877
2025-06-20,846.7285177844155,841.6491088867188,57100
2025-06-23,841.6490844033493,849.1942138671875,73235
2025-06-24,865.8625320219589,893.5772094726562,520073
2025-06-25,904.4264494594845,905.2647705078125,72928
2025-06-26,910.2948004277637,902.4537963867188,42636
2025-06-27,907.385329441471,892.5910034179688,25771
2025-06-30,897.374452393621,912.8591918945312,75808
2025-07-01,907.4838491934682,909.2592163085938,35954
2025-07-02,899.7908950018858,898.3114624023438,30979
2025-07-03,902.7989809603434,889.336181640625,30902
2025-07-04,893.2812939274068,894.0703125,46133
2025-07-07,894.1690013290739,893.7252197265625,21821
2025-07-08,899.494978238361,910.8865966796875,233142
2025-07-09,906.6948023205307,911.2810668945312,54104
2025-07-10,911.2811247800851,903.6373901367188,28589
2025-07-11,897.5224084542947,899.2484130859375,28651
2025-07-14,899.2484218569217,907.3359985351562,27677
2025-07-15,911.8235812781708,912.3660278320312,54835
2025-07-16,903.2428846395079,914.782470703125,57386
2025-07-17,920.7001378011245,932.5848999023438,119937
2025-07-18,932.5849426061741,917.8892822265625,54225
2025-07-21,923.8563195674528,907.73046875,29170
2025-07-22,913.7961047775657,948.2175903320312,321088
2025-07-23,951.7682905887378,923.7083740234375,71548
2025-07-24,929.6753570412982,920.35498046875,26769
2025-07-25,910.4920486414327,887.1170043945312,59213
2025-07-28,894.218385980427,876.4158325195312,55653
2025-07-29,875.8240764550235,873.2103881835938,31294
2025-07-30,877.7966840028228,900.0374755859375,70147
2025-07-31,897.522427040849,886.3773803710938,48424
2025-08-01,886.673208722784,882.82666015625,32934
2025-08-04,888.5471864830532,874.7884521484375,22949
2025-08-05,875.0843105750178,865.615966796875,22420
2025-08-06,869.9063109434468,845.1011352539062,43208
2025-08-07,843.2764985873599,851.3640747070312,29926
2025-08-08,856.8873318733027,822.1206665039062,22769
2025-08-11,823.6494055840179,811.32080078125,47834
2025-08-12,811.320684618183,811.7645263671875,29390
2025-08-13,813.6879365687962,796.3292846679688,53492
2025-08-14,801.3592890586499,777.7376708984375,71952
2025-08-18,788.0444262747591,806.044189453125,48639
2025-08-19,808.7564211918984,801.8031005859375,24415
2025-08-20,807.2770245464311,807.2277221679688,34347
2025-08-21,812.5042961517373,804.318115234375,23510
2025-08-22,802.838756791275,803.7264404296875,14468
2025-08-25,803.9236066538073,788.7348022460938,33927
2025-08-26,790.5134735791062,765.6616821289062,43395
2025-08-28,763.8336357472879,760.6715698242188,34445
2025-08-29,760.6715527898863,756.9166259765625,20415
2025-09-01,761.7585450875864,755.1873779296875,16955
2025-09-02,758.102399815905,756.0767211914062,25451
2025-09-03,759.8316472617822,765.760498046875,48091
2025-09-04,770.3553578077879,752.8652954101562,45446
2025-09-05,752.9640503020719,757.8059692382812,62996
2025-09-08,759.1893573128368,756.5213623046875,62408
2025-09-09,761.3138696251095,745.15771484375,45474
2025-09-10,749.9996158076129,758.6952514648438,100793
2025-09-11,757.7070921018901,772.2327880859375,194655
2025-09-12,774.5549238644484,768.1814575195312,46448
2025-09-15,768.1814564301635,779.9403076171875,20327
2025-09-16,781.521344579387,794.3671875,43375
2025-09-17,797.4304723608363,797.6281127929688,37660
2025-09-18,798.1715262988793,799.8513793945312,26386
2025-09-19,802.8651908120006,806.2742919921875,58433
2025-09-22,806.2743183055472,799.4561157226562,66446
2025-09-23,796.4917276646894,774.802001953125,44751
2025-09-24,774.8019764094284,774.3573608398438,51296
2025-09-25,774.7031251443033,777.1240844726562,54334
2025-09-26,779.0015702066347,772.4798583984375,43173
2025-09-29,771.1458385634119,761.2149658203125,33300
2025-09-30,762.8454690984357,734.2881469726562,205211
2025-10-01,734.1893389241387,763.0430908203125,61021
2025-10-03,763.2407757387969,750.2960815429688,56159
2025-10-06,750.9877852347354,740.8099365234375,16955
2025-10-07,741.1063318236805,740.90869140625,27639
2025-10-08,745.7012332176046,740.5134887695312,26137
2025-10-09,743.0332901821936,745.2072143554688,338179
2025-10-10,745.9482681514158,744.3178100585938,305169
2025-10-13,746.0470498794583,741.7486572265625,22850
2025-10-14,737.4008091237527,741.0569458007812,51858
2025-10-15,732.2130643560769,743.1320190429688,20607
2025-10-16,743.131993087638,762.7466430664062,305177
2025-10-17,767.6873690991724,754.0509643554688,41828
2025-10-20,750.9877318737749,756.1754760742188,66824
2025-10-21,753.9521993845226,774.2091064453125,12329
2025-10-23,784.6833678978368,769.0707397460938,79460
2025-10-24,765.8098759098286,762.0055541992188,19775
2025-10-27,762.0056060328842,766.6992797851562,45664
2025-10-28,768.2308523362627,766.7980346679688,24809
2025-10-29,768.873117067737,762.4501953125,29262
2025-10-30,762.4501522565976,753.40869140625,51969
2025-10-31,753.952183350722,750.0490112304688,42918
2025-11-03,751.2841974789994,750.197265625,66091
2025-11-04,753.2110859477173,751.926513671875,24262
2025-11-06,752.4699803100176,732.5588989257812,34386
2025-11-07,732.5589435103509,729.14990234375,52806
2025-11-10,706.620169723549,705.0885620117188,510403
2025-11-11,709.4857956603233,717.7367553710938,57659
2025-11-12,721.2447334845247,714.03125,92481
2025-11-13,724.6043608301237,742.7861938476562,151051
2025-11-14,759.0661733976236,730.0518798828125,48599
2025-11-17,734.0968891858133,706.980224609375,125531
2025-11-18,714.8705390867793,729.4026489257812,73753
2025-11-19,728.7534713501091,727.8046264648438,45277
2025-11-20,730.9507412869319,738.1419067382812,38271
2025-11-21,734.4963771080801,716.7182006835938,62681
2025-11-24,720.313868798834,708.32861328125,28251
2025-11-25,699.1398484909338,701.2372436523438,64697
2025-11-26,704.2835576248045,702.8353271484375,80045
2025-11-27,702.8353182165473,701.7366333007812,255304
2025-11-28,702.435784955966,701.6867065429688,24466
2025-12-01,703.6842999739417,692.7977294921875,26729
2025-12-02,698.1411038167156,681.8112182617188,44414
2025-12-03,681.8112222821638,682.3106079101562,25416
2025-12-04,687.0547375386041,678.1656494140625,37953
2025-12-05,678.8648428541908,660.537353515625,36736
2025-12-08,660.1877898382897,658.2901000976562,51454
2025-12-09,659.23895033675,689.2520141601562,118898
2025-12-10,692.6478582449128,681.3617553710938,93842
2025-12-11,681.1620021516867,675.4190673828125,136763
2025-12-12,672.5226200057177,669.5263061523438,30690
2025-12-15,673.5213385315362,678.11572265625,28328
2025-12-16,673.1718018485711,671.6736450195312,38746
2025-12-17,674.1706200581856,677.5164794921875,114336
2025-12-18,675.2692260742188,675.2692260742188,42795
2025-12-19,675.2692080239924,688.1533813476562,51698
2025-12-22,691.5991951505227,685.6065673828125,37793
2025-12-23,685.206974289134,693.2470703125,42866
2025-12-24,697.242183755685,689.2020874023438,48206
2025-12-26,688.8026283310595,698.3908081054688,38891
2025-12-29,699.1398869422555,698.4407348632812,48379
2025-12-30,698.4407078640616,695.0948486328125,45447
2025-12-31,697.5418632297235,696.69287109375,32331
2026-01-01,696.4930969816241,695.7440185546875,16538
2026-01-02,695.7440244603434,688.9024658203125,98193
2026-01-05,692.5480089018979,689.3519287109375,40341
2026-01-06,688.9524143585895,684.0584716796875,34033
2026-01-07,684.0584537996289,674.2704467773438,125591
2026-01-08,674.2704654502456,661.3863525390625,144169
2026-01-09,659.1890238667582,658.9393310546875,60002
2026-01-12,654.1951612399765,658.1403198242188,54869
2026-01-13,658.1403251661387,643.6581420898438,31112
2026-01-14,639.2135826771654,634.2197265625,91040
2026-01-16,634.2197466115751,629.1260375976562,132975
2026-01-19,622.9835848292663,615.7924194335938,47937
2026-01-20,615.7924023169899,598.513671875,47816
2026-01-21,598.5136899115736,600.7609252929688,67655
2026-01-22,603.1579995128589,600.611083984375,54207
2026-01-23,603.2578248148587,612.3466186523438,67505
2026-01-27,610.9982930957723,603.707275390625,63111
2026-01-28,603.7073095147334,645.955322265625,56037
2026-01-29,642.8591396805389,643.957763671875,38524
2026-01-30,631.6729070618154,653.795654296875,43350
2026-02-02,630.7240305218035,634.6192626953125,45885
2026-02-03,713.6220640825688,743.1856689453125,422092
2026-02-04,743.1856500648229,718.1664428710938,73851
2026-02-05,718.1664661688353,705.881591796875,38774
2026-02-06,705.8815780410479,681.4616088867188,36755
2026-02-09,689.6515619009444,706.2811279296875,94721
2026-02-10,706.3310547430617,691.1497192382812,55425
2026-02-11,691.1496808498545,686.405517578125,34268
2026-02-12,710.4758921852355,718.1664428710938,2149665
2026-02-13,708.1287934471528,716.818115234375,127496
2026-02-16,714.1214688091643,692.398193359375,55678
2026-02-17,692.3981517267338,694.7952270507812,21318
2026-02-18,694.7952699782203,677.3167724609375,46510
2026-02-19,680.8623874578847,660.7870483398438,59634
2026-02-20,660.7870185364806,657.0916137695312,22430
2026-02-23,662.6846939665845,655.34375,44202
2026-02-24,657.5910213842682,644.6569213867188,75987
2026-02-25,645.2062128071481,642.1100463867188,117495
2026-02-26,642.759241629995,638.314697265625,42394
2026-02-27,638.3146629409383,641.6106567382812,55792
2026-03-02,632.8214549642664,630.6741333007812,75977
2026-03-04,614.2443082862854,619.8873901367188,54249
2026-03-05,619.8873899709428,627.4281005859375,51277
2026-03-06,627.7277030751025,617.83984375,57517
2026-03-09,600.8607552354205,620.636474609375,92778
2026-03-10,622.2844177961896,621.5353393554688,77076
2026-03-11,628.2271363990324,623.6827392578125,52631
2026-03-12,615.3429292857013,604.4064331054688,63648
2026-03-13,599.412594446115,606.6036987304688,266487
2026-03-16,603.6074060958917,609.25048828125,110937
2026-03-17,614.0944924524659,615.3429565429688,37751
2026-03-18,618.7387758399345,627.0784912109375,38719
2026-03-19,619.2381548012692,611.1481323242188,25763
2026-03-20,613.1955994910118,610.9483642578125,38617
2026-03-23,606.3040856046852,599.7621459960938,61901
2026-03-24,609.2504544136993,605.0556030273438,34869
2026-03-25,607.352783203125,607.352783203125,54823
2026-03-27,607.3527795603451,591.7220458984375,272882
2026-03-30,584.2811770095038,605.5050659179688,210017
2026-04-01,619.2381652977598,597.3151245117188,140589
2026-04-02,597.3151293893379,597.9144287109375,51281
2026-04-06,597.2652142119914,599.3126831054688,47568
2026-04-07,593.270104022553,596.1665649414062,35530
2026-04-08,617.7400065202414,612.1968383789062,62511
2026-04-09,621.0359775754606,601.6598510742188,38749
2026-04-10,603.2578133031996,618.4391479492188,95841
2026-04-13,610.9982954414622,611.547607421875,25992
2026-04-15,625.2307839489074,634.0199584960938,39230
2026-04-16,635.2684326171875,635.2684326171875,32672
2026-04-17,641.6106883835097,645.5557861328125,27753
2026-04-20,647.2037731639261,651.8980102539062,67295
2026-04-21,654.1951932030294,654.5447387695312,32707
2026-04-22,654.54471414794,643.9078369140625,50183
2026-04-23,646.5046418241909,631.6729125976562,30573
2026-04-24,632.0224148757717,626.3294067382812,33826
2026-04-27,626.2295885550096,630.6242065429688,28908
2026-04-28,632.8214571396583,615.7424926757812,110779
2026-04-29,615.7424620288516,611.9471435546875,84937
2026-04-30,611.2480079554697,613.99462890625,69348
2026-05-01,613.99462890625,613.99462890625,0
2026-05-04,614.2442993945244,633.8701782226562,153696
2026-05-05,637.0662378609638,623.6827392578125,32630
2026-05-06,664.1828750386906,665.8807983398438,445439
2026-05-07,669.4763357572754,671.6237182617188,119310
2026-05-08,677.0170370809981,640.3621826171875,308268
2026-05-11,639.4133388896678,625.4305419921875,76610
2026-05-12,625.2308289574795,624.4817504882812,91849
2026-05-13,624.481744091407,623.6827392578125,39586
2026-05-14,625.7301857137093,628.476806640625,68713
2026-05-15,625.88001937752,627.6777954101562,35829
2026-05-18,627.6777934494612,642.5594482421875,107861
2026-05-19,644.2074358914655,641.410888671875,62156
2026-05-20,634.0199617546435,634.4194946289062,33870
2026-05-21,629.4256550038052,621.3355712890625,116775
2026-05-22,621.335596916844,624.5316772460938,60081
2026-05-25,626.7289713753586,637.8652954101562,47844
2026-05-26,637.8652566183508,640.6118774414062,40427
2026-05-27,642.2098917829886,648.7518310546875,55565
2026-05-28,648.7518310546875,648.7518310546875,0
2026-05-29,648.751849766615,658.6397094726562,80806
2026-06-01,664.6822563135032,642.6593627929688,34191
2026-06-02,637.2659897998213,659.8382568359375,31505
2026-06-03,656.192720133362,652.59716796875,26116
2026-06-04,652.4972399389904,658.3900146484375,20768
2026-06-05,664.1828653635072,664.6822509765625,31057
2026-06-08,656.1927402504274,655.0941162109375,38415
2026-06-09,655.0940724408919,687.4542236328125,103392
2026-06-10,690.9000095502897,689.0523071289062,43380
2026-06-11,685.9061517011658,688.8525390625,52574
2026-06-12,691.349489309953,691.5991821289062,53855
2026-06-15,699.1398489238411,678.6650390625,50575
2026-06-16,679.3641947576551,679.114501953125,28085
2026-06-17,681.6613538919828,693.8963012695312,33249
2026-06-18,694.5455498752541,696.7427978515625,26321
2026-06-19,697.8914108233017,795.4214477539062,4899596
2026-06-22,795.0219400440991,775.7456665039062,328547
2026-06-23,776.0452609891369,765.1087036132812,113454
2026-06-24,764.3596450898898,737.1930541992188,80439
2026-06-25,743.9847300803824,727.4550170898438,88408
2026-06-26,727.4550170898438,727.4550170898438,0
2026-06-29,730.2016254218619,748.5790405273438,193410
2026-06-30,746.0821204026336,764.709228515625,91830
2026-07-01,766.0575470248223,727.0555419921875,81871
2026-07-02,727.4051060784125,721.7620849609375,41814
2026-07-03,724.6085649762476,730.1517333984375,29851
2026-07-06,729.1529605003611,729.9519653320312,30558
2026-07-07,729.9519205109432,724.4087524414062,49958
2026-07-08,727.1054441222396,701.43701171875,73178
2026-07-09,701.4370541009475,721.911865234375,47034
2026-07-10,722.0617177048717,723.4599609375,50802
2026-07-13,721.1128712854942,738.4915161132812,50776
2026-07-14,737.1930089600526,754.2221069335938,105954
2026-07-15,758.8663556825314,769.2036743164062,82525
2026-07-16,767.9052558076182,765.7080078125,60688
2026-07-17,765.2086128996311,764.5593872070312,29234
2026-07-20,764.5593953064507,773.1488037109375,39727
2026-07-21,766.8565357128093,778.0427856445312,40607
2026-07-22,780.5896533378997,756.96875,40574
2026-07-23,752.7240007151012,745.3330688476562,41267
2026-07-24,740.0894766650316,747.5303344726562,19880
2026-07-27,750.4767584147385,752.0747680664062,23157
2026-07-28,754.8713118044575,736.4439697265625,31795
2026-07-29,732.1991935097259,729.0531005859375,40144
2026-07-30,731.999491685965,721.911865234375,17662
2026-07-31,721.9118247970541,731.9994506835938,25655
2026-08-03,734.8958976669891,760.6641845703125,53200
2026-08-04,760.0649286118733,773.648193359375,56006
2026-08-05,780.7395056250975,796.3702392578125,176068
2026-08-06,798.7173571637487,837.8192138671875,544036
2026-08-07,844.9604796505619,810.8524169921875,62817
2026-08-10,811.0022789207844,798.3677978515625,30295
2026-08-11,796.0206664225467,785.4337158203125,38619
2026-08-12,785.4337581512209,767.9052734375,50951
2026-08-13,767.9052614071727,751.225830078125,28271
2026-08-14,749.5777991829449,754.5716552734375,35907
2026-08-17,754.0722737950052,747.5303344726562,37349
2026-08-18,749.0784533469761,774.7468872070312,119840
2026-08-19,777.8929748226435,758.9163208007812,39772
2026-08-20,759.0661641164502,759.3158569335938,45144
2026-08-21,762.3620721532943,801.61376953125,175193
2026-08-24,807.0071524393325,808.4054565429688,138253
2026-08-25,811.8012311714914,799.516357421875,56227
2026-08-26,799.6162085422617,791.77587890625,18120
2026-08-27,792.7247832399202,791.576171875,19137
2026-08-28,784.035451647934,798.0182495117188,29877
2026-08-31,798.0182465761891,812.8499755859375,53462
2026-09-01,813.8499755859375,842.7000122070312,90917
2026-09-02,846.9500122070312,814.75,52451
2026-09-03,816.0,800.0499877929688,23548
2026-09-04,800.0,800.5499877929688,15701
2026-09-07,800.5499877929688,819.25,29908
2026-09-08,819.25,819.1500244140625,24619
2026-09-09,822.4000244140625,814.5999755859375,35097
2026-09-10,810.2999877929688,784.5,216497
2026-09-11,780.9500122070312,795.7000122070312,47380
2026-09-15,798.4000244140625,785.5,70578
2026-09-16,781.9500122070312,800.5999755859375,44337
2026-09-17,799.9000244140625,799.7000122070312,18980
2026-09-18,799.7000122070312,819.0,56698
2026-09-21,822.4500122070312,800.4500122070312,44283
2026-09-22,801.0,800.4500122070312,29620
