Date,Open,Close,Volume
2018-01-01,577.1133920441501,577.06494140625,512502
2018-01-02,574.1607086741769,573.8703002929688,570711
2018-01-03,573.1927004507357,572.95068359375,349314
2018-01-04,573.0958699269836,570.5789184570312,557391
2018-01-05,571.1597340451763,572.7086181640625,823697
2018-01-08,575.9032907026976,581.2276611328125,2203458
2018-01-09,581.8084043877432,581.4696044921875,738487
2018-01-10,582.8249157613084,597.53955078125,4259613
2018-01-11,596.329469915022,606.9782104492188,1913296
2018-01-12,609.882309468588,605.8648071289062,988132
2018-01-15,608.7207033224034,604.4612426757812,543699
2018-01-16,606.0100408370414,605.8648071289062,1200060
2018-01-17,605.7198215702005,610.7537841796875,819868
2018-01-18,611.9153313087526,605.7681274414062,754679
2018-01-19,609.8823750937452,604.3643798828125,320742
2018-01-22,607.4138740700752,600.3953857421875,497055
2018-01-23,601.121386063576,612.3025512695312,792356
2018-01-24,612.3026235868992,619.659912109375,1140364
2018-01-25,621.4508343603862,613.9967041015625,1822288
2018-01-29,614.0450515363059,602.234619140625,670198
2018-01-30,597.2007126537856,596.1358032226562,411149
2018-01-31,595.1194945902535,586.842529296875,667577
2018-02-01,585.6808094435077,569.368896484375,780428
2018-02-02,565.3514193275273,570.7241821289062,1308916
2018-02-05,562.4471187701553,572.6602172851562,392893
2018-02-06,547.9261394466922,553.056884765625,745778
2018-02-07,560.026856971382,550.927001953125,724192
2018-02-08,551.314340545437,561.091796875,2067700
2018-02-09,522.7563302590333,518.109619140625,6588431
2018-02-12,522.7563584988737,518.2548217773438,1626940
2018-02-14,518.9807744032181,513.51123046875,1116088
2018-02-15,514.0438058739867,512.7369384765625,1012891
2018-02-16,512.736873478248,504.3630676269531,752538
2018-02-19,506.299169502149,506.783203125,1042610
2018-02-20,507.26729413842344,507.2189025878906,419804
2018-02-21,507.2671835267053,508.1868591308594,559394
2018-02-22,509.20341127717074,506.8316345214844,1591455
2018-02-23,508.235328287014,517.2383422851562,929934
2018-02-26,517.3352058752977,520.3845825195312,548560
2018-02-27,521.7399062582631,523.1436157226562,501446
2018-02-28,521.5461721075999,527.1609497070312,915406
2018-03-01,529.290761143708,527.1126098632812,973598
2018-03-05,524.6925017085194,533.7923583984375,1360938
2018-03-06,537.2773721404327,542.8921508789062,1641322
2018-03-07,544.0537958400715,541.4400024414062,1090191
2018-03-08,542.6017432686651,535.2928466796875,1125455
2018-03-09,535.8252686565627,516.1251220703125,1032077
2018-03-12,517.7223458263668,519.5133056640625,723438
2018-03-13,519.8037614954084,520.9654541015625,501265
2018-03-14,521.7882905547568,534.66357421875,561512
2018-03-15,536.7933205517322,536.1156616210938,407472
2018-03-16,536.502962009883,528.7584228515625,809649
2018-03-19,528.7583921347839,526.4833984375,246463
2018-03-20,522.7562510206968,528.951904296875,377843
2018-03-21,528.9035044407117,527.6934204101562,316384
2018-03-22,523.8211032234605,527.4513549804688,676044
2018-03-23,515.4959254418094,518.3033447265625,572092
2018-03-26,515.9798745328668,521.836669921875,653765
2018-03-27,527.0641900128503,520.2877197265625,1400596
2018-03-28,522.7564012984496,509.4938659667969,1120824
2018-04-02,512.736918089518,529.968505859375,501393
2018-04-03,532.4371163508259,532.0498657226562,634809
2018-04-04,532.4853981266499,530.8881225585938,569495
2018-04-05,533.6955392785362,538.7778930664062,784364
2018-04-06,535.3412920177145,545.602783203125,591903
2018-04-09,543.182661562585,547.054931640625,447797
2018-04-10,546.4739863701044,550.0558471679688,549344
2018-04-11,551.7983833836896,541.6820678710938,588646
2018-04-12,541.1497049311444,540.4720458984375,222336
2018-04-13,540.2783382827938,563.4635620117188,1217889
2018-04-16,562.3986733815299,557.8003540039062,922118
2018-04-17,558.5748105589913,555.13818359375,820953
2018-04-18,560.5110045255494,548.7489624023438,907017
2018-04-19,551.7983316373425,547.2000122070312,665442
2018-04-20,546.4740802546038,552.9601440429688,632481
2018-04-23,551.7984453172828,561.1403198242188,551306
2018-04-24,565.351291691664,561.5758056640625,789903
2018-04-25,566.2709349164838,548.652099609375,334858
2018-04-26,550.539864343876,548.45849609375,513126
2018-04-27,549.378199242872,554.36376953125,473739
2018-04-30,555.670696068736,553.4441528320312,350867
2018-05-02,553.7345589219084,532.1466674804688,689829
2018-05-03,532.1465482493081,525.1764526367188,520883
2018-05-04,519.9005386964058,518.2064208984375,547783
2018-05-07,519.755301966867,508.3320617675781,586374
2018-05-08,509.1550129167455,507.55767822265625,707702
2018-05-09,507.55775226057995,509.44549560546875,364405
2018-05-10,512.8820155847756,499.0386657714844,640057
2018-05-11,501.4588120407199,499.2322692871094,674290
2018-05-14,500.0067607894099,487.3250732421875,565467
2018-05-15,485.9697883204575,490.2292785644531,959109
2018-05-16,490.81010069387145,501.6524658203125,536796
2018-05-17,501.94289853530717,508.76776123046875,767537
2018-05-18,507.267303073381,484.6145324707031,773447
2018-05-21,484.13048635466737,484.8565368652344,1314194
2018-05-22,484.033645711462,495.5052490234375,785298
2018-05-23,500.4908068378228,501.3620910644531,926071
2018-05-24,501.4588241294851,514.3341064453125,795418
2018-05-25,512.8821314674099,518.3033447265625,1153218
2018-05-28,519.8520953195165,521.5946044921875,922089
2018-05-29,522.7079168077674,514.96337890625,852809
2018-05-30,489.3580888680269,508.0417785644531,3551155
2018-05-31,510.1714189890565,518.8356323242188,1466265
2018-06-01,512.4464535143476,518.7388916015625,909834
2018-06-04,518.8840691519996,522.7079467773438,756736
2018-06-05,523.2403398934057,514.043701171875,511527
2018-06-06,498.7483161992118,519.8521728515625,1586757
2018-06-07,524.6924417405158,519.5133056640625,763713
2018-06-08,521.2074843614718,538.9714965820312,1194037
2018-06-11,541.1496103115237,546.377197265625,1138961
2018-06-12,544.0538309227015,569.27197265625,2139385
2018-06-13,569.2235802917767,553.1536865234375,1968055
2018-06-14,549.8622793234897,565.5449829101562,2975713
2018-06-15,565.3029121443991,568.0134887695312,3459504
2018-06-18,567.1906941696587,562.737548828125,885140
2018-06-19,566.31937408498,567.7230834960938,2980275
2018-06-20,574.0154958079224,572.466552734375,1048435
2018-06-21,577.8877706768042,582.8248901367188,2246704
2018-06-22,581.7599776981807,580.695068359375,1711170
2018-06-25,582.1472540968574,581.4212036132812,1687728
2018-06-26,576.1452100214382,578.61376953125,747143
2018-06-27,577.4521018708882,574.7899169921875,1175547
2018-06-28,573.5798285367218,554.412109375,1489229
2018-06-29,561.5758302061005,564.431640625,834893
2018-07-02,568.981457048846,562.0597534179688,858490
2018-07-03,562.9795585504099,569.998046875,777737
2018-07-04,572.1278405814261,578.3718872070312,1041740
2018-07-05,580.7920244161168,564.238037109375,680052
2018-07-06,564.2864877462863,564.238037109375,859717
2018-07-09,566.4161190758301,562.9794921875,807669
2018-07-10,565.8353407059893,564.3832397460938,637074
2018-07-11,564.3833113849453,563.2216186523438,945635
2018-07-12,565.3513504142601,552.13720703125,672667
2018-07-13,552.7665316148189,547.24853515625,443857
2018-07-16,543.1342190684942,534.3248291015625,595956
2018-07-17,540.1815256970993,545.9899291992188,733176
2018-07-18,546.3772239971419,538.00341796875,567533
2018-07-19,537.2773045389097,543.7633666992188,465986
2018-07-20,534.4215911872216,549.4266357421875,474758
2018-07-23,547.9261031087361,546.18359375,290496
2018-07-24,545.8446260219154,544.7313842773438,390732
2018-07-25,545.8932326777598,547.6357421875,457171
2018-07-26,547.7325339567243,551.0239868164062,398587
2018-07-27,550.7335962739146,554.4606323242188,320860
2018-07-30,555.5254097667713,561.091796875,679353
2018-07-31,561.4791606514557,563.1732788085938,496126
2018-08-01,564.7704942448137,566.2225952148438,436895
2018-08-02,566.319416319739,568.5459594726562,572819
2018-08-03,568.7396444072341,578.2750854492188,827313
2018-08-06,582.0988667986632,579.9207153320312,551808
2018-08-07,580.7920033315961,572.031005859375,738874
2018-08-08,573.9671534074406,568.4491577148438,712742
2018-08-09,568.4491384743819,575.95166015625,758096
2018-08-10,580.7436401913681,572.1762084960938,488294
2018-08-13,556.6871886397963,564.8673706054688,1063125
2018-08-14,561.5757253249391,566.0288696289062,664767
2018-08-16,563.899254633335,564.6253051757812,656234
2018-08-17,566.3194719175239,580.9857177734375,1661785
2018-08-20,583.7446024982667,588.778564453125,1810601
2018-08-21,590.5210284773768,615.593994140625,2343563
2018-08-23,615.6909312855122,631.2767944335938,1941319
2018-08-24,630.9378389727239,640.521728515625,1416976
2018-08-27,640.037575793952,632.3414306640625,1221307
2018-08-28,633.1159814834285,623.7741088867188,776109
2018-08-29,628.3725018732055,626.8720092773438,727123
2018-08-30,628.7596051835607,638.5855102539062,1131945
2018-08-31,643.7647145931463,644.3939819335938,1742479
2018-09-03,649.5731516013858,641.82861328125,946530
2018-09-04,640.8605338955988,635.3909301757812,1126390
2018-09-05,637.665830988289,652.2352294921875,1202598
2018-09-06,657.2692767840142,659.3505859375,1728992
2018-09-07,659.2537985397174,663.2713012695312,1230314
2018-09-10,663.1260211591508,664.8685302734375,2620195
2018-09-11,669.7573754856887,648.12109375,1309700
2018-09-12,647.0078188390122,651.8966064453125,960706
2018-09-14,655.5752002807986,670.1929931640625,1017120
2018-09-17,670.0961742351416,658.769775390625,1471812
2018-09-18,657.8017442341943,659.2538452148438,760703
2018-09-19,665.1279862740882,651.1467895507812,642324
2018-09-21,654.884679066274,635.757568359375,1131487
2018-09-24,639.5441948226064,611.484619140625,957306
2018-09-25,612.1642873968628,616.0964965820312,1239937
2018-09-26,622.2132970263679,635.2236328125,1382163
2018-09-27,639.7384177426311,625.6600952148438,743032
2018-09-28,625.5628611440596,613.7662353515625,865754
2018-10-01,612.6497255290802,617.0188598632812,1042337
2018-10-03,618.4751639164346,607.4552612304688,676560
2018-10-04,603.9115227541562,584.2989501953125,1732079
2018-10-05,584.2988194555303,568.6670532226562,822352
2018-10-08,568.1816284705227,579.7841186523438,766621
2018-10-09,578.0850554415239,572.9877319335938,733179
2018-10-10,576.5800237357595,580.9491577148438,483219
2018-10-11,572.2594760510291,580.7064208984375,893280
2018-10-12,581.823083480892,584.73583984375,555685
2018-10-15,584.7843718284323,594.6392211914062,776606
2018-10-16,594.687636052395,587.7455444335938,819871
2018-10-17,590.5126956737482,582.2598876953125,529012
2018-10-19,577.5995791561915,581.580322265625,713818
2018-10-22,581.5803855022457,596.6781616210938,826063
2018-10-23,588.4252882259116,597.794677734375,804261
2018-10-24,598.0860131772714,607.3582763671875,707019
2018-10-25,604.785362423299,594.7848510742188,813966
2018-10-26,600.9986722321156,576.1917114257812,938566
2018-10-29,575.2693955626346,586.8718872070312,575082
2018-10-30,588.3767740615946,586.4349365234375,664523
2018-10-31,588.7651158764851,603.4259643554688,730530
2018-11-01,603.6687541169757,605.90185546875,708721
2018-11-02,605.8532929023943,608.2320556640625,634596
2018-11-05,611.4360099103295,612.649658203125,516105
2018-11-06,608.7660087556441,638.3790283203125,2361968
2018-11-07,641.5830823401928,646.1949462890625,420400
2018-11-09,645.6609272649445,656.4866943359375,1392249
2018-11-12,657.3118971381703,641.874267578125,819350
2018-11-13,640.8063825333669,656.5352783203125,1230531
2018-11-14,664.9823171260085,636.0488891601562,1927144
2018-11-15,637.8935708776229,645.5152587890625,885893
2018-11-16,651.6806427118509,628.1358642578125,688643
2018-11-19,630.6601964466691,627.4561767578125,747558
2018-11-20,629.3009660987568,616.9217529296875,1053489
2018-11-21,616.9218553355811,622.504638671875,597526
2018-11-22,625.5629801745774,619.8345947265625,664173
2018-11-26,622.8444601366023,622.9415283203125,1302248
2018-11-27,624.7377530514556,627.1165161132812,1190266
2018-11-28,628.1844482010812,629.8350219726562,548137
2018-11-29,631.1942384357241,618.7179565429688,1094871
2018-11-30,621.8247794577521,634.1554565429688,1936061
2018-12-03,636.8257389821944,603.6203002929688,2178887
2018-12-04,603.6202322305595,601.7269287109375,3300878
2018-12-05,598.28013465662,608.5233154296875,1208374
2018-12-06,603.2318823103675,607.3097534179688,965058
2018-12-07,610.8050172005142,625.8057250976562,1766739
2018-12-10,619.9316631166954,616.533447265625,826841
2018-12-11,612.2613798658874,645.6610107421875,1567642
2018-12-12,643.816155561733,639.447021484375,877502
2018-12-13,643.5734833969766,657.603271484375,1423964
2018-12-14,658.574061137999,649.1076049804688,880275
2018-12-17,653.3313273700343,664.7396240234375,2052539
2018-12-18,663.1373928904583,666.147216796875,746278
2018-12-19,666.5357309545127,666.97265625,746190
2018-12-20,666.341478355052,666.6813354492188,411515
2018-12-21,667.8949854617583,652.6515502929688,1119618
2018-12-24,647.6028731102472,657.360595703125,524151
2018-12-26,656.3410324978446,651.5349731445312,590655
2018-12-27,656.8265786626233,663.234619140625,1026004
2018-12-28,667.9920711674739,676.4876098632812,1014317
2018-12-31,676.2448840508146,672.8952026367188,991436
2019-01-01,670.419322840031,672.0213623046875,436483
2019-01-02,671.681512335375,663.1859741210938,583438
2019-01-03,662.6519757427805,642.3112182617188,612332
2019-01-04,641.2919155547257,644.932861328125,818827
2019-01-07,649.5446310634337,634.6410522460938,1079160
2019-01-08,635.9518290403875,635.4663696289062,585844
2019-01-09,636.4372416032049,637.6023559570312,589840
2019-01-10,636.8256682676982,648.4281005859375,571292
2019-01-11,649.0593147775083,632.3594970703125,1007280
2019-01-14,632.9419382121916,647.3115234375,679289
2019-01-15,650.5155320961596,645.70947265625,587843
2019-01-16,645.1756123637247,636.874267578125,786856
2019-01-17,636.6799735071438,642.2627563476562,599607
2019-01-18,640.7092191875427,621.7763061523438,959374
2019-01-21,621.1453577193085,627.3106689453125,796703
2019-01-22,623.3783795104516,637.8450927734375,567971
2019-01-23,636.8741542818059,630.5146484375,429188
2019-01-24,634.9324244414272,630.8545532226562,523889
2019-01-25,632.8448689600549,628.08740234375,273361
2019-01-28,629.1067953697205,613.2322387695312,358789
2019-01-29,617.4073205080114,626.873779296875,452693
2019-01-30,625.2716098964505,620.0286254882812,367742
2019-01-31,619.4945688463406,632.6990966796875,366009
2019-02-01,635.7575738540166,642.6025390625,398672
2019-02-04,643.7190527056481,627.5046997070312,537394
2019-02-05,626.291195248423,616.9703979492188,293822
2019-02-06,614.5916114384926,622.8444213867188,377161
2019-02-07,629.1068389616404,621.2909545898438,351239
2019-02-08,622.2618045419213,596.5809936523438,832818
2019-02-11,596.1441728012406,585.124267578125,628726
2019-02-12,587.4057446319207,583.9104614257812,604163
2019-02-14,580.5123337895088,591.4837036132812,744340
2019-02-15,591.483687490393,552.7925415039062,4210524
2019-02-18,558.2782331765167,560.317138671875,1093956
2019-02-19,560.8997122670712,562.3075561523438,700823
2019-02-20,562.7444493726107,569.8807373046875,435907
2019-02-21,573.8129053193204,569.7835693359375,402915
2019-02-22,572.6478699089718,575.7548217773438,513603
2019-02-25,575.8033558630634,575.7548217773438,496779
2019-02-26,571.6768910142076,571.6283569335938,788030
2019-02-27,573.6672844305451,566.57958984375,398269
2019-02-28,570.7060596088737,579.2015991210938,588615
2019-03-01,575.7548592513272,581.62890625,519603
2019-03-05,582.5512464059093,586.7747192382812,387115
2019-03-06,587.502877470244,586.0950927734375,593887
2019-03-07,583.4251640280252,593.6198120117188,962522
2019-03-08,593.7168283027593,580.657958984375,533133
2019-03-11,580.609407287969,598.3286743164062,387004
2019-03-12,600.9016255202232,616.776123046875,1518843
2019-03-13,614.9799001801429,613.9603881835938,713677
2019-03-14,613.9604135063131,612.7467651367188,424422
2019-03-15,615.8537226899825,622.8928833007812,1533529
2019-03-18,621.8735440813481,625.1260986328125,444082
2019-03-19,625.1259046902338,626.8250122070312,519407
2019-03-20,627.2135821602498,630.4176025390625,624294
2019-03-22,632.068011467515,626.4852294921875,328279
2019-03-25,616.0478486224482,617.1644287109375,690354
2019-03-26,621.2910048145864,630.1263427734375,600366
2019-03-27,630.5146965461167,622.6016845703125,296494
2019-03-28,626.2425704032515,631.388427734375,471259
2019-04-01,629.1552024490688,634.1554565429688,363614
2019-04-02,638.2334297329149,631.77685546875,291133
2019-04-03,628.7669727913197,622.69873046875,259558
2019-04-04,625.854211402521,635.3692626953125,632258
2019-04-05,638.5733315197318,625.8057250976562,418976
2019-04-08,625.9028208930656,625.9513549804688,287618
2019-04-09,623.3297665845818,622.2617797851562,202389
2019-04-10,621.3880026994836,631.0001220703125,385828
2019-04-11,628.6699673292046,632.3109130859375,238947
2019-04-12,630.7573843577867,629.9320678710938,672693
2019-04-15,633.3302915356712,626.0484008789062,299389
2019-04-16,626.3397800016895,624.1552124023438,570877
2019-04-18,627.2135138887802,620.562744140625,496634
2019-04-22,620.4170253290547,607.8921508789062,334980
2019-04-23,606.8241461988423,610.9990844726562,440451
2019-04-24,614.5915528267697,617.8927001953125,472069
2019-04-25,619.446148802604,622.5531005859375,978919
2019-04-26,625.2717020828553,628.961181640625,844766
2019-04-30,628.4757366173524,619.8345947265625,515973
2019-05-02,618.1839985312037,608.6690063476562,313580
2019-05-03,607.795139723948,614.7857666015625,482047
2019-05-06,613.1352163310997,605.610595703125,433045
2019-05-07,605.9017855052781,616.3876953125,377102
2019-05-08,617.9412023165984,586.1436157226562,931282
2019-05-09,582.5511855751811,592.5516357421875,555141
2019-05-10,597.0179861354871,599.2996215820312,524495
2019-05-13,593.2313772956834,575.1237182617188,720449
2019-05-14,567.0166557008628,585.1728515625,701925
2019-05-15,587.4057891344044,571.3370971679688,466689
2019-05-16,574.7838627795825,559.443359375,861242
2019-05-17,561.1911029623532,564.200927734375,454240
2019-05-20,568.958489215341,559.928955078125,377365
2019-05-21,563.1328169307034,558.7151489257812,516221
2019-05-22,561.0453216330776,553.47216796875,467037
2019-05-23,559.7346792905487,545.9961547851562,783801
2019-05-24,547.7924423571243,542.74365234375,707301
2019-05-27,543.7144132971868,543.180419921875,432832
2019-05-28,547.5981161661047,540.8502197265625,735034
2019-05-29,540.704614756175,528.7622680664062,726540
2019-05-30,522.1601301906171,537.9375610351562,1894226
2019-05-31,527.2088433213423,529.490478515625,1412679
2019-06-03,531.0924855536532,530.4613647460938,489718
2019-06-04,531.092627684401,524.8787231445312,463313
2019-06-06,527.500127669855,522.2572021484375,489409
2019-06-07,520.218252307346,512.0139770507812,697488
2019-06-10,511.6741783515289,517.7909545898438,296990
2019-06-11,519.3930434000521,512.3538818359375,346085
2019-06-12,511.6742516339911,507.9847717285156,317673
2019-06-13,507.9847717285156,507.9847717285156,486208
2019-06-14,507.98467940285525,510.46051025390625,528225
2019-06-17,513.324671882771,505.5087890625,528454
2019-06-18,506.8195086945135,511.81976318359375,798533
2019-06-19,511.6741762980563,494.44036865234375,956860
2019-06-20,493.27529860421504,502.207763671875,414945
2019-06-21,504.6350382350238,485.4108581542969,1594667
2019-06-24,480.60477333317095,447.5935363769531,8038743
2019-06-25,455.26380393663663,442.3020324707031,5483276
2019-06-26,444.14678837525025,440.166015625,2398269
2019-06-27,443.03022028854286,435.1658020019531,2011422
2019-06-28,437.83583681750014,430.45684814453125,1875368
2019-07-01,430.4082793434095,428.41790771484375,2091239
2019-07-02,432.204468585021,428.07806396484375,1921264
2019-07-03,427.39841855087036,430.5053405761719,1011096
2019-07-04,431.62194109751334,427.3984680175781,673117
2019-07-05,428.8548204173995,418.029052734375,841708
2019-07-08,416.52415876551134,423.8545837402344,932003
2019-07-09,426.0876738457255,436.1366882324219,2423296
2019-07-10,437.8843390617272,432.9326477050781,1068742
2019-07-11,436.8649120278381,438.1756286621094,1901817
2019-07-12,442.73894837380556,438.22418212890625,1294664
2019-07-15,438.12708203552035,432.7384948730469,489116
2019-07-16,430.6024403022163,440.117431640625,968731
2019-07-17,440.11742173267896,433.563720703125,738913
2019-07-18,433.70935983915797,428.02947998046875,783574
2019-07-19,427.9810247641915,420.2622375488281,719816
2019-07-22,420.2136063405819,415.0677490234375,843733
2019-07-23,417.15526349309476,409.0966491699219,903952
2019-07-24,409.14513719345626,405.4556579589844,1214708
2019-07-25,405.8440340967962,413.2230224609375,1201471
2019-07-26,413.22302558294757,413.75701904296875,629174
2019-07-29,412.640442620092,410.16461181640625,567263
2019-07-30,411.7666255006306,405.7469177246094,1163187
2019-07-31,400.0184863252165,413.6598815917969,980592
2019-08-01,410.4073324145213,410.8927917480469,797884
2019-08-02,407.78588962597706,412.5919494628906,478131
2019-08-05,407.640260872168,400.2127380371094,884840
2019-08-06,400.50399684331836,402.9798278808594,668926
2019-08-07,402.9798573514003,402.30023193359375,715457
2019-08-08,402.3487237399402,413.75701904296875,854250
2019-08-09,416.3299374910779,413.8055725097656,816459
2019-08-13,413.8055374868362,403.5137939453125,1649499
2019-08-14,389.3383998971839,373.0269775390625,3867432
2019-08-16,368.9005990291771,350.6473083496094,4823411
2019-08-19,350.30746697320825,357.4437255859375,1893825
2019-08-20,359.2399696096474,363.3178405761719,1538093
2019-08-21,363.80331428929975,352.5406494140625,1219825
2019-08-22,352.92893741420374,349.4336242675781,1002173
2019-08-23,351.37548350540044,357.4437255859375,1190796
2019-08-26,357.29808327825515,367.25,824461
2019-08-27,365.59945773561236,363.94891357421875,1535990
2019-08-28,365.5509206445371,367.3956604003906,769987
2019-08-29,365.55093365152646,372.0075378417969,1477289
2019-08-30,373.70661111576726,373.1240539550781,1328650
2019-09-03,374.72608581739854,379.48358154296875,717621
2019-09-04,380.8914244839406,371.5220642089844,1296542
2019-09-05,371.9589915217211,378.6583251953125,452389
2019-09-06,377.97864887165946,379.5806884765625,675693
2019-09-09,381.4739577320386,373.41534423828125,635977
2019-09-11,377.687378643549,373.56097412109375,1206799
2019-09-12,372.0560730312557,371.0365905761719,954743
2019-09-13,365.16259429484194,358.1719665527344,2097047
2019-09-16,355.35626550660976,363.1721496582031,1683232
2019-09-17,360.45357048247007,359.8224792480469,908245
2019-09-18,360.1137663367379,352.2978820800781,1099344
2019-09-19,352.5419417432706,349.85711669921875,862346
2019-09-20,346.6353050495293,344.145751953125,2747720
2019-09-23,346.5376933720215,344.1945495605469,949053
2019-09-24,344.7315450235936,340.6310729980469,968546
2019-09-25,342.58366969746857,337.5069274902344,982888
2019-09-26,338.4831857986977,337.89739990234375,817062
2019-09-27,338.77614713126525,325.3520202636719,1210851
2019-09-30,325.1078793845373,317.3462829589844,1649372
2019-10-01,318.273816835355,312.1231384277344,840551
2019-10-03,312.4160620929358,311.9767150878906,767353
2019-10-04,313.39236161834,307.9739074707031,862341
2019-10-07,294.84261360825366,278.831298828125,9995055
2019-10-09,280.5886616899758,283.9569091796875,2718540
2019-10-10,284.005673649434,282.8829345703125,1676721
2019-10-11,282.88296692533646,279.7099914550781,1430154
2019-10-14,279.22182422790644,273.5592956542969,2350700
2019-10-15,273.85216607144343,279.6611633300781,1248986
2019-10-16,278.73369244236807,279.12420654296875,896868
2019-10-17,280.1980812475159,281.7113342285156,1182377
2019-10-18,283.12699983766703,292.7435607910156,1927084
2019-10-22,293.8662859740867,292.0113220214844,1623701
2019-10-23,293.37815638136607,292.1089782714844,1131376
2019-10-24,292.89003119864424,297.039306640625,2128953
2019-10-25,298.5037534411454,303.38525390625,2025089
2019-10-27,307.2903794370292,304.65435791015625,93126
2019-10-29,306.16769771937294,301.8231506347656,1059344
2019-10-30,301.8719879135866,302.3601379394531,1424761
2019-10-31,301.1885541760075,307.9250183105469,1448084
2019-11-01,309.487129265792,308.2667541503906,1334886
2019-11-04,310.4633874483414,308.6572265625,812407
2019-11-05,308.65721993655853,309.584716796875,1161397
2019-11-06,308.0226836367231,294.1592102050781,2341017
2019-11-07,296.7952121519467,286.8857727050781,2794278
2019-11-08,284.5914667016961,279.6611633300781,2244016
2019-11-11,276.34171052109,283.7615966796875,1224610
2019-11-13,285.1772719724298,268.2872619628906,2511009
2019-11-14,268.48251403830295,275.36541748046875,3244792
2019-11-15,290.7421003528979,293.86627197265625,13094121
2019-11-18,303.04353232047515,356.886474609375,39631542
2019-11-19,365.136260594519,342.1932067871094,21121761
2019-11-20,340.72869376700027,350.8334045410156,9206098
2019-11-21,349.5153712388644,341.265625,3932196
2019-11-22,340.6799207818825,335.8960266113281,3098682
2019-11-25,335.8472178562947,341.1192321777344,4109299
2019-11-26,340.7287195201845,333.357666015625,17531681
2019-11-27,335.407861401959,338.3367614746094,7373413
2019-11-28,338.9713851635071,336.28656005859375,2212909
2019-11-29,337.7509878469271,329.30596923828125,1642852
2019-12-02,329.98938036002846,324.5220947265625,4747001
2019-12-03,323.155316795894,319.2989196777344,3652772
2019-12-04,319.3965541104845,317.59039306640625,2439403
2019-12-05,319.2989029300366,320.0311279296875,1869965
2019-12-06,320.4216982783592,317.19989013671875,3697394
2019-12-09,318.957206992253,319.8846740722656,1867793
2019-12-10,321.64207577537996,323.2041320800781,3196898
2019-12-11,323.5946650618442,326.1818542480469,1518611
2019-12-12,327.64628929580937,333.50408935546875,3200517
2019-12-13,335.50548620312566,331.5514831542969,1211329
2019-12-16,332.6254562608644,335.5055236816406,3101392
2019-12-17,335.847164162259,337.89739990234375,1685339
2019-12-18,338.58087703917107,345.41497802734375,2387690
2019-12-19,346.5865106993421,342.339599609375,3120051
2019-12-20,344.341029900306,341.21685791015625,1606902
2019-12-23,341.1192315477469,343.99932861328125,1459046
2019-12-24,346.2936304611019,343.51116943359375,1262039
2019-12-26,342.7789489270403,338.8737487792969,989223
2019-12-27,338.72727734804283,339.75238037109375,617358
2019-12-30,338.8737415539393,337.5069274902344,522181
2019-12-31,337.70220157436296,339.2154846191406,607159
2020-01-01,339.45952752247337,337.5069274902344,596315
2020-01-02,337.8974449571201,345.5125732421875,1356814
2020-01-03,345.61021313507393,343.7552490234375,2502770
2020-01-06,343.6575912596295,331.8931884765625,944180
2020-01-07,335.7495847926042,335.0661926269531,1270046
2020-01-08,331.9420257433921,332.43017578125,703070
2020-01-09,336.1400909708676,338.5808410644531,987182
2020-01-10,340.19180185212343,338.19036865234375,1210675
2020-01-13,338.7761169433594,336.8235168457031,854751
2020-01-14,338.2879412946265,334.1874694824219,1069524
2020-01-15,334.3827656572348,337.4093017578125,1616848
2020-01-16,337.60455096305077,343.6576232910156,2113311
2020-01-17,343.70639578150553,351.419189453125,4672170
2020-01-20,354.34816610467414,342.38848876953125,2652645
2020-01-21,341.16805182758753,342.6813049316406,1313180
2020-01-22,345.8054527910367,341.7537841796875,1520164
2020-01-23,339.7523847674406,342.5836486816406,777768
2020-01-24,340.826366673069,342.437255859375,1121453
2020-01-27,341.36330866833316,347.7092590332031,2693800
2020-01-28,349.4177921336868,336.72589111328125,2133106
2020-01-29,335.74957973046685,327.64630126953125,2199018
2020-01-30,328.0368271524981,312.3183898925781,2696750
2020-01-31,310.95154454159393,302.8482666015625,2637001
2020-02-03,294.25680271863973,293.1340637207031,1106431
2020-02-04,294.7938181318257,306.6070251464844,1835911
2020-02-05,307.729769215922,311.439697265625,1625853
2020-02-06,313.7828168026669,311.3908996582031,739742
2020-02-07,311.39094467772134,318.71319580078125,1622090
2020-02-10,319.7382824154539,314.56390380859375,685963
2020-02-11,315.34491830937685,323.3017578125,1857413
2020-02-12,323.35059275097865,317.5415954589844,1367150
2020-02-13,315.73543479516366,319.8359069824219,1134741
2020-02-14,321.73967129828264,325.8889465332031,2220290
2020-02-17,333.8946044350576,303.04351806640625,8581110
2020-02-18,304.89847437328496,304.5567932128906,2593163
2020-02-19,305.87483740593126,310.56109619140625,1742796
2020-02-20,310.5610732436954,313.9292907714844,1529171
2020-02-24,310.4634134393575,293.7686767578125,2466283
2020-02-25,295.8189421694519,285.1772766113281,3741696
2020-02-26,289.96111251890073,288.8871765136719,4896790
2020-02-27,290.44924134599404,286.7881164550781,2441594
2020-02-28,279.17298951646853,270.9720458984375,2591081
2020-03-02,272.8758969972619,267.31097412109375,1503003
2020-03-03,268.5312918488349,275.6094665527344,1757918
2020-03-04,278.0502585149664,282.3948059082031,2796184
2020-03-05,284.49385779223013,283.71282958984375,1745178
2020-03-06,271.4113640778916,272.6805419921875,1441326
2020-03-09,263.74744539603995,259.6470031738281,1272032
2020-03-11,259.6958046874954,252.76406860351562,1326624
2020-03-12,244.026164266245,194.47894287109375,8286701
2020-03-13,176.71030527332377,204.6324920654297,6749442
2020-03-16,198.18893785448398,212.63818359375,7254756
2020-03-17,212.7357875617158,201.60597229003906,3615136
2020-03-18,206.68273093638774,193.99082946777344,4451907
2020-03-19,191.45243582892323,200.09268188476562,2977801
2020-03-20,202.33817668351764,206.68270874023438,4261992
2020-03-23,191.35479254942803,183.64202880859375,1570780
2020-03-24,199.1652088092365,186.08279418945312,2270295
2020-03-25,185.49698604069758,187.01025390625,1812602
2020-03-26,190.37852717504623,203.26568603515625,2970631
2020-03-27,205.75524773255844,194.43016052246094,2312176
2020-03-30,192.33109272729087,191.1107177734375,1364755
2020-03-31,194.28371310186228,200.97137451171875,1545954
2020-04-01,201.21541253727457,199.01873779296875,2367599
2020-04-03,196.77328164230164,208.000732421875,4511882
2020-04-07,227.47792596404656,222.547607421875,4749182
2020-04-08,223.86559712831283,228.06369018554688,4713905
2020-04-09,237.143290426409,241.7807159423828,5003934
2020-04-13,252.76405197698864,292.0113220214844,18479971
2020-04-15,321.20267995397404,312.1719055175781,21789774
2020-04-16,316.3211745749395,312.51361083984375,8575473
2020-04-17,322.2766802524169,306.9975891113281,6630841
2020-04-20,307.6809611826298,306.6070251464844,4512316
2020-04-21,300.5051322488072,307.9250183105469,9106072
2020-04-22,309.48711941502927,310.65869140625,7429517
2020-04-23,313.3923539565294,332.1373291015625,19683267
2020-04-24,334.57802393449094,336.67706298828125,17702679
2020-04-27,343.65761294023787,333.99224853515625,6288920
2020-04-28,338.87370927604576,319.9822998046875,5187861
2020-04-29,319.9823722348363,321.88616943359375,3458501
2020-04-30,345.6101538382975,329.0618591308594,11119464
2020-05-04,329.50126692952097,329.3548278808594,8534826
2020-05-05,337.7998386927953,317.1022644042969,4686025
2020-05-06,318.66433085598493,326.76763916015625,4634569
2020-05-07,328.03678375600754,328.2320556640625,3739422
2020-05-08,330.96572430214184,325.84014892578125,2748705
2020-05-11,329.9893958703309,327.2557678222656,2928897
2020-05-12,328.427382555042,324.2781066894531,3147529
2020-05-13,333.8946698289829,328.8667297363281,2759039
2020-05-14,328.5249687865394,338.2391662597656,6787308
2020-05-15,341.7050229158129,331.6003112792969,6867386
2020-05-18,332.91833349033595,319.4454040527344,2729565
2020-05-19,323.64343619567427,324.4732971191406,2926620
2020-05-20,325.20556492597825,335.5543518066406,2539359
2020-05-21,339.65476542076493,341.8514404296875,4531165
2020-05-22,338.77612296017736,343.6576232910156,7838892
2020-05-26,348.44151679811677,339.9477233886719,5183624
2020-05-27,342.5836934484141,340.7287292480469,3046904
2020-05-28,340.77752414450066,335.0661926269531,2584546
2020-05-29,336.2377255445449,346.63531494140625,6281325
2020-06-01,349.51539525953393,360.0106201171875,7891926
2020-06-02,364.1599307901862,379.48785400390625,10222147
2020-06-03,385.6385033832156,380.9034423828125,3661001
2020-06-04,382.1238266695159,386.2731018066406,4296944
2020-06-05,390.52005957504485,393.0096130371094,5644940
2020-06-08,396.32901209086793,390.27593994140625,3186873
2020-06-09,391.105801579795,392.27734375,5100330
2020-06-10,395.2550831730081,391.9356689453125,2837492
2020-06-11,385.8825905180153,375.33856201171875,3709090
2020-06-12,362.20731572495174,394.2787780761719,5516137
2020-06-15,394.4252139491768,385.980224609375,3273136
2020-06-16,388.56743379312064,383.7835693359375,2683741
2020-06-17,385.6385424143416,389.1532287597656,3331434
2020-06-18,390.52001306918214,396.0361022949219,5132675
2020-06-19,400.2830265832815,399.6484375,4870999
2020-06-22,439.5791194561641,507.4319763183594,89264838
2020-06-23,536.9650268554688,473.5055236816406,65123055
2020-06-24,463.9866212456302,448.3170166015625,24558420
2020-06-25,439.3350059266455,447.2430419921875,17246798
2020-06-26,453.9794992763274,455.63922119140625,11100642
2020-06-29,463.6448708259234,456.713134765625,14878704
2020-06-30,451.050652946068,439.6279296875,10571136
2020-07-01,434.45353200986716,424.88580322265625,21050867
2020-07-02,422.73792569655103,424.9346008300781,6182872
2020-07-03,425.76442125068615,422.44500732421875,3320387
2020-07-06,422.73791496775976,417.8564147949219,2822638
2020-07-07,416.88008643398763,406.6289367675781,4589928
2020-07-08,405.6526465438652,409.4114074707031,3660081
2020-07-09,412.9749021098989,421.7127990722656,5092773
2020-07-10,422.00567709934154,416.53839111328125,3394828
2020-07-13,418.7350944340538,405.6526794433594,3109236
2020-07-14,407.06831304892944,397.4517517089844,4463031
2020-07-15,405.1645589622672,405.9455871582031,6415222
2020-07-16,407.01946393876534,412.5355529785156,4249014
2020-07-17,415.90378601180737,419.5649108886719,5643984
2020-07-20,401.2593076427782,408.7279968261719,4730004
2020-07-21,412.4867359248308,404.3346252441406,2870855
2020-07-22,406.1408028048139,403.89532470703125,1787688
2020-07-23,413.95122314333724,411.461669921875,4634869
2020-07-24,411.99866087263337,415.1228332519531,3690189
2020-07-27,415.12277680376786,415.3668518066406,2485341
2020-07-28,415.90385523624275,410.87591552734375,2203632
2020-07-29,414.9275430558987,414.1465148925781,2160965
2020-07-30,412.97495678001525,430.9388732910156,14081243
2020-07-31,433.5748880460535,441.6293640136719,9864873
2020-08-03,444.6070569948724,439.1397705078125,4667272
2020-08-04,443.19140773859806,434.8440246582031,3813428
2020-08-05,435.42983152496254,436.9430847167969,2508390
2020-08-06,439.28621678833576,450.26959228515625,5681784
2020-08-07,452.46624707367755,442.7032470703125,4652737
2020-08-10,443.2401801450158,460.1301574707031,7605497
2020-08-11,464.2794465051209,465.743896484375,5263113
2020-08-12,465.7439127951624,455.5415954589844,2587347
2020-08-13,454.9558590302641,453.6378479003906,2103249
2020-08-14,455.9321117021598,464.4259338378906,8861226
2020-08-17,483.26854884961773,469.2586364746094,12602063
2020-08-18,470.0884633139237,463.5472412109375,2510184
2020-08-19,466.6714369941985,469.35626220703125,4840841
2020-08-20,468.62401807253445,478.4358215332031,5294057
2020-08-21,481.315924699696,480.388427734375,3147524
2020-08-24,480.3884255703991,476.6784973144531,1947665
2020-08-25,479.46095729743854,472.3827819824219,2173138
2020-08-26,472.38279468932336,478.2893981933594,1732920
2020-08-27,478.3382103272916,485.9533386230469,5350886
2020-08-28,485.2211113550842,482.243408203125,2028773
2020-08-31,478.87518557657137,458.47052001953125,4787469
2020-09-01,457.88471610442883,471.8457946777344,2837415
2020-09-02,474.286511376559,470.7230224609375,1430559
2020-09-03,471.0647591377255,477.9476623535156,1558536
2020-09-04,470.5766354243237,465.3534240722656,1610031
2020-09-07,465.451055617698,455.3463439941406,2324393
2020-09-08,457.88472554661143,450.22076416015625,2167528
2020-09-09,444.2165330017125,458.47052001953125,2158172
2020-09-10,462.47332264851696,459.64202880859375,1645421
2020-09-11,459.6420062116613,473.65191650390625,3099827
2020-09-14,475.4581334669529,471.406494140625,1751856
2020-09-15,473.6031525894555,481.9017028808594,3742570
2020-09-16,483.26854443604947,487.95477294921875,3023906
2020-09-17,488.9850735623044,483.4412536621094,1865371
2020-09-18,485.7470539301972,499.3367919921875,9398003
2020-09-21,498.45373852408244,464.5530090332031,4136659
2020-09-22,466.31916600300514,450.66888427734375,3878375
2020-09-23,454.34837261010085,461.9036865234375,2598397
2020-09-24,457.0467040092678,445.8118896484375,3167500
2020-09-25,450.5707785718839,473.4819641113281,2923782
2020-09-28,473.9234853019624,486.2867126464844,3585802
2020-09-29,486.67924700438283,476.57281494140625,2331982
2020-09-30,479.8107245593319,473.5800476074219,2870726
2020-10-01,477.848293669285,481.8221740722656,1755460
2020-10-05,481.7731569918212,487.8566589355469,2248978
2020-10-06,493.44952333072956,481.38067626953125,3124734
2020-10-07,484.17714918309105,481.42974853515625,2319701
2020-10-08,486.09050817513344,490.5550231933594,3879855
2020-10-09,494.52891458462557,483.04876708984375,2813712
2020-10-12,477.1614958069155,486.2376708984375,2768312
2020-10-13,485.5016996241971,481.6259460449219,3901088
2020-10-14,483.7355615432082,477.25958251953125,3727822
2020-10-15,479.6145046746916,465.4360656738281,2644760
2020-10-16,466.76073329284003,481.6750793457031,5110278
2020-10-19,484.1280385444379,467.74188232421875,3804117
2020-10-20,469.4099327862784,473.4328918457031,2510166
2020-10-21,475.88592466952485,480.3013610839844,2329659
2020-10-22,478.63332374247454,477.99554443359375,2317260
2020-10-23,479.81073016753516,476.32745361328125,1778167
2020-10-26,474.904699438893,468.8211975097656,1735587
2020-10-27,469.90055481883763,476.0821838378906,1386831
2020-10-28,475.3953212031618,469.85150146484375,1487983
2020-10-29,466.07385176147756,460.9715576171875,2228907
2020-10-30,459.4997112430909,465.8775634765625,2088098
2020-11-02,465.0926498994719,464.4057922363281,1531712
2020-11-03,461.6584015659006,473.38385009765625,2662157
2020-11-04,475.7878082205132,488.3472900390625,5118375
2020-11-05,490.60405996994604,499.925537109375,4267286
2020-11-06,505.9599070266741,502.1822204589844,3496751
2020-11-09,484.7167654586386,472.6479187011719,8905070
2020-11-10,470.8817130951786,465.7794494628906,4605365
2020-11-11,466.31910852680704,471.7648010253906,3881257
2020-11-12,473.0894755678244,474.2669372558594,2337844
2020-11-13,474.36504777330543,477.4067687988281,1740209
2020-11-14,479.81073016753516,476.32745361328125,239984
2020-11-17,478.82954066410804,478.0445861816406,1822612
2020-11-18,475.6406628408023,473.727294921875,1704229
2020-11-19,469.0174604545431,473.629150390625,1127134
2020-11-20,476.1312063623497,472.79510498046875,1362355
2020-11-23,472.94232467179376,470.8327331542969,2998394
2020-11-24,473.5800502626041,471.470458984375,1824248
2020-11-25,474.9047182677063,457.5373229980469,2611985
2020-11-26,461.1678053539509,460.0884704589844,2161218
2020-11-27,462.148996153581,462.5414733886719,2060073
2020-12-01,465.6813791173467,468.1343994140625,2185660
2020-12-02,470.14589492543547,470.6855773925781,1668367
2020-12-03,470.97989612698615,478.5842590332031,2253675
2020-12-04,480.7919616244411,493.79296875,3943699
2020-12-07,496.2459613960935,522.1007690429688,10132999
2020-12-08,524.8973074543779,520.7271728515625,4440903
2020-12-09,522.0027222477532,525.4369506835938,2525257
2020-12-10,525.8294566391316,522.198974609375,1804111
2020-12-11,520.0401661924824,517.43994140625,1024147
2020-12-14,521.0214558436015,516.3607177734375,1022166
2020-12-15,516.1155083284108,505.9109191894531,1840170
2020-12-16,506.69585288422854,514.888916015625,1563932
2020-12-17,516.1154834197757,507.7261657714844,2380806
2020-12-18,510.1791574411148,506.5486755371094,1277799
2020-12-21,506.79397982585334,479.36920166015625,5349658
2020-12-22,479.3691714903527,474.9537353515625,2641936
2020-12-23,479.27107190387966,485.89422607421875,2055730
2020-12-24,488.15101628083846,486.8754577636719,1940686
2020-12-28,490.6040235613567,489.5246887207031,1102762
2020-12-29,491.9777464941895,488.54351806640625,1409683
2020-12-30,490.6040701677517,489.8681640625,1490678
2020-12-31,492.07586107186387,484.2261962890625,3118976
2021-01-01,484.4714844779621,493.1551818847656,1367409
2021-01-04,494.8231957698667,504.92962646484375,2551988
2021-01-05,504.9295938929771,507.97137451171875,2056118
2021-01-06,508.2658229169795,510.4735412597656,2171228
2021-01-07,513.1717995849111,504.684326171875,2024795
2021-01-08,506.30337648850195,507.9223937988281,1514739
2021-01-11,509.34497943706225,513.466064453125,1509572
2021-01-12,515.1342702637899,507.5299072265625,3090004
2021-01-13,510.22821634819695,505.0768737792969,1965007
2021-01-14,504.7334486771391,510.6206970214844,2055150
2021-01-15,512.0925104330254,502.47662353515625,1849462
2021-01-18,502.476654791329,486.9245300292969,1624152
2021-01-19,489.6228450950504,494.872314453125,1171344
2021-01-20,494.5288656718136,499.4349060058594,1181223
2021-01-21,500.41611637525443,487.8075866699219,1631561
2021-01-22,482.95060806425005,485.84515380859375,2349896
2021-01-25,490.2605851262437,482.1656188964844,1763950
2021-01-27,481.4787985047575,476.76898193359375,1443779
2021-01-28,473.0404573099971,471.7158203125,2438690
2021-01-29,474.80661680147955,462.6886901855469,1608478
2021-02-01,464.55294191012905,470.63641357421875,1614680
2021-02-02,471.9611202980205,477.99554443359375,1716999
2021-02-03,482.70533468331286,492.1249084472656,3475814
2021-02-04,493.9401494132276,492.1249084472656,1338289
2021-02-05,496.5893938045181,493.743896484375,2182037
2021-02-08,497.47248792748036,493.6457824707031,950750
2021-02-09,494.5288758617251,491.9286804199219,2303479
2021-02-10,495.51008895359877,498.15936279296875,2065039
2021-02-11,497.3743515053944,496.736572265625,1241576
2021-02-12,498.40464062121424,494.6269836425781,1062354
2021-02-15,500.41613126918855,481.42974853515625,2341353
2021-02-16,486.67918663621214,493.743896484375,2496554
2021-02-17,496.29509422020146,485.0111999511719,1374738
2021-02-18,485.6980017370071,484.2752380371094,1429276
2021-02-19,482.6562434353182,473.1875915527344,3007629
2021-02-22,475.002799044715,460.4318542480469,1535296
2021-02-23,460.1866085246137,457.6845397949219,1468190
2021-02-24,460.03938323688067,456.8995056152344,827347
2021-02-25,461.02062194425434,463.8661193847656,1732202
2021-02-26,461.1677876301301,457.439208984375,1748185
2021-03-01,459.89224762642027,459.1563415527344,1174175
2021-03-02,460.1865970387178,467.0550537109375,1608803
2021-03-03,470.48928073666895,469.85150146484375,1175643
2021-03-04,466.0738067318026,464.7982482910156,1265418
2021-03-05,464.9945117708524,459.1563415527344,1009076
2021-03-08,462.39428824782556,477.9464416503906,2755755
2021-03-09,479.8107993079211,465.8285827636719,1472301
2021-03-10,468.9684100124185,477.35772705078125,2061781
2021-03-12,482.70528389483536,469.7533264160156,1561235
2021-03-15,468.0362725156964,464.6510925292969,1684421
2021-03-16,465.2888555960289,467.7909240722656,1150225
2021-03-17,467.84001061979853,450.3254699707031,1740759
2021-03-18,453.3181210544915,447.234619140625,2539125
2021-03-19,439.5812451691044,449.73675537109375,1224939
2021-03-22,450.3745384585101,451.79730224609375,1113661
2021-03-23,455.2805183813605,456.8995056152344,1028108
2021-03-24,457.24299075728646,450.66888427734375,1398461
2021-03-25,450.8650720948978,435.6072998046875,1114724
2021-03-26,436.63758967819683,442.0832824707031,1489814
2021-03-30,443.5060473234551,453.2200012207031,1086346
2021-03-31,456.21267871282095,455.9673767089844,1030191
2021-04-01,457.2429831988813,474.1688232421875,2183036
2021-04-05,471.9120488420833,470.0477294921875,1635705
2021-04-06,472.9422505699691,498.1102294921875,4109355
2021-04-07,499.04241659455124,494.1854248046875,2534637
2021-04-08,494.52884503507283,495.41192626953125,2545529
2021-04-09,495.5100955474127,519.6968994140625,6589491
2021-04-12,522.0026492897578,488.592529296875,4992051
2021-04-13,497.47249207548595,501.7407531738281,4027905
2021-04-15,505.1750046242247,526.8597412109375,13413739
2021-04-16,529.8032847116042,561.1528930664062,11468653
2021-04-19,559.288466538418,568.021240234375,13615161
2021-04-20,574.0067328742242,560.8585205078125,6723905
2021-04-22,562.2322672468182,556.443115234375,4652985
2021-04-23,558.7979830732077,548.7406005859375,3988771
2021-04-26,553.3032424196715,541.7740478515625,3783242
2021-04-27,542.0684460962254,550.457763671875,3675226
2021-04-28,553.2049815777193,553.0087280273438,3604619
2021-04-29,556.3449625059731,555.7071533203125,3540326
2021-04-30,556.2468912528012,565.9608154296875,3699395
2021-05-03,566.1570011646116,566.9419555664062,3033484
2021-05-04,571.0631684040973,547.661376953125,3181758
2021-05-05,548.4952789111559,562.1340942382812,4679850
2021-05-06,566.8438997804338,559.435791015625,2214108
2021-05-07,560.2697578488219,580.384521484375,12763132
2021-05-10,593.6308301581906,613.598388671875,13023815
2021-05-11,620.2216212653121,613.009765625,8286175
2021-05-12,617.6704736017073,612.0775756835938,4633089
2021-05-14,612.4700671541018,596.8688354492188,3176782
2021-05-17,601.0389991729869,592.69873046875,2155528
2021-05-18,594.1215239522498,597.1141967773438,1866283
2021-05-19,598.046351955032,602.952392578125,2148078
2021-05-20,604.2769663845879,595.5442504882812,3151384
2021-05-21,598.4878356071928,595.8385620117188,1185358
2021-05-24,598.5369235718373,593.679931640625,2167948
2021-05-25,598.3406944595392,590.2457275390625,1597630
2021-05-26,591.3740218568234,596.9669189453125,2251359
2021-05-27,597.5557290441427,595.2008056640625,1827666
2021-05-28,598.4388333357244,596.1820068359375,2099504
2021-05-31,581.8563266416139,581.36572265625,3562450
2021-06-01,582.984822614699,583.5244750976562,2289905
2021-06-02,583.5244460249703,603.2467041015625,4039933
2021-06-03,605.6015675943804,604.8656616210938,2318555
2021-06-04,607.7602267501338,602.8541870117188,2051532
2021-06-07,602.9032949322896,604.718505859375,1041338
2021-06-08,603.0995804829195,617.4742431640625,4672359
2021-06-09,623.0670485587711,611.4397583007812,5207526
2021-06-10,613.2550662791235,621.8406372070312,2793420
2021-06-11,624.9804574791058,640.6307373046875,4978752
2021-06-14,645.8310404378316,631.7506713867188,1892251
2021-06-15,635.5775750711441,628.8563232421875,1051668
2021-06-16,629.1505635305,630.6223754882812,3338407
2021-06-17,627.8751121914019,627.4826049804688,2709838
2021-06-18,630.916778605749,628.3656616210938,1921799
2021-06-21,626.0107332005534,629.1015625,1227966
2021-06-22,633.8604150829188,628.2675170898438,1417530
2021-06-23,632.8792292003568,626.9429321289062,852001
2021-06-24,628.9544135790532,619.3876342773438,1106106
2021-06-25,624.0483416548495,634.2529296875,1332075
2021-06-28,637.1966044492628,654.514892578125,3740538
2021-06-29,654.4167686708481,642.8875732421875,1433644
2021-06-30,645.4386346740249,640.2872924804688,835663
2021-07-01,640.140131587962,640.8760375976562,718932
2021-07-02,640.8761173544449,650.2466430664062,1850323
2021-07-05,652.5033642623614,649.6578369140625,772577
2021-07-06,650.4429113454182,636.2153930664062,904205
2021-07-07,637.4908426822357,650.05029296875,1841193
2021-07-08,650.0504231046831,637.0003662109375,934045
2021-07-09,637.5890637291667,652.7977905273438,2062699
2021-07-12,657.4094966869221,643.8688354492188,4191899
2021-07-13,648.5785152536835,645.144287109375,976965
2021-07-14,644.5556611044204,651.7675170898438,1703147
2021-07-15,650.0994360536486,643.5253295898438,662530
2021-07-16,643.5252739914372,674.1389770507812,6432804
2021-07-19,663.2967311964455,669.7236328125,1858210
2021-07-20,669.7235774848559,655.0545043945312,1764497
2021-07-22,657.4094928870846,659.666259765625,2063487
2021-07-23,660.3530157226331,637.6871337890625,3292401
2021-07-26,637.8341933736974,614.628662109375,3009500
2021-07-27,623.5576929177448,577.6862182617188,5778251
2021-07-28,580.826116224205,576.60693359375,4437698
2021-07-29,579.1090715512964,580.4827270507812,2245219
2021-07-30,581.8564421402907,596.034912109375,2224480
2021-08-02,603.3448511793819,594.2686767578125,1508410
2021-08-03,594.6121454300887,593.042236328125,1702042
2021-08-04,592.9439665065998,584.6036987304688,1145829
2021-08-05,586.7623833097481,587.7435913085938,1153827
2021-08-06,592.4043842264571,585.2415771484375,3406554
2021-08-09,586.0755450740672,579.6976928710938,1099044
2021-08-10,579.6486639662502,570.0328369140625,1209723
2021-08-11,571.0631481687449,567.5308227539062,1302387
2021-08-12,569.9837485654067,559.8772583007812,1232132
2021-08-13,562.1341484971196,552.6654663085938,1997335
2021-08-16,559.4848195777926,558.6507568359375,5163107
2021-08-17,559.1413562831734,543.5892333984375,1850194
2021-08-18,545.5517007266227,543.19677734375,965450
2021-08-20,539.6645005735439,529.6071166992188,1806975
2021-08-23,534.7583712376307,517.7344360351562,1256480
2021-08-24,517.0966992109483,511.8472595214844,2628237
2021-08-25,513.1228561929526,509.9339294433594,969412
2021-08-26,510.0319014070638,503.2124938964844,1079304
2021-08-27,503.359764573946,506.89208984375,1305521
2021-08-30,506.99017982344975,518.3231201171875,1991723
2021-08-31,522.7876147468538,520.3345947265625,1721956
2021-09-01,521.0214403700677,522.0516967773438,1023967
2021-09-02,522.1006910538676,528.2823486328125,1117337
2021-09-03,530.8335458366877,523.7197875976562,827959
2021-09-06,522.983915353341,525.7803344726562,948219
2021-09-07,526.3199736728885,520.5308227539062,532290
2021-09-08,522.5025680175562,512.7919311523438,1410873
2021-09-09,512.7919782432882,517.1296997070312,1103544
2021-09-13,519.4465027215177,511.36248779296875,782310
2021-09-14,512.9397830377115,524.0306396484375,1123980
2021-09-15,524.4742983804671,528.3191528320312,1668352
2021-09-16,528.5162825430007,527.8262329101562,970702
2021-09-17,530.2414773456333,511.51025390625,1197562
2021-09-20,511.510258898847,487.60333251953125,1804464
2021-09-21,488.98355390753403,499.0392761230469,1918932
2021-09-22,500.71522018844365,504.70794677734375,999987
2021-09-23,506.72890996932983,504.7572021484375,701147
2021-09-24,505.2501352749744,500.9123840332031,991548
2021-09-27,503.77135674448465,496.4760437011719,872537
2021-09-28,496.87037350618584,490.0186767578125,1228879
2021-09-29,490.95526947932314,501.89825439453125,1869419
2021-09-30,508.70063383534534,503.2291564941406,2313759
2021-10-01,501.70105146755606,505.8909606933594,1084023
2021-10-04,506.72889786920604,512.4468383789062,1318434
2021-10-05,512.4961190389023,512.4468383789062,1112710
2021-10-06,514.5664713779827,497.6097717285156,1147247
2021-10-07,498.8420763775353,510.031494140625,1043667
2021-10-08,512.5947957746582,519.6436157226562,1951963
2021-10-11,522.4532270440587,526.4459228515625,1877006
2021-10-12,528.417714738396,518.8549194335938,1442869
2021-10-13,520.0379678310849,522.305419921875,909887
2021-10-14,522.5025507881013,517.3760986328125,751935
2021-10-18,517.5733577309317,511.6582336425781,1166193
2021-10-19,513.4327023343898,508.3555908203125,984273
2021-10-20,508.3556057090734,498.7434997558594,913680
2021-10-21,500.5673311556945,495.6380615234375,1156583
2021-10-22,496.3774216578827,486.173828125,1067329
2021-10-25,488.98356490770624,479.07574462890625,1421509
2021-10-26,483.06843045732444,500.7152099609375,1173704
2021-10-27,501.79962905118265,496.5746154785156,1059991
2021-10-28,496.5745977049974,487.5047302246094,1493336
2021-10-29,485.92742616690896,496.7718200683594,1225257
2021-11-01,496.8211241197269,507.0246887207031,706434
2021-11-02,506.7289286421668,508.552734375,1283376
2021-11-03,508.60205180606323,507.2218322753906,664263
2021-11-04,514.1721666232627,515.9960327148438,328707
2021-11-08,517.5733291040042,519.2000122070312,925846
2021-11-09,516.5874920455325,517.1296997070312,712315
2021-11-10,516.2916679648687,513.3341064453125,660224
2021-11-11,515.9466222902576,507.5668640136719,637396
2021-11-12,507.56685438382823,516.3902587890625,1350485
2021-11-15,516.5381401410754,528.1712036132812,2569062
2021-11-16,529.7979565404294,510.1301574707031,3161892
2021-11-17,509.6864869026697,494.3071594238281,1312927
2021-11-18,494.3072066472778,475.7731628417969,1450731
2021-11-22,478.237728670303,462.6119384765625,1845179
2021-11-23,460.3937662281515,509.3907165527344,7137567
2021-11-24,509.8836675064818,512.3975830078125,2280920
2021-11-25,512.0525217996268,521.8124389648438,2332661
2021-11-26,519.3478731411141,524.6715087890625,4688437
2021-11-29,532.8540274751646,505.49658203125,2303609
2021-11-30,502.5390235819667,516.3902587890625,1597879
2021-12-01,514.6157307232918,494.3564453125,2075911
2021-12-02,497.80699974750144,498.2999267578125,1025520
2021-12-03,500.6166087667697,491.9903869628906,1364719
2021-12-06,490.9552416679215,486.32171630859375,736779
2021-12-07,488.88498250419383,487.800537109375,624606
2021-12-08,489.7722341975977,500.51806640625,1021378
2021-12-09,502.53899895552047,500.5672912597656,745342
2021-12-10,499.827957120306,518.3619995117188,2545835
2021-12-13,524.9672487127621,524.0799560546875,2403180
2021-12-14,521.5167276723843,510.96807861328125,1661556
2021-12-15,514.6157925870415,495.7366943359375,1464166
2021-12-16,497.461908534696,491.0045471191406,1428722
2021-12-17,488.7863607050086,475.8223876953125,1256786
2021-12-20,473.2098781005775,484.1528625488281,1944035
2021-12-21,484.1529088338972,481.786865234375,1198163
2021-12-22,481.78680169175806,490.9552307128906,1098606
2021-12-23,494.4057447577463,497.31402587890625,1024142
2021-12-24,499.28573273986143,488.39202880859375,879263
2021-12-27,485.53307095940283,502.4404602050781,1242768
2021-12-28,502.9826951960068,506.038818359375,582601
2021-12-29,506.7288668853927,510.7708435058594,1698456
2021-12-30,511.8060353602885,517.4253540039062,1099614
2021-12-31,518.5592044493596,521.0731201171875,739385
2022-01-03,522.5025692285668,517.8197631835938,507942
2022-01-04,516.8339650137513,509.6865234375,617970
2022-01-05,509.8836849324361,512.0032348632812,936152
2022-01-06,511.90469802439486,507.76409912109375,967807
2022-01-07,511.5596250040737,503.4263000488281,615707
2022-01-10,503.42634660244414,511.6582336425781,851516
2022-01-11,512.151102047397,512.7919311523438,638037
2022-01-12,516.5874442499752,508.0597839355469,755248
2022-01-13,508.20771822527604,513.9256591796875,918751
2022-01-14,516.8339173960131,508.70062255859375,1001202
2022-01-17,508.700603291093,509.6371765136719,1002253
2022-01-18,510.17938428569084,488.1948547363281,1488558
2022-01-19,487.80047197083184,491.10308837890625,807972
2022-01-20,491.34958770664156,490.314453125,650754
2022-01-21,490.3144545339997,476.1181640625,1297526
2022-01-24,475.47733727593817,465.2737731933594,1810487
2022-01-25,464.4357878329045,479.1742858886719,1021124
2022-01-27,473.20990269931445,469.6115417480469,1394447
2022-01-28,472.4211954141359,480.7023620605469,652573
2022-01-31,484.94153022350866,479.6672058105469,547313
2022-02-01,481.29388795368794,487.4554748535156,467887
2022-02-02,489.4764602606695,495.7859191894531,636852
2022-02-03,496.77182568264425,488.73712158203125,325299
2022-02-04,488.7370662339593,484.05426025390625,268817
2022-02-07,481.39243500818105,482.8712158203125,472247
2022-02-08,483.0683937326921,478.08984375,483382
2022-02-09,480.8995173106969,494.6521911621094,966188
2022-02-10,497.8562145886252,494.3564453125,1329495
2022-02-11,488.9835510565628,482.57550048828125,671404
2022-02-14,476.1674303611564,471.5339050292969,798182
2022-02-15,471.53392494010893,478.6813659667969,727353
2022-02-16,478.92782486949426,480.30804443359375,469350
2022-02-17,485.04015026679735,469.6115417480469,517244
2022-02-18,468.28055862158914,463.64703369140625,869786
2022-02-21,463.6470946400574,449.1550598144531,907117
2022-02-22,441.7611949275897,435.3038330078125,1355529
2022-02-23,437.91633181001026,446.0989074707031,802540
2022-02-24,434.7615458055512,423.719970703125,1334690
2022-02-25,424.01579692845206,445.6552734375,666714
2022-02-28,438.7049680303703,442.15545654296875,904166
2022-03-02,433.7264398761793,438.4585266113281,690800
2022-03-03,439.6908303314059,434.7122802734375,477608
2022-03-04,433.77571502743757,420.86102294921875,782866
2022-03-07,414.0586257020865,429.3886413574219,1960144
2022-03-08,428.84642581232424,431.26177978515625,586781
2022-03-09,433.82503944914686,434.90948486328125,1044262
2022-03-10,441.76110718293137,439.2471618652344,584725
2022-03-11,439.6908816328608,446.8876037597656,1097206
2022-03-14,448.2677892186826,440.7259826660156,1262687
2022-03-15,440.7753052035332,437.7684326171875,952447
2022-03-16,441.66250393293274,440.5287780761719,853340
2022-03-17,442.5004971724397,437.57122802734375,680596
2022-03-21,439.690871765505,449.3029479980469,2423399
2022-03-22,450.38735724185824,443.68353271484375,898723
2022-03-23,446.59181685014204,447.3312072753906,799825
2022-03-24,444.37363477238955,457.5347900390625,1166331
2022-03-25,459.16149893770415,451.0774841308594,713621
2022-03-28,451.07744892579,439.8880310058594,814702
2022-03-29,441.66255396649933,446.00030517578125,1097310
2022-03-30,447.9720521109898,443.28924560546875,719135
2022-03-31,439.9372849097619,435.7474060058594,713632
2022-04-01,437.965626622311,445.9510498046875,719485
2022-04-04,445.605933160901,453.7392272949219,527875
2022-04-05,457.68267453163156,463.49920654296875,1658676
2022-04-06,463.4499115450056,468.3791809082031,1010358
2022-04-07,469.3157873909006,470.3509521484375,856330
2022-04-08,472.71697262691356,472.3719177246094,411284
2022-04-11,473.2099028506183,471.2874755859375,721944
2022-04-12,470.7945157889858,468.477783203125,540513
2022-04-13,470.89311303842817,471.0409851074219,402633
2022-04-18,471.040989803031,461.3303527832031,561005
2022-04-19,461.37963095683915,452.9505920410156,344571
2022-04-20,455.4645139132125,450.7817077636719,328562
2022-04-21,452.50692394455837,447.1833190917969,508412
2022-04-22,447.1833630623221,437.2755126953125,595459
2022-04-25,434.02219511612975,421.0089111328125,921491
2022-04-26,424.8537591622306,429.5858459472656,675743
2022-04-27,428.0577969416424,429.9801940917969,514761
2022-04-28,435.7474395321861,432.987060546875,1711225
2022-04-29,432.9870979641605,433.3321228027344,548797
2022-05-02,432.7898412220928,431.26177978515625,516075
2022-05-04,432.09976061856554,415.0937805175781,783233
2022-05-05,419.3822558286841,412.629150390625,537099
2022-05-06,410.1152165436701,404.9394836425781,619540
2022-05-09,404.2001091203435,409.8194885253906,564559
2022-05-10,409.57306020243897,398.4328918457031,652798
2022-05-11,401.24254191231995,397.79205322265625,736213
2022-05-12,394.3415696545477,385.0252380371094,591329
2022-05-13,388.4264365209202,388.278564453125,496624
2022-05-16,392.172656186802,387.0462341308594,453462
2022-05-17,389.4122980988019,396.7076110839844,592182
2022-05-18,399.2708615781802,400.5524597167969,530532
2022-05-19,394.8345101234965,387.0955505371094,587539
2022-05-20,393.3557152870974,401.7354736328125,555699
2022-05-23,391.3840416963077,398.4328918457031,997750
2022-05-24,399.2708887580802,389.3630676269531,505125
2022-05-25,390.3981491291575,381.0818176269531,439546
2022-05-26,382.8563766285722,388.0813903808594,406851
2022-05-27,392.17270985218335,392.27130126953125,903023
2022-05-30,382.80703461547057,403.6578674316406,1461105
2022-05-31,399.81303481810227,387.9827880859375,2263251
2022-06-01,388.52504259471755,383.3985900878906,891383
2022-06-02,384.3844352574294,383.59576416015625,730703
2022-06-03,386.45473976069167,383.6450500488281,414372
2022-06-06,385.3703256639355,386.9969787597656,1020545
2022-06-07,384.48300003926096,374.7230529785156,953831
2022-06-08,378.42001006225865,389.8066101074219,2320286
2022-06-09,389.80663187996356,390.0038146972656,1076991
2022-06-10,384.7787616846313,382.9549560546875,399420
2022-06-13,376.59618016492334,370.08953857421875,647919
2022-06-14,366.7869627477445,376.5962219238281,640110
2022-06-15,381.7226600705599,376.74407958984375,267270
2022-06-16,381.0325203477091,358.65362548828125,839082
2022-06-17,358.5551180433763,357.4706726074219,530858
2022-06-20,358.21003533379076,347.4642333984375,505638
2022-06-21,352.83709849209646,367.32916259765625,1050309
2022-06-22,364.7166685838736,362.1534423828125,581460
2022-06-23,355.94253852673603,371.5683288574219,3054392
2022-06-24,371.56834864006646,378.7157897949219,912162
2022-06-27,379.8495107744951,380.3424377441406,435249
2022-06-28,380.5396711585171,381.91986083984375,400257
2022-06-29,377.92712002096835,383.74365234375,519921
2022-06-30,380.53961917759807,380.8846740722656,480522
2022-07-01,379.7509606307778,388.5250549316406,398227
2022-07-04,388.52502555142144,381.5747375488281,516473
2022-07-05,381.67336364634195,375.75823974609375,389750
2022-07-06,374.62451387227105,383.8422546386719,503984
2022-07-07,383.84227618185713,384.8774108886719,369509
2022-07-08,385.46889089276715,382.0184020996094,1033485
2022-07-11,381.42688072061867,384.7787780761719,638126
2022-07-12,383.9901021961247,374.42730712890625,795126
2022-07-13,374.6244264997961,380.2438049316406,834518
2022-07-14,383.25070010916716,383.79290771484375,2320355
2022-07-15,385.9618251965958,375.117431640625,1252871
2022-07-18,378.0750047562458,376.05401611328125,826768
2022-07-19,376.0540360024551,378.4693603515625,940023
2022-07-20,382.26485905336307,378.6171875,586506
2022-07-21,377.28629558036204,375.70892333984375,687696
2022-07-22,377.582028316401,369.2022705078125,850176
2022-07-25,367.27983088129486,368.80792236328125,844865
2022-07-26,368.2657040078774,356.7312316894531,789811
2022-07-27,355.35105698575376,371.0754089355469,1283800
2022-07-28,372.6528089582685,374.6737976074219,759042
2022-07-29,378.5678971429826,375.46246337890625,1101100
2022-08-01,377.5820467800949,375.21600341796875,681649
2022-08-02,372.1598599377375,371.1247253417969,1011943
2022-08-03,371.12471429509253,364.6180725097656,855618
2022-08-04,365.7518323067913,372.45562744140625,913331
2022-08-05,374.8216580617471,372.89923095703125,1134812
2022-08-08,373.1457398701722,366.3433532714844,1276876
2022-08-10,369.6952517215007,370.5332336425781,729483
2022-08-11,363.78011308292497,383.4971923828125,4699908
2022-08-12,384.48299390637413,383.2999572753906,2032585
2022-08-16,384.48304281069363,383.74365234375,765342
2022-08-17,383.4971559675578,397.6441650390625,2563243
2022-08-18,397.29913771136563,393.99652099609375,1143086
2022-08-19,394.83450124515036,380.8846740722656,1298175
2022-08-22,380.44099881759564,364.4701843261719,1132439
2022-08-23,363.68147806772384,370.82891845703125,810039
2022-08-24,362.99141724032694,374.6244812011719,1817048
2022-08-25,374.72306208551976,375.3638610839844,570690
2022-08-26,376.5962099696683,372.3077392578125,619785
2022-08-29,362.794242948592,367.1813049316406,797187
2022-08-30,369.695232457778,365.8996887207031,1186355
2022-09-01,366.93480841550513,365.2095642089844,898130
2022-09-02,365.35750229938054,364.4209289550781,613362
2022-09-05,365.7517882914051,366.1954345703125,401904
2022-09-06,367.67421328882074,370.63177490234375,544013
2022-09-07,368.1672089598162,379.35662841796875,1181206
2022-09-08,381.27902149190555,377.9271240234375,645567
2022-09-09,377.9763990114501,383.4479064941406,1825029
2022-09-12,385.92849475351926,386.67266845703125,808559
2022-09-13,386.6726721875067,390.2943115234375,994502
2022-09-14,385.0850719944214,385.3331298828125,525961
2022-09-15,386.72227165601714,390.2943115234375,898367
2022-09-16,389.9470416862145,369.0605773925781,1362832
2022-09-19,370.9457801007474,367.42333984375,565309
2022-09-20,368.8124783689933,378.7843933105469,1023144
2022-09-21,379.1316973669911,379.7766418457031,862500
2022-09-22,377.0480091339614,385.03546142578125,749588
2022-09-23,383.69598057922366,381.7115173339844,644373
2022-09-26,380.02470961860985,365.1412353515625,770598
2022-09-27,366.13342497027287,371.5906982421875,703937
2022-09-28,369.60626802749687,379.7766418457031,1057624
2022-09-29,381.71153163840603,383.99365234375,2683576
2022-09-30,383.9936526734428,385.6308288574219,1570317
2022-10-03,386.5238097543546,397.78564453125,2889029
2022-10-04,405.822713566215,400.9607849121094,1383797
2022-10-06,402.9948462441582,397.14068603515625,883803
2022-10-07,396.8926580094519,394.9577941894531,1029659
2022-10-10,393.9159311770011,390.0462341308594,996602
2022-10-11,390.0462735746063,381.0665588378906,1000917
2022-10-12,382.2571980132936,385.928466796875,1151313
2022-10-13,385.92851419494235,386.9207458496094,790121
2022-10-14,390.5423268271126,387.8136901855469,853990
2022-10-17,384.4897071759683,391.2864990234375,490228
2022-10-18,392.1299168023965,394.1143798828125,726464
2022-10-19,396.0988283435237,392.3779602050781,510361
2022-10-20,392.3780080226477,395.0074157714844,597202
2022-10-21,395.20582735185366,395.10662841796875,503731
2022-10-24,396.89265244236117,394.8089599609375,100281
2022-10-25,394.8089555035294,398.480224609375,889876
2022-10-27,390.9392767765312,396.5453796386719,1912927
2022-10-28,395.9003964918148,396.594970703125,903931
2022-10-31,396.59498849097,401.40728759765625,731188
2022-11-01,406.6164977796937,410.18853759765625,3026220
2022-11-02,411.13118477219706,414.6535949707031,1750656
2022-11-03,414.65356613877367,419.56512451171875,1239625
2022-11-04,423.63328512983225,418.0767822265625,609811
2022-11-07,418.07678268777414,419.7139587402344,797594
2022-11-09,420.7061698845521,417.282958984375,687137
2022-11-10,416.7372503642942,412.3218078613281,1782821
2022-11-11,414.4055192524227,410.3869934082031,530017
2022-11-14,412.7683425885598,427.15570068359375,3100084
2022-11-15,429.33859059487503,431.7199401855469,1111218
2022-11-16,428.64403103172293,426.1634521484375,954048
2022-11-17,422.88913302536696,425.96502685546875,554310
2022-11-18,428.2967428743692,406.6661071777344,2407915
2022-11-21,406.6661132140577,408.4521179199219,525086
2022-11-22,410.5357946487744,419.11859130859375,1264704
2022-11-23,420.65661919307007,422.0953369140625,742405
2022-11-24,419.7139467108381,416.6876525878906,861535
2022-11-25,415.84425451091363,423.0379333496094,693262
2022-11-28,422.24411804008435,428.9416809082031,617233
2022-11-29,428.54480463952035,434.89508056640625,1794039
2022-11-30,436.0857512035914,427.3541259765625,816785
2022-12-01,432.61294089821587,427.3541259765625,511155
2022-12-02,427.35418249226814,431.5711669921875,527052
2022-12-05,431.57111716788154,432.41448974609375,955377
2022-12-06,432.36492055846844,421.8472595214844,830364
2022-12-07,422.64106211002826,418.5729064941406,577777
2022-12-08,418.5729009659459,427.8998718261719,676369
2022-12-09,429.53703861744344,433.6051940917969,1373373
2022-12-12,424.8735700246658,421.7480163574219,2511390
2022-12-13,423.88137114669496,429.9339599609375,750499
2022-12-14,427.8502965009075,436.1354064941406,722596
2022-12-15,437.57412026939096,433.0594787597656,1674739
2022-12-16,431.62074749807715,414.5543518066406,1095594
2022-12-19,417.82872564909644,413.51251220703125,1083503
2022-12-20,414.6535984557725,406.07080078125,545371
2022-12-21,406.8645551878244,436.9787902832031,6127038
2022-12-22,442.23762907673085,433.0098571777344,3196842
2022-12-23,433.0099028875223,425.81622314453125,2093633
2022-12-26,428.6440378752556,421.7480163574219,1097283
2022-12-27,421.7480158748828,420.11083984375,631005
2022-12-28,420.7061898570682,418.0767822265625,770742
2022-12-29,417.53102284757364,418.52325439453125,851969
2022-12-30,419.7139507460744,420.8550109863281,512285
2023-01-02,420.0116286132156,424.3774719238281,461607
2023-01-03,423.6828941502711,431.3230895996094,736108
2023-01-04,426.65955931322094,425.1216125488281,606194
2023-01-05,425.27046788643486,430.9757995605469,343516
2023-01-06,433.6052008734809,419.7139587402344,1433352
2023-01-09,422.69069330209857,422.9387512207031,364662
2023-01-10,422.9387080952991,427.2052917480469,417550
2023-01-11,429.6362892406839,421.45037841796875,449418
2023-01-12,422.19453730280304,418.62249755859375,274018
2023-01-13,419.71394384228046,416.8860778808594,455551
2023-01-16,415.8442552506831,416.83648681640625,293141
2023-01-17,416.3899496346165,413.31402587890625,245555
2023-01-18,415.5962329978192,415.8938903808594,640921
2023-01-19,416.290755345874,418.02716064453125,251877
2023-01-20,420.21009819299275,414.6535949707031,390791
2023-01-23,407.80716222100324,415.4473571777344,345427
2023-01-24,415.74502936919777,409.890869140625,258932
2023-01-25,409.8908558633277,395.7515563964844,654845
2023-01-27,395.90044249487704,378.288330078125,1203872
2023-01-30,380.1735019064672,368.2667236328125,1191847
2023-01-31,371.98762357208034,381.0169372558594,629867
2023-02-01,383.6959464006091,379.7270202636719,707148
2023-02-02,379.528566758554,386.0773010253906,556000
2023-02-03,385.9781320741971,382.802978515625,388034
2023-02-06,384.9858946916008,395.9500427246094,764350
2023-02-07,395.94997950119995,389.4012756347656,419976
2023-02-08,390.9392403672909,393.6678771972656,448371
2023-02-09,389.94698857359305,391.23687744140625,331296
2023-02-10,391.9314757650107,397.2895202636719,534976
2023-02-13,411.47845410103827,419.31707763671875,4985962
2023-02-14,418.72172095135295,426.3122863769531,5089357
2023-02-15,421.9960730077281,426.3122863769531,1970563
2023-02-16,426.31228813083163,431.7695617675781,1092006
2023-02-17,429.636259319954,432.5633544921875,1140070
2023-02-20,430.1819511140475,429.2393493652344,956714
2023-02-21,429.53708784240763,432.21612548828125,537682
2023-02-22,431.37266945162827,439.4593505859375,1374248
2023-02-23,440.5508159877243,444.71820068359375,2364540
2023-02-24,444.5197587319384,435.1431579589844,615723
2023-02-27,432.6129555424987,429.0905456542969,516598
2023-02-28,431.5215299941447,425.4193115234375,967570
2023-03-01,427.5525757515966,425.7665710449219,612379
2023-03-02,424.3774437853775,415.79461669921875,614564
2023-03-03,416.83651365959093,413.2148742675781,487689
2023-03-06,415.7450345620726,417.8783264160156,1439669
2023-03-08,413.7605456362478,422.5914001464844,789098
2023-03-09,421.5991876781494,421.7480163574219,630845
2023-03-10,420.70616729898177,425.3200378417969,1414444
2023-03-13,427.4533679289937,422.5418395996094,594919
2023-03-14,420.9542232094482,412.5698547363281,1668695
2023-03-15,415.7450312086166,424.8239440917969,698601
2023-03-16,426.0146354095036,429.18975830078125,508033
2023-03-17,436.58192053827787,437.4253234863281,1122719
2023-03-20,437.5741284207934,441.39422607421875,870769
2023-03-21,441.4438256412715,433.0098571777344,1049426
2023-03-22,432.6129621227073,432.51373291015625,613792
2023-03-23,433.60520511445964,433.3571472167969,1142540
2023-03-24,429.6859144708362,422.3930358886719,1094792
2023-03-27,420.7061898760827,435.93695068359375,1652089
2023-03-28,438.11985584996745,446.0577087402344,1788498
2023-03-29,446.05768818264966,441.98956298828125,1069507
2023-03-31,442.5352842166925,461.09002685546875,2148176
2023-04-03,463.8186761951958,475.7750549316406,2726810
2023-04-05,473.29444013470464,476.1719055175781,943427
2023-04-06,476.12230693270396,478.3548278808594,1172841
2023-04-10,480.68659935997675,484.0601806640625,474616
2023-04-11,485.20123454446525,481.7284240722656,1097911
2023-04-12,481.728412376829,487.6322021484375,534762
2023-04-13,488.0786737382188,486.4414978027344,464388
2023-04-17,484.2586287631785,486.49114990234375,375731
2023-04-18,484.4074649403493,501.02734375,2007427
2023-04-19,501.07696175575256,508.0225830078125,3964015
2023-04-20,508.0225887866929,508.17144775390625,1314152
2023-04-21,508.1714474625858,507.6257019042969,678001
2023-04-24,507.1791977116994,512.8348999023438,817404
2023-04-25,512.0410942419799,514.1248168945312,951138
2023-04-26,513.0332990669804,517.20068359375,720652
2023-04-27,517.2007202458194,546.8684692382812,4291553
2023-04-28,552.6730307374752,559.0729370117188,4694549
2023-05-02,558.6264044874472,539.6748046875,1472378
2023-05-03,535.8546758703181,536.9461669921875,1370392
2023-05-04,539.7244159021293,542.7011108398438,901250
2023-05-05,540.9150739320555,546.7196044921875,506222
2023-05-08,546.7691824329431,564.5301513671875,1200065
2023-05-09,567.506910711003,554.85595703125,719209
2023-05-10,556.7410540144324,565.5223388671875,2205960
2023-05-11,569.4913404282,575.6431884765625,1730567
2023-05-12,576.5362009628725,608.1884155273438,6123142
2023-05-15,611.2146864266831,603.2272338867188,1340692
2023-05-16,603.2768496961647,603.1279907226562,1026523
2023-05-17,604.2689761350875,604.1201171875,1702948
2023-05-18,603.3760310190314,599.4071044921875,1043069
2023-05-19,600.3000777922069,619.4501342773438,3771939
2023-05-22,583.4322485593286,601.2924194335938,5062006
2023-05-23,603.2768113711002,604.26904296875,2993267
2023-05-24,601.2922705951156,603.8224487304688,1540050
2023-05-25,601.3915080775029,602.6814575195312,1557737
2023-05-26,601.4907389795782,586.8057250976562,1103389
2023-05-29,586.8058199873234,589.8817138671875,848123
2023-05-30,592.8087428556843,590.8242797851562,695866
2023-05-31,589.3359773039369,593.1064453125,637663
2023-06-01,593.0072004662269,604.8643188476562,988742
2023-06-02,609.0813714129848,609.3790893554688,770385
2023-06-05,605.0628076952843,613.2487182617188,764068
2023-06-06,609.4287035455153,626.5942993164062,661070
2023-06-07,630.5632006374425,657.899169921875,3859103
2023-06-08,659.7843964930386,643.3629760742188,4425552
2023-06-09,640.0886323428875,631.1089477539062,1140652
2023-06-12,641.9738466907341,633.5894775390625,656015
2023-06-13,633.5894805821999,643.9583129882812,690845
2023-06-14,643.9583097671281,632.498046875,666369
2023-06-15,630.0670303663316,637.4591674804688,696604
2023-06-16,637.4591674804688,637.4591674804688,798919
2023-06-19,637.4095729664633,635.4251098632812,741200
2023-06-20,635.425055455329,638.8482055664062,485694
2023-06-21,638.7490786116311,638.0545043945312,453135
2023-06-22,633.8375381115042,622.8237915039062,1388351
2023-06-23,622.9230248506107,628.0826416015625,971554
2023-06-26,625.105960393916,640.3863525390625,806947
2023-06-27,641.8745761577602,650.606201171875,1816232
2023-06-28,651.8961405832308,670.3516235351562,1652557
2023-06-30,672.7329982780141,670.74853515625,1400583
2023-07-03,670.748569498675,654.3271484375,543288
2023-07-04,655.7658146900087,644.6032104492188,1093575
2023-07-05,644.9504944215338,658.8417358398438,1275242
2023-07-06,658.3456160819713,663.0587158203125,983495
2023-07-07,663.0587071199801,683.8955688476562,2797202
2023-07-10,686.5250542753458,658.643310546875,1485596
2023-07-11,662.8106033342708,665.390380859375,612181
2023-07-12,666.5811949595588,671.3935546875,748458
2023-07-13,672.9809814185134,677.942138671875,1041642
2023-07-14,679.9266744418903,696.645751953125,1533088
2023-07-17,697.0426803782581,696.9434814453125,930624
2023-07-18,696.9931082969698,715.5478515625,1320815
2023-07-19,719.4174787325246,714.5059204101562,775148
2023-07-20,711.4300606272369,734.8963623046875,2154696
2023-07-21,734.251445548117,747.29931640625,1381203
2023-07-24,748.1426161590094,782.1761474609375,2761866
2023-07-25,785.103185458367,777.9591064453125,891016
2023-07-26,778.9017358192802,800.0362548828125,1324361
2023-07-27,800.0362444268031,815.9615478515625,1640659
2023-07-28,818.5910621607247,792.5449829101562,1474272
2023-07-31,799.738641386896,781.7296142578125,2045604
2023-08-01,789.8164213993498,782.0770263671875,1079954
2023-08-02,779.8939857718857,774.5855712890625,842339
2023-08-03,774.5855534415294,785.9962158203125,1388394
2023-08-04,789.3201656498192,797.3076171875,582633
2023-08-07,801.4750997879926,809.6610107421875,1150523
2023-08-08,811.695097564613,818.4422607421875,960683
2023-08-09,823.5522344127211,822.1630859375,1065585
2023-08-10,821.567743674042,804.1044921875,519828
2023-08-11,808.3710217945013,795.1246948242188,541008
2023-08-14,808.6687461138057,791.4535522460938,921760
2023-08-16,785.6489940086105,791.255126953125,1111577
2023-08-17,798.1510178881952,773.2459716796875,726647
2023-08-18,772.9483540781433,760.247802734375,702335
2023-08-21,759.0571979866155,769.0291137695312,691810
2023-08-22,772.0058215821949,753.1038208007812,1228002
2023-08-23,757.0726409732273,752.458740234375,856915
2023-08-24,755.0882424205688,743.330322265625,595869
2023-08-25,741.6930792596938,733.7056274414062,593002
2023-08-28,738.4188227624815,761.1905517578125,1203807
2023-08-29,763.8198589761892,750.6727905273438,878253
2023-08-30,757.5192290158099,749.4821166992188,504687
2023-08-31,749.4821582053324,760.892822265625,1127664
2023-09-01,766.0027580909174,751.1688842773438,602134
2023-09-04,750.1270162841637,755.5842895507812,690379
2023-09-05,757.271165313181,785.599365234375,1858292
2023-09-06,792.7930279756457,786.7900390625,1115483
2023-09-07,793.4380362573687,787.6830444335938,888778
2023-09-08,788.6256320980418,770.8150634765625,1198297
2023-09-11,772.9980547001996,804.6502685546875,1996311
2023-09-12,805.6919565755335,807.8748779296875,1640273
2023-09-13,812.8361649783905,855.2044677734375,4770907
2023-09-14,857.2881585734785,858.6773071289062,1081354
2023-09-15,859.2725131006458,849.8463134765625,1238233
2023-09-18,852.831707461298,847.408203125,1094585
2023-09-20,848.8511887177729,852.4336547851562,1526780
2023-09-21,855.8171428925383,823.6742553710938,3621515
2023-09-22,801.0846976847619,798.8953857421875,6359197
2023-09-25,798.8954102738232,781.7293090820312,1690718
2023-09-26,784.167423937664,758.5426635742188,1241742
2023-09-27,756.4030702042999,772.6238403320312,1063498
2023-09-28,775.9574507510047,773.1710815429688,1303738
2023-09-29,779.9380253268431,851.3390502929688,9406251
2023-10-03,847.9058196182649,838.5017700195312,1501069
2023-10-04,832.9289731800732,803.1743774414062,1304868
2023-10-05,809.0456629451278,789.3419799804688,924422
2023-10-06,791.033838034413,789.7401123046875,928077
2023-10-09,786.1576386149284,780.5848999023438,749063
2023-10-10,791.1333534130215,782.02783203125,693597
2023-10-11,785.1127055601851,776.90283203125,980950
2023-10-12,782.0277724026048,788.346923828125,648967
2023-10-13,789.1430861045648,794.467041015625,1034587
2023-10-16,794.4172458528772,793.919677734375,493894
2023-10-17,796.1089775010861,797.7509765625,569676
2023-10-18,800.5871257408945,795.9099731445312,664700
2023-10-19,791.2327643529059,789.2922973632812,277693
2023-10-20,789.1430483057129,777.3507080078125,462247
2023-10-23,776.2063169738129,756.2041015625,423543
2023-10-25,751.4771947402235,747.1483154296875,832310
2023-10-26,741.6252926892901,745.45654296875,884483
2023-10-27,742.6203592257409,739.5354614257812,514179
2023-10-30,736.0026688834084,746.5014038085938,567688
2023-10-31,750.4321887582311,744.1130981445312,361013
2023-11-01,746.352186033788,742.4711303710938,333271
2023-11-02,744.361944235864,747.2478637695312,472694
2023-11-03,747.8448193772975,742.9686279296875,371947
2023-11-06,748.7405423714441,751.7756958007812,742091
2023-11-07,756.6517564052094,755.4576416015625,713316
2023-11-08,757.7464820993285,782.1273193359375,1048266
2023-11-09,789.9390879819157,780.2862548828125,989686
2023-11-10,782.1770345222733,774.066650390625,605913
2023-11-13,753.3181247156025,720.9264526367188,3656128
2023-11-15,726.4991734123032,747.3970336914062,2495889
2023-11-16,742.9189718052614,767.0012817382812,2439746
2023-11-17,767.0012438484044,772.1759643554688,723967
2023-11-20,772.175910983987,781.3809204101562,1251772
2023-11-21,782.7741584764088,773.8179321289062,915318
2023-11-22,773.8179580416369,772.4745483398438,1072580
2023-11-23,774.116564653938,771.5789184570312,1140665
2023-11-24,773.4696646207855,783.07275390625,1799088
2023-11-28,783.0726896649669,767.25,719949
2023-11-29,773.6189130322108,766.3543701171875,726023
2023-11-30,767.2500733055731,776.1565551757812,1139226
2023-12-01,777.9975353879167,788.7449951171875,773301
2023-12-04,795.064038482902,771.9768676757812,3228588
2023-12-05,778.7437797373807,775.2608032226562,545761
2023-12-06,776.206281724659,802.577392578125,1504305
2023-12-07,805.662302110201,817.9025268554688,1573712
2023-12-08,820.9874321794332,792.0787353515625,2402310
2023-12-11,796.1090105359605,815.1160888671875,2857825
2023-12-12,818.7980924441044,793.4718627929688,1337480
2023-12-13,802.1295794190526,808.39892578125,782180
2023-12-14,809.1950103166058,825.0176391601562,964081
2023-12-15,825.9630658788589,819.9922485351562,850025
2023-12-18,820.9873902246516,813.3248291015625,1178792
2023-12-19,813.6731662544745,819.54443359375,791780
2023-12-20,819.3951687759725,786.00830078125,1861903
2023-12-21,777.2013980134078,819.5941772460938,1541173
2023-12-22,819.5941833497332,835.2178344726562,2088247
2023-12-26,834.9192784667582,839.84521484375,821945
2023-12-27,839.9944697570995,841.9349975585938,765258
2023-12-28,845.8658030032949,851.2395629882812,970942
2023-12-29,852.8317230854406,849.7965698242188,468147
2024-01-01,849.8463432049573,851.4883422851562,415165
2024-01-02,851.5381253070332,884.4771118164062,3980406
2024-01-03,891.6421147053054,893.5328979492188,1793431
2024-01-04,893.6820003799027,894.0303344726562,712492
2024-01-05,895.6225753362318,888.3580932617188,438207
2024-01-08,888.6566167885728,869.4505004882812,656367
2024-01-09,879.7003909403187,882.2379760742188,649347
2024-01-10,881.6906726016441,875.37158203125,1456990
2024-01-11,871.7393656325221,875.670166015625,972265
2024-01-12,875.6701312615629,864.7236328125,591537
2024-01-15,864.8231254789908,906.0217895507812,2296912
2024-01-16,905.9720227132017,884.8253784179688,986057
2024-01-17,884.1785951487478,867.9578857421875,714859
2024-01-18,867.957852208743,863.3304443359375,1540500
2024-01-19,872.7345171762776,874.8740844726562,906348
2024-01-23,870.9929395985613,853.9761352539062,885743
2024-01-24,851.8365697666725,885.8702392578125,862176
2024-01-25,886.5668904855119,886.765869140625,1045465
2024-01-29,889.1541761586506,895.4732666015625,685206
2024-01-30,895.622639678691,891.393310546875,600740
2024-01-31,893.6323360793342,905.7730102539062,1399292
2024-02-01,915.6247686375181,886.1687622070312,1817051
2024-02-02,886.1687925258844,881.3921508789062,648664
2024-02-05,881.6907003698127,880.2974853515625,766933
2024-02-06,883.6809690683233,880.4965209960938,1057975
2024-02-07,882.8350878254527,872.9832153320312,446360
2024-02-08,875.7198910345962,854.3742065429688,1203539
2024-02-09,850.9409633362123,838.9993286132812,936078
2024-02-12,838.9993071737299,827.3562622070312,859065
2024-02-13,818.1014921517927,828.1524047851562,465748
2024-02-14,823.9728162341876,793.3226318359375,1982268
2024-02-15,767.2500454232634,806.3091430664062,4974179
2024-02-16,818.002030796566,868.0076293945312,8741874
2024-02-19,870.7441325262865,858.3546752929688,964956
2024-02-20,866.863207141877,889.8011474609375,3444381
2024-02-21,885.6712457718955,896.2196655273438,1778463
2024-02-22,895.6225662779445,908.0120239257812,715441
2024-02-23,908.1115652914518,895.7221069335938,1406588
2024-02-26,902.5885356813363,923.1381225585938,3013526
2024-02-27,921.9936916303838,923.1381225585938,804309
2024-02-28,920.5009330434566,906.76806640625,643011
2024-02-29,906.5690679018935,920.6004638671875,1434787
2024-03-01,920.6004942548136,915.8238525390625,671589
2024-03-04,920.5507229660577,917.217041015625,1085073
2024-03-05,916.4209687963811,912.7389526367188,660077
2024-03-06,911.5447246559492,921.8941650390625,1577906
2024-03-07,922.491283393786,950.6038818359375,1749348
2024-03-11,953.3405054487918,950.6536254882812,1875353
2024-03-12,950.6536359225347,940.5530395507812,1079570
2024-03-13,937.0202301372802,894.0801391601562,1773669
2024-03-14,886.2185868855437,932.9402465820312,1584214
2024-03-15,933.3879735246904,921.99365234375,1144957
2024-03-18,920.1527897175354,935.079833984375,678559
2024-03-19,933.9353373093086,916.1721801757812,555021
2024-03-20,911.3955109923459,936.7217407226562,1104276
2024-03-21,937.2192672764664,942.095458984375,721888
2024-03-22,939.1100902842117,946.3745727539062,792841
2024-03-26,945.3793798478777,952.5443725585938,685483
2024-03-27,955.3308248747953,957.7689208984375,752945
2024-03-28,955.3307790841956,953.788330078125,517943
2024-04-01,954.3854180782766,977.671630859375,689298
2024-04-02,979.9604672602969,982.1995239257812,804261
2024-04-03,979.2638508536671,989.0161743164062,677231
2024-04-04,994.5889254512847,1001.1070556640625,861431
2024-04-05,1005.0876275010226,1012.45166015625,442664
2024-04-08,1012.4516131536614,1034.0460205078125,870099
2024-04-09,1052.854090882805,1041.9075927734375,951210
2024-04-10,1041.907539765135,1038.2752685546875,1178981
2024-04-12,1038.2752311261827,1046.6842041015625,980800
2024-04-15,1025.9854700081194,1038.9222412109375,586620
2024-04-16,1038.9223015551297,1054.844482421875,425482
2024-04-18,1054.8443398536704,1036.73291015625,1139829
2024-04-19,1026.9806367993222,1021.4078979492188,762705
2024-04-22,1024.9903004983937,1034.2947998046875,260452
2024-04-23,1034.2947699929016,1029.4683837890625,1223564
2024-04-24,1030.9611264823802,1065.7410888671875,657378
2024-04-25,1065.7909603338735,1075.0457763671875,1101089
2024-04-26,1079.7227634814835,1074.1002197265625,475440
2024-04-29,1084.6984797111522,1065.890380859375,442802
2024-04-30,1069.7714570452654,1052.0579833984375,952244
2024-05-02,1055.1926242229877,1055.3419189453125,324107
2024-05-03,1057.0336169003342,1048.177001953125,845271
2024-05-06,1052.6551109395714,1035.5885009765625,414896
2024-05-07,1038.673445945475,1010.8096313476562,560484
2024-05-08,1011.8545854875578,1016.53173828125,213896
2024-05-09,1010.2623821934267,994.7880249023438,469357
2024-05-10,997.9723760269911,1018.9697875976562,421300
2024-05-13,1020.0147366978337,1028.1251220703125,473458
2024-05-14,1028.1250513590162,1006.33154296875,256949
2024-05-15,1009.0183469218291,997.5245361328125,969716
2024-05-16,1000.1119326980083,1000.4104614257812,571339
2024-05-17,1005.0875866924621,1014.5911254882812,342548
2024-05-21,1042.8032336903123,1029.4185791015625,473436
2024-05-22,1029.4684358915656,1020.3629150390625,256930
2024-05-23,1031.4089212937747,1022.6019897460938,309747
2024-05-24,1025.9855002620507,1030.961181640625,953721
2024-05-27,1026.2342785872665,1114.0052490234375,5960921
2024-05-28,1114.552578932738,1154.5570068359375,5608943
2024-05-29,1154.5569890305778,1174.6588134765625,1555169
2024-05-30,1167.5932222730303,1150.3773193359375,815238
2024-05-31,1154.3580254433525,1154.706298828125,1454676
2024-06-03,1169.2353276925162,1170.479248046875,466303
2024-06-04,1170.4791744837698,1116.89111328125,2199037
2024-06-05,1129.479664678213,1177.7935791015625,935489
2024-06-06,1178.788582239451,1203.9654541015625,769796
2024-06-07,1207.1002120424102,1188.3419189453125,818364
2024-06-10,1192.1731856020385,1200.2337646484375,647187
2024-06-11,1201.9753017654295,1184.95849609375,902103
2024-06-12,1189.1878376810923,1197.0494384765625,586204
2024-06-13,1199.139268491009,1218.8927001953125,765839
2024-06-14,1220.1863139587954,1231.1328125,647206
2024-06-18,1231.132825723841,1236.8050537109375,1122110
2024-06-19,1240.4373394598006,1229.6898193359375,811531
2024-06-20,1231.8294030240415,1235.212890625,310532
2024-06-21,1235.2128492001102,1224.6146240234375,537198
2024-06-24,1224.614584274612,1213.9168701171875,602287
2024-06-25,1213.0710301644012,1207.448486328125,396675
2024-06-26,1204.1149210748358,1220.4351806640625,576425
2024-06-27,1220.435166385863,1214.8126220703125,453001
2024-06-28,1219.091692830624,1224.51513671875,476411
2024-07-01,1227.0030049263455,1261.285400390625,677834
2024-07-02,1263.8229086582303,1242.875244140625,554224
2024-07-03,1245.7115867965094,1275.565673828125,1403050
2024-07-04,1275.7647564209644,1289.1990966796875,712608
2024-07-05,1288.7014479400664,1331.6416015625,1454791
2024-07-08,1331.591694453094,1349.7529296875,915961
2024-07-09,1349.4545327174992,1352.43994140625,558976
2024-07-10,1355.325829948933,1373.1387939453125,1093184
2024-07-11,1385.2296370559752,1377.6666259765625,2647788
2024-07-12,1379.2587524811686,1374.7806396484375,1280942
2024-07-15,1376.0744675896203,1401.3011474609375,887309
2024-07-16,1405.0329808568924,1403.8885498046875,590653
2024-07-18,1415.083660335409,1406.4757080078125,1311262
2024-07-19,1407.7695633516867,1406.0777587890625,747528
2024-07-22,1400.0571840074108,1422.696533203125,780641
2024-07-23,1420.0594884800803,1417.9697265625,933073
2024-07-24,1410.107988691821,1418.765625,575514
2024-07-25,1412.9441235101888,1417.6710205078125,772348
2024-07-26,1416.0789296918633,1431.404052734375,703609
2024-07-29,1432.2498568352978,1433.344482421875,648156
2024-07-30,1427.3735663876682,1425.7315673828125,398856
2024-07-31,1427.5229077044548,1461.6063232421875,743604
2024-08-01,1465.636653417511,1430.707275390625,941967
2024-08-02,1429.0156131227718,1436.0313720703125,492863
2024-08-05,1408.11762298166,1410.904052734375,659694
2024-08-06,1421.7511579454663,1418.666259765625,738077
2024-08-07,1430.010789321684,1453.0482177734375,595406
2024-08-08,1451.9037022263,1444.68896484375,421207
2024-08-09,1448.3213203962453,1465.785888671875,835571
2024-08-12,1468.4230705141129,1495.1922607421875,1397118
2024-08-13,1502.6556364429816,1470.861083984375,1240620
2024-08-14,1484.743179018182,1483.947021484375,1119999
2024-08-16,1507.332768660804,1558.184326171875,5136030
2024-08-19,1574.405063459132,1623.5648193359375,2446710
2024-08-20,1623.564696522291,1629.9832763671875,1035390
2024-08-21,1629.6848486912813,1672.5751953125,1294516
2024-08-22,1672.5752716087204,1668.5947265625,747444
2024-08-23,1656.9018097005892,1678.446533203125,818619
2024-08-26,1687.2534349654302,1686.3577880859375,756012
2024-08-27,1683.4719927040603,1698.9962158203125,800190
2024-08-28,1698.6476955696576,1699.145263671875,662569
2024-08-29,1696.8066587960725,1683.0738525390625,1340831
2024-08-30,1678.7948026066479,1723.3271484375,1381346
2024-09-02,1729.447240084804,1679.6904296875,593651
2024-09-03,1686.2583118851273,1679.2923583984375,993189
2024-09-04,1673.8191274920532,1678.3470458984375,1386615
2024-09-05,1677.7997235610242,1701.1356201171875,994849
2024-09-06,1701.384533405812,1694.4185791015625,1001905
2024-09-09,1694.4183064885792,1695.9110107421875,1027507
2024-09-10,1704.6682967671095,1719.446044921875,1051257
2024-09-11,1719.4460870227042,1717.2568359375,788702
2024-09-12,1721.5360325230747,1739.448486328125,1072117
2024-09-13,1739.0500048215627,1747.670166015625,696374
2024-09-16,1763.515391711343,1735.462158203125,613699
2024-09-17,1739.0000802400302,1707.110107421875,795531
2024-09-18,1708.1065703719887,1640.3902587890625,1596880
2024-09-19,1640.3903352583548,1644.12744140625,995151
2024-09-20,1653.4451964651062,1631.1221923828125,2923466
2024-09-23,1699.1374327346189,1706.561767578125,4885392
2024-09-24,1714.085842576399,1691.6632080078125,825442
2024-09-25,1696.5962872140856,1683.391845703125,804664
2024-09-26,1688.8230538761786,1672.529296875,926471
2024-09-27,1665.453665667854,1679.90380859375,908797
2024-09-30,1690.9657837168152,1667.745849609375,772181
2024-10-01,1667.2475078820833,1661.21826171875,652450
2024-10-03,1654.292135081695,1638.6959228515625,912043
2024-10-04,1628.630781527539,1656.98291015625,1243615
2024-10-07,1665.2045770110842,1669.34033203125,1462499
2024-10-08,1669.2406467421572,1728.5859375,933178
2024-10-09,1735.0137638777537,1780.008544921875,1006279
2024-10-10,1783.5461642034468,1754.89501953125,1005393
2024-10-11,1754.9449664104689,1784.4930419921875,474661
2024-10-14,1791.6185546442427,1811.8985595703125,724677
2024-10-15,1815.6356393324363,1798.694091796875,416108
2024-10-16,1798.694150770695,1775.32470703125,701089
2024-10-17,1777.8658747467039,1729.3333740234375,572900
2024-10-18,1719.118705525841,1732.4725341796875,389351
2024-10-21,1732.5223103256492,1710.89697265625,444549
2024-10-22,1711.5446167854766,1676.4656982421875,533695
2024-10-23,1665.2544789102342,1680.103271484375,402448
2024-10-24,1680.1031858895199,1668.792236328125,229409
2024-10-25,1673.7251919500216,1658.0792236328125,541728
2024-10-28,1658.079214239298,1707.6082763671875,519784
2024-10-29,1713.5876919368225,1669.34033203125,818047
2024-10-30,1674.5723231879806,1664.2579345703125,467600
2024-10-31,1664.257754459559,1688.723388671875,621962
2024-11-01,1688.7235460753318,1684.4881591796875,46387
2024-11-04,1689.1219632050665,1693.4072265625,661656
2024-11-05,1692.1615900564582,1719.21826171875,1018795
2024-11-06,1719.118478741911,1762.867431640625,621234
2024-11-07,1762.867619017135,1651.6513671875,1390796
2024-11-08,1663.1616696181811,1660.7698974609375,595082
2024-11-11,1649.3094627427083,1628.5809326171875,445606
2024-11-12,1469.928286547907,1571.62744140625,1108375
2024-11-13,1560.615447516467,1534.10693359375,992489
2024-11-14,1539.687708680388,1528.426513671875,460222
2024-11-18,1544.6704385017038,1480.641357421875,1439031
2024-11-19,1486.6207704230094,1487.5177001953125,732905
2024-11-21,1487.5176513611982,1461.35791015625,421354
2024-11-22,1458.9661834998788,1473.1173095703125,517711
2024-11-25,1473.0176346342337,1485.275390625,816776
2024-11-26,1487.3682176939496,1516.2186279296875,532570
2024-11-27,1519.7563961245041,1517.3646240234375,332778
2024-11-28,1518.7599341588596,1490.0091552734375,215597
2024-11-29,1494.8424066022178,1523.3939208984375,290750
2024-12-02,1522.8456866167323,1542.2288818359375,610106
2024-12-03,1544.6705044891798,1554.0382080078125,254905
2024-12-04,1557.6257071963114,1543.3250732421875,348747
2024-12-05,1542.3784293241554,1539.3389892578125,585232
2024-12-06,1539.338845685751,1522.845703125,606001
2024-12-09,1522.7460790006899,1508.9437255859375,362586
2024-12-10,1529.7221043840623,1537.3458251953125,1775510
2024-12-11,1537.3456135404874,1521.1514892578125,483855
2024-12-12,1544.6705203047604,1529.77197265625,510183
2024-12-13,1518.7599148808545,1512.9300537109375,3382381
2024-12-16,1509.8903906302664,1546.0157470703125,677446
2024-12-17,1543.374928537746,1508.8939208984375,502382
2024-12-18,1509.8406755021567,1519.4573974609375,258848
2024-12-19,1500.4729126040934,1535.5020751953125,432741
2024-12-20,1524.7890315702296,1536.34912109375,644522
2024-12-23,1548.5570123124169,1545.268310546875,415083
2024-12-24,1546.962552791372,1530.519287109375,371828
2024-12-26,1529.7220068203212,1536.1497802734375,486039
2024-12-27,1536.149834822823,1580.496826171875,1282686
2024-12-30,1583.885092471313,1584.3336181640625,940742
2024-12-31,1584.333694678475,1603.5672607421875,1090870
2025-01-01,1603.5671517454034,1608.9486083984375,181712
2025-01-02,1604.4641978084903,1633.7132568359375,326112
2025-01-03,1635.357541272129,1630.474365234375,296842
2025-01-06,1630.4745043337575,1618.1669921875,237878
2025-01-07,1618.1170497321284,1636.404052734375,334037
2025-01-08,1652.0000742499249,1622.3026123046875,399388
2025-01-09,1622.3026625059993,1587.8216552734375,349155
2025-01-10,1579.8491076094988,1536.39892578125,233851
2025-01-13,1519.7564077942657,1491.7530517578125,433932
2025-01-14,1511.783987196044,1510.737548828125,548516
2025-01-15,1518.261503365827,1472.1705322265625,1019075
2025-01-16,1474.8612943612159,1456.524658203125,189589
2025-01-17,1442.1242091924491,1463.052001953125,413777
2025-01-20,1446.1603266757807,1498.429931640625,377704
2025-01-21,1502.1172226303297,1494.343994140625,272662
2025-01-22,1494.3440075781407,1496.1876220703125,184505
2025-01-23,1493.8457767039472,1505.754638671875,277968
2025-01-24,1500.8218338259442,1445.114013671875,342816
2025-01-27,1436.294354435557,1395.5848388671875,220599
2025-01-28,1386.2171597084898,1394.388916015625,623507
2025-01-29,1397.6276603690171,1448.601806640625,284020
2025-01-30,1448.5521987609309,1443.8682861328125,281776
2025-01-31,1445.0142986576466,1448.2032470703125,382446
2025-02-01,1448.203231258313,1431.9593505859375,299734
2025-02-03,1432.058937235257,1409.58642578125,370593
2025-02-04,1409.636424996245,1446.55908203125,338423
2025-02-05,1446.5591008094082,1488.0657958984375,434708
2025-02-06,1490.2582206943202,1494.69287109375,462007
2025-02-07,1479.993605464629,1534.8543701171875,535861
2025-02-10,1530.1704248766173,1505.9041748046875,303204
2025-02-11,1504.8079655654283,1448.0538330078125,433337
2025-02-12,1448.901004234853,1401.315185546875,610757
2025-02-13,1398.2755317636677,1406.34765625,956325
2025-02-14,1412.077890059835,1318.5008544921875,1570050
2025-02-17,1315.461351658985,1369.076416015625,2386589
2025-02-18,1360.3064944448408,1374.557373046875,772771
2025-02-19,1345.3580164752364,1364.7410888671875,593782
2025-02-20,1366.2858762032608,1344.3116455078125,425017
2025-02-21,1337.7343285658735,1296.3272705078125,715656
2025-02-24,1296.3273773115727,1320.5936279296875,912838
2025-02-25,1312.4217651756496,1311.8238525390625,643567
2025-02-27,1309.4818957923733,1308.8341064453125,500953
2025-02-28,1297.0746326838728,1274.55224609375,697953
2025-03-03,1273.6057714384833,1308.6846923828125,481433
2025-03-04,1295.5301177218007,1329.662353515625,273964
2025-03-05,1316.8065660464167,1383.2274169921875,635666
2025-03-06,1383.576317709214,1391.8975830078125,363377
2025-03-07,1391.897448107435,1399.571044921875,343691
2025-03-10,1399.1724424372476,1398.2755126953125,678733
2025-03-11,1380.3873190175564,1395.385498046875,414940
2025-03-12,1395.2858064251475,1417.4095458984375,715462
2025-03-13,1417.4095362985224,1400.3184814453125,333781
2025-03-17,1400.2686888843102,1424.6844482421875,540553
2025-03-18,1424.6844482421875,1424.6844482421875,0
2025-03-19,1459.9627959365619,1481.588134765625,292493
2025-03-20,1489.859581173701,1473.71533203125,302126
2025-03-21,1484.8767273180908,1509.5416259765625,846570
2025-03-24,1507.6980726444935,1487.5177001953125,995343
2025-03-25,1487.966080600147,1475.6585693359375,393547
2025-03-26,1483.6808427368562,1456.773681640625,785803
2025-03-27,1452.3390445999132,1514.6241455078125,1919136
2025-03-28,1520.5037803734106,1535.751220703125,786315
2025-04-01,1534.7047640585904,1504.0106201171875,360067
2025-04-02,1504.0107476897942,1510.2392578125,335650
2025-04-03,1554.636050750283,1539.936767578125,694785
2025-04-04,1539.9367914482984,1494.69287109375,848410
2025-04-07,1355.3236590082256,1437.240966796875,551499
2025-04-08,1445.0142649762765,1435.845947265625,401250
2025-04-09,1411.57972470745,1371.56787109375,1074293
2025-04-11,1400.1689802686503,1373.3614501953125,647397
2025-04-15,1376.4507911726862,1372.1656494140625,1172653
2025-04-16,1372.3648921882962,1352.134765625,557335
2025-04-17,1363.4955177704671,1337.7843017578125,613374
2025-04-21,1354.3272751513616,1364.0936279296875,2163528
2025-04-22,1369.7739413332276,1386.0179443359375,844434
2025-04-23,1395.3855537664786,1407.643310546875,1462811
2025-04-24,1414.1209129233791,1416.014404296875,1391087
2025-04-25,1416.3133409652135,1356.0213623046875,664046
2025-04-28,1355.3238223826622,1402.7601318359375,504860
2025-04-29,1410.1346529694679,1379.639892578125,314711
2025-04-30,1379.6398757104782,1376.4508056640625,694501
2025-05-02,1376.4507472025653,1365.289306640625,661700
2025-05-05,1360.3065358739073,1401.564208984375,829959
2025-05-06,1439.0350143564374,1401.0660400390625,1568425
2025-05-07,1380.2378155308384,1430.16552734375,617241
2025-05-08,1430.265120883633,1414.021240234375,511630
2025-05-09,1390.203385630974,1393.392333984375,479965
2025-05-12,1372.3649377076667,1376.9490966796875,709514
2025-05-13,1378.9421699172776,1412.5263671875,758590
2025-05-14,1418.1071210331909,1437.938720703125,435321
2025-05-15,1437.9386581836297,1442.0245361328125,405442
2025-05-16,1436.0452966314542,1443.619140625,319597
2025-05-19,1449.0005374997284,1433.5538330078125,481421
2025-05-20,1433.553859086215,1431.26171875,860650
2025-05-21,1423.1894553465468,1435.148193359375,399837
2025-05-22,1422.4920251600652,1426.478271484375,342931
2025-05-23,1427.8734231145809,1415.316650390625,487214
2025-05-26,1365.2893275454505,1385.3201904296875,2125417
2025-05-27,1385.2206008856047,1380.23779296875,378280
2025-05-28,1377.248128078295,1375.2550048828125,835182
2025-05-29,1380.237767168763,1401.564208984375,1057291
2025-05-30,1410.1346258550304,1452.08984375,1334384
2025-06-02,1452.1894721883168,1492.3509521484375,908496
2025-06-03,1514.7735587640357,1508.794189453125,2598096
2025-06-04,1508.7942138931955,1507.598388671875,1536543
2025-06-05,1507.5983967981601,1579.350830078125,2290396
2025-06-06,1578.553544591284,1584.732177734375,940297
2025-06-09,1584.7322393658665,1593.7012939453125,945368
2025-06-10,1600.4779546951095,1610.044921875,736075
2025-06-11,1605.6599918989962,1629.77685546875,996326
2025-06-12,1634.261419488983,1633.96240234375,858855
2025-06-13,1599.481332394627,1664.158203125,937744
2025-06-16,1678.0104653750927,1677.61181640625,716274
2025-06-17,1669.3402251667833,1647.5155029296875,1542907
2025-06-18,1639.343723939948,1654.6907958984375,990393
2025-06-19,1655.0895485130081,1633.563720703125,772902
2025-06-20,1628.2819662318955,1631.072265625,1156671
2025-06-23,1630.3748239551678,1679.007080078125,1926596
2025-06-24,1685.1856048268216,1677.312744140625,1352660
2025-06-25,1683.192565831843,1711.1959228515625,1332966
2025-06-26,1713.0892558813646,1726.0445556640625,823973
2025-06-27,1722.0584456579506,1705.316162109375,1140912
2025-06-30,1713.98643267333,1747.7698974609375,925571
2025-07-01,1746.1751897223503,1748.26806640625,447785
2025-07-02,1746.9723941091763,1763.9139404296875,505076
2025-07-03,1761.8212176048944,1777.3675537109375,442412
2025-07-04,1771.9862230195176,1824.1064453125,814811
2025-07-07,1829.7866245336184,1853.7041015625,1098035
2025-07-08,1853.7042544594035,1824.2060546875,1474482
2025-07-09,1819.7214594207499,1812.5462646484375,1213272
2025-07-10,1815.6355657363154,1897.4532470703125,3420276
2025-07-11,2087.198735693878,2173.600830078125,15680321
2025-07-14,2162.6383099716613,2211.5693359375,3573890
2025-07-15,2197.5180078821545,2218.44580078125,1666264
2025-07-16,2212.3666813164327,2197.218994140625,1495509
2025-07-17,2213.3633486222284,2219.043701171875,3288766
2025-07-18,2217.249866094088,2217.847900390625,1272680
2025-07-21,2220.2395009627244,2177.287841796875,1650355
2025-07-22,2182.5697034461277,2150.480224609375,1543453
2025-07-23,2143.6040480450656,2131.446044921875,1424554
2025-07-24,2134.634761768183,2136.8271484375,744286
2025-07-25,2137.624566853254,2137.923583984375,1095311
2025-07-28,2139.6175243884472,2137.0263671875,1270504
2025-07-29,2132.641726008602,2150.579833984375,1066676
2025-07-30,2152.5729650093085,2146.195068359375,786091
2025-07-31,2113.7071527559942,2126.76220703125,994348
2025-08-01,2125.665703272686,2060.68994140625,1484724
2025-08-04,2060.6899401153664,2067.765380859375,702572
2025-08-05,2067.7656099748447,2045.54248046875,429624
2025-08-06,2032.9855201201176,2018.635009765625,891973
2025-08-07,2010.0644676573447,2055.70703125,487155
2025-08-08,2057.899682209799,2012.65576171875,297540
2025-08-11,2011.1608683169895,2042.253662109375,544574
2025-08-12,2042.2535028255004,2051.122802734375,385694
2025-08-13,2059.8928335410446,2022.322509765625,466373
2025-08-14,2032.28812072602,2037.56982421875,986277
2025-08-18,2002.9891316992387,1967.1129150390625,1730646
2025-08-19,1968.2091693384577,1939.109619140625,976629
2025-08-20,1942.2985615244527,1917.384521484375,1227980
2025-08-21,1917.3845250015834,1934.2264404296875,890032
2025-08-22,1934.2262689992663,1930.638671875,466930
2025-08-25,1934.226336539188,1949.3740234375,531826
2025-08-26,1949.7726593218806,1943.9925537109375,1148175
2025-08-28,1951.167905090823,1930.2401123046875,481992
2025-08-29,1929.343283299882,1917.284912109375,239914
2025-09-01,1911.5047679051775,1920.1749267578125,415464
2025-09-02,1920.274516979369,1912.202392578125,253254
2025-09-03,1931.3363433535046,1997.508056640625,1381575
2025-09-04,2018.0372925443914,1984.0545654296875,493159
2025-09-05,1984.0545883286607,2044.8447265625,977419
2025-09-08,2054.910096421214,2044.8447265625,842874
2025-09-09,2065.872030884717,2109.023193359375,1269358
2025-09-10,2104.738081287638,2123.572998046875,773741
2025-09-11,2125.1673327742246,2120.3837890625,737140
2025-09-12,2120.6827099208676,2125.167236328125,615392
2025-09-15,2122.1744265282655,2094.73681640625,546804
2025-09-16,2094.7365485215682,2072.28759765625,578050
2025-09-17,2080.169814337471,2037.766357421875,567155
2025-09-18,2045.249177368962,2103.616455078125,1114841
2025-09-19,2111.1991629999325,2080.468994140625,686651
2025-09-22,2089.2492406147485,2013.22216796875,710308
2025-09-23,2015.9159220163922,2012.224365234375,413502
2025-09-24,2012.2242985482158,2014.0201416015625,651958
2025-09-25,2026.9907559091089,2026.0927734375,1053509
2025-09-26,2007.4351786627255,1967.2265625,924467
2025-09-29,1967.4261927695773,1953.7572021484375,554275
2025-09-30,1961.4397781538414,1948.2696533203125,302233
2025-10-01,1948.2697517956335,1954.7550048828125,524801
2025-10-03,1957.2524420725354,1978.2315673828125,419687
2025-10-06,1952.6570041467435,1969.240478515625,346596
2025-10-07,1968.0417162516417,1960.6490478515625,349591
2025-10-08,1958.0517596334184,1927.38232421875,306722
2025-10-09,1934.075530092357,1933.6759033203125,596524
2025-10-10,1933.9756697862774,1937.372314453125,867422
2025-10-13,1933.0765583382124,1907.7017822265625,872789
2025-10-14,1926.1834172383737,1890.9185791015625,435764
2025-10-15,1890.1192522970832,1892.3170166015625,658841
2025-10-16,1891.5179260296966,1862.5467529296875,1132677
2025-10-17,1874.534780545841,1860.0491943359375,247430
2025-10-20,1856.1531564675456,1850.9583740234375,188567
2025-10-21,1850.958272982234,1853.5556640625,49883
2025-10-23,1867.1421097399327,1848.7603759765625,668287
2025-10-24,1862.546712229274,1816.9920654296875,536406
2025-10-27,1813.19583379743,1810.8980712890625,1249701
2025-10-28,1820.9881957796606,1813.2957763671875,339261
2025-10-29,1807.2018195118326,1841.4677734375,926177
2025-10-30,1850.6585374851416,1880.928466796875,854083
2025-10-31,1881.1282680693048,1889.320068359375,398054
2025-11-03,1887.222135242601,1896.512939453125,521647
2025-11-04,1906.0034920970652,1843.265869140625,707890
2025-11-06,1858.051260240437,1808.6004638671875,356061
2025-11-07,1799.6094047672225,1809.6993408203125,553200
2025-11-10,1818.7902503574614,1828.0810546875,582091
2025-11-11,1838.1710397612144,1815.49365234375,388962
2025-11-12,1815.193824568886,1845.9632568359375,1811699
2025-11-13,1860.2489804930835,1878.7305908203125,1708579
2025-11-14,1888.1212891825521,1893.7156982421875,1808669
2025-11-17,1853.255905497733,1867.042236328125,6171268
2025-11-18,1878.131235253757,1840.96826171875,2126546
2025-11-19,1833.675434490857,1838.97021484375,548782
2025-11-20,1843.1659822799147,1876.1331787109375,1275173
2025-11-21,1876.5328997487347,1842.3668212890625,943929
2025-11-24,1842.3667410727014,1840.568603515625,1430032
2025-11-25,1840.1690243354287,1879.6297607421875,1017631
2025-11-26,1878.1312625918958,1919.3902587890625,833315
2025-11-27,1922.7867627413368,1942.067626953125,1272760
2025-11-28,1947.5621493583185,1944.265380859375,687641
2025-12-01,1948.061696023602,1939.7698974609375,456233
2025-12-02,1949.8598920081374,1976.6331787109375,1261494
2025-12-03,1985.9240548858263,1963.9459228515625,1004563
2025-12-04,1958.1515578734604,1971.8380126953125,414550
2025-12-05,1962.047753917358,1966.2435302734375,420804
2025-12-08,1967.442408238328,1919.9896240234375,834134
2025-12-09,1910.0994612659595,1936.5731201171875,782469
2025-12-10,1934.0756242712418,1948.8609619140625,489071
2025-12-11,1943.0665984670563,1954.0556640625,385727
2025-12-12,1963.346434268363,1973.0367431640625,359560
2025-12-15,1973.0367818586396,1983.626220703125,299149
2025-12-16,1986.8231705417622,1964.5452880859375,497164
2025-12-17,1974.7350526247903,1946.4632568359375,283822
2025-12-18,1943.0665932826835,1955.154541015625,359363
2025-12-19,1958.0516840108723,1990.1197509765625,527847
2025-12-22,1995.9140821623173,2036.1739501953125,706599
2025-12-23,2038.9711741720926,2044.9652099609375,1403145
2025-12-24,2047.9622215914897,2018.0919189453125,579266
2025-12-26,2015.9941092239708,2008.6014404296875,206579
2025-12-29,2010.000033042868,2007.7022705078125,266984
2025-12-30,2002.607325243556,2027.7823486328125,2304769
2025-12-31,2028.8812274265808,2033.1768798828125,360664
2026-01-01,2031.9782086834878,2024.1859130859375,278356
2026-01-02,2023.8861491845,2062.44775390625,388479
2026-01-05,2069.4409160098526,2037.1729736328125,333641
2026-01-06,2029.480587785061,2072.537841796875,223376
2026-01-07,2073.936294446682,2110.99951171875,1278367
2026-01-08,2119.990667343095,2077.732666015625,412000
2026-01-09,2071.9383587478233,2005.2047119140625,469242
2026-01-12,2005.2046967575097,2015.4945068359375,349821
2026-01-13,2025.9841022895996,2006.2037353515625,831792
2026-01-14,2022.9871144297629,2009.30078125,519013
2026-01-15,2009.30078125,2009.30078125,0
2026-01-16,2019.9900574347332,1998.711181640625,362053
2026-01-19,1994.015931837922,1987.8221435546875,160656
2026-01-20,1978.3315569819558,1933.0765380859375,410874
2026-01-21,1925.0845044837606,1939.47021484375,467805
2026-01-22,1953.0567175284832,1995.2147216796875,723617
2026-01-23,1998.0119604962915,1965.7440185546875,424174
2026-01-27,1966.4433450002712,1997.712158203125,458666
2026-01-28,2009.500540360909,1991.5184326171875,232602
2026-01-29,2000.4095697030803,1983.626220703125,458197
2026-01-30,1976.7330236700113,2013.8961181640625,554016
2026-02-02,1933.1764278442215,1918.4910888671875,1487788
2026-02-03,1993.016939239566,1952.2574462890625,535670
2026-02-04,1952.2573890609997,1957.3524169921875,388216
2026-02-05,1953.2564473903178,1967.342529296875,401353
2026-02-06,1967.3425375817142,1932.8768310546875,490999
2026-02-09,1956.0536559112197,1972.4373779296875,399133
2026-02-10,1998.0119621424924,1956.0537109375,278908
2026-02-11,1957.95182049893,2013.19677734375,548543
2026-02-12,2017.9920744597107,2032.4776611328125,339344
2026-02-13,2031.9780987181944,1995.6142578125,865050
2026-02-16,1995.6143675587705,2028.481689453125,642831
2026-02-17,2026.8832539242471,2036.7734375,201758
2026-02-18,2035.9741801621246,2028.181884765625,352158
2026-02-19,2025.9841288615096,2014.6953125,360960
2026-02-20,2003.0069661093564,2041.1689453125,308348
2026-02-23,2041.168997607729,2037.1729736328125,294221
2026-02-24,2026.4835347993471,2056.5537109375,372423
2026-02-25,2067.942400376574,2082.927490234375,455454
2026-02-26,2077.9324623586376,2122.1884765625,516226
2026-02-27,2123.487108219573,2134.575927734375,616213
2026-03-02,2110.400139725748,2121.189453125,316016
2026-03-04,2104.2063823778867,2037.6724853515625,414944
2026-03-05,2040.170057774501,2106.8037109375,523392
2026-03-06,2092.317908237961,2122.2880859375,431504
2026-03-09,2097.9125147428604,2115.4951171875,304629
2026-03-10,2137.872881250893,2223.587646484375,1554898
2026-03-11,2240.77048814913,2270.44091796875,920351
2026-03-12,2270.9403315665063,2254.156982421875,996025
2026-03-13,2239.7714116236675,2168.542236328125,516548
2026-03-16,2170.34052899532,2173.237548828125,528614
2026-03-17,2177.73304919393,2143.766845703125,773805
2026-03-18,2143.766723157772,2184.126708984375,882940
2026-03-19,2171.838996387068,2095.4150390625,465494
2026-03-20,2111.9987086419846,2177.93310546875,596886
2026-03-23,2167.8430719224957,2086.923583984375,408786
2026-03-24,2100.9094913587355,2093.61669921875,540486
2026-03-25,2117.8926920610447,2166.344482421875,446774
2026-03-27,2166.344517291073,2168.342529296875,743776
2026-03-30,2167.3435305023463,2129.5810546875,1198064
2026-04-01,2177.8329455853786,2099.011474609375,1011784
2026-04-02,2082.927413858966,2089.720703125,970078
2026-04-06,2077.2331120518857,2102.707763671875,582698
2026-04-07,2097.912453977514,2111.99853515625,387544
2026-04-08,2162.8480483801686,2171.339599609375,544557
2026-04-09,2171.339376163385,2166.94384765625,612817
2026-04-10,2171.7388751270305,2161.049560546875,669385
2026-04-13,2151.259432518841,2190.920166015625,724078
2026-04-15,2228.682364583564,2256.155029296875,616653
2026-04-16,2264.746520385607,2247.263916015625,434249
2026-04-17,2247.263916015625,2247.263916015625,366026
2026-04-20,2247.264027853067,2228.482666015625,407547
2026-04-21,2219.6913089011073,2230.88037109375,254906
2026-04-22,2230.8803936668805,2237.7734375,323261
2026-04-23,2245.6654369676394,2332.678955078125,1703667
2026-04-24,2348.6631657782264,2297.21435546875,838461
2026-04-27,2309.7017429315147,2322.788818359375,462955
2026-04-28,2325.7858435938065,2401.310546875,1537658
2026-04-29,2416.295765865693,2411.50048828125,616900
2026-04-30,2397.71441466196,2403.908203125,792796
2026-05-01,2403.908203125,2403.908203125,0
2026-05-04,2431.8802968367495,2391.320556640625,451086
2026-05-05,2381.929885018865,2415.496337890625,917832
2026-05-06,2432.5796645325586,2375.23681640625,1108754
2026-05-07,2387.624288223458,2369.24267578125,426469
2026-05-08,2347.6640072284777,2364.047607421875,702435
2026-05-11,2354.1576031554705,2344.966796875,829523
2026-05-12,2338.5729494727493,2254.8564453125,759205
2026-05-13,2242.9682406389466,2275.336181640625,1014123
2026-05-14,2297.713698138895,2338.2734375,965814
2026-05-15,2343.568010047023,2323.587890625,257072
2026-05-18,2327.384162482036,2337.573974609375,429194
2026-05-19,2349.162475039489,2403.50830078125,855987
2026-05-20,2407.8041920631363,2376.63525390625,973567
2026-05-21,2392.619349873818,2390.621337890625,381349
2026-05-22,2387.6242765533584,2256.8544921875,1593969
2026-05-25,2265.845586703331,2334.677001953125,809409
2026-05-26,2315.695798733592,2349.0625,479694
2026-05-27,2319.6919174288914,2382.529296875,541843
2026-05-28,2382.529296875,2382.529296875,0
2026-05-29,2397.6144211358887,2272.638671875,1343564
2026-06-01,2286.5249862277037,2199.011962890625,2017198
2026-06-02,2216.494422898381,2182.428466796875,1215431
2026-06-03,2191.7189874098513,2171.8388671875,1090073
2026-06-04,2171.839079919272,2178.4326171875,571102
2026-06-05,2189.7210348850326,2164.046630859375,512882
2026-06-08,2145.864756525672,2174.33642578125,491134
2026-06-09,2174.3366116341135,2207.40380859375,561403
2026-06-10,2229.78133132471,2142.268310546875,1127230
2026-06-11,2142.468406364228,2142.368408203125,353598
2026-06-12,2169.641148277166,2171.63916015625,500898
2026-06-15,2183.826975783144,2154.456298828125,640588
2026-06-16,2162.8479507729535,2154.55615234375,325200
2026-06-17,2125.8847691953642,2134.476318359375,408436
2026-06-18,2142.8678328745214,2151.85888671875,320963
2026-06-19,2151.8588063006277,2211.399658203125,954063
2026-06-22,2211.3998170965137,2189.72119140625,354728
2026-06-23,2188.8222100765533,2177.233642578125,703100
2026-06-24,2171.5393293347247,2178.4326171875,264412
2026-06-25,2178.731958206065,2152.25830078125,348933
2026-06-26,2152.25830078125,2152.25830078125,0
2026-06-29,2167.742919143902,2184.426513671875,1414518
2026-06-30,2184.5262842610896,2202.10888671875,830485
2026-07-01,2194.216683605933,2159.7509765625,455357
2026-07-02,2172.7380148713596,2193.817138671875,526651
2026-07-03,2183.027842746445,2208.80224609375,632010
2026-07-06,2217.793271398509,2268.642578125,600450
2026-07-07,2275.735512766478,2262.6484375,770737
2026-07-08,2264.746508751657,2221.489501953125,337287
2026-07-09,2225.6853056158357,2264.9462890625,427091
2026-07-10,2281.629621197314,2280.630615234375,602305
2026-07-13,2283.6276131384866,2299.012451171875,720659
2026-07-14,2306.7048637479097,2302.808837890625,706821
2026-07-15,2313.697819482155,2295.1162109375,491365
2026-07-16,2310.7008629740003,2284.626708984375,158181
2026-07-17,2285.6256469741706,2233.27783203125,355968
2026-07-20,2232.7783988037927,2237.27392578125,914679
2026-07-21,2243.5676111257676,2239.871337890625,274753
2026-07-22,2227.5835595927356,2197.713134765625,942175
2026-07-23,2182.928083352057,2202.908203125,567718
2026-07-24,2179.83098541037,2189.821044921875,429562
2026-07-27,2215.7952702979137,2193.817138671875,593586
2026-07-28,2197.713062509498,2182.428466796875,490034
2026-07-29,2194.216524232697,2259.45166015625,593720
2026-07-30,2267.9432813706917,2188.122802734375,451791
2026-07-31,2205.0060314905368,2231.679443359375,371153
2026-08-03,2254.156861871882,2227.783203125,1307223
2026-08-04,2235.7754079617275,2222.788330078125,444946
2026-08-05,2220.790181072585,2256.75439453125,388492
2026-08-06,2267.74365234375,2267.74365234375,556267
2026-08-07,2272.6386963962523,2276.834716796875,437610
2026-08-10,2290.720757266445,2249.062255859375,257787
2026-08-11,2262.948235757086,2273.737548828125,284670
2026-08-12,2273.737549467795,2287.7236328125,464575
2026-08-13,2288.6226764044886,2317.69384765625,413167
2026-08-14,2317.693966175402,2316.095458984375,629081
2026-08-17,2327.3840698255854,2326.684814453125,305189
2026-08-18,2315.096316592295,2302.708740234375,379551
2026-08-19,2298.712669469348,2244.266845703125,833583
2026-08-20,2261.749637226837,2330.5810546875,552157
2026-08-21,2332.2795428536256,2315.595947265625,237421
2026-08-24,2312.798782516663,2388.323486328125,710023
2026-08-25,2389.322459724645,2397.6142578125,653245
2026-08-26,2389.821949528861,2435.876220703125,479931
2026-08-27,2452.5596576473577,2457.5546875,447011
2026-08-28,2457.554671968191,2512.5,807816
2026-08-31,2532.39990234375,2480.0,911026
2026-09-01,2480.0,2470.39990234375,679565
2026-09-02,2455.0,2460.0,516029
2026-09-03,2470.0,2459.0,481343
2026-09-04,2454.5,2437.199951171875,412728
2026-09-07,2420.199951171875,2451.89990234375,267568
2026-09-08,2469.89990234375,2474.5,447432
2026-09-09,2486.89990234375,2435.0,424753
2026-09-10,2445.89990234375,2415.0,262107
2026-09-11,2411.199951171875,2419.199951171875,346692
2026-09-14,2419.199951171875,2419.199951171875,0
2026-09-15,2420.800048828125,2371.699951171875,275789
2026-09-16,2371.699951171875,2410.0,677704
2026-09-17,2406.800048828125,2416.0,227416
2026-09-18,2409.800048828125,2447.39990234375,545520
2026-09-21,2425.0,2450.0,405696
2026-09-22,2460.39990234375,2461.39990234375,402273
