Date,Open,Close,Volume
2018-01-01,151.88813418544166,151.05197143554688,503063
2018-01-02,152.38003649587296,165.8079833984375,6715434
2018-01-03,169.20182618588595,171.41522216796875,6009460
2018-01-04,172.15302720076866,167.97216796875,2099816
2018-01-05,169.59532261940205,168.16891479492188,1828733
2018-01-08,167.92297315539903,181.15415954589844,6076378
2018-01-09,182.23626183543922,184.25291442871094,6224686
2018-01-10,184.35127991932845,180.7606658935547,1904978
2018-01-11,182.0887512624624,189.66348266601562,4407581
2018-01-12,190.35207721634416,185.67935180664062,2482254
2018-01-15,188.8764540295083,188.2862091064453,2889629
2018-01-16,189.6142618858886,181.20335388183594,2176166
2018-01-17,179.92451706321853,178.98997497558594,2324584
2018-01-18,180.17044088087727,172.9892120361328,1481605
2018-01-19,172.98920441737738,170.67742919921875,1264260
2018-01-22,172.44814165481048,183.51512145996094,2839705
2018-01-23,183.95779983067348,182.58058166503906,1386175
2018-01-24,181.94115575098283,178.8424072265625,1093287
2018-01-25,181.59686306857208,184.15455627441406,2242505
2018-01-29,188.87646582142926,181.54766845703125,4749541
2018-01-30,182.48220920799199,175.79283142089844,2036911
2018-01-31,175.5468802041386,173.5302276611328,1164944
2018-02-01,174.90745576257143,179.53099060058594,2360447
2018-02-02,173.62861285214723,156.21656799316406,3755498
2018-02-05,147.55972166608424,159.0201873779297,3238569
2018-02-06,143.82157662844688,144.75611877441406,3828121
2018-02-07,151.49466453748187,154.10154724121094,2626644
2018-02-08,155.08529368273435,158.72511291503906,1717943
2018-02-09,154.4458720353822,161.5779266357422,2038591
2018-02-12,162.31571567558794,166.10308837890625,1249764
2018-02-14,167.23436522249963,170.48068237304688,1899801
2018-02-15,171.61198234509524,165.36529541015625,1673354
2018-02-16,166.74248549721693,162.36488342285156,1110841
2018-02-19,163.20106080013315,159.1677703857422,1382145
2018-02-20,159.51204885172464,156.2657470703125,1033809
2018-02-21,157.20033592292063,154.83937072753906,1209408
2018-02-22,153.06863817238974,151.1995391845703,1104016
2018-02-23,151.29789835429904,157.83970642089844,1298391
2018-02-26,159.41370327724965,159.1677703857422,1041551
2018-02-27,160.05316053287746,157.6430206298828,867133
2018-02-28,155.82308533119485,157.6921844482422,1021988
2018-03-01,157.34786832899832,154.93772888183594,648718
2018-03-05,154.74099133368296,153.56051635742188,689345
2018-03-06,155.33120745299544,150.70767211914062,796689
2018-03-07,151.0027944212954,144.80528259277344,996252
2018-03-08,146.5267994003525,143.23130798339844,1139878
2018-03-09,144.510174346684,144.95286560058594,845776
2018-03-12,147.313815555057,145.59228515625,658768
2018-03-13,144.60853576660156,144.60853576660156,935711
2018-03-14,148.54348420238338,150.2650146484375,2499281
2018-03-15,154.1507428294589,154.64260864257812,2126679
2018-03-16,154.64261216459715,153.56051635742188,1244255
2018-03-19,154.83932805232848,149.13369750976562,1246319
2018-03-20,147.3629995902638,147.6089324951172,1070910
2018-03-21,149.0353403411562,147.6089324951172,654202
2018-03-22,147.70727583362893,148.9861297607422,1104486
2018-03-23,141.70652863300896,145.54307556152344,1108964
2018-03-26,146.0349456128571,148.93695068359375,1173172
2018-03-27,150.51090750382775,146.82191467285156,1045497
2018-03-28,145.5922634229845,143.77235412597656,755519
2018-04-02,146.0841351924734,148.93695068359375,1060224
2018-04-03,148.93694617402048,148.8877716064453,1081820
2018-04-04,150.0682427960286,140.72279357910156,2392779
2018-04-05,144.36260294386648,145.24795532226562,2145437
2018-04-06,145.0512119556134,144.60853576660156,808929
2018-04-09,145.88738921361008,146.67437744140625,1180042
2018-04-10,147.55973081016438,146.5268096923828,718566
2018-04-11,147.3138014154402,146.08413696289062,617894
2018-04-12,145.5922704974491,143.52642822265625,770594
2018-04-13,143.62479199723,142.88699340820312,1244423
2018-04-16,142.44431950198788,145.9365692138672,999413
2018-04-17,146.57600495230685,145.14959716796875,1264514
2018-04-18,146.08412469347252,144.3625946044922,674309
2018-04-19,144.7069078581529,144.2150421142578,488997
2018-04-20,143.6247959949292,144.3625946044922,548243
2018-04-23,144.60855125980694,145.8874053955078,623048
2018-04-24,147.55972114664763,149.13369750976562,3138950
2018-04-25,149.527204608175,146.47763061523438,1051776
2018-04-26,146.57602047919613,147.70730590820312,1521993
2018-04-27,148.3467247927674,145.14959716796875,845089
2018-04-30,146.18251353533844,145.10040283203125,848329
2018-05-02,145.5922762860889,142.1492156982422,708084
2018-05-03,141.65733864999217,139.64068603515625,622335
2018-05-04,139.6898911145017,133.09889221191406,1613548
2018-05-07,133.78748896445722,119.1790771484375,2850689
2018-05-08,121.98273805104539,137.27976989746094,6246495
2018-05-09,136.24683042002133,133.73831176757812,1427403
2018-05-10,134.18097668248464,130.59036254882812,1731809
2018-05-11,131.77085891583255,133.04971313476562,685035
2018-05-14,133.04970714905434,132.50865173339844,780467
2018-05-15,132.803750189947,130.9838409423828,719579
2018-05-16,130.63956190992096,132.60702514648438,989161
2018-05-17,133.63993458431082,133.44317626953125,1115539
2018-05-18,133.39398523613127,130.24603271484375,534323
2018-05-21,130.2460497715506,128.03265380859375,1158128
2018-05-22,128.0818522246842,131.47572326660156,583034
2018-05-23,130.1476710802288,133.93502807617188,1041085
2018-05-24,138.11591220153232,134.6728515625,549084
2018-05-25,134.6728596359303,133.00051879882812,747324
2018-05-28,133.5907384648585,138.31265258789062,1085173
2018-05-29,138.21429063012235,136.09927368164062,1343740
2018-05-30,137.23053982428146,135.90249633789062,1511398
2018-05-31,136.54195988286,132.21353149414062,486273
2018-06-01,130.83629290518866,125.62251281738281,1042973
2018-06-04,125.4257585715007,119.37580871582031,609441
2018-06-05,113.42424774169922,113.42424774169922,347977
2018-06-06,107.76779975762585,116.22789001464844,2748110
2018-06-07,117.65429607127821,122.03190612792969,513494
2018-06-08,123.95016836799724,128.1310272216797,478730
2018-06-11,131.7216387870924,124.44203186035156,928304
2018-06-12,126.9013689032024,129.31150817871094,656147
2018-06-13,129.85255498471466,135.75494384765625,778011
2018-06-14,139.64069931991455,141.2146759033203,1130771
2018-06-15,141.46061791301705,139.394775390625,494027
2018-06-18,137.23054893980634,138.70614624023438,571616
2018-06-19,135.80412221910206,133.88584899902344,358350
2018-06-20,133.98422970982764,134.3777313232422,301878
2018-06-21,135.45983913146836,136.09927368164062,331672
2018-06-22,133.98421764974003,133.93502807617188,299557
2018-06-25,136.7387069798128,133.6891326904297,395699
2018-06-26,133.2956483447747,132.7545928955078,515849
2018-06-27,132.0659686315935,126.2127685546875,525881
2018-06-28,123.01563315764403,120.31037139892578,586795
2018-06-29,122.08107176506809,123.85179138183594,580591
2018-07-02,124.78634186098002,120.75304412841797,647472
2018-07-03,120.4579239752935,122.76969909667969,212632
2018-07-04,122.81888386765758,127.34404754638672,1432070
2018-07-05,127.19649729532345,123.95018005371094,608852
2018-07-06,123.90098887642783,124.4912338256836,380517
2018-07-09,125.62251852636466,124.88471984863281,298699
2018-07-10,125.62252344690503,125.5733413696289,305571
2018-07-11,124.93390068977291,125.03227233886719,242425
2018-07-12,125.32739479142577,125.03227233886719,432650
2018-07-13,125.32739271327239,121.98270416259766,292293
2018-07-16,122.47458267211914,118.04779052734375,392262
2018-07-17,117.65429855811703,120.06444549560547,362969
2018-07-18,120.50712498418297,118.98233795166016,456255
2018-07-19,119.03152357295616,116.22789001464844,395098
2018-07-20,115.78519881410008,112.24376678466797,294503
2018-07-23,112.14539978793475,117.55592346191406,735272
2018-07-24,119.72013398966241,123.2615737915039,730841
2018-07-25,123.45832085333693,124.73717498779297,322627
2018-07-26,125.03228549405962,125.96683502197266,218847
2018-07-27,124.73715784421714,128.62289428710938,379215
2018-07-30,129.65581446634968,129.40988159179688,208924
2018-07-31,128.86883253805692,135.85333251953125,435213
2018-08-01,138.0667308111551,136.1976318359375,682512
2018-08-02,152.33082370058426,142.5918731689453,2415859
2018-08-03,143.0837602354282,142.4935302734375,678141
2018-08-06,143.47725018250577,138.70614624023438,423475
2018-08-07,139.39474516307394,136.68948364257812,427240
2018-08-08,136.6895014421277,137.67323303222656,475421
2018-08-09,137.7224151349258,140.62442016601562,664749
2018-08-10,140.52604272203595,139.05044555664062,347722
2018-08-13,137.7224283705619,136.93544006347656,350860
2018-08-14,138.01753956681586,134.42691040039062,646475
2018-08-16,133.73830665949575,131.1314239501953,482872
2018-08-17,131.22977063041736,131.42652893066406,397260
2018-08-20,132.21351189657065,128.81964111328125,656328
2018-08-21,129.26230130457893,130.24603271484375,435629
2018-08-23,131.328968946098,130.4429473876953,512078
2018-08-24,130.34450317949515,128.6708984375,432951
2018-08-27,129.01545733539737,130.9351806640625,289240
2018-08-28,130.93519476502928,128.27711486816406,217589
2018-08-29,126.99729562558842,126.70195007324219,265557
2018-08-30,126.70195012062024,124.7822265625,250204
2018-08-31,124.53609481784426,126.45581817626953,355445
2018-09-03,126.50505747686962,125.37290954589844,425005
2018-09-04,125.0283484616247,119.9090805053711,830442
2018-09-05,119.12149848901927,118.72770690917969,516135
2018-09-06,118.77691752959657,119.71216583251953,626557
2018-09-07,122.074931368179,126.20972442626953,2329840
2018-09-10,126.01281690759178,126.60350799560547,841405
2018-09-11,127.34186546040995,119.46605682373047,792935
2018-09-12,119.85985349436275,120.10597229003906,2132664
2018-09-14,122.07492342593059,119.31838989257812,1103138
2018-09-17,119.31839509664026,123.40396881103516,1751136
2018-09-18,123.5516263352227,119.36760711669922,1990629
2018-09-19,120.15520348134555,121.3365707397461,1824787
2018-09-21,121.48423602197221,115.38048553466797,3856534
2018-09-24,116.5618625750022,111.294921875,1056288
2018-09-25,111.2456890613265,113.5592041015625,809329
2018-09-26,114.00223048395368,118.72770690917969,1017253
2018-09-27,119.36762076998423,117.30022430419922,486320
2018-09-28,117.30022137260946,112.77163696289062,1284523
2018-10-01,113.6576548494885,110.75345611572266,939494
2018-10-03,111.59026097798353,113.9530029296875,567331
2018-10-04,113.21464109998732,111.78715515136719,387164
2018-10-05,111.24569908348289,109.27674865722656,502340
2018-10-08,109.37519550397938,112.13172912597656,917548
2018-10-09,110.85190302160878,115.52816009521484,472191
2018-10-10,115.52815743063724,118.2846908569336,730199
2018-10-11,113.21464464218207,114.00222778320312,455755
2018-10-12,114.74057570833946,118.82614135742188,401527
2018-10-15,119.12149268563428,124.63455200195312,1468333
2018-10-16,128.67089241701476,127.09574127197266,736155
2018-10-17,128.1294348862,124.04386901855469,462061
2018-10-19,123.05939209551632,121.97647094726562,599690
2018-10-22,123.94541652962687,122.86249542236328,453017
2018-10-23,121.58268282812448,122.27181243896484,547589
2018-10-24,123.05939761644568,122.22259521484375,219495
2018-10-25,121.09043636742597,121.7303466796875,281217
2018-10-26,121.68112982805576,121.28733825683594,345676
2018-10-29,121.09044407959588,121.53345489501953,388749
2018-10-30,122.02569150349827,122.51792907714844,598314
2018-10-31,122.4687073293824,123.1578369140625,287703
2018-11-01,123.45318388352601,125.61902618408203,444705
2018-11-02,126.30815496111023,128.52322387695312,427861
2018-11-05,128.17863768972953,129.26156616210938,251604
2018-11-06,130.0491670711415,134.57774353027344,817479
2018-11-07,136.4974631357215,138.90943908691406,479273
2018-11-09,138.90946199662747,138.71255493164062,531099
2018-11-12,138.02340250630326,138.90943908691406,936504
2018-11-13,137.33426098477324,128.03097534179688,977775
2018-11-14,128.9662318569622,129.36001586914062,848016
2018-11-15,129.36002013517808,128.86778259277344,958232
2018-11-16,129.65537717475607,128.96624755859375,599725
2018-11-19,130.54144111951317,136.6944122314453,1137163
2018-11-20,141.7644096042799,135.85755920410156,940924
2018-11-21,136.25135539300217,137.08816528320312,398614
2018-11-22,136.7436076192715,135.95603942871094,340191
2018-11-26,134.67622502929493,136.94052124023438,417483
2018-11-27,137.82651049568892,138.90943908691406,653217
2018-11-28,137.28507452927326,133.59329223632812,329229
2018-11-29,132.90412053536616,129.26156616210938,386721
2018-11-30,129.6553778464683,130.098388671875,1932560
2018-12-03,130.098369608054,130.1968231201172,309578
2018-12-04,131.37820386917875,129.85226440429688,276116
2018-12-05,129.01547358114,129.7538299560547,288457
2018-12-06,128.96624039568007,128.37554931640625,283308
2018-12-07,127.63719653094756,128.6708984375,277452
2018-12-10,127.39107439916972,126.2589340209961,258050
2018-12-11,123.10863655324097,130.1476287841797,232918
2018-12-12,132.36269816030872,130.1476287841797,341242
2018-12-13,131.32900128674362,130.7875518798828,282667
2018-12-14,132.4119249069658,133.59329223632812,1632739
2018-12-17,133.83939268221704,130.9844207763672,229102
2018-12-18,130.9352084600149,131.7720184326172,338992
2018-12-19,132.90415664685793,135.6606903076172,2039878
2018-12-20,136.25136263629616,131.919677734375,820030
2018-12-21,131.72279523818725,130.1476287841797,785512
2018-12-24,130.88598524288938,130.1476287841797,386641
2018-12-26,129.95070479747415,129.80303955078125,299716
2018-12-27,130.44293545503376,128.8185577392578,437102
2018-12-28,129.7538422016584,129.06471252441406,513191
2018-12-31,129.9507069093054,129.36001586914062,510994
2019-01-01,130.14759891539464,129.36001586914062,391470
2019-01-02,129.40924689379807,128.86778259277344,462069
2019-01-03,128.17863768972953,129.26156616210938,233021
2019-01-04,128.9662639324482,127.9817886352539,221591
2019-01-07,129.95071768396994,128.3263397216797,207634
2019-01-08,128.86779242061664,126.70195007324219,162229
2019-01-09,126.70194958362528,127.29264068603516,303918
2019-01-10,127.6864225863816,127.53875732421875,238593
2019-01-11,129.85226802526833,128.22789001464844,249699
2019-01-14,128.76933947917038,127.83409118652344,137440
2019-01-15,127.83408490204289,130.68905639648438,307809
2019-01-16,131.32897073664316,132.70724487304688,741612
2019-01-17,132.90414944093186,129.70460510253906,176332
2019-01-18,129.85224445553553,128.8185577392578,156323
2019-01-21,128.81855833748665,128.03097534179688,546798
2019-01-22,127.9817815247627,127.58799743652344,121641
2019-01-23,127.78489658019524,127.9817886352539,120767
2019-01-24,128.0309991493807,128.96624755859375,346327
2019-01-25,128.9662443998146,114.64212799072266,2162432
2019-01-28,112.23016086696495,113.06696319580078,626732
2019-01-29,110.75345980211662,112.77163696289062,579386
2019-01-30,113.21466021857223,113.60845184326172,436326
2019-01-31,114.14988946305296,115.62660217285156,496785
2019-02-01,116.16807517273264,116.5618667602539,262786
2019-02-04,115.18360323862508,113.41154479980469,360008
2019-02-05,113.75610843494884,108.83373260498047,261851
2019-02-06,108.88295542326873,112.77163696289062,364693
2019-02-07,112.96852899815896,112.77163696289062,181073
2019-02-08,113.95299439678038,110.901123046875,255404
2019-02-11,110.90112519184645,110.6550064086914,257287
2019-02-12,112.67318962312544,108.78451538085938,345729
2019-02-14,106.61866544469238,106.86478424072266,228346
2019-02-15,106.37255002310552,101.79473876953125,329715
2019-02-18,100.9087041111115,93.86970520019531,976735
2019-02-19,93.86971459885223,94.01738739013672,403282
2019-02-20,89.68568892132882,96.28167724609375,357771
2019-02-21,96.33089638308722,98.20140075683594,451839
2019-02-22,98.00450729201954,103.41912078857422,682925
2019-02-25,104.25592076476349,109.62130737304688,427780
2019-02-26,107.30779345930597,108.43994140625,685556
2019-02-27,110.26121162438352,109.96586608886719,399433
2019-02-28,112.87007838787095,115.38048553466797,922013
2019-03-01,117.74321813896944,119.07225799560547,657979
2019-03-05,119.90907525146466,121.38578796386719,488605
2019-03-06,120.10596525005656,119.5152816772461,374293
2019-03-07,121.8780267857024,118.0877914428711,385152
2019-03-08,117.15254211425781,117.15254211425781,174251
2019-03-11,117.6940057203702,121.77957153320312,467190
2019-03-12,122.41948724665025,122.22259521484375,457303
2019-03-13,122.07492601044324,120.59821319580078,193316
2019-03-14,120.59820988139168,120.10597229003906,232089
2019-03-15,120.35209033673063,115.13436889648438,484883
2019-03-18,116.5618515105903,114.44522857666016,280530
2019-03-19,114.69135544286044,115.97117614746094,557693
2019-03-20,116.51262878942683,116.26651000976562,262126
2019-03-22,116.26651119298545,115.08514404296875,463402
2019-03-25,114.19911659431777,113.3130874633789,124882
2019-03-26,112.62396116724364,113.80532836914062,163536
2019-03-27,114.14989636567299,112.57473754882812,386590
2019-03-28,112.52551666760921,114.14989471435547,265760
2019-04-01,114.24835396336857,114.19912719726562,247801
2019-04-02,115.03592275352082,115.33126831054688,217956
2019-04-03,116.02039637921615,114.98670196533203,141116
2019-04-04,114.29756864345894,114.88825225830078,150950
2019-04-05,115.13435813145192,114.44522857666016,188602
2019-04-08,114.8882652348144,113.60845184326172,120669
2019-04-09,113.60842648358141,114.24833679199219,147986
2019-04-10,114.6913609810683,116.02040100097656,777216
2019-04-11,116.95564304659224,114.44522857666016,287734
2019-04-12,113.41152495176614,114.29755401611328,233446
2019-04-15,114.29757038526441,116.95565795898438,262788
2019-04-16,117.89090068984619,114.98670196533203,221073
2019-04-18,116.16806614599396,114.10066986083984,178443
2019-04-22,113.21463775634766,113.21463775634766,267421
2019-04-23,112.27938248071968,112.42704772949219,108524
2019-04-24,112.27938975150866,112.82084655761719,169604
2019-04-25,113.11619508817718,111.78715515136719,121617
2019-04-26,111.63948668510302,111.294921875,85925
2019-04-30,110.26121859129151,108.83373260498047,223293
2019-05-02,108.83373192276214,107.50468444824219,196550
2019-05-03,108.29226937547038,107.65235900878906,120101
2019-05-06,107.6523620602173,106.61866760253906,166370
2019-05-07,107.20935480519049,103.27145385742188,253926
2019-05-08,102.77920938633743,102.4838638305664,296607
2019-05-09,102.48387141110346,100.76103973388672,286151
2019-05-10,100.7610323005974,98.6444091796875,234553
2019-05-13,99.28432662430959,97.51227569580078,256680
2019-05-14,97.5122678230085,97.70915985107422,194493
2019-05-15,99.13665349024613,103.07455444335938,366114
2019-05-16,104.30513836860085,101.59783172607422,313012
2019-05-17,101.20405583564944,99.2843246459961,783857
2019-05-20,102.2869783650889,103.46834564208984,296873
2019-05-21,104.3543671961095,97.70915985107422,487733
2019-05-22,98.4475152450904,98.69363403320312,335443
2019-05-23,102.38540702160495,99.6781005859375,638544
2019-05-24,100.41646749276312,98.6444091796875,799353
2019-05-27,99.43197906488237,100.71179962158203,653817
2019-05-28,104.94504518701311,103.22221374511719,1443572
2019-05-29,102.38541944550306,100.90870666503906,563319
2019-05-30,101.40093253760037,101.20404052734375,218024
2019-05-31,101.84394122224465,99.13663482666016,496194
2019-06-03,99.43197595067771,102.1392822265625,627873
2019-06-04,102.04084921164295,104.50203704833984,432782
2019-06-06,104.7481632126621,106.61866760253906,889160
2019-06-07,107.20935673744168,108.5876235961914,567910
2019-06-10,109.96586427797101,111.934814453125,621790
2019-06-11,112.62395321136812,112.27938842773438,438974
2019-06-12,111.78716973468632,112.37785339355469,439938
2019-06-13,111.5410330895791,109.17829132080078,285942
2019-06-14,108.2922580991308,109.47362518310547,362155
2019-06-17,109.07985159046682,102.87765502929688,617202
2019-06-18,102.87763547513002,105.88028717041016,429614
2019-06-19,108.2922688948191,104.40359497070312,370317
2019-06-20,104.05902758913548,105.04350280761719,334384
2019-06-21,105.33885041443743,104.9942855834961,230886
2019-06-24,104.05902402729728,103.02532958984375,254254
2019-06-25,102.87764954052383,102.63153076171875,402453
2019-06-26,102.53309137870463,103.61601257324219,334920
2019-06-27,103.71446445071086,103.46834564208984,173335
2019-06-28,103.96056420651564,103.36988067626953,168124
2019-07-01,103.81290398526289,104.20669555664062,172738
2019-07-02,105.043504919916,103.07455444335938,174197
2019-07-03,103.3699005399095,102.68077087402344,111468
2019-07-04,103.07455332007636,102.33619689941406,182216
2019-07-05,102.82842951034092,101.6962890625,375955
2019-07-08,101.69629214457989,98.74286651611328,213164
2019-07-09,97.46303868156711,98.15216827392578,191190
2019-07-10,98.39828523227418,96.08477020263672,264383
2019-07-11,96.42933753083436,93.52513885498047,325057
2019-07-12,95.78942493147531,93.57435607910156,685762
2019-07-15,94.90340679855117,92.3437728881836,203003
2019-07-16,92.44221687575995,90.4732666015625,230600
2019-07-17,90.42403984032788,90.4732666015625,231752
2019-07-18,91.94998382575223,89.78413391113281,316521
2019-07-19,89.5872377297604,86.24002075195312,292292
2019-07-22,86.53537559221131,81.21920776367188,623622
2019-07-23,81.56376242994224,81.8591079711914,320012
2019-07-24,81.95756114575259,78.61034393310547,426275
2019-07-25,79.250250064289,81.02230834960938,613287
2019-07-26,81.02230632372687,81.07152557373047,366553
2019-07-29,83.87728100055058,82.15444946289062,455992
2019-07-30,82.15444114124959,80.82540130615234,278939
2019-07-31,80.62851234720682,79.59481048583984,229208
2019-08-01,80.13628164231379,74.82011413574219,611877
2019-08-02,74.82011095532947,70.2915267944336,800186
2019-08-05,70.38996819753146,64.82768249511719,802776
2019-08-06,64.33545198879627,72.900390625,877813
2019-08-07,73.44184175558489,74.77088165283203,623227
2019-08-08,73.44185193858262,75.85382080078125,288978
2019-08-09,76.00148571472486,81.41609954833984,804043
2019-08-13,82.1052251862621,81.51454162597656,800376
2019-08-14,79.7424906535321,81.71144104003906,280553
2019-08-16,79.44714796826312,80.67774200439453,213351
2019-08-19,81.71143979727918,82.89280700683594,259718
2019-08-20,83.68038960100154,81.56376647949219,232766
2019-08-21,81.56376955997943,78.61034393310547,514302
2019-08-22,76.83829101723887,75.01700592041016,304396
2019-08-23,74.32787251692216,75.1154556274414,155696
2019-08-26,78.75801338831369,78.11810302734375,162755
2019-08-27,79.00413549543029,80.53007507324219,216477
2019-08-28,80.72696334217036,78.51189422607422,175813
2019-08-29,78.75800777377437,75.95225524902344,212047
2019-08-30,76.29682897017702,76.49372100830078,110159
2019-09-03,76.0507164583112,79.39793395996094,224756
2019-09-04,80.3331732715571,75.21390533447266,238670
2019-09-05,75.7061346691204,73.68795776367188,333492
2019-09-06,74.37709852732551,71.86668395996094,783979
2019-09-09,72.11281013959083,72.06358337402344,786885
2019-09-11,72.65427059872675,74.08175659179688,773447
2019-09-12,74.67243920865957,75.06623077392578,537386
2019-09-13,75.36158226947867,76.64139556884766,1210708
2019-09-16,75.70614491840963,82.44979858398438,2967887
2019-09-17,80.9211190283106,76.4830322265625,1139450
2019-09-18,76.92683639579825,75.54609680175781,443238
2019-09-19,75.8419732842113,73.52430725097656,289147
2019-09-20,74.70779843271242,79.58969116210938,823266
2019-09-23,81.71011610784464,82.1046142578125,807395
2019-09-24,87.28238287679396,86.246826171875,2322128
2019-09-25,86.54269763796488,83.14016723632812,490890
2019-09-26,83.63329195657212,85.35921478271484,1230083
2019-09-27,86.24682998469112,82.54842376708984,1983833
2019-09-30,82.84429140444155,79.88556671142578,440483
2019-10-01,79.88556781464558,77.56790161132812,427819
2019-10-03,76.43372470019665,75.59542083740234,270539
2019-10-04,76.0885441566986,74.21468353271484,299669
2019-10-07,73.96812562831064,73.42568969726562,274032
2019-10-09,73.47499605358692,74.26399230957031,277039
2019-10-10,75.9405909044137,74.80641174316406,483278
2019-10-11,74.95435442430157,73.52430725097656,293175
2019-10-14,74.65848019702182,73.57361602783203,203398
2019-10-15,74.16537379430015,69.677978515625,551506
2019-10-16,71.74907336532183,74.8557357788086,1764449
2019-10-17,74.95435820162503,73.08049774169922,461949
2019-10-18,73.0804954081911,74.46123504638672,470441
2019-10-22,74.75710812261002,75.54609680175781,924770
2019-10-23,75.00366296263816,73.27774047851562,375560
2019-10-24,73.86949655205073,73.17912292480469,228380
2019-10-25,73.62293368008193,73.37637329101562,294392
2019-10-27,73.9681117623304,74.36260986328125,77932
2019-10-29,74.46123249497336,74.65847778320312,372453
2019-10-30,74.90503438231076,74.80641174316406,411522
2019-10-31,75.447473997577,74.36260986328125,624757
2019-11-01,74.75711437684193,74.60917663574219,469190
2019-11-04,75.10230251506785,74.21468353271484,501142
2019-11-05,74.95436079552172,73.17912292480469,350769
2019-11-06,72.93256250687897,72.5873794555664,324848
2019-11-07,72.1435699977099,72.73531341552734,535773
2019-11-08,72.68600200319685,71.10801696777344,364495
2019-11-11,71.00939431388937,71.10801696777344,312659
2019-11-13,71.15733304442506,65.83162689208984,973884
2019-11-14,64.35226951035081,63.36602783203125,734817
2019-11-15,64.00708514339446,63.612586975097656,346336
2019-11-18,64.10570131625593,62.922210693359375,292779
2019-11-19,63.119457074518785,61.78803253173828,286408
2019-11-20,61.935971468312935,60.21004867553711,543307
2019-11-21,60.35798306232562,64.2043228149414,1305177
2019-11-22,65.09194418365894,62.97152328491211,797574
2019-11-25,62.97152367294536,68.1492919921875,5668702
2019-11-26,67.95204086896477,71.1573257446289,3914342
2019-11-27,70.61488933634716,67.60685729980469,1838972
2019-11-28,67.60685835914805,66.76854705810547,709132
2019-11-29,66.76854601189774,67.60685729980469,829305
2019-12-02,67.55754263569989,62.62633514404297,1045292
2019-12-03,62.82359044955938,60.65385818481445,705918
2019-12-04,60.65385443595714,61.09766387939453,590632
2019-12-05,61.146982850148795,60.06211853027344,520309
2019-12-06,60.11142856924013,60.16073989868164,418219
2019-12-09,60.999042440234156,58.63206481933594,449862
2019-12-10,59.125185592156775,57.59651184082031,488149
2019-12-11,57.9910074670074,56.16646194458008,582746
2019-12-12,56.8568224577152,54.1939697265625,917528
2019-12-13,56.117146851778685,57.054073333740234,1049316
2019-12-16,57.596507757092766,55.52539825439453,562804
2019-12-17,55.673341081531554,55.57471466064453,370291
2019-12-18,55.476093271998316,57.54719924926758,1333676
2019-12-19,58.681376112810526,57.59651184082031,3858462
2019-12-20,57.39925744674997,56.06782913208008,559422
2019-12-23,55.87058634412457,55.42677688598633,436572
2019-12-24,55.42677686929927,55.13090515136719,345474
2019-12-26,55.032281289983416,55.67333984375,606113
2019-12-27,56.01852290661229,55.96921157836914,695424
2019-12-30,56.018520786457316,61.1962890625,4056196
2019-12-31,60.75248209883555,59.815555572509766,2788198
2020-01-01,59.963490818702326,60.16073989868164,933347
2020-01-02,60.55523430910443,61.49216079711914,1308802
2020-01-03,61.492161086865174,65.19056701660156,5423911
2020-01-06,65.0919427547416,61.59078598022461,1582797
2020-01-07,62.429090075526446,64.2536392211914,1625322
2020-01-08,64.50019858062302,66.57130432128906,6388145
2020-01-09,67.80410366898028,66.4726791381836,1642119
2020-01-10,66.17681756200844,66.42337799072266,1771448
2020-01-13,67.40961461044046,67.70549011230469,1317491
2020-01-14,68.79034801549687,68.64241027832031,2654503
2020-01-15,68.64242289450203,69.72728729248047,2033169
2020-01-16,70.4176559661736,69.82591247558594,1249603
2020-01-17,70.66421252436406,71.45320129394531,2845976
2020-01-20,71.89700368633085,68.39584350585938,1247549
2020-01-21,67.85343042142902,67.21237182617188,879954
2020-01-22,67.60685597696974,67.55754089355469,603029
2020-01-23,67.70549517083315,68.19861602783203,647798
2020-01-24,68.64241412221487,68.79035186767578,1020106
2020-01-27,68.00136193653401,67.85343170166016,726678
2020-01-28,68.93828036745136,66.9657974243164,790235
2020-01-29,67.06441997445683,66.37405395507812,598969
2020-01-30,67.60686996538364,66.91649627685547,823346
2020-01-31,67.31099587595301,64.89470672607422,502639
2020-02-03,60.55523547455888,59.61830520629883,619007
2020-02-04,62.13321944803808,62.97152328491211,816325
2020-02-05,63.316706359410595,63.56326675415039,488070
2020-02-06,63.90845467523147,62.28115463256836,689077
2020-02-07,62.37977841592604,61.146976470947266,424796
2020-02-10,61.492162166126846,62.577030181884766,847272
2020-02-11,62.774277793011294,60.752479553222656,443402
2020-02-12,60.90041322155492,58.829307556152344,613387
2020-02-13,59.322435963516455,57.94169616699219,576210
2020-02-14,54.24329248488758,54.48985290527344,1457588
2020-02-17,54.24328719877306,51.18593978881836,808002
2020-02-18,51.28456367128248,50.49557113647461,829778
2020-02-19,50.98868581984298,52.172176361083984,608058
2020-02-20,51.92561614359236,53.35566329956055,627545
2020-02-24,52.22149395233508,50.49557113647461,463094
2020-02-25,50.840750623007345,52.7146110534668,1415196
2020-02-26,51.8763061278934,55.03227996826172,2679291
2020-02-27,55.525402024433525,53.89810562133789,693860
2020-02-28,51.23525223045387,48.5723991394043,1083852
2020-03-02,50.298317971806156,48.27652359008789,645165
2020-03-03,50.24900520363558,47.48752975463867,790745
2020-03-04,48.22721206563919,46.79716110229492,807365
2020-03-05,47.586156162273035,46.74785232543945,510660
2020-03-06,44.38087334793605,43.887752532958984,695072
2020-03-09,42.4083899487742,39.74553680419922,1357322
2020-03-11,40.33728152167174,40.090721130371094,680022
2020-03-12,36.490936747357885,40.1893424987793,1703122
2020-03-13,36.09644201082851,39.005855560302734,1029765
2020-03-16,38.463424703530315,38.61136245727539,614902
2020-03-17,38.61135716138898,37.23061752319336,480664
2020-03-18,37.970306600235894,34.863643646240234,614120
2020-03-19,34.32120632253407,33.039093017578125,857331
2020-03-20,33.384273681777074,34.27189254760742,717379
2020-03-23,32.54597264270273,29.883119583129883,649933
2020-03-24,32.447346887440496,27.8613224029541,591527
2020-03-25,26.875080333231562,28.058570861816406,519217
2020-03-26,29.094128298190757,29.192752838134766,798417
2020-03-27,34.22258558005336,30.08036994934082,925889
2020-03-30,29.537935807057227,28.74894142150879,483635
2020-03-31,29.29137545660928,29.044815063476562,477717
2020-04-01,31.559729589814726,34.46914291381836,2571510
2020-04-03,37.378558081759955,41.323524475097656,5053043
2020-04-07,45.416419982910156,45.416419982910156,354803
2020-04-08,49.95314025878906,49.95314025878906,2765673
2020-04-09,53.257046969431755,52.27080535888672,1976637
2020-04-13,53.257043844355586,47.290283203125,1556374
2020-04-15,46.945101451893066,45.56436538696289,1574475
2020-04-16,48.32583356251698,47.78340148925781,954110
2020-04-17,49.3120816317003,48.02996826171875,717652
2020-04-20,48.62171057016308,50.19969940185547,2668034
2020-04-21,49.06551724549426,47.290283203125,555556
2020-04-22,47.24097309505724,46.89578628540039,417415
2020-04-23,48.52309034135967,47.63547134399414,490612
2020-04-24,46.40266419986068,46.254730224609375,365670
2020-04-27,47.09303433219969,49.36138916015625,1100959
2020-04-28,53.25704953889162,51.6297492980957,2460351
2020-04-29,51.876308406231495,50.10107421875,625030
2020-04-30,50.791445403370155,49.11483383178711,1268272
2020-05-04,47.33959578124879,47.043724060058594,557546
2020-05-05,47.83272175253505,45.909549713134766,374492
2020-05-06,46.64922457212086,46.40266418457031,343280
2020-05-07,46.25473014229189,45.51504898071289,278851
2020-05-08,46.205412424567115,45.416419982910156,370443
2020-05-11,45.36711630294151,44.824684143066406,287780
2020-05-12,44.57811722023261,43.69049835205078,322293
2020-05-13,45.761613259103186,48.02996826171875,1834191
2020-05-14,48.22721467314017,46.89578628540039,776229
2020-05-15,47.240975626630565,45.07124328613281,457024
2020-05-18,45.31780230599543,43.394630432128906,348737
2020-05-19,44.084995048812424,42.90150451660156,246062
2020-05-20,42.90150708879743,43.148067474365234,340306
2020-05-21,43.394628167214975,45.81092071533203,659159
2020-05-22,47.24097438615069,46.50129318237305,1586949
2020-05-26,46.74784821458988,45.120548248291016,284615
2020-05-27,45.07123716808357,46.599910736083984,998297
2020-05-28,46.89578491462723,45.81092071533203,457393
2020-05-29,45.61367137053292,43.29600524902344,1336805
2020-06-01,43.8877460847451,43.493247985839844,1309663
2020-06-02,43.83844249505818,43.78913116455078,1679071
2020-06-03,44.282250689825936,43.887752532958984,1253397
2020-06-04,44.72604997371204,44.23292922973633,1278918
2020-06-05,46.353355378511615,46.20541763305664,2523773
2020-06-08,47.33959318847024,46.79716110229492,1712253
2020-06-09,47.04371995062547,45.416419982910156,1019663
2020-06-10,45.465734113725546,47.88202667236328,2780912
2020-06-11,47.98065818139224,46.15610885620117,1112248
2020-06-12,43.44393818074984,45.16986083984375,1545458
2020-06-15,46.55060702440826,46.15610885620117,1495058
2020-06-16,46.84648010976167,44.4301872253418,1224478
2020-06-17,44.38086695781412,44.23292922973633,1187736
2020-06-18,44.18362063254293,45.51504898071289,1956513
2020-06-19,45.56436284791575,46.20541763305664,1808785
2020-06-22,46.64922611670059,49.85451126098633,6713882
2020-06-23,50.54487472684512,50.051753997802734,2267446
2020-06-24,50.347631954942344,48.22721481323242,3045725
2020-06-25,47.734094015818755,48.6710205078125,1837772
2020-06-26,49.065518618852664,48.07927703857422,1093416
2020-06-29,47.734093903932155,46.74785232543945,768052
2020-06-30,47.093033999682746,46.10679244995117,816562
2020-07-01,46.35335418915715,46.74785232543945,878942
2020-07-02,47.09303665161133,47.09303665161133,1155112
2020-07-03,47.33959709246134,47.83271789550781,1212922
2020-07-06,48.2765261398372,48.22721481323242,1090774
2020-07-07,48.32583144615436,50.051753997802734,3498045
2020-07-08,52.270804062334754,52.07355499267578,6127072
2020-07-09,52.46805440095199,51.826995849609375,1890763
2020-07-10,51.284564931142086,50.10107421875,1100831
2020-07-13,50.29831939145936,49.36138916015625,1112929
2020-07-14,49.114831374651985,50.19969940185547,4558159
2020-07-15,51.18593968828127,50.00244903564453,2605947
2020-07-16,49.95313235387807,48.6217041015625,897590
2020-07-17,48.81895584246541,49.46001434326172,1423758
2020-07-20,49.558640855422006,50.49557113647461,2218830
2020-07-21,51.03799804306399,50.1503791809082,1430276
2020-07-22,46.35335544765932,47.09303665161133,3028279
2020-07-23,47.33960090972541,45.909549713134766,1360170
2020-07-24,45.3671137212397,44.873992919921875,1033466
2020-07-27,45.21917324838909,43.29600524902344,766566
2020-07-28,43.39462291887302,43.986366271972656,717823
2020-07-29,44.331562018880994,43.887752532958984,865370
2020-07-30,44.183617777817695,43.493247985839844,443274
2020-07-31,43.49324907447204,42.21113586425781,835598
2020-08-03,41.96457821094308,44.3808708190918,1232288
2020-08-04,44.3808694271104,43.443939208984375,767708
2020-08-05,43.73981217763286,43.19738006591797,627328
2020-08-06,43.493259339654834,44.67675018310547,1154832
2020-08-07,44.82467914412991,45.51504898071289,1112501
2020-08-10,45.76161194424934,46.0574836730957,1016107
2020-08-11,46.40266927077726,46.15610885620117,948959
2020-08-12,46.008173587962894,45.07124328613281,672562
2020-08-13,45.07124452650263,45.71229934692383,823966
2020-08-14,45.81092185348292,44.3808708190918,969662
2020-08-17,44.578121185302734,44.578121185302734,711788
2020-08-18,44.5781213429356,47.53684616088867,2461003
2020-08-19,48.079279672160546,52.615989685058594,18195299
2020-08-20,52.17218411418332,58.38550567626953,13236865
2020-08-21,60.65385294823811,59.716922760009766,9383961
2020-08-24,61.738719510174825,57.744441986083984,4335359
2020-08-25,58.18824732699678,56.11714172363281,3416872
2020-08-26,56.511640048882306,57.744441986083984,2607642
2020-08-27,57.74444573061486,55.96921157836914,1799376
2020-08-28,56.46232842680175,54.93365478515625,1176208
2020-08-31,55.52540181142031,50.64350509643555,2499396
2020-09-01,50.59418872416765,50.89006042480469,1537451
2020-09-02,51.18593624982599,53.257041931152344,1728646
2020-09-03,53.79947198802652,56.11714172363281,4069754
2020-09-04,53.898103072349166,53.94741439819336,1635842
2020-09-07,54.243288546391256,51.826995849609375,1116253
2020-09-08,51.728374434753476,51.136627197265625,873927
2020-09-09,50.69281881803777,49.410701751708984,1339845
2020-09-10,49.607943384532355,50.29831314086914,1858974
2020-09-11,50.29832203383371,50.347633361816406,1063313
2020-09-14,50.692816649368694,52.7146110534668,1599435
2020-09-15,53.503611223730026,54.48985290527344,1749226
2020-09-16,55.032281186056984,53.45429611206055,858881
2020-09-17,53.010485327346025,52.66530227661133,659347
2020-09-18,53.258711036754235,51.6762809753418,1566308
2020-09-21,52.516948564117776,50.68726348876953,1773087
2020-09-22,50.687262847268805,49.549888610839844,1401610
2020-09-23,50.885065723244566,49.846595764160156,785590
2020-09-24,48.51141754431934,47.86855697631836,905562
2020-09-25,48.51141450565391,50.2421989440918,929467
2020-09-28,51.033414201858236,54.59388732910156,2514496
2020-09-29,56.37412270422576,55.731258392333984,9544428
2020-09-30,55.385106769731266,53.25871276855469,1486370
2020-10-01,53.901572680517376,53.35761260986328,1511042
2020-10-05,53.802674330928575,53.01145553588867,1031253
2020-10-06,53.456514676553645,52.46749496459961,624419
2020-10-07,52.516945921939595,51.725730895996094,664883
2020-10-08,52.02243539846962,50.58835983276367,744001
2020-10-09,50.786161652658315,50.440006256103516,1178851
2020-10-12,50.83561281701143,49.64878845214844,604618
2020-10-13,49.500440222150424,49.2531852722168,629280
2020-10-14,49.20372982216595,50.73670959472656,899778
2020-10-15,50.88506518889496,49.30263137817383,597580
2020-10-16,49.54988603757897,49.35208511352539,488433
2020-10-19,49.79713800466788,49.20372772216797,379119
2020-10-20,49.15428282545422,48.956478118896484,398121
2020-10-21,49.2531852722168,49.2531852722168,627059
2020-10-22,49.20373216062449,49.10483169555664,547698
2020-10-23,49.45098407015939,49.59933853149414,599558
2020-10-26,49.64878777443905,50.39055252075195,1664162
2020-10-27,50.63780966580175,49.40153503417969,704189
2020-10-28,49.69823844042866,49.05537414550781,616207
2020-10-29,48.75867062791623,48.165260314941406,639461
2020-10-30,48.01690762960008,46.63228225708008,988209
2020-11-02,46.48392505797798,45.19820022583008,690759
2020-11-03,45.69270913313519,45.34654998779297,582052
2020-11-04,45.44546052209651,44.950950622558594,452773
2020-11-05,45.49490699589094,44.308082580566406,1160202
2020-11-06,44.80259507063311,44.505889892578125,1074450
2020-11-09,44.90149664987808,46.18722152709961,1764120
2020-11-10,46.681731632216426,44.90149688720703,1059668
2020-11-11,45.19820263423955,44.80259323120117,689204
2020-11-12,44.70369265919358,45.445457458496094,1130690
2020-11-13,45.49490754270455,46.08831787109375,932184
2020-11-14,46.434476456288785,46.18722152709961,285078
2020-11-17,46.63227899653068,44.654239654541016,5781274
2020-11-18,44.95094252985576,43.121253967285156,7592150
2020-11-19,43.17071216384359,41.19267272949219,17590275
2020-11-20,41.489381147620854,38.819026947021484,13761019
2020-11-23,38.86846966770758,41.34101867675781,13891141
2020-11-24,41.73663137349561,40.797061920166016,5782488
2020-11-25,41.19267609351388,39.412437438964844,4269581
2020-11-26,39.56078731652462,40.797061920166016,3995600
2020-11-27,41.14321882481241,40.549808502197266,3111167
2020-12-01,40.84651627412925,41.983890533447266,5625461
2020-12-02,42.52785065941242,41.983890533447266,4061224
2020-12-03,42.33004079744705,42.82455062866211,3336427
2020-12-04,43.51686780206089,43.02235794067383,3984126
2020-12-07,43.41796843782616,43.4674186706543,3069501
2020-12-08,43.91247939669985,42.676204681396484,3764631
2020-12-09,42.67620621537589,42.428951263427734,3267167
2020-12-10,42.52784864657442,41.68718338012695,1979887
2020-12-11,41.884983373221125,41.835533142089844,1851895
2020-12-14,42.13223351588734,42.62674331665039,2168333
2020-12-15,42.923456283968555,43.22016143798828,4465517
2020-12-16,43.615767150664375,44.45643615722656,5129277
2020-12-17,44.802588197314535,45.64325714111328,7890584
2020-12-18,45.79161183582746,44.3575325012207,3267445
2020-12-21,44.20918221915284,40.549808502197266,4063899
2020-12-22,40.54980662349648,41.489376068115234,3487525
2020-12-23,41.88498508621773,42.18169403076172,3269172
2020-12-24,42.62674674653947,41.43992614746094,2662040
2020-12-28,41.88498430907162,41.68718338012695,1690970
2020-12-29,42.87400028395922,42.92345428466797,4126897
2020-12-30,43.22016112879484,43.26961135864258,2722938
2020-12-31,43.615766740387436,43.26961135864258,2059537
2021-01-01,43.071803405249106,43.813568115234375,3091275
2021-01-04,44.505887489289016,44.90149688720703,4640434
2021-01-05,45.09930113771286,45.59381103515625,5089859
2021-01-06,45.84106390221634,47.17624282836914,15430150
2021-01-07,47.769657135009766,47.769657135009766,6019351
2021-01-08,48.51141170841878,50.09384536743164,14104928
2021-01-11,50.78615856880633,49.05537414550781,7482851
2021-01-12,48.70921826080444,48.51141357421875,3100126
2021-01-13,50.68726154945254,51.6268310546875,22733095
2021-01-14,52.220242171436524,52.121341705322266,4851219
2021-01-15,52.121340552535806,50.440006256103516,3859168
2021-01-18,50.39055656145339,47.86855697631836,4057471
2021-01-19,48.46196534136788,48.80812072753906,2688202
2021-01-20,48.95647532317809,48.165260314941406,2189424
2021-01-21,48.56086801348448,46.582828521728516,2398452
2021-01-22,47.077337493696845,46.73118209838867,3518748
2021-01-25,47.22568808987529,44.20917892456055,3861449
2021-01-27,45.00039946358836,44.55533981323242,2505828
2021-01-28,43.56631455478167,44.8520393371582,1883925
2021-01-29,45.494906677276944,44.3575325012207,1480063
2021-02-01,44.80259203228967,45.000396728515625,2388569
2021-02-02,45.64326630811322,45.39601135253906,1910704
2021-02-03,45.79161285571292,45.445457458496094,1868652
2021-02-04,45.39600743323757,47.275142669677734,4146211
2021-02-05,47.67075159355337,46.73118209838867,1960419
2021-02-08,47.077336377406546,48.165260314941406,3434362
2021-02-09,48.41251574547698,46.830081939697266,2086837
2021-02-10,45.49490902834836,44.60478973388672,4376986
2021-02-11,44.50588638753946,44.45643615722656,2343232
2021-02-12,44.753141801435866,45.000396728515625,3135073
2021-02-15,45.39601184222774,44.703697204589844,1757157
2021-02-16,44.70369292003716,44.159732818603516,1727983
2021-02-17,44.06082858109956,44.159732818603516,1494547
2021-02-18,44.60479124026947,45.59381103515625,3564458
2021-02-19,45.44546052209651,44.950950622558594,2988710
2021-02-22,45.247649556178025,42.82455062866211,20988847
2021-02-23,43.071803271490865,41.93443298339844,15713076
2021-02-24,42.62674775239297,40.64870834350586,6309842
2021-02-25,41.04431784584274,48.758670806884766,100655226
2021-02-26,49.401536049885024,51.725730895996094,90076752
2021-03-01,53.11035804586478,45.14875030517578,76471951
2021-03-02,45.34655312953971,47.32459259033203,49010209
2021-03-03,47.72020199161484,47.32459259033203,13080389
2021-03-04,46.87953698962011,46.03886795043945,10859764
2021-03-05,46.088315676019846,45.19820022583008,8364015
2021-03-08,45.69271654466581,45.39601135253906,5789794
2021-03-09,45.939971995796355,44.703697204589844,5014056
2021-03-10,45.00039741539345,46.13777160644531,9126331
2021-03-12,46.48392597092003,45.04984664916992,9244217
2021-03-15,45.39601184222774,44.703697204589844,5335250
2021-03-16,44.950949229729034,44.55533981323242,5234306
2021-03-17,44.604782519702574,42.62674331665039,5660817
2021-03-18,43.02235632503734,42.0333366394043,7467663
2021-03-19,41.39047233461854,42.0333366394043,6157215
2021-03-22,42.33004549742493,42.676204681396484,3962252
2021-03-23,42.92345899549203,42.77510452270508,2523319
2021-03-24,42.92345709103205,41.835533142089844,4364991
2021-03-25,42.08279178674422,41.24212646484375,4465234
2021-03-26,41.83553450727467,40.994869232177734,3360775
2021-03-30,41.687181960842935,41.29157257080078,2374632
2021-03-31,41.29157319208544,41.19267272949219,3085795
2021-04-01,41.53882546858354,43.51686477661133,6395196
2021-04-05,43.1707104699514,42.082786560058594,3336068
2021-04-06,42.231143574601596,44.159732818603516,6473166
2021-04-07,44.50589142698149,44.258636474609375,4708299
2021-04-08,44.50589248343455,44.703697204589844,12167008
2021-04-09,44.654244368011135,44.505889892578125,8453707
2021-04-12,42.72565097833646,41.43992614746094,8948957
2021-04-13,41.53882921964931,42.87400436401367,10251678
2021-04-15,42.52785065941242,41.983890533447266,6533709
2021-04-16,42.280588571415386,42.5278434753418,7412427
2021-04-19,41.29157760733186,41.093772888183594,5072456
2021-04-20,41.58827357766283,41.34101867675781,4237089
2021-04-22,41.39047501960084,41.588279724121094,3505094
2021-04-23,41.538826537350864,43.9619255065918,13618959
2021-04-26,44.35753541714512,44.505889892578125,5174281
2021-04-27,44.75314483642578,44.505889892578125,3463294
2021-04-28,44.85204335536756,45.445457458496094,13025254
2021-04-29,45.98941766750542,44.80259323120117,4118049
2021-04-30,44.50588849006579,44.11027908325195,4083663
2021-05-03,44.110280473297465,44.505889892578125,4480569
2021-05-04,45.09929486680377,44.75313949584961,11679751
2021-05-05,45.24764778252441,45.64325714111328,5115744
2021-05-06,45.989418780217406,45.24765396118164,4147042
2021-05-07,45.49490636093317,48.165260314941406,23637381
2021-05-10,48.75867109989375,50.58835983276367,22591178
2021-05-11,49.4509856536064,50.58835983276367,20340292
2021-05-12,50.835612570577645,49.05537414550781,11825365
2021-05-14,49.54987746855536,49.50042724609375,14188006
2021-05-17,50.09384966912523,50.63780975341797,8932043
2021-05-18,51.330125355083844,49.846595764160156,6691463
2021-05-19,49.74768693473983,48.7092170715332,5384173
2021-05-20,48.758671288442834,49.30263137817383,7619328
2021-05-21,49.7476919484747,49.15428161621094,3904255
2021-05-24,49.45098352281458,49.05537414550781,4265089
2021-05-25,49.45098445802101,48.90702438354492,6514728
2021-05-26,49.302632742855664,52.813655853271484,35278241
2021-05-27,53.308164679630394,53.6048698425293,25601579
2021-05-28,54.148832559344264,51.33012771606445,10144349
2021-05-31,51.33012643314925,50.29165267944336,6210601
2021-06-01,50.68725638499693,51.23121643066406,12156031
2021-06-02,51.231214643167355,51.52791976928711,6263695
2021-06-03,52.022435890550796,51.132320404052734,4941793
2021-06-04,51.42902507975066,50.58835983276367,5466111
2021-06-07,51.08287562521222,51.47848129272461,7485218
2021-06-08,51.874082611068395,54.692787170410156,23885035
2021-06-09,55.236755426603175,54.00048065185547,37671120
2021-06-10,54.396077905382434,55.38509750366211,10052953
2021-06-11,56.17631918971686,54.297183990478516,7983894
2021-06-14,54.297183916210315,53.060909271240234,7506118
2021-06-15,53.209265550579175,54.00048065185547,8138659
2021-06-16,54.19827968092623,53.060909271240234,6067237
2021-06-17,53.35761948058136,57.16534423828125,114514365
2021-06-18,57.066441473251174,55.68181228637695,31974035
2021-06-21,54.39608619326637,57.11589050292969,14227849
2021-06-22,57.56094732462019,56.32467269897461,9819259
2021-06-23,56.72027734427944,58.995025634765625,35080967
2021-06-24,59.637888595652925,58.59941864013672,11890809
2021-06-25,58.99502925305294,58.401615142822266,8072292
2021-06-28,58.945571515218596,57.758750915527344,6542739
2021-06-29,57.956555503351986,58.401615142822266,15367131
2021-06-30,57.8576518448458,56.4235725402832,8468955
2021-07-01,55.879620801582426,53.85213088989258,14012213
2021-07-02,54.39608202302849,54.692787170410156,9658649
2021-07-05,55.18729804890804,55.78071212768555,8658125
2021-07-06,56.077418267563345,54.98949432373047,7706483
2021-07-07,54.989494945337945,54.890594482421875,5091197
2021-07-08,54.89059489856629,54.198280334472656,5404171
2021-07-09,54.099375756213874,54.24772644042969,4160837
2021-07-12,54.64333457681961,55.08839416503906,7413509
2021-07-13,55.83016397136784,54.890594482421875,4738745
2021-07-14,55.38510482182505,55.43455505371094,5476060
2021-07-15,55.78071170484934,54.59388732910156,4067388
2021-07-16,54.69278493084291,53.802669525146484,4832146
2021-07-19,53.407066190710566,52.813655853271484,4604411
2021-07-20,52.418043430034935,51.42902374267578,7008958
2021-07-22,52.3191394813347,53.90156936645508,6293677
2021-07-23,54.89059660872715,53.30816650390625,5087234
2021-07-26,52.96200756363244,50.786163330078125,14407466
2021-07-27,52.41804684685433,50.885066986083984,11777894
2021-07-28,50.73670951224564,51.379573822021484,15039002
2021-07-29,51.725736249724065,51.47848129272461,6011977
2021-07-30,51.42902818421739,51.33012771606445,10274394
2021-08-02,51.77518249904212,50.885066986083984,5884864
2021-08-03,50.93451347402908,50.2421989440918,4847529
2021-08-04,50.44000455416166,48.2147102355957,7423499
2021-08-05,48.46196746826172,48.46196746826172,6088599
2021-08-06,48.363066331153014,50.440006256103516,10509545
2021-08-09,51.37957717771512,50.83561706542969,7320491
2021-08-10,50.983964633026744,48.2147102355957,5678057
2021-08-11,48.31361327715381,47.17624282836914,6314205
2021-08-12,47.472946411039345,49.30263137817383,5352444
2021-08-13,49.45098876953125,49.45098876953125,4947730
2021-08-16,49.84660104606921,47.769657135009766,3144694
2021-08-17,47.571847040778565,46.78063201904297,3897484
2021-08-18,47.0278880049278,45.989418029785156,2683593
2021-08-20,44.80259365877072,44.11027908325195,4101710
2021-08-23,44.25863060703355,42.082786560058594,5880450
2021-08-24,42.37949066537112,43.51686477661133,3874558
2021-08-25,43.91248015659085,44.40699005126953,2767308
2021-08-26,44.75314049559825,43.9619255065918,2129695
2021-08-27,43.96193007235151,45.69271469116211,4092754
2021-08-30,46.08831776674682,46.73118209838867,4885291
2021-08-31,46.92898769647236,46.582828521728516,3119430
2021-09-01,46.87953698962011,46.03886795043945,2339545
2021-09-02,46.08831807392278,46.681732177734375,2896135
2021-09-03,46.87953128110704,46.335567474365234,2158764
2021-09-06,46.483927586145576,46.03886795043945,1926470
2021-09-07,46.236674638770744,45.099300384521484,1917398
2021-09-08,45.099293329850966,45.64325714111328,2368120
2021-09-09,45.59380951265979,45.841064453125,2134806
2021-09-13,45.93997355365106,46.286128997802734,2859696
2021-09-14,46.58282794069367,46.681732177734375,2274376
2021-09-15,46.928986486223124,46.78063201904297,2994308
2021-09-16,46.928989724614915,46.879539489746094,2877493
2021-09-17,47.17623283510709,49.50042724609375,18987396
2021-09-20,48.46196251759338,48.016902923583984,5996317
2021-09-21,48.016912369076756,52.580501556396484,28870392
2021-09-22,53.27495760934145,53.37416458129883,19475161
2021-09-23,53.57258584054463,51.8364372253418,7751089
2021-09-24,52.134056147162376,51.935638427734375,10421298
2021-09-27,52.33247216452785,51.241180419921875,5710168
2021-09-28,51.439596726006805,52.67970275878906,7780223
2021-09-29,52.828511474455745,51.78682327270508,5012165
2021-09-30,52.08445680671132,51.14197540283203,3324261
2021-10-01,51.042768427477796,51.14197540283203,3647876
2021-10-04,51.48920679647153,52.729312896728516,6860393
2021-10-05,52.7789123723167,53.32455825805664,18996276
2021-10-06,53.82060699069265,52.034854888916016,6362395
2021-10-07,52.48129181580682,52.33247756958008,3972811
2021-10-08,52.58049910631814,51.53881072998047,3157503
2021-10-11,51.88603241170648,50.69552993774414,4556223
2021-10-12,50.794744598862785,50.49711990356445,3636742
2021-10-13,50.794744598862785,50.49711990356445,5795415
2021-10-14,50.89394875684411,50.24909591674805,4339742
2021-10-18,50.74513886050912,51.588409423828125,10165561
2021-10-19,52.08445125675631,50.24909591674805,14484018
2021-10-20,50.298702239990234,50.298702239990234,6200979
2021-10-21,50.59632853538595,53.721397399902344,43143981
2021-10-22,55.85437805504724,55.06071090698242,40226239
2021-10-25,55.20952070698089,50.794742584228516,14147582
2021-10-26,51.04276768697595,50.59632873535156,6799789
2021-10-27,50.89395826763587,50.546730041503906,8236570
2021-10-28,50.546723388696954,50.49711990356445,5929158
2021-10-29,50.596327225518955,52.23326873779297,13445331
2021-11-01,52.38208309763516,52.034854888916016,7513342
2021-11-02,52.33247386659038,51.935638427734375,5497618
2021-11-03,52.134062457677814,50.64593505859375,4678018
2021-11-04,51.04276835625532,51.34039306640625,1148657
2021-11-08,51.588415994598535,51.8364372253418,3443887
2021-11-09,51.8364372253418,51.8364372253418,5443965
2021-11-10,51.340390861188354,52.23326873779297,4974333
2021-11-11,52.43168410290527,50.9931640625,3772779
2021-11-12,51.48920745798396,50.94355773925781,2869088
2021-11-15,49.60423998264451,47.86809158325195,8767226
2021-11-16,48.21532260713008,47.91769790649414,2668425
2021-11-17,48.016904889974974,47.719276428222656,2016045
2021-11-18,47.86809985566846,46.47917938232422,6629967
2021-11-22,46.87600844839345,45.635902404785156,4347338
2021-11-23,45.04065740672949,46.37997055053711,3803539
2021-11-24,46.23115509754354,47.02482604980469,4828621
2021-11-25,47.22324000336639,47.02482604980469,2126535
2021-11-26,46.52878014807726,46.032737731933594,3920330
2021-11-29,45.68550729769407,44.39579772949219,2756661
2021-11-30,44.59421559412105,43.99896240234375,2283800
2021-12-01,44.246981687199074,44.09817123413086,1866520
2021-12-02,44.14777821071899,44.891841888427734,2606428
2021-12-03,45.09025568061757,45.288673400878906,3033250
2021-12-06,45.33827498447884,45.18946075439453,3198586
2021-12-07,45.58629794576279,45.68550491333008,2520111
2021-12-08,46.08234112695905,46.23115158081055,3747050
2021-12-09,46.42957028509681,46.181549072265625,3110098
2021-12-10,46.23115069146736,46.082340240478516,3742243
2021-12-13,46.429572181825854,46.28076171875,2687159
2021-12-14,45.983128702838634,45.53669357299805,2183957
2021-12-15,45.53669451810387,45.48708724975586,1487812
2021-12-16,45.63590474505844,44.544612884521484,2687697
2021-12-17,44.54460937423237,43.55252456665039,2316072
2021-12-20,43.25489960725799,41.81637954711914,3159324
2021-12-21,42.163606595808815,42.262813568115234,1847596
2021-12-22,42.312420644649094,42.85806655883789,1315559
2021-12-23,43.25489620671102,43.15568923950195,1816342
2021-12-24,43.40371742019889,42.610050201416016,1599598
2021-12-27,42.610044586116004,42.31241989135742,1377842
2021-12-28,42.659651393204044,43.50292205810547,2662895
2021-12-29,43.65173542971167,43.35411071777344,2018052
2021-12-30,43.2548995054279,44.544612884521484,4938151
2021-12-31,44.84223272394434,44.79262924194336,2497241
2022-01-03,45.58630101365078,45.139862060546875,1893186
2022-01-04,45.33828100285812,44.4950065612793,3146811
2022-01-05,44.44540017625906,44.64381790161133,2918015
2022-01-06,44.14777675444419,46.33036422729492,6848377
2022-01-07,46.67759130755841,46.77680206298828,5276515
2022-01-10,47.17363521659617,50.397911071777344,17568508
2022-01-11,51.042767928373905,50.00107955932617,9418862
2022-01-12,50.54672695037505,51.09237289428711,8738690
2022-01-13,51.29078716336845,52.82851791381836,11490987
2022-01-14,52.33248016393196,52.97733688354492,8179348
2022-01-17,53.17575044871022,56.10240173339844,21284771
2022-01-18,56.796857660466976,54.564666748046875,22366922
2022-01-19,54.86229456992435,58.68182373046875,29141892
2022-01-20,59.42588442257415,61.55886459350586,67337646
2022-01-21,60.417969297814096,58.830631256103516,30444105
2022-01-24,58.83063374522971,55.0111083984375,21836341
2022-01-25,53.770999023563995,56.35041809082031,13577358
2022-01-27,55.45754893472703,58.03696823120117,18961060
2022-01-28,58.53301222355606,56.7968635559082,11669096
2022-01-31,57.64013077650892,55.80477523803711,7160361
2022-02-01,56.30081460577756,56.35041809082031,8574965
2022-02-02,56.54883838004865,57.193695068359375,5505659
2022-02-03,57.640131535008486,65.67601776123047,96204750
2022-02-04,64.88235057135839,63.146202087402344,34084363
2022-02-07,62.798977235494974,66.27127838134766,39322975
2022-02-08,66.66810064554801,63.44382858276367,15248231
2022-02-09,63.93986983077818,64.08868408203125,11584712
2022-02-10,64.2870997938327,64.38630676269531,12376952
2022-02-11,62.99738454234055,61.360443115234375,6964585
2022-02-14,59.42588676606527,55.40793991088867,12421681
2022-02-15,55.556747898910984,57.29289627075195,12543778
2022-02-16,57.83854797216661,57.193695068359375,8024606
2022-02-17,57.83855127957234,56.251216888427734,4568492
2022-02-18,56.052793799278035,55.159915924072266,3867085
2022-02-21,55.06070917302912,54.564666748046875,7470503
2022-02-22,51.68762064768122,52.92772674560547,9442152
2022-02-23,53.57258099850903,54.41585159301758,5045828
2022-02-24,50.59633114797471,51.63801956176758,15943999
2022-02-25,53.91981134694816,53.721397399902344,5814191
2022-02-28,53.27495726204206,54.366249084472656,4924779
2022-03-02,53.87021218782965,56.7968635559082,8622358
2022-03-03,57.34250861382651,56.648048400878906,5460128
2022-03-04,56.201610781807624,55.60635757446289,5453008
2022-03-07,54.96150255761555,53.57258224487305,4107443
2022-03-08,54.11822965068206,54.663875579833984,5119757
2022-03-09,55.20952550577349,56.59844207763672,6096070
2022-03-10,58.533009119378434,57.14408874511719,7811795
2022-03-11,57.044883728027344,57.044883728027344,3200468
2022-03-14,57.34250485150865,56.44963073730469,3467374
2022-03-15,56.548832683877464,60.61637878417969,25649100
2022-03-16,61.55886389645629,60.81480026245117,7885274
2022-03-17,61.75728298519657,59.77311325073242,6295556
2022-03-21,60.120345668528486,63.24541473388672,17836684
2022-03-22,63.44382586438501,62.99738693237305,10997819
2022-03-23,63.49342777806238,61.90609359741211,5528653
2022-03-24,61.80688527193425,63.146202087402344,7723802
2022-03-25,63.5926388768426,63.840660095214844,9774334
2022-03-28,64.08868099819999,62.10451126098633,5508261
2022-03-29,62.65016682994659,70.1404037475586,45690411
2022-03-30,70.7356578058241,72.62061309814453,47194359
2022-03-31,73.01744250564695,73.71190643310547,16568020
2022-04-01,73.71191284914731,76.48974609375,21046489
2022-04-04,77.87867336649441,81.94622039794922,27764957
2022-04-05,82.34304581883936,80.90452575683594,20352597
2022-04-06,80.35888278599943,80.55729675292969,6030545
2022-04-07,80.65649677488794,78.17628479003906,8767129
2022-04-08,78.62272919948747,78.8707504272461,6494684
2022-04-11,78.67232908951839,78.07707214355469,3619671
2022-04-12,77.87866688384942,75.69608306884766,4688460
2022-04-13,76.04331389998309,78.27550506591797,7540719
2022-04-18,78.07707680518483,75.89449310302734,7452201
2022-04-19,76.68816646790803,74.60478210449219,9831170
2022-04-20,75.29923657788663,74.3071517944336,6966383
2022-04-21,75.29924369053047,75.89449310302734,4759913
2022-04-22,75.29924288249167,75.5472640991211,6253259
2022-04-25,75.15042244827987,73.91031646728516,6056071
2022-04-26,75.2000335043285,74.10873413085938,4038181
2022-04-27,73.91030610233175,72.86861419677734,5414631
2022-04-28,72.96785095279589,70.19001007080078,5806082
2022-04-29,70.88447211301212,68.75149536132812,3967746
2022-05-02,67.95780677778727,70.83485412597656,6573240
2022-05-04,71.67813276046343,67.31295776367188,8096644
2022-05-05,68.0570137410339,70.83485412597656,13626152
2022-05-06,69.14831611367454,67.56098175048828,8258354
2022-05-09,67.2633530799874,61.90609359741211,10735611
2022-05-10,62.20372428074781,58.8802375793457,6983701
2022-05-11,59.17786444250526,60.71559524536133,12423860
2022-05-12,59.525089587195446,58.53300476074219,7645099
2022-05-13,60.0707350432365,59.92192459106445,9204912
2022-05-16,60.41796799476296,62.60055160522461,6401186
2022-05-17,62.99738438163297,65.27918243408203,6832416
2022-05-18,65.47760447871453,64.08868408203125,6711237
2022-05-19,62.1541177130956,61.75728225708008,3906275
2022-05-20,62.84857892837954,64.0390853881836,4671825
2022-05-23,64.38631071670551,66.51929473876953,10219833
2022-05-24,67.16413283836656,63.939857482910156,4978042
2022-05-25,64.08867986173928,59.822715759277344,4933586
2022-05-26,60.41797206163496,61.60847091674805,7916260
2022-05-27,62.69976732090313,64.48551940917969,8442545
2022-05-30,65.27919477023879,67.3625717163086,5667461
2022-05-31,67.26335840444254,66.51929473876953,4448848
2022-06-01,66.56890414812241,67.95782470703125,5167332
2022-06-02,67.95781563763487,71.5293197631836,14423617
2022-06-03,72.22378110838459,68.1562271118164,8729733
2022-06-06,68.45385100817157,67.61058044433594,4834156
2022-06-07,67.2633562798409,69.74356842041016,7503685
2022-06-08,70.23961124548764,68.55306243896484,4164276
2022-06-09,67.80899810791016,67.80899810791016,3214647
2022-06-10,66.32086590766245,68.8506851196289,4974401
2022-06-13,66.86652593058128,64.0390853881836,4651272
2022-06-14,63.59263940519237,64.98155975341797,3503202
2022-06-15,65.42799180959928,62.79896926879883,3260820
2022-06-16,63.989473128972485,59.22746658325195,6461997
2022-06-17,59.32667760989243,58.63221740722656,4419946
2022-06-20,58.83063091123829,57.094482421875,8583170
2022-06-21,57.44172096423314,59.475494384765625,3688552
2022-06-22,58.83063304226521,59.128257751464844,4849352
2022-06-23,59.4258853605382,58.97944641113281,2842744
2022-06-24,59.872323402493194,59.029052734375,3639709
2022-06-27,60.914013359260025,59.7235107421875,2866933
2022-06-28,59.57469625856922,60.31875991821289,2506311
2022-06-29,59.624304858753575,59.475494384765625,1952433
2022-06-30,59.37628184881091,59.1778678894043,2607537
2022-07-01,58.929846466842584,59.57469940185547,2275795
2022-07-04,59.57469605544143,60.91401290893555,3201694
2022-07-05,61.410052771159904,62.79896926879883,6476050
2022-07-06,63.24541110371806,72.76942443847656,37859213
2022-07-07,72.42219270617757,74.90240478515625,37293821
2022-07-08,75.29924075552364,81.8966064453125,68138427
2022-07-11,80.30927134249937,90.47814178466797,95936484
2022-07-12,88.79159822171776,89.03961944580078,20529218
2022-07-13,90.03169943491618,89.28763580322266,9052470
2022-07-14,89.28763816128661,87.9979248046875,10379240
2022-07-15,87.25385156246483,84.97206115722656,10040001
2022-07-18,85.418507003194,84.42642211914062,4324085
2022-07-19,84.02958282419104,84.62483978271484,3178984
2022-07-20,85.07127403977847,84.27760314941406,4173799
2022-07-21,84.32721319161763,84.52562713623047,4579363
2022-07-22,83.33512658549195,84.2280044555664,7755910
2022-07-25,83.9303790071194,83.68235778808594,2590349
2022-07-26,84.52563106368827,81.99581909179688,3105173
2022-07-27,82.19422354861663,81.69818115234375,3346962
2022-07-28,81.94621116260038,81.25175476074219,2196063
2022-07-29,81.40056541155474,80.65650177001953,2514765
2022-08-01,80.60689092476457,85.91454315185547,10119382
2022-08-02,86.26178315555002,87.25386810302734,9021945
2022-08-03,87.60109052681548,87.15464782714844,4897858
2022-08-04,87.50188657427145,87.00584411621094,4735980
2022-08-05,87.7995136902619,92.90875244140625,45474178
2022-08-08,93.40478575676292,91.42061614990234,9279753
2022-08-10,92.01588323249945,94.39688873291016,15936518
2022-08-11,95.24014515024268,93.95043182373047,10774410
2022-08-12,97.62115789673666,94.74411010742188,15249628
2022-08-16,95.68658195640313,100.10136413574219,18852736
2022-08-17,100.64700837750597,99.6053237915039,9904951
2022-08-18,99.50611527516922,101.24226379394531,9486517
2022-08-19,101.24225959173418,99.50611114501953,6166384
2022-08-22,99.20849438853517,96.5794677734375,4952431
2022-08-23,95.43855928792202,96.2818374633789,6466767
2022-08-24,96.82747774370837,95.98420715332031,4023691
2022-08-25,96.97629052510098,94.49607849121094,3770720
2022-08-26,95.19053166132045,95.43855285644531,5392486
2022-08-29,91.66864785719112,95.93460845947266,5345957
2022-08-30,97.07550392684072,98.06758880615234,6709584
2022-09-01,97.81956631503817,98.91085815429688,5168716
2022-09-02,99.75413750219616,98.46442413330078,9543517
2022-09-05,98.9604649970524,102.82959747314453,15010097
2022-09-06,103.17682839880688,100.74622344970703,5517118
2022-09-07,100.20057334899903,99.20848846435547,4468097
2022-09-08,99.90294343326241,100.44859313964844,4139863
2022-09-09,101.19265540560386,98.96046447753906,3529836
2022-09-12,99.45650901121817,98.46442413330078,3617112
2022-09-13,99.10928567032276,100.54780578613281,8389815
2022-09-14,99.30769275070573,104.02009582519531,10855691
2022-09-15,104.81377674383198,103.12722778320312,8214962
2022-09-16,102.87919990466905,100.74622344970703,7379181
2022-09-19,100.99424692349469,102.18474578857422,4775822
2022-09-20,103.32785289208415,103.17875671386719,8615522
2022-09-21,103.72546201876948,102.7811508178711,4234284
2022-09-22,102.28414399904837,106.8069076538086,11229188
2022-09-23,107.55242081591295,102.63204956054688,6363471
2022-09-26,100.84282055977556,98.20868682861328,8655986
2022-09-27,98.80509006825002,98.3080825805664,4308927
2022-09-28,97.01586151123047,97.01586151123047,3509425
2022-09-29,97.9601760348999,97.1152572631836,3125054
2022-09-30,97.4134710025462,98.85478973388672,3772099
2022-10-03,98.90449926160184,96.56856536865234,3127364
2022-10-04,98.05957641838476,98.90448760986328,4722173
2022-10-06,99.50089985285437,101.93624114990234,5167281
2022-10-07,101.29013064158755,106.85661315917969,13236812
2022-10-10,104.66978454589844,104.66978454589844,5964440
2022-10-11,104.86857966863731,101.63803100585938,4825052
2022-10-12,102.23442950818415,100.04759979248047,6270409
2022-10-13,100.04761165355967,99.94821166992188,3601200
2022-10-14,101.73743774354922,101.38953399658203,3965323
2022-10-17,101.58832443868381,100.4452133178711,2472655
2022-10-18,101.29013836469274,103.07936096191406,4729045
2022-10-19,103.67575995349674,103.27815246582031,4617835
2022-10-20,103.32786041206147,102.28414916992188,2591289
2022-10-21,102.88055295283252,100.39551544189453,3243314
2022-10-24,101.29013168969719,102.88055419921875,1947908
2022-10-25,103.07935563397893,101.14102935791016,1589944
2022-10-27,101.68773828490164,102.18474578857422,2261255
2022-10-28,102.6320487273845,102.83084869384766,4689258
2022-10-31,104.37157164199706,103.17875671386719,6373773
2022-11-01,103.67576317390929,102.48294067382812,3565049
2022-11-02,102.48294378463376,100.79312133789062,1854366
2022-11-03,100.24640694490229,102.03563690185547,2709606
2022-11-04,102.63205356730846,100.74342346191406,1764130
2022-11-07,101.38952682495118,99.40149688720703,2317690
2022-11-09,99.89850327253563,98.25837707519531,4699108
2022-11-10,97.76138304377488,97.31407928466797,3598844
2022-11-11,98.35777822747629,95.62423706054688,2774415
2022-11-14,95.57454072294682,94.72962951660156,2432808
2022-11-15,95.22663924041521,97.91047668457031,3112979
2022-11-16,97.91048112090276,99.60030364990234,3843886
2022-11-17,99.20269567235125,101.58832550048828,8441148
2022-11-18,102.13504190650931,101.73743438720703,4205224
2022-11-21,101.73742221067138,97.61225891113281,2585620
2022-11-22,98.1092715099827,97.76136779785156,2645158
2022-11-23,97.96018735614432,99.00389862060547,3008902
2022-11-24,99.15300090400987,100.74342346191406,2839700
2022-11-25,101.04163036947028,102.28414916992188,7091736
2022-11-28,102.78115834137027,101.88654327392578,2615055
2022-11-29,102.38354363133065,99.89850616455078,2320186
2022-11-30,100.29610577511215,102.33383178710938,6287709
2022-12-01,102.3835427818122,100.09730529785156,2113132
2022-12-02,100.39551121434229,100.49491119384766,1725227
2022-12-05,101.19072684604447,103.62606048583984,4963668
2022-12-06,104.07336843875443,103.52666473388672,4492168
2022-12-07,103.5266678475703,101.38953399658203,2001815
2022-12-08,102.38353775899897,100.84281158447266,1769432
2022-12-09,101.38952767016187,99.20269775390625,1840692
2022-12-12,99.20269512861204,98.90448760986328,1459360
2022-12-13,99.40149933718676,98.80509185791016,1299651
2022-12-14,99.20269926700077,98.35778045654297,1793701
2022-12-15,98.3577794362496,97.21466827392578,2550056
2022-12-16,97.21466572544871,97.36376190185547,2267926
2022-12-19,97.86076847323997,97.1152572631836,1308930
2022-12-20,97.06556433575497,96.32005310058594,1250737
2022-12-21,96.76736324563288,93.38771057128906,2492138
2022-12-22,93.43741189557953,87.97032928466797,3975140
2022-12-23,86.77751391782881,85.28649139404297,6052094
2022-12-26,83.14935954395297,94.48113250732422,6364076
2022-12-27,95.12723690240529,93.38771057128906,1837170
2022-12-28,93.43741129637864,95.52484130859375,2331447
2022-12-29,94.03381789714678,100.39551544189453,4838712
2022-12-30,100.94222756808111,100.19671630859375,3702156
2023-01-02,100.39550507276729,99.64999389648438,1369235
2023-01-03,99.40150191178707,99.1032943725586,954107
2023-01-04,99.40149991481744,97.26436614990234,1167478
2023-01-05,97.56257019893758,96.71765899658203,1174086
2023-01-06,97.11525689297378,95.32603454589844,1449000
2023-01-09,96.17094651531181,95.12722778320312,1567631
2023-01-10,95.37573407937815,94.97813415527344,1548557
2023-01-11,95.07753575661066,94.58052825927734,859241
2023-01-12,94.82903434008766,93.08950805664062,1344559
2023-01-13,93.38770324235233,94.72962951660156,2056456
2023-01-16,95.22662637773762,93.53679656982422,1017562
2023-01-17,93.2386219599387,91.59849548339844,1944933
2023-01-18,92.04579284309634,95.42544555664062,3010555
2023-01-19,94.67992471577884,94.0338134765625,1170982
2023-01-20,94.4314259684108,93.2883071899414,991448
2023-01-23,93.73561670448557,92.79129791259766,608599
2023-01-24,93.08950029743488,92.6421890258789,770106
2023-01-25,92.194890721639,89.46134948730469,1444163
2023-01-27,92.44339463567124,90.35596466064453,2258062
2023-01-30,90.35596623734295,89.51105499267578,1249410
2023-01-31,89.95835991187329,91.99609375,1209129
2023-02-01,92.74160194153968,89.01404571533203,1327884
2023-02-02,88.4673301103987,88.66613006591797,814452
2023-02-03,88.66613140473149,86.92660522460938,1455133
2023-02-06,86.87690644258633,86.62840270996094,896966
2023-02-07,86.92661205881555,87.12541961669922,1066822
2023-02-08,87.17510764832699,88.66613006591797,937066
2023-02-09,88.81523838322364,90.35596466064453,1114915
2023-02-10,89.80925102659255,91.39967346191406,1248990
2023-02-13,94.43142227187018,91.84698486328125,2285959
2023-02-14,91.8469882988967,86.82720947265625,2468497
2023-02-15,86.77751094014337,87.87092590332031,926770
2023-02-16,87.77152220525755,90.20685577392578,1374071
2023-02-17,90.15715191046448,89.75955200195312,1071093
2023-02-20,89.80925909428005,88.51704406738281,635017
2023-02-21,88.36792984299099,87.32421112060547,570385
2023-02-22,86.72781871595683,85.08769226074219,902844
2023-02-23,85.58469290241624,84.44157409667969,669380
2023-02-24,84.73977643024467,83.84516143798828,947492
2023-02-27,83.59665791989148,80.51521301269531,1799997
2023-02-28,80.51522169284478,83.00025939941406,1460625
2023-03-01,83.29845850402337,87.87092590332031,2288356
2023-03-02,87.22481350613735,86.28050231933594,973450
2023-03-03,86.7775149919578,86.87691497802734,1124186
2023-03-06,87.27451652761964,86.92660522460938,1216241
2023-03-08,87.02601887913156,87.77153015136719,1020494
2023-03-09,87.47332089345787,87.7218246459961,764467
2023-03-10,86.47930226193733,90.50506591796875,2685037
2023-03-13,91.00206952963417,88.6164321899414,2168552
2023-03-14,88.51703668190734,89.85895538330078,2200525
2023-03-15,90.40566243777472,89.51105499267578,1102301
2023-03-16,89.51104986617825,89.36194610595703,1502039
2023-03-17,89.8092582720561,89.16314697265625,1512447
2023-03-20,88.0697227435111,85.336181640625,1191516
2023-03-21,85.78349213768936,85.53498840332031,770230
2023-03-22,87.0757131726998,86.3799057006836,816438
2023-03-23,86.0817040343707,85.88290405273438,589934
2023-03-24,85.78349603407895,83.6463623046875,1450961
2023-03-27,83.4972555567189,81.55892944335938,958377
2023-03-28,81.5092230280605,81.2607192993164,1294220
2023-03-29,81.26072910387938,84.88888549804688,2514969
2023-03-31,86.47930406640596,86.77751159667969,2857291
2023-04-03,86.97631343858973,88.16912841796875,941297
2023-04-05,88.31822328967618,89.90864562988281,1459591
2023-04-06,89.75955096120532,89.06373596191406,1184745
2023-04-10,89.01404381062689,88.0697250366211,799293
2023-04-11,88.31822635189317,88.66613006591797,813306
2023-04-12,88.71584591028116,90.80327606201172,3275143
2023-04-13,90.60446326653525,90.20685577392578,1034217
2023-04-17,90.70387467436741,93.88471984863281,3410002
2023-04-18,94.03381615312355,94.77932739257812,2658068
2023-04-19,95.07753547491046,97.91047668457031,4177792
2023-04-20,97.91047762779966,98.60628509521484,3249606
2023-04-21,99.05359253168913,100.49491119384766,4180262
2023-04-24,101.24042615600075,102.383544921875,2991954
2023-04-25,102.93025598788502,101.0416259765625,2202612
2023-04-26,101.19072979946438,101.48892974853516,1460060
2023-04-27,101.68773291136084,100.69371795654297,1761502
2023-04-28,101.38952585469478,102.93025207519531,3232962
2023-05-02,104.86857625963346,105.76319122314453,8050126
2023-05-03,105.86259624585088,115.25603485107422,18582329
2023-05-04,116.29974705722651,116.3991470336914,12848690
2023-05-05,116.0015379972434,113.46680450439453,5066282
2023-05-08,114.361416424606,118.03926849365234,5728661
2023-05-09,118.73508038363035,115.50453186035156,2773054
2023-05-10,115.9518540346233,120.27581787109375,5082599
2023-05-11,121.51833171234709,121.4686279296875,4498203
2023-05-12,121.26983214516935,120.92192840576172,3821904
2023-05-15,120.92192186072114,117.8404769897461,2228717
2023-05-16,118.28777221679688,118.03926849365234,2288297
2023-05-17,118.38717664629965,118.83448791503906,2575507
2023-05-18,119.18239803618424,116.79676055908203,1715393
2023-05-19,116.5482608116484,120.92192840576172,4193416
2023-05-22,120.97163118347409,118.88420104980469,1826397
2023-05-23,117.39317573450053,117.24407196044922,1464628
2023-05-24,117.29377053518903,126.88601684570312,11301959
2023-05-25,127.58182125999659,128.57583618164062,6251322
2023-05-26,129.2219444529715,126.4884033203125,3538578
2023-05-29,127.08480845372628,123.7548599243164,2665197
2023-05-30,124.25187106438023,125.19618225097656,3510913
2023-05-31,124.9973935040046,127.08482360839844,3420656
2023-06-01,127.83034310674127,124.64949035644531,1985535
2023-06-02,125.19618414507217,126.1405029296875,1869213
2023-06-05,126.88601744451279,130.91177368164062,5594474
2023-06-06,131.60756745207814,130.51416015625,2262516
2023-06-07,130.862060546875,130.862060546875,2804781
2023-06-08,131.20998121790166,130.91177368164062,2781825
2023-06-09,131.4595128926732,128.6709747314453,2571620
2023-06-12,129.26853685612505,128.7705841064453,1698070
2023-06-13,128.96975708007812,128.96975708007812,1800492
2023-06-14,128.96973915987235,128.47178649902344,1249172
2023-06-15,128.47181088456483,133.20236206054688,6680055
2023-06-16,133.94927306504397,132.10684204101562,5672484
2023-06-19,132.7541997685844,131.11094665527344,2566878
2023-06-20,131.16075652989528,134.54684448242188,3353340
2023-06-21,134.94519551718668,134.7460174560547,1730239
2023-06-22,134.845588484378,133.3517303466797,3111103
2023-06-23,133.70030688154486,130.51341247558594,2139438
2023-06-26,130.86197287392918,131.60890197753906,1631955
2023-06-27,132.10684204101562,132.10684204101562,1504765
2023-06-28,132.60480889955758,133.6505126953125,1768422
2023-06-30,134.54684439871514,132.1566619873047,1376365
2023-07-03,132.90357948097733,130.51341247558594,1802687
2023-07-04,131.11094499685186,127.87425231933594,2433133
2023-07-05,128.32242081982332,128.82037353515625,2111200
2023-07-06,129.16893131810278,128.82037353515625,2315682
2023-07-07,129.21873977545735,128.42201232910156,1857861
2023-07-10,129.0195551890178,126.87835693359375,2028548
2023-07-11,127.32650552556983,130.71258544921875,3234562
2023-07-12,131.3101300302767,132.7043914794922,3487168
2023-07-13,133.50112418962883,134.2978515625,5148777
2023-07-14,135.14436066869953,142.16549682617188,12088712
2023-07-17,144.40627607897437,141.26918029785156,8771371
2023-07-18,142.06590925557634,143.90834045410156,4674919
2023-07-19,147.39400265391825,140.87081909179688,7615850
2023-07-20,141.91652783402446,139.4765625,2329072
2023-07-21,139.42675419005474,140.4724578857422,2623082
2023-07-24,141.11979252914236,138.58023071289062,1525914
2023-07-25,139.27738044021575,138.132080078125,1228589
2023-07-26,138.82921211343654,137.7835235595703,1845694
2023-07-27,138.4806439350122,136.98678588867188,1442756
2023-07-28,137.23577742808826,135.79171752929688,1309389
2023-07-31,136.78762080135442,139.4765625,2006949
2023-08-01,140.37286480210514,138.82920837402344,1980697
2023-08-02,138.92880198719737,135.9410858154297,3096684
2023-08-03,136.43904526671935,138.97860717773438,2818981
2023-08-04,139.62593612680956,141.21939086914062,2516422
2023-08-07,141.91652190187466,152.32373046875,13362592
2023-08-08,152.6225089151351,151.87557983398438,4920779
2023-08-09,152.07476305890927,152.87149047851562,3680852
2023-08-10,153.1702596167836,159.99220275878906,11207020
2023-08-11,160.78893938915832,164.72276306152344,5596708
2023-08-14,165.37010214547993,167.16273498535156,6799453
2023-08-16,167.26232394667662,166.26641845703125,5028736
2023-08-17,166.9137613163929,168.85577392578125,3201057
2023-08-18,169.6027144255719,166.31622314453125,10951945
2023-08-21,167.21253013186836,181.95193481445312,15142120
2023-08-22,183.24659449865,181.55355834960938,7272081
2023-08-23,182.40008204951204,187.0310516357422,8827002
2023-08-24,188.22613412919802,189.76979064941406,5882914
2023-08-25,190.76569483793068,190.11834716796875,5301804
2023-08-28,191.96076571830665,199.33045959472656,11869789
2023-08-29,200.87412644561482,224.72605895996094,33320775
2023-08-30,227.4648027660835,223.6803741455078,9298045
2023-08-31,224.8256554668037,223.53097534179688,5814455
2023-09-01,224.37750447032548,232.39454650878906,5575055
2023-09-04,234.0875749590121,251.91427612304688,7972876
2023-09-05,253.95587551978326,277.85760498046875,13240757
2023-09-06,281.24370484968614,266.6039123535156,13820639
2023-09-07,266.9026768764603,266.40472412109375,4277943
2023-09-08,267.749180611328,273.8739929199219,5158679
2023-09-11,275.6168195215195,256.1468811035156,6442393
2023-09-12,257.88971817236484,231.099853515625,9728535
2023-09-13,228.161931888651,231.54800415039062,7291559
2023-09-14,234.73492354897508,242.8515625,5318556
2023-09-15,244.9927388491363,240.71034240722656,14793324
2023-09-18,244.99273862259753,238.91770935058594,1748853
2023-09-20,238.9176974702112,236.07937622070312,1256492
2023-09-21,235.5316404627269,236.6769256591797,1311403
2023-09-22,236.67692007180813,232.69329833984375,1325327
2023-09-25,233.0418801446322,246.13803100585938,2921630
2023-09-26,246.5363909069393,246.28741455078125,2605127
2023-09-27,246.18782333927263,249.07595825195312,1630301
2023-09-28,250.47021829795491,247.6318817138672,1603756
2023-09-29,248.77718536900733,242.40338134765625,1816128
2023-10-03,239.11690176029316,252.76080322265625,3230078
2023-10-04,252.95997656190792,246.63597106933594,2154238
2023-10-05,248.03025807435472,246.83517456054688,1187282
2023-10-06,247.43270863547332,246.2376251220703,1006352
2023-10-09,239.16668654867044,234.98388671875,2307971
2023-10-10,237.52344710062718,243.44908142089844,2034655
2023-10-11,245.5902899707351,245.14212036132812,1743003
2023-10-12,245.9886434256291,254.55343627929688,4535562
2023-10-13,253.55754113020137,256.5452575683594,2110314
2023-10-16,257.8398979470647,254.80239868164062,1626161
2023-10-17,257.64075707556395,256.04730224609375,2438017
2023-10-18,260.92721835833146,253.9060821533203,2685241
2023-10-19,254.35424997448723,261.17620849609375,3779753
2023-10-20,262.7696528204079,259.18438720703125,3252553
2023-10-23,260.5786536471533,246.08824157714844,2236013
2023-10-25,248.87675964415283,237.5732421875,2227125
2023-10-26,233.9879810566674,233.19125366210938,2236006
2023-10-27,235.7806043535003,237.7724151611328,1163019
2023-10-30,238.61896018218025,240.90953063964844,1033236
2023-10-31,243.0009185311682,237.7724151611328,615684
2023-11-01,235.23285772564066,242.1046142578125,1362640
2023-11-02,243.29968601830208,241.05889892578125,512550
2023-11-03,242.40338013942426,242.751953125,654170
2023-11-06,243.7478615738853,247.43270874023438,1057673
2023-11-07,248.57800971077006,253.40814208984375,1174433
2023-11-08,254.70280659960005,251.61549377441406,834685
2023-11-09,252.6612127048469,250.42042541503906,1264826
2023-11-10,248.97636402563893,247.78128051757812,519975
2023-11-13,248.17962900625798,257.9892883300781,2659666
2023-11-15,260.4292584222607,257.19256591796875,1104489
2023-11-16,258.33785184309863,254.45382690429688,1125365
2023-11-17,252.95999518684533,251.31675720214844,1075444
2023-11-20,252.1632428928883,255.30035400390625,1059062
2023-11-21,256.79422835413635,264.2635192871094,4484196
2023-11-22,265.90674679026125,263.4667663574219,3035462
2023-11-23,264.9108252592939,259.2839660644531,1306254
2023-11-24,260.42926321861887,263.3173828125,1361055
2023-11-28,264.6120638950263,262.37127685546875,1381102
2023-11-29,264.3132931571206,261.9231262207031,834624
2023-11-30,264.36309578479745,272.5793151855469,3766487
2023-12-01,273.8739932736956,266.35491943359375,1852272
2023-12-04,267.50021142351466,270.5875244140625,1708874
2023-12-05,271.682985920176,289.6092834472656,7071872
2023-12-06,305.74299857878754,299.66796875,5632135
2023-12-07,301.36099406775986,304.5976867675781,3274510
2023-12-08,306.04176329418317,295.883544921875,2616203
2023-12-11,296.97899839197083,294.7879943847656,1394231
2023-12-12,296.28186499489505,292.4974365234375,1020303
2023-12-13,293.79209714725886,289.9578552246094,943331
2023-12-14,293.294166393654,291.2027587890625,863174
2023-12-15,292.6966194862343,289.310546875,1048012
2023-12-18,290.8043951141074,292.09906005859375,956566
2023-12-19,292.5472336304236,293.44354248046875,854469
2023-12-20,294.29005959812304,273.6748046875,2834165
2023-12-21,273.32624900223857,278.7041320800781,1336788
2023-12-22,280.39715149726544,285.3766784667969,1352146
2023-12-26,286.97015552513017,306.091552734375,5588071
2023-12-27,305.1454152741273,306.6890869140625,3283658
2023-12-28,308.1829338099842,308.6310729980469,2315710
2023-12-29,309.72658517865256,308.23272705078125,1593613
2024-01-01,309.57721544670284,330.0430603027344,6026134
2024-01-02,331.2879475081387,333.42913818359375,2097925
2024-01-03,333.5287436282136,330.98919677734375,1004480
2024-01-04,332.6822011910088,364.05322265625,5282573
2024-01-05,368.98295330179457,385.3157958984375,6587811
2024-01-08,388.40312299823063,386.2619323730469,2813913
2024-01-09,389.19983885278464,385.2162170410156,1408785
2024-01-10,380.43589258742935,378.8424377441406,956981
2024-01-11,384.419481570533,374.41064453125,636554
2024-01-12,374.41067193944184,369.1323547363281,497570
2024-01-15,372.0702820378863,373.2653503417969,512322
2024-01-16,373.66375087111646,390.09619140625,1635182
2024-01-17,382.17873085172823,375.4065856933594,862347
2024-01-18,375.45635466879986,374.46044921875,732498
2024-01-19,375.1576064531461,372.5184326171875,534004
2024-01-23,372.4686658036616,363.2067565917969,870677
2024-01-24,359.6214767974551,363.4557189941406,1031573
2024-01-25,365.09893615898955,370.576416015625,351124
2024-01-29,372.07026747548997,368.7339782714844,483677
2024-01-30,370.5764215457068,364.05322265625,380628
2024-01-31,364.5013833792802,372.81719970703125,488732
2024-02-01,375.4065865046127,369.08258056640625,438357
2024-02-02,370.5764093596028,368.7339782714844,467807
2024-02-05,368.48501562863595,366.0948486328125,575278
2024-02-06,367.5389102969572,372.31927490234375,619200
2024-02-07,372.4686273416094,377.5975341796875,598662
2024-02-08,387.70596841764274,370.0784606933594,322619
2024-02-09,370.0784692656773,367.63848876953125,523553
2024-02-12,363.5054880178831,351.4052429199219,857421
2024-02-13,347.5710018887367,349.861572265625,741049
2024-02-14,341.0976083573883,353.49664306640625,415731
2024-02-15,354.6419426298056,358.02801513671875,312784
2024-02-16,360.1691809955677,362.6091613769531,421203
2024-02-19,365.4972768477289,361.2646789550781,372601
2024-02-20,364.1528192159449,362.858154296875,256673
2024-02-21,364.3520456369501,360.9659729003906,289415
2024-02-22,360.96595635251697,360.71697998046875,1244021
2024-02-23,361.6630241852559,364.4017639160156,406458
2024-02-26,367.48911517526943,364.7005920410156,826505
2024-02-27,367.2899269812277,364.50140380859375,311326
2024-02-28,366.6924074987105,358.5259704589844,407992
2024-02-29,363.4058892499079,366.7919616699219,906162
2024-03-01,366.79195607312147,362.2108154296875,273529
2024-03-04,363.0573121563015,354.3431396484375,325785
2024-03-05,353.54639652075423,351.95294189453125,230027
2024-03-06,348.66647954750533,340.5996398925781,660044
2024-03-07,340.54989434128186,332.5328369140625,633932
2024-03-11,331.6364762011966,315.90118408203125,725015
2024-03-12,300.1161193847656,300.1161193847656,825662
2024-03-13,285.1277160644531,285.1277160644531,744167
2024-03-14,270.8862704505079,299.3691711425781,938149
2024-03-15,310.7225052351804,313.9591979980469,1069686
2024-03-18,323.61948074964994,318.63995361328125,500351
2024-03-19,314.7558942446388,318.49053955078125,401069
2024-03-20,319.6856676178034,317.6440734863281,485717
2024-03-21,320.18362915285405,314.0090026855469,288584
2024-03-22,318.4905193819588,312.9632568359375,340612
2024-03-26,314.70612263958975,307.8343811035156,703155
2024-03-27,309.6768108675587,306.98785400390625,1102219
2024-03-28,306.73889894027377,301.0622253417969,425761
2024-04-01,301.0621918867384,314.4073486328125,357267
2024-04-02,314.70612648912646,321.478271484375,1058802
2024-04-03,321.47828626364424,335.57037353515625,541379
2024-04-04,340.99802718248634,333.0805969238281,295942
2024-04-05,337.0642419615528,333.9769287109375,207975
2024-04-08,333.87731373446275,326.9059753417969,227272
2024-04-09,329.5948984916724,331.5368957519531,310860
2024-04-10,331.13858367635896,321.7272644042969,298488
2024-04-12,322.37459465801504,316.1003723144531,352304
2024-04-15,306.7388423583007,308.382080078125,579928
2024-04-16,301.85895331591314,307.63519287109375,455662
2024-04-18,312.7143019012873,320.53216552734375,744839
2024-04-19,318.6897578594089,332.18426513671875,1453688
2024-04-22,337.6119596833353,348.76611328125,641393
2024-04-23,354.0443989664028,366.1944580078125,1064963
2024-04-24,372.46864456439397,359.2231140136719,716067
2024-04-25,370.47682652392587,366.0948486328125,271633
2024-04-26,382.4276830808081,369.7298889160156,843375
2024-04-29,378.44405977520915,376.4024658203125,1391679
2024-04-30,377.6473535632988,373.46453857421875,1446458
2024-05-02,375.5559498367394,372.4188537597656,812657
2024-05-03,372.5682538437246,374.0122985839844,1639508
2024-05-06,374.0122855080357,355.6378479003906,1083369
2024-05-07,344.8820310050371,365.1487121582031,1273838
2024-05-08,363.50549500134724,355.6378479003906,374840
2024-05-09,355.53821792375544,347.6207580566406,565340
2024-05-10,347.4714060077062,344.732666015625,359847
2024-05-13,344.732649717515,338.15966796875,422987
2024-05-14,340.7988756175716,349.4134521484375,588664
2024-05-15,353.5464680797204,353.94482421875,681780
2024-05-16,356.2851847535055,347.07305908203125,270712
2024-05-17,350.5587308604943,347.5710144042969,196779
2024-05-21,352.3015603877405,362.4598083496094,1149875
2024-05-22,365.49727418424345,360.7667236328125,787783
2024-05-23,362.5594010948435,353.94482421875,334668
2024-05-24,353.4966411313863,349.0648498535156,490810
2024-05-27,349.0648827753048,344.7825012207031,275245
2024-05-28,344.78245812274565,338.3588562011719,342698
2024-05-29,336.11809953232336,339.5539855957031,371470
2024-05-30,339.6037572767185,329.196533203125,366563
2024-05-31,332.9311572089132,331.5368957519531,451111
2024-06-03,347.5212294364693,339.5539855957031,554189
2024-06-04,339.5539988372903,322.57379150390625,743614
2024-06-05,306.4401065854578,322.77294921875,1258853
2024-06-06,329.9434468725379,336.1180725097656,497421
2024-06-07,338.91073901833215,341.3543395996094,438553
2024-06-10,345.09454110892653,358.260009765625,1465737
2024-06-11,363.3466371361809,352.8741149902344,804108
2024-06-12,352.8741031900367,361.302001953125,1221827
2024-06-13,363.3466541442735,359.90570068359375,511039
2024-06-14,363.34662455416515,360.9529113769531,812466
2024-06-18,363.1471423712354,362.8977966308594,636089
2024-06-19,364.8427176590258,381.0003356933594,2903722
2024-06-20,392.9689281452183,400.05035400390625,2870001
2024-06-21,406.9821492639077,393.4676208496094,2958884
2024-06-24,390.97413866841714,391.0738830566406,1142413
2024-06-25,393.4675933568582,399.5516357421875,1415863
2024-06-26,399.6015104670022,392.3704833984375,993143
2024-06-27,387.18408373849144,388.5804138183594,1416207
2024-06-28,390.37570529638054,393.16839599609375,891247
2024-07-01,397.90600353650143,395.8114929199219,851235
2024-07-02,398.9033566566149,400.15008544921875,1539361
2024-07-03,405.4361994785774,404.2892150878906,1312309
2024-07-04,411.3207677924716,401.5962829589844,667226
2024-07-05,403.5411840857684,402.24456787109375,657931
2024-07-08,404.13962246395135,404.3390808105469,837718
2024-07-09,406.73277897562684,424.53607177734375,3023180
2024-07-10,428.87473720583074,431.71728515625,3100267
2024-07-11,436.35509215076337,427.2789001464844,897241
2024-07-12,429.5728725362711,419.4992980957031,691345
2024-07-15,423.2893604161564,417.005859375,784183
2024-07-16,418.6016733474125,431.3681640625,3973242
2024-07-18,434.75927927305656,413.26568603515625,1544079
2024-07-19,413.26564765042036,399.70123291015625,1239244
2024-07-22,399.7012590585272,403.4913024902344,1028990
2024-07-23,406.78266797441603,407.73016357421875,955176
2024-07-24,408.6278372745924,407.9296569824219,577118
2024-07-25,405.9349096073127,401.4466857910156,404477
2024-07-26,402.84300453143305,421.49407958984375,1938950
2024-07-29,426.8799450530184,416.6567687988281,1053552
2024-07-30,419.7486598591038,429.47314453125,4056597
2024-07-31,435.2579523661743,428.0768127441406,1859931
2024-08-01,431.1188102649751,446.5782470703125,3527943
2024-08-02,439.84591709094104,466.0272216796875,3204417
2024-08-05,464.7306675934317,451.4654541015625,3564772
2024-08-06,451.36567958793563,474.00628662109375,1710004
2024-08-07,486.2242402455776,476.1506652832031,2107696
2024-08-08,477.44725201517986,466.27655029296875,1129899
2024-08-09,473.75694625015774,474.9039306640625,1562220
2024-08-12,472.7595583483534,470.7149353027344,1250531
2024-08-13,472.7097065252999,452.712158203125,1258840
2024-08-14,457.79879644312956,464.0324401855469,1606931
2024-08-16,467.77265677478755,463.6833801269531,777766
2024-08-19,465.7778703462021,486.9722595214844,2475011
2024-08-20,488.61795662746357,482.58380126953125,1162951
2024-08-21,482.7333804313622,482.2845458984375,551812
2024-08-22,482.2346759826941,482.38427734375,953434
2024-08-23,482.7334041463843,525.7705078125,6651290
2024-08-26,528.6130074542682,525.6707153320312,4162997
2024-08-27,526.4187742530603,529.2613525390625,1975531
2024-08-28,531.4056826970433,530.9568481445312,1283931
2024-08-29,530.9568659294779,523.4266357421875,1066587
2024-08-30,523.7258105454437,521.8806762695312,1235616
2024-09-02,522.9278973642855,520.733642578125,4084617
2024-09-03,520.7336274739367,529.6602172851562,1426774
2024-09-04,523.6260980332785,530.5579223632812,1084031
2024-09-05,533.001529906652,536.4923706054688,2075424
2024-09-06,539.1353806762435,528.4135131835938,936998
2024-09-09,520.6339555063207,528.8623657226562,1205611
2024-09-10,531.3059523269054,561.3770141601562,5161412
2024-09-11,562.5240610881024,558.7838745117188,3709777
2024-09-12,560.4794068120282,562.0751953125,1699992
2024-09-13,562.7234876177948,572.29833984375,2074000
2024-09-16,580.4769587393899,591.7473754882812,3182937
2024-09-17,594.4403307416536,638.9735107421875,9342532
2024-09-18,650.9420104293763,659.91845703125,9042822
2024-09-19,661.2649675781663,658.2229614257812,4526145
2024-09-20,663.1101335233045,639.3225708007812,2608657
2024-09-23,642.3645749530909,645.2071533203125,1306626
2024-09-24,647.2018822339844,643.26220703125,1046939
2024-09-25,646.7032250483097,658.37255859375,3142705
2024-09-26,662.3122217310612,655.1809692382812,4856900
2024-09-27,662.2623735897786,655.2308349609375,1692472
2024-09-30,655.3803158821854,659.91845703125,3825963
2024-10-01,662.2622899082261,665.8528442382812,2443321
2024-10-03,637.4274356646255,642.6636962890625,2381053
2024-10-04,642.6637639637759,632.9891967773438,2484114
2024-10-07,634.3355879419587,597.6817626953125,2797469
2024-10-08,594.3904122466882,606.0098876953125,2721059
2024-10-09,609.4509048223413,627.3539428710938,1547241
2024-10-10,630.3460841051141,628.0022583007812,991961
2024-10-11,631.1938366038295,636.679443359375,965009
2024-10-14,640.4196003798631,634.0862426757812,1118179
2024-10-15,636.8789446295673,647.5010986328125,1506332
2024-10-16,650.2937798506863,658.37255859375,2995445
2024-10-17,666.2519217555329,621.6688842773438,3139436
2024-10-18,611.5454441242629,618.32763671875,1769282
2024-10-21,620.3224108591259,610.0493774414062,1793274
2024-10-22,608.5033958377963,573.3456420898438,1942458
2024-10-23,560.9781335775618,570.2537841796875,1655657
2024-10-24,570.9519288161498,576.986083984375,2608821
2024-10-25,575.4900233983749,551.4031982421875,2356297
2024-10-28,547.5632934383787,570.1041259765625,1634849
2024-10-29,564.6185327538435,566.7130737304688,785812
2024-10-30,565.516192305537,565.9650268554688,537865
2024-10-31,563.5712894730068,571.5503540039062,570233
2024-11-01,571.5503750322493,574.7918701171875,217583
2024-11-04,575.3403908840635,558.3350219726562,640808
2024-11-05,554.5449914343744,585.1148071289062,1460253
2024-11-06,591.4481841313782,586.2617797851562,981899
2024-11-07,589.2040060981172,575.1409301757812,570981
2024-11-08,574.4926780941169,552.6499633789062,680821
2024-11-11,548.5607058825906,542.5265502929688,650019
2024-11-12,544.5212498125862,531.0565795898438,636320
2024-11-13,525.471229709572,502.2821044921875,1579487
2024-11-14,502.2821152025842,496.4474182128906,1276367
2024-11-18,496.4474014988304,497.04583740234375,1573000
2024-11-19,498.69150746132965,492.1586608886719,782127
2024-11-21,492.15866815022974,479.8908386230469,827883
2024-11-22,476.74908809642665,487.1717529296875,617313
2024-11-25,503.67843626194565,488.7675476074219,844071
2024-11-26,491.3607510390381,497.4447937011719,685697
2024-11-27,502.63122167437217,530.3584594726562,2027335
2024-11-28,531.7548113851662,522.6785888671875,1117175
2024-11-29,524.5736270729914,525.7205810546875,683054
2024-12-02,523.6260835225522,532.9017333984375,898401
2024-12-03,534.7469093647223,538.6865234375,753489
2024-12-04,541.2797807616854,552.3507080078125,966406
2024-12-05,556.0410572193219,569.4558715820312,1807331
2024-12-06,572.8968292776954,569.6553344726562,957238
2024-12-09,572.3482304524465,563.8206176757812,892366
2024-12-10,568.5083479120342,563.92041015625,587714
2024-12-11,566.0149029514754,567.4611206054688,449026
2024-12-12,567.5109824425978,564.0201416015625,664254
2024-12-13,563.6210987336298,560.5292358398438,789580
2024-12-16,559.3822406567953,555.093505859375,388370
2024-12-17,553.4977026482671,550.1564331054688,1133487
2024-12-18,550.1564609288869,544.0724487304688,1074427
2024-12-19,536.7915684989193,539.9332885742188,640676
2024-12-20,542.3768782183363,545.4188842773438,1038123
2024-12-23,552.051544433174,548.4110717773438,894879
2024-12-24,548.3611822090824,550.3060913085938,609512
2024-12-26,553.5476108209358,564.3193359375,2023409
2024-12-27,568.8573901401568,571.4506225585938,6286229
2024-12-30,580.0280497285812,586.8102416992188,2499019
2024-12-31,585.413972622802,583.1698608398438,1374231
2025-01-01,587.9572917716735,579.7288818359375,618020
2025-01-02,580.4769178025266,585.9625244140625,901601
2025-01-03,586.4612033665492,590.0517578125,1798871
2025-01-06,590.0517641255232,566.1644897460938,1394864
2025-01-07,560.5292624375737,568.308837890625,1162220
2025-01-08,569.5056780606773,570.9020385742188,854665
2025-01-09,569.35611442905,577.53466796875,1323737
2025-01-10,576.4873445704816,573.5949096679688,1202128
2025-01-13,567.3114717475204,545.1695556640625,1303239
2025-01-14,553.5475616507626,544.6209716796875,1508655
2025-01-15,548.560630385077,538.6366577148438,692376
2025-01-16,543.4241053090399,541.878173828125,381042
2025-01-17,543.2745611706671,534.7469482421875,381826
2025-01-20,535.5946694045008,538.7364501953125,676106
2025-01-21,536.5920832144905,527.8151245117188,366996
2025-01-22,527.6156206564013,529.8098754882812,858888
2025-01-23,526.6182044796868,531.0067138671875,255290
2025-01-24,531.3557859322896,512.7047119140625,510915
2025-01-27,503.6784129061818,480.8383483886719,707053
2025-01-28,482.33443342632205,460.4418640136719,1436413
2025-01-29,463.7830938428193,481.5364990234375,625342
2025-01-30,483.23207821155603,483.88037109375,542915
2025-01-31,486.72292450494086,492.40802001953125,433475
2025-02-01,496.14820425799127,494.30303955078125,431237
2025-02-03,483.7307575686823,481.0378112792969,405053
2025-02-04,488.7176769006287,488.16912841796875,373712
2025-02-05,495.30041244895955,511.40814208984375,849201
2025-02-06,513.801912363682,500.287353515625,351516
2025-02-07,500.68627768064425,492.009033203125,345408
2025-02-10,491.21116215314464,474.1060485839844,451635
2025-02-11,473.75695067952245,448.5730285644531,758656
2025-02-12,438.84855204405216,433.01385498046875,1303897
2025-02-13,435.85639545667163,438.0007629394531,567886
2025-02-14,439.79609062952966,412.6174011230469,1185198
2025-02-17,412.4178904222985,416.30767822265625,1044443
2025-02-18,415.26041310806505,413.5648498535156,1117898
2025-02-19,413.9139705150053,440.09527587890625,1573385
2025-02-20,438.84852085366737,447.2265319824219,697401
2025-02-21,447.2265678133465,455.75421142578125,628343
2025-02-24,434.859025189196,445.5310363769531,621263
2025-02-25,446.8276166266713,433.01385498046875,472552
2025-02-27,433.81177872038205,420.6961669921875,382163
2025-02-28,418.9008917636252,407.181640625,1152889
2025-03-03,403.94013011696745,397.556884765625,1339413
2025-03-04,390.9243069365303,409.4257507324219,1099505
2025-03-05,409.92440618041877,433.31304931640625,1323418
2025-03-06,438.8485502227105,435.2579650878906,524133
2025-03-07,432.8642456241175,433.6621398925781,598638
2025-03-10,435.8564029988566,410.1239318847656,737083
2025-03-11,403.94013033353366,405.1868591308594,705521
2025-03-12,408.17900192623125,403.5910339355469,625055
2025-03-13,408.47821878796,400.5490417480469,618997
2025-03-17,399.0030888663373,400.947998046875,719955
2025-03-18,400.947998046875,400.947998046875,0
2025-03-19,422.8904152436278,430.0216979980469,967613
2025-03-20,434.75926647560567,425.3340148925781,792061
2025-03-21,427.57812246964573,440.39447021484375,812456
2025-03-24,443.8354513863395,456.8512878417969,1000736
2025-03-25,459.8933580075633,431.71728515625,1340736
2025-03-26,431.8169834183106,422.4415588378906,598568
2025-03-27,425.8327187089167,428.525634765625,1983615
2025-03-28,432.76449787398883,423.239501953125,591009
2025-04-01,437.55192870487156,434.7093811035156,920562
2025-04-02,431.36815993492087,453.70953369140625,6114932
2025-04-03,450.01926654027756,455.10589599609375,1493317
2025-04-04,455.8040365755283,432.8642272949219,964363
2025-04-07,364.39388997513515,411.3706359863281,1258260
2025-04-08,421.2447490939964,411.8693542480469,596926
2025-04-09,411.8693316693027,407.58056640625,430461
2025-04-11,424.23687355517484,435.6568908691406,2826734
2025-04-15,442.8380627998123,448.32366943359375,1387526
2025-04-16,452.1636156173881,442.6884765625,908061
2025-04-17,443.2370085425733,461.83819580078125,1936237
2025-04-21,467.07448800360424,477.7963562011719,2674302
2025-04-22,492.707220953864,479.7412414550781,4364436
2025-04-23,482.7333826702493,465.8277282714844,1360175
2025-04-24,468.77002795922294,464.8303527832031,773140
2025-04-25,466.7752450413457,454.5074462890625,1540481
2025-04-28,454.80666663471936,450.96673583984375,672736
2025-04-29,450.9168810491109,460.3421325683594,1588282
2025-04-30,460.79096094042944,436.5545654296875,859662
2025-05-02,435.5571892409164,431.21856689453125,691197
2025-05-05,436.75403612112666,439.7461853027344,664077
2025-05-06,440.3944744707951,428.9744567871094,1211348
2025-05-07,414.91134858643136,424.2867431640625,877651
2025-05-08,427.87734718847724,429.42327880859375,779913
2025-05-09,419.39958590073917,413.26568603515625,895585
2025-05-12,428.8747029877447,439.496826171875,1628718
2025-05-13,441.49161499350413,444.1346740722656,890427
2025-05-14,447.17668588361397,445.3813781738281,1121984
2025-05-15,448.5231573815564,451.2659606933594,778765
2025-05-16,452.51270042490654,460.69122314453125,772741
2025-05-19,462.7857177211065,461.9878234863281,1129296
2025-05-20,463.7332478912705,461.83819580078125,695679
2025-05-21,460.7909799200113,463.88287353515625,541906
2025-05-22,466.675540416243,473.457763671875,2445671
2025-05-23,477.2525865409167,473.5576171875,699549
2025-05-26,477.4523397356002,476.6034851074219,816574
2025-05-27,476.60345839446455,478.4509582519531,690094
2025-05-28,478.3510889901306,475.50494384765625,636255
2025-05-29,474.65611305784915,475.4550476074219,299833
2025-05-30,475.455040135849,471.7600402832031,427907
2025-06-02,469.3133601871199,463.6709899902344,531679
2025-06-03,464.46994096634126,472.2094421386719,2159393
2025-06-04,474.10685339003885,481.6965637207031,925018
2025-06-05,484.34298684190986,496.6263122558594,3225667
2025-06-06,499.32263763111297,495.7275085449219,1564229
2025-06-09,498.32402151363505,496.6263122558594,659206
2025-06-10,499.7221030760893,489.68572998046875,800892
2025-06-11,491.283573780315,486.5400085449219,648508
2025-06-12,490.8840743270309,475.954345703125,664475
2025-06-13,461.3741365921126,468.8140563964844,705144
2025-06-16,464.32014285438686,468.5144348144531,740382
2025-06-17,471.7600509864203,457.2796936035156,512009
2025-06-18,457.27967183371203,449.83978271484375,795143
2025-06-19,448.59147266256394,437.3067626953125,989839
2025-06-20,436.90731148399726,438.90460205078125,2304809
2025-06-23,439.50381022301025,440.1529235839844,575850
2025-06-24,444.3971639075206,439.453857421875,745782
2025-06-25,448.1420934930778,452.03680419921875,1245565
2025-06-26,453.8842967131016,448.3418273925781,615381
2025-06-27,451.287805444282,504.4656677246094,54673090
2025-06-30,505.8138313352708,517.0985107421875,12957025
2025-07-01,518.246994967451,502.2187194824219,3055208
2025-07-02,502.31858095705644,493.2808532714844,1751929
2025-07-03,495.228187699185,503.01763916015625,3839179
2025-07-04,504.31589350682384,498.6735534667969,1096682
2025-07-07,499.32265330973877,490.384765625,1113131
2025-07-08,490.0352508503354,492.3321228027344,1248284
2025-07-09,494.3294262815138,509.2591857910156,6252613
2025-07-10,511.30640989419334,509.3590393066406,1640122
2025-07-11,508.80977700771973,498.52374267578125,1002828
2025-07-14,498.52376107322004,515.9501342773438,2122303
2025-07-15,519.2955845564751,512.4049072265625,8008377
2025-07-16,517.2982511288802,513.4534912109375,1745805
2025-07-17,516.0000119782795,516.9986572265625,1368241
2025-07-18,519.1957361373499,513.2537841796875,912845
2025-07-21,513.3036900907117,509.50885009765625,954467
2025-07-22,517.2982390617844,512.454833984375,1101892
2025-07-23,516.0998974511517,514.1525268554688,1180014
2025-07-24,518.7463282726516,512.3050537109375,1819589
2025-07-25,512.3050439337381,497.6748962402344,924986
2025-07-28,495.328081975631,480.4482727050781,1188611
2025-07-29,482.74513583250524,485.8409423828125,1261123
2025-07-30,488.58720549405626,478.251220703125,644579
2025-07-31,477.3025355436516,472.4091491699219,613536
2025-08-01,472.3093020578274,462.12310791015625,719102
2025-08-04,463.32149841613165,474.20672607421875,888341
2025-08-05,475.2552801079655,470.7114562988281,660300
2025-08-06,470.71146641261,456.2311096191406,1385714
2025-08-07,451.8370859864645,450.3890380859375,1051180
2025-08-08,451.0381439738121,448.74127197265625,591238
2025-08-11,445.4956828868639,445.84521484375,590227
2025-08-12,448.0921468161306,468.6642150878906,5568591
2025-08-13,470.8612567340639,473.05828857421875,1121497
2025-08-14,474.006984650468,466.017822265625,574253
2025-08-18,474.35652643416427,470.411865234375,494532
2025-08-19,470.36193713709525,479.4496154785156,820449
2025-08-20,479.34974556225154,476.9530029296875,525981
2025-08-21,476.3538118644537,477.65203857421875,632303
2025-08-22,473.3578803997,468.8140563964844,489454
2025-08-25,469.5630253435935,465.51849365234375,504416
2025-08-26,464.37007861357495,454.9828186035156,583323
2025-08-28,454.2837389782327,450.0894470214844,497097
2025-08-29,452.18657536453435,445.2959289550781,494580
2025-09-01,446.79391619734986,452.03680419921875,498339
2025-09-02,454.18388396606827,461.1244812011719,776704
2025-09-03,461.37412101423865,463.920654296875,414509
2025-09-04,467.51580605811745,456.5806579589844,385660
2025-09-05,456.68048164808164,454.1838684082031,511841
2025-09-08,456.28103711544344,451.7372131347656,333433
2025-09-09,453.78442006318784,449.88970947265625,315167
2025-09-10,452.03677877361105,467.76544189453125,5457521
2025-09-11,474.25665955534475,474.3066101074219,950599
2025-09-12,474.30660865222296,469.063720703125,834775
2025-09-15,468.36464930194643,465.36871337890625,924771
2025-09-16,467.06642632406516,463.12176513671875,607817
2025-09-17,465.3188036911241,467.2661437988281,1101940
2025-09-18,467.7654530989809,469.2135009765625,842844
2025-09-19,469.31336254497637,466.4172668457031,1150095
2025-09-22,464.37005505633755,454.5833435058594,905726
2025-09-23,454.8829375012289,451.03814697265625,592276
2025-09-24,452.3863280077654,467.2162170410156,25572771
2025-09-25,467.6655778034893,461.6737060546875,3673359
2025-09-26,460.3255582932815,451.8869934082031,929376
2025-09-29,453.63463764160485,446.99365234375,826365
2025-09-30,448.29188059978094,439.95318603515625,879460
2025-10-01,441.90055068484645,447.64276123046875,828213
2025-10-03,448.7412853339937,450.88836669921875,617902
2025-10-06,452.2864418416163,456.18115234375,1513272
2025-10-07,459.3768452161962,461.0745544433594,1499677
2025-10-08,460.9746666714385,461.17437744140625,980323
2025-10-09,460.62514272992087,452.13665771484375,816186
2025-10-10,452.28645069266616,454.8829345703125,795803
2025-10-13,454.3836020014887,467.3160705566406,2401012
2025-10-14,468.4645266546204,465.41864013671875,1252758
2025-10-15,465.76816251181964,471.2607116699219,1880582
2025-10-16,472.3592410769346,467.2661437988281,1423818
2025-10-17,468.16492093768477,455.6818542480469,1174656
2025-10-20,454.38360463018,459.3768310546875,3169271
2025-10-21,463.3714264803602,467.2162170410156,727994
2025-10-23,467.9651862202713,470.0623474121094,1798108
2025-10-24,470.112275668475,471.2607116699219,1060280
2025-10-27,471.2107812751936,473.4577331542969,1563649
2025-10-28,472.45911458559436,473.657470703125,1907906
2025-10-29,473.35786730913054,485.0919494628906,2732080
2025-10-30,487.33890436117537,485.34161376953125,1715222
2025-10-31,484.34298486150936,481.5967102050781,1264457
2025-11-03,480.348404369817,475.0056457519531,576417
2025-11-04,472.3592259150622,461.9233703613281,584907
2025-11-06,461.9233875928658,455.6818542480469,535636
2025-11-07,454.18386166641125,452.08673095703125,572943
2025-11-10,452.38632124247243,450.7884826660156,328457
2025-11-11,451.437603494849,458.57794189453125,602940
2025-11-12,462.17302938469595,459.1770935058594,429885
2025-11-13,459.1271718793955,455.9814453125,360870
2025-11-14,455.38225870756247,453.9841613769531,462167
2025-11-17,453.38497551904965,455.6319274902344,297595
2025-11-18,456.28104010059815,449.93963623046875,280338
2025-11-19,449.88969758839823,450.9382629394531,321668
2025-11-20,452.4362533298736,445.6454772949219,455094
2025-11-21,444.14750859348146,439.95318603515625,440598
2025-11-24,439.40392950699794,421.4283142089844,1206778
2025-11-25,424.424246906983,440.05303955078125,7407896
2025-11-26,440.1030042596841,445.84521484375,785002
2025-11-27,447.99230516271825,444.5469665527344,446171
2025-11-28,444.5469621933212,437.0072021484375,368662
2025-12-01,437.90596712531664,436.70758056640625,335648
2025-12-02,438.20554774426347,433.0625305175781,401437
2025-12-03,433.51192752220584,448.94097900390625,3012879
2025-12-04,447.04356514120144,461.7236633300781,3599088
2025-12-05,461.72366997582606,476.1041564941406,9501190
2025-12-08,470.3619254706936,461.623779296875,1888468
2025-12-09,458.07861250523075,456.48077392578125,1038584
2025-12-10,455.8815836654383,462.8721008300781,1565464
2025-12-11,461.3741433149326,458.62786865234375,705651
2025-12-12,461.37413286615094,464.9193115234375,864587
2025-12-15,466.2175571647511,476.2040100097656,1192994
2025-12-16,473.8571985421933,469.4631652832031,501080
2025-12-17,469.46317349382633,464.5198669433594,602016
2025-12-18,461.8734391574763,462.5225524902344,473792
2025-12-19,465.3687200282904,477.7019958496094,1170689
2025-12-22,479.14999183262194,482.54541015625,957608
2025-12-23,485.3416241901677,481.0973815917969,1256839
2025-12-24,478.35110843775976,482.2458190917969,928093
2025-12-26,482.2458026974331,481.8962707519531,1132003
2025-12-29,484.34298486150936,481.5967102050781,809950
2025-12-30,480.34839540850953,488.58721923828125,1432828
2025-12-31,489.43606936462595,487.1891174316406,897666
2026-01-01,487.08925423500557,484.742431640625,297411
2026-01-02,486.73971492960965,493.3307800292969,1213228
2026-01-05,491.18370241762057,489.03662109375,997134
2026-01-06,489.33620851577433,479.2998352050781,735637
2026-01-07,480.897630676075,480.79779052734375,602997
2026-01-08,478.85043112520276,476.1041564941406,620164
2026-01-09,477.6021033183022,470.2620544433594,733933
2026-01-12,468.3646478673202,470.3619384765625,1331742
2026-01-13,471.3605823522571,473.3079528808594,466757
2026-01-14,473.25800826446203,469.71282958984375,534266
2026-01-15,469.71282958984375,469.71282958984375,0
2026-01-16,471.959791236525,472.0596618652344,1022265
2026-01-19,476.35382555676745,461.3741455078125,1264991
2026-01-20,461.3741365928558,448.3418273925781,1079455
2026-01-21,448.3917400394484,450.7884826660156,1511123
2026-01-22,459.3768466876703,458.1285400390625,1169385
2026-01-23,460.3255573438751,446.1947021484375,578372
2026-01-27,445.7952613074995,447.64276123046875,677646
2026-01-28,447.64275378752296,448.0422058105469,543764
2026-01-29,446.3944575228812,460.1757507324219,1221325
2026-01-30,459.3768399963544,460.1258239746094,818987
2026-02-02,444.94639380721554,459.82623291015625,3185438
2026-02-03,474.35651115593987,460.97467041015625,2085592
2026-02-04,460.97468156629645,458.3282775878906,1306954
2026-02-05,459.37684216452953,454.6831970214844,1153466
2026-02-06,454.13394093950427,454.5833435058594,384707
2026-02-09,457.87887274544875,455.5820007324219,1144701
2026-02-10,452.7857683152708,460.0758972167969,837127
2026-02-11,462.3727780916895,454.6831970214844,479893
2026-02-12,456.28102357087545,451.6373291015625,390938
2026-02-13,449.39039723945183,449.73992919921875,586000
2026-02-16,449.88969690516495,470.2620544433594,2108351
2026-02-17,469.3633006137795,465.8680419921875,956258
2026-02-18,469.2634292129922,470.411865234375,1968077
2026-02-19,471.21078273405453,472.5589599609375,3909516
2026-02-20,472.6588136087924,489.03662109375,2835143
2026-02-23,496.6762470951757,489.68572998046875,1388420
2026-02-24,488.3874593563345,487.53863525390625,1366504
2026-02-25,493.3307775769175,482.3955993652344,1329925
2026-02-26,484.3928967145675,482.445556640625,1145138
2026-02-27,483.3443216754739,484.19317626953125,548410
2026-03-02,465.36872771889966,456.830322265625,1792331
2026-03-04,448.2419506894545,441.7008056640625,1954413
2026-03-05,442.54967564001095,456.830322265625,3081382
2026-03-06,451.68727448905867,450.6886291503906,987260
2026-03-09,442.54964675733015,439.5537109375,2083065
2026-03-10,449.8897079905824,450.7884826660156,1037055
2026-03-11,450.8883434526072,446.3944396972656,1031425
2026-03-12,443.99771413446877,452.4362487792969,1571524
2026-03-13,448.8910594449869,438.2554931640625,1504559
2026-03-16,433.4120508469848,440.2527770996094,1921374
2026-03-17,441.30136624323,446.34454345703125,2055941
2026-03-18,448.391753329952,452.9355773925781,1713826
2026-03-19,444.3971603107877,451.9369201660156,2321173
2026-03-20,454.38361184398445,450.7884826660156,2332864
2026-03-23,444.39715332250165,437.5564270019531,2277031
2026-03-24,439.2541341926546,445.0462646484375,3325540
2026-03-25,448.3917510596924,460.4254150390625,2188259
2026-03-27,457.37954302634677,443.24871826171875,3460190
2026-03-30,438.4052861475559,441.00177001953125,4719867
2026-04-01,451.6872580355706,446.2446594238281,3637095
2026-04-02,438.5550696559678,447.5428771972656,4078044
2026-04-06,446.2446720078629,450.88836669921875,3197443
2026-04-07,447.3930838644581,455.48211669921875,3174290
2026-04-08,469.3633065557654,468.4145812988281,3874303
2026-04-09,464.12039852950966,464.1703186035156,3088288
2026-04-10,465.36869868547586,470.2620544433594,2331267
2026-04-13,462.3727767501123,469.91253662109375,3018407
2026-04-15,475.3551768127889,489.7856140136719,3147772
2026-04-16,493.8301146658108,488.1877746582031,3588761
2026-04-17,490.53458608767863,492.8813781738281,2566918
2026-04-20,495.3280720779013,488.3375549316406,5461730
2026-04-21,489.33620184316413,505.86376953125,6547185
2026-04-22,509.309127737452,522.391357421875,3171788
2026-04-23,521.2928570769989,535.4736328125,3980730
2026-04-24,548.2562654959646,565.383056640625,77258510
2026-04-27,576.2183262688071,569.876953125,21019872
2026-04-28,570.226494042076,570.6259765625,9311132
2026-04-29,572.7729853672879,600.7849731445312,10045746
2026-04-30,603.1318567296585,606.9266967773438,13260089
2026-05-01,606.9266967773438,606.9266967773438,0
2026-05-04,618.3112605084758,609.0737915039062,15427013
2026-05-05,609.1736642291991,613.8673095703125,16746158
2026-05-06,608.5744943221735,634.2896118164062,15500586
2026-05-07,639.1329891383432,614.0670166015625,9678191
2026-05-08,617.1627895089794,636.7861938476562,12389012
2026-05-11,631.0939257979305,615.1156005859375,15397336
2026-05-12,614.6661912847986,606.8767700195312,19156210
2026-05-13,605.1790695685346,617.8618774414062,13151585
2026-05-14,616.6634528539637,616.2140502929688,4558922
2026-05-15,619.1601152868079,595.192626953125,7890942
2026-05-18,592.3963887717639,550.7528686523438,8758965
2026-05-19,556.2454115637125,562.9862670898438,20865976
2026-05-20,557.2441013523685,580.6124267578125,5599067
2026-05-21,583.2088851396987,589.75,11914065
2026-05-22,596.0,587.1500244140625,5185493
2026-05-25,587.0,593.25,6111518
2026-05-26,595.5,606.4000244140625,6911907
2026-05-27,607.9000244140625,607.2000122070312,8455044
2026-05-28,607.2000122070312,607.2000122070312,0
2026-05-29,611.0,606.4500122070312,6139031
2026-06-01,604.0,603.4000244140625,8763874
2026-06-02,600.0,607.0999755859375,7233121
2026-06-03,609.0,602.0499877929688,11405271
2026-06-04,602.0,642.0,19227270
2026-06-05,645.75,685.0499877929688,24445679
2026-06-08,680.0,667.2000122070312,26999921
2026-06-09,663.0,679.5,14690494
2026-06-10,682.0,693.0,21296979
2026-06-11,687.5,680.0499877929688,12918718
2026-06-12,692.0,680.5,16776394
2026-06-15,690.0,668.9000244140625,13206369
2026-06-16,672.0,689.2000122070312,12041950
2026-06-17,689.7999877929688,701.0999755859375,12294889
2026-06-18,700.7000122070312,690.2999877929688,14206270
2026-06-19,689.0,671.0499877929688,13846530
2026-06-22,676.9500122070312,655.0499877929688,24307326
2026-06-23,660.0,639.25,19800406
2026-06-24,637.75,663.0,10544357
2026-06-25,663.9500122070312,678.0999755859375,14453572
2026-06-26,678.0999755859375,678.0999755859375,0
2026-06-29,677.9500122070312,675.5,14119959
2026-06-30,677.9500122070312,679.2000122070312,13229737
2026-07-01,678.7000122070312,645.5499877929688,18649588
2026-07-02,649.2000122070312,662.6500244140625,8235138
2026-07-03,667.0,680.6500244140625,7010858
2026-07-06,682.0,684.1500244140625,14017070
2026-07-07,685.0,643.5499877929688,23524955
2026-07-08,642.4000244140625,640.8499755859375,4819274
2026-07-09,642.0,650.0499877929688,4897333
2026-07-10,656.0,660.4500122070312,2613472
2026-07-13,658.5999755859375,663.0999755859375,4418989
2026-07-14,662.5,671.4000244140625,5549481
2026-07-15,676.0,681.5499877929688,6528408
2026-07-16,690.0,722.3499755859375,28438175
2026-07-17,727.5,741.5499877929688,18316544
2026-07-20,742.0499877929688,769.9000244140625,18133649
2026-07-21,771.0,800.9000244140625,21404570
2026-07-22,819.0,768.25,21308321
2026-07-23,764.9500122070312,777.6500244140625,9425589
2026-07-24,774.0999755859375,789.5499877929688,4447225
2026-07-27,793.2000122070312,790.4500122070312,7101930
2026-07-28,792.0,749.6500244140625,11559706
2026-07-29,753.0,769.9000244140625,5770526
2026-07-30,771.0,760.5,3384244
2026-07-31,763.5999755859375,750.6500244140625,4621023
2026-08-03,750.0,750.6500244140625,3225995
2026-08-04,752.0,751.6500244140625,2503579
2026-08-05,754.9000244140625,748.9500122070312,2130026
2026-08-06,753.0499877929688,761.0,2555878
2026-08-07,761.4000244140625,752.6500244140625,4327549
2026-08-10,753.0499877929688,772.0499877929688,3188066
2026-08-11,775.0,755.5,6808669
2026-08-12,760.0,762.4000244140625,2240303
2026-08-13,766.5999755859375,778.1500244140625,3575794
2026-08-14,781.0,781.0499877929688,3402990
2026-08-17,784.5,787.4000244140625,3215825
2026-08-18,786.9500122070312,781.7999877929688,3303592
2026-08-19,782.5,750.25,33126152
2026-08-20,755.0,704.2000122070312,12482496
2026-08-21,705.0999755859375,654.4000244140625,17256079
2026-08-24,660.4500122070312,662.2000122070312,11631592
2026-08-25,662.5,659.75,3736145
2026-08-26,664.5,663.8499755859375,6849204
2026-08-27,663.9000244140625,674.3499755859375,7924818
2026-08-28,677.1500244140625,672.9500122070312,8440567
2026-08-31,673.0,659.2000122070312,4860217
2026-09-01,660.3499755859375,680.8499755859375,14160503
2026-09-02,672.5,659.5999755859375,10982851
2026-09-03,662.1500244140625,662.0,2750945
2026-09-04,664.4000244140625,671.0499877929688,2597175
2026-09-07,666.0,672.6500244140625,2666117
2026-09-08,676.2999877929688,670.6500244140625,1689241
2026-09-09,672.0,667.0499877929688,2178664
2026-09-10,666.5,663.75,906421
2026-09-11,660.0,664.9000244140625,1420588
2026-09-14,664.9000244140625,664.9000244140625,0
2026-09-15,665.0,637.25,7510515
2026-09-16,640.0,652.7999877929688,4620164
2026-09-17,655.0,653.3499755859375,1154408
2026-09-18,656.5,675.3499755859375,2687060
2026-09-21,678.0,676.4500122070312,2961942
2026-09-22,676.3499755859375,669.4500122070312,2079223
