Date,Open,Close,Volume
2018-01-01,469.10968596891786,465.4266052246094,224567
2018-01-02,467.12278476449796,465.6204528808594,130654
2018-01-03,467.1712814321983,464.8451232910156,243441
2018-01-04,465.232710535598,472.4535217285156,468362
2018-01-05,475.89436250544514,474.6343688964844,552213
2018-01-08,476.13668366485524,478.2690124511719,424011
2018-01-09,479.62588882051256,491.111328125,489975
2018-01-10,494.3098432367498,511.7560729980469,625141
2018-01-11,515.5359360014115,538.1675415039062,673424
2018-01-12,541.8023934442721,516.3115234375,481689
2018-01-15,520.0914306485942,509.33294677734375,200194
2018-01-16,508.9451626968239,504.53515625,305786
2018-01-17,501.09450642113546,499.1560363769531,375437
2018-01-18,501.0944670797046,487.7674865722656,202714
2018-01-19,485.58669014654214,491.402099609375,86215
2018-01-22,495.13366162694734,491.88671875,102546
2018-01-23,494.3098113907957,495.1336669921875,94611
2018-01-24,499.0590823679601,527.506103515625,657731
2018-01-25,529.105378976193,511.9014587402344,255961
2018-01-29,515.6330130090897,513.7914428710938,201090
2018-01-30,513.7914482560486,509.8660583496094,343218
2018-01-31,524.3075366134493,512.5313110351562,834203
2018-02-01,518.0560670254213,505.6498718261719,248924
2018-02-02,501.0943891728551,475.1673583984375,410403
2018-02-05,466.2020047565642,454.5227355957031,661475
2018-02-06,437.1249718602204,445.02423095703125,212602
2018-02-07,450.6457302731844,456.65496826171875,71254
2018-02-08,456.7518847000186,461.5011291503906,223401
2018-02-09,450.6942585991475,440.4688415527344,767406
2018-02-12,443.9095638828926,448.998046875,266764
2018-02-14,452.390361972039,457.3334655761719,154300
2018-02-15,458.88420314105343,465.5234375,266197
2018-02-16,469.0612438961918,464.2635192871094,70056
2018-02-19,467.17114630649814,461.4526672363281,62789
2018-02-20,462.32510763671286,457.91510009765625,38972
2018-02-21,464.74816268351174,452.2934875488281,69996
2018-02-22,450.9849055112959,465.71728515625,308939
2018-02-23,466.68663184805365,466.153564453125,61549
2018-02-26,466.68656116703846,542.093017578125,2295099
2018-02-27,526.9245830282792,512.4345092773438,980423
2018-02-28,505.84364878425845,503.1782531738281,1140455
2018-03-01,504.0505947895386,494.3582458496094,655534
2018-03-05,495.3275000443228,476.86358642578125,446854
2018-03-06,483.0182542923686,466.541259765625,1146787
2018-03-07,463.2942041202811,464.069580078125,358697
2018-03-08,469.25503940464154,482.291259765625,405919
2018-03-09,486.5559353841441,508.65447998046875,1001890
2018-03-12,513.2583581363307,515.6329956054688,489962
2018-03-13,518.5406515830182,539.8153686523438,1111325
2018-03-14,537.9254149638235,526.9246215820312,283542
2018-03-15,530.510564128008,525.034423828125,394117
2018-03-16,526.2945264408661,495.4728698730469,305728
2018-03-19,496.24839177598386,480.2560119628906,212187
2018-03-20,479.4320460239627,467.7527770996094,343408
2018-03-21,472.9865919426306,487.0404968261719,1140729
2018-03-22,481.3220698968102,472.55047607421875,486178
2018-03-23,463.29425477036995,454.2319030761719,398449
2018-03-26,456.8973269349259,462.2281188964844,427146
2018-03-27,466.201968597496,474.1012268066406,182726
2018-03-28,472.88965901710174,494.55206298828125,773932
2018-04-02,496.7813339833983,485.87744140625,466974
2018-04-03,486.2651851338745,495.18212890625,259910
2018-04-04,504.002223129181,480.7890319824219,316409
2018-04-05,488.93057165073674,483.5513000488281,200163
2018-04-06,486.943552951999,489.85125732421875,237099
2018-04-09,496.2482219382038,487.1374206542969,121553
2018-04-10,493.43752345582976,516.3599243164062,1032415
2018-04-11,513.7913231862142,500.9005126953125,281732
2018-04-12,503.3237345649865,488.15521240234375,237525
2018-04-13,491.4021398278632,492.5167541503906,171852
2018-04-16,489.46368295394956,498.1867980957031,132924
2018-04-17,500.1253075997069,497.26605224609375,286622
2018-04-18,500.1251727544774,497.21746826171875,213189
2018-04-19,498.1866019041457,500.9974060058594,633525
2018-04-20,500.1251103023831,505.2135925292969,542235
2018-04-23,509.720523289331,559.393798828125,2314914
2018-04-24,575.8710423015883,549.604736328125,1780471
2018-04-25,551.4946787789066,551.6885375976562,1048556
2018-04-26,555.8561840498929,533.8060913085938,657378
2018-04-27,535.0177547173206,529.4931030273438,245555
2018-04-30,533.5153283845698,532.5945434570312,689827
2018-05-02,535.6961409514383,524.8406982421875,964679
2018-05-03,526.9729961961331,504.2928771972656,271526
2018-05-04,503.51746907433454,498.6712951660156,371217
2018-05-07,501.14284512083987,502.3059387207031,331001
2018-05-08,504.77750771595345,500.7552185058594,356431
2018-05-09,500.5128906884017,521.109130859375,693898
2018-05-10,520.4306182483973,518.1044311523438,618803
2018-05-11,520.2852169004676,513.1129150390625,96393
2018-05-14,513.5975495127243,538.7491455078125,719479
2018-05-15,537.9253727520422,515.0514526367188,290912
2018-05-16,518.9284996776494,514.5184326171875,168758
2018-05-17,518.3951573834794,510.6897888183594,81132
2018-05-18,510.6897927948954,508.5574645996094,241254
2018-05-21,505.55289418279824,500.3190612792969,325398
2018-05-22,500.31905884142543,496.2482604980469,270519
2018-05-23,496.2482368266605,484.32666015625,315337
2018-05-24,489.415132099694,483.2120056152344,244579
2018-05-25,486.943603515625,486.943603515625,338072
2018-05-28,491.7897732747481,496.0059509277344,245925
2018-05-29,495.27904966647094,496.1029052734375,100323
2018-05-30,490.48129306815605,495.6182556152344,203407
2018-05-31,498.1967714636482,493.2829284667969,125955
2018-06-01,489.97462775444245,495.8615417480469,223358
2018-06-04,498.3428055367949,494.6452331542969,148635
2018-06-05,495.08298588473735,488.0284423828125,271349
2018-06-06,481.65515531898046,495.4236755371094,209097
2018-06-07,496.2507426477576,501.2132263183594,280118
2018-06-08,496.34801016287213,500.2401428222656,49833
2018-06-11,501.894352050362,496.785888671875,100249
2018-06-12,496.25072059121493,497.8562316894531,89830
2018-06-13,497.9049504134328,513.1817016601562,460088
2018-06-14,512.792404509798,494.9371032714844,581951
2018-06-15,493.81814079376034,491.48284912109375,181766
2018-06-18,490.89896935286345,496.4453125,208683
2018-06-19,496.25076263729886,491.38555908203125,360855
2018-06-20,499.16987197158335,490.12060546875,180812
2018-06-21,488.02852875470654,487.68798828125,353000
2018-06-22,490.70440285585204,486.3743896484375,422634
2018-06-25,487.4934011897685,469.9786682128906,377617
2018-06-26,467.15685028903226,453.0477600097656,432114
2018-06-27,451.49082745581296,450.4691467285156,518006
2018-06-28,449.4961747889396,447.1122131347656,310030
2018-06-29,450.51781786053465,464.48095703125,506445
2018-07-02,464.18904378727916,462.9241027832031,741589
2018-07-03,458.01021559189724,463.6538391113281,291741
2018-07-04,464.0917244072055,459.12921142578125,157423
2018-07-05,455.4802867673922,445.2146911621094,497062
2018-07-06,448.52306375184867,447.5986633300781,531853
2018-07-09,448.5716782301365,460.4914245605469,364250
2018-07-10,462.29157160453195,476.35198974609375,423612
2018-07-11,475.5249437593464,475.9141540527344,190414
2018-07-12,481.60652268462337,463.1673889160156,192811
2018-07-13,463.6538907254349,463.8485107421875,355227
2018-07-16,465.7946273128164,449.0096740722656,221349
2018-07-17,447.98788325053806,451.6854553222656,324327
2018-07-18,455.04245326678824,445.06878662109375,147214
2018-07-19,447.79329027241647,452.804443359375,252160
2018-07-20,455.0424260964149,473.6761474609375,762846
2018-07-23,474.8437530343734,469.73529052734375,376169
2018-07-24,469.735367601426,463.31329345703125,123801
2018-07-25,461.2213429960478,450.9071044921875,249270
2018-07-26,453.33960943517,466.5729675292969,196849
2018-07-27,469.34607482896075,467.3999938964844,255701
2018-07-30,470.95160426833235,477.5682678222656,286110
2018-07-31,495.76417106575616,482.7254333496094,1049197
2018-08-01,481.6551417978045,474.98980712890625,363389
2018-08-02,474.84384264830857,468.5677185058594,75419
2018-08-03,469.49209503068886,471.48681640625,101650
2018-08-06,472.89775035054146,468.1784973144531,70893
2018-08-07,469.78401813502074,463.11871337890625,107083
2018-08-08,460.73469826027195,466.3296813964844,164292
2018-08-09,466.57300219520374,463.7511901855469,196839
2018-08-10,466.4756927745066,470.9030456542969,545258
2018-08-13,467.88659360626895,468.71368408203125,220209
2018-08-14,469.0056596757898,465.9892272949219,169381
2018-08-16,462.24288779741795,457.0857849121094,133124
2018-08-17,461.5131801732887,462.0483703613281,113875
2018-08-20,464.1403813701588,466.71893310546875,312183
2018-08-21,463.84847695040304,462.388916015625,177958
2018-08-23,465.84320685030923,457.0372009277344,189464
2018-08-24,454.4100431828444,456.2101745605469,146764
2018-08-27,457.3291149076104,456.30743408203125,140321
2018-08-28,453.97205309265695,448.0365295410156,538681
2018-08-29,447.59874272789125,444.33905029296875,175189
2018-08-30,445.74996358281953,440.8360900878906,240103
2018-08-31,440.9820234878387,428.9649658203125,838029
2018-09-03,427.65142509021155,443.36602783203125,605164
2018-09-04,443.4145945129763,440.3981628417969,442748
2018-09-05,435.72757331027606,430.6191101074219,551457
2018-09-06,434.9977676935839,435.24102783203125,107453
2018-09-07,433.0030979862583,440.0090026855469,77584
2018-09-10,441.7604688957556,440.0576477050781,276636
2018-09-11,442.6848652490692,442.87945556640625,256998
2018-09-12,440.20358081924905,437.04119873046875,104832
2018-09-14,436.40870264834973,456.7939147949219,568859
2018-09-17,457.2804414506578,457.4263916015625,177154
2018-09-18,456.3560982520999,448.52313232421875,209119
2018-09-19,452.4152885311124,440.7388000488281,193719
2018-09-21,442.68482391163565,420.20758056640625,604687
2018-09-24,416.02347176375633,395.4923400878906,817859
2018-09-25,395.492384565517,395.05450439453125,808757
2018-09-26,397.9735889683345,405.56329345703125,297992
2018-09-27,408.6284113472042,405.70928955078125,337223
2018-09-28,404.34701959918345,394.665283203125,547020
2018-10-01,390.18931630798056,392.913818359375,1252856
2018-10-03,392.135333761345,389.1675720214844,1856871
2018-10-04,379.68049667630964,384.691650390625,476921
2018-10-05,380.4589110545623,379.4858703613281,1357452
2018-10-08,379.4859021632073,367.7607727050781,2039774
2018-10-09,365.47400959327905,365.5713195800781,435713
2018-10-10,362.1657312750424,364.9388732910156,444400
2018-10-11,352.43533434233206,359.87908935546875,127079
2018-10-12,365.23083559814245,374.96124267578125,444732
2018-10-15,374.62062107460696,370.19329833984375,314778
2018-10-16,371.2149615419956,365.1820983886719,349684
2018-10-17,368.4904751651228,365.0361633300781,1322576
2018-10-19,366.7877014098815,363.18743896484375,140688
2018-10-22,363.23610362320903,369.9987487792969,527126
2018-10-23,371.11778735271594,383.91326904296875,689609
2018-10-24,384.5457108257349,420.8401184082031,1126182
2018-10-25,413.54230191980673,408.7257385253906,394838
2018-10-26,412.0340866930228,411.45025634765625,166448
2018-10-29,408.9689712477007,412.1800231933594,166303
2018-10-30,412.76386615114944,413.4449768066406,316858
2018-10-31,415.9748803607872,411.936767578125,245033
2018-11-01,413.39634132768094,417.7750244140625,344204
2018-11-02,420.35364398872986,415.8290100097656,235993
2018-11-05,414.51534770794376,422.78619384765625,182158
2018-11-06,427.6513777374271,427.7486877441406,392795
2018-11-07,430.95967512234853,428.2838134765625,36152
2018-11-09,430.57053331972946,407.4608154296875,598831
2018-11-12,407.460847889911,398.31427001953125,477360
2018-11-13,399.8710202098706,392.3299560546875,243153
2018-11-14,394.859878167837,385.27545166015625,725346
2018-11-15,387.65945866928683,394.8599548339844,363262
2018-11-16,397.00061996225224,401.67120361328125,363034
2018-11-19,403.8118645198853,410.720458984375,359294
2018-11-20,412.56930077903064,410.2340087890625,137844
2018-11-21,412.179996350394,413.93145751953125,445063
2018-11-22,416.41275347513874,413.5909118652344,87800
2018-11-26,416.12087526750537,416.0722351074219,159651
2018-11-27,413.590884014818,414.4666442871094,553794
2018-11-28,413.5422700280666,403.568603515625,439309
2018-11-29,401.23329505852763,418.55340576171875,1255825
2018-11-30,416.6559650896942,434.2679748535156,943123
2018-12-03,437.7710022454316,459.27520751953125,1250723
2018-12-04,459.0805938167676,466.76763916015625,337775
2018-12-05,465.98916616167,454.2640380859375,282800
2018-12-06,453.2423453793031,462.7294921875,397293
2018-12-07,467.0595194068014,464.5782775878906,792832
2018-12-10,459.76163963252174,449.8852844238281,409417
2018-12-11,442.7821200576958,436.0681457519531,293914
2018-12-12,439.81433890383965,454.4585876464844,431883
2018-12-13,454.45869875145604,461.51324462890625,348684
2018-12-14,465.1134260444661,463.8971252441406,152261
2018-12-17,466.76758692759483,463.9944152832031,213555
2018-12-18,466.0864612298309,470.41650390625,812837
2018-12-19,471.8760787281014,467.6919860839844,114216
2018-12-20,471.38958394911873,462.7781677246094,73442
2018-12-21,461.6105359057332,440.1549987792969,215192
2018-12-24,439.86294104969403,440.106201171875,165248
2018-12-26,435.0464771287486,434.7545471191406,71505
2018-12-27,435.92220180346465,438.69537353515625,164909
2018-12-28,444.67955250531537,439.1332092285156,119046
2018-12-31,443.0253850461317,428.9649658203125,256403
2019-01-01,432.9058031593898,442.4416198730469,312694
2019-01-02,440.7874491152051,435.3870849609375,389093
2019-01-03,438.06288283640714,436.5060119628906,127886
2019-01-04,438.8412511633859,450.8583068847656,343653
2019-01-07,453.58284581956605,445.2146911621094,542900
2019-01-08,448.8150027444545,439.6684265136719,317297
2019-01-09,442.68485032948627,445.3120422363281,160252
2019-01-10,447.0148074351412,447.64727783203125,309824
2019-01-11,447.9392677852566,440.2035827636719,99363
2019-01-14,439.6683932509706,431.9327087402344,149033
2019-01-15,433.6841577021687,440.106201171875,540050
2019-01-16,441.7604110171315,441.51715087890625,216001
2019-01-17,441.66310543371475,447.8419189453125,620582
2019-01-18,451.39356060152767,437.72235107421875,619559
2019-01-21,437.81968681259934,433.1004333496094,221923
2019-01-22,430.08400141440706,435.6789855957031,374527
2019-01-23,436.652036583795,428.3325500488281,393172
2019-01-24,433.4896000211171,458.9832763671875,1096773
2019-01-25,461.2212563846339,444.9714660644531,638118
2019-01-28,447.5501004817517,436.0195617675781,131400
2019-01-29,434.9491984818732,432.46795654296875,83575
2019-01-30,433.92745626699144,421.61846923828125,198099
2019-01-31,425.7053016305577,432.66253662109375,211627
2019-02-01,438.35484608646,441.9551086425781,666607
2019-02-04,445.6526305508171,442.0523681640625,234707
2019-02-05,441.7603881631693,436.1654052734375,69161
2019-02-06,438.8413665058616,437.3818054199219,357971
2019-02-07,440.0089601049837,439.32781982421875,152581
2019-02-08,440.5928073483831,432.6138916015625,758807
2019-02-11,430.08396326783173,429.88934326171875,62339
2019-02-12,432.66254290937434,433.2950134277344,529202
2019-02-14,444.679531906949,445.5066223144531,118138
2019-02-15,446.5769554488192,455.3343200683594,216540
2019-02-18,457.2804857573889,475.5736389160156,813729
2019-02-19,482.72544366082286,471.6814270019531,1327632
2019-02-20,474.8438469456536,468.0325622558594,538920
2019-02-21,469.9786862907167,473.5789489746094,2074915
2019-02-22,475.81686444657305,489.5367431640625,1439111
2019-02-25,506.0297992169068,474.98980712890625,1699463
2019-02-26,469.00555356189307,479.8549499511719,687506
2019-02-27,478.97919915655825,484.2336120605469,528175
2019-02-28,487.25011064816727,481.9956970214844,280970
2019-03-01,484.76891158294075,473.2383728027344,354204
2019-03-05,474.357377770629,472.8005065917969,466480
2019-03-06,473.9194311431144,468.1784973144531,363816
2019-03-07,469.20023486738637,464.1404113769531,168153
2019-03-08,464.5295688005543,467.643310546875,471370
2019-03-11,469.58947174745873,464.67559814453125,276901
2019-03-12,469.686688447516,470.65972900390625,524145
2019-03-13,473.286951158332,468.37310791015625,1269466
2019-03-14,472.70314517775995,465.4540100097656,337753
2019-03-15,468.95699660975964,474.35736083984375,307080
2019-03-18,475.8168970930038,486.42303466796875,1166941
2019-03-19,491.58014766360355,481.947021484375,828410
2019-03-20,484.47694205265384,483.45526123046875,298907
2019-03-22,484.5742345295113,502.7214660644531,2120562
2019-03-25,499.6563340156299,498.73193359375,2375072
2019-03-26,501.0186084162036,506.9541320800781,420654
2019-03-27,510.74913598499916,509.2408752441406,569757
2019-03-28,509.9219082215366,517.6575927734375,512934
2019-04-01,512.2087052163948,517.6090698242188,340540
2019-04-02,522.522849088014,532.4478759765625,978174
2019-04-03,534.9777169607885,523.495849609375,318284
2019-04-04,524.4689140205638,520.2848510742188,229343
2019-04-05,520.2849278411072,523.3013305664062,719680
2019-04-08,523.4957878475307,522.9119873046875,487974
2019-04-09,524.0309888947172,527.2907104492188,183487
2019-04-10,526.9015329512058,549.6220092773438,842142
2019-04-11,549.622015595544,552.5411376953125,1062406
2019-04-12,553.465386150512,571.0774536132812,1413624
2019-04-15,574.6291104838725,581.6836547851562,1575206
2019-04-16,583.8243829567083,561.34716796875,315848
2019-04-18,562.3689672110311,534.39404296875,434047
2019-04-22,536.5346787676882,516.0521240234375,219012
2019-04-23,519.019898386806,512.7437744140625,168982
2019-04-24,512.7438097482635,508.2191467285156,140844
2019-04-25,513.7655313126392,519.749755859375,661742
2019-04-26,523.2039466920105,504.61883544921875,431895
2019-04-30,504.7161292803192,493.6234436035156,559389
2019-05-02,495.76426882532985,501.6511535644531,410808
2019-05-03,504.81350228129656,509.3381652832031,502496
2019-05-06,505.98104757501795,507.6838684082031,486185
2019-05-07,509.87340260604014,507.1975402832031,151283
2019-05-08,503.30527478061714,479.0765686035156,506732
2019-05-09,477.76292950539545,489.0988464355469,229855
2019-05-10,499.55909682732687,508.5597229003906,960829
2019-05-13,504.03518871128256,523.2527465820312,1069068
2019-05-14,524.5175112612883,495.3262939453125,490570
2019-05-15,500.14274424375066,515.370849609375,329892
2019-05-16,515.7114814955748,508.80291748046875,152812
2019-05-17,507.92713173073463,511.4300537109375,125976
2019-05-20,522.5229063895603,551.3248901367188,1540037
2019-05-21,553.4655333403264,540.4754638671875,313595
2019-05-22,538.2374423967233,540.6700439453125,159185
2019-05-23,544.2215229475337,518.7765502929688,514194
2019-05-24,528.2638995673383,538.43212890625,310617
2019-05-27,539.0644834612244,552.492431640625,431259
2019-05-28,556.0927168252455,548.6976318359375,1062472
2019-05-29,551.1302165234724,543.9783325195312,972701
2019-05-30,543.881152891518,548.3571166992188,171585
2019-05-31,550.4004518932398,546.4109497070312,273506
2019-06-03,546.5083330025499,545.097412109375,381440
2019-06-04,544.9028372144448,540.378173828125,211685
2019-06-06,544.5135155908393,524.177001953125,302537
2019-06-07,528.3611863413557,520.7228393554688,205153
2019-06-10,522.6687713710738,529.0421752929688,107292
2019-06-11,526.9015771940802,524.8582153320312,161129
2019-06-12,521.5497160073194,516.1493530273438,159792
2019-06-13,513.765411723903,514.0573120117188,253929
2019-06-14,514.6411698354309,501.7483825683594,276433
2019-06-17,502.0889573623014,499.5103759765625,127928
2019-06-18,499.2185373256136,506.37042236328125,74205
2019-06-19,509.8733274013426,519.9442749023438,264880
2019-06-20,522.2309199526247,515.0303955078125,172716
2019-06-21,518.1442219798204,540.4268798828125,462581
2019-06-24,541.9835993507905,527.2907104492188,158732
2019-06-25,530.3070849439533,550.4490356445312,516005
2019-06-26,549.7679504898093,563.5364990234375,527904
2019-06-27,564.3635174552818,576.2832641601562,549578
2019-06-28,569.2287284536146,591.2194213867188,673709
2019-07-01,595.2088769606232,601.6309204101562,624020
2019-07-02,602.2148338784378,591.2681274414062,278108
2019-07-03,591.9978874199635,591.6572875976562,300795
2019-07-04,590.1977716187437,606.93408203125,728815
2019-07-05,614.3778595929994,568.012451171875,659938
2019-07-08,566.3096711915829,538.0914916992188,431925
2019-07-09,530.3557534043941,576.4292602539062,757140
2019-07-10,577.9861728418273,555.94677734375,1412728
2019-07-11,558.8172665755577,539.9889526367188,415125
2019-07-12,544.7082340697144,541.1079711914062,443348
2019-07-15,544.464859342275,553.7573852539062,263386
2019-07-16,553.6601237770313,550.4977416992188,702868
2019-07-17,550.6924485369575,545.583984375,239114
2019-07-18,544.9027305732783,554.243896484375,550036
2019-07-19,557.69828802611,546.702880859375,250515
2019-07-22,538.1888666234482,534.39404296875,137714
2019-07-23,536.2425409440361,551.519287109375,486099
2019-07-24,551.5194873829574,535.0751342773438,247641
2019-07-25,510.79767263881394,530.84228515625,884386
2019-07-26,534.1507336832831,535.0751342773438,161693
2019-07-29,535.1723704118335,535.8048706054688,216474
2019-07-30,534.1994672708789,533.664306640625,408781
2019-07-31,530.5017986666692,534.7831420898438,160832
2019-08-01,534.9290644906881,547.3839721679688,519407
2019-08-02,543.5405098298085,537.6536254882812,200807
2019-08-05,533.7128301884276,534.296630859375,239000
2019-08-06,534.1993065293057,546.4595947265625,140828
2019-08-07,545.8757582239912,535.2695922851562,255101
2019-08-08,539.8916186303618,537.7509765625,87589
2019-08-09,539.0645223531512,533.4208984375,171125
2019-08-13,535.9995244018543,521.7931518554688,89690
2019-08-14,532.097011546388,525.0648803710938,268131
2019-08-16,527.0181581269045,522.4277954101562,283099
2019-08-19,524.4788331644563,532.7806396484375,202894
2019-08-20,529.8506354345329,513.3446655273438,903831
2019-08-21,507.8753072892841,500.6478271484375,2180052
2019-08-22,488.34156687597863,473.2518005371094,1280417
2019-08-23,464.41291478737116,450.0068359375,1010327
2019-08-26,458.1132871397955,476.5237731933594,1110840
2019-08-27,479.45377869682795,479.7956237792969,503252
2019-08-28,484.6302594892167,525.7974243164062,1356338
2019-08-29,529.9971826332904,536.6874389648438,1110860
2019-08-30,536.7362203112311,554.7072143554688,659055
2019-09-03,554.7071219395841,527.9459838867188,1045074
2019-09-04,520.9628722054617,521.3046875,305719
2019-09-05,527.1648121632477,502.4059143066406,350431
2019-09-06,507.3381727266931,489.0253601074219,1107347
2019-09-09,496.0573988733347,501.5756530761719,316729
2019-09-11,504.4568875790372,551.142333984375,1027630
2019-09-12,553.0957046211568,531.8528442382812,487090
2019-09-13,537.1756966557621,534.09912109375,1308235
2019-09-16,526.9205138734154,527.2623291015625,349585
2019-09-17,524.4789148695138,503.480224609375,381796
2019-09-18,514.7120933241516,511.78204345703125,322565
2019-09-19,512.758718852553,514.6144409179688,230105
2019-09-20,503.8708591851926,519.4000854492188,1984150
2019-09-23,525.4555800202756,543.9149169921875,477506
2019-09-24,538.152496168125,533.5620727539062,184085
2019-09-25,537.9570692387792,509.0472717285156,549424
2019-09-26,505.9219503367906,507.97296142578125,519179
2019-09-27,511.1472086672234,494.1529541015625,434267
2019-09-30,494.1529133769001,495.7644348144531,618561
2019-10-01,495.76444931067533,478.9654846191406,376962
2019-10-03,480.5281160122743,478.4282531738281,459549
2019-10-04,481.40719030750563,477.0121154785156,206224
2019-10-07,476.57264493687904,472.5682373046875,100507
2019-10-09,471.5426680658694,488.4881286621094,559207
2019-10-10,488.09748584496265,483.8489074707031,395448
2019-10-11,486.876601988345,484.5813903808594,270707
2019-10-14,480.1375299608352,484.3861083984375,202136
2019-10-15,484.4348516958756,493.1761779785156,105766
2019-10-16,493.22502130844276,495.27606201171875,109697
2019-10-17,495.1784280891299,503.3337097167969,184349
2019-10-18,505.82432453990026,527.4578247070312,465765
2019-10-22,514.7120667533463,500.94085693359375,366858
2019-10-23,502.79647378629517,482.72564697265625,361459
2019-10-24,483.4581976318359,488.34161376953125,238415
2019-10-25,488.34162591711436,493.0296936035156,438618
2019-10-27,492.7366697529197,488.1950988769531,17488
2019-10-29,487.1695944252532,488.4393005371094,164309
2019-10-30,488.43925210102645,480.5769348144531,163238
2019-10-31,489.36717651819464,495.0807800292969,528446
2019-11-01,498.1572525661016,499.0851135253906,319612
2019-11-04,503.96858362950616,488.8788146972656,342559
2019-11-05,489.31830950315907,488.4393005371094,267745
2019-11-06,492.2483838374072,493.2250671386719,505760
2019-11-07,507.87531648246295,497.5713195800781,212533
2019-11-08,495.56908933316015,503.04071044921875,191156
2019-11-11,499.0850940585641,510.7564697265625,276078
2019-11-13,505.9220186778829,508.2660827636719,209778
2019-11-14,506.3126309119977,504.2127380371094,115747
2019-11-15,503.9685473817902,498.7432861328125,334534
2019-11-18,499.0850838877165,495.71551513671875,164152
2019-11-19,495.17847540173415,502.2594299316406,431551
2019-11-20,502.16177519015184,503.38262939453125,413941
2019-11-21,504.6522504987193,494.7388916015625,308816
2019-11-22,494.2017254281197,493.0296936035156,159179
2019-11-25,503.04065592059607,494.39703369140625,489483
2019-11-26,496.15503245869286,489.9042663574219,197954
2019-11-27,488.24400182025784,484.7279357910156,328381
2019-11-28,485.0209126902736,495.9597473144531,465894
2019-11-29,496.0573861822793,504.8475646972656,405692
2019-12-02,504.84760240721494,501.52685546875,355609
2019-12-03,502.0151421464696,522.8184814453125,1024092
2019-12-04,522.3302280095548,529.3135375976562,486957
2019-12-05,528.8738488477193,541.4730834960938,472641
2019-12-06,541.0824590462253,545.4287109375,218158
2019-12-09,546.9425283080574,538.4453735351562,510087
2019-12-10,530.3389939774761,511.537841796875,238529
2019-12-11,510.80537685757673,496.4481201171875,334778
2019-12-12,499.5246297793394,496.8875732421875,159743
2019-12-13,499.2804791807559,511.537841796875,294014
2019-12-16,510.6100613453854,512.1727905273438,207191
2019-12-17,512.172739876756,502.3570251464844,498793
2019-12-18,503.82205359678227,505.04290771484375,240549
2019-12-19,506.31259224028696,506.8009338378906,641172
2019-12-20,507.97297180230584,505.8731384277344,189097
2019-12-23,505.8243269741578,509.8287048339844,68030
2019-12-24,512.5145272431402,508.9007873535156,169722
2019-12-26,508.9496208146738,507.5334777832031,77740
2019-12-27,509.48678180186073,511.63543701171875,350240
2019-12-30,513.6865327903047,516.1770629882812,185262
2019-12-31,516.1771455469585,518.2770385742188,72234
2020-01-01,518.2769419703948,510.7564697265625,45551
2020-01-02,510.8052269224546,516.518798828125,74931
2020-01-03,516.5677374237537,513.5888061523438,196706
2020-01-06,512.7587209884508,503.04071044921875,105233
2020-01-07,507.3869111966427,505.7753601074219,91187
2020-01-08,501.62449732454877,499.573486328125,118575
2020-01-09,502.94310499140346,509.8775329589844,692636
2020-01-10,517.6421227792698,528.0438232421875,451021
2020-01-13,535.9060629258232,529.1181030273438,359470
2020-01-14,529.9972306181149,526.920654296875,437981
2020-01-15,523.5021221724267,541.71728515625,589298
2020-01-16,544.8915079083692,535.954833984375,327925
2020-01-17,534.2456983850825,531.1203002929688,340724
2020-01-20,536.1990773740192,530.7296752929688,284850
2020-01-21,527.4090384656378,536.9317016601562,384251
2020-01-22,539.1291701835363,535.4177856445312,105884
2020-01-23,538.152433232534,540.7894897460938,297620
2020-01-24,543.9638874912655,551.875,230561
2020-01-27,551.8261120260394,552.8027954101562,449617
2020-01-28,548.8470939243103,540.0569458007812,165932
2020-01-29,543.6707533191294,540.5941772460938,253562
2020-01-30,546.9425157025354,541.71728515625,554123
2020-01-31,545.0868915286142,532.8295288085938,168229
2020-02-03,508.2659117771856,512.4656372070312,447212
2020-02-04,516.6166339263515,527.7019653320312,206308
2020-02-05,528.1902978172528,525.21142578125,369493
2020-02-06,527.3113990545296,525.3580322265625,153704
2020-02-07,525.357879407745,521.2557983398438,123937
2020-02-10,524.4789215072445,512.7098999023438,165790
2020-02-11,513.8330795855205,507.3869934082031,125932
2020-02-12,507.8753002672911,508.5589904785156,122854
2020-02-13,507.3869658789517,505.2382507324219,185290
2020-02-14,506.36142241222853,495.27606201171875,107214
2020-02-17,496.4969463249087,490.6856689453125,259122
2020-02-18,488.24395905383574,498.6456298828125,772348
2020-02-19,506.60561005555496,498.3038024902344,584140
2020-02-20,498.20616839072045,505.8731384277344,161880
2020-02-24,504.8475664186351,506.06842041015625,195129
2020-02-25,508.85205549581076,507.9241943359375,101573
2020-02-26,506.70325294709914,501.42919921875,135537
2020-02-27,500.06185670435065,502.69891357421875,92894
2020-02-28,488.341591241961,498.0596008300781,785992
2020-03-02,500.35491777242834,503.9686584472656,200561
2020-03-03,511.78201468955365,504.5545349121094,222850
2020-03-04,502.99191980904527,494.1040954589844,573290
2020-03-05,494.3971000988876,484.5325927734375,225225
2020-03-06,469.7846852084716,488.0486755371094,377391
2020-03-09,480.52816315200175,481.4560241699219,348147
2020-03-11,474.96100335985255,473.78900146484375,197946
2020-03-12,459.04110183484835,442.3398132324219,178107
2020-03-13,413.1370526799335,445.7582702636719,285879
2020-03-16,421.9271523383711,433.5008544921875,630657
2020-03-17,425.00372082503503,427.6407775878906,648219
2020-03-18,446.344239473891,424.8572082519531,1407905
2020-03-19,408.2536005188811,434.81939697265625,1688232
2020-03-20,427.78723387075013,420.803955078125,261503
2020-03-23,399.4634497846415,397.6077575683594,228260
2020-03-24,371.4326373749293,400.34246826171875,520591
2020-03-25,387.5479297577532,391.30816650390625,341097
2020-03-26,390.77098349088465,376.9020690917969,199372
2020-03-27,382.95753389262967,356.2452392578125,368878
2020-03-30,356.245206656435,332.5606384277344,198026
2020-03-31,341.0088978722304,324.0146179199219,443679
2020-04-01,324.0146583713331,318.056884765625,221253
2020-04-03,313.02697131443074,312.7339782714844,1037017
2020-04-07,318.3499007542819,313.1734619140625,904279
2020-04-08,313.5152545563472,299.25567626953125,477314
2020-04-09,303.35781826929883,303.1136474609375,874235
2020-04-13,301.3555687596071,290.3190612792969,413443
2020-04-15,290.5631910754788,302.771728515625,832853
2020-04-16,301.40448926915553,333.390869140625,710833
2020-04-17,352.5825982571363,376.3648376464844,1801958
2020-04-20,380.6134973958967,382.5668640136719,2113745
2020-04-21,379.73444218868065,356.5870666503906,377320
2020-04-22,355.07312028629303,347.1131591796875,366777
2020-04-23,348.57829326176926,346.5272521972656,303815
2020-04-24,336.9557069573269,306.4343566894531,600734
2020-04-27,316.83607031451567,325.3820495605469,624795
2020-04-28,332.2676970457828,320.15679931640625,252889
2020-04-29,323.9658660379124,321.670654296875,224287
2020-04-30,330.1190254643278,336.46746826171875,1020991
2020-05-04,319.3753652443646,310.6828918457031,321418
2020-05-05,318.20332255626977,307.9481506347656,286349
2020-05-06,304.96936723962506,329.679443359375,740588
2020-05-07,332.0722645455278,331.3397521972656,168722
2020-05-08,336.76040604935764,316.6895751953125,264798
2020-05-11,322.5984968370557,320.7916564941406,156437
2020-05-12,318.44757003980624,326.6517333984375,285860
2020-05-13,339.88577869321614,335.10003662109375,334422
2020-05-14,336.9557578445984,329.04461669921875,130412
2020-05-15,334.0256924206252,312.24566650390625,347873
2020-05-18,316.4453989220616,292.9561767578125,806192
2020-05-19,298.3767085738939,294.03045654296875,1392886
2020-05-20,293.9816533839555,294.177001953125,805758
2020-05-21,296.8140526222044,293.8840026855469,311671
2020-05-22,298.37677321563075,286.070556640625,263809
2020-05-26,289.00056967914213,294.9583435058594,213084
2020-05-27,297.7418987277613,296.4233703613281,578827
2020-05-28,298.7673966843443,299.9882507324219,649458
2020-05-29,299.841729230249,312.34326171875,549089
2020-06-01,315.4686628024432,327.0911865234375,244612
2020-06-02,329.8747444424148,343.30413818359375,761198
2020-06-03,343.30418136689354,367.08642578125,733036
2020-06-04,367.0864070866088,366.69573974609375,646787
2020-06-05,366.2562034706384,363.423828125,278818
2020-06-08,378.90430708027037,358.4427795410156,300487
2020-06-09,361.3727753525856,363.5703125,299215
2020-06-10,362.83780320839264,378.5624084472656,477664
2020-06-11,380.8087563396229,366.6468505859375,425841
2020-06-12,356.58711663395223,362.5448913574219,360669
2020-06-15,362.5448512801264,355.2197265625,177127
2020-06-16,357.75907284832164,345.99005126953125,234299
2020-06-17,350.5805162443515,349.9456481933594,317437
2020-06-18,351.3617947725043,353.608154296875,74994
2020-06-19,353.9500158196212,366.0608825683594,507471
2020-06-22,368.99093708981496,374.0697021484375,388441
2020-06-23,376.95089924783724,378.4159240722656,427649
2020-06-24,382.859846115595,374.2650451660156,376180
2020-06-25,371.1396921445397,377.29278564453125,184759
2020-06-26,381.2971870151774,366.5981140136719,111820
2020-06-29,365.08424505551807,353.3640441894531,241874
2020-06-30,356.53823945201333,357.270751953125,302785
2020-07-01,357.9544052744655,352.6314697265625,259231
2020-07-02,356.19634914333517,351.6059265136719,124170
2020-07-03,351.70363653035184,351.16644287109375,144268
2020-07-06,357.85676393602046,363.2773742675781,669851
2020-07-07,364.20514576094945,364.2539978027344,481920
2020-07-08,364.6447062525693,358.5404357910156,181206
2020-07-09,362.3494700498706,358.8334045410156,73460
2020-07-10,354.5360511502286,357.75909423828125,194038
2020-07-13,360.7867953984641,358.5404357910156,776500
2020-07-14,363.1308246029037,359.95660400390625,116722
2020-07-15,357.56369848878904,363.17962646484375,325496
2020-07-16,363.2285190010475,356.2452392578125,263359
2020-07-17,363.3261992915036,356.2940673828125,229896
2020-07-20,356.2940287908441,358.88226318359375,139724
2020-07-21,358.4427792362495,367.8677673339844,589877
2020-07-22,368.20958685183336,371.5303039550781,339179
2020-07-23,374.0696787297125,397.3147277832031,827676
2020-07-24,395.4590112818191,380.2227478027344,187531
2020-07-27,383.29935640657476,372.5069885253906,311484
2020-07-28,372.7511408509832,363.423828125,334164
2020-07-29,361.3728086962475,356.5870666503906,232501
2020-07-30,356.5871192797863,349.50616455078125,132214
2020-07-31,351.60602442644785,341.74151611328125,198698
2020-08-03,337.5417681028027,329.2399597167969,402207
2020-08-04,329.3376230711689,344.3785400390625,207821
2020-08-05,345.74594200085886,346.47845458984375,203724
2020-08-06,351.7036693463117,357.4660949707031,284324
2020-08-07,360.2984005187081,360.0542297363281,253523
2020-08-10,361.3728472205501,362.6913757324219,93945
2020-08-11,367.2329866502761,353.8035888671875,149169
2020-08-12,351.6059873903666,355.9522399902344,120333
2020-08-13,359.4194323640281,362.78900146484375,740936
2020-08-14,365.86556950684434,355.9522399902344,211375
2020-08-17,361.3727883902372,342.18096923828125,443231
2020-08-18,344.1343423056024,356.00103759765625,2053615
2020-08-19,358.4427654173439,370.8954772949219,518296
2020-08-20,364.00985622607294,368.1119079589844,268200
2020-08-21,373.09298828714583,378.1717529296875,710626
2020-08-24,378.17168672708794,371.1395568847656,336238
2020-08-25,375.8276812416764,364.10748291015625,285151
2020-08-26,364.59585420527196,358.5404357910156,483997
2020-08-27,388.62224138781943,384.1783447265625,2139070
2020-08-28,382.56677435769546,403.80963134765625,1153626
2020-08-31,429.74064597863395,380.8088073730469,712718
2020-09-01,371.6280612002298,374.8511047363281,309284
2020-09-02,375.0464013500024,376.853271484375,222874
2020-09-03,376.0230605967724,367.9654235839844,536489
2020-09-04,365.1818812823681,362.4960021972656,306775
2020-09-07,362.49601856907105,370.35833740234375,860884
2020-09-08,370.9442949502321,371.8233337402344,705133
2020-09-09,369.96759948925813,367.6235656738281,318668
2020-09-10,369.2839275878817,368.2583923339844,248986
2020-09-11,366.2562661606927,369.7234802246094,1337265
2020-09-14,376.0230558221631,391.6011657714844,966230
2020-09-15,394.4823959627567,398.14495849609375,340408
2020-09-16,400.34246426784813,406.5932312011719,655792
2020-09-17,406.1049036964929,398.4867858886719,640060
2020-09-18,401.9051860406551,419.3389892578125,910577
2020-09-21,418.411175608548,402.78424072265625,359193
2020-09-22,405.8119053369703,408.3512878417969,383076
2020-09-23,410.30465895275404,402.3446960449219,314874
2020-09-24,396.97292168522847,394.970703125,236056
2020-09-25,394.5312237555403,393.35919189453125,199190
2020-09-28,399.46342260440207,395.9473571777344,195192
2020-09-29,399.3657784820753,390.6244812011719,258234
2020-09-30,390.6733267549968,385.0085754394531,143863
2020-10-01,386.7665627190438,398.7797546386719,152591
2020-10-05,401.85634170927807,388.47576904296875,349955
2020-10-06,394.28703751578456,395.41021728515625,225273
2020-10-07,397.80307763210465,389.40362548828125,140742
2020-10-08,390.5756593775369,381.1994934082031,931550
2020-10-09,385.2037989600886,370.7489013671875,765709
2020-10-12,370.8466525361753,364.5958557128906,559925
2020-10-13,361.42160033366133,374.2161560058594,362363
2020-10-14,376.12074634640527,381.1018371582031,406714
2020-10-15,384.8131543558824,377.1950378417969,176396
2020-10-16,377.97645473860786,379.5391540527344,149019
2020-10-19,389.50123264668287,380.6622619628906,245668
2020-10-20,386.7665354271914,447.07672119140625,3426932
2020-10-21,456.0622811768094,461.5805358886719,3651010
2020-10-22,452.1555549699559,472.27520751953125,1981214
2020-10-23,472.12866384755654,446.5395812988281,593468
2020-10-26,446.5884634632605,440.9725341796875,381376
2020-10-27,437.5540628945896,431.6451416015625,674973
2020-10-28,429.7406594275884,428.0314636230469,459082
2020-10-29,428.6662512443567,439.7027893066406,306993
2020-10-30,440.58181282221966,432.8171691894531,341657
2020-11-02,435.0147100927952,430.6684875488281,556161
2020-11-03,426.3711244249256,441.6073913574219,300892
2020-11-04,438.4819754354609,433.2567138671875,217164
2020-11-05,436.5774400771176,426.0780944824219,408280
2020-11-06,426.0780982022741,419.3389892578125,430222
2020-11-09,422.9038801760238,426.6152648925781,349835
2020-11-10,429.25232437876565,423.4898986816406,488700
2020-11-11,424.3689150139658,419.4366760253906,287802
2020-11-12,421.53651533164947,424.5642395019531,660629
2020-11-13,424.56425412646485,421.78070068359375,308227
2020-11-14,422.9038445380952,435.99139404296875,185322
2020-11-17,437.55409945138706,440.6306457519531,1020865
2020-11-18,440.97253074808276,442.8770751953125,625771
2020-11-19,434.7217114637905,444.6350402832031,1214748
2020-11-20,452.10667534517086,455.1343994140625,690772
2020-11-23,455.1343907801449,448.78594970703125,279897
2020-11-24,452.2043996575848,451.17889404296875,553165
2020-11-25,453.08333163806645,439.94696044921875,265986
2020-11-26,441.4608454103213,436.6262512207031,460876
2020-11-27,439.4097480337931,452.594970703125,1882523
2020-12-01,454.1576996285705,469.49163818359375,497434
2020-12-02,470.7613009398454,490.39263916015625,1562946
2020-12-03,493.22495830040754,518.17919921875,802852
2020-12-04,518.6188211725243,512.2215576171875,550570
2020-12-07,513.7354946340558,510.512451171875,328644
2020-12-08,510.5123484666965,506.5567932128906,318010
2020-12-09,503.822086105696,520.767578125,572029
2020-12-10,521.5489011399484,511.48907470703125,247653
2020-12-11,513.7353926134838,507.5334777832031,728610
2020-12-14,511.24490858265403,505.9707946777344,193186
2020-12-15,507.5823695494512,500.1107177734375,246561
2020-12-16,502.01520012809624,522.3302001953125,696082
2020-12-17,523.4534524037923,545.8683471679688,826483
2020-12-18,542.0592288520248,528.7274780273438,827849
2020-12-21,523.5022479667654,520.0350341796875,896224
2020-12-22,512.7587616527031,530.4367065429688,470797
2020-12-23,529.3134867961727,540.98486328125,776913
2020-12-24,540.1058966804866,520.767578125,714037
2020-12-28,527.0671227724008,525.0160522460938,382294
2020-12-29,525.4556442709682,534.2946166992188,266025
2020-12-30,531.3156406789126,554.7072143554688,662053
2020-12-31,556.7094781086342,569.7970581054688,1058993
2021-01-01,570.3830153250896,576.3407592773438,240978
2021-01-04,573.1177164898618,576.3407592773438,280636
2021-01-05,576.24319129317,573.5573120117188,529058
2021-01-06,571.9457971712911,573.850341796875,215113
2021-01-07,605.5436253350232,575.9501342773438,1728322
2021-01-08,577.2197258389672,576.7313842773438,558387
2021-01-11,578.3917561499119,571.8967895507812,436807
2021-01-12,571.8969174347881,581.1265869140625,514415
2021-01-13,583.8611813817164,566.7692260742188,743283
2021-01-14,568.1366721240241,565.8414306640625,156731
2021-01-15,566.5251259629574,546.5519409179688,405012
2021-01-18,549.8725917774345,543.865966796875,512893
2021-01-19,550.067961271902,570.0899658203125,410258
2021-01-20,572.1411150108121,568.7715454101562,285148
2021-01-21,571.3595709886121,556.5139770507812,293774
2021-01-22,556.6118803364186,554.218994140625,228210
2021-01-25,586.0099775164548,537.9083251953125,1511858
2021-01-27,542.0592046688312,524.1859130859375,521717
2021-01-28,512.7587312010886,506.2637634277344,724548
2021-01-29,514.5167427053864,514.6632690429688,354930
2021-02-01,518.7163507947474,526.28564453125,509036
2021-02-02,532.1947107342933,534.1968994140625,474098
2021-02-03,534.1969274135528,546.5031127929688,1115017
2021-02-04,546.9426045446734,561.2510375976562,366661
2021-02-05,563.0579398694102,557.3931884765625,298296
2021-02-08,560.8116152849535,561.0557861328125,375931
2021-02-09,560.5186690775772,553.681884765625,288548
2021-02-10,553.6818616547448,576.2432250976562,782454
2021-02-11,574.289701749497,560.0301513671875,212630
2021-02-12,562.0811644451302,549.43310546875,157734
2021-02-15,551.8260273871911,575.8035888671875,555779
2021-02-16,581.126388217002,564.132080078125,144772
2021-02-17,563.0579656643614,558.076904296875,155579
2021-02-18,560.909084051393,558.2232055664062,244943
2021-02-19,558.6628642614334,556.9048461914062,222764
2021-02-22,551.8260929969368,552.65625,171421
2021-02-23,552.6562512142626,547.8217163085938,244366
2021-02-24,550.3122033538091,547.9681396484375,378317
2021-02-25,550.8493198923973,540.3499755859375,1663529
2021-02-26,540.3500695259372,532.87841796875,215660
2021-03-01,534.3922579703539,541.5220336914062,262730
2021-03-02,544.9893006983233,550.1657104492188,215837
2021-03-03,555.1467748671498,544.4032592773438,618711
2021-03-04,543.0359729386937,536.9317016601562,291800
2021-03-05,539.1290977824286,531.9505004882812,255684
2021-03-08,544.9404631301073,519.107177734375,382678
2021-03-09,522.5254508727089,518.17919921875,290486
2021-03-10,522.5255513658947,524.2835693359375,998966
2021-03-12,531.0227706503996,545.5753173828125,771855
2021-03-15,548.4075929640355,582.6891479492188,1220564
2021-03-16,593.8233527271109,572.97119140625,854438
2021-03-17,561.9347968278132,561.788330078125,400805
2021-03-18,563.546151401553,565.54833984375,545906
2021-03-19,561.5929736121226,576.2432250976562,641661
2021-03-22,567.7460376696876,586.1565551757812,408006
2021-03-23,590.5028560127182,578.2943115234375,706562
2021-03-24,569.406435680447,561.6906127929688,216538
2021-03-25,556.7094996532974,539.0315551757812,471510
2021-03-26,542.0592309614336,543.7196044921875,188141
2021-03-30,549.8727891018298,542.9871826171875,858395
2021-03-31,543.9149110526054,561.7393798828125,286874
2021-04-01,558.0280843246524,565.3532104492188,445532
2021-04-05,564.5228924482901,559.248779296875,110856
2021-04-06,561.5928479119611,553.4863891601562,169499
2021-04-07,554.7561001682079,561.0068969726562,176023
2021-04-08,563.0579932907099,566.5252075195312,117382
2021-04-09,562.2278065822235,581.2731323242188,260975
2021-04-12,571.3597903489181,545.6242065429688,245691
2021-04-13,542.1080244940088,549.2866821289062,665483
2021-04-15,532.9760348157612,544.2567138671875,362370
2021-04-16,547.4309473728831,540.0081787109375,105767
2021-04-19,535.1248048426503,525.8463134765625,161767
2021-04-20,537.1757897199514,520.8163452148438,153315
2021-04-22,516.5188799995337,513.2958374023438,458321
2021-04-23,520.0838913108447,509.4380187988281,194870
2021-04-26,522.525378475822,515.2002563476562,492391
2021-04-27,517.6421116711804,525.0648803710938,196246
2021-04-28,532.194707357152,531.7551879882812,178403
2021-04-29,531.7553151096312,536.150390625,121109
2021-04-30,523.3068936325375,534.4899291992188,191242
2021-05-03,530.4366593235657,535.3689575195312,395559
2021-05-04,539.275683265865,539.6663208007812,358387
2021-05-05,538.1524342628351,537.419921875,62827
2021-05-06,537.4200128968336,532.3412475585938,382217
2021-05-07,535.7107748094975,532.4877319335938,66358
2021-05-10,539.1292128687625,530.925048828125,157656
2021-05-11,532.1948028002698,530.0949096679688,172427
2021-05-12,531.315691536999,540.1546630859375,324304
2021-05-14,546.2101098197869,520.8163452148438,277002
2021-05-17,531.266971896601,519.6932373046875,558845
2021-05-18,534.2457032553831,534.5386962890625,839599
2021-05-19,535.222442966422,573.1665649414062,1215809
2021-05-20,577.2198027014679,584.1054077148438,2391648
2021-05-21,589.916637146395,597.7301025390625,1614721
2021-05-24,597.7301707461897,575.5594482421875,1093227
2021-05-25,577.2197385679439,556.5628662109375,790162
2021-05-26,561.9347617151536,568.7715454101562,512878
2021-05-27,569.3575078715389,574.875732421875,584892
2021-05-28,576.2430480214757,572.4339599609375,342705
2021-05-31,569.4063936252866,591.3329467773438,1148940
2021-06-01,599.6835888208568,590.9422607421875,415418
2021-06-02,597.7302520763114,590.2097778320312,585766
2021-06-03,600.6600405990589,646.0269775390625,5539782
2021-06-04,651.4477181422776,639.0926513671875,1621750
2021-06-07,644.610958075881,632.9884033203125,542583
2021-06-08,632.9884608993127,634.8930053710938,772608
2021-06-09,639.4345642031401,625.858642578125,556855
2021-06-10,627.0307258157169,647.5410766601562,926547
2021-06-11,648.517666399222,637.6276245117188,930287
2021-06-14,640.1668701171875,640.1668701171875,302283
2021-06-15,646.3201484621758,637.774169921875,386132
2021-06-16,639.1414996116065,627.7142944335938,277889
2021-06-17,625.077218651703,618.386962890625,314519
2021-06-18,623.6121317252124,602.9552612304688,511018
2021-06-21,595.5326035584221,607.6923217773438,272256
2021-06-22,607.6923148886664,598.462646484375,223824
2021-06-23,604.0298287315572,600.5137329101562,209125
2021-06-24,606.4714362977587,589.5748291015625,435673
2021-06-25,591.6745404746861,590.0630493164062,137504
2021-06-28,590.8933551786599,592.7001953125,571192
2021-06-29,593.8233069717445,596.2650146484375,236596
2021-06-30,600.6602599300863,615.0175170898438,829242
2021-07-01,613.89416340568,620.63330078125,336990
2021-07-02,621.1705068794618,633.0372314453125,642353
2021-07-05,636.4067445924228,631.6210327148438,349352
2021-07-06,631.4257267551133,631.962890625,432325
2021-07-07,631.425754680287,638.9462280273438,710149
2021-07-08,638.7509164918933,648.908447265625,476733
2021-07-09,648.908411470804,654.9149780273438,1128062
2021-07-12,660.2379014324036,677.5252075195312,2434993
2021-07-13,689.6360899296022,684.1666870117188,675613
2021-07-14,684.1666815861746,670.5907592773438,354499
2021-07-15,677.2321985304434,698.1820068359375,1227449
2021-07-16,698.1819843556251,690.2708740234375,732142
2021-07-19,682.7014173086569,695.2517700195312,459029
2021-07-20,694.4216476811738,678.1598510742188,429259
2021-07-22,671.421041114332,662.8750610351562,719984
2021-07-23,664.0469694931089,680.2598876953125,468334
2021-07-26,684.7526159972779,687.0966796875,323649
2021-07-27,693.4450673628855,688.6104736328125,359641
2021-07-28,688.6105651432966,684.0201416015625,285523
2021-07-29,684.0200624387596,675.1810913085938,435245
2021-07-30,667.0258594977265,656.7218627929688,781968
2021-08-02,664.144581448681,722.0130615234375,5642093
2021-08-03,724.6990896080706,702.8702392578125,760144
2021-08-04,704.0910614390313,701.6493530273438,817621
2021-08-05,705.6536422026771,686.9501342773438,449536
2021-08-06,686.950280985631,681.8226928710938,339354
2021-08-09,683.9712340950244,683.33642578125,337434
2021-08-10,680.4065152800455,683.4830322265625,421237
2021-08-11,677.8182663354836,676.597412109375,343497
2021-08-12,669.8582582979406,674.0580444335938,231200
2021-08-13,674.0579853430212,675.5230102539062,172973
2021-08-16,675.5229892700537,678.2576904296875,219056
2021-08-17,679.2832287193812,679.9669189453125,181256
2021-08-18,680.211117490178,668.5885620117188,108118
2021-08-20,662.1912995397464,641.0460815429688,455423
2021-08-23,644.3179856874871,648.6153564453125,513598
2021-08-24,651.887336810285,658.2357788085938,218328
2021-08-25,658.4798846360026,659.6519165039062,100760
2021-08-26,660.0424603686,650.226806640625,169269
2021-08-27,644.6110203237265,662.4843139648438,171694
2021-08-30,656.3312325945562,681.9203491210938,222947
2021-08-31,685.6316056289058,687.1942749023438,251207
2021-09-01,700.8678165501611,760.3966674804688,6201915
2021-09-02,765.7198428260003,738.5680541992188,1630602
2021-09-03,745.697758591806,744.7698974609375,871908
2021-09-06,754.829712551083,798.829345703125,2585800
2021-09-07,801.3686462922693,773.2890014648438,1116188
2021-09-08,777.1956429988963,756.1481323242188,726451
2021-09-09,753.3645605328296,755.7574462890625,520119
2021-09-13,754.9760906756571,741.107177734375,481247
2021-09-14,743.0605962589697,752.632080078125,659522
2021-09-15,755.9528892425624,757.955078125,425673
2021-09-16,756.8318604493239,753.0715942382812,972972
2021-09-17,756.9295844568414,723.7223510742188,593116
2021-09-20,719.8155939531856,700.819091796875,1011981
2021-09-21,701.4539328258935,707.8511962890625,1065170
2021-09-22,712.930047816637,733.1962280273438,3025955
2021-09-23,742.279211099884,827.5436401367188,7669511
2021-09-24,834.9665432848964,910.268798828125,14671223
2021-09-27,914.1755894238063,926.6771240234375,5038193
2021-09-28,926.6770145019796,865.9273071289062,3411212
2021-09-29,860.4579091860068,912.80810546875,2206118
2021-09-30,918.7660203605997,941.7180786132812,1499959
2021-10-01,937.6159343191912,894.8372192382812,3896753
2021-10-04,900.5020084724115,896.10693359375,2019471
2021-10-05,900.4042857327732,866.0250244140625,1192687
2021-10-06,872.8618934006287,837.7012939453125,1449763
2021-10-07,846.8332103535763,915.5917358398438,5192469
2021-10-08,957.1496794457225,896.3999633789062,4095012
2021-10-11,894.6417485910844,940.2040405273438,4154112
2021-10-12,937.6160376344549,955.0986938476562,3788357
2021-10-13,957.9798155729428,942.6459350585938,1098707
2021-10-14,951.3383934303095,934.0510864257812,1731971
2021-10-18,937.6159639533408,944.3551025390625,1148392
2021-10-19,952.9011660082276,878.2825317382812,1495246
2021-10-20,883.7030858504215,861.6300659179688,1373791
2021-10-21,869.2480221880386,865.1947631835938,1364744
2021-10-22,872.9594767448294,894.2511596679688,2179432
2021-10-25,888.7818579316664,886.8284912109375,1633988
2021-10-26,886.6818665724373,918.424072265625,1564628
2021-10-27,915.5428554342499,909.3408813476562,680198
2021-10-28,905.092366398985,870.957275390625,878249
2021-10-29,862.2647940593342,884.1913452148438,984476
2021-11-01,914.175567471265,941.9622192382812,5039610
2021-11-02,940.9854907262495,949.3361206054688,2963014
2021-11-03,955.5381145222156,1011.3555908203125,6664796
2021-11-04,1013.5530552386673,1007.8882446289062,371425
2021-11-08,1007.8880791728207,981.9572143554688,1594382
2021-11-09,988.4034509044825,990.4056396484375,1663582
2021-11-10,984.4967811325622,958.5170288085938,1026336
2021-11-11,962.0330142651068,934.9300537109375,1217830
2021-11-12,945.087641405864,951.33837890625,1114116
2021-11-15,957.7356729669747,940.4484252929688,797557
2021-11-16,940.4483300838066,947.4315795898438,1430064
2021-11-17,945.4294106898838,935.0277099609375,744125
2021-11-18,937.6159793814434,900.013671875,991855
2021-11-22,900.0136642561175,866.1227416992188,1275312
2021-11-23,865.8296740140282,868.90625,1728578
2021-11-24,878.7219133247008,858.3580322265625,1388942
2021-11-25,851.6678624947715,859.5301513671875,1332338
2021-11-26,847.7611654518544,819.6815185546875,1555190
2021-11-29,805.7636758555537,808.6937255859375,1333300
2021-11-30,806.7403956206845,813.3330078125,1902499
2021-12-01,815.6770157500154,817.2396850585938,929203
2021-12-02,825.0043877394922,829.7901000976562,610249
2021-12-03,831.1576031903174,835.1131591796875,1978358
2021-12-06,841.8032679213499,822.3672485351562,1472636
2021-12-07,829.2040916105404,844.5868530273438,957249
2021-12-08,853.6211503398438,858.895263671875,870463
2021-12-09,860.4577819057324,856.258056640625,666664
2021-12-10,851.6678291640798,884.8750610351562,1159082
2021-12-13,882.9216776504304,867.8319091796875,1089715
2021-12-14,864.2181717855143,865.4390258789062,530972
2021-12-15,862.4112386438611,842.9752197265625,509026
2021-12-16,851.6677392111169,844.5379638671875,539890
2021-12-17,849.7144909039048,816.94677734375,773519
2021-12-20,800.4407909326726,782.0303344726562,1264935
2021-12-21,794.0434585668279,799.3663940429688,809983
2021-12-22,808.8402368615604,828.3739013671875,768534
2021-12-23,836.6268210279812,846.1983642578125,992912
2021-12-24,844.3426776759129,822.8068237304688,571663
2021-12-27,815.6282281365822,843.6102294921875,657427
2021-12-28,844.8310238434835,844.5868530273438,671003
2021-12-29,840.1430792587145,846.052001953125,402201
2021-12-30,849.9585119908324,826.9088134765625,486980
2021-12-31,832.134143348765,841.7056274414062,505322
2022-01-03,841.9010095364771,867.5877685546875,1448481
2022-01-04,871.2014822278704,875.1082153320312,1290009
2022-01-05,875.1082911754598,902.3088989257812,1378550
2022-01-06,906.3620370847061,889.2700805664062,1259217
2022-01-07,895.6185777492202,889.7096557617188,1296506
2022-01-10,918.0335265507912,918.6683349609375,2259639
2022-01-11,913.1988072016835,910.9036254882812,1089743
2022-01-12,920.7683084921704,950.26416015625,2374217
2022-01-13,946.4061171340553,923.6005859375,855970
2022-01-14,921.9891047281048,951.2407836914062,1247444
2022-01-17,952.2662550320456,952.901123046875,707041
2022-01-18,961.0562261111464,919.6448364257812,1987220
2022-01-19,918.0822641904492,928.14208984375,1077245
2022-01-20,928.8746023633904,914.126708984375,514439
2022-01-21,913.1988986702532,910.6595458984375,1017868
2022-01-24,909.2921464936596,872.8130493164062,1496897
2022-01-25,857.5277807764433,880.7728271484375,1696400
2022-01-27,863.3880037586365,865.8297119140625,1212694
2022-01-28,878.9173258259535,872.8618774414062,973619
2022-01-31,874.1315926117203,894.4465942382812,825108
2022-02-01,905.82491314746,946.1130981445312,2495695
2022-02-02,945.4294766879458,932.6349487304688,1017403
2022-02-03,936.639227637443,927.5072631835938,983355
2022-02-04,937.615954701662,923.9912109375,3530406
2022-02-07,906.4596784681934,895.5208740234375,1067062
2022-02-08,899.5252843543899,888.53759765625,592290
2022-02-09,890.1491015570924,916.1776733398438,723669
2022-02-10,920.4262403416733,917.3008422851562,484049
2022-02-11,908.1200068063777,890.8327026367188,412521
2022-02-14,879.0149660638338,846.2472534179688,1320077
2022-02-15,850.6910273746795,880.0403442382812,831729
2022-02-16,891.7118302515439,883.3123779296875,700381
2022-02-17,888.7819015657477,877.0128784179688,388033
2022-02-18,868.2714075672229,870.5665893554688,310326
2022-02-21,862.7529681669132,871.7384643554688,484643
2022-02-22,851.6679906460201,871.20166015625,911522
2022-02-23,876.7198530412386,911.0990600585938,1685020
2022-02-24,879.0149037254017,838.5313720703125,1124077
2022-02-25,859.4813111399408,878.233642578125,822320
2022-02-28,868.4667595700904,886.0470581054688,490295
2022-03-02,873.1548614228371,870.371337890625,492731
2022-03-03,883.8007112933986,849.9097900390625,918318
2022-03-04,842.8776373263959,825.59033203125,702235
2022-03-07,813.5770795930305,778.75830078125,1124903
2022-03-08,777.9282034988112,813.0399780273438,778796
2022-03-09,815.5304575925386,855.1349487304688,694712
2022-03-10,865.3414229355301,883.1658935546875,1329937
2022-03-11,879.5033103638153,895.0814208984375,658386
2022-03-14,889.7585170856968,876.9639892578125,241599
2022-03-15,882.9216303538426,868.90625,1063003
2022-03-16,880.2357872830413,904.9458618164062,1040788
2022-03-17,910.268823719054,891.6141967773438,1033682
2022-03-21,901.4786715335764,889.6608276367188,500325
2022-03-22,892.6885428481768,892.2490234375,1403285
2022-03-23,894.641896606436,901.3321533203125,1261759
2022-03-24,897.2789330640086,908.9014282226562,1689476
2022-03-25,913.198876584571,899.3787841796875,836147
2022-03-28,901.478718174399,921.451904296875,1331881
2022-03-29,925.6026275916399,919.5471801757812,576443
2022-03-30,922.9656665736147,913.5406494140625,1075771
2022-03-31,914.1755840925305,917.935791015625,496394
2022-04-01,925.8956279307233,962.570068359375,1477483
2022-04-04,965.6955491789157,955.9775390625,711565
2022-04-05,962.0330531111047,955.0497436523438,571303
2022-04-06,947.3826672252809,965.5489501953125,1510961
2022-04-07,972.7765487510942,957.296142578125,1105004
2022-04-08,925.9934579460202,935.5650024414062,1214949
2022-04-11,943.0365038011297,977.8552856445312,1729168
2022-04-12,980.1016755666317,973.264892578125,1238177
2022-04-13,975.7065409495418,974.2415161132812,1115900
2022-04-18,970.3349041876606,973.7532958984375,714099
2022-04-19,985.4735089532504,939.5205688476562,421519
2022-04-20,945.4293275420944,941.6202392578125,407690
2022-04-21,953.0475671034828,959.00537109375,436086
2022-04-22,945.4294835024119,943.8179321289062,483836
2022-04-25,933.7092080762544,895.3743896484375,716573
2022-04-26,908.3154737154737,933.3185424804688,740261
2022-04-27,918.082253996859,947.3827514648438,725322
2022-04-28,948.3595508950979,942.4994506835938,691635
2022-04-29,942.4992302673865,937.8599853515625,384555
2022-05-02,922.4772951408504,926.8235473632812,371226
2022-05-04,936.6392510542753,894.8372192382812,653874
2022-05-05,891.7118302515439,883.3123779296875,677296
2022-05-06,880.479946029724,855.086181640625,1022364
2022-05-09,841.9009121458623,847.9563598632812,633871
2022-05-10,853.0837914145876,824.0762939453125,576034
2022-05-11,822.1720243931553,833.5015869140625,890973
2022-05-12,827.0555229456631,805.6173095703125,502448
2022-05-13,812.6004445441463,802.7847900390625,988511
2022-05-16,806.3496277041899,792.4807739257812,753860
2022-05-17,792.4807201829354,814.2607421875,868947
2022-05-18,819.4371860599477,800.050048828125,704981
2022-05-19,782.5674874926855,773.728515625,686101
2022-05-20,786.2300151566634,780.7117309570312,922121
2022-05-23,796.9735783653935,769.4799194335938,1090013
2022-05-24,776.8539394016499,769.57763671875,1054260
2022-05-25,769.5775672771249,745.3558349609375,909329
2022-05-26,742.7675285264897,750.5809936523438,720584
2022-05-27,757.9062814046227,738.8121337890625,1219553
2022-05-30,751.8995770785945,776.8538818359375,1095792
2022-05-31,776.4632999752754,786.962646484375,1477286
2022-06-01,794.8247614679428,776.9026489257812,1409228
2022-06-02,774.5097856008487,766.9404907226562,795563
2022-06-03,771.5798638628415,746.1860961914062,550284
2022-06-06,743.6954988202779,746.13720703125,565389
2022-06-07,745.1604837673285,748.725341796875,578383
2022-06-08,748.72540342668,762.7408447265625,1530919
2022-06-09,758.6874701609745,776.3165893554688,823092
2022-06-10,759.8595590133806,774.36328125,566272
2022-06-13,761.5687662870274,755.1226806640625,860021
2022-06-14,755.2690959779073,771.1401977539062,604302
2022-06-15,771.4820656686097,766.2567749023438,335379
2022-06-16,781.2489707352204,741.6932983398438,459229
2022-06-17,742.2792870977754,739.3004150390625,770810
2022-06-20,737.3959177611811,723.7223510742188,706981
2022-06-21,727.6290276445732,749.8485717773438,299794
2022-06-22,741.4980313069321,739.4469604492188,408788
2022-06-23,729.5823647723678,732.2194213867188,940241
2022-06-24,737.2982588773777,741.0096435546875,407039
2022-06-27,752.0460474981254,736.3214721679688,572430
2022-06-28,728.6057874980468,730.16845703125,695308
2022-06-29,723.7223439479266,722.6968383789062,372132
2022-06-30,727.2383405040772,720.450439453125,897807
2022-07-01,717.2273959142323,724.7966918945312,563385
2022-07-04,722.7456639144362,749.3114624023438,769700
2022-07-05,751.4113057404979,747.944091796875,523831
2022-07-06,750.092793367347,765.7197265625,586418
2022-07-07,768.9551816440478,777.2888793945312,851257
2022-07-08,771.6023562929009,787.5834350585938,818119
2022-07-11,787.5343276818364,805.9664916992188,769256
2022-07-12,804.3979153553514,821.163330078125,1010373
2022-07-13,824.5457524346331,823.8594360351562,531107
2022-07-14,830.3303134079159,817.731689453125,372659
2022-07-15,816.2120137024485,831.457763671875,583955
2022-07-18,852.9784444520249,840.2817993164062,1874410
2022-07-19,842.7327753399652,881.21484375,1503871
2022-07-20,887.2935106353899,880.0382690429688,765704
2022-07-21,875.8716058773999,876.5579223632812,405934
2022-07-22,879.3521254696137,876.2147216796875,560065
2022-07-25,873.2733155495242,862.6846313476562,296716
2022-07-26,857.9786467975308,868.8615112304688,829797
2022-07-27,862.7827653625326,869.5477905273438,568938
2022-07-28,873.5675414699034,879.9403686523438,1856980
2022-07-29,883.3718917605257,892.3428955078125,794917
2022-08-01,898.9608502251345,915.92236328125,1385430
2022-08-02,911.8044835057609,898.813720703125,404968
2022-08-03,899.0589294592926,889.3035888671875,297079
2022-08-04,889.5975947768095,878.9598999023438,342025
2022-08-05,876.6068435039621,879.3030395507812,442922
2022-08-08,872.6851802215954,877.9795532226562,291278
2022-08-10,877.9795541281229,892.1958618164062,1041834
2022-08-11,895.1371042884061,918.716552734375,863045
2022-08-12,917.6380392934184,922.2951049804688,652336
2022-08-16,931.4132536068747,939.844970703125,1129397
2022-08-17,948.5708049923544,938.0801391601562,456355
2022-08-18,937.295869666604,959.5027465820312,1060074
2022-08-19,965.728481840693,943.4725952148438,781693
2022-08-22,931.4132434692838,918.275390625,517944
2022-08-23,905.9218794926561,932.5897216796875,592825
2022-08-24,932.3935957017484,945.9725952148438,461626
2022-08-25,955.4338426508174,953.8161010742188,1005532
2022-08-26,955.9240268792965,949.3060913085938,313064
2022-08-29,925.5306398199181,937.9331665039062,403909
2022-08-30,941.2174684761306,987.1508178710938,1752385
2022-09-01,970.6307588673006,1015.7307739257812,1275556
2022-09-02,1015.7305883239202,1003.279052734375,663653
2022-09-05,1009.8481261392387,1019.9466552734375,526676
2022-09-06,1023.2309705214775,1005.92626953125,1049263
2022-09-07,1000.0436673899043,999.063232421875,970132
2022-09-08,1007.886963939118,1009.6517944335938,783262
2022-09-09,1014.2109204730356,999.5044555664062,883195
2022-09-12,1010.82834430998,1038.3785400390625,1814243
2022-09-13,1042.4967342312762,1032.6923828125,1024665
2022-09-14,1019.1621899194186,1049.849853515625,1334953
2022-09-15,1049.8499282060277,1055.6343994140625,681087
2022-09-16,1053.5264240301901,1002.1025390625,731209
2022-09-19,1004.9458621818201,994.3081665039062,588235
2022-09-20,1004.9458521464383,1018.8679809570312,781540
2022-09-21,1017.6914621566284,987.445068359375,516045
2022-09-22,985.3371136593628,987.5921020507812,721823
2022-09-23,989.2588853708422,951.3160400390625,580944
2022-09-26,934.3544995371084,895.6273193359375,1593388
2022-09-27,894.1567337321478,899.35302734375,861750
2022-09-28,893.9605997667799,884.15625,654982
2022-09-29,894.0586689680823,889.156494140625,740877
2022-09-30,872.6852585174515,899.8433227539062,719170
2022-10-03,905.9218653512565,893.2742309570312,878131
2022-10-04,908.8631061108858,912.6377563476562,575566
2022-10-06,921.3146056547115,927.4913330078125,741635
2022-10-07,927.4915659008327,923.6188354492188,648972
2022-10-10,917.6871594767707,913.1281127929688,485677
2022-10-11,909.8435942969809,877.0480346679688,1032483
2022-10-12,882.8816005900974,888.4210815429688,852795
2022-10-13,890.2349924387412,881.5581665039062,377775
2022-10-14,897.0980156777686,882.734619140625,741979
2022-10-17,867.7338720741104,840.8209228515625,3499997
2022-10-18,852.9783665768144,846.899658203125,1207767
2022-10-19,844.1545410951411,856.5570678710938,843609
2022-10-20,851.164663820834,843.8114013671875,576756
2022-10-21,833.4676329952947,850.5762329101562,1157495
2022-10-24,857.7334823896274,851.3116455078125,103003
2022-10-25,853.9588293085401,849.4488525390625,596256
2022-10-27,849.9391281675234,867.0967407226562,511441
2022-10-28,866.7045045286878,887.24462890625,711293
2022-10-31,889.2545032280345,906.5592041015625,549586
2022-11-01,909.3533674861676,912.1475830078125,354163
2022-11-02,915.7753659505702,899.0589599609375,637749
2022-11-03,897.0980270848249,913.1771850585938,386229
2022-11-04,916.7066299030971,908.6180419921875,146180
2022-11-07,911.7553991814968,914.353515625,451881
2022-11-09,916.7067034340645,893.0291748046875,415165
2022-11-10,870.6262424416739,858.8610229492188,2979771
2022-11-11,866.7046100959473,869.0576782226562,636987
2022-11-14,872.4891478031699,899.4511108398438,576480
2022-11-15,896.6076996244001,892.2937622070312,253116
2022-11-16,890.1860031795752,876.85205078125,410549
2022-11-17,869.8418902689878,870.7733154296875,493890
2022-11-18,872.1459751755607,878.6168823242188,585875
2022-11-21,876.5089440811472,872.14599609375,330786
2022-11-22,876.5088643094417,871.606689453125,297978
2022-11-23,872.5870820594474,865.0867309570312,271830
2022-11-24,869.6457353293047,860.3316040039062,323416
2022-11-25,865.6750724881913,876.9990844726562,510793
2022-11-28,879.8422764289617,888.4210815429688,316631
2022-11-29,889.1073427471651,886.8033447265625,537198
2022-11-30,886.6072920748655,905.8238525390625,1355158
2022-12-01,912.2948431644849,942.0020141601562,903010
2022-12-02,946.119630697169,935.5799560546875,1347966
2022-12-05,936.0702580516008,938.0311279296875,418300
2022-12-06,938.178223248667,925.82470703125,337804
2022-12-07,924.0599433162756,894.1566772460938,574416
2022-12-08,897.0980238756597,888.2741088867188,376013
2022-12-09,890.529116898342,885.2838134765625,682205
2022-12-12,887.2935918005983,900.0392456054688,506705
2022-12-13,903.6668516489852,890.7741088867188,402583
2022-12-14,893.2251922325904,895.9703979492188,531324
2022-12-15,893.6664151430274,884.0091552734375,290086
2022-12-16,874.8421126031681,862.7337646484375,656320
2022-12-19,853.0764945881235,867.7830200195312,523379
2022-12-20,863.7632480754629,862.0964965820312,469747
2022-12-21,863.7631940579297,846.3604736328125,493325
2022-12-22,849.7430349601952,837.1444091796875,397590
2022-12-23,835.3306022299611,800.9173583984375,672114
2022-12-26,794.1523286005962,816.7513427734375,472586
2022-12-27,816.7023377724681,829.3009033203125,308145
2022-12-28,823.5653592139175,832.1441650390625,375473
2022-12-29,824.741908426501,832.5853881835938,511131
2022-12-30,834.2520425056556,850.9684448242188,510278
2023-01-02,850.1351050128818,854.6451416015625,176520
2023-01-03,853.0763506958011,859.9884643554688,242793
2023-01-04,860.3316913372297,843.3701782226562,346596
2023-01-05,843.664254453392,842.1445922851562,468558
2023-01-06,842.0465784006733,836.9483642578125,386125
2023-01-09,840.3798510163482,843.0269775390625,266298
2023-01-10,843.1739513095667,836.163818359375,334984
2023-01-11,833.4677179516133,833.6148071289062,339029
2023-01-12,833.6149496238004,832.4384155273438,342208
2023-01-13,829.4479092265268,833.9578857421875,309541
2023-01-16,834.3502350717631,824.1536865234375,495776
2023-01-17,825.0359591985571,834.1539916992188,350729
2023-01-18,835.2325373323198,833.2716674804688,407890
2023-01-19,830.9186889471694,825.232177734375,275572
2023-01-20,823.5655115946981,815.2808227539062,255003
2023-01-23,811.800084148344,812.8295288085938,390950
2023-01-24,812.8786387822519,810.4275512695312,319697
2023-01-25,803.9566352117508,792.4855346679688,788468
2023-01-27,792.6816121330511,786.5538940429688,590446
2023-01-30,788.0736013997451,787.8775024414062,554817
2023-01-31,792.6816948807269,804.8881225585938,804016
2023-02-01,807.7803073247879,808.7607421875,1426197
2023-02-02,804.005615822762,828.7615966796875,1236566
2023-02-03,832.3892893545589,813.1237182617188,630870
2023-02-06,816.5062044108171,805.2802124023438,667235
2023-02-07,806.1135694598686,812.6824951171875,137970
2023-02-08,812.7806109859207,822.5849609375,206087
2023-02-09,864.7436890253283,828.5656127929688,2016343
2023-02-10,831.9481068380454,842.1936645507812,768275
2023-02-13,842.634820072803,840.6739501953125,710773
2023-02-14,841.3112559757124,838.8601684570312,456906
2023-02-15,832.2912209219973,847.0957641601562,319960
2023-02-16,851.017630361202,866.7536010742188,977344
2023-02-17,866.0182311889752,844.2035522460938,454565
2023-02-20,848.0762694839098,840.2817993164062,335159
2023-02-21,841.3112172674088,839.4974365234375,354864
2023-02-22,834.3500866668011,825.1830444335938,426164
2023-02-23,814.7414125078787,820.5750122070312,458044
2023-02-24,821.6044325423784,828.7125854492188,376385
2023-02-27,827.4871945613914,836.7033081054688,295101
2023-02-28,840.1836702718489,840.6248779296875,602997
2023-03-01,840.1346712314738,851.5567016601562,306092
2023-03-02,847.880123584585,854.8412475585938,222949
2023-03-03,855.8216432116114,873.17529296875,514498
2023-03-06,877.5874220602786,867.4889526367188,287921
2023-03-08,858.8609493708173,886.7543334960938,762736
2023-03-09,891.7545029040381,871.94970703125,232740
2023-03-10,865.8221975183721,862.0475463867188,206808
2023-03-13,854.9393099541346,845.4780883789062,447970
2023-03-14,849.4978050245014,837.193359375,571314
2023-03-15,841.2132017458497,830.7715454101562,266153
2023-03-16,826.7028245942039,837.4876098632812,305799
2023-03-17,841.7034421052527,849.1547241210938,836837
2023-03-20,853.32161201515,843.1741333007812,505106
2023-03-21,845.8212651813969,845.1349487304688,134744
2023-03-22,845.331111636115,845.2330322265625,193236
2023-03-23,846.213373576216,838.9581909179688,200314
2023-03-24,838.2718474556343,827.5850830078125,376893
2023-03-27,828.4185060497692,808.6137084960938,265163
2023-03-28,801.0153675988349,802.3880004882812,341824
2023-03-29,805.8194457442714,810.7706298828125,540246
2023-03-31,816.7023499477514,826.114501953125,437577
2023-04-03,833.3696397025986,828.3694458007812,476819
2023-04-05,828.2224454061062,845.1349487304688,614244
2023-04-06,845.6251209813106,879.2050170898438,860736
2023-04-10,874.5479906448877,889.2055053710938,1233453
2023-04-11,894.8920164146017,883.9111328125,824604
2023-04-12,882.5874397628422,888.9602661132812,2196315
2023-04-13,889.2544455351239,896.0194702148438,572541
2023-04-17,892.1957257947636,898.8626708984375,450640
2023-04-18,899.2549802146559,905.6278076171875,1159264
2023-04-19,907.7357582105307,905.333740234375,875720
2023-04-20,904.9904610619446,895.6273193359375,297066
2023-04-21,907.8827400945673,856.2628173828125,1551921
2023-04-24,860.821949122002,860.4788208007812,700909
2023-04-25,863.7142161291233,873.8616943359375,401663
2023-04-26,873.8615740105415,888.0288696289062,548836
2023-04-27,887.8819685280451,897.049072265625,562568
2023-04-28,899.0098855772014,897.196044921875,386511
2023-05-02,899.0587870891077,897.588134765625,347382
2023-05-03,897.0980648253502,905.4317626953125,554552
2023-05-04,905.431736932335,909.9907836914062,423947
2023-05-05,906.951297205695,905.2845458984375,448391
2023-05-08,906.4120456298672,920.4812622070312,729667
2023-05-09,920.6283470067809,913.2750854492188,550978
2023-05-10,911.8045889084946,921.3638305664062,576245
2023-05-11,924.1088246427405,931.1189575195312,622434
2023-05-12,931.167980042392,922.6871948242188,231674
2023-05-15,920.6284489748209,967.59130859375,1760246
2023-05-16,971.0226760248115,956.071044921875,728149
2023-05-17,954.4534017708934,896.9999389648438,3206907
2023-05-18,890.1859800641048,872.6361694335938,1125395
2023-05-19,876.557832645844,900.48046875,1276153
2023-05-22,900.0392566418391,907.4415283203125,622274
2023-05-23,907.9318720046718,907.5397338867188,295798
2023-05-24,906.0689895246505,906.6572265625,382577
2023-05-25,902.0000492820385,922.8342895507812,908420
2023-05-26,921.6090146483062,914.64794921875,733396
2023-05-29,916.7066063456076,911.4613037109375,428091
2023-05-30,909.8926292289433,914.8928833007812,457307
2023-05-31,913.2261113289092,912.539794921875,828343
2023-06-01,912.5398812398804,922.1481323242188,674688
2023-06-02,925.4815219341453,940.0899658203125,835559
2023-06-05,945.9237177332532,940.9235229492188,457416
2023-06-06,941.4136844748047,965.8755493164062,982778
2023-06-07,967.1501441120037,961.7577514648438,751214
2023-06-08,966.7088935743906,948.129638671875,445030
2023-06-09,951.0219542043893,946.953125,317442
2023-06-12,949.4533270529361,944.6981811523438,322310
2023-06-13,947.1000997674574,964.845947265625,481815
2023-06-14,966.512780918049,999.1122436523438,1367277
2023-06-15,999.063249782537,974.7484741210938,1664584
2023-06-16,977.4444984840226,994.5040283203125,992730
2023-06-19,998.0827058746536,989.3568115234375,492210
2023-06-20,988.3274375370544,1000.23974609375,555424
2023-06-21,1002.7497145790423,997.4837646484375,442261
2023-06-22,997.5820833415398,982.1778564453125,360176
2023-06-23,984.244921812365,968.4962158203125,459635
2023-06-26,968.4469768987137,966.8720703125,290340
2023-06-27,969.431335849528,968.693115234375,511927
2023-06-28,974.451255257405,964.7559814453125,866909
2023-06-30,972.1873016483871,969.3328247070312,484315
2023-07-03,973.3685488270919,982.8177490234375,254835
2023-07-04,994.1370658523801,975.4846801757812,551916
2023-07-05,976.6660190900999,995.7613525390625,474628
2023-07-06,1003.9800037323549,1023.7151489257812,1683704
2023-07-07,1023.5675980887816,1004.6199340820312,624390
2023-07-10,1009.5905001507173,1001.9622802734375,320453
2023-07-11,1002.1592369124852,1024.60107421875,535151
2023-07-12,1023.6659619515236,1017.366455078125,282617
2023-07-13,1017.760168134327,1012.3958129882812,650868
2023-07-14,1018.7443532766079,1043.5977783203125,643714
2023-07-17,1048.2237737496587,1052.899169921875,854776
2023-07-18,1053.1453817556358,1037.3475341796875,571889
2023-07-19,1028.5872626971718,1052.997802734375,313062
2023-07-20,1052.8994274653994,1058.706787109375,681573
2023-07-21,1032.524633529031,1039.6607666015625,1091714
2023-07-24,1038.282696753311,1050.5372314453125,465462
2023-07-25,1053.686876053682,1047.8795166015625,874792
2023-07-26,1048.4700903558685,1069.829345703125,244317
2023-07-27,1073.372869522396,1096.5037841796875,732836
2023-07-28,1100.7361314786017,1101.917236328125,495768
2023-07-31,1106.297473378885,1101.9666748046875,409293
2023-08-01,1092.5171238805165,1090.8438720703125,1676437
2023-08-02,1064.0220179062148,1091.336181640625,1806627
2023-08-03,1092.5663723771936,1085.0364990234375,1045239
2023-08-04,1085.1843319890256,1104.2796630859375,1034552
2023-08-07,1095.617876357877,1082.28076171875,695139
2023-08-08,1082.6253687557155,1089.2200927734375,861160
2023-08-09,1092.5667191765328,1071.94580078125,732767
2023-08-10,1075.735065486493,1078.19580078125,766566
2023-08-11,1079.5736549068467,1062.3485107421875,390965
2023-08-14,1069.8783492485202,1052.997802734375,981405
2023-08-16,1058.60824106865,1063.234375,556370
2023-08-17,1069.9275307239286,1059.7401123046875,359307
2023-08-18,1059.4942845942521,1056.7874755859375,611819
2023-08-21,1055.8031622424028,1061.315185546875,504800
2023-08-22,1061.4629626066603,1075.7352294921875,378980
2023-08-23,1086.6609006279523,1079.9676513671875,266037
2023-08-24,1087.6448724023164,1080.8040771484375,616385
2023-08-25,1081.7395700207387,1064.071533203125,388624
2023-08-28,1068.845009133769,1066.039794921875,411115
2023-08-29,1072.8807750879553,1082.5760498046875,552972
2023-08-30,1087.5956585031026,1109.5947265625,1085585
2023-08-31,1110.2838210791263,1103.24609375,1001798
2023-09-01,1112.2031557730177,1110.1854248046875,786235
2023-09-04,1112.05551351637,1109.6439208984375,343501
2023-09-05,1112.2524485138333,1128.3948974609375,550816
2023-09-06,1132.9223989843683,1126.81982421875,398708
2023-09-07,1126.819965443831,1136.2691650390625,349570
2023-09-08,1136.859991061009,1161.0736083984375,602950
2023-09-11,1171.3101322386703,1177.855712890625,565821
2023-09-12,1178.397120224496,1122.390869140625,630273
2023-09-13,1122.3904997606987,1116.14013671875,524956
2023-09-14,1122.2922219161082,1145.915283203125,708135
2023-09-15,1148.0805634401713,1155.4627685546875,396305
2023-09-18,1151.8210104796494,1140.9937744140625,274416
2023-09-20,1135.1374250697902,1124.9991455078125,601776
2023-09-21,1119.5854644209303,1116.189697265625,294423
2023-09-22,1116.9770694802037,1103.24609375,284264
2023-09-25,1102.409460435971,1116.5340576171875,517193
2023-09-26,1121.799822955748,1108.0689697265625,394803
2023-09-27,1107.1341223214506,1119.8314208984375,224433
2023-09-28,1134.8911004056658,1112.1539306640625,651774
2023-09-29,1118.6502233135427,1136.2198486328125,295731
2023-10-03,1133.9558551157115,1133.3160400390625,356478
2023-10-04,1132.922357029594,1103.491943359375,490682
2023-10-05,1106.4450342617147,1073.9141845703125,1720879
2023-10-06,1077.8022187454803,1094.1414794921875,1212278
2023-10-09,1086.6607851633705,1096.1099853515625,576991
2023-10-10,1102.4093844569668,1134.300537109375,815644
2023-10-11,1141.7814040126764,1130.5604248046875,405106
2023-10-12,1130.560242904421,1128.3455810546875,153722
2023-10-13,1126.8203125442249,1111.0223388671875,331803
2023-10-16,1110.23452892829,1112.9906005859375,217255
2023-10-17,1112.9904795674731,1119.24072265625,161833
2023-10-18,1119.0443492728036,1106.69140625,254617
2023-10-19,1095.7162099804073,1106.9864501953125,172702
2023-10-20,1103.8859718674876,1082.28076171875,340448
2023-10-23,1073.0775069041615,1067.61474609375,374217
2023-10-25,1068.8451041421633,1062.15185546875,587158
2023-10-26,1054.1792169989812,1052.6043701171875,583849
2023-10-27,1062.840978359205,1081.7393798828125,481797
2023-10-30,1092.5172614544563,1099.94873046875,880204
2023-10-31,1104.3780870132784,1119.9791259765625,395162
2023-11-01,1118.1580355220747,1146.4072265625,1114156
2023-11-02,1151.8210538570322,1191.4881591796875,1444507
2023-11-03,1192.866115277022,1212.20751953125,935766
2023-11-06,1224.6586502527402,1225.6429443359375,742375
2023-11-07,1229.3834162261192,1191.537353515625,346412
2023-11-08,1198.882362262976,1204.5020751953125,304269
2023-11-09,1206.7204069920988,1238.6151123046875,725927
2023-11-10,1234.3756388984111,1238.960205078125,452883
2023-11-13,1243.2982996407582,1215.9881591796875,205281
2023-11-15,1230.3826502541788,1284.3619384765625,2009159
2023-11-16,1291.5592222072473,1314.48193359375,1496226
2023-11-17,1314.1860098894642,1322.024169921875,1102120
2023-11-20,1333.953795883931,1330.0594482421875,2794859
2023-11-21,1345.686255552532,1386.7991943359375,2582746
2023-11-22,1378.5669333083506,1357.862548828125,728811
2023-11-23,1365.405041860274,1385.1727294921875,1155356
2023-11-24,1393.9967199383793,1370.3837890625,449316
2023-11-28,1368.5596460680097,1390.5457763671875,662461
2023-11-29,1395.0810258664121,1381.228759765625,715074
2023-11-30,1384.9260286089823,1381.1302490234375,5054451
2023-12-01,1389.1657319775811,1395.130615234375,807914
2023-12-04,1404.9898214478674,1418.5462646484375,1269942
2023-12-05,1424.7080253476956,1418.9896240234375,827329
2023-12-06,1420.1726246809444,1439.1024169921875,769884
2023-12-07,1452.6590471941154,1442.3560791015625,653915
2023-12-08,1444.3771504208046,1426.9755859375,404905
2023-12-11,1385.2218382704077,1430.229248046875,608354
2023-12-12,1433.9263602303013,1405.3345947265625,817309
2023-12-13,1402.179895273641,1416.7716064453125,743848
2023-12-14,1424.6587383321769,1468.3843994140625,1196188
2023-12-15,1478.8353097946538,1455.91259765625,996390
2023-12-18,1456.6518834277595,1425.6446533203125,589582
2023-12-19,1429.834795541216,1406.320556640625,417482
2023-12-20,1412.038814400628,1361.70751953125,788483
2023-12-21,1342.038466628943,1373.390869140625,422359
2023-12-22,1375.4610685857556,1387.242919921875,325547
2023-12-26,1388.9683443520637,1381.0316162109375,491861
2023-12-27,1385.0738936643424,1396.16552734375,600434
2023-12-28,1398.8274584771868,1422.09521484375,1149024
2023-12-29,1419.827488980912,1423.03173828125,295611
2024-01-01,1420.7152895347094,1428.1590576171875,158437
2024-01-02,1434.517708208703,1419.33447265625,304154
2024-01-03,1419.3839633195284,1438.4615478515625,345845
2024-01-04,1441.4194605850553,1511.7158203125,2014137
2024-01-05,1534.096047185462,1497.2718505859375,1555320
2024-01-08,1491.7015208834334,1469.6168212890625,492064
2024-01-09,1483.07476897981,1513.2933349609375,886176
2024-01-10,1518.1241252652098,1500.6732177734375,603712
2024-01-11,1502.3495250194742,1526.504638671875,907123
2024-01-12,1528.082104857353,1519.1102294921875,1149713
2024-01-15,1534.8849493070838,1548.0469970703125,699872
2024-01-16,1551.3004548373635,1505.947998046875,616617
2024-01-17,1503.3353447427203,1509.2015380859375,598390
2024-01-18,1498.2579782874222,1491.6522216796875,1059339
2024-01-19,1502.5466805232677,1497.6170654296875,886049
2024-01-23,1424.6588514634,1350.4681396484375,2775697
2024-01-24,1345.8343280167348,1285.6436767578125,4023141
2024-01-25,1291.8054786163736,1285.5941162109375,1191354
2024-01-29,1288.6016291037215,1289.5382080078125,1535108
2024-01-30,1301.4184020074576,1282.981689453125,934779
2024-01-31,1283.671922351585,1305.06640625,451853
2024-02-01,1306.0522537332504,1289.1929931640625,589255
2024-02-02,1298.4747366272386,1268.9998779296875,692216
2024-02-05,1266.8771791415047,1281.244384765625,973106
2024-02-06,1285.6382456416695,1300.89404296875,960023
2024-02-07,1320.198384037003,1299.807861328125,1218242
2024-02-08,1299.8080160096158,1328.394287109375,1159485
2024-02-09,1332.3929673036585,1325.0859375,463883
2024-02-12,1330.96157873853,1314.6195068359375,714248
2024-02-13,1313.4838442080259,1301.6346435546875,1171065
2024-02-14,1295.56195601439,1304.79443359375,895005
2024-02-15,1313.6814638432943,1292.747802734375,399238
2024-02-16,1306.5224318502496,1305.436279296875,618218
2024-02-19,1315.2117175929084,1283.1695556640625,473307
2024-02-20,1283.1694908768407,1293.0438232421875,467576
2024-02-21,1295.0186798483699,1304.744873046875,945669
2024-02-22,1317.8285281130843,1360.831298828125,1505899
2024-02-23,1360.83148305081,1348.932861328125,1176936
2024-02-26,1347.797004725997,1357.868896484375,354755
2024-02-27,1359.1033304627074,1367.6446533203125,521454
2024-02-28,1357.5727520514622,1316.0018310546875,781895
2024-02-29,1319.2107319078948,1327.3570556640625,741320
2024-03-01,1334.7630139934108,1351.0556640625,324073
2024-03-04,1360.7324801946675,1369.273681640625,369567
2024-03-05,1368.6318497328407,1358.9549560546875,333891
2024-03-06,1353.3266362734355,1337.1820068359375,353081
2024-03-07,1336.9847341213103,1360.0906982421875,285319
2024-03-11,1362.8555732397817,1342.020751953125,507190
2024-03-12,1344.6867374206893,1308.744140625,687808
2024-03-13,1304.5966892582908,1283.5150146484375,896681
2024-03-14,1278.7262133937545,1308.941650390625,276447
2024-03-15,1303.9057998271476,1309.0404052734375,763650
2024-03-18,1303.8563530409824,1330.4183349609375,1237736
2024-03-19,1339.2557826121254,1343.4029541015625,901005
2024-03-20,1343.4030337179752,1366.4102783203125,429269
2024-03-21,1376.4821267985612,1406.845703125,929063
2024-03-22,1407.0431535147209,1428.66796875,936505
2024-03-26,1439.2333391812037,1476.2620849609375,1528134
2024-03-27,1481.1497872360999,1495.911865234375,1363483
2024-03-28,1495.9122114837132,1457.3035888671875,1274101
2024-04-01,1456.4641746951368,1484.4578857421875,898931
2024-04-02,1489.049609785663,1535.1134033203125,1284154
2024-04-03,1528.2506019072096,1506.77392578125,636328
2024-04-04,1507.267760205626,1517.48779296875,444061
2024-04-05,1511.760538009851,1531.311767578125,1526505
2024-04-08,1544.2963953326207,1513.1429443359375,1436333
2024-04-09,1513.7352239271584,1505.342041015625,442957
2024-04-10,1510.921148713473,1498.8743896484375,291910
2024-04-12,1491.024499508073,1481.1995849609375,432038
2024-04-15,1462.487389321641,1449.6507568359375,393540
2024-04-16,1428.0260713469418,1442.2945556640625,612592
2024-04-18,1436.814230012739,1381.5673828125,609447
2024-04-19,1367.5950245134059,1377.123779296875,532840
2024-04-22,1379.9381432806301,1405.1671142578125,444410
2024-04-23,1412.0298381776354,1455.427490234375,912714
2024-04-24,1455.4273282139427,1442.2451171875,309675
2024-04-25,1440.6651348395903,1455.674072265625,444577
2024-04-26,1451.526838441034,1482.9765625,385359
2024-04-29,1489.8887882929646,1460.710205078125,176547
2024-04-30,1461.4507707981977,1464.709228515625,256118
2024-05-02,1461.4507138164058,1510.131103515625,760770
2024-05-03,1519.6600312875394,1453.9462890625,581620
2024-05-06,1463.376123349094,1479.8662109375,707712
2024-05-07,1488.9506382738869,1448.614013671875,1184544
2024-05-08,1456.4640987992839,1480.5574951171875,336124
2024-05-09,1486.5315813207856,1440.171630859375,284342
2024-05-10,1455.4768297319138,1451.1815185546875,222571
2024-05-13,1451.1813473288637,1464.11669921875,161524
2024-05-14,1468.3133562799542,1500.1580810546875,469450
2024-05-15,1565.0817913344076,1554.3681640625,5374933
2024-05-16,1571.2039034065017,1689.6466064453125,7769100
2024-05-17,1705.7416061246458,1720.8988037109375,2256273
2024-05-21,1728.5513197195075,1703.2236328125,1585616
2024-05-22,1716.5201147933972,1753.9873046875,1302543
2024-05-23,1777.9603286497957,1767.6790771484375,1363413
2024-05-24,1767.7284924980336,1780.1845703125,742683
2024-05-27,1779.9374282464287,1783.2491455078125,460866
2024-05-28,1783.2493177481506,1811.720458984375,920416
2024-05-29,1791.8004774979006,1811.8192138671875,544131
2024-05-30,1804.1578075309587,1789.77392578125,606755
2024-05-31,1814.0434461361442,1798.8687744140625,1236595
2024-06-03,1902.9662109519302,1862.4344482421875,968545
2024-06-04,1864.461186781532,1725.318603515625,1025717
2024-06-05,1754.5312379160016,1823.8800048828125,781426
2024-06-06,1830.7998059663119,1882.5025634765625,816594
2024-06-07,1882.5025685641715,1867.9210205078125,606448
2024-06-10,1878.3506876179906,1877.6092529296875,1114143
2024-06-11,1883.2441484015885,1908.7000732421875,1352283
2024-06-12,1909.194271889652,1896.5404052734375,583698
2024-06-13,1907.958548331711,1912.8026123046875,1264291
2024-06-14,1930.2511440815404,1886.01220703125,615383
2024-06-18,1874.8413507119135,1891.202392578125,925700
2024-06-19,1898.1220820489564,1842.5638427734375,662962
2024-06-20,1850.2749470915803,1868.168212890625,632977
2024-06-21,1874.3468912204532,1864.263427734375,597855
2024-06-24,1866.2427498979478,1887.1239013671875,1049502
2024-06-25,1910.4790327744734,1810.32861328125,1541211
2024-06-26,1813.0004848838018,1777.86865234375,840752
2024-06-27,1781.332297543204,1741.054443359375,1661347
2024-06-28,1751.544607087242,1747.4376220703125,587657
2024-07-01,1773.4153401887588,1756.34423828125,764490
2024-07-02,1759.5605708388935,1784.5487060546875,976825
2024-07-03,1791.2286678227686,1779.3035888671875,464777
2024-07-04,1790.1894254413403,1777.7696533203125,299163
2024-07-05,1777.967742083431,1766.53759765625,258341
2024-07-08,1779.3531962906209,1705.37841796875,526932
2024-07-09,1714.5820151694634,1699.9849853515625,625493
2024-07-10,1712.0584128727894,1705.7742919921875,886851
2024-07-11,1709.5346571239957,1693.7501220703125,482251
2024-07-12,1697.214016651953,1680.0933837890625,682134
2024-07-15,1697.1150179479378,1697.560302734375,700946
2024-07-16,1699.6879071631026,1709.53466796875,815643
2024-07-18,1713.4932918587497,1700.7271728515625,930615
2024-07-19,1705.8236312804077,1653.9671630859375,1041722
2024-07-22,1666.5353421552466,1725.9130859375,2911752
2024-07-23,1757.1855774606959,1669.6033935546875,4512836
2024-07-24,1672.4732698685834,1724.775146484375,1505609
2024-07-25,1712.0583839521287,1711.316162109375,957754
2024-07-26,1716.0167131696428,1766.48779296875,899262
2024-07-29,1773.464864635482,1775.295654296875,1190762
2024-07-30,1789.249474882518,1808.1513671875,1019163
2024-07-31,1822.7979298593239,1843.0853271484375,1209788
2024-08-01,1847.64227797944,1822.1815185546875,739985
2024-08-02,1783.445475473542,1762.78955078125,543407
2024-08-05,1733.7128079091258,1690.122314453125,1272963
2024-08-06,1713.997998410642,1700.1282958984375,1106701
2024-08-07,1758.4801134797326,1754.7650146484375,564600
2024-08-08,1742.2326164887718,1728.3629150390625,660451
2024-08-09,1762.3934394029677,1771.60693359375,798392
2024-08-12,1769.8730611753833,1797.2657470703125,1419019
2024-08-13,1776.7584607708864,1728.95751953125,738068
2024-08-14,1739.5578572094212,1699.4842529296875,651320
2024-08-16,1708.3512094711416,1749.712646484375,718392
2024-08-19,1763.4335973267848,1750.5050048828125,285852
2024-08-20,1748.870530160427,1739.0130615234375,580046
2024-08-21,1740.8952126553233,1728.610595703125,413365
2024-08-22,1730.3939387835176,1717.960693359375,757573
2024-08-23,1717.9606270770298,1687.2491455078125,569967
2024-08-26,1693.0446095679206,1722.46826171875,699817
2024-08-27,1722.4686844154735,1712.06640625,490753
2024-08-28,1718.654232341221,1695.3233642578125,217943
2024-08-29,1693.0943407307075,1707.1126708984375,788306
2024-08-30,1712.3135887205954,1755.8544921875,983157
2024-09-02,1763.433489903687,1742.0345458984375,306280
2024-09-03,1738.8645196850352,1751.7435302734375,379376
2024-09-04,1751.7930077479334,1767.0001220703125,773570
2024-09-05,1775.222756265495,1773.6871337890625,517402
2024-09-06,1770.8637979310681,1730.9884033203125,749525
2024-09-09,1728.6603562943124,1726.3817138671875,382054
2024-09-10,1719.2486150814648,1741.4896240234375,521608
2024-09-11,1752.1396100322065,1735.347412109375,534290
2024-09-12,1746.2452114948458,1751.050048828125,560439
2024-09-13,1762.0465463332637,1797.5628662109375,1100430
2024-09-16,1809.005438120907,1785.1297607421875,741473
2024-09-17,1792.1635545723477,1797.216064453125,360524
2024-09-18,1807.1728746096044,1791.5694580078125,450844
2024-09-19,1801.079972773545,1824.5098876953125,1000198
2024-09-20,1842.6393613584826,1839.5682373046875,1405487
2024-09-23,1846.6518610509377,1881.9700927734375,876877
2024-09-24,1898.861275148454,1882.3663330078125,830136
2024-09-25,1879.9390932400831,1923.4305419921875,917710
2024-09-26,1934.8233941522494,1935.021484375,944208
2024-09-27,1945.9191961334425,1879.196044921875,485248
2024-09-30,1892.2236170514466,1874.5892333984375,885798
2024-10-01,1885.883200150637,1870.27978515625,549915
2024-10-03,1832.7821083234464,1828.0267333984375,650078
2024-10-04,1824.361376012671,1791.5694580078125,806448
2024-10-07,1801.6743022564547,1731.8304443359375,689748
2024-10-08,1729.1557174495895,1743.2235107421875,839438
2024-10-09,1758.1830689493438,1817.5751953125,902414
2024-10-10,1829.8100372878766,1861.7598876953125,1183118
2024-10-11,1863.0973091065466,1901.28857421875,928809
2024-10-14,1907.6785527732388,1979.2066650390625,3256094
2024-10-15,1981.3860374162439,2010.01708984375,1624002
2024-10-16,2009.0265929776376,2011.701416015625,1521674
2024-10-17,2045.7810037890083,1885.982177734375,2310430
2024-10-18,1892.1740767111319,1913.5235595703125,1334918
2024-10-21,1961.6216758613782,1976.9774169921875,2700071
2024-10-22,1962.5629627353364,1932.2972412109375,1764458
2024-10-23,1946.5631632697023,1939.3311767578125,827994
2024-10-24,1956.5690459930227,1966.426513671875,1598070
2024-10-25,1981.2869217595537,1923.6781005859375,548279
2024-10-28,1923.678219496856,1952.16064453125,652414
2024-10-29,1971.2812469439389,1966.2781982421875,925101
2024-10-30,1945.721218065102,1909.80859375,742659
2024-10-31,1909.8083859999979,1948.4949951171875,1337339
2024-11-01,1961.4729975308112,1954.9344482421875,51784
2024-11-04,1956.0748871830326,1919.9771728515625,442708
2024-11-05,1909.0188324319704,1982.10693359375,1090293
2024-11-06,1993.3131970176082,2005.6597900390625,1153566
2024-11-07,2020.0891061924324,2015.3785400390625,2572885
2024-11-08,2028.5680828734837,2000.0567626953125,1046572
2024-11-11,2003.8250888132068,1996.040283203125,1304658
2024-11-12,2008.7835771072864,1973.132080078125,1372529
2024-11-13,1972.4875037158236,1911.1510009765625,1519807
2024-11-14,1919.9274681805364,1963.8597412109375,1392570
2024-11-18,1960.6367415805682,1895.53173828125,1363298
2024-11-19,1899.5976758608301,1916.7044677734375,1173547
2024-11-21,1921.911086895333,1901.4324951171875,1760308
2024-11-22,1912.588761110891,1925.728759765625,630456
2024-11-25,1990.0406094784523,1930.6875,17682166
2024-11-26,1913.9773495967934,1962.8184814453125,1186105
2024-11-27,1978.4376920319933,1975.9088134765625,744669
2024-11-28,1980.0243913618253,2002.5360107421875,961209
2024-11-29,2002.5360457351264,1990.6851806640625,687193
2024-12-02,1997.280111346957,2052.468017578125,655348
2024-12-03,2074.4838527646293,2043.245361328125,1059164
2024-12-04,2082.516476082766,2146.778564453125,2764976
2024-12-05,2163.8853941853454,2112.515380859375,1176853
2024-12-06,2129.0765596980787,2125.506591796875,628470
2024-12-09,2129.6221350495143,2122.134765625,579295
2024-12-10,2122.1349762722784,2112.0693359375,602144
2024-12-11,2115.2921651397323,2116.829345703125,440634
2024-12-12,2117.5731615749983,2110.18505859375,579397
2024-12-13,2111.920248460106,2100.118896484375,657401
2024-12-16,2117.870634732766,2234.791748046875,3835712
2024-12-17,2236.279052027346,2296.326416015625,2297944
2024-12-18,2290.823102944923,2297.8642578125,509242
2024-12-19,2266.029886222852,2268.112548828125,969144
2024-12-20,2285.7649795111447,2229.13916015625,1207821
2024-12-23,2218.0324458715454,2243.51904296875,517522
2024-12-24,2270.9887700641916,2271.484619140625,1220223
2024-12-26,2286.8559979666948,2303.36767578125,422091
2024-12-27,2324.1933562366835,2296.57470703125,644394
2024-12-30,2315.614982860206,2246.642333984375,1401095
2024-12-31,2253.733341056703,2292.310302734375,586408
2025-01-01,2302.4253613481264,2256.0634765625,347770
2025-01-02,2272.9722801306275,2263.30322265625,616304
2025-01-03,2261.2699919212846,2236.4775390625,313276
2025-01-06,2251.154793082404,2191.107421875,504981
2025-01-07,2201.56977994409,2249.56787109375,779322
2025-01-08,2275.947153136636,2263.45166015625,1610259
2025-01-09,2243.2210753012578,2227.75048828125,864248
2025-01-10,2212.47844942545,2110.631103515625,716902
2025-01-13,2105.7716809174512,1996.6353759765625,707321
2025-01-14,1996.3380458195018,1958.851806640625,1212125
2025-01-15,1975.611417236915,1990.1893310546875,804805
2025-01-16,2032.9812590481845,1948.5877685546875,548785
2025-01-17,1939.7616552167058,1972.3885498046875,573104
2025-01-20,1985.379664264896,1986.272216796875,256443
2025-01-21,1994.4042138992047,1842.6248779296875,3905130
2025-01-22,1842.5752448208477,1748.5126953125,2879895
2025-01-23,1755.3057436161664,1806.77490234375,1344506
2025-01-24,1812.7810766395132,1744.0802001953125,958625
2025-01-27,1737.3788660185903,1672.8973388671875,1243015
2025-01-28,1687.8885499894657,1660.8846435546875,1340324
2025-01-29,1662.9196957221332,1706.0067138671875,736424
2025-01-30,1727.6495068159632,1743.0377197265625,1073078
2025-01-31,1747.5054649348524,1799.5772705078125,1399801
2025-02-01,1800.3713007132276,1830.94921875,534832
2025-02-03,1826.7297614240483,1790.8404541015625,668940
2025-02-04,1806.8741621132872,1811.0438232421875,456456
2025-02-05,1816.8019313073492,1815.2630615234375,433038
2025-02-06,1821.7657842415658,1784.6851806640625,294141
2025-02-07,1782.7989814786386,1811.6890869140625,547399
2025-02-10,1799.030926630003,1795.4072265625,430268
2025-02-11,1795.9533404624258,1692.4552001953125,719782
2025-02-12,1692.455231954804,1628.42041015625,1127995
2025-02-13,1628.1721712670483,1616.904052734375,1555845
2025-02-14,1616.9040876797296,1559.3223876953125,710925
2025-02-17,1541.8990292363694,1578.7811279296875,470078
2025-02-18,1578.780972573149,1579.078857421875,477597
2025-02-19,1548.749297989998,1590.5953369140625,654144
2025-02-20,1590.5951533051561,1605.1890869140625,438467
2025-02-21,1608.3164175381803,1570.3919677734375,496920
2025-02-24,1557.7339693676608,1572.12939453125,328716
2025-02-25,1580.4191410970097,1532.21923828125,969576
2025-02-27,1532.3682694344195,1496.8760986328125,1409398
2025-02-28,1467.3405795433016,1473.793701171875,2237962
2025-03-03,1475.531191139171,1495.4862060546875,476343
2025-03-04,1466.05002284048,1504.0738525390625,612214
2025-03-05,1504.073737672695,1558.03173828125,584437
2025-03-06,1578.5330760969011,1553.7630615234375,461985
2025-03-07,1560.2655207039245,1532.020751953125,419309
2025-03-10,1532.0208202352385,1513.05859375,515354
2025-03-11,1486.352467508208,1570.193359375,701768
2025-03-12,1577.4904407564554,1559.471435546875,431423
2025-03-13,1567.909918077652,1522.440185546875,385694
2025-03-17,1502.584547292503,1509.484375,449201
2025-03-18,1509.484375,1509.484375,0
2025-03-19,1543.7853431081337,1602.6080322265625,864900
2025-03-20,1622.8112308282102,1630.80322265625,484328
2025-03-21,1638.1000614599093,1640.58203125,1247467
2025-03-24,1662.3735906811214,1662.9693603515625,617330
2025-03-25,1663.9621803960265,1619.435546875,721488
2025-03-26,1611.5430002995045,1608.0185546875,451054
2025-03-27,1612.287537483657,1631.2001953125,687604
2025-03-28,1648.6236971381309,1625.591064453125,554131
2025-04-01,1623.2082622203325,1562.5985107421875,585525
2025-04-02,1562.2510107619803,1609.5076904296875,518120
2025-04-03,1588.4607263513515,1579.525634765625,367398
2025-04-04,1583.49667644557,1539.4168701171875,454115
2025-04-07,1446.4920505541043,1472.552734375,543142
2025-04-08,1494.245101061627,1517.0792236328125,710100
2025-04-09,1517.9232021628638,1482.4310302734375,382575
2025-04-11,1535.6939136753338,1536.1903076171875,638767
2025-04-15,1578.532850341507,1612.9825439453125,531277
2025-04-16,1620.0315152481096,1629.562255859375,299858
2025-04-17,1634.1288897962547,1628.8670654296875,390973
2025-04-21,1605.3381315325714,1644.25537109375,856404
2025-04-22,1652.991956588156,1687.441650390625,895055
2025-04-23,1698.958113817509,1693.6962890625,931108
2025-04-24,1694.7883203412916,1666.791748046875,906152
2025-04-25,1666.7917239276815,1594.615966796875,1266105
2025-04-28,1594.8146571731293,1644.8511962890625,293983
2025-04-29,1588.4605927954335,1608.812744140625,1349828
2025-04-30,1608.812819308942,1629.7606201171875,1449084
2025-05-02,1617.549378394655,1592.1339111328125,609695
2025-05-05,1600.3843731368993,1615.3941650390625,462582
2025-05-06,1615.394134613876,1549.8876953125,449461
2025-05-07,1542.730872589314,1572.0546875,695940
2025-05-08,1578.5159654029153,1545.414794921875,463835
2025-05-09,1500.9816897708067,1525.037109375,666647
2025-05-12,1604.3604766545143,1608.038330078125,850975
2025-05-13,1608.436067850124,1576.7265625,822538
2025-05-14,1580.7026600124425,1603.664794921875,640989
2025-05-15,1609.3306189409484,1623.7440185546875,481428
2025-05-16,1625.2351965527262,1666.1890869140625,545987
2025-05-19,1674.9364901498207,1724.240234375,1063705
2025-05-20,1735.5723010153993,1689.0517578125,1136840
2025-05-21,1694.8170302144988,1721.556396484375,620174
2025-05-22,1721.55654174211,1717.6798095703125,335377
2025-05-23,1719.6677353348848,1727.918212890625,286447
2025-05-26,1734.4788525979584,1730.999755859375,378639
2025-05-27,1725.0355255532945,1740.7410888671875,467941
2025-05-28,1740.7412348730693,1715.5924072265625,717635
2025-05-29,1715.5922714397009,1730.502685546875,1013315
2025-05-30,1739.5483370602888,1735.8704833984375,2492957
2025-06-02,1736.4669453257452,1757.540283203125,884586
2025-06-03,1775.3333571501632,1786.56591796875,1114026
2025-06-04,1807.1420526686027,1766.6851806640625,937309
2025-06-05,1771.5560325483304,1790.0450439453125,496326
2025-06-06,1799.190002491048,1896.803466796875,2048555
2025-06-09,1917.479349360287,1891.7340087890625,1019364
2025-06-10,1895.6105357942859,1906.24658203125,912981
2025-06-11,1907.439602841207,1889.646484375,482323
2025-06-12,1883.6822696063255,1878.910888671875,385043
2025-06-13,1838.9511644979425,1891.7340087890625,447485
2025-06-16,1893.6225986452341,1917.3798828125,569165
2025-06-17,1928.512944700007,1899.7855224609375,948887
2025-06-18,1905.5508216667406,1884.875,317331
2025-06-19,1896.306450261359,1869.0701904296875,630360
2025-06-20,1870.7600039171864,1899.4874267578125,760759
2025-06-23,1868.7719524793388,1924.4375,572393
2025-06-24,1943.3239208812445,1976.1268310546875,1020962
2025-06-25,1993.0254138852556,1977.1209716796875,631449
2025-06-26,1973.144763452828,1970.4609375,807925
2025-06-27,1970.262084320121,1907.3402099609375,1449448
2025-06-30,1913.4037755986722,1894.218994140625,592732
2025-07-01,1903.463453492129,1901.972412109375,445266
2025-07-02,1901.9722456089494,1886.5648193359375,299965
2025-07-03,1891.2368080965232,1859.8255615234375,458827
2025-07-04,1867.7777342182903,1858.33447265625,373302
2025-07-07,1858.831493332299,1833.2850341796875,214956
2025-07-08,1830.0047947510093,1846.40625,422671
2025-07-09,1848.3943489464361,1820.1639404296875,543133
2025-07-10,1820.1639536967014,1832.09228515625,566655
2025-07-11,1833.9809822367245,1824.5377197265625,235830
2025-07-14,1835.2732198870435,1793.424560546875,956003
2025-07-15,1814.1002513772564,1809.2294921875,635634
2025-07-16,1811.6152886060718,1805.651123046875,473363
2025-07-17,1814.0011188911715,1827.7186279296875,363037
2025-07-18,1836.9630082382494,1824.0406494140625,499713
2025-07-21,1823.9412011415889,1823.6429443359375,280353
2025-07-22,1770.3632124639794,1815.293212890625,718088
2025-07-23,1759.4288853157814,1759.03125,4102400
2025-07-24,1774.339218367505,1738.35546875,692382
2025-07-25,1723.626881462118,1689.990234375,999802
2025-07-28,1672.8735827292708,1619.3336181640625,1303405
2025-07-29,1617.2436816626341,1656.7518310546875,1123541
2025-07-30,1669.5894538869593,1640.0330810546875,360307
2025-07-31,1617.1442836518413,1622.2196044921875,727062
2025-08-01,1621.2244614307444,1581.7164306640625,555688
2025-08-04,1588.4834805838739,1601.8187255859375,566757
2025-08-05,1601.8186520067425,1600.823486328125,441716
2025-08-06,1601.22165397247,1596.743408203125,492717
2025-08-07,1593.0612967972133,1602.71435546875,359864
2025-08-08,1600.226388721645,1563.703857421875,616455
2025-08-11,1559.822847329928,1602.9134521484375,312265
2025-08-12,1611.173221015638,1606.097900390625,309489
2025-08-13,1608.1878347515963,1618.8360595703125,307027
2025-08-14,1614.7559022585222,1611.372314453125,319944
2025-08-18,1622.319154977165,1638.5404052734375,283877
2025-08-19,1639.0379695357087,1641.4263916015625,129527
2025-08-20,1640.7297047734394,1648.89013671875,292102
2025-08-21,1646.9992833324336,1651.676513671875,315112
2025-08-22,1652.970145287533,1649.3875732421875,585935
2025-08-25,1657.3490106095962,1664.6136474609375,401347
2025-08-26,1663.0214957424341,1630.280517578125,308268
2025-08-28,1627.0958785058076,1610.9742431640625,341948
2025-08-29,1610.1782064334113,1603.0130615234375,670647
2025-09-01,1607.1927202813324,1630.280517578125,239325
2025-09-02,1630.9770358658898,1643.814697265625,215690
2025-09-03,1653.7664825192992,1648.6910400390625,235041
2025-09-04,1676.7549025654464,1653.8660888671875,386288
2025-09-05,1650.0841942819313,1620.726806640625,462279
2025-09-08,1632.071733094582,1615.4525146484375,369564
2025-09-09,1623.1152841402711,1609.5810546875,432224
2025-09-10,1617.4429205399592,1603.9085693359375,680321
2025-09-11,1611.1732225480712,1596.0467529296875,563822
2025-09-12,1604.0082936989616,1594.1561279296875,1178319
2025-09-15,1600.325846951046,1632.0716552734375,515735
2025-09-16,1639.0380361583707,1635.057373046875,218824
2025-09-17,1639.0379809111412,1648.6910400390625,323540
2025-09-18,1651.9749404702923,1650.18359375,537540
2025-09-19,1656.851427008364,1662.125732421875,531718
2025-09-22,1655.557727518735,1665.8079833984375,630675
2025-09-23,1663.4193337613365,1657.9459228515625,379371
2025-09-24,1656.9510345159633,1612.26806640625,749614
2025-09-25,1612.267948235815,1592.1656494140625,1843960
2025-09-26,1592.1657511881372,1570.072998046875,548852
2025-09-29,1573.3569501151233,1593.061279296875,449206
2025-09-30,1593.0613319946567,1574.45166015625,981462
2025-10-01,1580.2236253091078,1587.8863525390625,307351
2025-10-03,1602.0177914592614,1597.6390380859375,429741
2025-10-06,1603.1124839476738,1614.4573974609375,151403
2025-10-07,1614.7559120051262,1628.688232421875,286623
2025-10-08,1617.1443981527339,1569.8740234375,596321
2025-10-09,1576.3425363179117,1583.706787109375,316450
2025-10-10,1590.672915154753,1591.8670654296875,311537
2025-10-13,1584.5028898279072,1580.3232421875,413785
2025-10-14,1591.2700365480537,1563.4053955078125,282907
2025-10-15,1570.8690070997295,1593.6583251953125,472666
2025-10-16,1666.9026106666056,1678.944091796875,2609529
2025-10-17,1690.4879499974934,1692.279296875,910748
2025-10-20,1701.7445034952254,1692.9766845703125,307160
2025-10-21,1693.773681209535,1692.77734375,41351
2025-10-23,1692.7775805984916,1667.869140625,542574
2025-10-24,1674.2454917992156,1693.674072265625,449652
2025-10-27,1698.7555040631976,1729.6419677734375,1003301
2025-10-28,1730.6382952463614,1701.8441162109375,428250
2025-10-29,1708.4199216802256,1707.124755859375,175253
2025-10-30,1724.6601645030448,1743.8895263671875,1074751
2025-10-31,1753.5542044205063,1771.7872314453125,1586130
2025-11-03,1784.9387261059605,1800.880126953125,418317
2025-11-04,1808.352649424763,1774.5767822265625,356588
2025-11-06,1783.4440879375213,1773.8792724609375,352524
2025-11-07,1753.553968605959,1786.33349609375,290632
2025-11-10,1787.42956292789,1780.6544189453125,202911
2025-11-11,1788.4258919540239,1756.244140625,408478
2025-11-12,1763.7165394618596,1732.3319091796875,242614
2025-11-13,1728.844851783124,1737.8118896484375,240206
2025-11-14,1741.598024082625,1745.98193359375,183727
2025-11-17,1753.9527542665276,1738.808349609375,150217
2025-11-18,1738.6088719936777,1704.1356201171875,233440
2025-11-19,1695.6668722786278,1702.44189453125,334415
2025-11-20,1708.718747213496,1702.2425537109375,154835
2025-11-21,1708.6191143027932,1649.3370361328125,204081
2025-11-24,1649.3371396780171,1601.2139892578125,808792
2025-11-25,1607.092413355433,1623.631591796875,660500
2025-11-26,1631.6024246577,1656.710205078125,166675
2025-11-27,1673.8470390492032,1655.514404296875,419476
2025-11-28,1658.9019707627067,1641.1671142578125,225018
2025-12-01,1642.9605600319528,1612.9708251953125,393897
2025-12-02,1612.97095118497,1626.6207275390625,575858
2025-12-03,1626.6206084454218,1634.59130859375,295186
2025-12-04,1627.0192959440253,1657.6068115234375,221691
2025-12-05,1654.9166245823417,1651.628662109375,644702
2025-12-08,1653.9202691309201,1604.1033935546875,542113
2025-12-09,1606.9928034232696,1622.0374755859375,776484
2025-12-10,1633.594965929018,1620.443359375,583559
2025-12-11,1620.443361856078,1626.8199462890625,421136
2025-12-12,1634.0931471587644,1653.7210693359375,374480
2025-12-15,1647.7430426767014,1649.8353271484375,205973
2025-12-16,1649.237538138475,1620.8419189453125,179405
2025-12-17,1622.0375922569558,1604.00390625,265395
2025-12-18,1609.9817078732146,1652.126708984375,516729
2025-12-19,1644.5546967644073,1669.164306640625,430811
2025-12-22,1673.8471630986478,1656.710205078125,391434
2025-12-23,1669.9612988074023,1656.4111328125,292963
2025-12-24,1662.7877210037195,1666.27490234375,325645
2025-12-26,1664.8800082803855,1674.44482421875,314160
2025-12-29,1681.8177426294524,1664.3818359375,258029
2025-12-30,1668.865345585351,1640.1707763671875,205339
2025-12-31,1633.99354136533,1664.4814453125,162447
2026-01-01,1670.8581598269552,1689.68896484375,115765
2026-01-02,1692.777476757248,1723.6639404296875,404480
2026-01-05,1738.6090070351786,1733.6273193359375,259143
2026-01-06,1733.6273146724084,1719.9775390625,166994
2026-01-07,1713.7005573070376,1702.44189453125,298613
2026-01-08,1703.7371868705086,1715.6932373046875,564739
2026-01-09,1719.180281183595,1680.7216796875,857630
2026-01-12,1680.7217907887293,1651.529052734375,464576
2026-01-13,1663.8836621506814,1651.0308837890625,443321
2026-01-14,1647.9422587584004,1642.36279296875,212916
2026-01-15,1642.36279296875,1642.36279296875,0
2026-01-16,1638.9753475172022,1658.4039306640625,290688
2026-01-19,1653.9202862946738,1648.8389892578125,443429
2026-01-20,1610.081513614148,1518.21923828125,4119917
2026-01-21,1522.702626009708,1497.0966796875,1474447
2026-01-22,1509.5510137843496,1474.77880859375,1544248
2026-01-23,1477.5722880160774,1450.5350341796875,1123854
2026-01-27,1451.4330664727884,1464.203369140625,933670
2026-01-28,1465.300770922205,1479.7672119140625,494506
2026-01-29,1476.4749884025334,1498.424072265625,1167446
2026-01-30,1493.4355764000477,1487.449462890625,661202
2026-02-02,1446.6440477720594,1470.5885009765625,1040919
2026-02-03,1506.505281937684,1524.463623046875,810972
2026-02-04,1524.4635397704287,1541.4241943359375,425682
2026-02-05,1547.4104230974776,1545.3153076171875,508888
2026-02-06,1541.124827297017,1529.0528564453125,899859
2026-02-09,1548.4079843642628,1560.6795654296875,409080
2026-02-10,1566.765449258952,1565.2689208984375,252206
2026-02-11,1565.368575559532,1573.6494140625,174621
2026-02-12,1574.3478834093696,1562.9742431640625,196740
2026-02-13,1535.4381167948513,1544.0181884765625,494872
2026-02-16,1541.2247219813269,1560.47998046875,217779
2026-02-17,1559.482261893661,1547.310546875,82828
2026-02-18,1542.721215839687,1537.7327880859375,232076
2026-02-19,1536.4357660909504,1499.2220458984375,430460
2026-02-20,1495.6303634737505,1519.674560546875,546965
2026-02-23,1526.4589270871754,1518.2779541015625,179026
2026-02-24,1506.505251913833,1508.40087890625,428982
2026-02-25,1508.4008240182277,1514.58642578125,228439
2026-02-26,1521.470437825672,1540.8255615234375,460946
2026-02-27,1536.4359013042156,1519.2757568359375,788586
2026-03-02,1486.5515467235255,1487.2498779296875,442316
2026-03-04,1457.618636033823,1451.033935546875,807048
2026-03-05,1466.5978284316184,1478.6697998046875,1232606
2026-03-06,1478.6697756486174,1471.1871337890625,424324
2026-03-09,1451.7321810555036,1466.098876953125,569223
2026-03-10,1483.3589489645508,1490.542236328125,196842
2026-03-11,1497.5259626524546,1485.354248046875,509201
2026-03-12,1470.0896397319384,1466.8970947265625,480014
2026-03-13,1456.620875797553,1448.7391357421875,703160
2026-03-16,1460.7114069450722,1414.81787109375,1082381
2026-03-17,1431.6788040809638,1454.9249267578125,552398
2026-03-18,1453.4283882887216,1469.391357421875,764797
2026-03-19,1454.6255727586488,1442.453857421875,783557
2026-03-20,1445.6464025564349,1442.453857421875,758939
2026-03-23,1416.7134814747167,1408.233154296875,556616
2026-03-24,1430.6811286472923,1440.45849609375,329509
2026-03-25,1449.5373922001813,1496.22900390625,435229
2026-03-27,1474.579327438658,1453.6279296875,1265278
2026-03-30,1432.6764749603594,1415.7158203125,1438928
2026-04-01,1435.7693081028626,1471.08740234375,819778
2026-04-02,1448.6393934152995,1503.412353515625,807999
2026-04-06,1503.412411791488,1516.38232421875,288582
2026-04-07,1499.6211551265562,1556.6888427734375,637494
2026-04-08,1629.2205917492172,1632.01416015625,882020
2026-04-09,1616.6497275794168,1649.673095703125,1071322
2026-04-10,1648.6754182279308,1667.8309326171875,631938
2026-04-13,1616.7494746166615,1681.2996826171875,627290
2026-04-15,1701.4529646727087,1701.752197265625,908276
2026-04-16,1711.0307354686265,1706.44140625,968742
2026-04-17,1721.1074326500484,1706.6409912109375,508006
2026-04-20,1713.624708618589,1690.977294921875,669526
2026-04-21,1720.0099004481528,1719.91015625,1310590
2026-04-22,1720.0098895543906,1729.587646484375,473102
2026-04-23,1732.8800496165413,1703.74755859375,245047
2026-04-24,1708.1374648681267,1683.0955810546875,517538
2026-04-27,1693.072345270057,1719.3115234375,758413
2026-04-28,1721.007603931773,1706.3416748046875,442797
2026-04-29,1710.531954916907,1696.3648681640625,371647
2026-04-30,1696.165250396062,1665.73583984375,482607
2026-05-04,1665.1372440231528,1689.780029296875,227992
2026-05-05,1680.102590340307,1662.443603515625,173520
2026-05-06,1675.1141145857534,1669.527099609375,280328
2026-05-07,1677.1095268044542,1671.1234130859375,274067
2026-05-08,1677.1095103310333,1699.05859375,467360
2026-05-11,1708.8358420287943,1630.91650390625,709846
2026-05-12,1665.1372066751683,1622.93505859375,863433
2026-05-13,1634.2089938531221,1614.95361328125,324400
2026-05-14,1623.6442817941484,1635.8310546875,242992
2026-05-15,1642.22410153545,1615.4530029296875,151680
2026-05-18,1608.260827820837,1598.9708251953125,280672
2026-05-19,1598.871016575554,1620.2479248046875,277433
2026-05-20,1598.57136451734,1624.9427490234375,230768
2026-05-21,1638.1285781710471,1652.6129150390625,403175
2026-05-22,1652.6129168693842,1657.8072509765625,286005
2026-05-25,1669.294856379542,1710.55029296875,618288
2026-05-26,1711.9487462043132,1691.870361328125,352712
2026-05-27,1698.1636372539906,1690.7716064453125,326144
2026-05-28,1690.7716064453125,1690.7716064453125,0
2026-05-29,1689.173396909149,1705.2559814453125,1489810
2026-06-01,1705.3557754341964,1647.6182861328125,304709
2026-06-02,1637.229482572598,1672.890869140625,359161
2026-06-03,1668.1959850989829,1635.6312255859375,280743
2026-06-04,1623.7440960764184,1630.13720703125,212157
2026-06-05,1626.740888726268,1631.6356201171875,241380
2026-06-08,1615.2533088613022,1598.6712646484375,145282
2026-06-09,1602.7668178867966,1630.736572265625,331753
2026-06-10,1637.2295604509975,1589.8807373046875,204605
2026-06-11,1592.278076288433,1580.990234375,162537
2026-06-12,1599.770078376841,1621.047119140625,524612
2026-06-15,1669.1949269234356,1667.5966796875,1241710
2026-06-16,1680.183076249119,1702.95849609375,777948
2026-06-17,1666.5978527058994,1692.9693603515625,602476
2026-06-18,1697.1647368527993,1692.369873046875,313625
2026-06-19,1692.1701766745712,1681.6815185546875,168755
2026-06-22,1688.174406003512,1689.273193359375,205827
2026-06-23,1688.174490212853,1702.5589599609375,956892
2026-06-24,1714.0465305801602,1751.206298828125,957281
2026-06-25,1766.4897576823337,1747.3104248046875,806191
2026-06-26,1747.3104248046875,1747.3104248046875,0
2026-06-29,1749.108573196989,1752.2052001953125,576931
2026-06-30,1769.8861073269047,1767.288818359375,964898
2026-07-01,1781.0739916160708,1802.650634765625,580890
2026-07-02,1820.930895215732,1862.6856689453125,1203886
2026-07-03,1882.9637638472088,1932.3104248046875,900582
2026-07-06,1958.3822230219707,1951.2899169921875,1591522
2026-07-07,1961.8784533414987,1904.3406982421875,930378
2026-07-08,1898.0474270281493,1868.079833984375,564485
2026-07-09,1867.9800190990647,1871.176513671875,1719601
2026-07-10,1888.0582359569255,1922.7208251953125,752660
2026-07-13,1903.1419652123604,1923.120361328125,463195
2026-07-14,1924.5188752304487,1914.4298095703125,698324
2026-07-15,1918.42550742568,1885.660888671875,297705
2026-07-16,1890.2559559568165,1859.189453125,420341
2026-07-17,1857.9908378978705,1892.7532958984375,763441
2026-07-20,1862.985428070843,1880.666259765625,307109
2026-07-21,1894.5512182515315,1882.7640380859375,198135
2026-07-22,1876.1711097447383,1849.5,308272
2026-07-23,1839.0,1818.0999755859375,199865
2026-07-24,1801.5999755859375,1821.199951171875,191482
2026-07-27,1852.199951171875,1832.5999755859375,300191
2026-07-28,1830.699951171875,1829.5,247453
2026-07-29,1847.4000244140625,1836.5,230937
2026-07-30,1844.0,1814.4000244140625,170742
2026-07-31,1806.0,1827.699951171875,337199
2026-08-03,1834.0999755859375,1861.0999755859375,178400
2026-08-04,1847.0999755859375,1778.800048828125,307429
2026-08-05,1781.0999755859375,1806.5,383615
2026-08-06,1807.5,1777.0,579391
2026-08-07,1780.0,1775.0,171271
2026-08-10,1775.0,1793.0,203943
2026-08-11,1801.0,1793.5999755859375,134987
2026-08-12,1790.0,1799.9000244140625,172080
2026-08-13,1797.9000244140625,1846.0,824579
2026-08-14,1855.0,1846.0,259326
2026-08-17,1849.0,1931.0,1781893
2026-08-18,1950.4000244140625,1858.0,1642587
2026-08-19,1860.0,1869.699951171875,613359
2026-08-20,1880.0,1904.699951171875,500903
2026-08-21,1904.800048828125,1886.0,323704
2026-08-24,1895.0,1870.0,330773
2026-08-25,1871.0,1880.0,152351
2026-08-26,1889.0,1870.0,269945
2026-08-27,1875.199951171875,1872.9000244140625,270326
2026-08-28,1873.0999755859375,1870.0,263019
2026-08-31,1861.0,1868.0,777602
2026-09-01,1856.300048828125,1880.699951171875,211011
2026-09-02,1869.0,1866.0,378206
2026-09-03,1866.0999755859375,1902.0,1127326
2026-09-04,1914.0,1875.5999755859375,585940
2026-09-07,1876.0,1847.5,206196
2026-09-08,1852.0,1833.800048828125,261690
2026-09-09,1821.0,1800.0,222585
2026-09-10,1799.800048828125,1792.0,233031
2026-09-11,1775.699951171875,1741.0999755859375,543198
2026-09-14,1741.0999755859375,1741.0999755859375,0
2026-09-15,1746.0,1668.5,362748
2026-09-16,1660.0,1706.9000244140625,599621
2026-09-17,1705.0999755859375,1740.699951171875,413371
2026-09-18,1730.0999755859375,1785.0,766762
2026-09-21,1765.0,1821.0,960192
2026-09-22,1823.9000244140625,1845.5999755859375,470580
