Date,Open,Close,Volume
2018-01-01,546.058051253765,541.7198486328125,120145
2018-01-02,550.349614047695,536.168701171875,152552
2018-01-03,540.9269049386016,535.1892700195312,72372
2018-01-04,538.9209489781695,531.0374755859375,74408
2018-01-05,529.4514887758604,528.0986938476562,127650
2018-01-08,536.9152568980554,539.014404296875,95188
2018-01-09,539.0142798683013,544.5653686523438,202476
2018-01-10,547.5508408430993,537.7548217773438,103484
2018-01-11,532.8100177011095,533.2298583984375,209147
2018-01-12,537.335063035958,532.0172119140625,75702
2018-01-15,532.250400801752,536.8218994140625,436542
2018-01-16,540.1805721263645,523.9471435546875,134514
2018-01-17,526.1862153280458,519.4689331054688,96092
2018-01-18,523.2940035857226,506.12762451171875,98088
2018-01-19,512.658380050312,518.862548828125,158579
2018-01-22,518.862523292927,514.8041381835938,86494
2018-01-23,519.7487985353423,514.0578002929688,143213
2018-01-24,517.7895335654595,521.6613159179688,223292
2018-01-25,525.1600219055134,511.4922180175781,83560
2018-01-29,513.1248582628697,504.4483947753906,169387
2018-01-30,499.5970090483658,497.2179870605469,507030
2018-01-31,494.7455376477051,489.8941650390625,193622
2018-02-01,491.6201690974089,496.9380187988281,73562
2018-02-02,496.9380756884817,479.1652526855469,301033
2018-02-05,461.90562117643617,471.28179931640625,132070
2018-02-06,447.8180066079295,476.50634765625,192137
2018-02-07,485.13621044337384,480.1449279785156,67544
2018-02-08,484.2032795968736,489.38116455078125,99024
2018-02-09,483.9233910674739,494.1392517089844,76521
2018-02-12,486.34896231530684,499.3170471191406,95986
2018-02-14,499.13061988084837,496.3317565917969,119466
2018-02-15,495.39868723643,499.0372314453125,69099
2018-02-16,495.86516557939643,508.833251953125,194559
2018-02-19,503.98195243580403,506.5475769042969,92666
2018-02-20,508.46011320578907,497.4512634277344,77715
2018-02-21,502.39584446821397,503.93524169921875,72034
2018-02-22,501.83610152289725,503.8419189453125,108365
2018-02-23,506.5009245951409,535.1892700195312,466361
2018-02-26,539.247608791494,524.6468505859375,241377
2018-02-27,525.1600265879998,519.7022094726562,112467
2018-02-28,518.5825830313022,526.5593872070312,182535
2018-03-01,526.1861727894028,517.4630737304688,125434
2018-03-05,517.6962041190529,522.2210083007812,189434
2018-03-06,523.6671060119447,516.3900756835938,143894
2018-03-07,513.3115580202029,515.4107055664062,127914
2018-03-08,517.7896134941312,530.0112915039062,319160
2018-03-09,533.649893915463,535.5624389648438,277902
2018-03-12,540.9267663440294,540.22705078125,189343
2018-03-13,540.9733713089249,570.034912109375,659220
2018-03-14,574.6997524388058,569.3352661132812,289266
2018-03-15,569.1020202279428,572.4606323242188,635793
2018-03-16,582.8165846083602,555.9008178710938,1126324
2018-03-19,555.9006902021683,524.6934204101562,258154
2018-03-20,520.4483906453246,524.5067749023438,269604
2018-03-21,529.7314543331806,525.3465576171875,148222
2018-03-22,528.4719774641311,537.7081909179688,397564
2018-03-23,522.6409358823647,520.1219482421875,236776
2018-03-26,526.1862037528196,522.0345458984375,248112
2018-03-27,526.0928843174672,522.5009765625,99309
2018-03-28,520.1219122747758,514.3375854492188,216655
2018-04-02,526.1861394810151,526.3727416992188,89259
2018-04-03,522.7341807490319,527.7721557617188,109672
2018-04-04,529.3581855088925,524.7400512695312,114294
2018-04-05,536.4486150163945,541.2999877929688,212832
2018-04-06,544.5187024631603,542.4195556640625,93199
2018-04-09,541.1135017289179,553.6151123046875,418231
2018-04-10,556.0407069670782,549.3234252929688,85150
2018-04-11,552.8686668974839,557.0203247070312,106943
2018-04-12,555.1077712243765,554.0348510742188,88908
2018-04-13,556.740455338433,553.2885131835938,74431
2018-04-16,550.4430928164444,548.2039794921875,54962
2018-04-17,548.5304699158411,566.7697143554688,293979
2018-04-18,570.92130090172,565.043701171875,133040
2018-04-19,564.4373124659959,574.2799682617188,131078
2018-04-20,574.6531978671211,557.48681640625,221588
2018-04-23,560.7054341079254,555.2943115234375,92627
2018-04-24,558.3264838879453,558.233154296875,165167
2018-04-25,554.2680725276736,559.1194458007812,515890
2018-04-26,561.6385120738636,551.6092529296875,192056
2018-04-27,551.795732006526,546.7111206054688,133411
2018-04-30,552.1223094684543,557.0669555664062,79110
2018-05-02,559.6325403582043,550.7228393554688,68844
2018-05-03,550.4430828744663,544.0523681640625,53146
2018-05-04,538.3612533366093,556.2739868164062,152393
2018-05-07,557.9067301112148,554.9212646484375,95577
2018-05-08,556.9737461525643,557.6734619140625,120369
2018-05-09,558.9795038049726,538.5944213867188,537718
2018-05-10,540.5537164223132,536.8218994140625,170699
2018-05-11,540.5536256461039,542.6060791015625,60381
2018-05-14,543.9122286420723,556.2272338867188,107607
2018-05-15,557.9066910875565,555.947509765625,67042
2018-05-16,555.1544977742119,554.9678955078125,60818
2018-05-17,555.764423232879,558.997802734375,32373
2018-05-18,558.9978152886436,557.3108520507812,40287
2018-05-21,554.1712708099453,546.064453125,60759
2018-05-22,545.0333699668128,545.642578125,24632
2018-05-23,543.9087164326307,540.5347900390625,23564
2018-05-24,539.4101883279575,539.0353393554688,29716
2018-05-25,539.7382022746312,539.9255981445312,33872
2018-05-28,540.0192592522884,544.9864501953125,38244
2018-05-29,548.5010704720881,540.0193481445312,23565
2018-05-30,541.5657577962968,550.8909912109375,62987
2018-05-31,552.4842345518402,593.8619995117188,724128
2018-06-01,594.1898215035818,582.5684204101562,197376
2018-06-04,585.4740883632104,585.0991821289062,146207
2018-06-05,584.7709378296037,556.6078491210938,104376
2018-06-06,549.3446849526125,561.7626953125,78643
2018-06-07,564.1993022762072,574.696044921875,68026
2018-06-08,578.2574323260818,581.1159057617188,46999
2018-06-11,580.6005292031394,584.0213623046875,54624
2018-06-12,591.2845971317947,590.6285400390625,85322
2018-06-13,595.1272425026191,599.1572265625,167306
2018-06-14,599.5319135516648,587.2544555664062,51847
2018-06-15,587.9575960666104,601.2191162109375,530420
2018-06-18,595.3147494890643,600.4225463867188,71860
2018-06-19,600.3286741546474,586.1300048828125,73041
2018-06-20,581.2564986007156,587.8169555664062,55404
2018-06-21,588.5667149938814,586.9734497070312,32014
2018-06-22,587.6763528504681,586.6454467773438,37414
2018-06-25,586.6922483502861,588.3792114257812,109345
2018-06-26,589.7850951339929,587.1140747070312,33372
2018-06-27,584.8179148402903,577.7420043945312,129335
2018-06-28,578.2574350043118,576.1018676757812,75265
2018-06-29,575.91453809036,586.036376953125,48842
2018-07-02,586.6923109176655,602.999755859375,206349
2018-07-03,609.0916196643768,609.7476196289062,196644
2018-07-04,608.2948341801592,605.5769653320312,82572
2018-07-05,609.6070729135779,595.5489501953125,45066
2018-07-06,595.1271634251465,591.3314819335938,39725
2018-07-09,590.4412429898686,600.188232421875,53248
2018-07-10,603.2340720189139,602.8123168945312,32155
2018-07-11,603.5619713559404,610.2161254882812,84793
2018-07-12,611.0597891133665,611.7626953125,63247
2018-07-13,596.860920215783,608.201171875,59019
2018-07-16,607.264090236802,604.686767578125,32204
2018-07-17,602.6247873682829,608.7634887695312,68176
2018-07-18,607.5453104495556,601.5003051757812,33127
2018-07-19,605.9988135804491,605.2022094726562,24202
2018-07-20,609.1383803234497,606.2799072265625,116957
2018-07-23,609.9350223784372,600.37548828125,42954
2018-07-24,598.0793550437161,600.6566772460938,41897
2018-07-25,600.6566506302117,594.4241943359375,50106
2018-07-26,598.782291131838,591.00341796875,61042
2018-07-27,592.1749998560935,587.0672607421875,29848
2018-07-30,591.3783056731497,581.2564697265625,136596
2018-07-31,585.6614721423816,615.1835327148438,438728
2018-08-01,616.6830020714766,619.9163818359375,94396
2018-08-02,620.6193323943405,612.8405151367188,41084
2018-08-03,618.5105428911826,621.790771484375,52043
2018-08-06,627.6951485088493,608.6229858398438,40492
2018-08-07,613.4964823877468,602.8591918945312,37543
2018-08-08,608.5292270093065,601.359619140625,43252
2018-08-09,604.4992540843325,593.9088134765625,123656
2018-08-10,598.3137728966641,595.7364501953125,50483
2018-08-13,593.2058681176964,594.7991333007812,52956
2018-08-14,595.6893932981014,604.5460205078125,74335
2018-08-16,609.0447926837965,605.2959594726562,60647
2018-08-17,613.8244813396523,612.7935180664062,56429
2018-08-20,613.4029453365232,610.0758666992188,73808
2018-08-21,613.8714826524447,621.2754516601562,69798
2018-08-23,621.3689400303608,627.741943359375,126955
2018-08-24,619.5882140758586,613.9649658203125,45685
2018-08-27,622.3063429168025,610.6849365234375,46082
2018-08-28,611.0597259641473,626.383056640625,157881
2018-08-29,629.8040029734772,628.0701904296875,197309
2018-08-30,632.7561143136464,627.976318359375,49780
2018-08-31,627.9763631396423,618.9791870117188,67170
2018-09-03,623.8994700961094,617.8076171875,50869
2018-09-04,617.1983828779219,611.5751342773438,105919
2018-09-05,614.0119161518236,603.0465698242188,66356
2018-09-06,603.6089618795642,603.4215087890625,90467
2018-09-07,609.0915147773942,598.7822265625,59436
2018-09-10,600.7503601368128,583.880615234375,69861
2018-09-11,581.5375903600639,578.5385131835938,45022
2018-09-12,582.8497181670674,588.3792114257812,80472
2018-09-14,592.7842124720954,588.894775390625,38963
2018-09-17,588.5667894090356,592.9716796875,27920
2018-09-18,595.3615732227506,575.3990478515625,39916
2018-09-19,576.4767576304597,571.3690185546875,50104
2018-09-21,579.0540410846058,584.5367431640625,103091
2018-09-24,590.3473870201959,559.4663696289062,44108
2018-09-25,559.4663104829939,547.0951538085938,83195
2018-09-26,552.9528652158644,554.3118286132812,38576
2018-09-27,558.2010099660009,554.4990844726562,61120
2018-09-28,560.8721899175015,544.3304443359375,279676
2018-10-01,541.7063163960287,537.2545776367188,99490
2018-10-03,541.7062657372273,530.553466796875,52606
2018-10-04,525.9612412298361,496.3454284667969,366273
2018-10-05,505.15524342155885,482.47479248046875,1105659
2018-10-08,481.72500499877697,474.0398864746094,125295
2018-10-09,471.6968634549989,482.5216064453125,79027
2018-10-10,484.53656555847834,516.0267333984375,113173
2018-10-11,505.0615034251435,506.4673156738281,88102
2018-10-12,507.02974340231026,503.3277587890625,61428
2018-10-15,503.3275383119398,517.6668090820312,36364
2018-10-16,522.9154729332816,517.4796752929688,37943
2018-10-17,522.2592219803767,506.7952880859375,37949
2018-10-19,501.50010430836073,500.60980224609375,86288
2018-10-22,501.40635023942866,491.65936279296875,36292
2018-10-23,486.31734561882763,486.78594970703125,64126
2018-10-24,494.0493698181558,496.4392395019531,86175
2018-10-25,494.84600419041436,492.2218322753906,35401
2018-10-26,492.03428198075864,485.380126953125,65591
2018-10-29,486.87964392189565,487.5825500488281,169597
2018-10-30,494.37723365582787,497.75115966796875,160732
2018-10-31,499.5319250612416,498.7353210449219,168182
2018-11-01,505.15525286973406,499.672607421875,76445
2018-11-02,503.7024660763125,499.2975769042969,103801
2018-11-05,504.171180707404,492.1749267578125,102318
2018-11-06,495.783120875824,501.828125,42540
2018-11-07,505.717466255657,512.3248291015625,39135
2018-11-09,516.2285090675138,511.8545227050781,69166
2018-11-12,513.9240270719254,505.1759948730469,53412
2018-11-13,505.12887561501225,501.97772216796875,41190
2018-11-14,507.90375555571325,497.5566101074219,53252
2018-11-15,502.2599081194523,500.0493469238281,35075
2018-11-16,504.18824674155996,494.4525451660156,135385
2018-11-19,493.841120883985,491.0661926269531,66849
2018-11-20,490.9251045909733,494.640625,76621
2018-11-21,491.77170546241905,488.47943115234375,135701
2018-11-22,494.31139104723354,486.78619384765625,55149
2018-11-26,489.1378357406438,485.516357421875,38771
2018-11-27,485.37529965948437,483.9643249511719,60613
2018-11-28,482.3651308440598,477.5678405761719,100653
2018-11-29,478.08520870345495,475.3573303222656,104750
2018-11-30,476.2980342661021,478.4615173339844,77063
2018-12-03,479.8254162706714,483.39990234375,129314
2018-12-04,485.7984926114241,490.1254577636719,285866
2018-12-05,488.24420188327974,489.23187255859375,45163
2018-12-06,489.1377868652344,489.1377868652344,47232
2018-12-07,491.01903607181134,494.49945068359375,67402
2018-12-10,490.97213920402527,487.2565612792969,35718
2018-12-11,484.43462420046495,484.57574462890625,44630
2018-12-12,485.5164006767517,500.3316345214844,67543
2018-12-13,503.2006184464487,498.26220703125,253261
2018-12-14,493.8410085448073,501.13104248046875,24381
2018-12-17,505.12890851079186,497.08636474609375,28497
2018-12-18,497.0863290545701,495.4872131347656,26706
2018-12-19,496.66309127660224,496.0987243652344,39152
2018-12-20,495.72244148251775,496.0987243652344,21300
2018-12-21,498.3562005899616,495.3931884765625,74166
2018-12-24,496.8511915730294,494.0762634277344,40429
2018-12-26,498.54440452780443,494.029296875,82054
2018-12-27,498.54438049199,495.06396484375,110561
2018-12-28,495.53414768709956,500.6136779785156,146687
2018-12-31,500.5196385585387,503.15350341796875,132370
2019-01-01,503.2476773353793,512.2778930664062,74793
2019-01-02,510.7727798077101,502.212890625,45227
2019-01-03,504.0942371267002,495.06396484375,24727
2019-01-04,490.595864129783,498.4973449707031,36929
2019-01-07,501.36630484220757,494.3114318847656,51108
2019-01-08,496.0987081928815,491.6776428222656,24507
2019-01-09,497.3685084343848,491.34832763671875,83098
2019-01-10,487.303534160792,486.3628845214844,38582
2019-01-11,488.76157949688405,482.5533142089844,35919
2019-01-14,482.64731794285456,485.0460205078125,85293
2019-01-15,484.05828484311365,497.18035888671875,84194
2019-01-16,500.42556173659625,502.3538818359375,53979
2019-01-17,505.03480926673416,503.2005310058594,191198
2019-01-18,505.3170590784578,489.0908508300781,109439
2019-01-21,490.07851641969813,490.64288330078125,43731
2019-01-22,486.31581466535135,490.1724548339844,416109
2019-01-23,489.184922946008,491.2543640136719,60249
2019-01-24,492.85344927572464,493.4178161621094,53963
2019-01-25,493.7939896667973,489.1847839355469,34054
2019-01-28,488.1502544783844,480.2017517089844,74087
2019-01-29,479.73137138599367,473.75823974609375,240780
2019-01-30,475.1691958932734,499.1557922363281,58635
2019-01-31,499.2027465661555,496.5689392089844,45394
2019-02-01,501.3662354782322,495.6282958984375,68587
2019-02-04,491.95971592206854,491.1601867675781,29657
2019-02-05,489.1848146896142,488.0090026855469,25681
2019-02-06,488.00902623523405,493.46478271484375,37709
2019-02-07,493.4648748784516,501.5074768066406,48161
2019-02-08,500.4255562080512,501.9305725097656,380954
2019-02-11,501.930681070952,488.291259765625,59627
2019-02-12,484.9048645030278,482.27105712890625,48415
2019-02-14,483.44690822084044,475.26324462890625,100105
2019-02-15,472.2061717994439,486.31591796875,107493
2019-02-18,484.71676305009817,470.7481384277344,67504
2019-02-19,475.8746938828761,470.37188720703125,86982
2019-02-20,475.26327342310964,478.9788513183594,31710
2019-02-21,477.8500150299747,479.8724060058594,29721
2019-02-22,483.49394709232246,479.30804443359375,24596
2019-02-25,484.10537026456524,480.3427429199219,40024
2019-02-26,477.7559532287439,479.7313232421875,46799
2019-02-27,483.4939487432285,481.4715576171875,45804
2019-02-28,489.13778655325973,488.1501159667969,113642
2019-03-01,487.25646850734165,492.1478576660156,49628
2019-03-05,491.95970993186216,497.6036071777344,157576
2019-03-06,497.60363078807836,496.5689392089844,44055
2019-03-07,494.87578316675825,488.5263977050781,52347
2019-03-08,488.52642681583296,486.9273681640625,47516
2019-03-11,485.37522464450524,493.699951171875,31488
2019-03-12,498.54426367466306,495.29901123046875,73159
2019-03-13,494.7816602402566,492.5240783691406,70919
2019-03-14,492.43004105457425,498.8264465332031,127425
2019-03-15,499.48490496312246,514.864501953125,278337
2019-03-18,523.9418195382956,536.21728515625,381286
2019-03-19,539.7448752845727,536.029296875,71449
2019-03-20,530.620422274114,526.29345703125,44905
2019-03-22,525.8231392848497,517.4984130859375,41501
2019-03-25,510.3024210483038,519.4737548828125,70884
2019-03-26,523.9418837104273,517.7806396484375,67027
2019-03-27,519.23863650711,518.3920288085938,31698
2019-03-28,520.3673953666699,518.9564208984375,30578
2019-04-01,533.3483311186004,541.0146484375,57301
2019-04-02,538.5219587474979,540.779541015625,98528
2019-04-03,536.1702921844234,546.7996215820312,133645
2019-04-04,545.5768258797953,542.5197143554688,34834
2019-04-05,542.519640075628,545.764892578125,26402
2019-04-08,542.7548154107988,541.531982421875,39975
2019-04-09,534.6652974728826,534.383056640625,22056
2019-04-10,534.2889214740104,540.6383056640625,34213
2019-04-11,536.2644481753173,529.2566528320312,33331
2019-04-12,531.6551907813493,522.2957153320312,71868
2019-04-15,522.2958184218007,524.9296264648438,40872
2019-04-16,524.9296515828017,524.50634765625,33289
2019-04-18,523.9418104062215,515.9462890625,60073
2019-04-22,515.005711546605,517.7806396484375,26943
2019-04-23,518.2979845902549,519.1445922851562,18583
2019-04-24,519.2386435019414,530.0090942382812,60090
2019-04-25,529.5856581974027,523.0951538085938,30883
2019-04-26,526.7637027113288,512.8421020507812,31466
2019-04-30,512.6541230272774,519.191650390625,66324
2019-05-02,515.899392517396,510.0673522949219,37640
2019-05-03,508.8914615562708,511.3371276855469,56111
2019-05-06,508.3269962185861,510.490478515625,26605
2019-05-07,510.39651565997,508.0448913574219,30680
2019-05-08,510.67873899839185,504.9877624511719,41183
2019-05-09,502.07171824687293,496.9921875,43780
2019-05-10,500.42553101571576,494.49945068359375,52089
2019-05-13,498.3562635241874,491.8658142089844,20484
2019-05-14,493.08855893893883,481.09527587890625,72025
2019-05-15,486.2218020569187,475.63946533203125,40498
2019-05-16,475.6395358770428,490.031494140625,53520
2019-05-17,490.07846594404987,489.51409912109375,60009
2019-05-20,497.0843672511428,502.85675048828125,43135
2019-05-21,502.8567211628426,492.3529052734375,71381
2019-05-22,489.41946972663703,492.4002380371094,86551
2019-05-23,493.06263800433896,487.3849182128906,68819
2019-05-24,487.3375481062977,496.0906982421875,34191
2019-05-27,499.6393336115997,507.9666442871094,89030
2019-05-28,512.8873599629619,524.9525146484375,128781
2019-05-29,525.1889906304439,511.84637451171875,36373
2019-05-30,509.1022086887638,510.6636047363281,36994
2019-05-31,513.4551426973268,514.8745727539062,33960
2019-06-03,511.98843376088956,511.4206848144531,43579
2019-06-04,506.8310110201279,512.9345703125,24177
2019-06-06,512.9346969944127,514.259521484375,62119
2019-06-07,513.8336239769278,504.0868835449219,31984
2019-06-10,502.5256008938758,501.3900451660156,41549
2019-06-11,501.3899841304673,512.5562133789062,90095
2019-06-12,512.224956759413,504.03961181640625,48373
2019-06-13,501.53195709480707,503.0933532714844,12956
2019-06-14,499.30816292810175,498.172607421875,13139
2019-06-17,498.21994007088387,497.6521911621094,29653
2019-06-18,501.531898419926,504.9385070800781,28471
2019-06-19,499.8758756630441,507.63543701171875,29228
2019-06-20,502.5728424504053,501.1061096191406,79762
2019-06-21,498.3146101389789,499.0716857910156,23993
2019-06-24,498.6929866508595,496.04339599609375,43629
2019-06-25,495.8541976610065,488.6150817871094,36580
2019-06-26,488.7570453805078,487.3849182128906,39900
2019-06-27,484.2149271805816,481.3287353515625,45687
2019-06-28,480.6663268676452,483.4578552246094,28676
2019-07-01,487.3376564812879,479.3415222167969,21922
2019-07-02,478.821049161782,480.6189880371094,19207
2019-07-03,480.42975391824626,482.55889892578125,20648
2019-07-04,483.5525183959911,482.46429443359375,27326
2019-07-05,482.416932822577,482.55889892578125,31292
2019-07-08,481.65986855323945,464.81597900390625,78186
2019-07-09,464.62679585753534,450.3378601074219,263011
2019-07-10,454.2176109703402,437.84686279296875,247058
2019-07-11,437.8468675713866,440.0233154296875,32189
2019-07-12,440.02334136388123,450.5271301269531,36972
2019-07-15,448.5398816900738,446.6473083496094,456127
2019-07-16,446.64733973104927,434.5821838378906,192908
2019-07-17,428.47867263993714,430.22930908203125,195113
2019-07-18,426.77529842457625,426.2548522949219,43696
2019-07-19,426.77529723692993,425.7817077636719,96547
2019-07-22,425.8289659417235,420.7663269042969,30670
2019-07-23,421.09751044748634,435.339111328125,90280
2019-07-24,430.98624252672954,421.8072509765625,72547
2019-07-25,419.29961609661325,417.0285339355469,72855
2019-07-26,417.0285633008399,416.6973571777344,34544
2019-07-29,414.47356571294245,424.31494140625,66025
2019-07-30,425.7817136118445,416.4134521484375,55207
2019-07-31,416.36611580628374,415.2305603027344,42888
2019-08-01,411.6346665680754,408.5119323730469,39323
2019-08-02,404.0644028456084,408.038818359375,51738
2019-08-05,406.9032415649065,400.3265380859375,95173
2019-08-06,403.11812765795656,401.0362854003906,36118
2019-08-07,404.06435019589037,399.8060607910156,25224
2019-08-08,397.6769261468868,403.8750915527344,28241
2019-08-09,403.7805647357343,398.38671875,184861
2019-08-13,397.44044594507943,391.8100280761719,24536
2019-08-14,389.77547192911203,385.4698791503906,145656
2019-08-16,385.70642023764907,385.3279113769531,36845
2019-08-19,385.32792864370634,380.5491638183594,40280
2019-08-20,383.1988341740297,388.5926513671875,53829
2019-08-21,388.45070128664946,383.3880615234375,50720
2019-08-22,380.6437454183142,383.3406677246094,276803
2019-08-23,383.24608761169986,380.59649658203125,43795
2019-08-26,387.4097582963811,386.794677734375,40586
2019-08-27,389.8227839236129,413.38531494140625,314435
2019-08-28,415.18325445407316,402.2191162109375,48956
2019-08-29,405.48384904593814,402.3611145019531,38896
2019-08-30,402.1244806711507,402.1717834472656,69717
2019-09-03,398.52865480359253,397.7716369628906,18527
2019-09-04,397.77155552443134,401.6986389160156,30278
2019-09-05,398.19746070810197,402.59771728515625,13624
2019-09-06,405.86236213540934,404.1590576171875,97092
2019-09-09,404.1116894506142,402.2191162109375,108898
2019-09-11,402.2191288784486,407.1871337890625,44104
2019-09-12,409.64746718483053,423.6998291015625,64751
2019-09-13,423.69981966277544,431.88519287109375,125976
2019-09-16,431.8852491286156,429.5668640136719,67857
2019-09-17,429.5669052914061,408.7958984375,46960
2019-09-18,408.79586387040445,407.4237365722656,39268
2019-09-19,414.0004583391906,401.41485595703125,49307
2019-09-20,401.41480190702686,428.0527648925781,242245
2019-09-23,432.4530189747593,439.12432861328125,76648
2019-09-24,439.6448003941054,449.86468505859375,95833
2019-09-25,448.53984510983224,455.8262634277344,91217
2019-09-26,455.3532070624748,454.3595886230469,72109
2019-09-27,454.35954624899534,449.7700500488281,22511
2019-09-30,449.86465266927513,449.01300048828125,25385
2019-10-01,453.2712791492195,445.03857421875,22475
2019-10-03,449.29691531677366,440.5910949707031,17478
2019-10-04,444.70744907038596,440.92230224609375,30983
2019-10-07,435.2918634442099,432.40570068359375,52533
2019-10-09,429.8979840281196,431.41204833984375,21542
2019-10-10,431.6960421009731,430.79705810546875,26977
2019-10-11,430.74973001134873,432.6423034667969,66120
2019-10-14,435.29180665794837,434.62939453125,24221
2019-10-15,436.99511456941775,435.76495361328125,44380
2019-10-16,440.0232531462342,439.55010986328125,29101
2019-10-17,443.666464180323,440.543701171875,22223
2019-10-18,438.1780340624137,435.48114013671875,118482
2019-10-22,430.56049322210924,433.9197998046875,50082
2019-10-23,437.752197265625,437.752197265625,26346
2019-10-24,437.7522487221313,446.12689208984375,41591
2019-10-25,445.0386592016108,454.40692138671875,37591
2019-10-27,458.4286141423879,456.44140625,11126
2019-10-29,456.81988184075607,467.4656066894531,185438
2019-10-30,469.26356728524274,463.91705322265625,75841
2019-10-31,466.9924826020176,462.97076416015625,93377
2019-11-01,467.93874351393845,452.7508544921875,93419
2019-11-04,466.3300760365226,440.8749694824219,152970
2019-11-05,439.83407758347147,439.9760437011719,418518
2019-11-06,437.75217107075986,439.2662353515625,29651
2019-11-07,444.28158802906165,444.9440002441406,41686
2019-11-08,445.70101745383425,444.849365234375,132404
2019-11-11,445.5117247492172,436.0488586425781,30784
2019-11-13,430.5604420358133,437.4210205078125,95711
2019-11-14,434.9534055698534,435.99737548828125,27882
2019-11-15,436.56686024816815,437.3735656738281,15628
2019-11-18,439.5563870756621,439.9360046386719,55746
2019-11-19,442.4984876193396,442.5459289550781,25042
2019-11-20,441.97657217151135,443.4476013183594,56849
2019-11-21,442.9255546479556,444.728759765625,17080
2019-11-22,440.60038857210844,451.3247375488281,69231
2019-11-25,454.5039951501084,438.6072692871094,128527
2019-11-26,438.7022974780353,454.6939392089844,126242
2019-11-27,457.39873453242524,447.52850341796875,48735
2019-11-28,451.0874760895883,442.3086853027344,39337
2019-11-29,443.21026807689384,443.1153564453125,80477
2019-12-02,439.5089859979182,443.96954345703125,32150
2019-12-03,441.312179929588,446.3896484375,59764
2019-12-04,446.0574237620773,442.02392578125,59448
2019-12-05,441.7866707666749,442.2611999511719,59405
2019-12-06,443.49497874870326,436.5668640136719,53336
2019-12-09,436.7566230569539,438.6072692871094,109910
2019-12-10,438.46502442185937,427.1712341308594,125187
2019-12-11,424.3714469159008,427.50335693359375,75239
2019-12-12,429.4963192439517,423.8968811035156,30403
2019-12-13,425.0358267369619,416.82647705078125,51442
2019-12-16,417.58565716234546,410.1830139160156,63870
2019-12-17,411.8913457307586,411.1321105957031,104260
2019-12-18,412.8403653595863,408.2374267578125,134170
2019-12-19,408.3797808253277,413.979248046875,28003
2019-12-20,410.94231092628087,416.44683837890625,56647
2019-12-23,410.98973473990173,413.40985107421875,29743
2019-12-24,413.4098624722006,412.9353332519531,30104
2019-12-26,415.5926729448378,436.99395751953125,330674
2019-12-27,450.80269323279646,454.4565734863281,253654
2019-12-30,454.5989943464302,464.9437255859375,119118
2019-12-31,461.6220479596011,474.5766906738281,205308
2020-01-01,479.2745246802118,477.18658447265625,243120
2020-01-02,480.79294296701784,476.0950927734375,77385
2020-01-03,478.1830326290201,476.0950927734375,25140
2020-01-06,476.095136659121,464.75390625,35332
2020-01-07,462.23886757511957,455.595458984375,57553
2020-01-08,453.36515706700004,456.5919494628906,80569
2020-01-09,457.73090717957376,458.5850830078125,27466
2020-01-10,455.1684516536189,461.1000671386719,46615
2020-01-13,461.2423837946026,460.0560607910156,39927
2020-01-14,458.39521123399646,466.3198547363281,50970
2020-01-15,466.6994834391276,462.6659851074219,53605
2020-01-16,462.1913860360763,479.654052734375,162383
2020-01-17,478.32541833106905,489.4294128417969,101003
2020-01-20,489.71410233949695,482.4063415527344,42664
2020-01-21,482.07420999928377,474.7664489746094,60771
2020-01-22,471.77696312018975,479.32196044921875,49118
2020-01-23,478.32546641336205,482.92840576171875,33532
2020-01-24,482.8808722578053,489.9988098144531,40719
2020-01-27,485.06369385790737,484.2569885253906,372666
2020-01-28,484.7316400551169,489.287109375,54951
2020-01-29,489.7141609598106,490.1886901855469,62272
2020-01-30,485.44335367123864,486.344970703125,69630
2020-01-31,481.36245046819977,486.6771545410156,28675
2020-02-03,471.68198484690134,467.5061340332031,83218
2020-02-04,473.58010040060924,463.093017578125,137932
2020-02-05,465.9876993224967,465.4657287597656,66977
2020-02-06,466.936709744542,462.9506530761719,54736
2020-02-07,462.85580369564707,455.8802185058594,53376
2020-02-10,452.7008660814922,446.3421630859375,118444
2020-02-11,446.34218377236994,442.3086853027344,61495
2020-02-12,442.2612114866555,442.403564453125,50319
2020-02-13,442.40358253951035,453.1279602050781,111285
2020-02-14,453.1279593900851,445.5354919433594,72210
2020-02-17,445.53543832797095,435.6177673339844,25931
2020-02-18,429.9234265053923,424.3714294433594,855271
2020-02-19,424.56128473895404,422.4259033203125,33503
2020-02-20,422.18859431234085,428.1202087402344,95422
2020-02-24,427.1237345932225,420.1007080078125,41482
2020-02-25,419.48382948812304,418.6771240234375,46715
2020-02-26,417.5382196030688,409.3763122558594,53624
2020-02-27,408.0001975283447,402.30584716796875,47515
2020-02-28,399.5535823263941,394.09649658203125,33145
2020-03-02,398.6045025656908,393.71685791015625,45730
2020-03-03,393.85916110283387,393.2422790527344,523751
2020-03-04,392.76460406397007,385.16827392578125,41306
2020-03-05,385.26375745595357,384.9293212890625,24332
2020-03-06,380.2951173322393,382.5883483886719,159598
2020-03-09,380.2951135483132,363.76470947265625,168790
2020-03-11,367.8733955607288,376.3297119140625,42499
2020-03-12,353.54060876405424,351.1995849609375,101121
2020-03-13,329.07950070456474,347.5209655761719,256013
2020-03-16,343.60333239857624,338.68243408203125,135774
2020-03-17,338.4435591064772,320.1454162597656,1057918
2020-03-18,324.8751767675587,280.5392761230469,1322571
2020-03-19,273.2774294548768,277.0517272949219,196206
2020-03-20,270.410833522101,281.0170593261719,81864
2020-03-23,253.21154812324718,242.3186798095703,218455
2020-03-24,242.31869194294327,243.17864990234375,41903
2020-03-25,243.17864578142562,240.35987854003906,85429
2020-03-26,238.87884012603953,243.46531677246094,161599
2020-03-27,252.44718615836706,273.6118469238281,198640
2020-03-30,263.2922848874517,268.7864990234375,64572
2020-03-31,269.50310327301804,279.4882507324219,91145
2020-04-01,276.7172762236274,263.2922668457031,31680
2020-04-03,263.29228396024286,248.72067260742188,60635
2020-04-07,248.43398416005738,239.69102478027344,215989
2020-04-08,239.834363341294,244.994140625,262298
2020-04-09,245.56744109358513,249.1028594970703,128452
2020-04-13,246.71409969331384,255.2659454345703,83716
2020-04-15,255.60036074102032,266.0154724121094,142885
2020-04-16,265.63325430862255,290.0944519042969,144154
2020-04-17,304.7616677960956,310.3514099121094,796214
2020-04-20,314.3645078449048,316.7532958984375,114925
2020-04-21,310.5424767251524,298.26409912109375,91980
2020-04-22,306.7681863209176,286.27239990234375,128243
2020-04-23,288.4223567297874,290.14227294921875,34674
2020-04-24,292.2921927302336,284.69586181640625,35615
2020-04-27,289.95115684621203,291.3844299316406,48671
2020-04-28,289.0433891675912,289.1389465332031,39614
2020-04-29,295.1108909993368,296.06640625,40107
2020-04-30,299.0285363639092,317.469970703125,342521
2020-05-04,305.76490819654884,283.7880554199219,182360
2020-05-05,289.4256326861187,285.2691345214844,106444
2020-05-06,289.33004716890196,292.6265869140625,111933
2020-05-07,297.1652725191852,302.2294921875,120053
2020-05-08,303.8538453910289,298.16851806640625,52988
2020-05-11,299.07635045683526,290.52447509765625,54106
2020-05-12,288.61345568904534,282.5937194824219,46021
2020-05-13,291.4322342179598,294.107666015625,75976
2020-05-14,288.6133856463005,279.8226623535156,93344
2020-05-15,279.82265426152094,284.4569091796875,37934
2020-05-18,283.7880628871231,274.66290283203125,68033
2020-05-19,277.0994381700456,277.768310546875,79069
2020-05-20,275.2361969395712,267.162109375,102049
2020-05-21,267.5442692481245,268.1175842285156,116429
2020-05-22,268.0698094029349,270.7452697753906,40167
2020-05-26,269.5508681615096,277.0038757324219,78577
2020-05-27,276.3828514473885,273.8029479980469,65989
2020-05-28,275.8095061301844,277.9116516113281,41860
2020-05-29,277.099472248296,292.4832763671875,728422
2020-06-01,294.2987748721933,297.8819580078125,149866
2020-06-02,297.643005396574,294.3464660644531,88404
2020-06-03,297.0697199047046,296.8308410644531,110672
2020-06-04,298.02521969529926,296.6397399902344,98488
2020-06-05,297.8819170796005,300.89178466796875,84567
2020-06-08,302.9461046751019,310.7813415527344,175072
2020-06-09,323.68081415577694,308.9180908203125,178315
2020-06-10,310.6858319592535,312.59686279296875,55886
2020-06-11,312.45354248840147,303.5672607421875,172965
2020-06-12,296.30531654847545,296.8786315917969,88130
2020-06-15,296.87865196972587,301.51287841796875,54631
2020-06-16,301.51285709973297,314.12567138671875,446543
2020-06-17,311.49795187245246,329.6527404785156,329133
2020-06-18,329.65277901434746,337.34466552734375,201028
2020-06-19,336.5802852856153,360.8981628417969,256558
2020-06-22,361.66249408200605,354.83056640625,128554
2020-06-23,354.8306120694401,351.3429870605469,78410
2020-06-24,352.58515126618784,357.4104919433594,85542
2020-06-25,352.1073579838233,369.0199890136719,87771
2020-06-26,378.38399372025106,378.9095153808594,190239
2020-06-29,375.51753969776996,368.6378173828125,57540
2020-06-30,372.65095439387096,357.64935302734375,31687
2020-07-01,360.2292382833735,359.1304016113281,33343
2020-07-02,357.3627399916837,364.2424621582031,37391
2020-07-03,366.6312697316579,372.6032409667969,52042
2020-07-06,376.47302301400686,369.0677795410156,74463
2020-07-07,370.69218561388277,363.47802734375,83670
2020-07-08,366.8700804726435,365.29345703125,67201
2020-07-09,365.00690791363905,364.86358642578125,39100
2020-07-10,364.6724258584953,368.3511657714844,41306
2020-07-13,368.3511303125885,368.8288879394531,77062
2020-07-14,365.00686424826955,366.67901611328125,56070
2020-07-15,369.30671119065795,370.4055480957031,31438
2020-07-16,368.3511903757311,368.0167541503906,25016
2020-07-17,368.4467048869708,372.69873046875,79068
2020-07-20,372.69872824762876,377.66741943359375,70599
2020-07-21,381.10730075457127,381.91949462890625,136386
2020-07-22,382.2061369044509,377.8107604980469,39544
2020-07-23,374.0842338690448,397.44659423828125,191880
2020-07-24,397.4943755565659,382.82720947265625,86090
2020-07-27,381.2506172526951,382.3972473144531,92205
2020-07-28,382.2539221767791,386.5537414550781,70786
2020-07-29,385.21596406560946,386.9836730957031,44721
2020-07-30,385.1682346657699,390.6146545410156,42341
2020-07-31,388.56028459672564,397.44659423828125,40747
2020-08-03,397.44662548832355,392.0957336425781,31015
2020-08-04,391.7612972651521,387.1748352050781,107154
2020-08-05,386.9837306810462,412.0660095214844,234494
2020-08-06,414.2158383358313,426.73309326171875,208405
2020-08-07,428.07085986270306,426.44647216796875,89660
2020-08-10,425.204346510986,410.01165771484375,80994
2020-08-11,410.20268732359096,404.1829528808594,36553
2020-08-12,403.2274425965048,421.3822326660156,202145
2020-08-13,421.3822351074219,429.98187255859375,154140
2020-08-14,429.9819598274433,420.617919921875,52758
2020-08-17,420.6178875708526,434.9983825683594,142654
2020-08-18,435.04617461937704,453.4876403808594,269693
2020-08-19,453.86983931606176,446.9423522949219,77298
2020-08-20,450.52546557439564,448.2799987792969,72887
2020-08-21,448.61446723792716,443.7413330078125,51223
2020-08-24,449.0444339905393,453.96533203125,89409
2020-08-25,456.68854829846566,445.03125,47244
2020-08-26,442.7858474752808,447.03790283203125,69961
2020-08-27,458.6472925908241,455.15966796875,120441
2020-08-28,454.34757663468974,448.8533630371094,37590
2020-08-31,448.9011032583891,430.69854736328125,59179
2020-09-01,430.93738359714155,418.9456787109375,149995
2020-09-02,420.42677606644,416.891357421875,50455
2020-09-03,418.0379576744885,421.00006103515625,51287
2020-09-04,417.6079507163729,417.8946228027344,25440
2020-09-07,419.4235221833616,410.8238830566406,59821
2020-09-08,410.8237966075671,404.9951477050781,51240
2020-09-09,404.0874370815245,395.8222351074219,110759
2020-09-10,397.82881380625946,406.6195373535156,104894
2020-09-11,406.8584532785069,399.978759765625,42585
2020-09-14,406.76288668544527,400.8864440917969,52539
2020-09-15,403.6574659916673,400.83868408203125,75466
2020-09-16,401.316434681854,409.9638366699219,37409
2020-09-17,406.0939784842324,407.9572448730469,69427
2020-09-18,409.91612792804324,398.1632995605469,289822
2020-09-21,396.2522428556661,404.6607666015625,275461
2020-09-22,402.9408178393376,387.8436584472656,86972
2020-09-23,388.8947379661996,387.74810791015625,47618
2020-09-24,378.4318245573371,382.5405578613281,77196
2020-09-25,382.5406020516063,382.3494873046875,107776
2020-09-28,384.1171888673219,382.8750305175781,60791
2020-09-29,382.8750259903552,386.2193298339844,135080
2020-09-30,389.6113281059265,382.2060852050781,44591
2020-10-01,384.1172245666623,391.8091125488281,42501
2020-10-05,393.8156521689403,401.507568359375,112808
2020-10-06,408.96057260615817,407.7184143066406,83425
2020-10-07,408.62620293613367,415.8403625488281,114543
2020-10-08,420.1401257901027,420.283447265625,106912
2020-10-09,423.00669099709353,400.7431640625,249880
2020-10-12,402.74972403245357,390.8535461425781,30418
2020-10-13,390.8057604177208,393.6245422363281,101391
2020-10-14,391.76128238458034,385.3115539550781,116726
2020-10-15,388.41697875446806,385.3115539550781,42023
2020-10-16,385.93264549444916,387.60479736328125,28425
2020-10-19,389.5635981342294,393.67230224609375,33773
2020-10-20,391.76129485586716,395.8222351074219,55888
2020-10-21,395.82225058043235,387.4137268066406,47144
2020-10-22,390.7101563777895,406.18951416015625,111204
2020-10-23,407.04955044714364,401.84197998046875,38062
2020-10-26,405.0907470045776,393.337890625,31959
2020-10-27,392.8601064748417,405.6162414550781,55495
2020-10-28,405.13844246948963,403.7051696777344,68566
2020-10-29,401.31643804844356,400.07427978515625,25809
2020-10-30,401.125287554068,407.9572448730469,50730
2020-11-02,408.9128194555798,406.3329162597656,47205
2020-11-03,408.387290872749,407.670654296875,21127
2020-11-04,412.7826358617154,421.23895263671875,214022
2020-11-05,429.0263882581245,439.8236999511719,189128
2020-11-06,443.2635213265295,441.59136962890625,69727
2020-11-09,444.12356325447763,447.03790283203125,67738
2020-11-10,449.0921868460698,436.8616027832031,62738
2020-11-11,437.62601899896055,445.2701416015625,93630
2020-11-12,448.43215644066515,458.87640380859375,171441
2020-11-13,456.0976788683338,470.6142272949219,201082
2020-11-14,474.97401356921205,469.0332336425781,23370
2020-11-17,470.47050808764806,477.3694763183594,155341
2020-11-18,476.21963224636283,486.75970458984375,209939
2020-11-19,482.92688681227645,480.1002197265625,82046
2020-11-20,481.05845642266166,491.9339294433594,318109
2020-11-23,496.3415817238831,478.6629943847656,191205
2020-11-24,478.8545695106305,490.11328125,252478
2020-11-25,493.3232368336437,485.3223876953125,156630
2020-11-26,492.36509315840317,478.7109375,58091
2020-11-27,480.6272930751706,499.7431335449219,623846
2020-12-01,500.174356894776,521.781494140625,792566
2020-12-02,525.0872228148787,526.237060546875,359797
2020-12-03,525.0871785595974,516.0322875976562,170845
2020-12-04,517.4217524579832,516.8468627929688,102864
2020-12-07,508.3667985636515,517.0383911132812,111223
2020-12-08,524.5602644062193,515.697021484375,93978
2020-12-09,518.1881992206647,511.7204284667969,116035
2020-12-10,513.4931782779181,502.13861083984375,80193
2020-12-11,503.71961818960654,520.2962646484375,101764
2020-12-14,521.2545197842061,534.7649536132812,352145
2020-12-15,531.8902366051001,534.0941162109375,110737
2020-12-16,536.3938473118245,543.3886108398438,134122
2020-12-17,539.7953855345672,530.4051513671875,317938
2020-12-18,530.7885064251263,546.1674194335938,632847
2020-12-21,542.670033811371,508.414794921875,221445
2020-12-22,510.71434678353387,502.4259948730469,92811
2020-12-23,504.34247433616946,518.4278564453125,55792
2020-12-24,518.427801647507,509.32501220703125,50461
2020-12-28,511.72056844934326,506.0672912597656,56778
2020-12-29,510.42688778046994,507.7918701171875,146681
2020-12-30,508.79801360018376,500.5576171875,125201
2020-12-31,504.9652539605679,498.4495849609375,65981
2021-01-01,500.9408587213804,501.0367126464844,56162
2021-01-04,504.96524146464685,522.5479736328125,127536
2021-01-05,519.2902461206183,534.9566040039062,101396
2021-01-06,535.4356683505149,517.3738403320312,93646
2021-01-07,521.7335338092672,521.014892578125,108265
2021-01-08,522.595872586671,534.1420288085938,102215
2021-01-11,536.5376155112899,538.1185913085938,108914
2021-01-12,539.4600630752818,537.4957885742188,126746
2021-01-13,546.0716011726947,526.1412353515625,197668
2021-01-14,526.0454736328124,527.003662109375,122449
2021-01-15,529.590699128297,524.656005859375,126463
2021-01-18,524.655990979994,524.6080932617188,44273
2021-01-19,527.1952837803549,533.9505004882812,65237
2021-01-20,533.9503419656229,526.8118286132812,393263
2021-01-21,533.6151148565333,529.4469604492188,80491
2021-01-22,529.4469625044059,541.0410766601562,107692
2021-01-25,544.2510658158716,537.30419921875,77600
2021-01-27,537.3041659719576,530.3572998046875,174765
2021-01-28,529.3512238503654,516.1282348632812,63695
2021-01-29,515.3136843068115,535.9147338867188,66705
2021-02-01,539.8913243593973,551.1979370117188,109381
2021-02-02,557.66565360554,565.0916137695312,365821
2021-02-03,555.7492583903254,575.1046752929688,223359
2021-02-04,576.781563507479,579.8477783203125,285212
2021-02-05,582.8181361798302,579.2728271484375,120255
2021-02-08,582.2432154483572,573.2841186523438,116347
2021-02-09,572.9487014282805,567.918212890625,81086
2021-02-10,569.7867389776992,574.146484375,69438
2021-02-11,576.8294626745034,592.5916748046875,119266
2021-02-12,594.0288916407624,596.37646484375,75650
2021-02-15,597.8617179635798,619.80419921875,375252
2021-02-16,622.7745248801731,624.8345947265625,200720
2021-02-17,625.553247679515,640.6447143554688,370547
2021-02-18,656.3110386459963,663.3536987304688,180896
2021-02-19,668.8155744938298,677.6309204101562,178709
2021-02-22,708.1011272927989,688.6978149414062,562862
2021-02-23,692.2911239341049,681.6072998046875,142812
2021-02-24,685.9671003262264,679.4993286132812,46006
2021-02-25,685.0567867229772,659.664794921875,230405
2021-02-26,656.1673791295797,686.8294067382812,174239
2021-03-01,694.6865995655307,682.9487915039062,123367
2021-03-02,685.1047333814382,683.5716552734375,69848
2021-03-03,689.9435612874346,685.0568237304688,267024
2021-03-04,679.3555673402631,676.241455078125,88228
2021-03-05,677.4870830332652,680.4095458984375,109981
2021-03-08,685.1047833294886,679.9305419921875,65843
2021-03-09,683.3320344843848,690.9495849609375,115065
2021-03-10,698.5192573489625,698.4234619140625,89513
2021-03-12,710.8800582394102,714.6648559570312,168049
2021-03-15,718.6414071424897,726.5943603515625,349267
2021-03-16,729.1813136962904,754.7649536132812,322755
2021-03-17,766.5507099960973,750.9322509765625,195055
2021-03-18,753.1360976905154,737.3259887695312,311282
2021-03-19,730.0437010259859,713.3233032226562,677191
2021-03-22,712.8921145551758,716.1978759765625,110641
2021-03-23,718.6412404889892,703.8372192382812,78329
2021-03-24,703.3103045928849,692.2911376953125,76057
2021-03-25,698.1359367847359,685.631591796875,199019
2021-03-26,685.583802403269,703.2623901367188,117978
2021-03-30,704.3643932640284,740.7276611328125,111818
2021-03-31,747.3390709553705,766.98193359375,195024
2021-04-01,779.6777844548441,764.8258666992188,226396
2021-04-05,773.1621878722588,729.5166625976562,102141
2021-04-06,725.8756305083258,710.3529663085938,111847
2021-04-07,710.3528986432021,712.7963256835938,62985
2021-04-08,718.6413377466937,705.2745971679688,65928
2021-04-09,708.9636619235323,700.3399658203125,43342
2021-04-12,692.7703082487745,668.1927490234375,95559
2021-04-13,669.7737242392774,679.9784545898438,128059
2021-04-15,670.731875576663,672.2649536132812,42576
2021-04-16,672.2649726356519,678.7807006835938,35551
2021-04-19,670.7319744816685,644.4296875,68023
2021-04-20,660.1917540888088,647.3999633789062,69980
2021-04-22,642.034098585997,651.2806396484375,25228
2021-04-23,652.5262364945818,654.5863647460938,38116
2021-04-26,652.5261947743213,656.3589477539062,40687
2021-04-27,659.2335509607968,653.4365234375,67988
2021-04-28,654.538454457625,666.7074584960938,57657
2021-04-29,667.4261136777335,665.6055908203125,106946
2021-04-30,663.0664213844269,669.3904418945312,83773
2021-05-03,675.5228365494271,673.0794677734375,51195
2021-05-04,680.3137534341953,698.8546752929688,314695
2021-05-05,705.226718973378,700.9627685546875,146066
2021-05-06,701.6813951294588,695.213623046875,530212
2021-05-07,708.9636275317429,693.7763061523438,150497
2021-05-10,698.5194048444725,685.2005615234375,103470
2021-05-11,689.1769323923122,675.091552734375,83763
2021-05-12,676.4810615362646,669.1988525390625,48740
2021-05-14,670.9714488596877,652.1909790039062,95661
2021-05-17,653.5802905198267,705.56201171875,482147
2021-05-18,722.9375940435519,725.3441772460938,328766
2021-05-19,722.9375923577055,720.7716674804688,75095
2021-05-20,728.3282397698925,711.77099609375,46224
2021-05-21,715.3327253067994,700.0750122070312,51187
2021-05-24,703.2997907027658,753.5492553710938,741713
2021-05-25,760.2877891635759,756.437255859375,219057
2021-05-26,757.5924263827407,746.4259033203125,68524
2021-05-27,750.3726130039771,772.8982543945312,223640
2021-05-28,776.7968433914389,762.2610473632812,126620
2021-05-31,765.2453514239791,761.057861328125,90395
2021-06-01,764.908417377722,756.437255859375,99775
2021-06-02,752.7791985908825,755.3302001953125,66144
2021-06-03,757.3035169547842,758.3142700195312,51318
2021-06-04,760.4803711539945,780.21435546875,451660
2021-06-07,781.3694266922108,786.230712890625,83210
2021-06-08,785.3161751804549,800.3814086914062,147429
2021-06-09,807.1198355761037,806.205322265625,278267
2021-06-10,817.275568918579,813.3287963867188,111123
2021-06-11,822.762607330277,798.69677734375,85162
2021-06-14,805.242782608441,802.3067626953125,72950
2021-06-15,802.8361072352345,815.97607421875,103055
2021-06-16,813.4251973829054,799.2744750976562,74381
2021-06-17,797.6378808969517,791.5733032226562,76694
2021-06-18,791.5733647434798,777.2301635742188,316683
2021-06-21,760.5283801259206,768.3257446289062,66534
2021-06-22,768.3257636429296,759.9989624023438,58728
2021-06-23,756.6296921116265,757.881103515625,108520
2021-06-24,768.1813149256125,765.8709716796875,70103
2021-06-25,765.8710244958544,760.8171997070312,33951
2021-06-28,769.143925050489,778.2889404296875,205376
2021-06-29,772.9945849148733,765.2935180664062,44662
2021-06-30,769.0958562543187,778.4334106445312,94228
2021-07-01,774.5346762438787,774.149658203125,83889
2021-07-02,770.2990392830576,793.4984741210938,201134
2021-07-05,800.4295763565804,787.0489501953125,57542
2021-07-06,788.2041045604101,774.1015625,50461
2021-07-07,772.9943898374794,764.5713500976562,50471
2021-07-08,769.2401962861746,765.4859619140625,23723
2021-07-09,762.0204914040658,755.3783569335938,45805
2021-07-12,764.234572268376,759.9989624023438,31858
2021-07-13,768.0851599406923,768.4220581054688,33557
2021-07-14,770.0584816040478,770.7804565429688,66819
2021-07-15,772.0319255603295,764.234619140625,34595
2021-07-16,768.0850064182046,759.9507446289062,37839
2021-07-19,759.5175811570589,751.7202758789062,33592
2021-07-20,755.5227279192295,741.9977416992188,57280
2021-07-22,746.1369204785419,738.676513671875,42420
2021-07-23,738.6765660231989,733.6227416992188,41598
2021-07-26,750.8058079890556,714.2738647460938,65055
2021-07-27,719.953351899517,715.2845458984375,214668
2021-07-28,719.1351605379965,706.0914916992188,74622
2021-07-29,712.3486366402556,722.3600463867188,141959
2021-07-30,725.3441176625738,735.1148681640625,39427
2021-08-02,738.3396856945018,752.634765625,58875
2021-08-03,756.4371356085873,752.9716796875,42350
2021-08-04,757.5442134417345,768.1331787109375,127091
2021-08-05,774.9197744228418,771.2617797851562,170756
2021-08-06,772.031891034088,754.6563720703125,263611
2021-08-09,755.6670093536377,739.30224609375,48504
2021-08-10,745.5593626692838,729.7721557617188,74397
2021-08-11,733.8152986097133,711.8191528320312,138561
2021-08-12,717.065530492923,776.8450317382812,665972
2021-08-13,783.5835956777661,748.6400146484375,209348
2021-08-16,753.7418093544757,740.4093627929688,74642
2021-08-17,744.5005680173354,755.7152099609375,149064
2021-08-18,760.4802839151047,755.9077758789062,42304
2021-08-20,741.2275731822474,727.798828125,113062
2021-08-23,728.7133911000608,734.874267578125,68556
2021-08-24,734.8742369812669,739.8798828125,84691
2021-08-25,749.3137003107613,755.0413208007812,56375
2021-08-26,758.2181481604176,745.4632568359375,60149
2021-08-27,752.3941030426271,746.0888671875,156026
2021-08-30,760.4802749213227,770.3953857421875,140078
2021-08-31,776.8450240423416,766.5929565429688,110984
2021-09-01,774.9198356583738,761.4910888671875,124426
2021-09-02,760.9134398761781,758.2180786132812,35425
2021-09-03,762.0203988172962,765.5821533203125,92225
2021-09-06,773.9570919691639,830.6080322265625,1033473
2021-09-07,840.3787322993338,842.8334350585938,648368
2021-09-08,849.5238402044506,829.1641235351562,492424
2021-09-09,829.1641170477379,863.1932373046875,264167
2021-09-13,865.7441828216226,851.0640258789062,106674
2021-09-14,858.6688093882472,862.9044189453125,601305
2021-09-15,868.3914234443359,879.2692260742188,262879
2021-09-16,883.6973639414758,902.4205932617188,433533
2021-09-17,899.0993961955033,869.5946655273438,271780
2021-09-20,873.1084722168592,890.1470947265625,259915
2021-09-21,882.0607497914816,886.1038208007812,288566
2021-09-22,893.8048304617554,888.3178100585938,156838
2021-09-23,896.8853239074252,886.1038208007812,135076
2021-09-24,895.5376866486733,873.5896606445312,101944
2021-09-27,883.8898825293494,874.2635498046875,101107
2021-09-28,881.9164939956188,881.1945190429688,372993
2021-09-29,873.1083394262641,869.6428833007812,94603
2021-09-30,875.9962304110068,880.6649780273438,117004
2021-10-01,882.7345960799793,894.2861938476562,109355
2021-10-04,908.9183658109087,888.0773315429688,62187
2021-10-05,895.9709682631877,880.4725952148438,66085
2021-10-06,888.1254378416096,898.6181640625,92228
2021-10-07,907.474375685386,922.53955078125,380544
2021-10-08,908.1000170333801,910.12158203125,172859
2021-10-11,912.5763144296893,914.8866577148438,48578
2021-10-12,914.5014987113537,904.5382690429688,65693
2021-10-13,914.2127921298362,913.2982788085938,70048
2021-10-14,920.2293147635082,904.6346435546875,45148
2021-10-18,909.6883375605975,897.8479614257812,52898
2021-10-19,909.6883872482831,870.4129638671875,99393
2021-10-20,884.5637509068545,848.5131225585938,82000
2021-10-21,850.4865095808699,801.3922119140625,130670
2021-10-22,814.291438507186,799.081787109375,96939
2021-10-25,805.724099032103,796.0015258789062,42578
2021-10-26,800.1407707105041,816.1685791015625,52804
2021-10-27,811.3072929304813,816.1685791015625,83315
2021-10-28,806.6867622803762,804.4727172851562,66458
2021-10-29,794.3649794851758,804.2800903320312,51028
2021-11-01,781.754423247021,811.2591552734375,26328
2021-11-02,811.2591231761545,842.49658203125,73143
2021-11-03,839.608757729627,803.510009765625,127633
2021-11-04,817.2756237982614,818.286376953125,11228
2021-11-08,827.8644752057837,825.939208984375,39307
2021-11-09,826.9020589937737,825.7468872070312,25484
2021-11-10,829.1159220447067,819.68212890625,28101
2021-11-11,826.9018813014737,794.3167724609375,180078
2021-11-12,796.4345386558838,793.16162109375,97754
2021-11-15,793.1616592994181,788.8779296875,86977
2021-11-16,789.3591660153982,785.701171875,139193
2021-11-17,792.2470663535679,781.3693237304688,96828
2021-11-18,781.6581524024172,769.1439208984375,35701
2021-11-22,775.8823794144201,762.1648559570312,634238
2021-11-23,771.0692326881132,802.6917114257812,202332
2021-11-24,808.5156338333945,794.2686157226562,62640
2021-11-25,798.0230139347543,804.5689086914062,51189
2021-11-26,779.8292087605429,783.1984252929688,33311
2021-11-29,772.2725797005131,790.70703125,69167
2021-11-30,794.8462680825113,842.9298095703125,181011
2021-12-01,859.1500521350863,824.2064819335938,44295
2021-12-02,823.0513870199302,827.142578125,46084
2021-12-03,834.6029880055958,818.4788818359375,40491
2021-12-06,814.3877189939186,793.9317626953125,36797
2021-12-07,798.1191598686348,815.3984375,37607
2021-12-08,818.7195442576962,835.661865234375,49163
2021-12-09,837.4909493075895,846.9247436523438,154053
2021-12-10,843.1704815444375,829.7898559570312,26785
2021-12-13,839.4162577623295,818.7677612304688,35447
2021-12-14,813.4250449383026,829.0197143554688,56917
2021-12-15,823.725348659298,830.5119018554688,36138
2021-12-16,834.891824957576,809.3339233398438,20459
2021-12-17,808.6119469764848,822.5701293945312,43633
2021-12-20,822.0887842318404,824.1102905273438,85719
2021-12-21,836.5282028809078,827.23876953125,69814
2021-12-22,835.3731364264215,854.2407836914062,70136
2021-12-23,859.5834250098876,840.1863403320312,114786
2021-12-24,842.4003581118301,831.955810546875,20944
2021-12-27,837.4909713478597,823.6290283203125,14543
2021-12-28,824.206543257509,832.2445068359375,28615
2021-12-29,832.2444805779331,856.7916259765625,76630
2021-12-30,851.9304438097532,863.3858032226562,41517
2021-12-31,863.3857564468977,878.6915893554688,59063
2022-01-03,885.6226245777027,863.7227172851562,44343
2022-01-04,859.0539364368349,861.3161010742188,16976
2022-01-05,856.7435791750482,865.5516967773438,158677
2022-01-06,857.7061976431149,865.4553833007812,35903
2022-01-07,857.8024193621771,846.443359375,50645
2022-01-10,846.4433148555013,850.2457275390625,43768
2022-01-11,842.3041271583626,861.1235961914062,86199
2022-01-12,865.4072804128447,875.5630493164062,61967
2022-01-13,875.9962574357539,871.9531860351562,47777
2022-01-14,871.9531240749286,873.6858520507812,33799
2022-01-17,880.8094553994262,873.2528076171875,21939
2022-01-18,880.8094320548757,871.5681762695312,28072
2022-01-19,866.3699445880809,867.9583129882812,52044
2022-01-20,864.4446766939038,857.3211669921875,12943
2022-01-21,850.0051020515408,838.5497436523438,21655
2022-01-24,832.6776824843802,785.653076171875,54530
2022-01-25,785.6532125124222,800.0927124023438,44360
2022-01-27,800.0927616988969,823.4847412109375,47100
2022-01-28,827.8646261722822,803.1249389648438,25543
2022-01-31,813.4250710458437,816.8424072265625,21563
2022-02-01,824.9767444537997,826.70947265625,36578
2022-02-02,827.9608192578604,837.1058349609375,42788
2022-02-03,837.4910187072023,818.0939331054688,28781
2022-02-04,822.0887683843832,809.6707763671875,17235
2022-02-07,813.9064895010063,818.8640747070312,17194
2022-02-08,809.5745207467667,798.69677734375,26279
2022-02-09,794.0760872414959,807.3604125976562,51755
2022-02-10,816.3130520517853,815.6873168945312,39172
2022-02-11,811.2110376566625,813.2325439453125,39915
2022-02-14,794.1724497912002,806.7348022460938,33575
2022-02-15,806.6866607267191,829.1641235351562,35858
2022-02-16,833.5440576320628,827.6238403320312,19590
2022-02-17,832.0038753849593,837.6353149414062,28414
2022-02-18,837.4909279625039,829.40478515625,86727
2022-02-21,839.9282005388181,814.8079223632812,50232
2022-02-22,795.3129944620254,785.37158203125,24207
2022-02-23,789.4935744217652,793.1306762695312,33784
2022-02-24,787.5538833968614,781.2495727539062,89223
2022-02-25,809.5703754772459,800.3563842773438,22804
2022-02-28,804.9635386516603,826.4466552734375,75639
2022-03-02,827.3194593042635,809.473388671875,39315
2022-03-03,813.740944884031,805.4483642578125,14935
2022-03-04,795.3129430810368,796.2828369140625,35459
2022-03-07,775.9151094363096,782.6558837890625,61885
2022-03-08,785.129183614643,778.1459350585938,40264
2022-03-09,789.4935731263037,784.6441040039062,19568
2022-03-10,793.3732077065014,798.1741943359375,19955
2022-03-11,801.1323295320711,786.8748779296875,19864
2022-03-14,787.553818100633,794.9249877929688,19416
2022-03-15,797.3982418334842,795.409912109375,96472
2022-03-16,801.1324202406274,836.4365844726562,306280
2022-03-17,838.0854500864602,846.2810668945312,67558
2022-03-21,850.6938798029906,856.94970703125,100433
2022-03-22,858.3561092295911,865.0484008789062,57644
2022-03-23,872.9045317142719,896.23046875,167013
2022-03-24,898.1217574181389,912.670166015625,120188
2022-03-25,919.8473523260154,888.76220703125,104126
2022-03-28,893.4662445223393,898.2186889648438,47761
2022-03-29,898.2187228480516,882.7489624023438,170896
2022-03-30,887.3560110050527,884.3493041992188,159974
2022-03-31,900.9344579673234,872.7105102539062,513152
2022-04-01,872.9045381319296,886.4345703125,48124
2022-04-04,899.0916275096545,878.7723388671875,36544
2022-04-05,881.6335740040313,871.2072143554688,59008
2022-04-06,869.897785801988,852.148681640625,86015
2022-04-07,848.6571147038039,820.2877197265625,71380
2022-04-08,828.192517029135,829.8898315429688,47630
2022-04-11,829.8897478222482,830.2291870117188,31196
2022-04-12,829.7442888531554,832.7024536132812,24729
2022-04-13,837.1154521227443,821.3546752929688,42439
2022-04-18,811.5103374498963,815.3414306640625,22159
2022-04-19,816.7476529025349,818.5419921875,19997
2022-04-20,818.5904581132629,826.349609375,83412
2022-04-21,826.3496490312975,805.1089477539062,155398
2022-04-22,813.644086545558,808.5036010742188,79982
2022-04-25,792.4033007996874,770.5806884765625,117713
2022-04-26,776.0120189868962,799.1925048828125,254875
2022-04-27,795.3614665517858,783.38330078125,109890
2022-04-28,786.5839893482532,777.0790405273438,45342
2022-04-29,781.1526070384506,781.2495727539062,89498
2022-05-02,785.3231088701411,774.5572509765625,39882
2022-05-04,767.1861169601184,758.6510620117188,27669
2022-05-05,762.6276370263292,751.8133544921875,96971
2022-05-06,751.6677952412539,732.5123901367188,114294
2022-05-09,726.4504510226288,732.6092529296875,28208
2022-05-10,732.2699807137675,702.5912475585938,48372
2022-05-11,706.0828301955581,696.577880859375,41858
2022-05-12,703.1730748442343,681.7869262695312,58913
2022-05-13,681.7868951399596,684.0176391601562,49415
2022-05-16,684.0176717085515,698.7600708007812,39921
2022-05-17,699.2935817795847,719.7098388671875,69659
2022-05-18,723.5408489875246,711.2716674804688,18475
2022-05-19,707.4892206833917,690.0311279296875,44981
2022-05-20,693.6680390025064,696.0927734375,14712
2022-05-23,698.4205736514681,715.5877075195312,21309
2022-05-24,722.5709907305335,716.9456176757812,28948
2022-05-25,710.9321775430354,709.38037109375,36440
2022-05-26,713.0660382857145,713.3569946289062,18909
2022-05-27,716.7031051082158,707.9740600585938,17529
2022-05-30,711.708157888843,714.3753662109375,78907
2022-05-31,717.6729927736469,756.6141967773438,205821
2022-06-01,752.7832361243117,766.9436645507812,68414
2022-06-02,756.5173095762943,757.438720703125,67878
2022-06-03,761.4636689163382,747.4002075195312,32965
2022-06-06,751.3767452379616,739.05908203125,55571
2022-06-07,742.8902254701587,741.2413940429688,17707
2022-06-08,745.169421532727,721.6010131835938,40416
2022-06-09,721.6011195660177,716.315185546875,108613
2022-06-10,717.7214554847792,709.1864013671875,35803
2022-06-13,697.3537562049495,693.76513671875,61362
2022-06-14,699.2934684564956,692.6497192382812,28060
2022-06-15,696.2869088139026,695.6079711914062,25952
2022-06-16,695.6077885061669,677.3252563476562,138351
2022-06-17,680.8655106905662,669.7117309570312,92004
2022-06-20,666.3172117811366,668.0145263671875,38179
2022-06-21,667.2869989560389,660.4977416992188,23519
2022-06-22,663.9893188476562,663.9893188476562,286739
2022-06-23,667.4811217517388,675.1432495117188,42463
2022-06-24,678.7317052290213,692.940673828125,27431
2022-06-27,706.9557390120851,692.1648559570312,35021
2022-06-28,695.8018713673129,697.5476684570312,55372
2022-06-29,697.3536470871852,691.0008544921875,58527
2022-06-30,690.5644558676852,703.0761108398438,293707
2022-07-01,702.2031855283651,719.46728515625,46481
2022-07-04,726.4020626593896,721.1646118164062,66322
2022-07-05,724.753202094968,710.1563110351562,23292
2022-07-06,708.0225919290358,723.2499389648438,53095
2022-07-07,724.5107276093526,736.1979370117188,528460
2022-07-08,740.0290229938666,755.2078857421875,72695
2022-07-11,754.5773863271712,769.2713012695312,44009
2022-07-12,772.9085471199263,747.6427612304688,69862
2022-07-13,751.3767855507415,765.2947387695312,95151
2022-07-14,768.1559301718999,762.5790405273438,53825
2022-07-15,766.1677972730743,776.2061767578125,66191
2022-07-18,780.0856336121288,775.4786376953125,53279
2022-07-19,779.3097060112748,776.5455322265625,99531
2022-07-20,780.6675483557992,770.1441650390625,46194
2022-07-21,773.9753165162339,783.5287475585938,72472
2022-07-22,785.5655855074892,795.5554809570312,51889
2022-07-25,795.3130108766014,794.6825561523438,105554
2022-07-26,795.3615531221037,795.2645874023438,40379
2022-07-27,799.4834850170969,781.1525268554688,64724
2022-07-28,785.2260403689793,779.4066772460938,58688
2022-07-29,785.6141063447569,804.3815307617188,206229
2022-08-01,819.560293807115,830.3746337890625,155990
2022-08-02,833.090383289389,817.863037109375,130978
2022-08-03,820.5302261373647,817.7660522460938,152724
2022-08-04,822.0819905060537,804.9149169921875,70412
2022-08-05,807.8731193082864,818.2024536132812,115339
2022-08-08,830.4716477847716,802.6356811523438,120239
2022-08-10,806.6123625917711,785.9050903320312,87064
2022-08-11,794.3431321990657,782.995361328125,87406
2022-08-12,783.6742856099585,794.3916015625,112876
2022-08-16,794.3915888274926,810.2493896484375,54644
2022-08-17,810.2493124705998,818.0569458007812,70824
2022-08-18,813.7410140293522,816.7962036132812,467258
2022-08-19,822.4700452838678,815.2443237304688,111561
2022-08-22,828.2893875354968,815.2927856445312,84118
2022-08-23,807.4367191155724,830.2777099609375,107123
2022-08-24,832.1689635368385,819.7543334960938,186406
2022-08-25,827.9014914632806,810.7828979492188,86786
2022-08-26,815.0018055147182,820.5302124023438,229264
2022-08-29,809.8613732980095,808.7459716796875,139019
2022-08-30,812.9650002069244,810.0068359375,233197
2022-09-01,810.0069389394406,813.7894897460938,145897
2022-09-02,818.1054947515272,816.7476196289062,119537
2022-09-05,820.8212051868962,817.2811279296875,32789
2022-09-06,819.5603494243604,813.9834594726562,210329
2022-09-07,812.7226003820691,811.7042236328125,32495
2022-09-08,815.6807560818843,830.568603515625,412803
2022-09-09,834.9817264144723,852.5852661132812,211152
2022-09-12,857.0952549851027,857.2892456054688,119948
2022-09-13,861.8477326148185,850.1605224609375,114667
2022-09-14,841.8679705264155,844.1957397460938,396877
2022-09-15,848.6571490606639,878.1904296875,592354
2022-09-16,879.8877787956176,875.2322998046875,214919
2022-09-19,879.7907152821191,857.1921997070312,168283
2022-09-20,869.024974320902,883.9613647460938,264599
2022-09-21,885.5131122541335,887.5498657226562,176113
2022-09-22,889.3927578498709,894.4362182617188,173177
2022-09-23,890.3626798565405,875.9597778320312,111417
2022-09-26,875.9595895431339,850.3543701171875,50324
2022-09-27,852.6337138143841,847.3478393554688,84501
2022-09-28,839.6370756679953,846.1353759765625,78301
2022-09-29,853.5065766834479,869.9462890625,329741
2022-09-30,874.3108579009378,881.633544921875,180334
2022-10-03,886.2890031953685,885.998046875,94258
2022-10-04,890.3141311910423,902.2922973632812,155180
2022-10-06,897.1518350332661,901.661865234375,181406
2022-10-07,902.9711270139145,903.6985473632812,80036
2022-10-10,896.9094621204148,901.56494140625,57699
2022-10-11,901.0313743022521,904.7654418945312,151941
2022-10-12,902.146812067954,901.370849609375,122797
2022-10-13,902.0982722097652,887.986328125,72708
2022-10-14,894.484643509849,893.708740234375,66602
2022-10-17,888.4228171478287,895.551513671875,92920
2022-10-18,897.1518917837114,889.4412231445312,110554
2022-10-19,890.3625999718736,875.13525390625,48914
2022-10-20,876.7840696544955,856.7557373046875,237458
2022-10-21,858.3560928560713,876.8810424804688,52576
2022-10-24,900.0615064626558,873.1954345703125,10857
2022-10-25,877.7539896296179,872.9530029296875,81408
2022-10-27,868.0550818814573,879.0633544921875,81922
2022-10-28,881.0031529707429,885.36767578125,45877
2022-10-31,889.2471854347773,908.2571411132812,127465
2022-11-01,911.9427600225721,922.4176025390625,196236
2022-11-02,926.2485626902378,915.6766967773438,152305
2022-11-03,909.0815765284192,919.3624877929688,198297
2022-11-04,921.3991856646029,939.7786865234375,208600
2022-11-07,943.70678688336,973.6279907226562,538433
2022-11-09,968.923995248007,924.9393310546875,246401
2022-11-10,924.9393676935738,925.7152709960938,282452
2022-11-11,931.0982038461711,931.53466796875,186809
2022-11-14,935.947722201208,900.3526000976562,253772
2022-11-15,900.3524481145581,898.1217041015625,135088
2022-11-16,899.0916689561383,887.3074340820312,62706
2022-11-17,892.889243406606,883.9603271484375,55427
2022-11-18,888.0101004532165,884.7898559570312,63737
2022-11-21,878.2517116957868,875.3729858398438,111800
2022-11-22,879.6666680045473,876.1536254882812,150612
2022-11-23,869.4690937327185,880.7887573242188,113508
2022-11-24,880.7888334949826,887.424560546875,72228
2022-11-25,887.7660485669305,881.5695190429688,38660
2022-11-28,878.3980976461291,905.770263671875,82846
2022-11-29,904.5993116677636,896.4511108398438,68247
2022-11-30,894.9872753727466,893.4259033203125,134855
2022-12-01,893.8650589781813,892.4013061523438,120015
2022-12-02,888.9859060434195,888.0100708007812,54420
2022-12-05,887.0342056112371,902.9403076171875,57167
2022-12-06,901.6717399970053,906.5021362304688,95656
2022-12-07,902.6475104843128,902.4523315429688,68476
2022-12-08,898.0123786668775,897.8171997070312,159802
2022-12-09,897.8170831279597,906.1604614257812,109331
2022-12-12,910.6982423441959,908.3074340820312,54628
2022-12-13,908.3073771014356,898.2562866210938,135990
2022-12-14,897.8172240625148,946.2186889648438,552645
2022-12-15,946.21864288763,950.2195434570312,277185
2022-12-16,950.2195052088358,959.9290771484375,88194
2022-12-19,965.0034767844359,937.53369140625,74856
2022-12-20,923.1889405018854,936.8994140625,69147
2022-12-21,936.8506141697026,917.6266479492188,137781
2022-12-22,917.2851217041759,919.0903930664062,58428
2022-12-23,907.575521058499,901.2813720703125,129655
2022-12-26,888.0587907582285,904.2576904296875,39013
2022-12-27,898.7441888715126,910.5029907226562,38351
2022-12-28,913.1378504490156,936.6554565429688,67840
2022-12-29,936.8017603569567,936.3138427734375,59921
2022-12-30,932.2153944239845,948.2191162109375,43863
2023-01-02,952.9518895595883,946.5601806640625,27181
2023-01-03,945.5843603542487,936.9482421875,28704
2023-01-04,931.3371539025313,938.9974365234375,62168
2023-01-05,943.6814938944295,980.3240966796875,1016320
2023-01-06,987.5452485998741,967.1502685546875,733214
2023-01-09,968.028590203126,977.0062866210938,75268
2023-01-10,971.0047949590945,973.7371215820312,58494
2023-01-11,972.1271047525468,957.4407958984375,42192
2023-01-12,957.2942924208746,939.9244384765625,34082
2023-01-13,943.5350820428276,952.903076171875,40311
2023-01-16,951.1465684129145,944.364501953125,35511
2023-01-17,940.7539661734174,938.6071166992188,463635
2023-01-18,975.8352717516568,970.0778198242188,533383
2023-01-19,963.2958157458552,974.1275634765625,435693
2023-01-20,975.7864949216353,967.443115234375,62583
2023-01-23,970.956043880974,959.0508422851562,61829
2023-01-24,962.1734810215306,958.5140991210938,50384
2023-01-25,963.5397345951178,970.2241821289062,48161
2023-01-27,970.2241488780946,974.17626953125,75594
2023-01-30,974.859495123861,963.88134765625,85426
2023-01-31,968.6628805543382,961.3441162109375,100798
2023-02-01,966.0768794617428,956.855224609375,100227
2023-02-02,946.6089636139608,955.1475219726562,48972
2023-02-03,955.1474830035743,946.4625854492188,98373
2023-02-06,943.0958989607099,949.9755249023438,165290
2023-02-07,949.9755924825179,946.364990234375,203585
2023-02-08,952.4151747013374,959.0508422851562,132664
2023-02-09,963.1981037336856,957.0503540039062,44720
2023-02-10,961.1000909209802,976.1766967773438,83930
2023-02-13,981.0559440064987,995.25439453125,170497
2023-02-14,1000.5239761777917,975.005859375,42388
2023-02-15,978.7139569322024,966.1744384765625,61783
2023-02-16,969.1508400944057,974.0787963867188,57929
2023-02-17,976.8110699633243,970.2241821289062,52746
2023-02-20,975.1032904980225,966.6622924804688,29018
2023-02-21,969.9801727569993,951.7808227539062,38237
2023-02-22,947.6335622169654,955.9281616210938,58553
2023-02-23,961.0025464746535,966.5648193359375,75082
2023-02-24,971.4440394689233,953.7326049804688,539401
2023-02-27,948.5605671795724,958.758056640625,186302
2023-02-28,963.5885088206376,959.7339477539062,114679
2023-03-01,957.4895483276168,964.710693359375,221227
2023-03-02,964.7106578407275,964.6130981445312,39530
2023-03-03,968.0285336297595,973.883544921875,164471
2023-03-06,975.8351874724218,967.5405883789062,34189
2023-03-08,969.004398406498,968.2725219726562,35537
2023-03-09,970.4680710656828,965.00341796875,32552
2023-03-10,969.2483413561545,957.3431396484375,119001
2023-03-13,956.6600357542978,954.269287109375,359512
2023-03-14,948.5606726981049,938.7535400390625,273867
2023-03-15,941.6809949874878,936.8018188476562,262338
2023-03-16,936.8018561803608,957.4407958984375,354905
2023-03-17,961.1976779875208,952.4151611328125,64551
2023-03-20,952.4151204017701,946.1209716796875,150038
2023-03-21,946.5601422216597,956.2697143554688,130521
2023-03-22,961.0025772846484,963.1006469726562,36821
2023-03-23,966.0768934888401,958.9533081054688,85133
2023-03-24,961.2464752930707,960.7097778320312,47682
2023-03-27,960.7097818091099,957.5870971679688,91919
2023-03-28,962.1735919529845,949.2437744140625,80934
2023-03-29,943.6326825200708,947.4872436523438,137685
2023-03-31,947.4871344770094,954.3667602539062,122818
2023-04-03,954.3667844254343,968.3699951171875,355041
2023-04-05,972.9077520199927,970.6145629882812,61270
2023-04-06,974.7618077231054,971.54150390625,118345
2023-04-10,968.0285021288088,973.0540771484375,96376
2023-04-11,973.0541890647085,972.6150512695312,279551
2023-04-12,971.2487410650863,985.7399291992188,137568
2023-04-13,985.5935328493574,971.1511840820312,88987
2023-04-17,973.8835601987837,991.7413330078125,199258
2023-04-18,996.9131900073678,1033.3118896484375,529944
2023-04-19,1039.215581616226,1000.7189331054688,166165
2023-04-20,1006.086083865427,1001.4508666992188,96626
2023-04-21,1000.2311236357941,985.0081176757812,64589
2023-04-24,994.3760208994327,976.5182495117188,68897
2023-04-25,979.933779937599,999.9871826171875,70753
2023-04-26,1005.2078444360218,997.0108642578125,45863
2023-04-27,995.3518980792365,996.42529296875,18434
2023-04-28,1000.2311879445266,1020.8212890625,71302
2023-05-02,1027.4567783834714,1031.311279296875,62395
2023-05-03,1031.2627251909398,1018.2352294921875,63599
2023-05-04,1022.6754347655315,1019.0160522460938,72561
2023-05-05,1024.6270678439141,1039.459716796875,364882
2023-05-08,1044.8755630659966,1051.7552490234375,79979
2023-05-09,1053.2677324592912,1028.7742919921875,213998
2023-05-10,1035.36123678565,1034.287841796875,98647
2023-05-11,1039.7523612093146,1038.630126953125,143713
2023-05-12,1042.7288749404088,1052.7799072265625,227766
2023-05-15,1060.7327089283808,1045.2657470703125,73402
2023-05-16,1052.2727941115847,1043.220458984375,79776
2023-05-17,1038.3274560162401,1056.43212890625,168654
2023-05-18,1049.092207796177,1055.35546875,108665
2023-05-19,1054.9639545593545,1050.07080078125,95054
2023-05-22,1043.514040961256,1048.4560546875,60098
2023-05-23,1051.8325952046696,1036.468017578125,99343
2023-05-24,1038.1317076148373,1054.964111328125,61356
2023-05-25,1054.9641930879052,1049.0924072265625,180860
2023-05-26,1049.0923937646028,1047.1351318359375,182855
2023-05-29,1051.734540993969,1057.8021240234375,67875
2023-05-30,1057.0192539737177,1074.096435546875,80349
2023-05-31,1063.1844053831005,1104.2379150390625,292562
2023-06-01,1101.9384507673205,1111.4801025390625,116272
2023-06-02,1116.3730216251874,1087.1119384765625,218345
2023-06-05,1087.2100190571587,1108.88671875,163928
2023-06-06,1114.4649408504315,1115.492431640625,96011
2023-06-07,1120.434509437951,1120.5323486328125,52181
2023-06-08,1121.510760250028,1119.7003173828125,62300
2023-06-09,1120.5325027456893,1120.6793212890625,140185
2023-06-12,1126.599790877712,1130.6611328125,93217
2023-06-13,1138.0987204254072,1133.0098876953125,73928
2023-06-14,1134.1353168579465,1130.2696533203125,153841
2023-06-15,1134.2331858110408,1156.3502197265625,171400
2023-06-16,1159.7267096183466,1167.99609375,110765
2023-06-19,1166.5281014841203,1165.6962890625,91867
2023-06-20,1167.9470572195507,1159.7755126953125,49016
2023-06-21,1164.1303877074254,1149.255126953125,59537
2023-06-22,1153.561107074879,1141.96435546875,39603
2023-06-23,1141.9644111426057,1136.728759765625,49031
2023-06-26,1131.3462049674329,1159.6285400390625,108470
2023-06-27,1161.5859357308748,1165.7451171875,235773
2023-06-28,1169.3661244374268,1187.9111328125,291712
2023-06-30,1187.9109705662088,1190.9447021484375,85600
2023-07-03,1196.865725484545,1183.801025390625,70973
2023-07-04,1179.34807161111,1208.1688232421875,182495
2023-07-05,1213.5023122294322,1203.6181640625,92442
2023-07-06,1196.425179757667,1215.4105224609375,59441
2023-07-07,1215.4105786278762,1227.790283203125,150006
2023-07-10,1228.132777795864,1222.8482666015625,72724
2023-07-11,1225.2457963292763,1213.4532470703125,80874
2023-07-12,1215.7531340268536,1205.72216796875,43706
2023-07-13,1208.022014832661,1200.8291015625,54374
2023-07-14,1200.8291708027186,1215.5574951171875,117241
2023-07-17,1221.575901737627,1213.6978759765625,69460
2023-07-18,1209.5879510357386,1232.0474853515625,74790
2023-07-19,1237.8702854032526,1213.649169921875,92952
2023-07-20,1213.9426225656412,1204.2542724609375,35859
2023-07-21,1207.9731465786729,1203.81396484375,74608
2023-07-24,1205.1839802662341,1172.6934814453125,67734
2023-07-25,1160.6561528815714,1194.4678955078125,71708
2023-07-26,1193.929677003669,1183.654052734375,77755
2023-07-27,1186.100658727729,1192.1192626953125,27264
2023-07-28,1179.2502723277253,1214.236328125,687679
2023-07-31,1220.303696546295,1239.92529296875,268847
2023-08-01,1246.4819526991193,1227.643310546875,55966
2023-08-02,1227.643605080678,1225.7843017578125,60895
2023-08-03,1225.784280617532,1196.327392578125,45829
2023-08-04,1209.2940460649024,1205.966796875,248436
2023-08-07,1219.423115645716,1174.0634765625,111775
2023-08-08,1179.9351199525718,1166.96826171875,47216
2023-08-09,1164.6196268213193,1160.0689697265625,66402
2023-08-10,1162.1240431012588,1182.088134765625,108289
2023-08-11,1184.1923425526277,1178.7119140625,66644
2023-08-14,1181.1584428338474,1171.665771484375,41478
2023-08-16,1171.6168718243034,1169.9532470703125,49025
2023-08-17,1176.1185009772578,1206.4560546875,202950
2023-08-18,1206.45619597497,1213.7469482421875,82045
2023-08-21,1216.5850056186457,1240.463623046875,266059
2023-08-22,1242.8613946430773,1239.1915283203125,129370
2023-08-23,1233.0748349798378,1225.14794921875,31981
2023-08-24,1233.0749513317505,1206.749755859375,43618
2023-08-25,1205.673294238938,1203.5692138671875,34476
2023-08-28,1203.5690316905616,1212.1810302734375,52558
2023-08-29,1213.5023451073278,1195.2508544921875,26588
2023-08-30,1199.8015793783156,1227.007568359375,279416
2023-08-31,1226.2243780154874,1245.405517578125,289947
2023-09-01,1246.335299028067,1246.9713134765625,38984
2023-09-04,1246.9715174420112,1263.070068359375,127090
2023-09-05,1265.3696023971104,1257.2958984375,69062
2023-09-06,1280.0491478094275,1269.03955078125,56166
2023-09-07,1270.8990634789022,1251.2774658203125,59867
2023-09-08,1256.5619324596055,1245.405517578125,94342
2023-09-11,1249.6625825996932,1251.864501953125,54032
2023-09-12,1254.604673011169,1249.9561767578125,78174
2023-09-13,1248.2437341073069,1224.9522705078125,56549
2023-09-14,1230.0900963491538,1209.0985107421875,54849
2023-09-15,1211.300428267802,1213.06201171875,89332
2023-09-18,1211.5451895634205,1215.0682373046875,32682
2023-09-20,1207.8261159427661,1191.091552734375,43991
2023-09-21,1190.0151894144965,1175.67822265625,45117
2023-09-22,1174.357091229522,1201.416259765625,48894
2023-09-25,1206.6519079870836,1201.0247802734375,56096
2023-09-26,1203.716113809528,1219.6678466796875,68016
2023-09-27,1219.374019291157,1210.0770263671875,43710
2023-09-28,1204.6947899103143,1221.9676513671875,31911
2023-09-29,1221.9675145046044,1233.2706298828125,47049
2023-10-03,1235.0322762975684,1260.085205078125,77219
2023-10-04,1257.5406182250201,1231.264404296875,35758
2023-10-05,1232.0963505519273,1228.4754638671875,40931
2023-10-06,1228.279675767889,1208.0709228515625,50580
2023-10-09,1205.6732740721836,1209.538818359375,65533
2023-10-10,1210.5664518495846,1212.6705322265625,54179
2023-10-11,1208.560165466371,1210.7620849609375,32627
2023-10-12,1211.5450924441977,1240.5615234375,64806
2023-10-13,1240.5614526792965,1247.9990234375,622707
2023-10-16,1262.8741963491036,1261.40625,35345
2023-10-17,1267.6695701542972,1243.3016357421875,46257
2023-10-18,1246.7757557155805,1285.969970703125,226941
2023-10-19,1285.3337324206827,1288.7099609375,99999
2023-10-20,1282.0064817744865,1270.7032470703125,65132
2023-10-23,1270.7032331451042,1268.55029296875,52180
2023-10-25,1268.501186704712,1259.0574951171875,353998
2023-10-26,1255.7303046764484,1227.496826171875,94663
2023-10-27,1236.6957877265886,1260.8680419921875,76792
2023-10-30,1267.1314059303695,1267.033447265625,231906
2023-10-31,1268.3056256940401,1227.790283203125,212267
2023-11-01,1234.249104790712,1249.9561767578125,110955
2023-11-02,1254.311263614156,1256.3175048828125,59448
2023-11-03,1259.7428316265891,1251.37548828125,85006
2023-11-06,1252.6475545038318,1253.087890625,64552
2023-11-07,1255.4365629695342,1234.983154296875,57877
2023-11-08,1241.491269601251,1232.2921142578125,49970
2023-11-09,1238.4084744450095,1224.511962890625,34656
2023-11-10,1223.288771102899,1238.800048828125,43861
2023-11-13,1254.5558383772773,1240.023193359375,33330
2023-11-15,1246.5800816517158,1221.0377197265625,45648
2023-11-16,1224.8920280480506,1211.308837890625,51043
2023-11-17,1212.191639541294,1218.90966796875,141241
2023-11-20,1218.9095140018494,1206.55224609375,63297
2023-11-21,1214.1529596683563,1215.9183349609375,107145
2023-11-22,1219.7432434227865,1218.56640625,106412
2023-11-23,1221.0182018210783,1215.6241455078125,114785
2023-11-24,1220.8220872881832,1199.6380615234375,31691
2023-11-28,1203.3648840746478,1198.853515625,32530
2023-11-29,1198.951562877801,1213.5645751953125,427789
2023-11-30,1215.0846313753962,1213.1722412109375,182480
2023-12-01,1215.525973951589,1210.279052734375,55351
2023-12-04,1225.9219183614348,1248.03759765625,84114
2023-12-05,1247.498135154211,1233.81689453125,66074
2023-12-06,1236.709973236532,1236.2196044921875,49831
2023-12-07,1235.7292624080883,1225.4315185546875,254860
2023-12-08,1227.1968663785055,1225.0882568359375,552056
2023-12-11,1225.0881418138617,1217.9287109375,252278
2023-12-12,1224.0094398780402,1203.80615234375,53165
2023-12-13,1209.8377305966653,1215.771240234375,158910
2023-12-14,1222.19504733493,1218.7135009765625,97065
2023-12-15,1222.6853021237332,1227.5889892578125,216504
2023-12-18,1227.5890933768715,1225.872802734375,100615
2023-12-19,1224.9410499117848,1218.2230224609375,18391
2023-12-20,1218.9587266700216,1224.352783203125,63950
2023-12-21,1224.3527150055722,1213.466552734375,44197
2023-12-22,1213.466554530086,1235.2879638671875,171961
2023-12-26,1227.883308139316,1220.2825927734375,97419
2023-12-27,1219.939361367142,1221.165283203125,164895
2023-12-28,1221.4594069163809,1211.897216796875,99328
2023-12-29,1213.172218052429,1224.843017578125,181375
2024-01-01,1219.0075124725172,1222.783447265625,28369
2024-01-02,1223.2739633312306,1206.2091064453125,212305
2024-01-03,1205.718694346719,1226.4122314453125,127155
2024-01-04,1223.9113889559858,1222.5384521484375,100559
2024-01-05,1223.9603029774141,1219.5960693359375,72694
2024-01-08,1211.701067186247,1217.8797607421875,18743
2024-01-09,1222.9305251917895,1231.904296875,48466
2024-01-10,1229.5505052361505,1238.1319580078125,52788
2024-01-11,1244.6538357027382,1244.114501953125,62933
2024-01-12,1250.1951144400016,1230.8746337890625,57610
2024-01-15,1235.729323630836,1239.0147705078125,47407
2024-01-16,1242.790526497557,1231.6591796875,38864
2024-01-17,1229.0603106796552,1243.281005859375,45261
2024-01-18,1249.4596001628115,1251.2249755859375,51703
2024-01-19,1243.5751970285862,1249.8028564453125,53198
2024-01-23,1252.401784347315,1240.191650390625,33045
2024-01-24,1243.2319080446089,1249.1163330078125,83185
2024-01-25,1255.3440639632317,1245.7327880859375,22288
2024-01-29,1245.5366250015709,1209.8868408203125,59209
2024-01-30,1221.018178127574,1196.107421875,204869
2024-01-31,1199.4418306411249,1195.666015625,104662
2024-02-01,1201.6485438461068,1206.159912109375,138431
2024-02-02,1208.366798137807,1204.44384765625,104199
2024-02-05,1196.4997805765054,1169.2352294921875,74293
2024-02-06,1169.2353135108197,1225.039306640625,374336
2024-02-07,1225.0390706886371,1202.2860107421875,215685
2024-02-08,1206.3070930832196,1166.342041015625,100600
2024-02-09,1166.7344256105025,1106.8603515625,292992
2024-02-12,1112.6466445834246,1065.2769775390625,187300
2024-02-13,1066.0617236175158,1069.78857421875,196991
2024-02-14,1064.1002420995314,1073.3681640625,130498
2024-02-15,1072.0440311052673,1068.6114501953125,155123
2024-02-16,1074.8884112503001,1079.3997802734375,122451
2024-02-19,1082.1948365642536,1081.7044677734375,56679
2024-02-20,1080.772777571492,1072.044189453125,26850
2024-02-21,1074.9863525039168,1089.599365234375,42727
2024-02-22,1093.5223521678556,1087.68701171875,31513
2024-02-23,1083.2736953052136,1078.3209228515625,88321
2024-02-26,1077.6344336375466,1075.2806396484375,77796
2024-02-27,1075.6238919252141,1077.438232421875,63499
2024-02-28,1075.0842481548273,1052.2821044921875,53464
2024-02-29,1052.2822756412875,1049.8795166015625,154514
2024-03-01,1053.3119247128698,1075.91796875,49243
2024-03-04,1074.8882337271082,1042.1806640625,51326
2024-03-05,1041.5431460190775,1013.4940795898438,162281
2024-03-06,1015.0634334313081,1017.2210083007812,104345
2024-03-07,1018.0055056600783,1017.9564208984375,192681
2024-03-11,1018.9862239034619,1041.6412353515625,147592
2024-03-12,1037.6202451902084,1040.2681884765625,66175
2024-03-13,1031.7358129195943,1008.0020141601562,114651
2024-03-14,1014.9653478882127,1013.3471069335938,201997
2024-03-15,1019.9670121717722,998.24365234375,246629
2024-03-18,998.3908786882885,1002.3628540039062,64174
2024-03-19,1003.0493472980711,1012.5134887695312,115030
2024-03-20,1010.1595632121395,996.2821044921875,67920
2024-03-21,998.3907607565908,1006.1386108398438,121847
2024-03-22,1006.2367152912508,1019.5257568359375,74105
2024-03-26,1018.0545015762547,1020.06494140625,56117
2024-03-27,1019.9669223640857,1041.788330078125,99211
2024-03-28,1043.2593169029547,1072.5343017578125,129494
2024-04-01,1072.5345428385542,1070.769287109375,394919
2024-04-02,1069.9846107355672,1066.895263671875,238383
2024-04-03,1069.0037970677013,1063.6097412109375,93381
2024-04-04,1067.9739995415055,1062.6290283203125,128407
2024-04-05,1061.9426821469076,1063.0704345703125,74224
2024-04-08,1069.0038757723946,1083.3717041015625,94503
2024-04-09,1088.6677056018134,1123.48388671875,645230
2024-04-10,1128.8290151824108,1104.65380859375,86801
2024-04-12,1110.440114165168,1103.574951171875,295527
2024-04-15,1102.0058376949305,1093.17919921875,58376
2024-04-16,1093.3262022017982,1078.9583740234375,315659
2024-04-18,1084.5977961412598,1086.75537109375,130648
2024-04-19,1092.1982915637664,1069.7393798828125,253996
2024-04-22,1075.3786990362876,1047.1824951171875,93825
2024-04-23,1058.2647346598699,1049.928466796875,32622
2024-04-24,1059.2455867727238,1030.80419921875,754670
2024-04-25,1035.1683319057154,1033.8443603515625,859725
2024-04-26,1035.7078039915,1081.9005126953125,157411
2024-04-29,1089.0108741805366,1082.2928466796875,56320
2024-04-30,1085.5292676702304,1095.4346923828125,304430
2024-05-02,1105.4382347246992,1111.6658935546875,69112
2024-05-03,1114.9024206803824,1113.7254638671875,117990
2024-05-06,1119.3157093521304,1128.09326171875,61874
2024-05-07,1128.093477128752,1104.6048583984375,124733
2024-05-08,1109.4101896255695,1127.5538330078125,29536
2024-05-09,1129.2213469609635,1120.639892578125,243402
2024-05-10,1126.1317736835394,1112.548583984375,104309
2024-05-13,1117.4032141279088,1112.891845703125,389963
2024-05-14,1113.136998332115,1121.4732666015625,238975
2024-05-15,1125.6904942795748,1187.3787841796875,315202
2024-05-16,1187.5752436713738,1162.4683837890625,64778
2024-05-17,1160.7028396965688,1181.347412109375,40204
2024-05-21,1170.01994439755,1156.4857177734375,38049
2024-05-22,1157.2702445472407,1160.016357421875,34414
2024-05-23,1152.51366290974,1133.3892822265625,46992
2024-05-24,1135.4978756718172,1137.4593505859375,79328
2024-05-27,1144.1282855883196,1129.46630859375,34399
2024-05-28,1135.6939734688601,1132.1142578125,166892
2024-05-29,1134.3211536722004,1128.5838623046875,86537
2024-05-30,1132.5067068774415,1134.762451171875,163121
2024-05-31,1140.45035392755,1168.4013671875,1378140
2024-06-03,1265.3139644259677,1205.7216796875,216472
2024-06-04,1205.57413414281,1181.5601806640625,443462
2024-06-05,1171.1771029703825,1203.015380859375,200498
2024-06-06,1205.8202762071562,1226.340576171875,311174
2024-06-07,1231.2121257873243,1234.1646728515625,66827
2024-06-10,1240.2666262625698,1235.14892578125,45446
2024-06-11,1241.6444696098158,1239.3316650390625,201320
2024-06-12,1241.5461117431003,1259.6058349609375,160001
2024-06-13,1265.7076712823696,1270.9730224609375,353985
2024-06-14,1278.699013049179,1268.660400390625,232512
2024-06-18,1278.4530181923142,1271.1700439453125,547408
2024-06-19,1276.0908549831854,1260.2947998046875,84811
2024-06-20,1262.6075181309534,1279.43701171875,321484
2024-06-21,1284.8500718382802,1272.49853515625,205661
2024-06-24,1279.240332351977,1308.81494140625,267426
2024-06-25,1318.804353860579,1328.6954345703125,161706
2024-06-26,1332.5829563702437,1319.591796875,220821
2024-06-27,1321.2156313317696,1312.0135498046875,207009
2024-06-28,1318.410624800992,1331.64794921875,161008
2024-07-01,1301.43356733174,1335.7322998046875,118268
2024-07-02,1342.720092401481,1370.6707763671875,327568
2024-07-03,1373.8693168192392,1400.8359375,168862
2024-07-04,1402.4599586188492,1383.85888671875,73790
2024-07-05,1391.1417830313765,1385.3350830078125,100410
2024-07-08,1387.0572965474946,1385.039794921875,108706
2024-07-09,1384.7444899827206,1368.7022705078125,90323
2024-07-10,1373.672608703994,1371.310546875,64142
2024-07-11,1374.7059695393198,1368.1611328125,102993
2024-07-12,1369.9819053241804,1375.1981201171875,33146
2024-07-15,1382.087344137744,1359.8447265625,39668
2024-07-16,1364.864152738873,1359.8447265625,49721
2024-07-18,1359.1558160016377,1379.134765625,780881
2024-07-19,1377.8553333673563,1355.957275390625,582583
2024-07-22,1355.9571957637827,1372.6390380859375,87587
2024-07-23,1372.6392138391036,1372.786865234375,98908
2024-07-24,1378.7901825024533,1381.890380859375,52408
2024-07-25,1380.1189718771168,1391.4862060546875,43731
2024-07-26,1388.6813047587302,1397.4405517578125,47688
2024-07-29,1405.412371492206,1403.8868408203125,87691
2024-07-30,1410.9238798654799,1402.9520263671875,72024
2024-07-31,1406.3964874859316,1379.4791259765625,108186
2024-08-01,1401.4756237798751,1376.2313232421875,212396
2024-08-02,1376.0345322779194,1373.9677734375,56833
2024-08-05,1363.0925579242137,1347.3948974609375,101297
2024-08-06,1340.456361427961,1333.41943359375,29867
2024-08-07,1340.4563730916725,1354.1856689453125,15612
2024-08-08,1357.4827767608247,1337.8482666015625,61009
2024-08-09,1342.7200693731959,1331.5003662109375,102092
2024-08-12,1331.5494089331016,1309.9466552734375,27564
2024-08-13,1348.2314370377917,1326.2349853515625,73603
2024-08-14,1328.54780910179,1342.1787109375,52684
2024-08-16,1340.1120111579032,1318.90283203125,76095
2024-08-19,1323.7253169133921,1334.698974609375,42589
2024-08-20,1335.5353950607312,1341.48974609375,65865
2024-08-21,1334.1575589843637,1326.6285400390625,60571
2024-08-22,1308.962547966106,1320.1822509765625,50737
2024-08-23,1323.4300311208312,1321.5601806640625,52806
2024-08-26,1323.725330002108,1350.7410888671875,125164
2024-08-27,1357.876334474663,1348.7235107421875,37689
2024-08-28,1352.0697874388586,1339.9150390625,71597
2024-08-29,1343.2121710414433,1321.9537353515625,36968
2024-08-30,1325.595218468684,1331.3526611328125,81962
2024-09-02,1338.4879328374468,1320.625,33470
2024-09-03,1320.6744886696683,1322.0523681640625,45310
2024-09-04,1323.725223019622,1322.4949951171875,68206
2024-09-05,1326.9731829700886,1355.3668212890625,80262
2024-09-06,1355.2190852316514,1362.7972412109375,101593
2024-09-09,1369.9817868385878,1368.11181640625,51202
2024-09-10,1360.6321990026706,1354.874755859375,57317
2024-09-11,1357.1873991358748,1354.431640625,30648
2024-09-12,1354.431749213508,1352.364990234375,81501
2024-09-13,1357.6794524869397,1382.0379638671875,62480
2024-09-16,1382.0381129056368,1358.220947265625,40751
2024-09-17,1358.2701946009586,1354.9239501953125,44083
2024-09-18,1356.2523964205168,1354.776123046875,40418
2024-09-19,1355.9573099936538,1391.4371337890625,115592
2024-09-20,1397.538959487078,1399.50732421875,76211
2024-09-23,1399.6058029809428,1364.1260986328125,64662
2024-09-24,1362.1082514775683,1378.937744140625,83471
2024-09-25,1386.2207945071498,1377.4615478515625,32311
2024-09-26,1377.4616017454894,1384.596923828125,55318
2024-09-27,1386.3192416791994,1374.1153564453125,150921
2024-09-30,1344.393112501292,1350.4949951171875,89091
2024-10-01,1352.2665089449874,1379.7252197265625,51809
2024-10-03,1367.2260124006502,1364.9132080078125,119898
2024-10-04,1365.4053802073465,1396.013427734375,70857
2024-10-07,1396.013285488057,1396.406982421875,109660
2024-10-08,1397.4896860882816,1419.6337890625,113148
2024-10-09,1430.0170760284673,1417.46875,111523
2024-10-10,1417.222604883234,1425.1944580078125,61272
2024-10-11,1412.3017354283327,1411.5635986328125,19262
2024-10-14,1411.5635504022105,1398.473876953125,31359
2024-10-15,1407.3808377504238,1417.124267578125,98627
2024-10-16,1417.1241238660518,1456.0484619140625,147729
2024-10-17,1463.3807380200083,1395.6689453125,80182
2024-10-18,1388.6320235241665,1373.377197265625,28725
2024-10-21,1364.0768100126122,1371.7042236328125,24775
2024-10-22,1368.0133991651971,1360.385986328125,30342
2024-10-23,1360.386006040516,1353.004638671875,40812
2024-10-24,1360.1401226412195,1372.0487060546875,35489
2024-10-25,1372.0484815792154,1345.9676513671875,42926
2024-10-28,1343.5073844943188,1286.4248046875,90755
2024-10-29,1282.4880820196238,1308.4212646484375,27799
2024-10-30,1299.6127632703972,1310.684814453125,18332
2024-10-31,1315.8517556716959,1323.8236083984375,40416
2024-11-01,1323.72531508869,1320.7235107421875,10242
2024-11-04,1320.7235811493717,1339.177001953125,83720
2024-11-05,1333.5670186110674,1328.8428955078125,114175
2024-11-06,1333.271789822189,1321.6092529296875,70143
2024-11-07,1325.6935794532435,1298.136474609375,94293
2024-11-08,1306.0100841877845,1274.3194580078125,42293
2024-11-11,1278.6991153188005,1229.489990234375,57935
2024-11-12,1233.1803366137967,1206.705810546875,37153
2024-11-13,1205.8202623598868,1179.9854736328125,45488
2024-11-14,1191.1067129738526,1169.6514892578125,35311
2024-11-18,1172.6115133401952,1148.6846923828125,42320
2024-11-19,1154.7034645110864,1163.9288330078125,62473
2024-11-21,1170.0955169500562,1146.81005859375,25682
2024-11-22,1147.2048091282354,1136.104736328125,61390
2024-11-25,1160.0809038021866,1117.35791015625,131750
2024-11-26,1121.8471732888768,1131.9605712890625,32318
2024-11-27,1132.0099517797335,1134.969970703125,18136
2024-11-28,1138.1272572009777,1147.10595703125,40834
2024-11-29,1143.0112555396638,1136.7952880859375,44973
2024-12-02,1137.6340593923792,1132.60205078125,25693
2024-12-03,1132.6020532156556,1124.21533203125,98698
2024-12-04,1125.300571215021,1118.98583984375,60384
2024-12-05,1124.9059759649633,1113.2633056640625,62847
2024-12-06,1119.0844866649077,1117.1605224609375,37236
2024-12-09,1123.0311897739496,1165.4581298828125,1005356
2024-12-10,1176.755621406884,1135.46337890625,204776
2024-12-11,1135.6606735169894,1159.883544921875,990560
2024-12-12,1164.2248541621134,1137.3380126953125,113242
2024-12-13,1137.3380561144631,1133.93408203125,67458
2024-12-16,1134.7233260469836,1128.75390625,49959
2024-12-17,1128.7539892697034,1114.2005615234375,70764
2024-12-18,1120.8604819393458,1095.0589599609375,202225
2024-12-19,1085.3402533334188,1107.6390380859375,94012
2024-12-20,1109.4152401615622,1073.99365234375,60352
2024-12-23,1082.380267923523,1055.296142578125,60688
2024-12-24,1053.7667772034968,1056.825439453125,48251
2024-12-26,1056.8748949458056,1047.7481689453125,78774
2024-12-27,1050.5106711053413,1059.588134765625,83884
2024-12-30,1059.588159269617,1049.1787109375,446525
2024-12-31,1052.3853886004858,1045.083984375,40573
2025-01-01,1047.3040475652429,1031.468017578125,83788
2025-01-02,1031.8134390295074,1047.6988525390625,94640
2025-01-03,1049.8201017117754,1057.26953125,92982
2025-01-06,1058.0095580342497,1033.7373046875,56583
2025-01-07,1033.737323641265,1043.1107177734375,22339
2025-01-08,1040.5948434836596,1034.6748046875,28432
2025-01-09,1034.6746292084265,1057.3187255859375,59843
2025-01-10,1062.301449823054,1041.3839111328125,36989
2025-01-13,1039.1147456225651,985.341064453125,60485
2025-01-14,986.1796114941887,1015.6317749023438,29825
2025-01-15,1002.6078777940154,1028.606689453125,44140
2025-01-16,1031.0733099724264,1048.340087890625,46143
2025-01-17,1042.4694274691296,1048.9814453125,33804
2025-01-20,1045.873414187506,1057.8121337890625,151658
2025-01-21,1058.1574567259963,1053.5201416015625,49771
2025-01-22,1055.7401559481825,1053.5201416015625,63876
2025-01-23,1053.5201487474856,1066.0015869140625,141522
2025-01-24,1065.606884365245,1029.6427001953125,71808
2025-01-27,1026.5346775324533,994.1717529296875,99853
2025-01-28,1008.774559132937,963.1409301757812,135126
2025-01-29,958.0594594879193,983.6636352539062,640476
2025-01-30,988.6463950785125,985.341064453125,932361
2025-01-31,988.6462644869364,1030.2838134765625,52354
2025-02-01,1022.5385876606175,1035.562744140625,69271
2025-02-03,1034.230645810648,1005.6171875,40084
2025-02-04,1013.3132043549396,1010.599853515625,240826
2025-02-05,1011.8331759920171,1007.19580078125,93744
2025-02-06,1016.3719527802734,1031.86279296875,65714
2025-02-07,1028.803958547597,1036.5494384765625,46854
2025-02-10,1036.549383458939,997.0330810546875,79755
2025-02-11,992.6917309731886,986.5250244140625,140195
2025-02-12,982.6277116170578,968.02490234375,149934
2025-02-13,968.863606418533,968.666259765625,76544
2025-02-14,962.9928941107617,973.4022827148438,64702
2025-02-17,973.4022415854587,962.4501953125,57773
2025-02-18,963.930181419297,944.7393798828125,65799
2025-02-19,937.3393810895287,963.3875732421875,89672
2025-02-20,962.0062131010638,970.4915771484375,27408
2025-02-21,970.4915745420559,956.77685546875,751366
2025-02-24,952.1395022960905,948.1928100585938,39047
2025-02-25,948.1927700300367,959.3421630859375,76598
2025-02-27,952.1394195556641,947.2060546875,221731
2025-02-28,940.3980537516137,921.4539794921875,98510
2025-03-03,908.8245413463065,916.4219360351562,86513
2025-03-04,907.9858832919224,905.1738891601562,165580
2025-03-05,910.699242681891,909.2685546875,38884
2025-03-06,915.6325391846227,937.43798828125,103758
2025-03-07,951.152824473006,937.4874267578125,96846
2025-03-10,943.6047049666078,937.33935546875,1415367
2025-03-11,933.3927049850785,922.588623046875,30888
2025-03-12,928.459270016631,919.6778564453125,34424
2025-03-13,923.3285513941702,907.7884521484375,542664
2025-03-17,907.7885078320077,891.7057495117188,142454
2025-03-18,891.7057495117188,891.7057495117188,0
2025-03-19,912.6725302561495,911.6365356445312,123906
2025-03-20,920.3193199043185,924.6607055664062,65773
2025-03-21,933.0967421017336,924.1179809570312,102899
2025-03-24,941.2860941659957,938.0794067382812,192815
2025-03-25,947.0580463957768,933.2940063476562,112428
2025-03-26,933.3926892945669,932.307373046875,107068
2025-03-27,924.5126196794181,894.1724243164062,836441
2025-03-28,902.7565292506947,900.9805297851562,116492
2025-04-01,906.8511458334259,891.8043823242188,59316
2025-04-02,892.9390692588097,900.8817749023438,90784
2025-04-03,900.8818076479931,897.5764770507812,53671
2025-04-04,896.8364881085997,871.1336669921875,62844
2025-04-07,851.548123556162,838.7213745117188,221810
2025-04-08,851.0548112831076,837.2907104492188,88007
2025-04-09,837.636040720375,880.753662109375,1023827
2025-04-11,897.8725021399636,875.1296997070312,253930
2025-04-15,884.0590658783161,905.12451171875,1242422
2025-04-16,905.27250903121,912.5739135742188,80487
2025-04-17,909.7124827438386,904.1377563476562,32773
2025-04-21,901.8191888905537,902.6578369140625,69015
2025-04-22,907.7391766698269,903.151123046875,1120886
2025-04-23,911.5872116416658,924.80859375,156526
2025-04-24,915.731251769137,925.99267578125,61859
2025-04-25,925.9927023367549,916.17529296875,61294
2025-04-28,915.6325918318848,908.2325439453125,63468
2025-04-29,902.8058660165757,912.1792602539062,98403
2025-04-30,919.6779030000118,904.8778076171875,184266
2025-05-02,891.0150852417786,895.7017822265625,90933
2025-05-05,909.7125682217284,912.8699340820312,50800
2025-05-06,918.8885898363627,907.147216796875,70669
2025-05-07,901.9433700133458,951.751220703125,319223
2025-05-08,954.1300555932751,945.7544555664062,68993
2025-05-09,907.0481049409258,939.9559936523438,52122
2025-05-12,951.5530168663973,941.9383544921875,98301
2025-05-13,941.9383810222274,947.0430908203125,45096
2025-05-14,955.6169175578791,975.0444946289062,232459
2025-05-15,981.0908139294627,969.3946533203125,58733
2025-05-16,974.3506321413931,972.8638305664062,52659
2025-05-19,974.3506524248395,972.4673461914062,214865
2025-05-20,972.4673915510398,974.5489501953125,57945
2025-05-21,976.3330566127506,983.66796875,45617
2025-05-22,985.2538488962488,989.3177490234375,59301
2025-05-23,990.2098512237176,991.4488525390625,37494
2025-05-26,991.2010317448046,1001.608642578125,60838
2025-05-27,1003.0954330488187,995.6118774414062,41124
2025-05-28,1000.1218444563548,1015.4358520507812,86785
2025-05-29,1010.2321484142777,1006.069091796875,48818
2025-05-30,1006.0690832347099,1017.4678955078125,111950
2025-06-02,1017.467862251171,1009.2409057617188,219939
2025-06-03,1013.998703655565,996.5535888671875,59415
2025-06-04,999.1306699513191,986.2450561523438,64890
2025-06-05,1006.0690540626899,994.9675903320312,652195
2025-06-06,994.1746727492281,993.1834716796875,75499
2025-06-09,1011.02503869703,995.3640747070312,60341
2025-06-10,996.1571068063254,989.0204467773438,51372
2025-06-11,989.2186653391984,1000.3201293945312,96221
2025-06-12,992.6878651072363,979.1083984375,64776
2025-06-13,954.5265759736619,972.962890625,39247
2025-06-16,972.8638310367799,970.4849243164062,36920
2025-06-17,977.3242930766511,982.37939453125,151633
2025-06-18,977.0269505728098,981.6856079101562,35392
2025-06-19,971.8726275049767,962.8527221679688,34102
2025-06-20,965.4298226429286,955.716064453125,61631
2025-06-23,955.51781780799,952.643310546875,52172
2025-06-24,956.5089917795442,959.6808471679688,28382
2025-06-25,959.6808820380688,977.9189453125,206308
2025-06-26,985.2538783328055,992.2913818359375,55489
2025-06-27,991.6966505643766,990.0115966796875,1671871
2025-06-30,1006.0691241107809,1029.06494140625,637716
2025-07-01,1035.7060448416282,1034.71484375,71323
2025-07-02,1037.688451959605,1035.21044921875,54875
2025-07-03,1039.7699815083893,1045.8162841796875,134687
2025-07-04,1055.5300583077626,1060.882568359375,101846
2025-07-07,1068.019055060612,1037.5892333984375,75897
2025-07-08,1036.0032484689502,1023.91064453125,76716
2025-07-09,1021.9282697202473,1015.6836547851562,54402
2025-07-10,1000.4191979131672,1024.50537109375,237264
2025-07-11,1006.0690218104256,1021.0361328125,244786
2025-07-14,1021.036080855085,1025.5955810546875,297988
2025-07-15,1036.399690396922,1027.4788818359375,57667
2025-07-16,1032.6333074441623,1007.6549682617188,81540
2025-07-17,1007.7540192055123,1027.4788818359375,76372
2025-07-18,1032.8314785127443,1008.0514526367188,83040
2025-07-21,1008.0514743899364,1002.897216796875,28463
2025-07-22,1002.1042794727143,999.1306762695312,22492
2025-07-23,1005.0778394442993,1008.2496948242188,99892
2025-07-24,1012.5118773555969,1025.9921875,86153
2025-07-25,1017.6660681672291,994.7693481445312,51073
2025-07-28,995.8597301100612,982.478515625,38598
2025-07-29,974.3506556799744,996.0579833984375,43177
2025-07-30,997.8421686111867,995.9588623046875,36560
2025-07-31,986.2450796989015,976.3330688476562,46636
2025-08-01,991.2010820532065,969.8902587890625,179530
2025-08-04,981.2890530664365,961.9606323242188,49209
2025-08-05,961.9606272384303,945.5067138671875,36673
2025-08-06,941.6410049854086,955.27001953125,47521
2025-08-07,957.5001776271284,938.6673583984375,50716
2025-08-08,933.7113986184123,930.985595703125,20108
2025-08-11,927.2190550752089,918.6451416015625,36145
2025-08-12,915.1263675794034,934.7521362304688,27717
2025-08-13,934.7521498600532,932.4228515625,48564
2025-08-14,934.3060692508334,941.8392333984375,26614
2025-08-18,950.8591604577845,970.9805297851562,37432
2025-08-19,977.2251435601752,1001.4599609375,75555
2025-08-20,1004.8795849609725,986.0963134765625,37306
2025-08-21,986.2450216717026,981.5863647460938,32049
2025-08-22,985.1051526971704,988.8717651367188,48908
2025-08-25,983.4696676876557,973.9541015625,228952
2025-08-26,978.2659019217632,961.9606323242188,109998
2025-08-28,961.4650465600201,1011.3224487304688,783550
2025-08-29,1004.1362485204111,1010.8764038085938,130815
2025-09-01,1013.0074625618192,1009.7365112304688,45915
2025-09-02,1009.8356261613568,1015.2872924804688,130216
2025-09-03,1021.8292183805241,1005.375244140625,28577
2025-09-04,1009.0426385821305,1007.7540893554688,438121
2025-09-05,1007.7541358370253,1005.077880859375,46452
2025-09-08,1005.0778528315066,1014.4942626953125,26646
2025-09-09,1021.4327220663187,1011.1242065429688,68426
2025-09-10,1012.9083981901322,1006.762939453125,54995
2025-09-11,1004.384044141507,1002.9963989257812,54515
2025-09-12,1008.2497232259117,1014.7916259765625,54296
2025-09-15,1020.8380234121305,1003.4920043945312,318609
2025-09-16,1009.9347936318386,1044.6268310546875,402503
2025-09-17,1046.5101006207994,1045.915283203125,138951
2025-09-18,1052.6555069655053,1034.5164794921875,62767
2025-09-19,1034.5165474974906,1029.06494140625,169755
2025-09-22,1029.0648621555588,1021.13525390625,50758
2025-09-23,1026.4877383494038,1021.0361328125,65521
2025-09-24,1021.0362121785334,1011.8180541992188,98676
2025-09-25,1003.0954389560623,1002.302490234375,95475
2025-09-26,999.4280297734992,982.478515625,82780
2025-09-29,991.6966560447049,970.9805297851562,102158
2025-09-30,968.0069415967375,989.6151733398438,37981
2025-10-01,994.6702709564602,1001.5095825195312,44280
2025-10-03,1001.5095256029538,1016.5262451171875,35771
2025-10-06,1017.021904858959,1004.13623046875,32803
2025-10-07,999.1306616816937,996.4544067382812,161169
2025-10-08,996.4543691448242,995.1162719726562,34090
2025-10-09,994.769374859191,983.915771484375,34766
2025-10-10,986.2450293455365,992.0931396484375,19465
2025-10-13,992.0931715790064,986.7406616210938,32185
2025-10-14,986.7406297617703,973.7559204101562,42720
2025-10-15,969.9893122330436,957.1036987304688,90564
2025-10-16,955.5178415305976,983.221923828125,80286
2025-10-17,969.0477574658606,976.7791137695312,56896
2025-10-20,976.7790580842799,966.3218994140625,102033
2025-10-21,966.3219153257604,972.8142700195312,11098
2025-10-23,996.7517709716515,969.8406982421875,68267
2025-10-24,966.4210178071058,967.3626708984375,25248
2025-10-27,975.3418115183881,958.4913940429688,48151
2025-10-28,963.1996493063119,968.4530029296875,287108
2025-10-29,975.3418138240263,959.9286499023438,89003
2025-10-30,964.3890718486787,951.89990234375,40776
2025-10-31,956.9055428984132,941.0463256835938,79540
2025-11-03,946.0023543560679,947.0926513671875,449496
2025-11-04,959.5811811542111,959.979248046875,63518
2025-11-06,959.9792544995113,932.166015625,420347
2025-11-07,938.1864343673666,935.5494384765625,247954
2025-11-10,935.5494107722891,944.3560791015625,33901
2025-11-11,944.3560630378155,948.5355224609375,542736
2025-11-12,952.3169323681152,955.8495483398438,60084
2025-11-13,955.8495577678451,951.0233154296875,27833
2025-11-14,952.3169123070943,948.2867431640625,23923
2025-11-17,945.3511894200815,956.0983276367188,42871
2025-11-18,961.1236146911506,979.93115234375,1706352
2025-11-19,973.612230588528,955.3519897460938,97788
2025-11-20,958.0885192171171,959.7802124023438,76011
2025-11-21,955.2027935026299,947.0429077148438,57681
2025-11-24,943.9579957210319,982.5681762695312,186061
2025-11-25,982.1701121994279,960.1284790039062,64982
2025-11-26,967.7908404602694,957.1431884765625,59602
2025-11-27,958.2378264801011,949.9784545898438,127821
2025-11-28,954.0086561684567,930.1758422851562,88320
2025-12-01,930.225590372207,953.4613647460938,121956
2025-12-02,958.1881006042387,945.8984985351562,52752
2025-12-03,949.7297074577989,929.9270629882812,51466
2025-12-04,925.4490578047454,933.2108764648438,38798
2025-12-05,930.723098983186,937.838134765625,143689
2025-12-08,937.8381685720586,918.184814453125,43227
2025-12-09,912.114625662478,935.0518798828125,91678
2025-12-10,928.0363109172495,933.2606201171875,54573
2025-12-11,932.7630449984296,936.8927612304688,28487
2025-12-12,929.429465695581,931.5191650390625,235916
2025-12-15,935.4001200314106,944.3063354492188,35232
2025-12-16,944.306361199547,935.3006591796875,41337
2025-12-17,930.5240912562012,934.5543212890625,13073
2025-12-18,930.0265313382524,922.563232421875,28971
2025-12-19,931.1709410435788,935.1513671875,43780
2025-12-22,935.151377355899,936.0967407226562,19804
2025-12-23,935.4498601931404,938.335693359375,29096
2025-12-24,938.3357095507585,934.15625,23764
2025-12-26,928.5338650858992,927.6383056640625,27238
2025-12-29,931.3699618764674,928.2850952148438,51711
2025-12-30,928.2851049390633,917.7867431640625,38597
2025-12-31,918.4833394565484,930.0763549804688,31354
2026-01-01,937.6391407515887,941.5200805664062,18823
2026-01-02,937.3903176258426,937.1912841796875,59798
2026-01-05,938.3854554067658,934.405029296875,110899
2026-01-06,935.400136298093,934.4547729492188,45056
2026-01-07,938.3854175436545,947.9384155273438,49738
2026-01-08,947.9384370465427,932.8626098632812,31766
2026-01-09,927.4889954329117,925.7973022460938,37564
2026-01-12,918.582817488708,917.8862915039062,43086
2026-01-13,917.8862926633313,923.7076416015625,47702
2026-01-14,921.5681087879728,932.3153076171875,32496
2026-01-16,920.7223133478059,928.5836791992188,27928
2026-01-19,918.781825543955,921.2198486328125,34849
2026-01-20,925.3993045456419,915.199462890625,96193
2026-01-21,905.6463974316407,925.9465942382812,73645
2026-01-22,934.8528301104058,927.8373413085938,35481
2026-01-23,927.8373519079836,906.0444946289062,29289
2026-01-27,902.6113312739635,902.9098510742188,40303
2026-01-28,902.9098803984145,905.6464233398438,27540
2026-01-29,910.1742248370462,890.2222900390625,43346
2026-01-30,882.1619001253383,947.8389282226562,121053
2026-02-02,921.9662055857609,935.1513671875,62102
2026-02-03,984.9066932668155,975.00537109375,130901
2026-02-04,975.0053630307389,945.749267578125,495155
2026-02-05,937.3903162480004,920.0256958007812,53660
2026-02-06,907.5371249987703,926.0460815429688,37160
2026-02-09,926.0461052495178,922.563232421875,59264
2026-02-10,925.4490882266062,924.6530151367188,34840
2026-02-11,924.70274923184,940.9229736328125,48836
2026-02-12,935.4001482008733,935.5494384765625,20421
2026-02-13,935.4996059024171,921.5183715820312,34128
2026-02-16,921.5183740360278,910.3731689453125,41278
2026-02-17,910.3234070256522,919.9759521484375,44842
2026-02-18,923.4588258250935,920.075439453125,15941
2026-02-19,925.4490882471988,907.5371704101562,14459
2026-02-20,910.2736806924182,910.1741943359375,18055
2026-02-23,912.2639111801801,923.2100830078125,59477
2026-02-24,920.075484046834,918.5330810546875,25442
2026-02-25,922.4140082142029,905.9450073242188,39516
2026-02-26,906.3927474195594,905.09912109375,33848
2026-02-27,905.049355011887,868.8772583007812,122179
2026-03-02,853.3535857956614,842.8054809570312,71612
2026-03-04,826.933524035029,831.8095703125,3229929
2026-03-05,842.8054838940554,848.776123046875,125494
2026-03-06,840.6659930989641,844.2484130859375,43812
2026-03-09,834.6953281543302,830.4661254882812,97260
2026-03-10,838.7255341206511,839.5714111328125,54864
2026-03-11,840.8650212774776,832.3568725585938,23305
2026-03-12,829.0232236593655,826.137451171875,66965
2026-03-13,814.146406010278,818.226318359375,116846
2026-03-16,821.5101918320822,804.2948608398438,69700
2026-03-17,802.3046369763167,820.3658447265625,177499
2026-03-18,828.9237150857834,807.0313720703125,49923
2026-03-19,797.0803507610169,811.1611328125,99080
2026-03-20,815.9873521342635,809.0216064453125,1429028
2026-03-23,808.9718750904793,793.0004272460938,85263
2026-03-24,806.5338343746967,791.408203125,105543
2026-03-25,800.5631736020123,795.090087890625,57279
2026-03-27,795.0403851712069,758.9180297851562,1027374
2026-03-30,751.9024569978322,745.384521484375,154853
2026-04-01,752.0019842580649,749.2156982421875,68139
2026-04-02,749.2157272911348,746.2304077148438,74349
2026-04-06,746.1805950897747,762.5003662109375,99649
2026-04-07,761.3062365817311,746.379638671875,77517
2026-04-08,766.2320426395786,776.431884765625,85463
2026-04-09,776.4318910245137,777.0289306640625,58817
2026-04-10,782.7507823807025,798.82177734375,56759
2026-04-13,793.1496570810414,787.3283081054688,40435
2026-04-15,798.6227317706957,803.3992309570312,37491
2026-04-16,806.0362943522192,809.7182006835938,39366
2026-04-17,806.0362736878473,824.8438110351562,69426
2026-04-20,828.4261706553104,824.8935546875,43046
2026-04-21,836.8845822089663,831.1627197265625,31322
2026-04-22,823.6994278218956,831.8095703125,26701
2026-04-23,838.8747963704566,819.8682861328125,107045
2026-04-24,825.9384173501124,797.6276245117188,37276
2026-04-27,804.9416925406978,814.5941772460938,44517
2026-04-28,818.1766182937808,805.1406860351562,89083
2026-04-29,806.0362542052891,834.3470458984375,75901
2026-04-30,820.9628728530674,842.0591430664062,105897
2026-05-01,842.0591430664062,842.0591430664062,0
2026-05-04,898.0836329205758,876.6888427734375,360641
2026-05-05,876.6888360115252,853.3038330078125,271984
2026-05-06,862.7573232680597,862.6578369140625,55824
2026-05-07,874.6986183074266,864.25,68539
2026-05-08,869.2999877929688,845.4500122070312,58489
2026-05-11,845.9500122070312,833.25,43396
2026-05-12,835.0,826.4500122070312,71691
2026-05-13,830.3499755859375,848.9000244140625,84365
2026-05-14,848.8499755859375,850.7999877929688,28720
2026-05-15,852.9500122070312,851.5,55675
2026-05-18,842.0999755859375,832.7000122070312,48739
2026-05-19,830.0,851.0499877929688,75644
2026-05-20,853.0499877929688,834.5499877929688,48835
2026-05-21,836.25,834.0999755859375,65118
2026-05-22,838.0999755859375,852.0499877929688,148303
2026-05-25,852.0499877929688,857.9500122070312,54606
2026-05-26,862.0,868.2000122070312,68742
2026-05-27,868.2000122070312,870.0499877929688,37880
2026-05-28,870.0499877929688,870.0499877929688,0
2026-05-29,878.9000244140625,860.4500122070312,106361
2026-06-01,850.4500122070312,839.0499877929688,59753
2026-06-02,835.0,835.25,51041
2026-06-03,834.0,834.0499877929688,34361
2026-06-04,831.2000122070312,826.9000244140625,98790
2026-06-05,836.9000244140625,840.1500244140625,48805
2026-06-08,842.0999755859375,818.5999755859375,60720
2026-06-09,816.5999755859375,825.6500244140625,35637
2026-06-10,825.0999755859375,830.4000244140625,33982
2026-06-11,822.9000244140625,835.8499755859375,28635
2026-06-12,840.2000122070312,840.7999877929688,92956
2026-06-15,862.9000244140625,851.4500122070312,31132
2026-06-16,852.9000244140625,856.2000122070312,36065
2026-06-17,850.5499877929688,857.9000244140625,396697
2026-06-18,862.9000244140625,867.2000122070312,190596
2026-06-19,869.0,878.5499877929688,102577
2026-06-22,870.0,890.1500244140625,69108
2026-06-23,892.0,883.25,109033
2026-06-24,883.25,901.6500244140625,90332
2026-06-25,910.0,929.0,248684
2026-06-26,929.0,929.0,0
2026-06-29,933.5499877929688,928.7999877929688,534755
2026-06-30,938.9000244140625,934.1500244140625,271048
2026-07-01,926.0999755859375,937.3499755859375,101344
2026-07-02,944.0,946.5499877929688,96109
2026-07-03,947.0,932.1500244140625,61843
2026-07-06,932.0,937.0999755859375,36346
2026-07-07,948.0,930.0999755859375,78471
2026-07-08,930.0,933.9500122070312,169038
2026-07-09,935.0,936.3499755859375,169799
2026-07-10,936.0,940.7999877929688,46361
2026-07-13,938.4000244140625,960.9500122070312,89910
2026-07-14,960.9500122070312,959.75,52269
2026-07-15,960.25,960.0,38645
2026-07-16,957.2000122070312,970.3499755859375,86454
2026-07-17,969.2000122070312,965.3499755859375,59356
2026-07-20,965.0,955.6500244140625,24312
2026-07-21,956.0,964.9500122070312,32082
2026-07-22,956.0,952.25,37161
2026-07-23,952.25,946.4500122070312,1004828
2026-07-24,939.0,940.5999755859375,158031
2026-07-27,941.3499755859375,958.2999877929688,42536
2026-07-28,963.0,953.75,44006
2026-07-29,957.6500244140625,960.9500122070312,58963
2026-07-30,968.1500244140625,966.1500244140625,63391
2026-07-31,975.0,977.4500122070312,53330
2026-08-03,980.0,993.25,151032
2026-08-04,993.25,992.8499755859375,27544
2026-08-05,1039.0,1030.449951171875,540321
2026-08-06,1037.050048828125,1085.25,699524
2026-08-07,1091.0,1090.550048828125,393173
2026-08-10,1092.0,1121.300048828125,208138
2026-08-11,1200.0,1210.050048828125,1057516
2026-08-12,1210.0,1210.0,190308
2026-08-13,1219.0,1229.0,164015
2026-08-14,1229.0,1217.5999755859375,139223
2026-08-17,1225.0,1214.75,165656
2026-08-18,1210.0,1228.300048828125,334446
2026-08-19,1235.0,1242.199951171875,224417
2026-08-20,1249.9000244140625,1228.4000244140625,95563
2026-08-21,1240.300048828125,1228.0,138184
2026-08-24,1234.0,1219.25,134695
2026-08-25,1222.0,1207.0,180364
2026-08-26,1221.949951171875,1237.949951171875,193660
2026-08-27,1244.4000244140625,1216.199951171875,85029
2026-08-28,1225.0,1200.0,55523
2026-08-31,1200.0,1203.9000244140625,194540
2026-09-01,1209.0,1204.699951171875,94310
2026-09-02,1204.699951171875,1200.699951171875,77604
2026-09-03,1201.0,1199.0999755859375,80543
2026-09-04,1200.0,1212.300048828125,44457
2026-09-07,1219.0,1200.5,61152
2026-09-08,1200.4000244140625,1255.0,289846
2026-09-09,1260.0,1219.4000244140625,99959
2026-09-10,1226.0,1256.0999755859375,2102293
2026-09-11,1257.300048828125,1270.0,158860
2026-09-15,1277.300048828125,1237.300048828125,130043
2026-09-16,1226.0,1219.9000244140625,533381
2026-09-17,1207.699951171875,1226.699951171875,81682
2026-09-18,1229.0,1228.199951171875,237526
2026-09-21,1228.199951171875,1207.4000244140625,88454
2026-09-22,1205.5999755859375,1190.9000244140625,190120
