Date,Open,Close,Volume
2018-01-01,377.786157685487,376.4258117675781,547771
2018-01-02,376.98104091302264,372.4280700683594,548305
2018-01-03,373.4274950957952,371.2620544433594,692623
2018-01-04,373.59403163079537,374.6212158203125,469534
2018-01-05,376.39802484988394,373.233154296875,720707
2018-01-08,375.3153429544871,376.4813537597656,628494
2018-01-09,377.0087904133907,377.9249572753906,1054089
2018-01-10,379.1187278040774,373.9272155761719,678183
2018-01-11,374.20488351809036,374.8156433105469,524239
2018-01-12,376.4535890581594,375.98162841796875,1240234
2018-01-15,376.09266421605133,373.84393310546875,618808
2018-01-16,373.816128000413,361.9339599609375,916432
2018-01-17,358.2971643624997,358.4637451171875,1227518
2018-01-18,360.82354476402537,352.0784912109375,758966
2018-01-19,350.91242150780613,351.9396057128906,602076
2018-01-22,354.2439198654304,357.8529968261719,1121026
2018-01-23,363.12775164190936,355.021240234375,687054
2018-01-24,354.8546293923413,351.88409423828125,572678
2018-01-25,352.4671694007337,343.8331604003906,514635
2018-01-29,344.2217706618347,336.2540588378906,1281182
2018-01-30,337.25352122687923,338.6694030761719,1026639
2018-01-31,340.0852891473916,341.667724609375,969913
2018-02-01,343.3612085165443,345.9708557128906,885006
2018-02-02,344.2495547137605,342.5283203125,2517395
2018-02-05,336.1985814359561,343.8331604003906,972566
2018-02-06,332.5894772664317,335.1990966796875,1217525
2018-02-07,339.4189560480438,333.97760009765625,943807
2018-02-08,334.8104370894514,343.6665344238281,1169942
2018-02-09,337.00366487295264,354.2994079589844,1176313
2018-02-12,358.13057175533186,360.90679931640625,668207
2018-02-14,365.18214030135704,364.5713806152344,945450
2018-02-15,363.12778516981115,358.93572998046875,465503
2018-02-16,359.1300443881779,355.38214111328125,682375
2018-02-19,354.35497675049487,352.0784912109375,475679
2018-02-20,352.0229015921247,349.968505859375,467732
2018-02-21,351.10681800241997,347.30340576171875,357919
2018-02-22,345.9430892720034,343.0558166503906,991884
2018-02-23,344.1940391243442,354.8824157714844,495751
2018-02-26,357.02008726681623,352.6336975097656,555055
2018-02-27,352.6337288175759,360.2682800292969,593661
2018-02-28,358.1306008344631,356.6592102050781,637598
2018-03-01,354.5215445954295,354.32720947265625,437534
2018-03-05,353.30003457580887,349.0246887207031,301046
2018-03-06,350.4960362052397,346.6371154785156,683477
2018-03-07,346.470562129529,340.501708984375,779475
2018-03-08,344.94359601334736,342.4172668457031,706592
2018-03-09,342.6949797854817,344.2496337890625,834740
2018-03-12,346.02632577637775,347.3589172363281,308655
2018-03-13,347.3588928449454,352.0506896972656,367102
2018-03-14,350.1628702280741,354.9379577636719,572358
2018-03-15,355.2988597377012,354.9656982421875,455034
2018-03-16,355.3543949977916,346.5538330078125,566732
2018-03-19,346.7481749334503,347.5810241699219,612258
2018-03-20,347.58103092514,353.96630859375,2703938
2018-03-21,355.2988771575792,354.4104919433594,867130
2018-03-22,351.46774756957205,348.5804748535156,229558
2018-03-23,341.55667000560305,342.6671447753906,787135
2018-03-26,342.58383125206285,344.4161376953125,422024
2018-03-27,345.3600435339652,347.38665771484375,276737
2018-03-28,345.8042151794287,344.33282470703125,644158
2018-04-02,344.77710649219875,354.1606750488281,256988
2018-04-03,353.13339493300936,362.26708984375,939691
2018-04-04,364.4326289557327,354.1606750488281,667917
2018-04-05,360.7402162799673,363.6552429199219,479539
2018-04-06,364.71017555260715,363.5997009277344,194653
2018-04-09,363.68303395635377,366.5147705078125,683574
2018-04-10,366.0150389239928,363.932861328125,411681
2018-04-11,363.7663219274503,365.9317626953125,349690
2018-04-12,364.2382439087627,352.43939208984375,718086
2018-04-13,352.71695460876174,352.5781555175781,359275
2018-04-16,352.02290489988883,344.8047790527344,2009913
2018-04-17,346.9979822562016,346.7481384277344,296175
2018-04-18,349.2467400612045,344.4716796875,348241
2018-04-19,344.8603701349984,344.7492980957031,329117
2018-04-20,346.9702362382871,349.46881103515625,648017
2018-04-23,349.8019823913393,351.80084228515625,284999
2018-04-24,350.9401931883028,351.3843994140625,428734
2018-04-25,350.6904014719306,349.24676513671875,874208
2018-04-26,349.2467870611549,344.3051452636719,657824
2018-04-27,346.30397721172534,344.88812255859375,695700
2018-04-30,346.97025680236493,346.3594970703125,1299510
2018-05-02,348.38606628251216,349.5243225097656,972276
2018-05-03,349.16345136674096,341.5289001464844,1338111
2018-05-04,341.445625257667,342.6671447753906,663812
2018-05-07,343.6944084440228,339.557861328125,822662
2018-05-08,340.00198895364423,342.6671447753906,1204986
2018-05-09,343.6387596608542,339.52996826171875,751792
2018-05-10,339.97421457816273,339.83538818359375,941881
2018-05-11,331.06259634624496,353.18896484375,2464496
2018-05-14,354.2439193973831,353.7997131347656,644661
2018-05-15,353.4665798271775,343.2223815917969,715706
2018-05-16,341.5844343731756,346.4983215332031,437817
2018-05-17,347.5810229447593,342.55609130859375,309127
2018-05-18,342.0563211300943,338.75262451171875,313577
2018-05-21,338.75268635355377,338.1697082519531,708847
2018-05-22,338.6971813146297,340.4461975097656,644178
2018-05-23,340.3628875347453,339.11358642578125,374662
2018-05-24,339.9187431189333,341.3346252441406,325699
2018-05-25,342.30629960023316,350.8014831542969,355513
2018-05-28,350.63482364320436,356.5203857421875,539583
2018-05-29,353.2166941691927,344.554931640625,663224
2018-05-30,343.139102050665,350.579345703125,253445
2018-05-31,354.6880914267203,342.7781677246094,3289033
2018-06-01,344.6937737048862,334.1441955566406,363094
2018-06-04,334.9215646505086,335.06036376953125,436463
2018-06-05,333.4501297232571,335.08807373046875,775895
2018-06-06,334.8382147673144,336.7537841796875,175103
2018-06-07,339.1968737868441,337.03143310546875,540916
2018-06-08,336.4761974101558,335.36572265625,211084
2018-06-11,334.56059422544655,337.9197998046875,1724315
2018-06-12,338.14190234668894,337.6977233886719,466041
2018-06-13,337.2812944668384,338.0308532714844,2255890
2018-06-14,338.03086170325355,338.6694030761719,215178
2018-06-15,338.97479522785306,339.0303039550781,416073
2018-06-18,341.4455998595614,335.86541748046875,1119172
2018-06-19,335.6711303152489,331.2569580078125,535542
2018-06-20,333.08922819042965,336.5594787597656,575513
2018-06-21,336.948112602219,335.1990966796875,161708
2018-06-22,334.81047275703924,334.2552490234375,307700
2018-06-25,334.4217682748192,331.45123291015625,301420
2018-06-26,330.95157852315026,327.9255065917969,826023
2018-06-27,328.3697014304958,327.7589416503906,518310
2018-06-28,325.2047652905983,324.76055908203125,816854
2018-06-29,324.95490458942527,329.1192321777344,474363
2018-07-02,329.81329207776,328.8971252441406,441726
2018-07-03,328.7027694299709,326.5928649902344,2360274
2018-07-04,327.53681178651,327.98101806640625,291071
2018-07-05,328.36964952113556,330.67388916015625,611704
2018-07-06,331.4512935689189,327.9255065917969,248273
2018-07-09,330.3130026363384,333.0892028808594,210430
2018-07-10,338.03086632348817,341.1402282714844,686342
2018-07-11,343.8886693561913,336.64276123046875,168949
2018-07-12,337.89209578497673,338.7249450683594,442636
2018-07-13,343.6387603150334,333.7832336425781,1243538
2018-07-16,333.14469805866776,312.9339294433594,636819
2018-07-17,312.5730227320504,315.0716247558594,281357
2018-07-18,315.9322912307791,303.4393615722656,528516
2018-07-19,303.13394623076033,304.82745361328125,335268
2018-07-20,303.71695726977845,306.9651184082031,743108
2018-07-23,306.96509741235417,314.46087646484375,267241
2018-07-24,315.93227986372085,326.3152770996094,496265
2018-07-25,326.3152591026187,320.7350769042969,348416
2018-07-26,320.92941259742696,316.8206481933594,258170
2018-07-27,319.18042964950143,315.6268615722656,235219
2018-07-30,316.515277284727,320.9849853515625,416373
2018-07-31,322.0121626214725,321.2626037597656,528842
2018-08-01,323.8757981867702,331.9164733886719,742380
2018-08-02,331.91649661180725,330.17340087890625,439607
2018-08-03,329.4424898110635,329.86419677734375,601053
2018-08-06,329.63929437797043,326.79974365234375,340731
2018-08-07,327.75561533765404,326.9684143066406,342515
2018-08-08,328.627109345121,327.1370544433594,411130
2018-08-09,327.30578535409506,332.02899169921875,429699
2018-08-10,329.24566684875646,319.7149353027344,1646468
2018-08-13,319.8274037152842,314.4857177734375,290684
2018-08-14,314.2607655245362,318.0561828613281,436651
2018-08-16,319.8836169684667,313.7828369140625,396895
2018-08-17,315.32910503364604,311.4212341308594,282349
2018-08-20,312.770714426637,310.2685241699219,382156
2018-08-21,309.81869928155277,309.17205810546875,249605
2018-08-23,308.6379772903595,308.8066711425781,219426
2018-08-24,308.86283062839095,305.039306640625,301093
2018-08-27,305.71406168413256,309.9874267578125,421494
2018-08-28,310.94330560455245,307.906982421875,505108
2018-08-29,306.4450299283316,308.6098327636719,232132
2018-08-30,309.25643114427004,314.5700378417969,948581
2018-08-31,314.87926751300336,303.6335754394531,723031
2018-09-03,305.8827320178331,298.9666442871094,382994
2018-09-04,299.0228530148556,291.74127197265625,1141400
2018-09-05,289.576473126312,288.67681884765625,927793
2018-09-06,287.32736958983264,290.72918701171875,605651
2018-09-07,292.69717019357347,296.5769348144531,958922
2018-09-10,297.02676800054564,295.5648193359375,395590
2018-09-11,294.6651952080864,293.9342346191406,905060
2018-09-12,293.9342084809893,294.89007568359375,480378
2018-09-14,294.89008657785445,295.9303283691406,267783
2018-09-17,295.9022096873186,293.9342346191406,354316
2018-09-18,292.44414560954635,290.7010498046875,414975
2018-09-19,294.9181930458203,291.9381103515625,379088
2018-09-21,293.09072267629347,281.0016174316406,911586
2018-09-24,281.14219634205085,283.08209228515625,504807
2018-09-25,283.3913954250737,282.77288818359375,597057
2018-09-26,283.39136942026914,286.9337463378906,596864
2018-09-27,289.01420602140223,283.8411865234375,370441
2018-09-28,285.4155883221926,281.4233703613281,752287
2018-10-01,284.5159303438229,282.9415283203125,1087611
2018-10-03,284.76895098882767,274.4510192871094,1568517
2018-10-04,272.42678827877415,270.065185546875,634459
2018-10-05,271.02110724281897,266.0167541503906,316319
2018-10-08,262.3619197088485,268.23779296875,557199
2018-10-09,267.1975402672122,267.9847412109375,618230
2018-10-10,266.0729869675473,277.6841735839844,237302
2018-10-11,272.4267996509124,271.9207458496094,215753
2018-10-12,272.1456144011082,272.5111083984375,230947
2018-10-15,272.7641722591228,288.986083984375,619510
2018-10-16,287.32732234715024,273.5513610839844,1816112
2018-10-17,277.1499417425938,264.72344970703125,1783564
2018-10-19,261.7434003930496,256.0080871582031,585993
2018-10-22,255.86750741762273,251.9033966064453,220539
2018-10-23,249.65428176199498,254.82730102539062,670678
2018-10-24,254.46181439100272,256.5985107421875,398842
2018-10-25,253.59025993239482,252.94361877441406,1300934
2018-10-26,251.9596669588595,251.0319061279297,763376
2018-10-29,251.0318877668045,262.1369934082031,392924
2018-10-30,260.140888222489,263.8238525390625,548935
2018-10-31,265.4545165323447,276.3066101074219,792644
2018-11-01,278.3307724085349,280.4955749511719,1060995
2018-11-02,279.4553679399792,275.85675048828125,1568469
2018-11-05,275.85672776971967,278.4432373046875,490054
2018-11-06,279.31481524361203,283.9817810058594,857135
2018-11-07,283.3913076413054,282.88525390625,274142
2018-11-09,282.5198282599408,288.64874267578125,546645
2018-11-12,289.1547097434498,289.63262939453125,325622
2018-11-13,286.87752167225557,290.56048583984375,565567
2018-11-14,291.2352286616591,295.14312744140625,761021
2018-11-15,294.6370621200017,291.6569519042969,1565785
2018-11-16,293.1469781020832,308.3848876953125,1051786
2018-11-19,306.2201038019424,302.509033203125,345508
2018-11-20,301.41264052663934,298.5730895996094,376626
2018-11-21,299.69760813273,299.8100891113281,191581
2018-11-22,299.69760828246757,296.6331787109375,435002
2018-11-26,294.35587378591833,298.5448913574219,280939
2018-11-27,298.0107226595325,299.8381652832031,383103
2018-11-28,300.82215076167296,293.9060363769531,628246
2018-11-29,295.7054052719835,297.8139953613281,363184
2018-11-30,300.54103101361943,302.5371398925781,447196
2018-12-03,302.50902582101446,296.80181884765625,631713
2018-12-04,297.33605587752766,294.8338928222656,543567
2018-12-05,295.00249742547663,290.84161376953125,175849
2018-12-06,291.79748914137366,287.9458312988281,523820
2018-12-07,288.4519125882744,293.45623779296875,768600
2018-12-10,291.6569634475852,286.3714904785156,246005
2018-12-11,282.8290635953634,292.1629943847656,221517
2018-12-12,292.95019182375046,299.21966552734375,186738
2018-12-13,298.0670056103804,296.2114562988281,546928
2018-12-14,295.7616161172875,299.4726867675781,415145
2018-12-17,299.9225693182373,299.72576904296875,193093
2018-12-18,297.898276941343,299.2477722167969,149404
2018-12-19,299.64139205871567,309.3407897949219,434556
2018-12-20,304.8987281592144,307.7382507324219,792580
2018-12-21,306.44503043866223,292.6971740722656,706349
2018-12-24,291.2633702210822,295.3399353027344,483553
2018-12-26,293.25943315869233,286.9899597167969,632032
2018-12-27,286.7650615042333,292.8096008300781,1217713
2018-12-28,292.9502189019506,293.62493896484375,473849
2018-12-31,295.4242293295627,294.8056945800781,361659
2019-01-01,295.42421713499397,293.65301513671875,278995
2019-01-02,293.5124390565196,293.14697265625,1225684
2019-01-03,291.4319924539122,301.3844299316406,1452104
2019-01-04,301.94675030323145,298.8260803222656,727834
2019-01-07,298.5730130590668,297.3641052246094,345274
2019-01-08,297.4484558334869,296.6612548828125,868159
2019-01-09,297.1954221559929,292.8377380371094,426402
2019-01-10,292.86581412911795,291.2914123535156,452821
2019-01-11,292.35979130285557,290.5323486328125,553453
2019-01-14,289.6327052698106,288.39569091796875,335009
2019-01-15,288.9860881244499,289.9138488769531,386033
2019-01-16,292.10678822516815,298.6855163574219,1141412
2019-01-17,300.5410654275988,298.65740966796875,684545
2019-01-18,297.50465702738853,292.4159851074219,1359752
2019-01-21,293.76548318831635,288.4800109863281,472622
2019-01-22,286.9619099977591,290.0544738769531,506787
2019-01-23,288.53626943052353,289.6608581542969,277647
2019-01-24,291.65692191610907,293.28753662109375,399115
2019-01-25,294.5808212564695,277.29058837890625,1601928
2019-01-28,276.081653694619,281.36712646484375,1350139
2019-01-29,282.5479352465445,278.330810546875,628811
2019-01-30,276.22220637216475,275.659912109375,5156903
2019-01-31,278.89309377869495,278.8649597167969,1893560
2019-02-01,281.7887995489132,280.5517578125,707734
2019-02-04,280.86101080058967,278.16204833984375,403044
2019-02-05,278.1620825378729,278.2464294433594,985753
2019-02-06,277.3187069493662,275.266357421875,945903
2019-02-07,272.82039355433545,275.7723693847656,1006165
2019-02-08,274.95706910948735,275.9129638671875,731064
2019-02-11,273.8325082787957,271.18975830078125,395708
2019-02-12,272.6798016695181,272.45489501953125,890378
2019-02-14,278.92116153994095,279.39910888671875,1381578
2019-02-15,277.8809387896525,279.0898742675781,346951
2019-02-18,278.89304433770053,282.29486083984375,402886
2019-02-19,279.00552826374695,285.4999084472656,777180
2019-02-20,285.6967687948017,291.8537902832031,691601
2019-02-21,290.2512177593056,294.18719482421875,722825
2019-02-22,292.9502252887793,300.90655517578125,703049
2019-02-25,300.7097215202992,310.40911865234375,1225242
2019-02-26,307.68207214499887,321.40179443359375,1544619
2019-02-27,321.62662625587717,328.17724609375,1662500
2019-02-28,331.6916266758843,331.8041076660156,1991377
2019-03-01,331.7478450400975,333.6877136230469,622081
2019-03-05,331.94461491663196,337.65179443359375,638913
2019-03-06,339.87285288609905,345.21453857421875,1334460
2019-03-07,347.32304657450186,343.7806701660156,513793
2019-03-08,341.7002409770401,344.4554443359375,481190
2019-03-11,344.1180839754508,342.8248291015625,1310197
2019-03-12,341.8970571732364,347.3230895996094,1324059
2019-03-13,346.36719871709846,337.173828125,1245722
2019-03-14,339.0574574108255,342.0375671386719,528223
2019-03-15,342.4312097030532,342.34686279296875,536009
2019-03-18,342.2063406202293,340.8849792480469,709842
2019-03-19,343.04974293328587,340.5757141113281,540683
2019-03-20,339.92904323157956,344.6241149902344,461945
2019-03-22,343.7244640072698,337.5393371582031,453316
2019-03-25,334.5030099835568,333.4346618652344,269325
2019-03-26,334.30618370695464,335.96490478515625,426524
2019-03-27,338.4670862714338,338.01727294921875,489542
2019-03-28,340.15399116202354,341.7002868652344,412826
2019-04-01,346.9294886471207,343.3027648925781,411795
2019-04-02,344.961482579449,340.09771728515625,1142145
2019-04-03,340.0977130140415,336.808349609375,333127
2019-04-04,337.3706665526703,334.98095703125,267056
2019-04-05,337.62375566206765,339.3668518066406,401652
2019-04-08,337.93292163920825,333.1253967285156,333092
2019-04-09,333.12544689276905,327.2776794433594,332736
2019-04-10,327.1933052249175,326.5185852050781,198320
2019-04-11,327.2495425922192,329.6673583984375,400818
2019-04-12,331.1855077887319,327.72747802734375,204612
2019-04-15,328.12112507270757,326.6029357910156,287899
2019-04-16,327.3901403085005,325.0566711425781,169631
2019-04-18,328.93637024033035,321.79534912109375,248173
2019-04-22,321.06443777565636,325.45025634765625,374770
2019-04-23,324.46622859969693,324.7754821777344,283590
2019-04-24,325.5626712885884,324.4381103515625,164991
2019-04-25,326.12499689746153,321.31744384765625,101510
2019-04-26,323.2573359143853,317.2127685546875,132578
2019-04-30,314.8792958206772,315.5259094238281,193925
2019-05-02,316.3131106869923,321.1206359863281,170322
2019-05-03,318.84339477951767,310.3810119628906,680050
2019-05-06,307.0073097217183,317.0159606933594,327561
2019-05-07,318.2529948824598,319.1807556152344,306392
2019-05-08,317.15653636873105,314.3169860839844,651726
2019-05-09,304.1959075107552,310.971435546875,3014775
2019-05-10,308.4692563534542,313.67041015625,410523
2019-05-13,312.0678786912486,306.69805908203125,143166
2019-05-14,304.252101972697,308.9190673828125,335013
2019-05-15,307.62579371024964,309.2283020019531,133139
2019-05-16,309.67821243376056,303.8585510253906,298689
2019-05-17,303.63361316440523,310.971435546875,313733
2019-05-20,314.03584987616375,312.1803283691406,617159
2019-05-21,313.72660811550173,306.1357727050781,218921
2019-05-22,305.3204613921225,300.4566955566406,183370
2019-05-23,301.97488042354877,298.6855163574219,305865
2019-05-24,299.69760440032053,309.2845764160156,228098
2019-05-27,311.73046850043676,310.9151611328125,290454
2019-05-28,310.94327487667437,311.8710632324219,772279
2019-05-29,312.0116655207816,306.6137390136719,357200
2019-05-30,305.8827472643649,308.94720458984375,291845
2019-05-31,307.5696061899873,304.1959228515625,334628
2019-06-03,303.3806069410728,303.914794921875,178851
2019-06-04,303.63355272516446,302.2840576171875,196376
2019-06-06,304.64566662768783,297.6452331542969,148057
2019-06-07,298.01078417265427,295.0869140625,255308
2019-06-10,296.323933666179,284.1223449707031,916557
2019-06-11,284.0661202213181,284.5721740722656,366411
2019-06-12,284.5159535369875,276.334716796875,662255
2019-06-13,274.39476723559414,275.7161560058594,713427
2019-06-14,275.54750034965605,277.5155029296875,1169543
2019-06-17,276.1659626352988,281.11407470703125,634075
2019-06-18,280.57992632702656,281.4514465332031,668694
2019-06-19,282.2949072400375,281.1703186035156,459354
2019-06-20,280.0739062339176,279.90521240234375,1317831
2019-06-21,280.0739140587219,273.7200927734375,701143
2019-06-24,271.16161325109067,269.3904113769531,373892
2019-06-25,266.86020252204867,273.2983703613281,892343
2019-06-26,271.8364140817305,269.9246520996094,670398
2019-06-27,269.3904610188086,270.6837158203125,1609668
2019-06-28,271.02108843284884,272.6798095703125,182143
2019-07-01,272.67987029204784,269.41864013671875,58378
2019-07-02,269.36236967692054,267.0851135253906,408800
2019-07-03,264.2737154884185,267.53497314453125,1515758
2019-07-04,265.90429990120947,260.3658142089844,358999
2019-07-05,260.84375428122405,259.409912109375,147176
2019-07-08,258.65084139662844,255.3614501953125,116867
2019-07-09,253.61838562512213,252.66249084472656,76144
2019-07-10,250.77885200642393,260.675048828125,751973
2019-07-11,260.3377021934434,284.09423828125,1301883
2019-07-12,284.40342515482985,275.9972839355469,1317771
2019-07-15,275.99737996869044,276.9813537597656,747718
2019-07-16,277.76848914865116,278.38702392578125,509138
2019-07-17,276.67203877855826,273.7762756347656,74232
2019-07-18,274.3385656448947,268.0971984863281,96411
2019-07-19,267.1413232306663,265.4825744628906,160755
2019-07-22,267.6474417272617,268.743896484375,294920
2019-07-23,267.67551019885207,270.936767578125,104380
2019-07-24,269.9527312402754,262.89605712890625,109544
2019-07-25,266.15019327357373,274.7458190917969,136574
2019-07-26,271.03341728727554,283.4270935058594,321340
2019-07-29,285.3403832605881,280.74273681640625,107070
2019-07-30,278.7723672570105,275.85955810546875,185564
2019-07-31,280.99973199937574,267.977783203125,132029
2019-08-01,267.9777855856282,260.43878173828125,138990
2019-08-02,258.61116259497345,267.2638854980469,159647
2019-08-05,268.2919561268601,265.322021484375,282058
2019-08-06,264.4367658519104,263.83709716796875,836250
2019-08-07,265.32203651669647,265.2934875488281,138606
2019-08-08,267.29248298984527,268.37762451171875,920744
2019-08-09,265.69325598116416,264.379638671875,150202
2019-08-13,262.7233893644629,253.2710418701172,118840
2019-08-14,254.72740447372757,255.8125457763672,70020
2019-08-16,251.87170521750437,252.38572692871094,87772
2019-08-19,253.98492530814795,251.61471557617188,178800
2019-08-20,252.75699262422856,251.90029907226562,570410
2019-08-21,252.5285459258344,246.2745819091797,117980
2019-08-22,246.27456721844342,242.0481414794922,140744
2019-08-23,241.59127957598065,240.7060089111328,176952
2019-08-26,241.02012400681846,239.96353149414062,178850
2019-08-27,239.8778491301051,242.16238403320312,112362
2019-08-28,241.0201070897408,240.44895935058594,109908
2019-08-29,244.27559073689255,239.10679626464844,152304
2019-08-30,239.93495698724297,245.78912353515625,170861
2019-09-03,246.1603506821267,236.59378051757812,131581
2019-09-04,240.39184858306598,243.30465698242188,279769
2019-09-05,251.2720379776358,244.24705505371094,403369
2019-09-06,245.5321179209814,239.8207244873047,247903
2019-09-09,239.87783790565217,239.8492889404297,66629
2019-09-11,241.02008890830194,245.04661560058594,127403
2019-09-12,247.87375375598566,244.27557373046875,352008
2019-09-13,244.27559502100334,244.41839599609375,269225
2019-09-16,245.58923599109897,243.7615966796875,1597100
2019-09-17,243.76158214750743,255.9496612548828,21751
2019-09-18,268.7356262207031,268.7356262207031,84097
2019-09-19,282.16552734375,282.16552734375,4540
2019-09-20,296.23931884765625,296.23931884765625,26328
2019-09-23,311.0489807128906,311.0489807128906,4943
2019-09-24,326.5945129394531,326.5945129394531,4100
2019-09-25,342.92193603515625,342.92193603515625,11947
2019-09-26,360.0312139121652,346.1874084472656,788856
2019-09-27,344.8996261143496,340.4383239746094,123509
2019-09-30,340.3463919981626,345.03765869140625,554992
2019-10-01,350.46473915034477,337.770751953125,632208
2019-10-03,334.8272322224262,336.574951171875,760542
2019-10-04,342.1860638814605,336.5289611816406,78334
2019-10-07,342.00208657029054,334.3213195800781,52922
2019-10-09,334.3212861083639,333.8613586425781,92813
2019-10-10,333.90736197653086,340.8062744140625,143325
2019-10-11,342.0940982810459,325.3527526855469,214549
2019-10-14,327.5603131303449,326.27252197265625,54712
2019-10-15,325.674686021199,328.6642150878906,61756
2019-10-16,327.4683795563887,331.60772705078125,46567
2019-10-17,334.82720034180363,332.8495178222656,71613
2019-10-18,333.4934209975911,330.8718566894531,123538
2019-10-22,326.6405169865428,336.06903076171875,79667
2019-10-23,338.50661643180234,330.4578857421875,215514
2019-10-24,332.0676793317976,319.8336181640625,62697
2019-10-25,325.3527422152402,327.2384338378906,49698
2019-10-27,329.3080994024202,327.054443359375,4432
2019-10-29,330.22792600560473,326.31854248046875,113878
2019-10-30,326.1806145832931,327.284423828125,35514
2019-10-31,330.2279845546301,323.9269714355469,150039
2019-11-01,328.2962431872304,331.00982666015625,62119
2019-11-04,329.40005653473156,340.25433349609375,316349
2019-11-05,340.2543725928552,331.3777770996094,97913
2019-11-06,331.14784641536085,329.9060363769531,31880
2019-11-07,330.22795047554916,342.1860656738281,125884
2019-11-08,343.7498192451684,342.2780456542969,189162
2019-11-11,345.68150569178147,340.11639404296875,82242
2019-11-13,332.11366044587277,328.7561950683594,135375
2019-11-14,324.7088595556875,325.5827331542969,43631
2019-11-15,323.2830318083119,325.12274169921875,127131
2019-11-18,323.83493308127345,323.69696044921875,104267
2019-11-19,327.4683353759074,324.7087707519531,84358
2019-11-20,323.05310967668237,325.6286926269531,94153
2019-11-21,324.2488655384043,324.5248107910156,135782
2019-11-22,325.53669790024827,332.8955383300781,271797
2019-11-25,334.7352003860231,344.9915771484375,347671
2019-11-26,346.73931555730485,331.8836364746094,288008
2019-11-27,334.7352468155469,379.2562255859375,1087217
2019-11-28,389.09864920121544,412.0490417480469,4038702
2019-11-29,410.07138040784537,409.4734802246094,572408
2019-12-02,408.3696478874766,387.0749816894531,311974
2019-12-03,390.9843363092077,376.68060302734375,163414
2019-12-04,376.22071448539674,377.4625244140625,184854
2019-12-05,378.0603891881787,371.20745849609375,136933
2019-12-06,372.72525004119075,363.6646728515625,86061
2019-12-09,364.9984240043281,365.04443359375,94400
2019-12-10,365.5504137009445,358.55950927734375,62373
2019-12-11,361.41104801850776,355.93792724609375,70490
2019-12-12,358.09951005823865,359.9852294921875,141526
2019-12-13,359.52529979307536,361.4570007324219,60546
2019-12-16,357.8696022892314,351.9365539550781,30839
2019-12-17,354.0521747928226,356.67376708984375,44574
2019-12-18,356.71975919945885,363.7106628417969,342609
2019-12-19,367.390066308179,364.8144836425781,96540
2019-12-20,370.51757597007645,355.7998962402344,153730
2019-12-23,356.8117308891779,355.2939758300781,62094
2019-12-24,357.73157269265573,363.8486022949219,318654
2019-12-26,366.79217570273164,359.6632995605469,95206
2019-12-27,362.4229035664844,359.8473205566406,38034
2019-12-30,359.847274684633,354.8800354003906,48901
2019-12-31,355.24800309600823,365.1364440917969,201354
2020-01-01,365.4583358121369,367.34405517578125,38131
2020-01-02,368.8158720566294,372.3113098144531,166789
2020-01-03,372.08134793186923,387.02899169921875,248117
2020-01-06,384.3153871799417,382.6136779785156,190686
2020-01-07,388.1788346178526,383.5795593261719,188618
2020-01-08,378.2903652709161,383.4415588378906,154137
2020-01-09,386.3390899381609,380.5899963378906,80708
2020-01-10,381.7398156727747,374.05902099609375,72993
2020-01-13,378.98024460657143,387.99481201171875,134523
2020-01-14,388.17881018350585,394.7557678222656,80723
2020-01-15,393.88191360304774,401.8386535644531,102688
2020-01-16,401.83870097620786,402.66656494140625,110985
2020-01-17,398.619205145536,400.8728332519531,107640
2020-01-20,401.79263898913774,403.4483947753906,159166
2020-01-21,400.13694899292676,411.35919189453125,141648
2020-01-22,413.01489231926985,412.4169921875,127192
2020-01-23,400.45887627776114,417.6141662597656,224069
2020-01-24,418.5800051856099,416.8782958984375,110974
2020-01-27,416.87826856951745,410.0713195800781,20238
2020-01-28,408.69155091040415,402.1145935058594,64667
2020-01-29,398.4351673908778,392.87005615234375,97027
2020-01-30,403.3564088078717,385.6492004394531,52832
2020-01-31,384.499361395483,383.027587890625,35013
2020-02-03,367.9420001376492,368.3099365234375,70497
2020-02-04,374.38097551531365,381.1878967285156,32311
2020-02-05,389.0986810818073,382.79766845703125,31319
2020-02-06,384.6833752952745,386.1551208496094,72158
2020-02-07,387.6269066969244,380.26806640625,48638
2020-02-10,382.1537524480576,379.80810546875,35379
2020-02-11,384.22347405661907,381.3719177246094,40392
2020-02-12,384.4074356818171,364.9065246582031,82681
2020-02-13,371.62144531803654,367.9880065917969,175769
2020-02-14,370.7015678640517,359.11138916015625,32929
2020-02-17,356.99573233067235,354.7880859375,56024
2020-02-18,356.44384820365053,358.97344970703125,57884
2020-02-19,363.34269184573316,353.59222412109375,58658
2020-02-20,358.74345305086604,360.4451904296875,329079
2020-02-24,356.9037393456469,357.4556579589844,94257
2020-02-25,363.3427406100823,354.4201354980469,138688
2020-02-26,354.42011420790527,349.40692138671875,27868
2020-02-27,350.4647758485274,345.0836181640625,50844
2020-02-28,336.11502515986757,331.9756774902344,72931
2020-03-02,339.334516594639,328.2502746582031,82200
2020-03-03,335.1031733744269,331.6537170410156,66250
2020-03-04,335.609104641409,322.4091796875,83631
2020-03-05,323.78897515226015,319.0517272949219,78830
2020-03-06,312.6587582963674,314.176513671875,39808
2020-03-09,303.5521569678803,302.8162841796875,114717
2020-03-11,307.2315772209239,293.0198059082031,62479
2020-03-12,292.9738180135768,246.337158203125,133234
2020-03-13,209.26700566289557,230.46966552734375,149858
2020-03-16,229.96373669854526,233.41319274902344,179945
2020-03-17,235.48286377048603,226.7902374267578,196536
2020-03-18,227.29618958785863,210.14088439941406,151801
2020-03-19,206.967379809935,198.73468017578125,191753
2020-03-20,210.64680258365817,217.54571533203125,292504
2020-03-23,214.3262097207052,215.4760284423828,125817
2020-03-24,227.43412678703763,211.6126251220703,97342
2020-03-25,209.72694785445836,208.85308837890625,131431
2020-03-26,212.4865077079781,219.15545654296875,149355
2020-03-27,226.28430497130742,211.15269470214844,272996
2020-03-30,211.15272496208786,215.01611328125,71655
2020-03-31,216.16594036617693,214.46420288085938,61268
2020-04-01,221.68505161275777,217.26974487304688,40359
2020-04-03,229.043898386203,216.25791931152344,86209
2020-04-07,231.8034903865089,216.5338897705078,128676
2020-04-08,217.95966853660872,241.7379150390625,9163665
2020-04-09,252.96009374355154,264.59625244140625,281017
2020-04-13,274.1168347124767,307.7835388183594,600048
2020-04-15,321.9492918157204,327.65240478515625,704549
2020-04-16,337.5868184638466,319.2817077636719,253147
2020-04-17,331.147762200571,341.0821838378906,137914
2020-04-20,348.6250313121584,342.69195556640625,86908
2020-04-21,331.1478449250574,337.034912109375,132861
2020-04-22,332.06764596341225,347.0152893066406,97131
2020-04-23,352.30447408230333,343.243896484375,183318
2020-04-24,343.1059004058726,340.30035400390625,85557
2020-04-27,344.02577984535486,337.4488220214844,56851
2020-04-28,344.30174148978955,346.7393798828125,73419
2020-04-29,346.7393442533621,372.26531982421875,198651
2020-04-30,380.91195107581,396.0435485839844,175804
2020-05-04,393.5139238446454,433.9415588378906,350307
2020-05-05,450.72894998698814,412.2790222167969,193471
2020-05-06,393.7439291612523,391.67425537109375,27221
2020-05-07,377.14060204156607,372.12738037109375,112897
2020-05-08,372.12734134933766,381.7398376464844,75525
2020-05-11,386.2470860947765,383.94744873046875,36685
2020-05-12,378.98027039488466,383.80950927734375,35863
2020-05-13,391.85824337869224,402.9884948730469,57005
2020-05-14,397.56135459357586,408.1856689453125,90773
2020-05-15,413.9347370246525,415.03857421875,40746
2020-05-18,415.82042166871133,411.589111328125,42254
2020-05-19,415.54450235860816,413.7967834472656,37009
2020-05-20,415.5445201827251,428.008544921875,54235
2020-05-21,434.12554183041783,449.3951110839844,182349
2020-05-22,447.0495145326071,458.40972900390625,258892
2020-05-26,455.37421172538365,473.21942138671875,148129
2020-05-27,474.6451874253929,460.75537109375,85396
2020-05-28,462.6870722383191,460.75537109375,41133
2020-05-29,460.755378423786,438.4949035644531,218340
2020-06-01,436.9311174749054,432.0098876953125,89140
2020-06-02,440.61052289598894,438.77081298828125,62610
2020-06-03,444.24398377386916,439.32275390625,59728
2020-06-04,436.9311229360355,440.7945251464844,65146
2020-06-05,438.86279885900296,431.9178771972656,76784
2020-06-08,431.87190511667853,435.2293701171875,77045
2020-06-09,435.22937305628744,427.9625244140625,52360
2020-06-10,434.1715548910215,430.5381164550781,53159
2020-06-11,432.3318005846692,424.97296142578125,29685
2020-06-12,419.45384085708304,446.40557861328125,189442
2020-06-15,433.2517027356854,491.0185852050781,517584
2020-06-16,514.4749135615323,532.7340698242188,928625
2020-06-17,540.8747577884807,548.6015625,498006
2020-06-18,541.2427866027526,537.9312744140625,345365
2020-06-19,545.4739698447297,542.20849609375,92450
2020-06-22,549.0614296771927,535.4015502929688,90658
2020-06-23,538.1152071720247,541.2427368164062,65033
2020-06-24,542.7145073433487,526.801025390625,52868
2020-06-25,524.3173102579631,550.8551025390625,89579
2020-06-26,556.5121836858526,542.3004150390625,109566
2020-06-29,547.7736657655682,569.3902587890625,154130
2020-06-30,575.7832661051261,562.7213134765625,227852
2020-07-01,565.1128509864394,557.5240478515625,60945
2020-07-02,565.2509535680922,561.571533203125,36464
2020-07-03,557.8920554224752,571.6898803710938,75246
2020-07-06,578.4048394808295,573.62158203125,41486
2020-07-07,574.8174014461243,579.9685668945312,53077
2020-07-08,581.3484146234457,573.2996826171875,42123
2020-07-09,584.1078620049478,575.55322265625,28507
2020-07-10,577.6690351027692,583.464111328125,133936
2020-07-13,588.7072423986486,612.6234741210938,204307
2020-07-14,643.2545166015625,643.2545166015625,45202
2020-07-15,675.403565709583,659.9500122070312,614244
2020-07-16,659.5359697310029,626.9730834960938,218421
2020-07-17,603.4248641939253,615.1530151367188,171642
2020-07-20,633.7801048085253,645.876220703125,117807
2020-07-21,656.776527391503,630.0547485351562,203318
2020-07-22,647.393932574102,615.7969360351562,115633
2020-07-23,615.3829909183128,600.0673828125,100309
2020-07-24,600.6653681845037,585.1658325195312,55111
2020-07-27,577.0250391602532,608.4381103515625,146865
2020-07-28,620.9021813411177,638.83935546875,94744
2020-07-29,668.1826617049859,667.814697265625,211765
2020-07-30,668.7346464439767,665.6071166992188,268778
2020-07-31,698.8598022460938,698.8598022460938,214712
2020-08-03,721.1662864052283,733.768310546875,221818
2020-08-04,754.2811577611602,764.07763671875,638497
2020-08-05,762.0079172993084,739.6553955078125,433283
2020-08-06,739.5634006218892,776.633544921875,120214
2020-08-07,789.6035234854813,748.9459228515625,281963
2020-08-10,767.8949363537554,784.728271484375,423181
2020-08-11,788.6838092093121,752.1195678710938,176978
2020-08-12,752.4413566568755,723.3739624023438,186196
2020-08-13,731.2847399900021,712.6116943359375,144026
2020-08-14,728.5251040276448,748.2100219726562,284696
2020-08-17,767.8030476177483,778.84130859375,763502
2020-08-18,791.0753336034753,809.2884521484375,191945
2020-08-19,809.4724025272941,832.0088500976562,226978
2020-08-20,834.318676657025,835.10400390625,709830
2020-08-21,844.9441017915324,822.584716796875,120321
2020-08-24,823.2313721585895,822.446044921875,100238
2020-08-25,828.7750402673498,818.1497192382812,72429
2020-08-26,818.7964712954723,805.49169921875,112335
2020-08-27,803.8286995705448,815.6089477539062,75021
2020-08-28,822.3073809228048,805.3530883789062,48946
2020-08-31,808.4483197368614,804.42919921875,185108
2020-09-01,801.0567549055804,803.7362060546875,58409
2020-09-02,803.8748613957965,797.8230590820312,132037
2020-09-03,810.2039223622032,820.73681640625,243896
2020-09-04,805.6765627152797,838.2454833984375,228924
2020-09-07,849.1017837276374,820.5057983398438,58101
2020-09-08,828.590177658512,822.3535766601562,120230
2020-09-09,809.3722821342228,806.1384887695312,81116
2020-09-10,818.3345599204702,805.63037109375,128504
2020-09-11,808.1711792840186,797.4534301757812,50634
2020-09-14,813.0680316612369,825.6336059570312,89785
2020-09-15,825.6335871888772,847.2076416015625,99800
2020-09-16,849.1017480398094,824.4786987304688,48799
2020-09-17,826.0031960502666,821.7068481445312,51216
2020-09-18,831.5467993933066,784.6567993164062,190143
2020-09-21,810.0190310800978,755.3217163085938,101447
2020-09-22,757.6315203491035,747.0985717773438,120546
2020-09-23,757.6315511193957,744.4653930664062,50182
2020-09-24,740.076734022439,722.9838256835938,85741
2020-09-25,733.6090658458623,757.0309448242188,59781
2020-09-28,759.4794666678018,794.8663940429688,78788
2020-09-29,809.3722464374902,782.6241455078125,115937
2020-09-30,781.4691705492845,782.947509765625,89860
2020-10-01,773.3386396705886,774.5859375,31538
2020-10-05,793.665221662777,788.8607177734375,117458
2020-10-06,794.312088994194,788.4912719726562,50242
2020-10-07,796.2060224639703,780.9609985351562,95237
2020-10-08,781.838938943519,810.7120971679688,186472
2020-10-09,801.0568352810728,794.7740478515625,34847
2020-10-12,803.828625222916,799.3475341796875,38694
2020-10-13,802.6275317217597,796.3909301757812,28614
2020-10-14,796.3908816283417,794.1734008789062,84889
2020-10-15,803.6438349198401,772.7842407226562,43487
2020-10-16,773.7081489699376,809.0488891601562,158259
2020-10-19,849.4713134765625,849.4713134765625,176348
2020-10-20,858.3411671320598,886.9833374023438,340635
2020-10-21,886.9833210799262,855.2459716796875,201266
2020-10-22,859.1727218679438,854.5067749023438,103310
2020-10-23,861.8059338558227,849.1017456054688,55813
2020-10-26,856.4008821474514,891.5568237304688,208212
2020-10-27,898.9945412903945,851.9197387695312,172036
2020-10-28,858.1563245082464,841.6640014648438,71052
2020-10-29,838.9384244031013,823.1852416992188,46013
2020-10-30,822.3074546142167,862.3140869140625,88013
2020-11-02,900.8424133197801,884.4886474609375,85264
2020-11-03,895.2987710520194,893.9590454101562,69660
2020-11-04,894.3748541391243,885.4588012695312,44389
2020-11-05,898.7174239788034,895.1602172851562,49339
2020-11-06,895.1601949263029,919.136474609375,111264
2020-11-09,936.8761193542632,936.32177734375,120921
2020-11-10,947.0393263735498,975.1732788085938,154098
2020-11-11,972.9098093658193,930.4547119140625,138071
2020-11-12,945.7459420829133,914.4243774414062,87262
2020-11-13,914.655402627006,934.65869140625,41903
2020-11-14,941.4957828704514,942.2349243164062,16909
2020-11-17,929.4845333026896,923.5712890625,59203
2020-11-18,941.2186800835066,917.6119995117188,52915
2020-11-19,917.6119378704433,939.694091796875,72971
2020-11-20,941.4958072656522,955.9555053710938,63865
2020-11-23,955.9555417245068,930.3623657226562,199745
2020-11-24,929.484613502416,972.12451171875,168474
2020-11-25,983.9971660615176,948.4716796875,353123
2020-11-26,956.2788823501369,988.89404296875,120485
2020-11-27,997.8562358947303,980.8095703125,152728
2020-12-01,981.2253521821794,959.928466796875,102229
2020-12-02,966.4422682534046,971.1082153320312,146526
2020-12-03,972.4941895254295,946.6238403320312,97673
2020-12-04,962.4692325555134,937.0609130859375,108515
2020-12-07,924.0332914531263,961.0371704101562,148750
2020-12-08,974.4343104979927,956.8331909179688,63678
2020-12-09,953.5070204534729,949.7650146484375,38967
2020-12-10,960.8986107159483,953.3684692382812,147187
2020-12-11,953.3684245592941,957.6185302734375,57537
2020-12-14,952.7217107448666,952.3521118164062,37756
2020-12-15,952.3521545471323,960.11328125,36550
2020-12-16,956.2787594392528,969.0753173828125,72987
2020-12-17,970.1379828194387,962.2844848632812,21017
2020-12-18,969.9994203046384,923.2018432617188,142712
2020-12-21,924.8647922146325,884.5809936523438,157116
2020-12-22,872.5235625135161,928.2372436523438,143203
2020-12-23,930.4085372259642,967.2738037109375,125927
2020-12-24,1007.0957377069362,989.448486328125,575255
2020-12-28,989.5408159265114,983.950927734375,200328
2020-12-29,983.9971417474868,988.5244750976562,97583
2020-12-30,1002.660760173053,994.0681762695312,102742
2020-12-31,997.763906433868,1016.9818115234375,108478
2021-01-01,1008.0194775533255,1011.3456420898438,84657
2021-01-04,1022.0634979028921,1022.8489379882812,161814
2021-01-05,1030.194281989326,1028.2540283203125,109554
2021-01-06,1033.7975548684765,992.3588256835938,275505
2021-01-07,1002.3373459132615,997.5328979492188,150191
2021-01-08,989.8640065855918,980.5322265625,212301
2021-01-11,992.9592494954182,981.1328735351562,71626
2021-01-12,997.671571083825,1027.2838134765625,713755
2021-01-13,1016.3350102634093,996.9322509765625,640715
2021-01-14,1002.014036234993,1005.7560424804688,277680
2021-01-15,1007.0956113154649,1012.7316284179688,137911
2021-01-18,1016.3348396849877,1034.3516845703125,414519
2021-01-19,1036.6155876748978,1043.1756591796875,321946
2021-01-20,1002.4759510971002,971.3853149414062,1581986
2021-01-21,979.3774736767003,961.129638671875,392248
2021-01-22,970.137898073358,953.9689331054688,157649
2021-01-25,964.594351891699,952.3983764648438,739860
2021-01-27,953.5070225216379,907.8643188476562,232524
2021-01-28,912.853652049899,898.6249389648438,200093
2021-01-29,899.9184489013186,929.4845581054688,201298
2021-02-01,919.4136257838827,908.4187622070312,235996
2021-02-02,919.2750363479736,906.9866333007812,115269
2021-02-03,906.9866675789048,920.8919677734375,163091
2021-02-04,923.3866256727733,972.12451171875,218749
2021-02-05,977.0213203461008,957.9881591796875,152776
2021-02-08,977.437217664426,946.392822265625,73341
2021-02-09,955.3549872245497,968.2901611328125,222175
2021-02-10,960.9447917115893,950.3656005859375,58331
2021-02-11,955.3549087366927,950.8275756835938,82925
2021-02-12,958.7734611203866,937.199462890625,62354
2021-02-15,946.115528680571,918.9054565429688,136201
2021-02-16,940.5719034192225,971.52392578125,1891164
2021-02-17,977.3447904586609,977.2061767578125,566241
2021-02-18,985.5676128785473,975.1732788085938,183468
2021-02-19,968.2901562425737,926.6666259765625,299425
2021-02-22,932.1640740614247,940.7567138671875,196994
2021-02-23,979.3773848372075,967.2275390625,323251
2021-02-24,974.757738229179,970.3690185546875,88273
2021-02-25,977.5295333113841,1012.962646484375,384393
2021-02-26,983.9971712345139,999.4269409179688,216081
2021-03-01,1011.7152038852258,1030.00927734375,253157
2021-03-02,1035.5530536993597,1111.4547119140625,1147870
2021-03-03,1164.1655109518058,1135.2923583984375,887786
2021-03-04,1128.131902258856,1147.8118896484375,321744
2021-03-05,1164.1655659847122,1155.85009765625,443302
2021-03-08,1155.9887919604173,1231.751953125,1021817
2021-03-09,1241.591848690074,1201.16943359375,343713
2021-03-10,1205.8816476329423,1192.207275390625,288145
2021-03-12,1201.1231224749613,1193.5006103515625,182388
2021-03-15,1201.1232864821616,1195.3948974609375,421247
2021-03-16,1117.9686025682997,1122.403564453125,9021375
2021-03-17,1087.4785874161348,1054.30908203125,5909258
2021-03-18,1074.4509405024935,1077.4998779296875,1558538
2021-03-19,1065.303864618284,1085.8153076171875,1233647
2021-03-22,1090.2503048733993,1072.3720703125,1953740
2021-03-23,1061.6082625112756,1028.5311279296875,1038107
2021-03-24,1028.2538887221253,1013.0549926757812,1549828
2021-03-25,1011.6691294986659,990.7880859375,927304
2021-03-26,1004.6933163611847,1032.8272705078125,910196
2021-03-30,1046.8251175856403,1008.4815673828125,576967
2021-03-31,1007.0956886256156,981.9645385742188,675599
2021-04-01,981.9643436198522,1037.4931640625,1165973
2021-04-05,1033.8899159645425,1027.9305419921875,1166565
2021-04-06,1034.8138094986598,1029.31640625,290304
2021-04-07,1030.1939734688722,1031.3951416015625,328028
2021-04-08,1030.1941977761007,1016.3350830078125,488368
2021-04-09,1016.3350210543801,1030.60986328125,526773
2021-04-12,1025.574462603238,992.82080078125,931318
2021-04-13,1008.9435597012013,1016.7970581054688,692385
2021-04-15,1016.6122040560189,1029.593505859375,761682
2021-04-16,1029.916900857305,1024.2808837890625,460130
2021-04-19,1007.095593967426,1025.7591552734375,478671
2021-04-20,1039.1563732522259,1042.759765625,1485588
2021-04-22,1043.5912338701135,1039.2025146484375,466276
2021-04-23,1039.433509767821,1052.73828125,768303
2021-04-26,1046.08599554126,1069.0460205078125,419803
2021-04-27,1064.8418829555244,1067.7523193359375,657070
2021-04-28,1073.5731235681621,1062.1624755859375,462117
2021-04-29,1062.162550525824,1027.19140625,998861
2021-04-30,1025.5745032807645,1016.5198364257812,643639
2021-05-03,1016.5197681823918,1020.5390014648438,200856
2021-05-04,1020.0306982736264,1011.160888671875,341710
2021-05-05,1016.335049250973,1004.2314453125,228101
2021-05-06,1005.2477645318284,1020.16943359375,484824
2021-05-07,1025.574352380172,1004.7394409179688,396472
2021-05-10,1016.3350340689814,1004.508544921875,266614
2021-05-11,997.8562904281953,997.6253051757812,212683
2021-05-12,996.9322719187492,1001.6443481445312,325425
2021-05-14,1002.7530452526788,1001.6904907226562,234034
2021-05-17,1010.7450784895899,989.1710815429688,259860
2021-05-18,997.7639162588504,988.1549072265625,477044
2021-05-19,984.9673439656169,977.7605590820312,621040
2021-05-20,987.9701598390774,999.5655517578125,482044
2021-05-21,1006.0793971214231,986.6766357421875,303702
2021-05-24,993.2364812056489,977.2522583007812,379012
2021-05-25,987.3695058811596,968.1514892578125,192074
2021-05-26,961.1758931843349,980.393798828125,303037
2021-05-27,985.844902931715,973.5103149414062,425679
2021-05-28,982.1492596716377,969.3064575195312,210240
2021-05-31,979.3773879862808,992.3125610351562,359838
2021-06-01,995.9159572258612,1037.5394287109375,836252
2021-06-02,1057.9124887193138,1050.4285888671875,784675
2021-06-03,1053.2926860323566,1036.384521484375,278581
2021-06-04,1039.4797406916969,1054.216552734375,320588
2021-06-07,1058.8363000832956,1130.62646484375,1915731
2021-06-08,1140.1431601474558,1130.76513671875,918331
2021-06-09,1139.2191258069583,1137.1402587890625,826303
2021-06-10,1164.1654747866207,1162.8258056640625,1180664
2021-06-11,1172.9430931346214,1189.112060546875,768030
2021-06-14,1188.5575793462856,1235.03173828125,891393
2021-06-15,1240.852619362083,1225.4228515625,640500
2021-06-16,1225.42295135339,1203.1558837890625,520054
2021-06-17,1202.0350904406953,1187.7451171875,415619
2021-06-18,1188.2590054334323,1171.9610595703125,512460
2021-06-21,1163.741920920156,1186.3909912109375,412220
2021-06-22,1188.0253436095165,1185.3167724609375,520762
2021-06-23,1194.8434449689728,1193.1622314453125,377596
2021-06-24,1189.7066420665199,1197.50537109375,199599
2021-06-25,1206.7049170998523,1204.0430908203125,206802
2021-06-28,1223.4233470160304,1205.25732421875,242918
2021-06-29,1206.7050369040098,1202.92236328125,170173
2021-06-30,1200.1670782307494,1202.12841796875,209124
2021-07-01,1212.3089251605813,1232.5296630859375,529581
2021-07-02,1243.7374047045537,1241.2623291015625,415271
2021-07-05,1246.8662593770039,1271.3365478515625,733519
2021-07-06,1283.2915237317425,1270.916259765625,356754
2021-07-07,1278.5749688957976,1268.4412841796875,442703
2021-07-08,1268.3009805633728,1259.8485107421875,743657
2021-07-09,1260.8759971265724,1245.0916748046875,248624
2021-07-12,1248.6407830932544,1263.8646240234375,269247
2021-07-13,1269.2350766479428,1270.029052734375,200411
2021-07-14,1278.388097093981,1310.703857421875,767444
2021-07-15,1318.7828797971936,1298.655517578125,259781
2021-07-16,1293.5653700569328,1271.2899169921875,267471
2021-07-19,1270.9630256410874,1293.985595703125,292128
2021-07-20,1302.9051040689042,1289.8760986328125,198194
2021-07-22,1301.0371028106297,1267.8807373046875,374272
2021-07-23,1284.1322078497872,1283.05810546875,206470
2021-07-26,1265.545968283338,1260.455810546875,287624
2021-07-27,1267.4138967814008,1259.008056640625,497463
2021-07-28,1265.4524743011032,1331.2982177734375,2365261
2021-07-29,1338.3965766404515,1332.4190673828125,734063
2021-07-30,1334.6606322537302,1347.1292724609375,326151
2021-08-02,1357.8234694007567,1382.8074951171875,338574
2021-08-03,1395.3694745890468,1413.3486328125,932152
2021-08-04,1419.652775261111,1403.121337890625,467265
2021-08-05,1382.2935929412256,1398.40478515625,481773
2021-08-06,1405.6432455427887,1384.488525390625,301615
2021-08-09,1384.1615320475007,1374.16796875,107558
2021-08-10,1382.2936488128212,1311.03076171875,260024
2021-08-11,1312.3851215688376,1297.44140625,530040
2021-08-12,1308.4156330226654,1277.4541015625,387289
2021-08-13,1277.6877457234536,1332.5592041015625,611327
2021-08-16,1332.699330301354,1284.5992431640625,242039
2021-08-17,1286.4671120829141,1306.5477294921875,601386
2021-08-18,1317.1951158461484,1313.1322021484375,290777
2021-08-20,1307.5752823086575,1302.671875,833109
2021-08-23,1311.3109548702942,1301.4573974609375,334081
2021-08-24,1301.457405608451,1315.233642578125,279691
2021-08-25,1315.2338237062977,1308.8828125,229136
2021-08-26,1314.1130050133013,1300.103271484375,188373
2021-08-27,1307.5751129911062,1296.5540771484375,190127
2021-08-30,1310.470388794145,1332.6524658203125,387491
2021-08-31,1335.5478774281812,1325.4609375,206609
2021-09-01,1337.369065576936,1292.164306640625,399135
2021-09-02,1302.017877865675,1284.272216796875,315652
2021-09-03,1302.9052570325514,1277.6409912109375,189935
2021-09-06,1286.9806123909293,1275.7261962890625,212469
2021-09-07,1276.753714158533,1285.2529296875,275667
2021-09-08,1294.826144251224,1279.7423095703125,287976
2021-09-09,1285.5331883352062,1268.3011474609375,146349
2021-09-13,1268.3477615216768,1257.88720703125,375297
2021-09-14,1268.3011027979428,1270.1224365234375,245969
2021-09-15,1270.2157206287443,1286.4202880859375,256480
2021-09-16,1286.4203157143502,1291.2303466796875,411840
2021-09-17,1298.2353223429413,1313.972900390625,403046
2021-09-20,1315.047054091482,1304.1661376953125,608781
2021-09-21,1312.2448572687008,1329.1966552734375,169057
2021-09-22,1335.5945671642144,1354.6478271484375,333691
2021-09-23,1358.9440583987048,1365.48193359375,458922
2021-09-24,1370.525483275747,1340.59130859375,139046
2021-09-27,1354.274198940582,1331.718505859375,158067
2021-09-28,1331.718439395957,1303.698974609375,112774
2021-09-29,1307.6684536792077,1316.7281494140625,189896
2021-09-30,1316.0743196450317,1299.8697509765625,169039
2021-10-01,1301.7846370976304,1317.522216796875,156580
2021-10-04,1326.254724359085,1335.080810546875,205131
2021-10-05,1349.5107647626899,1355.4415283203125,250426
2021-10-06,1363.5206677271842,1379.9119873046875,355060
2021-10-07,1391.6336929345964,1373.6077880859375,262504
2021-10-08,1376.362831867724,1361.8861083984375,127554
2021-10-11,1354.3675740358642,1338.583251953125,221580
2021-10-12,1347.7363682529046,1301.270751953125,180783
2021-10-13,1302.905138875102,1359.8780517578125,565097
2021-10-14,1379.4916664971245,1344.934326171875,168722
2021-10-18,1386.0294878070963,1363.847412109375,652808
2021-10-19,1382.2937054863644,1398.358154296875,845994
2021-10-20,1408.4452123408882,1346.9425048828125,340905
2021-10-21,1382.29362468092,1332.4656982421875,1082843
2021-10-22,1352.453039026256,1296.8343505859375,426017
2021-10-25,1326.2547051838694,1246.9595947265625,272362
2021-10-26,1258.961366192708,1268.6748046875,159984
2021-10-27,1275.819717999354,1247.3800048828125,267266
2021-10-28,1251.489406223457,1220.8548583984375,210716
2021-10-29,1221.461994597063,1221.08837890625,297187
2021-11-01,1214.176876359233,1181.0205078125,407981
2021-11-02,1191.154191028618,1198.1590576171875,259784
2021-11-03,1208.4795366657015,1192.9287109375,265721
2021-11-04,1209.507022932225,1223.7969970703125,79442
2021-11-08,1225.1979423900275,1197.3184814453125,296073
2021-11-09,1198.9063149762983,1184.6630859375,241771
2021-11-10,1186.1572324655576,1158.8382568359375,213932
2021-11-11,1159.2585614426005,1155.9896240234375,241188
2021-11-12,1158.604849908538,1144.82861328125,450710
2021-11-15,1152.5340925517835,1135.722412109375,181319
2021-11-16,1139.4582661326795,1128.1571044921875,223836
2021-11-17,1128.2504842533601,1164.7691650390625,255852
2021-11-18,1171.8207480602618,1177.051025390625,389045
2021-11-22,1179.6195743211044,1141.419677734375,214763
2021-11-23,1139.4582490715452,1152.020263671875,284851
2021-11-24,1157.9043746739842,1163.22802734375,368193
2021-11-25,1163.2280753204532,1208.1527099609375,3071326
2021-11-26,1190.827264765459,1212.49560546875,938335
2021-11-29,1219.7808194134557,1198.6260986328125,362155
2021-11-30,1198.6260998264765,1213.4764404296875,459543
2021-12-01,1237.526390705919,1192.088134765625,411702
2021-12-02,1191.7613358039541,1191.5745849609375,610446
2021-12-03,1194.563212330502,1217.2122802734375,440498
2021-12-06,1222.5826866161685,1207.0318603515625,302455
2021-12-07,1212.916121049726,1252.797119140625,917670
2021-12-08,1270.2156622026016,1268.7679443359375,466515
2021-12-09,1279.3687744140625,1279.3687744140625,255062
2021-12-10,1279.5556377495172,1299.8697509765625,281714
2021-12-13,1302.90524234188,1360.85888671875,558702
2021-12-14,1372.953968919281,1349.97802734375,1221855
2021-12-15,1356.1421297140112,1321.1177978515625,791700
2021-12-16,1327.0020015428431,1280.6763916015625,367768
2021-12-17,1288.4753714454553,1264.798828125,395470
2021-12-20,1245.465258039365,1224.2171630859375,314808
2021-12-21,1238.4603137847746,1266.8533935546875,298616
2021-12-22,1276.7536176033327,1302.6248779296875,488220
2021-12-23,1306.6411385532183,1303.465576171875,308354
2021-12-24,1309.3964295613887,1284.832763671875,236195
2021-12-27,1287.9613841813623,1273.9049072265625,162999
2021-12-28,1284.5990573528015,1288.5684814453125,297095
2021-12-29,1296.273751917756,1308.3221435546875,380830
2021-12-30,1308.042042253355,1305.0999755859375,291883
2021-12-31,1314.953518358688,1367.7701416015625,2793690
2022-01-03,1371.0858718546394,1349.884521484375,403575
2022-01-04,1353.8072307680413,1327.37548828125,1225469
2022-01-05,1327.188771611463,1403.0748291015625,2827021
2022-01-06,1400.9732416836407,1383.6011962890625,1631797
2022-01-07,1391.633544598716,1366.5093994140625,734840
2022-01-10,1377.6238666704462,1387.57080078125,519905
2022-01-11,1389.5787411546644,1381.639892578125,1297785
2022-01-12,1386.9166928908044,1454.8638916015625,3723084
2022-01-13,1464.8109527760553,1443.469482421875,984456
2022-01-14,1446.4581548265994,1443.2359619140625,915219
2022-01-17,1443.6094780001872,1449.1666259765625,1414763
2022-01-18,1455.9847207504772,1387.3836669921875,937640
2022-01-19,1382.2936576235338,1423.0152587890625,969255
2022-01-20,1384.161582761362,1354.08740234375,1714708
2022-01-21,1348.6702909534204,1283.618408203125,1229939
2022-01-24,1283.618376304535,1207.9658203125,1304711
2022-01-25,1194.6101028477892,1207.172119140625,1392034
2022-01-27,1209.506731249991,1193.722412109375,837894
2022-01-28,1212.7291980063678,1183.682373046875,848119
2022-01-31,1202.9690162291774,1198.579345703125,377823
2022-02-01,1213.2430960130928,1219.4541015625,424481
2022-02-02,1228.1866235454181,1225.7115478515625,765713
2022-02-03,1231.829025987457,1217.4456787109375,563851
2022-02-04,1210.4409037307032,1225.151123046875,461335
2022-02-07,1229.5876250804497,1191.66796875,358386
2022-02-08,1188.258911358606,1184.80322265625,532828
2022-02-09,1195.3105078389342,1199.56005859375,201937
2022-02-10,1204.977144588871,1220.7147216796875,342830
2022-02-11,1217.9129527503562,1172.054443359375,310184
2022-02-14,1157.2039844953206,1131.0057373046875,568830
2022-02-15,1135.722271924396,1182.3746337890625,437885
2022-02-16,1190.827259477345,1172.4278564453125,464194
2022-02-17,1180.2266977484055,1160.93994140625,388915
2022-02-18,1153.4679400330429,1155.0556640625,311006
2022-02-21,1149.7787893111747,1151.9268798828125,285832
2022-02-22,1127.316533071103,1139.92529296875,376638
2022-02-23,1140.4390487184694,1134.414794921875,204207
2022-02-24,1099.2970602655987,1059.883056640625,699330
2022-02-25,1075.0136129630203,1099.6240234375,339236
2022-02-28,1094.6271000323525,1105.1343994140625,713268
2022-03-02,1101.1651004155908,1099.48388671875,555169
2022-03-03,1109.2905688998735,1089.0699462890625,451613
2022-03-04,1089.8170893896379,1068.802490234375,312460
2022-03-07,1041.4369219474497,1055.4466552734375,418415
2022-03-08,1057.3145888237937,1063.1519775390625,280011
2022-03-09,1072.9120121659903,1083.4193115234375,424030
2022-03-10,1107.702782377939,1080.52392578125,371965
2022-03-11,1087.902482869572,1070.95068359375,267547
2022-03-14,1064.7399386588286,1071.1376953125,502613
2022-03-15,1074.0793766897755,1050.4029541015625,371130
2022-03-16,1060.069824636352,1092.0587158203125,1020810
2022-03-17,1121.7126840165042,1080.9443359375,948146
2022-03-21,1081.2246049630205,1072.02490234375,334496
2022-03-22,1074.9668281945376,1067.261474609375,380821
2022-03-23,1071.2775323017843,1106.1151123046875,886196
2022-03-24,1103.2664269117022,1087.9490966796875,612810
2022-03-25,1093.6931458630315,1089.3968505859375,486092
2022-03-28,1095.4677295038332,1080.1971435546875,501828
2022-03-29,1084.3532882178686,1077.67529296875,525621
2022-03-30,1083.419364237221,1081.59814453125,794522
2022-03-31,1089.957199282124,1147.490478515625,2658948
2022-04-01,1148.798034738443,1157.343994140625,1813614
2022-04-04,1157.951219437011,1153.8416748046875,661811
2022-04-05,1161.3135294718725,1159.5389404296875,794674
2022-04-06,1156.7369212686222,1183.9625244140625,1515622
2022-04-07,1181.4874901828996,1240.328369140625,1883356
2022-04-08,1270.21573142759,1260.22216796875,4001182
2022-04-11,1265.5459305143704,1247.5667724609375,698320
2022-04-12,1247.566830309333,1229.8211669921875,1102759
2022-04-13,1230.9884500149476,1216.5584716796875,387696
2022-04-18,1202.0350395361068,1221.4619140625,536533
2022-04-19,1237.5262701023391,1197.83203125,761385
2022-04-20,1195.4972457324222,1225.7115478515625,754984
2022-04-21,1236.5923624737957,1197.3651123046875,666921
2022-04-22,1157.203854557389,1152.6273193359375,1231435
2022-04-25,1156.1763920288445,1045.5928955078125,2873081
2022-04-26,1065.6737425785639,1031.7235107421875,2131036
2022-04-27,1031.7700500406384,1006.8795166015625,1119620
2022-04-28,1017.1534346346615,1013.6976318359375,844587
2022-04-29,1022.6170238453321,1022.243408203125,757799
2022-05-02,1008.7475335361443,1011.9697265625,569417
2022-05-04,1018.0405173980307,969.9871826171875,613028
2022-05-05,987.7328856394496,953.2689208984375,597075
2022-05-06,939.5860565413454,969.239990234375,1125162
2022-05-09,960.7875038796136,955.32373046875,578547
2022-05-10,951.7279095566103,935.7568359375,487168
2022-05-11,946.4975883607401,908.5311889648438,690092
2022-05-12,902.4135673842552,909.7919921875,607197
2022-05-13,924.6424436128588,901.1060791015625,602775
2022-05-16,912.9208945448385,906.0560913085938,316654
2022-05-17,911.2864783952353,941.3607177734375,398471
2022-05-18,947.9452044834555,919.5521240234375,671198
2022-05-19,901.1060244577245,909.1383056640625,572240
2022-05-20,915.5360453586005,916.42333984375,294311
2022-05-23,916.4233863911086,908.2977294921875,290182
2022-05-24,911.2864481746348,901.6664428710938,332407
2022-05-25,904.0481032093847,877.2894897460938,421298
2022-05-26,877.663102392793,881.2589111328125,625692
2022-05-27,889.1043486400681,914.60205078125,553467
2022-05-30,926.510302378257,938.3718872070312,639756
2022-05-31,937.4378938762056,920.0191040039062,949422
2022-06-01,923.7083829201406,906.6632080078125,660008
2022-06-02,909.4651992502521,904.7952880859375,469199
2022-06-03,905.9628232802685,892.1865844726562,2102715
2022-06-06,891.9529866666045,879.8112182617188,329384
2022-06-07,873.2733879368011,869.3973388671875,624350
2022-06-08,871.4053834992061,859.310302734375,563767
2022-06-09,855.9945978455961,895.0817260742188,727623
2022-06-10,895.4160174267759,905.4393310546875,700910
2022-06-13,893.6976410203168,879.4740600585938,517357
2022-06-14,877.2785305966096,879.1400146484375,464531
2022-06-15,878.2331369414605,835.6101684570312,2951944
2022-06-16,854.3680862862724,835.2760620117188,1303796
2022-06-17,831.1236380187847,830.5508422851562,679590
2022-06-20,838.4740015161797,831.2190551757812,642289
2022-06-21,840.1445047400898,845.5380249023438,497499
2022-06-22,845.5380529109264,853.4135131835938,485450
2022-06-23,853.4134886243195,861.5753173828125,312336
2022-06-24,866.1097116796034,879.760498046875,247987
2022-06-27,897.3729509393138,887.2064819335938,207964
2022-06-28,880.3809638406326,883.8175048828125,328037
2022-06-29,878.2330783144436,882.6719970703125,202250
2022-06-30,882.6720780664971,872.7442016601562,556271
2022-07-01,875.7989255157323,892.2180786132812,283046
2022-07-04,895.3204820803433,904.5323486328125,225772
2022-07-05,906.871232627349,906.441650390625,521843
2022-07-06,905.9165661866568,920.1878662109375,174617
2022-07-07,923.0994611505217,933.504638671875,337993
2022-07-08,936.2251800538698,930.306640625,265431
2022-07-11,929.7816113720684,953.7898559570312,524618
2022-07-12,952.5965921604901,948.4917602539062,276566
2022-07-13,945.0552276914151,938.7548828125,188534
2022-07-14,935.5091785767903,921.3333740234375,386482
2022-07-15,921.1901803019267,938.9457397460938,287638
2022-07-18,944.1006072753614,965.9609985351562,827545
2022-07-19,967.9657075839867,949.9714965820312,524687
2022-07-20,964.1473054060973,934.459228515625,768426
2022-07-21,961.2834070163855,1028.200927734375,6074127
2022-07-22,1030.9694276952296,1008.2022094726562,1721722
2022-07-25,1007.0088194164202,1007.6293334960938,805146
2022-07-26,1011.7819362853332,994.0740356445312,774056
2022-07-27,996.6037377746921,988.2509765625,487963
2022-07-28,997.4628073267779,987.1054077148438,593927
2022-07-29,997.4628792093915,998.41748046875,529253
2022-08-01,1007.1042996744869,1001.5675659179688,481067
2022-08-02,1004.3837590573855,1010.779541015625,799758
2022-08-03,1015.6957175479306,1024.6212158203125,885938
2022-08-04,1031.3989251548924,1003.333740234375,614855
2022-08-05,1004.2405477386538,1051.35009765625,1145421
2022-08-08,1044.8109914386407,1042.1380615234375,461999
2022-08-10,1035.1696113949843,1034.4058837890625,371267
2022-08-11,1043.951754412973,1044.3336181640625,407034
2022-08-12,1045.2883135859547,1044.715576171875,451379
2022-08-16,1049.1067662395144,1034.4058837890625,398305
2022-08-17,1043.9996386114515,1027.0076904296875,270470
2022-08-18,1029.1079600124838,1037.078857421875,238323
2022-08-19,1041.5655047541989,1073.926513671875,3194343
2022-08-22,1078.4608139424229,1082.4700927734375,2654954
2022-08-23,1078.6993901785988,1098.9368896484375,959418
2022-08-24,1097.505080999546,1115.83349609375,1029471
2022-08-25,1121.6564747156183,1104.8077392578125,683918
2022-08-26,1116.2153463511881,1115.0220947265625,457550
2022-08-29,1091.5386309572887,1111.7762451171875,612350
2022-08-30,1122.563252940275,1147.6693115234375,808362
2022-09-01,1140.748512248399,1199.9815673828125,1477986
2022-09-02,1211.9616764697478,1188.955810546875,769056
2022-09-05,1193.156106992737,1207.09326171875,790938
2022-09-06,1210.43446423673,1190.721923828125,436448
2022-09-07,1183.7056210258418,1193.203857421875,322553
2022-09-08,1198.4065015858303,1193.4425048828125,480532
2022-09-09,1199.4087465199655,1192.8697509765625,365671
2022-09-12,1197.2607171856948,1197.4039306640625,306515
2022-09-13,1207.5228197728543,1179.9349365234375,1222950
2022-09-14,1164.7089425125357,1174.5413818359375,399358
2022-09-15,1180.7461903728238,1182.89404296875,318500
2022-09-16,1182.8941050509125,1148.862548828125,523995
2022-09-19,1150.2945205745702,1139.125732421875,427947
2022-09-20,1147.4307303510182,1164.231689453125,480440
2022-09-21,1164.8522043898458,1153.9697265625,390072
2022-09-22,1153.9219471833667,1153.73095703125,582217
2022-09-23,1167.2865794416093,1115.7857666015625,519723
2022-09-26,1107.3374445161955,1079.463134765625,656237
2022-09-27,1100.130102950581,1065.4781494140625,315509
2022-09-28,1061.707521693934,1077.9835205078125,523890
2022-09-29,1083.6632897630934,1070.9671630859375,389319
2022-09-30,1064.4758409081662,1098.55517578125,520598
2022-10-03,1106.0010121426255,1107.38525390625,367199
2022-10-04,1126.1907298177657,1135.68896484375,313405
2022-10-06,1145.5214193302825,1128.4818115234375,298283
2022-10-07,1134.4481498186062,1162.60888671875,685248
2022-10-10,1154.4469824429423,1164.040771484375,588542
2022-10-11,1175.1140980492614,1123.1361083984375,316866
2022-10-12,1129.0067830846144,1129.5318603515625,189725
2022-10-13,1129.2932427164699,1112.635498046875,382393
2022-10-14,1123.5657509731952,1110.8695068359375,330303
2022-10-17,1112.110509847339,1141.5599365234375,441261
2022-10-18,1150.199150732635,1181.9873046875,1678706
2022-10-19,1182.7509095153134,1155.68798828125,645352
2022-10-20,1153.1583109365308,1154.3515625,411816
2022-10-21,1157.883514819955,1156.4993896484375,211677
2022-10-24,1168.431983935308,1170.3411865234375,113871
2022-10-25,1173.1571723335041,1177.6915283203125,298589
2022-10-27,1178.0734646676356,1169.720703125,308157
2022-10-28,1175.1141443614188,1182.655517578125,305974
2022-10-31,1188.478646251381,1201.7952880859375,768875
2022-11-01,1206.5203460463276,1211.8660888671875,296553
2022-11-02,1216.161935690953,1212.2003173828125,492017
2022-11-03,1176.0687065708137,1212.2957763671875,308442
2022-11-04,1212.295775141908,1235.3017578125,439193
2022-11-07,1240.981660868522,1243.3681640625,417444
2022-11-09,1253.1527738250657,1261.93505859375,1023689
2022-11-10,1260.694288620591,1254.4893798828125,389144
2022-11-11,1267.710635796013,1254.2030029296875,622358
2022-11-14,1254.8711444142168,1260.83740234375,334116
2022-11-15,1254.4892601570662,1272.7698974609375,321614
2022-11-16,1267.710399310398,1247.472900390625,323056
2022-11-17,1244.800004494075,1244.609130859375,181492
2022-11-18,1252.675470767063,1233.869873046875,313416
2022-11-21,1198.024513195808,1230.7196044921875,189200
2022-11-22,1228.0945309210272,1232.2947998046875,141938
2022-11-23,1232.2947962704882,1234.5380859375,175703
2022-11-24,1234.5381519028747,1229.0491943359375,177117
2022-11-25,1230.4809744453344,1237.306396484375,268507
2022-11-28,1233.4879632922969,1249.954833984375,545982
2022-11-29,1254.3460828572156,1216.3529052734375,525462
2022-11-30,1222.4624445877068,1241.172607421875,654220
2022-12-01,1246.2318745716511,1238.9769287109375,234094
2022-12-02,1234.2994320781797,1261.5533447265625,847039
2022-12-05,1271.4333741685862,1263.0328369140625,849892
2022-12-06,1260.4556159066192,1234.108642578125,386340
2022-12-07,1236.2088050594139,1210.6732177734375,347239
2022-12-08,1217.1165491236306,1227.7603759765625,241863
2022-12-09,1231.4356455697468,1211.054931640625,202907
2022-12-12,1202.797653726879,1219.2645263671875,150634
2022-12-13,1223.7987575599327,1305.369384765625,3437569
2022-12-14,1307.8037840673173,1297.8282470703125,954600
2022-12-15,1297.7804419321915,1253.15283203125,769451
2022-12-16,1253.1528213981107,1243.845458984375,650205
2022-12-19,1244.8000346356737,1254.2506103515625,713601
2022-12-20,1253.3914969314474,1243.7022705078125,458677
2022-12-21,1245.7069328198627,1213.25048828125,599398
2022-12-22,1227.6172527964136,1208.095703125,608629
2022-12-23,1200.9361672665227,1154.92431640625,937987
2022-12-26,1155.0675541379803,1187.8104248046875,424039
2022-12-27,1193.251637448997,1213.25048828125,804491
2022-12-28,1214.2527402322587,1197.4517822265625,484479
2022-12-29,1197.4517697804963,1202.4156494140625,328518
2022-12-30,1208.4297817205445,1216.591552734375,250586
2023-01-02,1248.6184963547066,1257.7349853515625,1682597
2023-01-03,1255.3006852876354,1275.4427490234375,1068908
2023-01-04,1281.9817034587745,1273.008544921875,605578
2023-01-05,1278.9270534631355,1266.3740234375,421447
2023-01-06,1266.3740234375,1266.3740234375,495657
2023-01-09,1280.311177147816,1286.89794921875,502449
2023-01-10,1286.8502273946322,1298.40087890625,966180
2023-01-11,1305.7037037681873,1352.90869140625,1762623
2023-01-12,1365.0798967571964,1333.2916259765625,1153415
2023-01-13,1326.8479291511767,1314.199462890625,520001
2023-01-16,1312.576673408867,1305.1307373046875,250009
2023-01-17,1307.8513949614387,1334.1983642578125,724473
2023-01-18,1338.8283131722233,1325.08203125,397384
2023-01-19,1316.395132999307,1308.853759765625,378360
2023-01-20,1305.8945385052934,1284.893310546875,335914
2023-01-23,1291.57550186277,1320.8817138671875,520873
2023-01-24,1307.2786882439782,1264.46484375,1282825
2023-01-25,1259.7394315836889,1226.423828125,536238
2023-01-27,1235.6836049516753,1198.406494140625,433530
2023-01-30,1198.4541057335935,1177.6915283203125,419670
2023-01-31,1182.7987969980743,1177.1666259765625,667441
2023-02-01,1191.3423631562757,1147.8602294921875,700831
2023-02-02,1147.860250720019,1158.695068359375,447078
2023-02-03,1170.9139182685567,1170.8184814453125,307741
2023-02-06,1170.961654469879,1200.9361572265625,449222
2023-02-07,1208.525227005944,1177.5484619140625,416429
2023-02-08,1179.8393776682367,1188.192138671875,198248
2023-02-09,1183.7055068790503,1178.4552001953125,121016
2023-02-10,1174.1595559617967,1177.2142333984375,170808
2023-02-13,1176.0686950445088,1166.42724609375,159507
2023-02-14,1167.0000449665251,1181.700927734375,186711
2023-02-15,1180.8417470977854,1188.9080810546875,131612
2023-02-16,1189.4330839092156,1197.594970703125,245136
2023-02-17,1188.5263465310363,1183.9442138671875,141916
2023-02-20,1183.9442367384272,1182.0350341796875,236553
2023-02-21,1179.9348491520204,1174.5889892578125,149283
2023-02-22,1172.2981816775293,1165.138671875,183558
2023-02-23,1163.6111155492745,1150.7239990234375,167369
2023-02-24,1156.7858723458883,1147.955810546875,122675
2023-02-27,1146.476194561084,1130.2001953125,207103
2023-02-28,1134.0185912686131,1153.6834716796875,468191
2023-03-01,1153.1584452686484,1151.3924560546875,148166
2023-03-02,1154.1606801566793,1146.8101806640625,257579
2023-03-03,1148.5761566250842,1143.994140625,279571
2023-03-06,1150.2945285855844,1156.45166015625,173575
2023-03-08,1155.0196053022207,1159.07666015625,185432
2023-03-09,1164.8522552367624,1159.93603515625,395605
2023-03-10,1156.0220526885887,1147.335205078125,135642
2023-03-13,1146.4761264955844,1123.6611328125,195613
2023-03-14,1123.7088124204165,1123.517822265625,177237
2023-03-15,1133.1118065555984,1123.804443359375,132934
2023-03-16,1129.2933258893806,1123.756591796875,189152
2023-03-17,1129.675073311424,1131.5364990234375,132628
2023-03-20,1126.7635662645314,1127.3363037109375,242565
2023-03-21,1127.336272115577,1158.74267578125,365958
2023-03-22,1160.7951144277336,1148.576171875,97072
2023-03-23,1147.5738721269245,1166.42724609375,277072
2023-03-24,1168.4319405088831,1167.668212890625,423363
2023-03-27,1170.4843132637386,1163.468017578125,217959
2023-03-28,1160.3178739565385,1160.0792236328125,165820
2023-03-29,1155.0675073692569,1173.34814453125,192892
2023-03-31,1174.1594917484192,1188.955810546875,220070
2023-04-03,1189.862687194028,1190.912841796875,101136
2023-04-05,1187.7149032398415,1213.25048828125,204188
2023-04-06,1211.3890441056708,1202.6544189453125,158636
2023-04-10,1193.8721977207588,1207.427490234375,125483
2023-04-11,1212.3437738698303,1220.4578857421875,234883
2023-04-12,1220.2189253114327,1205.422607421875,131535
2023-04-13,1203.7520933845326,1208.5728759765625,130255
2023-04-17,1208.5728023326226,1187.762451171875,205706
2023-04-18,1187.76273896923,1157.64501953125,1003086
2023-04-19,1159.1724069361514,1139.0780029296875,672020
2023-04-20,1125.4749288806481,1176.355224609375,2706008
2023-04-21,1173.9686468498628,1184.564697265625,809633
2023-04-24,1187.523955946448,1197.1654052734375,546831
2023-04-25,1197.9767282341802,1180.125732421875,384412
2023-04-26,1175.3527325788139,1187.90576171875,284299
2023-04-27,1185.614738370099,1192.5833740234375,324668
2023-04-28,1201.8427773799049,1211.8660888671875,387631
2023-05-02,1211.3889779229428,1199.885986328125,246846
2023-05-03,1193.3469884017384,1182.082763671875,258337
2023-05-04,1183.7056488647415,1178.7894287109375,197613
2023-05-05,1178.7893408851962,1175.925537109375,147489
2023-05-08,1177.9778957510346,1172.441162109375,445652
2023-05-09,1176.0688485229182,1240.6953125,1740003
2023-05-10,1250.5275544876986,1218.59619140625,571544
2023-05-11,1219.9804523137886,1219.40771484375,520448
2023-05-12,1219.4075903896082,1197.11767578125,200541
2023-05-15,1197.1178364270852,1197.7860107421875,466435
2023-05-16,1202.7976263099174,1189.09912109375,313277
2023-05-17,1188.9081009184633,1179.4576416015625,285053
2023-05-18,1180.8896803254738,1165.7591552734375,180190
2023-05-19,1173.2049546967871,1177.2142333984375,690996
2023-05-22,1179.8393946850235,1170.7230224609375,502433
2023-05-23,1169.386642495975,1185.853515625,374799
2023-05-24,1185.7101037385185,1202.558837890625,506662
2023-05-25,1212.3436115422987,1203.5135498046875,430034
2023-05-26,1208.525217103564,1212.8209228515625,268601
2023-05-29,1213.3459120543298,1220.218994140625,195053
2023-05-30,1219.0258297420253,1216.8302001953125,242783
2023-05-31,1210.434348221163,1239.31103515625,399837
2023-06-01,1239.311114515679,1273.4381103515625,716301
2023-06-02,1269.6195943142827,1305.27392578125,779360
2023-06-05,1307.7559083147448,1320.2135009765625,439351
2023-06-06,1320.2135103232968,1343.7921142578125,680260
2023-06-07,1341.2146213435879,1380.5919189453125,1101503
2023-06-08,1406.5571464394984,1350.0447998046875,2801595
2023-06-09,1360.545392091754,1403.025146484375,1464086
2023-06-12,1408.9913794939716,1411.4256591796875,643162
2023-06-13,1411.4256632119414,1525.8345947265625,4728989
2023-06-14,1536.9080598711764,1565.355224609375,4588929
2023-06-15,1560.7731372036596,1555.2841796875,1165402
2023-06-16,1557.9091445130537,1554.520263671875,709583
2023-06-19,1560.7730375340211,1518.818359375,1151061
2023-06-20,1526.4074356204464,1539.533203125,574501
2023-06-21,1547.4084849815429,1540.2967529296875,588578
2023-06-22,1540.2968660784775,1505.9788818359375,525643
2023-06-23,1508.6995416061045,1489.9893798828125,560598
2023-06-26,1497.3917050456428,1518.3406982421875,699266
2023-06-27,1517.4213141058449,1515.09912109375,338264
2023-06-28,1522.0658297372304,1531.5001220703125,382823
2023-06-30,1536.580319033989,1543.0150146484375,1373498
2023-07-03,1553.900686358953,1538.708984375,464828
2023-07-04,1538.7090053411262,1493.4727783203125,336244
2023-07-05,1499.8106696148477,1488.5863037109375,445126
2023-07-06,1489.2153689805448,1486.699462890625,449559
2023-07-07,1494.585669959099,1499.5205078125,1171045
2023-07-10,1507.309714073624,1482.683837890625,476885
2023-07-11,1499.8106546728216,1585.3482666015625,5049950
2023-07-12,1597.5402747820406,1557.04541015625,979346
2023-07-13,1559.8030840396766,1533.0968017578125,1228718
2023-07-14,1547.2240672480405,1570.88232421875,1311066
2023-07-17,1577.2202963264267,1550.6591796875,636293
2023-07-18,1552.013789556621,1549.9818115234375,939349
2023-07-19,1559.8030594965294,1565.995849609375,759183
2023-07-20,1549.159346379428,1552.3525390625,2075648
2023-07-21,1547.2240947328241,1538.902587890625,920836
2023-07-24,1536.5802249549286,1571.0274658203125,849258
2023-07-25,1578.4296989644515,1559.125732421875,379687
2023-07-26,1561.738355866556,1613.554443359375,2952404
2023-07-27,1621.0050970273494,1671.563232421875,1838056
2023-07-28,1676.8850466707015,1714.47705078125,1803161
2023-07-31,1722.3147235833742,1737.990234375,861930
2023-08-01,1741.667161197582,1705.6717529296875,872077
2023-08-02,1697.4471291053646,1656.7586669921875,1812059
2023-08-03,1657.4359717112798,1632.1326904296875,1159578
2023-08-04,1644.9536092287847,1631.697265625,517698
2023-08-07,1638.4707234818686,1642.00244140625,1115156
2023-08-08,1650.7593650922543,1629.181396484375,762634
2023-08-09,1629.9071850138653,1636.0999755859375,767439
2023-08-10,1638.3739106589815,1618.87646484375,487096
2023-08-11,1619.940624147581,1625.9398193359375,1199599
2023-08-14,1629.1331402399865,1650.4207763671875,944413
2023-08-16,1652.7430177071196,1647.3726806640625,909587
2023-08-17,1653.7590278325226,1641.421875,704525
2023-08-18,1645.2440350366442,1639.1964111328125,566394
2023-08-21,1645.921359209947,1648.82421875,993633
2023-08-22,1655.1136230987454,1724.443603515625,1977963
2023-08-23,1728.9914364796446,1759.3262939453125,2097639
2023-08-24,1769.4379275273648,1770.453857421875,1437663
2023-08-25,1764.0193466524718,1758.4071044921875,963518
2023-08-28,1761.4550636964073,1739.5384521484375,800777
2023-08-29,1739.780387305807,1730.200927734375,522338
2023-08-30,1732.813660373342,1745.9732666015625,930634
2023-08-31,1748.4891206222685,1731.168701171875,3906307
2023-09-01,1736.2002584252716,1792.4189453125,1682163
2023-09-04,1795.5153279514768,1821.931396484375,1309335
2023-09-05,1828.752937460396,1805.5784912109375,830866
2023-09-06,1817.0932620018643,1815.2547607421875,707828
2023-09-07,1819.0767608152394,1828.60791015625,842678
2023-09-08,1835.5747326723288,1824.2052001953125,661621
2023-09-11,1861.9907744318004,1870.1671142578125,1558699
2023-09-12,1885.7942038813019,1790.8707275390625,1056762
2023-09-13,1796.8698976200567,1849.8955078125,1063082
2023-09-14,1857.7816087849947,1862.184326171875,894007
2023-09-15,1877.1824104255154,1865.2806396484375,615683
2023-09-18,1871.279906964918,1836.6875,355992
2023-09-20,1824.0117666188178,1824.640625,466556
2023-09-21,1816.6093185355412,1813.9483642578125,624059
2023-09-22,1821.0120513556894,1815.2547607421875,1007396
2023-09-25,1819.1252713650658,1796.5313720703125,699248
2023-09-26,1798.8051411038475,1815.49658203125,633338
2023-09-27,1826.769480481749,1814.9161376953125,668492
2023-09-28,1817.6253405564223,1828.994873046875,921883
2023-09-29,1838.4291384904293,1870.1671142578125,462039
2023-10-03,1870.1671113211926,1840.1708984375,731565
2023-10-04,1833.687918400874,1803.5948486328125,1085861
2023-10-05,1812.4003133369802,1790.386962890625,370323
2023-10-06,1804.1270260861688,1778.2916259765625,991191
2023-10-09,1775.727450254358,1748.7308349609375,775466
2023-10-10,1749.3597924807862,1770.5989990234375,721590
2023-10-11,1779.936636893025,1774.0341796875,600920
2023-10-12,1785.210050165155,1757.0040283203125,598411
2023-10-13,1756.2298879859914,1750.5693359375,345109
2023-10-16,1756.1814379240082,1738.7642822265625,410841
2023-10-17,1746.3118665886734,1729.7171630859375,520373
2023-10-18,1739.6837082607074,1728.2657470703125,535166
2023-10-19,1730.0073723534056,1719.411865234375,485800
2023-10-20,1683.658392127887,1654.8717041015625,1602892
2023-10-23,1638.1802486813663,1562.85107421875,1479531
2023-10-25,1559.803153353502,1533.3870849609375,1740515
2023-10-26,1516.2601615266003,1508.7611083984375,1002839
2023-10-27,1521.0982719376973,1555.8841552734375,2036119
2023-10-30,1564.4961194375155,1594.34716796875,919616
2023-10-31,1603.9266011134298,1609.3936767578125,1467544
2023-11-01,1610.3127683136215,1617.5216064453125,463534
2023-11-02,1630.391018841037,1659.3228759765625,896355
2023-11-03,1659.4195953361307,1648.4371337890625,434636
2023-11-06,1657.4842175999938,1681.5296630859375,737712
2023-11-07,1680.5136807856327,1653.6622314453125,627049
2023-11-08,1659.2744934911043,1660.8709716796875,264051
2023-11-09,1661.306485588098,1651.8721923828125,277248
2023-11-10,1651.4367085915885,1653.3719482421875,244826
2023-11-13,1652.7430401457302,1651.82373046875,315877
2023-11-15,1655.839391461065,1629.7620849609375,986584
2023-11-16,1634.3583421308529,1651.388427734375,523556
2023-11-17,1652.6946005812142,1650.5174560546875,737076
2023-11-20,1658.161729001001,1667.1605224609375,900511
2023-11-21,1673.9822562265297,1652.017333984375,660536
2023-11-22,1654.5331471746504,1650.03369140625,862890
2023-11-23,1662.3708064650248,1661.9354248046875,632911
2023-11-24,1667.1605492669141,1667.9346923828125,2258443
2023-11-28,1672.0469956563707,1628.9879150390625,1494681
2023-11-29,1637.212824308951,1657.726318359375,1374620
2023-11-30,1669.1441322154105,1650.323974609375,17650692
2023-12-01,1677.756055806233,1606.103759765625,1666654
2023-12-04,1644.9536916827674,1609.006591796875,619259
2023-12-05,1624.4401518694076,1624.3917236328125,621734
2023-12-06,1628.2621353524617,1614.908935546875,593405
2023-12-07,1620.4245927760958,1651.388427734375,893846
2023-12-08,1659.46802234567,1639.970458984375,843230
2023-12-11,1640.1156462521794,1651.7755126953125,327107
2023-12-12,1654.5330037163,1682.013427734375,1332079
2023-12-13,1695.2698585707792,1664.112548828125,500422
2023-12-14,1673.9822193793918,1692.9959716796875,660902
2023-12-15,1705.9137872642293,1754.6334228515625,1919310
2023-12-18,1780.4204283330548,1750.0855712890625,876824
2023-12-19,1753.3270298358148,1733.8294677734375,665516
2023-12-20,1741.715485363414,1649.404541015625,935231
2023-12-21,1650.082073013467,1672.9661865234375,511339
2023-12-22,1678.09465901204,1674.12744140625,386580
2023-12-26,1672.047122317994,1679.5946044921875,234496
2023-12-27,1688.4966268291519,1675.869140625,310986
2023-12-28,1688.448080422775,1748.92431640625,1412545
2023-12-29,1739.2480767054356,1712.977294921875,1065841
2024-01-01,1726.2336181997625,1709.638916015625,381834
2024-01-02,1712.6870021060856,1683.41650390625,400171
2024-01-03,1692.3669749581475,1693.3345947265625,238662
2024-01-04,1693.3346251704088,1709.20361328125,572327
2024-01-05,1710.751802644902,1701.510986328125,901783
2024-01-08,1703.010768613087,1663.677001953125,280952
2024-01-09,1678.8203422091483,1673.1597900390625,340843
2024-01-10,1662.4676013751105,1662.7579345703125,501923
2024-01-11,1663.144879461728,1660.725830078125,1474994
2024-01-12,1669.4345589581283,1687.8193359375,1688219
2024-01-15,1698.0760501143902,1696.237548828125,1967685
2024-01-16,1693.2863523269568,1675.5789794921875,555077
2024-01-17,1659.467891732442,1642.5345458984375,941316
2024-01-18,1642.0507548582377,1712.2999267578125,4604722
2024-01-19,1741.7640845954136,1681.4813232421875,3493574
2024-01-23,1683.658348678978,1648.9207763671875,868651
2024-01-24,1653.9526054980054,1672.676025390625,420843
2024-01-25,1672.6759790356518,1661.01611328125,365596
2024-01-29,1657.6295300016327,1658.0166015625,436769
2024-01-30,1661.2096974545182,1648.4854736328125,327585
2024-01-31,1655.113603146161,1680.803955078125,454051
2024-02-01,1687.1901932534845,1649.1143798828125,401889
2024-02-02,1654.6299523920738,1643.69580078125,376792
2024-02-05,1649.791884679583,1628.6494140625,410131
2024-02-06,1628.649312425537,1649.8402099609375,498733
2024-02-07,1659.4678415345752,1639.1478271484375,167847
2024-02-08,1645.3406534532176,1702.8656005859375,2131671
2024-02-09,1713.6063107975745,1703.8333740234375,808998
2024-02-12,1711.3808533442584,1669.0474853515625,368071
2024-02-13,1670.063350447061,1689.5609130859375,373890
2024-02-14,1666.2412635137837,1695.9471435546875,256106
2024-02-15,1701.9948257719834,1697.68896484375,243156
2024-02-16,1698.124251534811,1753.6656494140625,1911155
2024-02-19,1768.8089926049124,1756.7137451171875,1179354
2024-02-20,1760.1004614195563,1762.858154296875,894471
2024-02-21,1770.7442059609584,1737.1678466796875,606897
2024-02-22,1742.1509210947906,1763.003173828125,455473
2024-02-23,1770.7441836379553,1765.470703125,545762
2024-02-26,1768.8090436784403,1809.7877197265625,1275655
2024-02-27,1809.7875848493204,1847.669921875,1603806
2024-02-28,1850.0406809542665,1851.00830078125,1194566
2024-02-29,1849.1214770381243,1860.9263916015625,1710716
2024-03-01,1865.7162070921536,1843.8480224609375,526663
2024-03-04,1862.6682291928728,1920.2900390625,2194110
2024-03-05,1920.7252397290565,1929.7724609375,883772
2024-03-06,1933.3528631619815,1927.4019775390625,935010
2024-03-07,1925.5634829952385,1946.3673095703125,1245000
2024-03-11,1933.8849344264522,1891.2613525390625,820370
2024-03-12,1902.340437401879,1923.2894287109375,947277
2024-03-13,1925.611908395317,1824.5439453125,702854
2024-03-14,1809.4489515823507,1867.5545654296875,814168
2024-03-15,1867.506164397865,1872.1990966796875,718014
2024-03-18,1869.9252388150314,1899.0989990234375,712910
2024-03-19,1895.6155209923397,1848.3956298828125,587021
2024-03-20,1857.0557270477016,1827.1563720703125,643347
2024-03-21,1847.1861303633182,1846.4119873046875,440321
2024-03-22,1867.5061466891939,1860.3941650390625,478386
2024-03-26,1860.3943091897195,1884.536376953125,469695
2024-03-27,1885.5039198510146,1909.259033203125,568678
2024-03-28,1909.2590191380048,1945.3028564453125,792545
2024-04-01,1955.559544513001,1970.6060791015625,649428
2024-04-02,1977.6697732035884,2006.698486328125,581309
2024-04-03,2001.9569026604352,1987.587890625,724183
2024-04-04,1990.39390932903,1990.9261474609375,513272
2024-04-05,1992.32906959547,1995.0384521484375,768390
2024-04-08,1997.11882963574,1981.92724609375,214289
2024-04-09,1988.4586546676906,1947.47998046875,488171
2024-04-10,1954.592039049614,1906.7432861328125,365580
2024-04-12,1911.0490216366488,1882.455810546875,601527
2024-04-15,1877.0857608529188,1847.3797607421875,574096
2024-04-16,1837.7034627272265,1822.7537841796875,520016
2024-04-18,1792.9993626219132,1794.063720703125,2078642
2024-04-19,1789.9998760708966,1698.3662109375,2968937
2024-04-22,1704.9461236980146,1667.1605224609375,1774498
2024-04-23,1678.8203503693346,1688.4481201171875,821183
2024-04-24,1697.2535613844193,1689.5609130859375,476505
2024-04-25,1689.560890441814,1686.9483642578125,519313
2024-04-26,1698.1726908704973,1699.769287109375,316817
2024-04-29,1699.769357040415,1677.61083984375,510632
2024-04-30,1680.2233029936556,1673.8370361328125,469868
2024-05-02,1674.9499228878517,1687.2386474609375,302126
2024-05-03,1701.5594172770598,1665.9993896484375,343210
2024-05-06,1674.6111634756887,1668.6602783203125,264859
2024-05-07,1671.85353694907,1664.160888671875,442393
2024-05-08,1662.3707641302199,1699.9627685546875,697275
2024-05-09,1707.8489295527484,1670.20849609375,345276
2024-05-10,1669.1442461758124,1685.6422119140625,207663
2024-05-13,1683.6584246794919,1686.7547607421875,179448
2024-05-14,1691.3509529854682,1712.8804931640625,360123
2024-05-15,1722.3147746500852,1711.57421875,259897
2024-05-16,1717.5250398134012,1746.989013671875,682620
2024-05-17,1736.1517374485466,1743.69921875,300442
2024-05-21,1753.3271247685414,1761.93896484375,421584
2024-05-22,1770.405602135261,1758.9393310546875,265165
2024-05-23,1775.5823840546602,1775.1953125,286711
2024-05-24,1777.5175980961135,1779.0174560546875,194443
2024-05-27,1780.420526017322,1759.61669921875,264144
2024-05-28,1764.8901070624297,1741.4737548828125,373270
2024-05-29,1727.2012510630743,1732.4747314453125,205857
2024-05-30,1727.5884539171352,1705.6234130859375,283686
2024-05-31,1711.719350728461,1720.71826171875,592937
2024-06-03,1746.5052272115622,1717.7669677734375,1016552
2024-06-04,1714.0901325960024,1614.2318115234375,889190
2024-06-05,1615.9250217531344,1691.689697265625,660369
2024-06-06,1691.6898233147247,1733.1038818359375,375930
2024-06-07,1740.7480837098979,1754.0528564453125,406704
2024-06-10,1769.7765823044144,1798.80517578125,1139930
2024-06-11,1804.6109987057137,1817.915771484375,573625
2024-06-12,1833.6395894293416,1835.5748291015625,666238
2024-06-13,1863.6357835496306,1816.222412109375,732633
2024-06-14,1821.1089129529282,1807.90087890625,276056
2024-06-18,1815.0612804146936,1807.707275390625,342146
2024-06-19,1810.4166218936648,1771.9537353515625,516880
2024-06-20,1775.5339437663852,1804.804443359375,531539
2024-06-21,1809.4489094985947,1785.984130859375,364804
2024-06-24,1785.3069571027524,1789.4676513671875,188241
2024-06-25,1793.9186408807307,1778.0013427734375,215959
2024-06-26,1778.485220218731,1781.9686279296875,371714
2024-06-27,1782.1622657501603,1798.2247314453125,426729
2024-06-28,1807.5137611743921,1794.4024658203125,343288
2024-07-01,1802.8972579199535,1812.0755615234375,220507
2024-07-02,1813.1984705000084,1844.931884765625,1280752
2024-07-03,1849.9603659655788,1850.0579833984375,651064
2024-07-04,1851.2784955743577,1832.043212890625,391028
2024-07-05,1834.3865961005442,1843.76025390625,247619
2024-07-08,1843.7603321662327,1813.393798828125,269813
2024-07-09,1809.292804157839,1800.260986328125,482737
2024-07-10,1809.7810709503785,1811.0015869140625,248412
2024-07-11,1815.10240959115,1824.9154052734375,262273
2024-07-12,1829.5045398762709,1815.6395263671875,172882
2024-07-15,1819.105850943282,1827.0147705078125,183187
2024-07-16,1827.0147889676864,1807.388916015625,223941
2024-07-18,1791.7173925187985,1826.3311767578125,856144
2024-07-19,1830.7739994196813,1746.2166748046875,1554675
2024-07-22,1742.9456272605485,1743.5802001953125,605985
2024-07-23,1752.7097590393103,1743.433837890625,476069
2024-07-24,1744.8495430733533,1804.89892578125,794721
2024-07-25,1781.9533669870173,1788.153564453125,287249
2024-07-26,1798.552279503221,1841.905029296875,588627
2024-07-29,1850.2533042002576,1831.3597412109375,388102
2024-07-30,1840.5380373013597,1862.50732421875,1307192
2024-07-31,1864.948370834249,1943.793701171875,2224136
2024-08-01,1945.7465000904601,1924.363037109375,601244
2024-08-02,1907.9106379116172,1905.3231201171875,476193
2024-08-05,1852.6456197172072,1825.843017578125,527971
2024-08-06,1835.9489040783105,1798.25927734375,273051
2024-08-07,1816.1277521188558,1832.482666015625,470443
2024-08-08,1835.6559714335062,1810.7574462890625,218275
2024-08-09,1822.4255892395975,1842.9791259765625,249046
2024-08-12,1826.233511615016,1842.2467041015625,356132
2024-08-13,1841.4656039597514,1805.8265380859375,179437
2024-08-14,1805.8265449588405,1790.1063232421875,237215
2024-08-16,1799.47978132041,1820.619140625,146375
2024-08-19,1820.8633610859422,1827.1124267578125,170949
2024-08-20,1830.7739074205008,1835.118896484375,405109
2024-08-21,1834.7284497500539,1842.5885009765625,193195
2024-08-22,1847.2752413344947,1873.6871337890625,354780
2024-08-23,1884.3790021835089,1861.9215087890625,186732
2024-08-26,1870.318590863447,1901.759033203125,464678
2024-08-27,1908.8869566760945,1900.2457275390625,262769
2024-08-28,1910.839849763316,1883.0120849609375,508814
2024-08-29,1886.429511189521,1887.3570556640625,163374
2024-08-30,1898.0487563098634,1915.5753173828125,787434
2024-09-02,1916.7471213896813,1918.8463134765625,305124
2024-09-03,1918.846305369344,1934.7130126953125,597370
2024-09-04,1913.7689823840676,1906.0552978515625,178351
2024-09-05,1914.7454363398529,1930.5145263671875,216620
2024-09-06,1925.7788835317433,1895.558837890625,180122
2024-09-09,1878.6180987582657,1880.4244384765625,224997
2024-09-10,1890.286192164466,1950.189208984375,1071168
2024-09-11,1962.5896305406723,1935.884765625,924112
2024-09-12,1943.9889419911733,1973.76953125,1491829
2024-09-13,1985.9258853369206,2011.60546875,1011923
2024-09-16,2025.080015644078,1999.205078125,173824
2024-09-17,1987.9764368420895,1982.069091796875,285534
2024-09-18,1973.4277466289814,1948.041015625,226556
2024-09-19,1952.825517537337,1928.6593017578125,501366
2024-09-20,1938.7651630980909,1921.580322265625,372956
2024-09-23,1931.3932891762609,1960.3927001953125,319324
2024-09-24,1965.3236367699633,1975.234130859375,435601
2024-09-25,1977.2358827404382,2077.513427734375,2690694
2024-09-26,2089.52332740077,2094.5517578125,1742981
2024-09-27,2094.405227751882,2076.292724609375,504339
2024-09-30,2068.0420602346585,2084.39697265625,474793
2024-10-01,2092.4525536515634,2107.8310546875,826483
2024-10-03,2069.995062734261,2092.55029296875,673756
2024-10-04,2092.452494155482,2032.940185546875,469613
2024-10-07,2032.9402098295513,1933.2972412109375,520672
2024-10-08,1933.2972932081786,1956.877685546875,266871
2024-10-09,1957.7076346000003,1903.3702392578125,309945
2024-10-10,1906.9340987942696,1905.762451171875,417120
2024-10-11,1909.1799019131063,1917.4305419921875,333881
2024-10-14,1917.4306628449017,1905.3231201171875,171601
2024-10-15,1904.981254973545,1885.7459716796875,342243
2024-10-16,1889.3098963063073,1877.104736328125,210463
2024-10-17,1883.5001467471818,1786.8841552734375,1131344
2024-10-18,1776.0947574548268,1828.821044921875,669944
2024-10-21,1828.8699716124702,1809.1463623046875,326575
2024-10-22,1811.196727908666,1756.76171875,365598
2024-10-23,1747.7788301862402,1737.087158203125,262322
2024-10-24,1756.5665625437184,1744.849609375,780077
2024-10-25,1745.093671437751,1735.6712646484375,405214
2024-10-28,1737.135879087709,1745.1912841796875,213902
2024-10-29,1754.4185010150366,1741.96923828125,331846
2024-10-30,1738.014718654282,1744.99609375,383592
2024-10-31,1749.829248197926,1732.7908935546875,556947
2024-11-01,1752.6608222472798,1748.5599365234375,41081
2024-11-04,1739.039918003736,1705.1583251953125,368439
2024-11-05,1703.8403515274551,1714.6297607421875,240637
2024-11-06,1718.095835049452,1766.3795166015625,379098
2024-11-07,1769.2598880803596,1763.2061767578125,334850
2024-11-08,1766.3306473485604,1732.7908935546875,129546
2024-11-11,1724.3449441505607,1726.2489013671875,124439
2024-11-12,1734.1091005353917,1718.144775390625,149047
2024-11-13,1718.1447194000425,1703.9378662109375,447599
2024-11-14,1699.153480332763,1708.624755859375,121569
2024-11-18,1708.624722930832,1686.6065673828125,227643
2024-11-19,1686.5089091755237,1695.7359619140625,162668
2024-11-21,1684.3607706281869,1671.17919921875,126914
2024-11-22,1671.6186380643203,1697.15185546875,162339
2024-11-25,1709.698706503513,1742.0179443359375,506465
2024-11-26,1747.7788086413648,1723.4173583984375,241531
2024-11-27,1730.984541880175,1721.4156494140625,148132
2024-11-28,1715.703687525008,1703.9378662109375,460400
2024-11-29,1689.1940897130216,1713.7020263671875,351952
2024-12-02,1713.7020329356799,1749.878173828125,173554
2024-12-03,1762.4249710522738,1765.256591796875,445536
2024-12-04,1765.2566825557421,1758.3729248046875,293897
2024-12-05,1771.2126716789162,1763.1083984375,196144
2024-12-06,1764.3779318362806,1745.9237060546875,183784
2024-12-09,1738.0147408784346,1743.238525390625,211992
2024-12-10,1752.3678904053193,1733.230224609375,181819
2024-12-11,1737.917024767686,1796.550537109375,609522
2024-12-12,1799.0404962381492,1807.4376220703125,786410
2024-12-13,1795.7206378167932,1797.5269775390625,345271
2024-12-16,1797.6247602415085,1812.4661865234375,294052
2024-12-17,1806.6564824721916,1770.7733154296875,259393
2024-12-18,1769.3575578868004,1753.197998046875,361677
2024-12-19,1708.7223001195296,1726.2977294921875,224198
2024-12-20,1726.2977026986714,1670.1051025390625,302890
2024-12-23,1681.3338210039446,1669.128662109375,216183
2024-12-24,1678.355879221539,1681.1875,167662
2024-12-26,1681.187591666192,1692.465087890625,326464
2024-12-27,1692.4649370413836,1673.1807861328125,194715
2024-12-30,1673.1808788721676,1657.070068359375,331539
2024-12-31,1657.021238671004,1663.221435546875,142307
2025-01-01,1669.6657721752692,1684.9466552734375,115875
2025-01-02,1689.1941002206995,1703.88916015625,151336
2025-01-03,1701.8874141367476,1695.589599609375,132681
2025-01-06,1692.7579970790202,1651.3092041015625,342429
2025-01-07,1650.1375776506763,1646.6712646484375,194557
2025-01-08,1647.1595176073317,1664.4908447265625,872411
2025-01-09,1656.2401793227714,1666.5413818359375,476320
2025-01-10,1667.9082687354646,1678.35595703125,370084
2025-01-13,1660.6828575475045,1593.798583984375,287238
2025-01-14,1609.128205419386,1637.3465576171875,382855
2025-01-15,1635.491370443194,1635.7354736328125,163380
2025-01-16,1641.3987853941176,1666.931884765625,169629
2025-01-17,1664.7837404200702,1658.0953369140625,72086
2025-01-20,1655.1172242613252,1689.096435546875,146076
2025-01-21,1706.769545959304,1657.0213623046875,195763
2025-01-22,1656.972414414737,1638.3717041015625,1056383
2025-01-23,1645.1090243908031,1607.4683837890625,1122214
2025-01-24,1609.4212232147856,1591.0157470703125,355209
2025-01-27,1576.9065999560535,1532.3822021484375,318852
2025-01-28,1537.8500581991793,1522.4715576171875,261611
2025-01-29,1520.2746416446203,1518.41943359375,304022
2025-01-30,1520.0794389886316,1549.5181884765625,240945
2025-01-31,1554.4491320374696,1594.4820556640625,253718
2025-02-01,1595.0678051555335,1578.56640625,154011
2025-02-03,1562.455678246526,1523.692138671875,161248
2025-02-04,1526.621403351965,1549.030029296875,93419
2025-02-05,1549.0300273093728,1567.4842529296875,265015
2025-02-06,1573.2939783688696,1549.469482421875,173485
2025-02-07,1549.4693598496112,1567.923583984375,176864
2025-02-10,1560.2100134140815,1534.9208984375,90171
2025-02-11,1533.749248355329,1489.3712158203125,160158
2025-02-12,1493.9115204171346,1486.2467041015625,141347
2025-02-13,1496.7431257593828,1487.2718505859375,115689
2025-02-14,1490.9823243286173,1467.74365234375,235776
2025-02-17,1467.9390322785423,1471.8934326171875,193536
2025-02-18,1474.8225143007521,1453.195068359375,170265
2025-02-19,1453.1952578920782,1466.3768310546875,147128
2025-02-20,1464.3261449914935,1451.2423095703125,207052
2025-02-21,1451.291039489618,1415.9449462890625,282141
2025-02-24,1407.6455000029346,1402.1776123046875,741744
2025-02-25,1395.1473996699283,1372.29931640625,597426
2025-02-27,1373.4221858845692,1356.1884765625,458204
2025-02-28,1335.4885612896762,1320.5982666015625,796779
2025-03-03,1319.1824373677828,1292.7215576171875,915284
2025-03-04,1278.2219936675835,1285.203369140625,810532
2025-03-05,1285.3009210430996,1357.2137451171875,908298
2025-03-06,1369.077074925376,1365.41552734375,246884
2025-03-07,1365.5133340107911,1351.2088623046875,160240
2025-03-10,1352.3316546146082,1340.8099365234375,239890
2025-03-11,1333.7798096427819,1457.1495361328125,4316906
2025-03-12,1451.9257126427458,1472.479248046875,962745
2025-03-13,1464.6191693455662,1468.4759521484375,445092
2025-03-17,1474.8225307823714,1467.15771484375,328175
2025-03-18,1467.15771484375,1467.15771484375,0
2025-03-19,1479.2652306977243,1524.27783203125,1269986
2025-03-20,1538.924180100139,1567.3377685546875,748197
2025-03-21,1566.9472374813342,1572.0245361328125,473951
2025-03-24,1581.5934021500632,1573.928466796875,501821
2025-03-25,1586.6707340012672,1541.0234375,268096
2025-03-26,1549.0788599950563,1567.0936279296875,278624
2025-03-27,1565.7266794055424,1556.93896484375,489224
2025-03-28,1567.1425196854047,1540.974609375,444943
2025-04-01,1542.7321014740319,1542.390380859375,296042
2025-04-02,1546.5889646980602,1557.5736083984375,191301
2025-04-03,1544.6849869791668,1592.7733154296875,241455
2025-04-04,1592.7733009880053,1560.3564453125,205897
2025-04-07,1476.336134790012,1513.2933349609375,297314
2025-04-08,1530.3804363540114,1528.5740966796875,198820
2025-04-09,1528.085880905729,1510.8521728515625,168850
2025-04-11,1528.0370789410038,1527.3536376953125,298412
2025-04-15,1548.5907142778224,1553.4727783203125,692147
2025-04-16,1550.6409993863335,1556.10888671875,273529
2025-04-17,1561.283970646965,1528.0859375,244987
2025-04-21,1540.7793527589922,1536.678466796875,520767
2025-04-22,1547.4190463592654,1560.9910888671875,541851
2025-04-23,1611.0810973230282,1547.0284423828125,1786931
2025-04-24,1559.624125391189,1570.1693115234375,1610300
2025-04-25,1572.024490590141,1532.577392578125,699413
2025-04-28,1529.8436427062281,1543.8062744140625,180311
2025-04-29,1540.7792773993947,1542.243896484375,263086
2025-04-30,1546.6378030289607,1553.86328125,382030
2025-05-02,1561.2840395266921,1520.0794677734375,321740
2025-05-05,1520.762867730972,1553.5703125,457874
2025-05-06,1547.7118591335177,1509.1435546875,260143
2025-05-07,1484.7331809243121,1507.190673828125,312215
2025-05-08,1503.6756759820687,1471.9422607421875,216957
2025-05-09,1449.9729481147233,1480.0465087890625,192516
2025-05-12,1513.3420986876909,1530.4293212890625,207887
2025-05-13,1530.4293491613062,1528.37890625,351388
2025-05-14,1534.8232344517276,1565.9708251953125,483675
2025-05-15,1571.926973632015,1577.0042724609375,397953
2025-05-16,1577.1018305596035,1593.798583984375,537281
2025-05-19,1586.6707388956495,1604.734375,759428
2025-05-20,1611.080974674239,1595.7513427734375,561074
2025-05-21,1596.4347940511639,1625.4342041015625,458448
2025-05-22,1630.6093280781263,1628.0706787109375,656893
2025-05-23,1628.0707056846645,1635.100830078125,191866
2025-05-26,1635.49141190165,1650.821044921875,475476
2025-05-27,1650.1376012066585,1648.087158203125,351665
2025-05-28,1645.2555481105899,1650.2352294921875,309830
2025-05-29,1651.1139667045345,1648.5753173828125,440526
2025-05-30,1656.4843134327598,1636.6630859375,1147427
2025-06-02,1636.6630859375,1636.6630859375,204201
2025-06-03,1630.6092587310882,1623.9696044921875,384326
2025-06-04,1623.9697160859391,1643.009765625,201572
2025-06-05,1643.790953892109,1672.6927490234375,268839
2025-06-06,1681.3828468085605,1672.6927490234375,118217
2025-06-09,1674.5479126682972,1703.44970703125,160012
2025-06-10,1713.6044274585734,1694.076171875,325350
2025-06-11,1688.9987967693212,1672.3997802734375,471313
2025-06-12,1689.1941478599042,1660.585205078125,324324
2025-06-13,1626.7036222969941,1665.7601318359375,329268
2025-06-16,1664.783782468348,1670.154052734375,117822
2025-06-17,1670.642148117646,1669.275146484375,335254
2025-06-18,1674.2548332904964,1659.608642578125,155711
2025-06-19,1662.879034810068,1633.843017578125,315327
2025-06-20,1633.84291576534,1639.5906982421875,243281
2025-06-23,1634.8339936640161,1628.8880615234375,344916
2025-06-24,1640.8790490981116,1631.0682373046875,405865
2025-06-25,1635.1313252345374,1657.1312255859375,456321
2025-06-26,1666.842970442786,1657.924072265625,330788
2025-06-27,1661.4916272816833,1663.671875,235914
2025-06-30,1672.6898574033808,1675.365478515625,183593
2025-07-01,1671.4014626616322,1710.248291015625,250794
2025-07-02,1774.860722939899,1791.2120361328125,3532942
2025-07-03,1785.7616340285344,1761.9779052734375,1210447
2025-07-04,1761.9778314663654,1746.5184326171875,696115
2025-07-07,1741.2662104874382,1752.3653564453125,256506
2025-07-08,1744.437405150184,1747.6085205078125,249301
2025-07-09,1745.2301489583722,1745.3292236328125,257462
2025-07-10,1745.3292486465962,1737.599609375,269342
2025-07-11,1737.5996176067988,1696.37451171875,873701
2025-07-14,1702.5184844900386,1697.9599609375,519669
2025-07-15,1699.6446485562335,1713.1220703125,148444
2025-07-16,1718.0770659874665,1708.5635986328125,172293
2025-07-17,1715.4014026665836,1715.9959716796875,209083
2025-07-18,1684.9781025508496,1747.9058837890625,3463462
2025-07-21,1747.8067204977333,1755.2391357421875,650988
2025-07-22,1757.9147768349092,1721.0499267578125,456869
2025-07-23,1719.068037612295,1725.9058837890625,278934
2025-07-24,1724.3203201271876,1712.9239501953125,166058
2025-07-25,1709.2573586753397,1713.2213134765625,376869
2025-07-28,1704.500558220766,1709.05908203125,497095
2025-07-29,1702.617575762743,1713.8157958984375,442463
2025-07-30,1714.3113585400413,1742.752685546875,385517
2025-07-31,1750.085960802455,1709.1580810546875,622290
2025-08-01,1704.5995945997904,1652.17626953125,214125
2025-08-04,1650.9871722711978,1660.302490234375,210226
2025-08-05,1672.88792030841,1675.9599609375,197782
2025-08-06,1673.8789473436352,1669.81591796875,159501
2025-08-07,1664.1673603669944,1657.4285888671875,248032
2025-08-08,1651.5816365435842,1639.5906982421875,108931
2025-08-11,1635.131339046567,1649.8970947265625,369305
2025-08-12,1643.554767254605,1612.338623046875,211374
2025-08-13,1622.8430677118254,1625.0233154296875,134127
2025-08-14,1625.2214071957744,1679.626708984375,243641
2025-08-18,1683.689719869281,1658.3204345703125,148861
2025-08-19,1658.8159809808192,1653.761962890625,236976
2025-08-20,1653.6627454669335,1630.37451171875,86667
2025-08-21,1635.1313404349728,1574.6810302734375,3645917
2025-08-22,1574.681056863387,1590.0413818359375,554087
2025-08-25,1590.0413750453324,1580.4288330078125,1961794
2025-08-26,1575.5729322168784,1548.7171630859375,737402
2025-08-28,1568.8341320755108,1545.5458984375,323930
2025-08-29,1545.7441651404995,1534.64501953125,458704
2025-09-01,1545.9423609164799,1546.933349609375,135915
2025-09-02,1550.8972679381598,1537.5189208984375,89974
2025-09-03,1546.9332867531534,1551.9873046875,954704
2025-09-04,1552.7801339198966,1540.293701171875,525937
2025-09-05,1536.032405981792,1535.635986328125,167009
2025-09-08,1546.536869746961,1533.0594482421875,105826
2025-09-09,1535.041411792076,1589.05029296875,623935
2025-09-10,1597.4737610136704,1568.437744140625,248548
2025-09-11,1568.7351257024266,1569.032470703125,218717
2025-09-12,1571.113437149909,1599.4556884765625,372217
2025-09-15,1599.4557029409568,1655.2484130859375,358797
2025-09-16,1669.8159229884361,1698.3564453125,406161
2025-09-17,1704.5005149649871,1677.8428955078125,227022
2025-09-18,1687.6536707992161,1668.428466796875,399160
2025-09-19,1675.6627397294337,1669.2213134765625,660439
2025-09-22,1669.2213931229749,1638.0052490234375,119952
2025-09-23,1651.3834946367904,1640.383544921875,140911
2025-09-24,1649.005136972026,1639.6898193359375,125768
2025-09-25,1640.0862454549267,1643.85205078125,155533
2025-09-26,1627.2033521868946,1599.1583251953125,147048
2025-09-29,1603.419665020294,1598.4647216796875,418238
2025-09-30,1613.230495486994,1598.7620849609375,183007
2025-10-01,1598.7620374381106,1598.662841796875,218770
2025-10-03,1598.6628783795293,1599.257568359375,174603
2025-10-06,1599.257542923843,1643.5546875,254214
2025-10-07,1650.9871371299344,1647.5186767578125,99963
2025-10-08,1657.4285648008236,1673.97802734375,449032
2025-10-09,1661.8880192682313,1681.5096435546875,140768
2025-10-10,1686.2662617235749,1853.346923828125,14534247
2025-10-13,1816.4821806665113,1781.9957275390625,1042994
2025-10-14,1782.8876752368335,1855.725341796875,3585496
2025-10-15,1927.4729721739498,1937.48193359375,7094725
2025-10-16,1920.5360396906538,1953.5360107421875,2679217
2025-10-17,1950.2657438170586,1909.5361328125,669152
2025-10-20,1918.0585749445795,1887.9324951171875,778439
2025-10-21,1894.57218906655,1898.0406494140625,52989
2025-10-23,1901.7072464239961,1835.5091552734375,303295
2025-10-24,1848.1939014805018,1878.91455078125,348115
2025-10-27,1878.518140670341,1923.806396484375,569518
2025-10-28,1923.5090264938744,1889.51806640625,316026
2025-10-29,1887.9324432243468,1892.490966796875,162596
2025-10-30,1892.491048822276,1896.55419921875,566326
2025-10-31,1897.4459030908545,1858.5001220703125,151996
2025-11-03,1858.500220469766,1883.8695068359375,172062
2025-11-04,1889.5180711025323,1888.2298583984375,266994
2025-11-06,1888.2298286747953,1825.401123046875,244304
2025-11-07,1823.4191792431627,1832.7344970703125,235066
2025-11-10,1814.9957737482828,1827.2840576171875,147135
2025-11-11,1829.761541262674,1823.419189453125,103987
2025-11-12,1826.986724542778,1823.419189453125,252740
2025-11-13,1825.5002489081367,1871.6802978515625,357069
2025-11-14,1877.8244806489606,1857.11279296875,284656
2025-11-17,1864.2478273330512,1889.71630859375,205924
2025-11-18,1889.0225015918188,1863.9505615234375,131300
2025-11-19,1863.9506061547552,1858.5992431640625,127977
2025-11-20,1876.9325449800829,1900.1217041015625,367033
2025-11-21,1907.6532394196674,1903.5902099609375,485135
2025-11-24,1909.5361165708052,1863.8515625,333641
2025-11-25,1857.2118959493998,1809.4462890625,253693
2025-11-26,1814.7976395207634,1834.320068359375,316546
2025-11-27,1834.0227300617178,1826.2930908203125,215165
2025-11-28,1826.9866308412277,1798.842529296875,297113
2025-12-01,1809.3471994128129,1820.0498046875,178517
2025-12-02,1823.4191548214503,1831.6444091796875,248199
2025-12-03,1834.320081525085,1848.0948486328125,559106
2025-12-04,1848.0948300587754,1830.157958984375,143925
2025-12-05,1838.0858677951271,1821.338134765625,179118
2025-12-08,1833.3289842669576,1795.4732666015625,228640
2025-12-09,1793.887632586152,1790.1219482421875,301851
2025-12-10,1801.617424843837,1779.815673828125,78895
2025-12-11,1779.815663312856,1759.30224609375,289405
2025-12-12,1769.212124223292,1782.8876953125,495707
2025-12-15,1782.8877448429732,1776.2481689453125,63859
2025-12-16,1776.7436379193969,1808.356201171875,328010
2025-12-17,1807.166951033487,1811.22998046875,121148
2025-12-18,1794.7795253523725,1775.5543212890625,123552
2025-12-19,1775.8516772409207,1808.2569580078125,227855
2025-12-22,1803.5994344802086,1781.6986083984375,155929
2025-12-23,1791.1129946806332,1777.536376953125,121814
2025-12-24,1773.869743246457,1755.4373779296875,103089
2025-12-26,1756.9238225764216,1761.5814208984375,95640
2025-12-29,1761.5814919734746,1783.7796630859375,322808
2025-12-30,1782.788637643529,1795.3741455078125,404889
2025-12-31,1795.374141756668,1808.8516845703125,367823
2026-01-01,1808.8517178032498,1795.176025390625,112678
2026-01-02,1790.2209879792008,1773.96875,155242
2026-01-05,1776.7436021514243,1786.7525634765625,147231
2026-01-06,1792.6985556511988,1788.437255859375,143989
2026-01-07,1787.7435713694222,1783.6805419921875,295013
2026-01-08,1774.8607557113874,1759.8968505859375,107731
2026-01-09,1759.8967672147724,1726.0048828125,125140
2026-01-12,1724.3202743233855,1721.6446533203125,160794
2026-01-13,1719.4644010156164,1722.932861328125,70975
2026-01-14,1718.374375508641,1737.7977294921875,86369
2026-01-15,1737.7977294921875,1737.7977294921875,0
2026-01-16,1744.140059301433,1738.7886962890625,183380
2026-01-19,1726.5004458788712,1746.1220703125,167121
2026-01-20,1739.7796844142151,1696.770751953125,195048
2026-01-21,1693.104183779121,1603.2215576171875,994813
2026-01-22,1585.5819025224525,1533.951416015625,2035590
2026-01-23,1541.978398827399,1546.1405029296875,617465
2026-01-27,1546.9333076568885,1542.176513671875,141753
2026-01-28,1542.3747351271095,1515.6180419921875,409930
2026-01-29,1516.7082201252151,1514.8253173828125,449086
2026-01-30,1514.8252081165115,1556.34765625,482770
2026-02-02,1602.3296601101295,1556.0504150390625,538226
2026-02-03,1605.4017079203609,1569.032470703125,371475
2026-02-04,1569.0323940291796,1548.1224365234375,132201
2026-02-05,1548.122484342475,1536.032470703125,87008
2026-02-06,1536.032386881533,1538.7080078125,79648
2026-02-09,1547.924355036886,1559.4197998046875,309924
2026-02-10,1569.726024082387,1661.6898193359375,507715
2026-02-11,1669.8159087576578,1687.9510498046875,575397
2026-02-12,1678.7347633304887,1689.9329833984375,121469
2026-02-13,1664.8609298016515,1641.9691162109375,141869
2026-02-16,1610.4556429180257,1606.9871826171875,100016
2026-02-17,1596.4827850038255,1636.419677734375,80666
2026-02-18,1635.1313518852814,1642.662841796875,80604
2026-02-19,1650.5907267303292,1641.57275390625,180291
2026-02-20,1640.086196826823,1671.50048828125,526249
2026-02-23,1671.5005512561668,1666.446533203125,187804
2026-02-24,1670.1133075344794,1608.176513671875,334083
2026-02-25,1616.1044201548505,1614.9151611328125,276162
2026-02-26,1617.2934738446918,1645.3385009765625,133512
2026-02-27,1645.6357298069438,1583.1043701171875,974472
2026-03-02,1560.807186286015,1530.58203125,199684
2026-03-04,1500.0595647721584,1469.4381103515625,207874
2026-03-05,1478.951577863699,1448.4290771484375,295136
2026-03-06,1437.032619211957,1443.5731201171875,359915
2026-03-09,1413.14981986935,1470.0325927734375,579665
2026-03-10,1476.771244751185,1463.2938232421875,241682
2026-03-11,1465.672229403609,1469.537109375,279168
2026-03-12,1461.708351772045,1436.239990234375,146992
2026-03-13,1427.0236697317396,1385.501220703125,548247
2026-03-16,1387.3841369456002,1399.2760009765625,344382
2026-03-17,1408.6903786901812,1422.0687255859375,343567
2026-03-18,1423.9515984990521,1483.212646484375,199413
2026-03-19,1475.8795269363538,1427.9156494140625,207893
2026-03-20,1431.780520481769,1404.0328369140625,269220
2026-03-23,1397.4921974019994,1370.537353515625,649938
2026-03-24,1408.194904638047,1394.618408203125,230988
2026-03-25,1405.2219844095555,1436.7354736328125,210536
2026-03-27,1436.7353778208112,1385.699462890625,287286
2026-03-30,1387.3841479942441,1335.753662109375,344621
2026-04-01,1364.7895109206531,1377.67236328125,251619
2026-04-02,1349.52837375032,1374.798583984375,243243
2026-04-06,1367.5644191351814,1390.059814453125,261005
2026-04-07,1372.519311577222,1385.798583984375,197988
2026-04-08,1446.8434882519166,1455.365966796875,222887
2026-04-09,1455.0687636507764,1457.744384765625,424150
2026-04-10,1459.1316954943816,1495.40185546875,404524
2026-04-13,1472.3118453345946,1498.6722412109375,291368
2026-04-15,1516.2126894024675,1547.4288330078125,239338
2026-04-16,1547.428786585619,1547.3297119140625,247776
2026-04-17,1541.3837815955399,1507.392822265625,576905
2026-04-20,1520.1766452593276,1502.04150390625,260472
2026-04-21,1511.6541935517344,1499.7623291015625,353133
2026-04-22,1501.7442235889102,1511.2576904296875,540645
2026-04-23,1521.1675562012292,1566.4556884765625,2928832
2026-04-24,1575.6719763694477,1506.8973388671875,1139761
2026-04-27,1506.897304305558,1560.509765625,567338
2026-04-28,1560.5098046853755,1584.1944580078125,672007
2026-04-29,1592.5187567875043,1587.761962890625,431680
2026-04-30,1567.744051341051,1566.257568359375,277687
2026-05-01,1566.257568359375,1566.257568359375,0
2026-05-04,1572.401692809282,1555.455810546875,399484
2026-05-05,1555.8521690148432,1544.9512939453125,418928
2026-05-06,1564.7710999033873,1576.6629638671875,456933
2026-05-07,1584.7890901654762,1579.1405029296875,223943
2026-05-08,1579.5368516095034,1577.9512939453125,369396
2026-05-11,1562.6901083017872,1557.3387451171875,158224
2026-05-12,1557.338654464762,1526.0234375,257072
2026-05-13,1531.0774819122469,1544.753173828125,278572
2026-05-14,1559.8161260332322,1641.17626953125,1323852
2026-05-15,1654.9510752360027,1664.8609619140625,505345
2026-05-18,1652.4735645416038,1653.365478515625,134209
2026-05-19,1653.3655648548693,1631.761962890625,378037
2026-05-20,1615.5097081140532,1759.5994873046875,3191014
2026-05-21,1768.9148237244995,1879.2119140625,1722042
2026-05-22,1882.6803332619415,1946.3017578125,2440357
2026-05-25,1946.3017600824026,1918.5540771484375,824325
2026-05-26,1918.3559626252636,1990.995361328125,2522180
2026-05-27,1990.8962397365128,1948.8782958984375,1155522
2026-05-28,1948.8782958984375,1948.8782958984375,0
2026-05-29,1952.2476679289916,1947.292724609375,1178387
2026-06-01,1966.7161294612097,1925.0946044921875,586383
2026-06-02,1918.1576745416269,1889.0225830078125,496274
2026-06-03,1889.0225913153815,1916.2747802734375,764419
2026-06-04,1924.995462702046,1968.00439453125,902558
2026-06-05,1981.9773794615194,1954.92333984375,951148
2026-06-08,1945.3107231894003,1888.626220703125,479458
2026-06-09,1902.797341310198,1957.9954833984375,721557
2026-06-10,1956.409767296566,1960.7701416015625,678230
2026-06-11,1948.28369140625,1948.28369140625,445629
2026-06-12,1962.1575682818793,1948.8782958984375,281125
2026-06-15,1981.9773496735902,1916.4730224609375,596415
2026-06-16,1922.5180829729836,1896.35595703125,510643
2026-06-17,1902.6982203230937,1882.6802978515625,839867
2026-06-18,1910.626158599382,1924.5,801616
2026-06-19,1921.0,1988.800048828125,1088874
2026-06-22,2003.0,2061.699951171875,2750046
2026-06-23,2076.0,2023.199951171875,797690
2026-06-24,2025.0,2028.5,1421800
2026-06-25,2032.0,1991.9000244140625,464660
2026-06-26,1991.9000244140625,1991.9000244140625,0
2026-06-29,1990.0999755859375,1993.4000244140625,769232
2026-06-30,1987.0,1970.5999755859375,579724
2026-07-01,1970.5999755859375,1911.699951171875,452813
2026-07-02,1924.9000244140625,1938.0,704700
2026-07-03,1938.0,1906.699951171875,452279
2026-07-06,1908.699951171875,1892.0,276858
2026-07-07,1891.0,1906.9000244140625,337759
2026-07-08,1906.699951171875,1886.199951171875,254484
2026-07-09,1898.0,1870.4000244140625,214737
2026-07-10,1886.199951171875,1856.199951171875,577543
2026-07-13,1857.0,1835.4000244140625,324577
2026-07-14,1838.9000244140625,1848.5999755859375,112339
2026-07-15,1852.9000244140625,1855.699951171875,144266
2026-07-16,1866.0,1839.9000244140625,113550
2026-07-17,1842.9000244140625,1817.0999755859375,180878
2026-07-20,1815.0,1822.5999755859375,106024
2026-07-21,1808.0,1818.800048828125,132112
2026-07-22,1830.0,1761.4000244140625,1705525
2026-07-23,1765.699951171875,1800.699951171875,653698
2026-07-24,1799.9000244140625,1775.300048828125,187353
2026-07-27,1787.699951171875,1735.199951171875,387586
2026-07-28,1735.199951171875,1764.5,427084
2026-07-29,1779.4000244140625,1780.699951171875,210812
2026-07-30,1781.199951171875,1773.699951171875,176583
2026-07-31,1781.699951171875,1756.4000244140625,175054
2026-08-03,1765.9000244140625,1780.0999755859375,206782
2026-08-04,1781.199951171875,1778.5,178632
2026-08-05,1783.0999755859375,1747.800048828125,474605
2026-08-06,1747.9000244140625,1735.5,204750
2026-08-07,1736.0,1755.199951171875,156599
2026-08-10,1750.0,1739.4000244140625,193310
2026-08-11,1731.0,1746.0999755859375,259631
2026-08-12,1754.0,1736.199951171875,195930
2026-08-13,1730.0999755859375,1758.199951171875,208826
2026-08-14,1758.199951171875,1718.0999755859375,242658
2026-08-17,1725.0,1711.9000244140625,249346
2026-08-18,1700.0999755859375,1689.800048828125,357284
2026-08-19,1685.0,1660.0,284561
2026-08-20,1675.699951171875,1677.5,202057
2026-08-21,1677.0999755859375,1655.4000244140625,152406
2026-08-24,1660.0,1688.5,214293
2026-08-25,1688.699951171875,1699.9000244140625,416394
2026-08-26,1700.0,1649.300048828125,310370
2026-08-27,1649.300048828125,1689.5999755859375,290206
2026-08-28,1685.4000244140625,1694.699951171875,205459
2026-08-31,1695.0,1723.4000244140625,325333
2026-09-01,1735.0999755859375,1733.800048828125,196386
2026-09-02,1733.0,1710.0,505913
2026-09-03,1707.0,1696.4000244140625,228034
2026-09-04,1696.4000244140625,1756.0999755859375,276930
2026-09-07,1754.0999755859375,1738.5,185621
2026-09-08,1746.9000244140625,1752.800048828125,257972
2026-09-09,1752.0,1772.800048828125,207805
2026-09-10,1760.0,1764.4000244140625,187640
2026-09-11,1756.199951171875,1761.5999755859375,167102
2026-09-14,1761.5999755859375,1761.5999755859375,0
2026-09-15,1767.9000244140625,1748.199951171875,285951
2026-09-16,1754.9000244140625,1799.300048828125,317034
2026-09-17,1810.0,1791.5999755859375,310186
2026-09-18,1794.800048828125,1780.0999755859375,713124
2026-09-21,1771.0,1732.699951171875,110793
2026-09-22,1733.0,1692.4000244140625,136597
