Date,Open,Close,Volume
2018-01-01,2693.8896692246335,2695.5263671875,46922
2018-01-02,2724.698707109277,2681.469482421875,22436
2018-01-03,2705.443142885482,2649.5048828125,28333
2018-01-04,2657.303377794738,2615.373779296875,33962
2018-01-05,2628.3234786697108,2630.104736328125,42619
2018-01-08,2656.340873166765,2560.44677734375,58569
2018-01-09,2594.7220227206403,2478.51318359375,59892
2018-01-10,2474.373164630567,2383.389404296875,69117
2018-01-11,2380.019677467848,2630.00830078125,543047
2018-01-12,2656.388904987822,2599.584228515625,255132
2018-01-15,2609.163412231326,2483.5673828125,105745
2018-01-16,2497.4803478987174,2458.4873046875,162898
2018-01-17,2475.3362680863875,2422.286376953125,68694
2018-01-18,2455.1172405609436,2400.81591796875,89605
2018-01-19,2407.940135160516,2364.0849609375,54491
2018-01-22,2388.6366601653476,2457.5244140625,156592
2018-01-23,2484.3381999710095,2750.597900390625,459814
2018-01-24,2753.5342488018214,2717.86279296875,328703
2018-01-25,2731.438039038375,2747.5166015625,241815
2018-01-29,2786.317111848468,2743.087890625,95999
2018-01-30,2731.7756152613606,2629.96044921875,68262
2018-01-31,2637.0851604989175,2606.420166015625,50778
2018-02-01,2626.3016358039163,2696.489013671875,218571
2018-02-02,2662.1173743019426,2611.041259765625,111122
2018-02-05,2541.720540786021,2561.843017578125,80738
2018-02-06,2469.703538066654,2525.160400390625,82801
2018-02-07,2676.559188824396,2774.908203125,495976
2018-02-08,2799.796631697018,2736.01171875,172706
2018-02-09,2681.3733255334723,2668.03857421875,84225
2018-02-12,2713.145503174472,2736.73388671875,114807
2018-02-14,2768.0245132759396,2724.6025390625,88839
2018-02-15,2748.76845406933,2698.221923828125,62789
2018-02-16,2738.1779275013855,2693.311767578125,93855
2018-02-19,2686.283432579479,2583.697998046875,67612
2018-02-20,2575.4662496049123,2570.1708984375,66935
2018-02-21,2599.536003910375,2735.28955078125,194437
2018-02-22,2734.326598597983,2829.5947265625,318986
2018-02-23,2872.9684958832227,3079.6796875,770998
2018-02-26,3153.14065044522,3257.747802734375,525258
2018-02-27,3321.629401261568,3334.4345703125,448221
2018-02-28,3355.2305535160754,3778.23291015625,971532
2018-03-01,4042.759854349097,3956.734375,2116459
2018-03-05,3898.341192583223,3762.587646484375,588918
2018-03-06,3813.6158302970175,3811.78662109375,439794
2018-03-07,3778.9547729951505,3727.878662109375,243040
2018-03-08,3804.950689767131,3684.98681640625,201850
2018-03-09,3716.3735001271457,3580.95703125,193506
2018-03-12,3634.5364758535375,3631.6962890625,200403
2018-03-13,3639.3503773666794,3802.158447265625,487080
2018-03-14,3810.630100136688,4182.36376953125,880716
2018-03-15,4380.699450019122,3975.412353515625,826741
2018-03-16,3941.666579704967,3960.778076171875,314626
2018-03-19,3994.620282873168,3938.1044921875,204841
2018-03-20,3858.866908108625,3775.826171875,185050
2018-03-21,3811.4974403641622,3910.472412109375,277766
2018-03-22,3945.518020196368,3816.07080078125,135319
2018-03-23,3697.117994532318,3697.840087890625,125955
2018-03-26,3716.3734808026593,3652.107177734375,190508
2018-03-27,3677.8619218707227,3738.42138671875,187184
2018-03-28,3697.117831309739,3726.96435546875,165826
2018-04-02,3764.513506578405,3827.2392578125,153350
2018-04-03,3831.90887001351,3895.597412109375,163619
2018-04-04,3908.931853738798,3808.5126953125,131400
2018-04-05,3851.164827071554,3878.411865234375,141847
2018-04-06,3875.2342211412083,3889.7724609375,162674
2018-04-09,3899.3039179089924,4399.0888671875,902930
2018-04-10,4424.025046441099,4404.6728515625,698609
2018-04-11,4404.672633767005,4308.15283203125,302294
2018-04-12,4313.304505254487,4314.41162109375,245709
2018-04-13,4342.18778499272,4220.29833984375,157342
2018-04-16,4130.3734651530185,4142.841796875,132344
2018-04-17,4146.7410448582505,4297.22509765625,392102
2018-04-18,4308.490262505706,4202.96826171875,106300
2018-04-19,4198.731668499933,4223.4755859375,181580
2018-04-20,4217.024743999706,4273.1552734375,301546
2018-04-23,4303.6758143817015,4278.546875,117125
2018-04-24,4284.419938516827,4209.08154296875,100960
2018-04-25,4207.782111820047,3971.850341796875,164968
2018-04-26,3983.9333085697676,3793.108154296875,182019
2018-04-27,3821.317511965036,3720.17626953125,146719
2018-04-30,3754.307636034057,3762.9248046875,143466
2018-05-02,3781.747219952345,3759.98828125,110735
2018-05-03,3745.1611323216953,3695.962646484375,343763
2018-05-04,3670.159297980335,3575.998291015625,122925
2018-05-07,3574.843222241721,3437.019775390625,109956
2018-05-08,3441.0155033146543,3499.40869140625,187482
2018-05-09,3509.3738127496404,3510.62548828125,87122
2018-05-10,3519.9642595287132,3461.426513671875,91369
2018-05-11,3485.303755545017,3373.8125,71484
2018-05-14,3374.486434015395,3346.661865234375,75228
2018-05-15,3360.044388973651,3360.959228515625,103156
2018-05-16,3339.922333491275,3281.095703125,63878
2018-05-17,3296.596832642139,3360.429931640625,166443
2018-05-18,3382.284750174122,3145.72705078125,169374
2018-05-21,3134.8474951515263,2895.49755859375,192920
2018-05-22,2898.001047566485,3050.266357421875,320943
2018-05-23,3079.006155395316,3037.89501953125,138018
2018-05-24,3055.177218525041,3030.337158203125,88086
2018-05-25,3040.3977869153605,3018.927734375,76282
2018-05-28,3033.658497121148,3056.332275390625,86860
2018-05-29,3042.4197016758862,3023.26025390625,80338
2018-05-30,3015.4615261211397,2962.65234375,100802
2018-05-31,2979.838207872392,2907.38818359375,176089
2018-06-01,2889.3363685529384,2762.055419921875,68474
2018-06-04,2663.0798868572006,2623.990478515625,4607
2018-06-05,2492.810546875,2492.810546875,1355
2018-06-06,2368.1767415197405,2417.519775390625,266050
2018-06-07,2435.8615188455783,2538.3505859375,88881
2018-06-08,2560.0615924029917,2532.38134765625,118642
2018-06-11,2579.7025898452953,2478.031982421875,80848
2018-06-12,2474.469818009745,2390.2255859375,56957
2018-06-13,2416.5096264704594,2328.077392578125,83932
2018-06-14,2353.0617789884723,2444.478759765625,107705
2018-06-15,2504.219879860673,2566.656982421875,168336
2018-06-18,2599.536055486727,2630.00830078125,107104
2018-06-19,2647.6756874932416,2499.742919921875,70490
2018-06-20,2508.0708638927417,2493.580810546875,62518
2018-06-21,2545.619513260691,2414.679931640625,41197
2018-06-22,2426.233175350529,2535.41357421875,82070
2018-06-25,2533.103674893908,2513.366455078125,92488
2018-06-26,2522.8500407398637,2495.3623046875,49531
2018-06-27,2500.3685404997004,2375.01318359375,47812
2018-06-28,2377.1313128608717,2256.301025390625,64753
2018-06-29,2235.6011560958223,2259.526611328125,76302
2018-07-02,2300.108037070683,2155.352294921875,58729
2018-07-03,2159.5404136592174,2131.95654296875,96080
2018-07-04,2160.8883508141216,2238.53759765625,72171
2018-07-05,2276.4232840399677,2239.93359375,118896
2018-07-06,2223.0846756900723,2223.6142578125,50853
2018-07-09,2262.5592056523033,2233.96435546875,56485
2018-07-10,2276.038173890427,2280.17822265625,44963
2018-07-11,2280.1785902254155,2267.180908203125,57864
2018-07-12,2280.5631570751993,2210.857177734375,29831
2018-07-13,2212.4940244581567,2100.328857421875,43905
2018-07-16,2031.4892796411252,1995.33642578125,32029
2018-07-17,1936.1729966675898,1901.416259765625,107265
2018-07-18,1905.3634826124617,1810.528564453125,84978
2018-07-19,1829.1586521825461,1800.9007568359375,108235
2018-07-20,1837.005321622609,1890.103271484375,74544
2018-07-23,1920.7682683878852,1927.7003173828125,87661
2018-07-24,1944.8380499826908,2024.0758056640625,50353
2018-07-25,2070.0009048803686,1991.1002197265625,115061
2018-07-26,2045.931377168244,2015.507080078125,40787
2018-07-27,2005.494123096154,2043.668701171875,81949
2018-07-30,2043.66839944402,2035.7735595703125,48411
2018-07-31,2036.3031390625677,2137.54052734375,99374
2018-08-01,2142.017850856573,2166.85791015625,121733
2018-08-02,2309.7357068077786,2600.209716796875,579320
2018-08-03,2792.0940405173915,3051.27734375,1094129
2018-08-06,3129.0710154604362,3194.396484375,544380
2018-08-07,3205.1319019601565,2958.46484375,268932
2018-08-08,2936.5126436448313,2902.044677734375,258141
2018-08-09,2936.5130604407304,3023.69384765625,572919
2018-08-10,3065.5268351090813,2995.9169921875,152104
2018-08-13,2970.2102207041667,2879.274658203125,101499
2018-08-14,2843.1218276832938,2885.099609375,86962
2018-08-16,2877.7822554144686,2864.832763671875,80031
2018-08-17,2890.5876359635317,2851.787109375,52221
2018-08-20,2840.234082380317,2769.7578125,64974
2018-08-21,2783.62178113294,2866.32568359375,221397
2018-08-23,2906.6664668360763,2905.800048828125,133221
2018-08-24,2896.0753754218536,2821.796142578125,57152
2018-08-27,2854.86803752736,2762.48828125,69373
2018-08-28,2755.5081681874403,2715.504150390625,51412
2018-08-29,2715.5042029998162,2752.379150390625,112260
2018-08-30,2734.3269385367694,2713.38623046875,40894
2018-08-31,2700.6293703058946,2667.798095703125,53797
2018-09-03,2694.852534161484,2659.85498046875,39457
2018-09-04,2674.537546829162,2633.859619140625,71453
2018-09-05,2633.233559520297,2535.125244140625,68380
2018-09-06,2574.623863744137,2540.6787109375,47958
2018-09-07,2558.2063629713653,2566.270263671875,67288
2018-09-10,2562.0207846921367,2527.5927734375,34394
2018-09-11,2535.028671212958,2506.3466796875,46939
2018-09-12,2527.254525254323,2456.708251953125,41738
2018-09-14,2472.2564186924233,2468.055419921875,33895
2018-09-17,2453.90755284018,2714.846435546875,305424
2018-09-18,2771.6313936206266,2623.34423828125,206572
2018-09-19,2630.6353558274513,2584.5703125,62669
2018-09-21,2602.436254894542,2475.82958984375,84194
2018-09-24,2501.131357882097,2454.14892578125,60470
2018-09-25,2465.496368767118,2418.70703125,49807
2018-09-26,2452.9419157533803,2373.897216796875,45971
2018-09-27,2387.6587709320643,2319.09228515625,37701
2018-09-28,2322.5689143334707,2110.2060546875,97590
2018-10-01,2048.496183340697,2086.593994140625,93246
2018-10-03,2075.343290200474,2095.430419921875,71958
2018-10-04,2056.9948337560254,2033.0447998046875,49232
2018-10-05,2012.5712394689717,2000.9342041015625,65636
2018-10-08,1998.954468450341,2045.9854736328125,58576
2018-10-09,2064.72044903719,2010.108642578125,44827
2018-10-10,2030.8715940583334,2251.39501953125,295431
2018-10-11,2124.5953462933976,2120.973876953125,117457
2018-10-12,2156.754357765236,2201.0810546875,91090
2018-10-15,2210.5451408344,2488.142822265625,583340
2018-10-16,2528.2686517354455,2519.335693359375,288724
2018-10-17,2580.4175525199475,2390.4111328125,135505
2018-10-19,2366.992765701926,2348.016357421875,80907
2018-10-22,2380.5125125050918,2321.651611328125,70889
2018-10-23,2288.768763221622,2325.56298828125,58358
2018-10-24,2374.717924375481,2306.924072265625,56694
2018-10-25,2277.952610765239,2243.04150390625,35601
2018-10-26,2257.8652777582397,2245.890380859375,66620
2018-10-29,2277.0833238539735,2354.631103515625,94291
2018-10-30,2360.2327186552534,2400.50341796875,116674
2018-10-31,2419.09314380446,2407.9873046875,69942
2018-11-01,2386.306879933176,2430.826904296875,92772
2018-11-02,2451.976224374487,2726.1455078125,444985
2018-11-05,2771.631183746204,2348.740234375,847309
2018-11-06,2317.7403899621772,2319.28564453125,222731
2018-11-07,2322.5693158993345,2334.737548828125,33551
2018-11-09,2328.4600470656746,2297.17041015625,68480
2018-11-12,2293.5974230244924,2293.7421875,57526
2018-11-13,2287.271565397694,2253.374755859375,65443
2018-11-14,2271.3858182966214,2229.956298828125,45406
2018-11-15,2229.8593877080625,2182.876953125,55844
2018-11-16,2283.939756085993,2351.347412109375,330766
2018-11-19,2338.1655228010136,2330.68115234375,168927
2018-11-20,2317.740391241627,2309.386962890625,92892
2018-11-21,2304.2204912904344,2314.50537109375,61024
2018-11-22,2315.8088155793193,2295.77001953125,48387
2018-11-26,2358.3006515329016,2319.86474609375,96054
2018-11-27,2317.740264451529,2300.743408203125,43409
2018-11-28,2308.083110092182,2252.119384765625,43967
2018-11-29,2264.383956252153,2270.999267578125,40375
2018-11-30,2285.871783839368,2268.05419921875,51433
2018-12-03,2259.7967725672897,2268.681396484375,47224
2018-12-04,2277.9527794149344,2254.582275390625,37630
2018-12-05,2248.0153184177484,2234.97802734375,43427
2018-12-06,2245.3595499954836,2237.19921875,69353
2018-12-07,2251.1053354715996,2212.62109375,36873
2018-12-10,2172.8817990409148,2117.980224609375,43592
2018-12-11,2090.7950377218435,2183.69775390625,93239
2018-12-12,2209.4824384808503,2241.7861328125,65094
2018-12-13,2271.6271645045445,2251.49169921875,62143
2018-12-14,2236.6194800753656,2240.0478515625,36196
2018-12-17,2260.7143260245352,2339.710693359375,123026
2018-12-18,2390.1699486202524,2430.15087890625,531205
2018-12-19,2440.3876399379205,2392.680908203125,138301
2018-12-20,2374.718052421494,2392.390869140625,66817
2018-12-21,2404.6554304489173,2329.52197265625,61398
2018-12-24,2333.433477628752,2307.503662109375,39963
2018-12-26,2297.1705980940355,2281.718994140625,55746
2018-12-27,2303.158090741849,2301.999267578125,50386
2018-12-28,2308.0832437971326,2317.93359375,43918
2018-12-31,2332.2262003775418,2321.120361328125,36363
2019-01-01,2326.432222500294,2310.014892578125,20183
2019-01-02,2300.3568866189044,2324.644775390625,65818
2019-01-03,2318.706316139875,2289.155029296875,33608
2019-01-04,2295.528591582744,2258.637939453125,34457
2019-01-07,2279.0148396023956,2308.22802734375,70821
2019-01-08,2317.4506448815278,2292.29345703125,27319
2019-01-09,2299.3919873139803,2283.45751953125,31918
2019-01-10,2287.8028999185904,2257.23779296875,22761
2019-01-11,2264.625424912493,2241.689453125,23119
2019-01-14,2232.853267966815,2215.47021484375,26917
2019-01-15,2221.4094138794376,2241.158447265625,38783
2019-01-16,2242.3655374742193,2252.84375,40256
2019-01-17,2255.9344374400935,2264.481201171875,51693
2019-01-18,2269.454236557773,2241.110107421875,19095
2019-01-21,2243.3796567344725,2213.7802734375,23406
2019-01-22,2207.6477328422884,2178.193115234375,26550
2019-01-23,2180.2210064278465,2161.05126953125,30244
2019-01-24,2170.660300398892,2149.848876953125,28505
2019-01-25,2151.635657224925,2121.022216796875,22933
2019-01-28,2124.595234094982,2020.77978515625,46253
2019-01-29,2029.9544708996382,1976.646484375,44576
2019-01-30,1989.3940472575023,1994.415771484375,27301
2019-01-31,2006.7772629039534,2393.260498046875,441546
2019-02-01,2499.296958455486,2281.912109375,657744
2019-02-04,2259.7970180582133,2348.064208984375,227994
2019-02-05,2344.68423098195,2318.8994140625,98999
2019-02-06,2322.569304110057,2240.337890625,235759
2019-02-07,2251.105268731175,2224.306396484375,77356
2019-02-08,2224.2583661528865,2150.47705078125,80404
2019-02-11,2134.252690911168,2072.301513671875,40191
2019-02-12,2080.172058638898,2026.2845458984375,42181
2019-02-14,2037.6319449464738,1995.2850341796875,60997
2019-02-15,2003.8798229400577,1992.0980224609375,39921
2019-02-18,1999.0995238622502,1994.5123291015625,27846
2019-02-19,2001.8033171260572,2022.56640625,102748
2019-02-20,2028.0228313243917,2014.454345703125,41358
2019-02-21,2014.5028974031084,2001.75537109375,38744
2019-02-22,2001.0311724544708,2013.8753662109375,84911
2019-02-25,2018.3657572978852,2021.214599609375,45734
2019-02-26,1979.15702890609,1969.6929931640625,65375
2019-02-27,1981.571285111533,1992.6771240234375,109287
2019-02-28,1998.954587464079,1988.95947265625,40791
2019-03-01,1992.9189638386472,2092.388671875,192083
2019-03-05,2092.726266434109,2156.60888671875,147033
2019-03-06,2172.881725139383,2154.436279296875,129171
2019-03-07,2158.395785258877,2141.350830078125,100933
2019-03-08,2132.321238513151,2116.91796875,52033
2019-03-11,2122.6640069233845,2241.06201171875,497091
2019-03-12,2254.919581471516,2231.69384765625,150412
2019-03-13,2237.4887370503816,2199.922119140625,81546
2019-03-14,2201.853396428813,2195.720947265625,67318
2019-03-15,2211.317868277779,2156.7060546875,54238
2019-03-18,2159.844495276448,2159.941162109375,53822
2019-03-19,2148.7385525323366,2171.288330078125,54023
2019-03-20,2178.0001160380766,2161.82421875,39204
2019-03-22,2188.816119401543,2195.817626953125,126066
2019-03-25,2180.6075554778017,2167.08740234375,56081
2019-03-26,2180.6076270261633,2195.093505859375,83261
2019-03-27,2249.1740182866674,2248.642822265625,200690
2019-03-28,2269.4542495392743,2238.744140625,61545
2019-04-01,2211.558970727235,2198.038818359375,57736
2019-04-02,2209.5793037367425,2176.937744140625,36660
2019-04-03,2183.504608770543,2133.673095703125,52789
2019-04-04,2139.0810935134564,2097.36181640625,42908
2019-04-05,2107.21247392854,2132.755859375,42273
2019-04-08,2132.755621020019,2073.363525390625,46246
2019-04-09,2076.3091944845914,2077.468017578125,40523
2019-04-10,2069.549108646045,2060.03662109375,41619
2019-04-11,2073.4121674817384,2042.9918212890625,31040
2019-04-12,2043.4259943410937,2067.85888671875,75735
2019-04-15,2076.3091445477153,2138.88818359375,115815
2019-04-16,2201.8531729053398,2146.372314453125,117184
2019-04-18,2154.5327706594335,2080.75146484375,63804
2019-04-22,2076.0195989106,2030.8236083984375,37352
2019-04-23,2039.6117004504504,2009.9156494140625,41249
2019-04-24,2018.1724050222049,2006.24560546875,32894
2019-04-25,2009.673986338708,2005.0867919921875,37883
2019-04-26,2018.1727561341456,2003.5902099609375,30317
2019-04-30,2004.5073591309,1928.02197265625,58220
2019-05-02,1938.113990646792,1919.2823486328125,54039
2019-05-03,1922.758843499497,1896.0565185546875,36098
2019-05-06,1895.718560412445,1945.8397216796875,90979
2019-05-07,1955.5934880006855,1931.8848876953125,36714
2019-05-08,1929.4222226446552,1889.63427734375,29889
2019-05-09,1892.5799424737083,1863.9461669921875,35929
2019-05-10,1868.6783382104913,1758.2476806640625,301338
2019-05-13,1747.9625905183464,1648.25146484375,105506
2019-05-14,1612.7610791264879,1590.1630859375,81681
2019-05-15,1603.1037659358974,1528.8394775390625,84229
2019-05-16,1528.7429710176918,1449.9398193359375,105098
2019-05-17,1448.587633689414,1573.504150390625,422473
2019-05-20,1636.9041370990915,1626.619140625,106414
2019-05-21,1640.7671247698765,1575.435791015625,55788
2019-05-22,1589.583749870096,1571.090087890625,48015
2019-05-23,1592.4809952727333,1581.713134765625,53366
2019-05-24,1602.0416743546668,1710.4443359375,243218
2019-05-27,1718.0252293133037,1762.2554931640625,166726
2019-05-28,1786.5918089016318,1960.42236328125,388183
2019-05-29,2007.5977998174496,2025.1739501953125,527066
2019-05-30,2013.5372244933596,1971.2867431640625,153886
2019-05-31,1970.0794790988173,1853.6612548828125,180950
2019-06-03,1854.192446924787,1873.4586181640625,224805
2019-06-04,1873.5070743097212,1882.1502685546875,165789
2019-06-06,1883.164121739508,1808.175537109375,93580
2019-06-07,1810.7347435349902,1813.24560546875,88552
2019-06-10,1825.2206824472175,1867.181396484375,202532
2019-06-11,1891.8555392548035,1876.4522705078125,212109
2019-06-12,1864.5254760575149,1846.804443359375,76204
2019-06-13,1834.877968542772,1820.39208984375,61968
2019-06-14,1810.5416249208379,1793.206787109375,40137
2019-06-17,1800.0632433870599,1727.102783203125,49500
2019-06-18,1728.6479716890615,1710.2991943359375,61039
2019-06-19,1717.1559997044708,1645.1612548828125,82454
2019-06-20,1644.5816194690983,1630.4820556640625,88962
2019-06-21,1631.1098802897077,1649.8931884765625,91054
2019-06-24,1653.3214203515377,1623.6737060546875,65841
2019-06-25,1621.452529759341,1621.597412109375,57334
2019-06-26,1624.3498599843704,1621.935546875,36924
2019-06-27,1632.07564472539,1631.6893310546875,95233
2019-06-28,1636.855897461775,1608.946533203125,38957
2019-07-01,1617.5414585353376,1607.159912109375,40342
2019-07-02,1612.8093371850673,1593.1085205078125,37875
2019-07-03,1593.4464849752032,1596.681640625,32617
2019-07-04,1602.620960508697,1595.0882568359375,41684
2019-07-05,1597.3094712349023,1564.0885009765625,53209
2019-07-08,1545.1604126544696,1504.3585205078125,45109
2019-07-09,1545.1604327087507,1547.9610595703125,131030
2019-07-10,1549.0232970558282,1522.8038330078125,37555
2019-07-11,1535.0201530770162,1517.781982421875,25471
2019-07-12,1517.6372536179047,1509.4285888671875,33674
2019-07-15,1518.9893185814715,1478.6702880859375,28870
2019-07-16,1473.6967613562974,1464.8603515625,73121
2019-07-17,1467.8538709063803,1467.7091064453125,32589
2019-07-18,1465.8258669398356,1445.4007568359375,32308
2019-07-19,1443.7591399157734,1381.6629638671875,65570
2019-07-22,1361.720765592708,1299.1900634765625,85782
2019-07-23,1292.1885563655692,1351.2425537109375,133021
2019-07-24,1361.6242587317793,1334.2459716796875,50014
2019-07-25,1332.7005959960384,1279.8271484375,60927
2019-07-26,1265.4380030853224,1284.173095703125,103588
2019-07-29,1284.366160839786,1262.7822265625,37124
2019-07-30,1266.1623221034715,1216.234375,53821
2019-07-31,1190.594402491115,1189.7735595703125,87204
2019-08-01,1168.6723057240108,1175.5289306640625,43533
2019-08-02,1165.630221034047,1150.4683837890625,69217
2019-08-05,1124.1040828432947,1307.012451171875,766217
2019-08-06,1300.831716640312,1379.34521484375,525387
2019-08-07,1379.0555065756505,1351.435791015625,176369
2019-08-08,1357.8093879782546,1316.3797607421875,82454
2019-08-09,1327.8721533164967,1346.0760498046875,79280
2019-08-13,1356.6024679084783,1281.517333984375,42036
2019-08-14,1293.0576575156936,1286.0079345703125,42911
2019-08-16,1265.099905924266,1317.6353759765625,97472
2019-08-19,1319.180730300927,1306.1917724609375,52834
2019-08-20,1352.0153220539605,1435.74365234375,775124
2019-08-21,1427.341812035311,1384.1256103515625,180795
2019-08-22,1369.3982608525034,1321.7879638671875,99153
2019-08-23,1308.55771010836,1319.422119140625,106793
2019-08-26,1338.2052001953125,1338.2052001953125,118232
2019-08-27,1343.8549948249963,1357.664794921875,126963
2019-08-28,1374.6132514222033,1330.96240234375,65280
2019-08-29,1315.3176871115331,1310.971923828125,37615
2019-08-30,1323.1401109292296,1378.6693115234375,256139
2019-09-03,1352.0151551279173,1344.772216796875,73866
2019-09-04,1345.3519407204312,1344.2413330078125,97196
2019-09-05,1361.914114033851,1348.7802734375,76313
2019-09-06,1361.5275743027673,1356.4093017578125,64398
2019-09-09,1359.7409578812121,1365.8250732421875,65099
2019-09-11,1376.1582741793102,1425.1688232421875,203911
2019-09-12,1434.1019236946493,1550.568359375,866441
2019-09-13,1556.7489539509638,1587.0244140625,409604
2019-09-16,1569.4966379024263,1602.2830810546875,165826
2019-09-17,1612.6644355565497,1606.5321044921875,776562
2019-09-18,1638.2563261320306,1638.0631103515625,358892
2019-09-19,1654.073001976798,1627.5352783203125,169462
2019-09-20,1634.909447030529,1646.1650390625,241146
2019-09-23,1667.6571383867442,1721.7030029296875,354151
2019-09-24,1736.83978315346,1755.2755126953125,413767
2019-09-25,1757.0220327060165,1689.9256591796875,124055
2019-09-26,1697.008836937403,1688.276123046875,88042
2019-09-27,1692.2058772525456,1635.152099609375,92818
2019-09-30,1642.6718399148215,1551.4635009765625,99101
2019-10-01,1554.4229152789835,1508.2850341796875,84769
2019-10-03,1499.1159140848408,1471.8504638671875,69681
2019-10-04,1477.7206350210986,1449.533447265625,90037
2019-10-07,1484.3672221198103,1549.0377197265625,407113
2019-10-09,1557.3826421420654,1595.0302734375,267117
2019-10-10,1581.5914284437836,1593.380615234375,104650
2019-10-11,1601.967840309379,1571.451904296875,55126
2019-10-14,1576.7400840118041,1533.9012451171875,69496
2019-10-15,1552.4823510093083,1542.8763427734375,59378
2019-10-16,1548.6981947163538,1636.4620361328125,423698
2019-10-17,1647.232439375375,1621.9075927734375,103265
2019-10-18,1633.8909121426118,1662.9029541015625,178557
2019-10-22,1677.6514013759538,1756.4884033203125,305513
2019-10-23,1804.85776881656,1756.148681640625,280384
2019-10-24,1769.8299668998577,1700.841552734375,92263
2019-10-25,1697.7363813696193,1650.3857421875,74245
2019-10-27,1663.9700198748565,1673.818603515625,32809
2019-10-29,1683.4731028802373,1694.8741455078125,97271
2019-10-30,1702.8791499735405,1717.627685546875,139118
2019-10-31,1731.0179126810763,1695.5533447265625,77871
2019-11-01,1715.8812913158836,1681.82373046875,88802
2019-11-04,1693.1275002409116,1674.98291015625,89169
2019-11-05,1683.473067772111,1678.8641357421875,53584
2019-11-06,1677.6512281679761,1729.5137939453125,302260
2019-11-07,1731.8427409267101,1818.78173828125,623030
2019-11-08,1831.9291145524762,1828.4844970703125,480448
2019-11-11,1842.6025521561303,1795.4459228515625,139480
2019-11-13,1723.2554655095655,1650.0462646484375,275250
2019-11-14,1634.957988141393,1653.49072265625,132007
2019-11-15,1658.730380032521,1678.8641357421875,219089
2019-11-18,1685.4137559002595,1674.6434326171875,113686
2019-11-19,1682.1632689517235,1648.6878662109375,67149
2019-11-20,1659.2155985433267,1643.933349609375,84541
2019-11-21,1648.1541744850274,1622.48974609375,62678
2019-11-22,1630.106470695681,1606.8677978515625,59520
2019-11-25,1611.5736358503004,1728.1068115234375,410072
2019-11-26,1794.9608039268692,1748.3377685546875,547305
2019-11-27,1764.1050401364018,1719.4227294921875,100676
2019-11-28,1716.4633977462115,1735.0931396484375,169430
2019-11-29,1738.0527521405024,1767.598388671875,396253
2019-12-02,1773.1775859546472,1726.7972412109375,76716
2019-12-03,1731.8911130991926,1678.8155517578125,97140
2019-12-04,1672.605795200506,1686.9661865234375,77920
2019-12-05,1691.235493348585,1680.3681640625,93474
2019-12-06,1684.4434116943464,1652.13232421875,75080
2019-12-09,1654.3155333113941,1628.0203857421875,70832
2019-12-10,1634.7638816591334,1614.0478515625,87348
2019-12-11,1621.3738863880715,1609.5362548828125,59557
2019-12-12,1624.2847979232565,1648.784912109375,191008
2019-12-13,1664.309684297836,1666.0562744140625,135075
2019-12-16,1669.8404667130524,1660.7197265625,95199
2019-12-17,1667.4631352315423,1652.4234619140625,63740
2019-12-18,1669.8888410583534,1676.4869384765625,150759
2019-12-19,1675.5166576793772,1751.151611328125,712991
2019-12-20,1748.4831502364993,1715.1533203125,192866
2019-12-23,1721.1209585319314,1737.9071044921875,389618
2019-12-24,1741.6427560231807,1732.036865234375,154790
2019-12-26,1745.5723502015157,1726.3118896484375,116052
2019-12-27,1733.0555147909147,1723.2554931640625,132188
2019-12-30,1730.0475028458213,1723.303955078125,84458
2019-12-31,1727.0398387704242,1707.973388671875,85408
2020-01-01,1716.414802214532,1730.2901611328125,331378
2020-01-02,1739.5080861443078,1738.1011962890625,161955
2020-01-03,1734.5109396646687,1713.164306640625,75133
2020-01-06,1705.9840617874834,1644.467041015625,98978
2020-01-07,1659.0216219525762,1663.4849853515625,87988
2020-01-08,1633.9878004801485,1639.9066162109375,78583
2020-01-09,1660.185908263815,1676.098876953125,87591
2020-01-10,1683.5702126959434,1675.953369140625,108927
2020-01-13,1684.3948701224372,1674.885986328125,53593
2020-01-14,1698.0278567491073,1715.4932861328125,406982
2020-01-15,1723.6435723828129,1739.0228271484375,144169
2020-01-16,1746.4940753996423,1732.4732666015625,114496
2020-01-17,1733.9286996228448,1758.67138671875,414979
2020-01-20,1770.8002106786248,1740.81787109375,122956
2020-01-21,1731.9882223295929,1728.010009765625,85759
2020-01-22,1738.6834840638533,1707.148681640625,71276
2020-01-23,1708.506924560834,1717.8702392578125,80237
2020-01-24,1726.9427721038364,1711.6605224609375,61640
2020-01-27,1697.057453144442,1682.7940673828125,55357
2020-01-28,1690.2652000955036,1663.873046875,60165
2020-01-29,1678.3304167692786,1653.49072265625,46038
2020-01-30,1659.2156982421875,1622.34423828125,70207
2020-01-31,1630.009659802828,1626.8076171875,75821
2020-02-03,1577.7102011896989,1533.4644775390625,72787
2020-02-04,1537.830797165307,1559.322998046875,75135
2020-02-05,1559.2258142842918,1562.718994140625,56994
2020-02-06,1571.8883387050182,1562.23388671875,93054
2020-02-07,1570.3846738751477,1492.857666015625,467895
2020-02-10,1488.4424059571684,1419.50244140625,124432
2020-02-11,1426.343296875,1364.486572265625,134221
2020-02-12,1369.095561213704,1325.0924072265625,144300
2020-02-13,1340.956646653367,1438.2293701171875,742721
2020-02-14,1445.7493419634204,1410.236328125,131626
2020-02-17,1416.5432971315286,1364.53515625,83784
2020-02-18,1355.7050789530672,1371.3270263671875,226741
2020-02-19,1382.5340199831237,1370.93896484375,91978
2020-02-20,1388.5014458945857,1433.2808837890625,449904
2020-02-24,1411.6916606081368,1383.698486328125,69857
2020-02-25,1383.649892307886,1374.4805908203125,62804
2020-02-26,1358.4223005567642,1333.485595703125,104556
2020-02-27,1327.3724795435942,1293.266357421875,73710
2020-02-28,1231.2640859561254,1189.2015380859375,140676
2020-03-02,1231.3124664393338,1161.353759765625,99318
2020-03-03,1240.0453089872,1176.3935546875,114672
2020-03-04,1187.3579800115278,1115.5556640625,106834
2020-03-05,1121.6684765620082,1110.2188720703125,114448
2020-03-06,1063.401955459996,1026.7730712890625,126028
2020-03-09,950.8954788243192,937.4082641601562,130920
2020-03-11,937.3112556762222,997.5669555664062,289367
2020-03-12,906.2615996244539,864.6842041015625,141237
2020-03-13,718.993491053667,832.4702758789062,216104
2020-03-16,790.7956953782301,756.8351440429688,132216
2020-03-17,751.9836723105307,697.9378662109375,156075
2020-03-18,706.3794754687484,657.4762573242188,131801
2020-03-19,611.2899638832973,617.596923828125,118989
2020-03-20,640.3990128281079,665.38427734375,156952
2020-03-23,624.874147369527,602.0235595703125,55372
2020-03-24,611.2899249063728,617.3543090820312,95725
2020-03-25,601.5868825640955,675.6693725585938,129294
2020-03-26,704.3418321288959,743.202392578125,116439
2020-03-27,805.3502337613438,787.6907348632812,130770
2020-03-30,775.1738676768318,797.8303833007812,115519
2020-03-31,829.6077405612098,819.6136474609375,86275
2020-04-01,826.6969159938238,816.12060546875,42995
2020-04-03,818.061198247332,788.5155639648438,36061
2020-04-07,820.8751038652762,827.9097900390625,46667
2020-04-08,833.4890022268055,869.2931518554688,107868
2020-04-09,895.5883263980857,912.7141723632812,103005
2020-04-13,955.7470365521258,958.318359375,59231
2020-04-15,1006.2027587890625,1006.2027587890625,36904
2020-04-16,1042.1038630767594,1056.5128173828125,38361
2020-04-17,1109.2972412109375,1109.2972412109375,4544
2020-04-20,1164.75,1164.75,5537
2020-04-21,1217.728331535248,1157.7152099609375,277905
2020-04-22,1167.272619246595,1099.836669921875,70517
2020-04-23,1048.8959155160285,1044.869140625,14377
2020-04-24,992.6668701171875,992.6668701171875,8171
2020-04-27,947.9847016640972,1042.2979736328125,35616
2020-04-28,1094.40314920513,1092.219970703125,123404
2020-04-29,1106.143826075102,1079.0723876953125,71083
2020-04-30,1094.4030767265422,1064.32373046875,57528
2020-05-04,1050.8364238004738,1020.4659423828125,38010
2020-05-05,1041.1335697727461,1003.2918090820312,29927
2020-05-06,1016.245233613957,979.8104248046875,31991
2020-05-07,960.598523896192,1028.76220703125,36004
2020-05-08,1080.1882365349793,1024.4444580078125,132219
2020-05-11,1033.3711158198207,1025.463134765625,34681
2020-05-12,1033.371089942514,1026.5789794921875,45838
2020-05-13,1068.302012309822,1037.058349609375,38029
2020-05-14,1023.6680732389486,1022.8917846679688,24015
2020-05-15,1039.969220211427,1012.9462280273438,52128
2020-05-18,1018.8165253873236,973.9885864257812,28683
2020-05-19,987.7669627047045,973.8916625976562,24283
2020-05-20,973.8916427551101,977.5302734375,28586
2020-05-21,981.9451395089286,976.3659057617188,30330
2020-05-22,969.3312081978555,971.0292358398438,20875
2020-05-26,972.2420614416702,965.3043823242188,22328
2020-05-27,970.3015302770741,956.0380859375,22674
2020-05-28,960.210375419721,1003.8255004882812,57201
2020-05-29,1023.6681459097265,958.0272216796875,112157
2020-06-01,988.7372422420544,974.1342163085938,70707
2020-06-02,975.1530970481616,982.2847900390625,67210
2020-06-03,994.5105105906382,981.2659301757812,56722
2020-06-04,984.8560894731546,979.27685546875,33049
2020-06-05,1018.8166791661611,1131.274658203125,927019
2020-06-08,1192.5005959119321,1172.99755859375,398988
2020-06-09,1198.3223542232226,1200.6025390625,426120
2020-06-10,1212.0521480875086,1200.0203857421875,264581
2020-06-11,1188.6193506272593,1157.278564453125,86161
2020-06-12,1057.9196981826744,1118.41796875,160562
2020-06-15,1120.698256493032,1107.16259765625,118966
2020-06-16,1125.549724357371,1084.3604736328125,116453
2020-06-17,1081.206962106593,1059.811767578125,146494
2020-06-18,1058.5990184400316,1080.7703857421875,101827
2020-06-19,1085.7187460329392,1086.592041015625,111572
2020-06-22,1091.5891025422573,1112.2080078125,173993
2020-06-23,1122.2992061155178,1112.3050537109375,61758
2020-06-24,1121.6199599187528,1091.152587890625,95019
2020-06-25,1144.9557762730813,1106.5318603515625,171887
2020-06-26,1120.6981928059201,1095.8099365234375,58608
2020-06-29,1091.5892441302185,1104.59130859375,447265
2020-06-30,1072.1832330338193,1075.1427001953125,95952
2020-07-01,1081.8862593801398,1069.2723388671875,52423
2020-07-02,1070.291181353046,1069.2237548828125,56395
2020-07-03,1076.0643230510118,1070.1455078125,80918
2020-07-06,1072.813824994889,1064.5177001953125,79407
2020-07-07,1077.034667387748,1099.4486083984375,237088
2020-07-08,1106.0468015795643,1078.441650390625,67331
2020-07-09,1086.5436900403415,1073.5416259765625,50751
2020-07-10,1073.5417726996295,1057.9683837890625,65952
2020-07-13,1060.151419662112,1035.5057373046875,112722
2020-07-14,1039.1929437267574,1011.05419921875,55722
2020-07-15,1011.1511806822646,996.8392333984375,78593
2020-07-16,996.4996702691459,978.5975952148438,65599
2020-07-17,981.1203342798033,1001.2540893554688,90085
2020-07-20,1005.329409049505,1105.1734619140625,564655
2020-07-21,1090.6189039603926,1055.54248046875,188135
2020-07-22,1060.83066108764,1050.739501953125,138498
2020-07-23,1051.8068731874178,1046.7613525390625,52998
2020-07-24,1042.8800798752225,1036.281982421875,31689
2020-07-27,1031.9157848981476,1033.4197998046875,91519
2020-07-28,1033.565126697868,1022.5037841796875,50762
2020-07-29,1023.6681081277187,1031.673095703125,71057
2020-07-30,1038.2225278413312,1027.8887939453125,37389
2020-07-31,1028.5681732778737,1013.6739501953125,40612
2020-08-03,1011.0542877037313,1024.54150390625,58367
2020-08-04,1032.400778368139,1032.4493408203125,98160
2020-08-05,1038.2225054026555,1020.757080078125,66491
2020-08-06,1022.6977656161926,1020.8057250976562,32504
2020-08-07,1020.7572157101838,1022.26123046875,37235
2020-08-10,1027.6463766148343,1040.0662841796875,122332
2020-08-11,1044.966142701049,1075.5306396484375,298111
2020-08-12,1065.1484546734675,1110.898193359375,481955
2020-08-13,1118.7576412231858,1333.0487060546875,1830437
2020-08-14,1372.976606725104,1312.332763671875,1443625
2020-08-17,1309.8585465601307,1346.1964111328125,451807
2020-08-18,1348.7191077577088,1364.923095703125,419699
2020-08-19,1376.8578662451198,1351.387451171875,237841
2020-08-20,1340.9566751852326,1328.003173828125,117564
2020-08-21,1338.870509632844,1315.6318359375,98781
2020-08-24,1319.610150947958,1318.8338623046875,211915
2020-08-25,1326.402188979472,1313.6427001953125,77332
2020-08-26,1313.6427341508415,1426.391845703125,1074950
2020-08-27,1413.244139429697,1387.28857421875,332672
2020-08-28,1396.2638969956106,1459.0423583984375,759479
2020-08-31,1503.9672809918513,1444.681884765625,523935
2020-09-01,1444.7789498537377,1456.3255615234375,132860
2020-09-02,1464.1849904931967,1443.3720703125,111741
2020-09-03,1457.3929763256804,1488.442626953125,525620
2020-09-04,1450.6008801622197,1474.906982421875,228126
2020-09-07,1484.5129499926368,1490.431884765625,202210
2020-09-08,1493.973342406044,1458.4603271484375,139575
2020-09-09,1440.8977831045227,1422.8016357421875,137339
2020-09-10,1431.0977380254258,1412.1282958984375,157223
2020-09-11,1419.6483526956888,1380.787841796875,133424
2020-09-14,1397.234216122983,1418.6778564453125,215595
2020-09-15,1426.1492637779083,1412.225341796875,93499
2020-09-16,1413.7292363130198,1415.766845703125,165114
2020-09-17,1409.750830530663,1406.16064453125,64215
2020-09-18,1416.640321700727,1401.455078125,91526
2020-09-21,1410.8183477103164,1337.94873046875,98296
2020-09-22,1337.0755343451028,1282.447509765625,120546
2020-09-23,1300.0101559341347,1284.436767578125,79241
2020-09-24,1267.6018497109962,1252.0770263671875,57930
2020-09-25,1263.3326302031996,1347.0697021484375,91326
2020-09-28,1365.8933844211213,1389.9569091796875,162880
2020-09-29,1401.066760436797,1380.9815673828125,82574
2020-09-30,1390.8302768530016,1369.483642578125,47152
2020-10-01,1382.6796046611682,1413.1470947265625,79455
2020-10-05,1431.194600078755,1434.78466796875,147141
2020-10-06,1445.4581937146706,1497.223876953125,500812
2020-10-07,1502.997157378544,1465.1553955078125,132533
2020-10-08,1471.1227694373658,1436.2403564453125,89149
2020-10-09,1437.113447914103,1417.7559814453125,68718
2020-10-12,1421.4916321653598,1418.9688720703125,68772
2020-10-13,1402.1341751997961,1421.0550537109375,98817
2020-10-14,1416.640321890561,1431.243408203125,170002
2020-10-15,1435.0273301032737,1396.6519775390625,61119
2020-10-16,1404.9965643871465,1404.3658447265625,63472
2020-10-19,1415.6700493123803,1418.6295166015625,39629
2020-10-20,1408.8778332042516,1408.0531005859375,40412
2020-10-21,1414.6995552067897,1454.142333984375,247185
2020-10-22,1443.7600392864726,1434.687744140625,47542
2020-10-23,1451.5711791464412,1449.242431640625,81419
2020-10-26,1446.2344736438022,1443.2265625,96182
2020-10-27,1443.2263372805883,1432.06787109375,46671
2020-10-28,1421.4916265396405,1423.3836669921875,40933
2020-10-29,1424.4026698525722,1406.0155029296875,31508
2020-10-30,1416.6401601607581,1427.6046142578125,79171
2020-11-02,1418.5806957712314,1401.79443359375,43801
2020-11-03,1408.1016356329415,1405.91845703125,45238
2020-11-04,1434.930474385846,1421.782958984375,69179
2020-11-05,1426.3917126250296,1488.5880126953125,611790
2020-11-06,1500.0862190675875,1541.4696044921875,473165
2020-11-09,1561.8943636004938,1611.331298828125,1062036
2020-11-10,1620.4035439561505,1557.2369384765625,187925
2020-11-11,1555.393354466782,1513.621826171875,121124
2020-11-12,1513.6218748090528,1541.7606201171875,87154
2020-11-13,1542.8279510285631,1503.482177734375,100774
2020-11-14,1513.1852365225684,1502.7059326171875,15989
2020-11-17,1500.0860127047329,1508.8187255859375,52541
2020-11-18,1533.0764518438764,1578.29248046875,417776
2020-11-19,1567.037016834816,1565.630126953125,215519
2020-11-20,1576.6429731824753,1556.072509765625,69534
2020-11-23,1554.6657273762855,1592.3134765625,117807
2020-11-24,1601.5311860197896,1564.51416015625,53624
2020-11-25,1571.8884681043648,1549.8626708984375,71141
2020-11-26,1547.6310200173941,1573.68359375,73682
2020-11-27,1581.5915650116401,1616.13427734375,349546
2020-12-01,1626.2253316084339,1632.095703125,81513
2020-12-02,1642.7204578572318,1617.0560302734375,45824
2020-12-03,1625.1581179705556,1629.6700439453125,129551
2020-12-04,1625.2549419413651,1621.5677490234375,76717
2020-12-07,1590.3241934538528,1624.7698974609375,76414
2020-12-08,1632.2899019064143,1679.155517578125,314894
2020-12-09,1692.545652733896,1656.5474853515625,155791
2020-12-10,1658.245271547849,1637.0926513671875,51580
2020-12-11,1643.6908040121473,1641.9442138671875,80241
2020-12-14,1666.0077441445574,1659.6522216796875,130389
2020-12-15,1662.0778690296315,1649.366943359375,39370
2020-12-16,1664.0670798313877,1652.714599609375,43196
2020-12-17,1659.0215756933894,1642.1383056640625,37385
2020-12-18,1636.8985831862926,1632.5322265625,36270
2020-12-21,1620.4036324987385,1534.4349365234375,99306
2020-12-22,1542.051536616101,1530.3109130859375,72803
2020-12-23,1536.9575447901375,1581.2518310546875,56327
2020-12-24,1590.9063450114618,1622.1015625,204590
2020-12-28,1633.0173138818514,1621.470703125,47249
2020-12-29,1623.314520039483,1644.4185791015625,167537
2020-12-30,1658.1967055095488,1686.6265869140625,654225
2020-12-31,1686.6266649914453,1694.7772216796875,115353
2021-01-01,1701.9087781285718,1708.312744140625,202837
2021-01-04,1721.314875343026,1696.0870361328125,77923
2021-01-05,1620.4036068179464,1609.0025634765625,314837
2021-01-06,1576.739906116737,1513.1365966796875,542063
2021-01-07,1479.5158432991393,1565.58154296875,906647
2021-01-08,1557.3339981340969,1532.8824462890625,392883
2021-01-11,1465.1553849997485,1507.6060791015625,503099
2021-01-12,1479.7097075207155,1500.32861328125,239424
2021-01-13,1508.8188221071823,1509.6435546875,145867
2021-01-14,1505.9079591230825,1505.6168212890625,112974
2021-01-15,1542.7793599721228,1545.88427734375,310355
2021-01-18,1546.1755605159076,1530.6021728515625,230005
2021-01-19,1543.7495765471513,1543.31298828125,64309
2021-01-20,1547.6309523635744,1541.66357421875,62709
2021-01-21,1554.4228813150735,1518.2305908203125,59492
2021-01-22,1547.5338451050525,1511.341552734375,54779
2021-01-25,1518.5219353515224,1495.4287109375,60272
2021-01-27,1484.5613964944848,1493.10009765625,63538
2021-01-28,1476.7990367895982,1476.119873046875,31596
2021-01-29,1485.628539798074,1470.5888671875,32687
2021-02-01,1477.769355408876,1495.040771484375,56915
2021-02-02,1516.581264823876,1526.8179931640625,59855
2021-02-03,1553.452686728114,1619.336181640625,1887736
2021-02-04,1628.1659713443505,1610.3609619140625,207163
2021-02-05,1618.1232988391268,1631.4163818359375,150890
2021-02-08,1632.0471412379586,1617.0560302734375,100378
2021-02-09,1624.2847142410917,1589.596435546875,70668
2021-02-10,1589.3538566767352,1575.138916015625,55752
2021-02-11,1581.5913172069836,1595.175537109375,68198
2021-02-12,1600.027202699478,1581.3974609375,47774
2021-02-15,1588.3835474323146,1568.928955078125,51226
2021-02-16,1574.7507144847746,1559.3714599609375,52023
2021-02-17,1557.1883133243707,1545.88427734375,49899
2021-02-18,1557.2852004256777,1572.130859375,78243
2021-02-19,1570.4330224901532,1577.904296875,147734
2021-02-22,1571.9369824541986,1558.5953369140625,44973
2021-02-23,1560.2449971329418,1545.4964599609375,36223
2021-02-24,1553.4527963232779,1550.5904541015625,30849
2021-02-25,1562.1854814055387,1570.2874755859375,71136
2021-02-26,1552.482539302171,1542.1488037109375,36875
2021-03-01,1553.4527391574618,1549.8626708984375,39405
2021-03-02,1562.1371268158812,1558.692626953125,32741
2021-03-03,1564.5141668804047,1607.8865966796875,290759
2021-03-04,1581.591607398804,1586.1519775390625,46052
2021-03-05,1580.621171418576,1603.8114013671875,192480
2021-03-08,1616.5223262386505,1633.8907470703125,269452
2021-03-09,1650.4828718884553,1620.3065185546875,223897
2021-03-10,1623.314350646858,1619.8212890625,43987
2021-03-12,1639.809662421592,1604.9273681640625,52748
2021-03-15,1610.7005889141337,1568.5894775390625,62718
2021-03-16,1569.7537764262424,1570.9180908203125,36878
2021-03-17,1571.888462672674,1539.5289306640625,41870
2021-03-18,1557.3340540500076,1518.861572265625,51931
2021-03-19,1505.0347218143415,1517.8427734375,45646
2021-03-22,1509.7889563303147,1533.7069091796875,27579
2021-03-23,1545.3507243515446,1534.4832763671875,22549
2021-03-24,1532.6882369604855,1516.7752685546875,30747
2021-03-25,1509.8377818731954,1492.4693603515625,36478
2021-03-26,1503.9673010817392,1493.3909912109375,34394
2021-03-30,1514.6409002164055,1516.4844970703125,32008
2021-03-31,1523.3732431695437,1509.40087890625,33752
2021-04-01,1513.4278990287585,1520.3170166015625,61964
2021-04-05,1513.6702784414988,1518.9583740234375,64107
2021-04-06,1529.195044289985,1518.2305908203125,27510
2021-04-07,1513.6702703839233,1520.99609375,34530
2021-04-08,1523.373303326482,1573.537841796875,299418
2021-04-09,1573.5379887495603,1580.378662109375,74401
2021-04-12,1563.1556338261155,1496.4959716796875,80015
2021-04-13,1501.8811365453794,1522.3060302734375,35903
2021-04-15,1479.7098434909253,1497.708984375,32909
2021-04-16,1503.9673539278956,1509.7406005859375,37701
2021-04-19,1484.3673299142881,1473.2088623046875,34799
2021-04-20,1480.146435298701,1477.9632568359375,29433
2021-04-22,1479.7097738816974,1480.4375,34589
2021-04-23,1484.5611650131868,1483.105712890625,31309
2021-04-26,1499.1157418381329,1480.5830078125,28316
2021-04-27,1480.5830471265322,1480.97119140625,21602
2021-04-28,1489.4128544388352,1505.95654296875,67823
2021-04-29,1511.9237704540799,1526.2357177734375,47653
2021-04-30,1523.1309317480675,1510.322998046875,29084
2021-05-03,1518.5220040196089,1520.074462890625,32416
2021-05-04,1528.2248650454358,1533.8526611328125,281380
2021-05-05,1538.898205768191,1570.1904296875,97448
2021-05-06,1582.7557764694293,1583.43505859375,94838
2021-05-07,1593.2350227641114,1590.08154296875,71236
2021-05-10,1643.6906597867155,1635.103515625,1075684
2021-05-11,1629.1363745153974,1724.1773681640625,495700
2021-05-12,1746.5428214506476,2028.4639892578125,2768188
2021-05-14,2148.63539843908,2130.102783203125,2096232
2021-05-17,2124.960348260489,2314.072021484375,1584911
2021-05-18,2299.6145114715882,2309.6572265625,531892
2021-05-19,2289.9116714841803,2302.428466796875,206666
2021-05-20,2300.584756288623,2199.23681640625,107817
2021-05-21,2206.465719624146,2206.805419921875,101978
2021-05-24,2220.9720401812147,2178.763916015625,54879
2021-05-25,2183.178033875408,2230.480224609375,127313
2021-05-26,2236.5450906194496,2217.478759765625,46128
2021-05-27,2220.049839964347,2221.311279296875,50059
2021-05-28,2230.1409730722366,2289.3779296875,434102
2021-05-31,2298.6441314326084,2293.550048828125,148091
2021-06-01,2294.763119001766,2522.881103515625,452583
2021-06-02,2551.8932194130143,2571.73583984375,708198
2021-06-03,2564.798099652139,2623.79248046875,257307
2021-06-04,2618.843702941142,2597.4970703125,124885
2021-06-07,2617.1454809643633,2630.050537109375,311201
2021-06-08,2638.24971831308,2641.6943359375,172961
2021-06-09,2658.626387046508,2574.064697265625,130347
2021-06-10,2588.7645274946985,2573.724853515625,109383
2021-06-11,2588.81324694234,2541.656494140625,133481
2021-06-14,2541.2192699750503,2493.529052734375,67959
2021-06-15,2511.1404147557964,2605.01708984375,370977
2021-06-16,2606.229598645852,2574.646240234375,103436
2021-06-17,2546.0710723797047,2533.748291015625,66549
2021-06-18,2588.7642624313767,2584.883056640625,183516
2021-06-21,2529.1880067628817,2801.163330078125,679458
2021-06-22,2902.3659256022815,3318.722412109375,2452599
2021-06-23,3357.19494698396,3559.842529296875,5777218
2021-06-24,3444.522002352591,3442.823974609375,1155668
2021-06-25,3439.7186223300564,3323.816162109375,550471
2021-06-28,3341.718510210396,3307.515380859375,206793
2021-06-29,3326.2421720868642,3492.5517578125,699518
2021-06-30,3521.3213544712457,3479.01611328125,379439
2021-07-01,3502.788623141998,3530.63623046875,298096
2021-07-02,3544.899333531127,3473.921875,140905
2021-07-05,3494.783609122001,3436.177490234375,179671
2021-07-06,3438.7486435215405,3344.62939453125,120865
2021-07-07,3357.1461881611954,3334.004638671875,101432
2021-07-08,3350.4507596605144,3340.02001953125,142110
2021-07-09,3332.0156378027664,3286.0234375,76216
2021-07-12,3298.054840214425,3363.889892578125,104273
2021-07-13,3391.203707841471,3403.2353515625,264468
2021-07-14,3408.6690234634502,3379.365966796875,60195
2021-07-15,3396.2980366691213,3373.738525390625,54492
2021-07-16,3376.649722678336,3321.9248046875,45573
2021-07-19,3294.173538098345,3329.444091796875,65583
2021-07-20,3350.4030379917926,3255.895751953125,73949
2021-07-22,3266.0867795426957,3027.298583984375,231517
2021-07-23,3023.2510648424354,2989.556396484375,124808
2021-07-26,2988.873985433079,3084.39892578125,151154
2021-07-27,3115.899085071952,3039.440185546875,110754
2021-07-28,3047.6322116005977,3039.68408203125,77844
2021-07-29,3042.7558373631205,3050.31396484375,48922
2021-07-30,3049.582763872039,3013.547607421875,41474
2021-08-02,3031.053110118747,3088.2509765625,113337
2021-08-03,3110.535390983875,3138.232177734375,119138
2021-08-04,3155.737900821544,3164.36865234375,206406
2021-08-05,3178.3148829747665,3052.02099609375,79399
2021-08-06,3066.161733749385,2971.563232421875,96478
2021-08-09,2994.968855282083,2735.505615234375,407380
2021-08-10,2740.4308125136454,2731.8486328125,246280
2021-08-11,2730.678602158431,2717.90283203125,80780
2021-08-12,2729.800754753659,2757.44873046875,52146
2021-08-13,2757.4490311696604,2731.263916015625,49449
2021-08-16,2730.6784843834625,2700.93359375,49439
2021-08-17,2711.1733332936533,2560.156982421875,95121
2021-08-18,2579.5158849803624,2510.273681640625,96548
2021-08-20,2486.8678293327384,2400.705078125,76166
2021-08-23,2431.278817874344,2368.278076171875,66267
2021-08-24,2374.7151753434478,2544.06591796875,190604
2021-08-25,2593.071729120097,2839.613037109375,691670
2021-08-26,2869.7965377905903,2878.525146484375,454093
2021-08-27,2880.86608334027,2774.467041015625,121239
2021-08-30,2796.9952205678287,2745.307373046875,75817
2021-08-31,2758.863101786661,2822.107666015625,167821
2021-09-01,2836.9799308364827,2793.874267578125,55489
2021-09-02,2789.1931059950225,2780.854736328125,39376
2021-09-03,2781.391022571315,2781.829833984375,56444
2021-09-06,2799.6768275580307,2846.29345703125,150839
2021-09-07,2852.5835413505924,2813.232421875,49277
2021-09-08,2825.8622865913653,2829.275634765625,49152
2021-09-09,2829.9583775353035,2838.637939453125,85227
2021-09-13,2843.07487008263,2888.56982421875,147864
2021-09-14,2895.4944927438537,2868.090087890625,111796
2021-09-15,2882.4747427342095,2830.884521484375,51418
2021-09-16,2845.0744024103187,2822.7412109375,38030
2021-09-17,2864.2866514916514,2984.241455078125,470214
2021-09-20,2982.291028427399,2962.932373046875,242846
2021-09-21,2978.4391760041867,2935.382080078125,121216
2021-09-22,2940.3556489948946,2938.795166015625,50773
2021-09-23,2962.2010835780197,2916.901123046875,65677
2021-09-24,2954.8866969058504,2909.78173828125,66881
2021-09-27,2940.063257885235,2909.6357421875,51630
2021-09-28,2925.7269040555225,2860.873291015625,50473
2021-09-29,2847.805192955456,2824.3017578125,51042
2021-09-30,2837.9551460168263,2864.481689453125,72605
2021-10-01,2865.2620311370474,2859.215576171875,51578
2021-10-04,2847.7072810651525,2862.9697265625,50814
2021-10-05,2875.989574568888,2888.667724609375,137611
2021-10-06,2910.610917598834,2885.888427734375,66285
2021-10-07,2886.7170096149957,2883.157470703125,54937
2021-10-08,2904.222919419783,2861.312255859375,36509
2021-10-11,2861.3611478101943,2862.921630859375,76266
2021-10-12,2861.3607827451137,2879.207763671875,94684
2021-10-13,2894.1780919540233,3076.792236328125,851475
2021-10-14,3101.270453124216,3104.586181640625,267155
2021-10-18,3110.047453431912,3028.56591796875,97615
2021-10-19,3030.1262607451777,2974.147216796875,236590
2021-10-20,2969.612896888666,2926.946044921875,71863
2021-10-21,2948.0598677086023,2901.78466796875,50679
2021-10-22,2919.8755847346965,2773.247802734375,202884
2021-10-25,2787.2423805562275,2649.92822265625,66933
2021-10-26,2633.154071220672,2743.3564453125,57692
2021-10-27,2757.107876088171,2720.97509765625,43407
2021-10-28,2730.678428431283,2671.67626953125,39010
2021-10-29,2672.163817508711,2658.998046875,37832
2021-11-01,2673.1390298181473,2627.741455078125,242046
2021-11-02,2633.1544142321723,2623.7919921875,90776
2021-11-03,2641.9315506108637,2616.038818359375,43825
2021-11-04,2618.671961375343,2629.30224609375,7784
2021-11-08,2652.6590818103873,2707.80908203125,135010
2021-11-09,2715.5624309764103,2741.698974609375,74410
2021-11-10,2740.528414026513,2719.31689453125,52175
2021-11-11,2733.2629174686595,2714.489501953125,24754
2021-11-12,2717.171201145202,2706.24853515625,38704
2021-11-15,2706.248431518036,2703.176513671875,16539
2021-11-16,2667.2876427682204,2665.337158203125,31059
2021-11-17,2681.916431175152,2649.148193359375,24721
2021-11-18,2652.6588918993207,2577.02880859375,42643
2021-11-22,2594.242195118414,2490.330078125,34205
2021-11-23,2486.8680799822364,2531.680419921875,23253
2021-11-24,2540.50625800657,2564.497314453125,33692
2021-11-25,2569.7633407658263,2556.353759765625,22216
2021-11-26,2544.407189000034,2452.83203125,31226
2021-11-29,2452.831866528399,2342.921875,44019
2021-11-30,2384.467489451961,2428.69482421875,62119
2021-12-01,2456.6352475608373,2440.68994140625,30626
2021-12-02,2443.957233608354,2594.193359375,193532
2021-12-03,2608.529325227694,2517.149169921875,64881
2021-12-06,2517.100707623036,2475.165283203125,21908
2021-12-07,2487.0629303590363,2521.537841796875,37284
2021-12-08,2545.284985512738,2542.01806640625,29503
2021-12-09,2544.407349446222,2524.65869140625,26746
2021-12-10,2536.6048927904785,2529.436767578125,50522
2021-12-13,2535.4351451458765,2626.473876953125,215341
2021-12-14,2595.3636873631717,2610.38232421875,44606
2021-12-15,2617.5503915384033,2562.400390625,23616
2021-12-16,2564.887362116006,2496.718017578125,30839
2021-12-17,2496.6204025791963,2429.523681640625,26014
2021-12-20,2403.9723163863596,2346.189208984375,36714
2021-12-21,2407.7269433217452,2374.178466796875,18320
2021-12-22,2400.7539149935537,2392.46435546875,30898
2021-12-23,2439.0808837418263,2458.00048828125,50384
2021-12-24,2458.0004874046776,2489.15966796875,89891
2021-12-27,2487.1604332984134,2443.61572265625,17503
2021-12-28,2560.0111623367043,2599.3134765625,299394
2021-12-29,2618.5255399020384,2607.1640625,151045
2021-12-30,2592.1941048983535,2563.1318359375,32393
2021-12-31,2579.5158792325724,2601.02001953125,93478
2022-01-03,2604.872025283945,2606.822509765625,39933
2022-01-04,2606.822708774145,2576.2001953125,32207
2022-01-05,2576.2002860335087,2542.505615234375,30651
2022-01-06,2533.6794092450077,2496.864013671875,37662
2022-01-07,2516.807724158831,2483.161865234375,28323
2022-01-10,2501.3987147677635,2552.745361328125,81371
2022-01-11,2568.0569210855556,2544.602294921875,37245
2022-01-12,2551.623880588048,2787.486328125,650373
2022-01-13,2801.870885117571,2761.105712890625,214383
2022-01-14,2761.1059207069316,2764.470458984375,219784
2022-01-17,2755.059473609625,2720.145751953125,60175
2022-01-18,2733.750531719931,2643.784423828125,65916
2022-01-19,2642.906693020592,2667.7265625,59339
2022-01-20,2667.0439722666483,2586.050048828125,50993
2022-01-21,2582.44166752311,2522.903076171875,41382
2022-01-24,2487.9403621634674,2415.7236328125,58412
2022-01-25,2389.343674167035,2469.508544921875,81399
2022-01-27,2457.6104037923537,2515.247314453125,54555
2022-01-28,2536.312501914731,2496.132568359375,41941
2022-01-31,2524.756370429874,2503.349609375,24882
2022-02-01,2544.4559759306517,2502.666748046875,34897
2022-02-02,2512.711784335844,2553.915771484375,35635
2022-02-03,2565.862607617763,2564.6435546875,47890
2022-02-04,2564.88735874107,2339.411376953125,473857
2022-02-07,2321.0765763011973,2223.844970703125,159662
2022-02-08,2241.1066854314677,2198.147216796875,70590
2022-02-09,2213.3124085200557,2187.419677734375,44030
2022-02-10,2193.3201755915566,2143.72900390625,62622
2022-02-11,2143.5828779391795,2132.123779296875,56292
2022-02-14,2048.057628896394,2015.533203125,55678
2022-02-15,2017.1424135985114,2052.00732421875,51153
2022-02-16,2065.5631412077437,2135.9755859375,91848
2022-02-17,2141.9244736562605,2101.500732421875,38344
2022-02-18,2088.091259279991,2047.082275390625,152702
2022-02-21,2007.9752120056228,1963.6016845703125,83694
2022-02-22,1916.350991336337,1925.469482421875,40382
2022-02-23,1950.484716545364,1948.6805419921875,27176
2022-02-24,1863.6879462981917,1851.4486083984375,56643
2022-02-25,1895.8710940540907,1899.333251953125,54214
2022-02-28,1872.4653061478705,1949.65576171875,47927
2022-03-02,1960.2370584336634,1980.3270263671875,47924
2022-03-03,2043.1325241483762,1968.1851806640625,30184
2022-03-04,1984.6180814587683,1937.6114501953125,22120
2022-03-07,1936.7336841190527,1908.79296875,30759
2022-03-08,1916.1561931551505,1946.4862060546875,25835
2022-03-09,1978.7665998007028,2141.583251953125,214512
2022-03-10,2193.3200689221726,2163.5263671875,98065
2022-03-11,2131.8797466262295,2117.64111328125,42357
2022-03-14,2145.5331895816757,2144.8017578125,80623
2022-03-15,2143.5824554350197,2236.23046875,160620
2022-03-16,2286.942996271181,2269.973876953125,136899
2022-03-17,2282.0667958792023,2244.373779296875,44222
2022-03-21,2292.7946113563357,2334.876220703125,204172
2022-03-22,2350.3339524706903,2320.44287109375,47401
2022-03-23,2330.926621677643,2279.287353515625,33902
2022-03-24,2244.03267015767,2236.279541015625,32512
2022-03-25,2249.8839562699777,2235.109130859375,29329
2022-03-28,2243.0575285144937,2165.8671875,62840
2022-03-29,2191.3696100891852,2113.691650390625,61132
2022-03-30,2145.4842287800284,2116.665771484375,57361
2022-03-31,2135.780531538179,2089.40771484375,59602
2022-04-01,2096.7709330860275,2205.3642578125,161549
2022-04-04,2242.0823121183466,2228.331298828125,64888
2022-04-05,2291.62448855189,2279.092529296875,118431
2022-04-06,2287.918593528736,2272.363525390625,63941
2022-04-07,2272.2169133475963,2227.502197265625,45546
2022-04-08,2246.958351961625,2254.85791015625,61356
2022-04-11,2254.7600137062886,2244.373779296875,22144
2022-04-12,2246.9583238021473,2203.51123046875,21553
2022-04-13,2211.8495866421526,2229.111328125,102080
2022-04-18,2228.428482275816,2202.145751953125,23800
2022-04-19,2229.403867826101,2135.341796875,29315
2022-04-20,2153.3351012399044,2143.3388671875,22729
2022-04-21,2153.3349795297513,2172.791015625,29715
2022-04-22,2167.9637496295245,2153.77392578125,20896
2022-04-25,2098.916659203872,2141.63232421875,26168
2022-04-26,2163.0876818165716,2117.4462890625,27433
2022-04-27,2116.2757512206467,2106.913330078125,23775
2022-04-28,2120.176852434006,2121.834716796875,34599
2022-04-29,2135.7805376013016,2095.6494140625,30463
2022-05-02,2091.894616531999,2135.780517578125,87191
2022-05-04,2154.65189866348,2103.500244140625,23039
2022-05-05,2114.4713123970155,2095.405517578125,21348
2022-05-06,2072.3899509905077,2047.9600830078125,18508
2022-05-09,2048.984139283771,2020.6044921875,19140
2022-05-10,2032.9901893150052,1934.8319091796875,147053
2022-05-11,1950.4847396630923,1865.58984375,66801
2022-05-12,1865.589774176895,1829.700927734375,34074
2022-05-13,1844.280663912763,1873.09912109375,36513
2022-05-16,1876.7563543232136,1881.973876953125,17963
2022-05-17,1887.0939285498073,1909.427001953125,29097
2022-05-18,1924.153135234968,1926.396240234375,55130
2022-05-19,1901.7223656838553,1863.834228515625,26558
2022-05-20,1887.0451514572949,1925.81103515625,23047
2022-05-23,1934.880727912283,1923.421630859375,18082
2022-05-24,1944.584242682576,1888.8492431640625,23384
2022-05-25,1898.7968046291483,1846.280029296875,17679
2022-05-26,1851.0098900887238,1860.3721923828125,23512
2022-05-27,1868.5642952629585,1878.8531494140625,16433
2022-05-30,1911.4749842682982,1919.471923828125,29186
2022-05-31,1919.2767701933356,1985.8858642578125,89327
2022-06-01,1999.2466610278575,1954.434326171875,29043
2022-06-02,1969.8920605493927,1972.232666015625,24000
2022-06-03,1993.2004376468876,1976.913818359375,30821
2022-06-06,1974.8656746074103,1957.4088134765625,12387
2022-06-07,1947.558921768792,1958.1890869140625,13965
2022-06-08,1973.8905752911107,1973.4029541015625,27583
2022-06-09,1967.0637544606861,1967.1612548828125,40191
2022-06-10,1957.3113901337786,1962.821533203125,14893
2022-06-13,1927.078696549771,1897.52880859375,17087
2022-06-14,1897.8215218243627,1890.1658935546875,13070
2022-06-15,1896.7974544276283,1899.82080078125,8694
2022-06-16,1903.6730227791152,1848.035400390625,27896
2022-06-17,1841.2574497760252,1807.660400390625,15819
2022-06-20,1807.1240318296154,1742.709228515625,25162
2022-06-21,1742.757927431013,1800.93115234375,36529
2022-06-22,1800.9313081684463,1801.02880859375,26160
2022-06-23,1804.1982943343712,1804.3446044921875,24621
2022-06-24,1809.0257212054971,1835.9425048828125,19345
2022-06-27,1855.4959697101783,1859.2994384765625,14849
2022-06-28,1859.2993698325636,1852.1800537109375,9088
2022-06-29,1834.1381441713777,1871.441162109375,24528
2022-06-30,1871.4410494411957,1849.6444091796875,8955
2022-07-01,1850.1810977768334,1850.3760986328125,8251
2022-07-04,1869.24683288215,1911.1822509765625,44658
2022-07-05,1911.1824029152651,1899.13818359375,18917
2022-07-06,1896.8462249472161,1923.9580078125,39325
2022-07-07,1950.4847656142647,1962.333984375,32020
2022-07-08,1966.1372826467016,1947.9976806640625,16129
2022-07-11,1947.9976038659836,1973.0614013671875,17803
2022-07-12,1970.0383616859158,1957.3114013671875,19443
2022-07-13,1962.23625476012,1955.799560546875,12018
2022-07-14,1955.3608826475527,1953.751708984375,11352
2022-07-15,1950.4846259863918,1945.99853515625,7921
2022-07-18,1951.5574935196523,1994.5169677734375,79440
2022-07-19,1998.2715524927644,1998.8079833984375,15034
2022-07-20,2014.1191991208245,2016.0208740234375,26466
2022-07-21,2015.8255383534008,2034.4527587890625,33181
2022-07-22,2046.7410124552391,2031.9661865234375,12319
2022-07-25,2036.9885393281804,2021.77490234375,10989
2022-07-26,2038.2564091084557,1999.63671875,13360
2022-07-27,1970.9647304731468,1949.5093994140625,30679
2022-07-28,1978.47395353562,1973.841552734375,13716
2022-07-29,1975.889706746398,1971.20849609375,15659
2022-08-01,1997.2965075316313,2143.19287109375,202927
2022-08-02,2174.7904560369548,2336.046875,594290
2022-08-03,2336.582694132313,2316.98046875,97425
2022-08-04,2336.6805465981342,2339.11865234375,82639
2022-08-05,2352.284473717417,2071.8046875,577706
2022-08-08,2064.100485375492,2089.456787109375,99718
2022-08-10,2105.060596689505,2069.171630859375,34335
2022-08-11,2092.5772644877256,2061.0283203125,22731
2022-08-12,2067.3677248751787,2064.0517578125,24294
2022-08-16,2077.2662305049603,2067.90380859375,33473
2022-08-17,2077.2660583874886,2070.878173828125,36118
2022-08-18,2070.8781068978387,2074.145263671875,28585
2022-08-19,2074.1450914103893,2046.3018798828125,26078
2022-08-22,2044.0591090119196,2012.6075439453125,18118
2022-08-23,1999.246883198035,2027.4801025390625,22329
2022-08-24,2027.4800123721755,2034.8431396484375,17999
2022-08-25,2048.0089751302708,2029.4793701171875,53154
2022-08-26,2040.1091362788407,2049.130126953125,31216
2022-08-29,1999.2467679044564,2030.259521484375,20517
2022-08-30,2046.0585624388573,2045.6197509765625,44433
2022-09-01,2036.3060660297685,2039.1829833984375,24792
2022-09-02,2063.4176644338936,2054.250244140625,49889
2022-09-05,2066.5384792547557,2120.322998046875,298155
2022-09-06,2131.781794413376,2080.67919921875,55978
2022-09-07,2077.2658940057063,2089.7978515625,28472
2022-09-08,2121.3434101555463,2098.383544921875,24630
2022-09-09,2109.5200682365835,2099.56103515625,27720
2022-09-12,2107.4596535801547,2119.086669921875,42376
2022-09-13,2132.136805613365,2120.803955078125,37317
2022-09-14,2089.945201491702,2116.486572265625,24631
2022-09-15,2105.2519526348606,2124.38525390625,57109
2022-09-16,2137.0422690002633,2095.09619140625,59226
2022-09-19,2095.0965864834416,2055.30908203125,23247
2022-09-20,2082.0954198967765,2089.4052734375,26992
2022-09-21,2096.81351167894,2058.497802734375,14479
2022-09-22,2049.7158363081476,2044.41748046875,14150
2022-09-23,2043.8289813987976,2042.5042724609375,14450
2022-09-26,2040.8852319739954,1971.4656982421875,19035
2022-09-27,1972.2017081289323,1974.114990234375,13786
2022-09-28,1963.8616023266081,1941.8828125,11990
2022-09-29,1961.4085955534015,1910.2392578125,23697
2022-09-30,1910.2392303426757,1928.587646484375,18360
2022-10-03,1934.8182260033495,1940.6072998046875,22747
2022-10-04,1957.336670002616,1960.9671630859375,16610
2022-10-06,2013.4119302308313,2029.16015625,57052
2022-10-07,2034.9982440541448,2027.6392822265625,20410
2022-10-10,1993.7880263056243,1984.4666748046875,18247
2022-10-11,2004.5810544956855,1945.8565673828125,22933
2022-10-12,1954.5401758734042,1913.2808837890625,28238
2022-10-13,1913.2808863846367,1898.2686767578125,14624
2022-10-14,1912.4960464449423,1901.506591796875,15445
2022-10-17,1898.5140105989803,1882.716796875,14578
2022-10-18,1892.136383388516,1923.9271240234375,24833
2022-10-19,1933.5918251383341,1924.81005859375,18055
2022-10-20,1924.3193495475136,1924.466552734375,5671
2022-10-21,1934.1314444745774,1916.51904296875,9348
2022-10-24,1923.1420074627017,1931.3349609375,3830
2022-10-25,1929.0290322774495,1933.3463134765625,10262
2022-10-27,1951.547589950457,1940.8526611328125,8305
2022-10-28,1940.8526359020514,1923.730712890625,10602
2022-10-31,1933.395419376862,1900.525390625,18608
2022-11-01,1914.1641316375346,1909.4544677734375,15346
2022-11-02,1913.4282914409303,1914.65478515625,12092
2022-11-03,1898.6121400341365,1918.6285400390625,9938
2022-11-04,1926.9195527178047,1970.1412353515625,44476
2022-11-07,1973.232002592901,1980.3946533203125,15550
2022-11-09,1972.2017509207765,1885.31689453125,196098
2022-11-10,1844.6464043095768,1858.775634765625,25973
2022-11-11,1864.2703911411245,1861.130615234375,18799
2022-11-14,1875.1124770656943,1900.280029296875,20669
2022-11-15,1900.2801051796096,1881.539306640625,8182
2022-11-16,1885.8565520578418,1868.3912353515625,8912
2022-11-17,1868.3913991971533,1849.69970703125,12732
2022-11-18,1858.9718906236465,1799.805908203125,29268
2022-11-21,1808.8328303888497,1804.123046875,16664
2022-11-22,1813.1500621105706,1775.324951171875,15919
2022-11-23,1783.1745387282374,1798.8736572265625,15646
2022-11-24,1798.9228011830378,1819.773193359375,23163
2022-11-25,1828.8981997221524,1823.9432373046875,10038
2022-11-28,1825.0225340126844,1824.9244384765625,14041
2022-11-29,1824.9243776627536,1817.418212890625,21746
2022-11-30,1826.0036533852249,1819.086181640625,9339
2022-12-01,1830.909737863226,1826.6905517578125,9342
2022-12-02,1833.8533322637484,1818.595703125,28316
2022-12-05,1831.8908330486756,1812.806640625,16692
2022-12-06,1812.266993819859,1795.2432861328125,19325
2022-12-07,1800.4435092084534,1779.7894287109375,20629
2022-12-08,1790.68072166668,2006.347412109375,1536841
2022-12-09,2006.3472842242354,2029.945068359375,508811
2022-12-12,2031.0734707421202,1990.3538818359375,110119
2022-12-13,1990.4028641814627,2019.8878173828125,299498
2022-12-14,2031.0734452529725,1995.9957275390625,43581
2022-12-15,2004.5812134858081,1945.3170166015625,64645
2022-12-16,1957.2875963885951,1955.4722900390625,114063
2022-12-19,1964.2540472811513,1942.61865234375,39396
2022-12-20,1936.8787328826104,1915.341552734375,27901
2022-12-21,1923.1419414279048,1869.5687255859375,29251
2022-12-22,1856.420651448009,1829.535888671875,39152
2022-12-23,1823.9432498134895,1774.44189453125,29320
2022-12-26,1790.6806955131472,1805.1533203125,44393
2022-12-27,1864.2702442997418,1851.760009765625,49666
2022-12-28,1854.458358210042,1842.438720703125,17448
2022-12-29,1846.3143746488784,1877.76171875,82088
2022-12-30,1877.761738457706,1875.2596435546875,23275
2023-01-02,1875.0635374882002,1859.805908203125,15236
2023-01-03,1878.939119674923,1895.22705078125,64918
2023-01-04,1902.4387371215348,1878.49755859375,29551
2023-01-05,1885.0716167535536,1875.0634765625,17194
2023-01-06,1875.1127106789304,1856.4208984375,17629
2023-01-09,1869.176308185271,1854.114990234375,15803
2023-01-10,1820.116530399496,1831.890869140625,32982
2023-01-11,1849.5524266259429,1841.5556640625,10657
2023-01-12,1844.6463414193797,1824.3846435546875,11918
2023-01-13,1824.0412539161844,1832.626708984375,9390
2023-01-16,1883.943337318623,1848.1787109375,75194
2023-01-17,1845.627658409128,1848.9637451171875,12175
2023-01-18,1854.458438036736,1843.3218994140625,12248
2023-01-19,1844.6463291983548,1831.9888916015625,10760
2023-01-20,1840.378314012252,1826.0037841796875,9640
2023-01-23,1844.1557055975038,1818.4974365234375,10262
2023-01-24,1822.4714240514481,1818.69384765625,10766
2023-01-25,1817.172959919257,1791.956298828125,12718
2023-01-27,1783.81235826919,1767.18115234375,18809
2023-01-30,1766.150828905603,1777.4345703125,13472
2023-01-31,1790.680738248661,1788.7674560546875,8520
2023-02-01,1809.2743503315633,1768.4566650390625,33229
2023-02-02,1782.2913431216393,1760.9013671875,12670
2023-02-03,1780.868855651806,1743.4853515625,17712
2023-02-06,1726.9520364527154,1755.3084716796875,11594
2023-02-07,1765.954629432532,1764.5809326171875,12834
2023-02-08,1779.8875242446416,1779.7894287109375,10926
2023-02-09,1888.800164200434,1868.6856689453125,252051
2023-02-10,1868.930915868866,1790.2391357421875,130251
2023-02-13,1792.1524571815346,1745.1531982421875,32792
2023-02-14,1761.1955757190785,1713.1661376953125,28995
2023-02-15,1707.7696743595984,1713.01904296875,26947
2023-02-16,1744.5646066828408,1707.0830078125,24818
2023-02-17,1702.3732117008701,1701.4901123046875,16454
2023-02-20,1716.6984881048875,1677.1072998046875,22467
2023-02-21,1669.0125367286973,1661.3101806640625,25159
2023-02-22,1654.883267727412,1626.7230224609375,37130
2023-02-23,1635.6519400581117,1629.7647705078125,20029
2023-02-24,1640.557801796827,1619.8546142578125,15606
2023-02-27,1616.02795677177,1576.436767578125,19931
2023-02-28,1584.6297205484943,1572.8062744140625,13945
2023-03-01,1570.8438689445015,1609.944580078125,18867
2023-03-02,1609.1595544097404,1612.446533203125,24206
2023-03-03,1617.9903603283935,1607.09912109375,18024
2023-03-06,1616.027930032188,1616.22412109375,11155
2023-03-08,1615.9299367939022,1618.726318359375,24837
2023-03-09,1615.92998048099,1592.7738037109375,16026
2023-03-10,1598.3665479950005,1599.3968505859375,23066
2023-03-13,1599.3967755519589,1563.04345703125,24113
2023-03-14,1563.0436642507975,1557.156494140625,15571
2023-03-15,1563.0434893627762,1547.0009765625,13650
2023-03-16,1546.363168425064,1528.70166015625,19397
2023-03-17,1546.3631024094602,1516.5838623046875,16602
2023-03-20,1517.8593405769693,1495.144775390625,15786
2023-03-21,1500.2469377188847,1593.46044921875,140728
2023-03-22,1570.893049828861,1583.452392578125,34626
2023-03-23,1597.3852231594494,1569.715576171875,19475
2023-03-24,1571.8742391459637,1529.1922607421875,21589
2023-03-27,1530.6639810519184,1470.5657958984375,40313
2023-03-28,1469.830020903724,1429.9935302734375,42565
2023-03-29,1434.604930343296,1398.5460205078125,39282
2023-03-31,1399.1839371503468,1410.7620849609375,75958
2023-04-03,1438.922267171545,1476.99267578125,58241
2023-04-05,1486.5104084758016,1511.040283203125,39673
2023-04-06,1520.8521091170455,1503.2886962890625,17108
2023-04-10,1519.870817679876,1494.016357421875,13651
2023-04-11,1521.8331162590953,1521.6859130859375,21720
2023-04-12,1520.852063049623,1513.247802734375,17430
2023-04-13,1511.0402129390677,1524.8260498046875,39437
2023-04-17,1520.8521016925883,1504.1226806640625,21040
2023-04-18,1507.1152108612216,1510.94189453125,25723
2023-04-19,1513.0025296770016,1492.5936279296875,17050
2023-04-20,1508.0965867981377,1497.4996337890625,12638
2023-04-21,1497.499568030127,1496.763671875,16741
2023-04-24,1496.7637282001026,1486.461181640625,10931
2023-04-25,1486.4612899646656,1503.6322021484375,30959
2023-04-26,1503.632025215686,1512.119384765625,13901
2023-04-27,1512.119469239017,1528.99609375,21739
2023-04-28,1532.6265188879624,1535.52099609375,18202
2023-05-02,1549.3067239400207,1545.2347412109375,21553
2023-05-03,1555.193818374445,1567.60595703125,50192
2023-05-04,1574.817874079586,1617.696044921875,90447
2023-05-05,1625.8398503363421,1615.439208984375,26904
2023-05-08,1632.7082318270088,1595.6190185546875,25316
2023-05-09,1596.404212946237,1569.470458984375,25072
2023-05-10,1557.696062321695,1572.021484375,142919
2023-05-11,1562.9942999265022,1574.3271484375,21194
2023-05-12,1574.8178944111687,1563.23974609375,14834
2023-05-15,1560.0998587820773,1562.896240234375,25452
2023-05-16,1576.7802691838847,1578.1048583984375,19471
2023-05-17,1589.535685076639,1586.3468017578125,14187
2023-05-18,1593.9511175742014,1581.489990234375,27369
2023-05-19,1586.5921544686112,1570.1080322265625,11009
2023-05-22,1611.1219062797372,1583.795654296875,12061
2023-05-23,1603.2723710574758,1585.4146728515625,9871
2023-05-24,1591.4981459424657,1580.3125,21066
2023-05-25,1580.312522196604,1568.243896484375,22681
2023-05-26,1569.911848558465,1578.8406982421875,14770
2023-05-29,1607.1971787463465,1601.2119140625,31320
2023-05-30,1616.027995906885,1626.5267333984375,84291
2023-05-31,1637.6142241119483,1609.4539794921875,21335
2023-06-01,1609.5029558513875,1626.6248779296875,31684
2023-06-02,1634.6705776693993,1700.263427734375,152629
2023-06-05,1725.872688414142,1704.0902099609375,54742
2023-06-06,1704.3355165328003,1682.3077392578125,34995
2023-06-07,1691.4329846550415,1689.6177978515625,25700
2023-06-08,1689.617762648304,1672.3487548828125,22491
2023-06-09,1679.658558103065,1652.626708984375,19877
2023-06-12,1652.6266868927198,1658.7591552734375,15751
2023-06-13,1666.068936375502,1674.3599853515625,32851
2023-06-14,1674.8996322779747,1676.4205322265625,31538
2023-06-15,1687.5572323809704,1680.983154296875,21230
2023-06-16,1681.7680955462918,1680.73779296875,30169
2023-06-19,1685.398484677076,1673.6241455078125,14346
2023-06-20,1673.6240101722103,1677.1072998046875,17661
2023-06-21,1678.8245211637334,1693.591552734375,68082
2023-06-22,1696.4858991060355,1675.2921142578125,17943
2023-06-23,1677.843265516331,1663.321533203125,14583
2023-06-26,1653.3133449772165,1672.7900390625,17041
2023-06-27,1672.790226218203,1683.0927734375,14827
2023-06-28,1683.730330982756,1669.8955078125,19622
2023-06-30,1672.8881814989536,1664.646240234375,28258
2023-07-03,1671.9561496646427,1662.0950927734375,17495
2023-07-04,1672.9373287951244,1678.775390625,32727
2023-07-05,1696.2897531026615,1667.148193359375,14893
2023-07-06,1683.7795237222751,1669.944580078125,52241
2023-07-07,1669.944688049317,1659.7403564453125,24300
2023-07-10,1676.862090738719,1674.0166015625,21783
2023-07-11,1670.974920248156,1675.831787109375,41783
2023-07-12,1687.606177550778,1672.299560546875,18500
2023-07-13,1673.918441823241,1660.0836181640625,28050
2023-07-14,1661.1629068609218,1667.344482421875,33563
2023-07-17,1658.21943146038,1936.0447998046875,1562426
2023-07-18,1903.5180324304176,1850.77880859375,372468
2023-07-19,1862.0135137535656,1886.6416015625,275500
2023-07-20,1888.8493129840263,1875.0634765625,78293
2023-07-21,1876.0448333528623,1873.68994140625,82400
2023-07-24,1879.6749160928907,1889.094482421875,149470
2023-07-25,1901.3102637655459,1874.474609375,115109
2023-07-26,1880.9505971317467,1884.531982421875,65249
2023-07-27,1897.091328867429,1938.7921142578125,352849
2023-07-28,1945.4642729798195,1980.5419921875,115006
2023-07-31,1986.9196756023637,1990.550048828125,69260
2023-08-01,2006.5434293168196,1936.1427001953125,77304
2023-08-02,1939.822217710055,2006.2000732421875,252629
2023-08-03,2006.2494146048718,2128.751708984375,352156
2023-08-04,2134.0989010917806,2218.187255859375,322554
2023-08-07,2230.599640270562,1879.5770263671875,957367
2023-08-08,1879.969453138692,1906.0692138671875,182668
2023-08-09,1913.329997543779,1883.7469482421875,52935
2023-08-10,1882.9130095932808,1872.953857421875,38719
2023-08-11,1875.014395609002,1825.7093505859375,94431
2023-08-14,1823.0600542157008,1860.345458984375,79547
2023-08-16,1864.2210939742333,1841.26123046875,19329
2023-08-17,1844.7444564435384,1836.8948974609375,19325
2023-08-18,1852.4959415451492,1821.19580078125,33479
2023-08-21,1836.7968718194463,1807.6063232421875,25241
2023-08-22,1808.3422721052457,1792.6922607421875,26974
2023-08-23,1805.9384274877355,1825.464111328125,46039
2023-08-24,1842.6839940271195,1869.029052734375,58745
2023-08-25,1874.0822103851785,1867.900634765625,27248
2023-08-28,1881.9317770038501,1870.6971435546875,17694
2023-08-29,1878.0071380214285,1862.2589111328125,27151
2023-08-30,1875.0633831065863,1925.0062255859375,86838
2023-08-31,1933.9351629897199,1938.7430419921875,88647
2023-09-01,1948.6530016450058,1940.9996337890625,51320
2023-09-04,1955.3740996061426,1929.3724365234375,212658
2023-09-05,1928.0478816000698,1925.202392578125,42217
2023-09-06,1935.8976697639578,1932.3162841796875,19935
2023-09-07,1941.784797245614,1973.771728515625,64261
2023-09-08,1987.943112157324,1984.203369140625,40195
2023-09-11,1981.0541933866107,1972.8858642578125,43636
2023-09-12,1979.085974885543,1938.88427734375,45992
2023-09-13,1938.7364569963465,1949.168212890625,21252
2023-09-14,1956.4509599594787,2010.77490234375,140022
2023-09-15,2015.6955370189946,1981.93994140625,31524
2023-09-18,1978.1509838631605,1954.433349609375,19993
2023-09-20,1987.9430284715288,1949.414306640625,13301
2023-09-21,1949.4143663215684,1946.0191650390625,14962
2023-09-22,1940.704895131895,1941.5413818359375,24824
2023-09-25,1943.6572150199454,1925.4508056640625,12784
2023-09-26,1933.8157951919568,1932.2412109375,17284
2023-09-27,1926.9763127092842,1917.6270751953125,11901
2023-09-28,1948.4795375507065,1924.41748046875,37087
2023-09-29,1935.7842337854572,1923.6302490234375,12505
2023-10-03,1946.5113391810723,1925.1556396484375,22216
2023-10-04,1928.895388816459,1934.30810546875,21762
2023-10-05,1965.3081499326536,1936.3255615234375,16395
2023-10-06,1948.5778052721996,2018.4510498046875,91240
2023-10-09,2007.6256784163618,2018.6971435546875,50470
2023-10-10,2017.4669647811995,2091.17822265625,167566
2023-10-11,2091.768793118245,2082.91162109375,42903
2023-10-12,2091.178164755624,2095.852783203125,65594
2023-10-13,2095.114800712311,2082.173583984375,23446
2023-10-16,2125.72141817728,2098.559326171875,64396
2023-10-17,2115.8797904521925,2073.316162109375,24314
2023-10-18,2078.482895378303,2056.63525390625,26350
2023-10-19,2066.574993481794,2035.6241455078125,19361
2023-10-20,2035.6241279295061,2006.8875732421875,18015
2023-10-23,2007.6256754265007,1918.06982421875,31084
2023-10-25,1918.0698636091724,1882.2967529296875,24730
2023-10-26,1860.990372518705,1887.95556640625,28471
2023-10-27,1894.4507029530666,1924.3682861328125,20888
2023-10-30,1928.8952636994134,1927.71435546875,14964
2023-10-31,1947.0034070361935,1927.8128662109375,17938
2023-11-01,1927.8128055220911,1930.322265625,26070
2023-11-02,1948.5779017649386,1982.5303955078125,21650
2023-11-03,1989.9113087517458,1978.2493896484375,15524
2023-11-06,1981.0542001276874,1982.5303955078125,23866
2023-11-07,1995.3732950804138,2003.54150390625,402899
2023-11-08,2008.6592635036166,2051.222900390625,105252
2023-11-09,2051.222692688188,2013.18603515625,40458
2023-11-10,2031.1462841279379,2002.557373046875,18961
2023-11-13,2005.8050451748963,1991.9288330078125,28708
2023-11-15,1997.8337304052698,1981.6939697265625,22444
2023-11-16,1981.8415512180322,1979.3812255859375,15621
2023-11-17,1999.1621571916876,1978.1510009765625,20152
2023-11-20,1997.7844002092493,1960.48583984375,16700
2023-11-21,1977.0684735944626,1963.78271484375,21407
2023-11-22,1973.181210083149,1966.9320068359375,14602
2023-11-23,1970.228755482456,1963.33984375,10028
2023-11-24,1972.1970113693299,1955.368408203125,19495
2023-11-28,1991.7319920840034,1986.958984375,55131
2023-11-29,1988.1399440321507,1969.8843994140625,20432
2023-11-30,1972.000177480716,1965.160400390625,18500
2023-12-01,1980.5620597287102,1959.4525146484375,25705
2023-12-04,1963.3398366360036,1953.2032470703125,31031
2023-12-05,1954.4826598211114,1945.2318115234375,80003
2023-12-06,1964.914467120845,1926.6810302734375,33586
2023-12-07,1931.8476181455187,1965.849365234375,84129
2023-12-08,1972.9843498323644,1933.717529296875,29063
2023-12-11,1933.7176479521256,1928.4033203125,33237
2023-12-12,1929.879324452974,1916.93798828125,21434
2023-12-13,1922.9905337947635,1912.21435546875,18547
2023-12-14,1921.0222708381884,1908.8682861328125,21916
2023-12-15,1909.2127067432777,1908.572998046875,19639
2023-12-18,1899.7158325026408,1919.8905029296875,28741
2023-12-19,1931.6017260474107,1898.4857177734375,30124
2023-12-20,1901.3890165457165,1864.779296875,35286
2023-12-21,1860.0061854877663,1894.2047119140625,21499
2023-12-22,1904.2920530172134,1905.2269287109375,24528
2023-12-26,1905.2761258676937,1910.295166015625,14917
2023-12-27,1917.5778232676328,1922.6461181640625,33201
2023-12-28,1930.8636515920787,1938.8350830078125,50777
2023-12-29,1943.6570886449776,1920.431640625,34989
2024-01-01,1942.3778008137729,1929.781005859375,25220
2024-01-02,1926.927120978689,1920.9239501953125,18156
2024-01-03,1922.9904436627469,1963.6842041015625,135366
2024-01-04,1981.0541822926932,1954.5810546875,40661
2024-01-05,1954.5810665818224,1973.18115234375,73837
2024-01-08,1983.0223764238044,1948.528564453125,21758
2024-01-09,1967.2270936774855,1938.4412841796875,17653
2024-01-10,1938.73664097579,1952.957275390625,88359
2024-01-11,1963.339838507935,1955.565185546875,57346
2024-01-12,1968.2605661003608,1980.9066162109375,282310
2024-01-15,1995.7668419249424,1987.500244140625,51442
2024-01-16,1998.768463122997,1951.6778564453125,43204
2024-01-17,1939.7207677550007,1947.052490234375,72026
2024-01-18,1947.1017594400207,1969.2939453125,36059
2024-01-19,1983.0223943039325,1975.5921630859375,35641
2024-01-23,1973.0827938947723,1923.9254150390625,33796
2024-01-24,1917.184160839342,1946.3636474609375,27514
2024-01-25,1946.3635198519862,1936.8175048828125,23422
2024-01-29,1933.8159154787895,1929.87939453125,30401
2024-01-30,1941.6889472596135,1914.7237548828125,24837
2024-01-31,1919.0539097867465,1942.9190673828125,27712
2024-02-01,1957.4351165230614,1952.85888671875,98466
2024-02-02,1987.9430211609213,1936.8175048828125,33271
2024-02-05,1948.5286772024083,1930.4207763671875,33811
2024-02-06,1933.8651827166489,1949.463623046875,43112
2024-02-07,1953.4985336349316,1950.44775390625,61723
2024-02-08,1933.8158990622305,1807.896484375,385888
2024-02-09,1772.4185107796347,1762.5279541015625,83327
2024-02-12,1766.5137624558959,1717.897705078125,52370
2024-02-13,1717.8977891858062,1757.607421875,39758
2024-02-14,1716.2738944201262,1761.3963623046875,21574
2024-02-15,1761.396324531607,1704.6119384765625,50815
2024-02-16,1707.4658904451196,1719.8167724609375,42123
2024-02-19,1731.0850325833803,1746.4866943359375,26898
2024-02-20,1755.6883575437864,1761.199462890625,30226
2024-02-21,1761.593106905879,1805.04248046875,67608
2024-02-22,1807.8472806387651,1793.774169921875,15636
2024-02-23,1828.514017353102,1793.380615234375,19463
2024-02-26,1793.380491547243,1793.281982421875,12760
2024-02-27,1793.2821030067487,1790.2313232421875,11929
2024-02-28,1790.083533663987,1755.78662109375,25400
2024-02-29,1768.9248482122114,1739.351806640625,8781
2024-03-01,1741.9104664891438,1750.7183837890625,17227
2024-03-04,1742.4518081357123,1783.489990234375,40870
2024-03-05,1791.1170473091813,1762.6756591796875,15244
2024-03-06,1752.8344046923041,1741.861328125,15156
2024-03-07,1767.4978590692697,1760.3629150390625,20093
2024-03-11,1747.815353720025,1722.3756103515625,23399
2024-03-12,1720.2596860100634,1689.9976806640625,19220
2024-03-13,1702.692979350845,1580.8084716796875,47662
2024-03-14,1583.4655901734031,1607.7735595703125,27649
2024-03-15,1607.0354549752994,1595.8656005859375,23895
2024-03-18,1618.8942066402071,1587.943359375,20661
2024-03-19,1598.2275128191195,1556.4019775390625,29095
2024-03-20,1588.2877786677507,1585.6798095703125,50256
2024-03-21,1599.1624654597485,1579.6767578125,32929
2024-03-22,1581.0051839389932,1576.0352783203125,30257
2024-03-26,1577.5607123717537,1551.2352294921875,37449
2024-03-27,1564.7670059397526,1529.879638671875,47283
2024-03-28,1530.3225614328712,1514.822509765625,41247
2024-04-01,1519.497168240541,1582.629150390625,43218
2024-04-02,1582.6291670473665,1613.333984375,25764
2024-04-03,1613.3338240886667,1648.122802734375,30503
2024-04-04,1651.419831785009,1705.251708984375,67940
2024-04-05,1704.5136083030486,1801.647216796875,242790
2024-04-08,1805.8790981854909,1821.379150390625,60744
2024-04-09,1820.4442054371536,1807.8472900390625,45683
2024-04-10,1807.8473449665255,1797.2679443359375,57640
2024-04-12,1796.0376550261096,1790.37890625,17021
2024-04-15,1751.1121786262972,1742.451904296875,39001
2024-04-16,1742.4517323079983,1759.0343017578125,21731
2024-04-18,1761.5931920625178,1747.0772705078125,15251
2024-04-19,1741.8612616667028,1731.478759765625,18886
2024-04-22,1771.4344930305754,1744.1248779296875,27462
2024-04-23,1746.8311661591754,1728.9200439453125,19549
2024-04-24,1746.8311863067308,1760.904296875,31905
2024-04-25,1768.482047366074,1754.6058349609375,13524
2024-04-26,1751.7517862417733,1776.0106201171875,31799
2024-04-29,1776.0107292707746,1756.1312255859375,16809
2024-04-30,1756.6232396594103,1770.3519287109375,22669
2024-05-02,1770.3519404386413,1790.723388671875,53028
2024-05-03,1799.9741714104962,1783.489990234375,16146
2024-05-06,1808.8314639434477,1778.6678466796875,13367
2024-05-07,1778.6676949730247,1733.200927734375,19276
2024-05-08,1748.25812098406,1751.06298828125,17151
2024-05-09,1757.6565983701284,1730.789794921875,36156
2024-05-10,1796.037623162965,1742.6485595703125,454901
2024-05-13,1752.7360283103574,1761.8392333984375,40740
2024-05-14,1766.5138548765221,1765.6773681640625,20391
2024-05-15,1783.3423956209872,1763.4630126953125,13912
2024-05-16,1770.4503719675106,1758.197998046875,14937
2024-05-17,1766.513726245209,1755.2454833984375,14234
2024-05-21,1776.3549881811819,1787.08203125,31328
2024-05-22,1787.0822227125282,1801.59814453125,35833
2024-05-23,1809.8155517578125,1809.8155517578125,19169
2024-05-24,1809.323301970164,1807.0106201171875,113358
2024-05-27,1810.7994887312145,1794.610595703125,16537
2024-05-28,1806.863209842905,1788.3123779296875,18071
2024-05-29,1788.3123035900662,1766.907470703125,14762
2024-05-30,1753.8184832742909,1757.361328125,22194
2024-05-31,1774.1901015943151,1738.4168701171875,14765
2024-06-03,1761.5930636911023,1739.7945556640625,21207
2024-06-04,1760.6090181794548,1678.3848876953125,28386
2024-06-05,1704.5136968728025,1749.2916259765625,20911
2024-06-06,1734.2343240678078,1750.6201171875,25369
2024-06-07,1753.9660731711697,1766.0709228515625,84883
2024-06-10,1791.1170051904598,1792.34716796875,26498
2024-06-11,1796.0377398521664,1828.90771484375,82985
2024-06-12,1828.9076635348017,1844.9981689453125,45521
2024-06-13,1853.1173002245262,1836.1903076171875,61901
2024-06-14,1848.196592227922,1844.9981689453125,31663
2024-06-18,1850.1649443884676,1896.812744140625,106646
2024-06-19,1913.0999745361073,2009.9876708984375,429122
2024-06-20,2053.8798935946616,1967.9161376953125,125508
2024-06-21,1968.2112953843668,1951.57958984375,50729
2024-06-24,1952.5143902660195,1931.5523681640625,41392
2024-06-25,1921.071434010866,1957.18896484375,56440
2024-06-26,1978.10178472694,1941.9842529296875,42564
2024-06-27,1956.844560611006,1890.1204833984375,44533
2024-06-28,1894.4506829660636,1892.8760986328125,24619
2024-07-01,1892.8761411705186,1961.8636474609375,50724
2024-07-02,1968.2604358918063,1965.94775390625,47924
2024-07-03,1980.6605681657368,1954.8271484375,19469
2024-07-04,1951.6285953920449,1943.0174560546875,19042
2024-07-05,1938.736638208189,1945.6748046875,17160
2024-07-08,1943.7064629135145,1916.29833984375,18503
2024-07-09,1930.6667395938487,1917.3809814453125,19300
2024-07-10,1917.3810919900118,1899.4698486328125,26267
2024-07-11,1912.9523776363433,1891.0062255859375,14995
2024-07-12,1905.276231617647,1882.149169921875,12284
2024-07-15,1863.9426960222359,1877.5728759765625,28497
2024-07-16,1879.6887718075388,1863.106201171875,34065
2024-07-18,1862.958455129451,1803.6153564453125,73299
2024-07-19,1830.4822628681577,1770.9423828125,60790
2024-07-22,1758.6899523227898,1776.60107421875,19227
2024-07-23,1777.3391770000344,1784.47412109375,39499
2024-07-24,1786.1962446498737,1894.745849609375,273500
2024-07-25,1894.450751338891,1906.1126708984375,62554
2024-07-26,1907.2443075035605,1883.9696044921875,31179
2024-07-29,1895.3856832888307,1899.076171875,23270
2024-07-30,1906.2602374295063,1973.722412109375,136910
2024-07-31,1984.3019844730138,1953.892333984375,48977
2024-08-01,1964.274713260755,1954.0889892578125,75906
2024-08-02,1960.3381508310947,1889.530029296875,109335
2024-08-05,1888.5459739300072,1812.374267578125,60285
2024-08-06,1827.5298892137073,1797.41552734375,48725
2024-08-07,1825.5615546533486,2156.868896484375,1513936
2024-08-08,2194.6105713767965,2259.317138671875,1325119
2024-08-09,2287.1185944209606,2291.793212890625,276234
2024-08-12,2293.0234919776603,2381.59521484375,492708
2024-08-13,2390.4031617674264,2229.940673828125,154291
2024-08-14,2238.896348831755,2217.934326171875,96276
2024-08-16,2217.934193918894,2199.137451171875,58978
2024-08-19,2207.403964928946,2256.118408203125,77251
2024-08-20,2256.1184904310803,2290.218505859375,75574
2024-08-21,2311.672710352146,2281.853515625,48741
2024-08-22,2300.896508593493,2242.0947265625,48256
2024-08-23,2282.3216818965234,2219.58740234375,56727
2024-08-26,2234.00008627139,2266.675048828125,145962
2024-08-27,2278.3730917795065,2280.7421875,31951
2024-08-28,2322.795244474121,2280.051025390625,111373
2024-08-29,2278.3730994079474,2252.8056640625,42140
2024-08-30,2267.5143532825837,2308.77783203125,53990
2024-09-02,2319.7352364684,2274.572509765625,37903
2024-09-03,2280.3473283531025,2366.72412109375,179414
2024-09-04,2354.4339948956945,2412.479248046875,293675
2024-09-05,2422.3014214820178,2484.739501953125,155040
2024-09-06,2495.5489275531363,2380.297607421875,113347
2024-09-09,2387.4543763301053,2320.524658203125,84117
2024-09-10,2333.80220975585,2358.43212890625,41074
2024-09-11,2358.4320122342588,2266.576416015625,70281
2024-09-12,2281.0383336774266,2259.22216796875,35270
2024-09-13,2264.50331519606,2257.642578125,55088
2024-09-16,2264.5526381420627,2268.994873046875,38259
2024-09-17,2274.424558964387,2257.001220703125,30970
2024-09-18,2250.732454116714,2241.40380859375,36584
2024-09-19,2255.1746768619723,2183.012939453125,63392
2024-09-20,2215.7376594480156,2191.6015625,42564
2024-09-23,2197.4258230436412,2164.9482421875,35663
2024-09-24,2186.616254057028,2120.081298828125,34752
2024-09-25,2122.4011970276715,2098.018310546875,50350
2024-09-26,2113.516776797443,1994.168701171875,93391
2024-09-27,1980.24967733134,1951.22705078125,110910
2024-09-30,1924.9685537440814,1941.5035400390625,88817
2024-10-01,1949.6476006946577,1963.072998046875,83718
2024-10-03,1925.017926673955,1946.04443359375,40113
2024-10-04,1946.0444171809174,1899.89453125,66879
2024-10-07,1914.7020621966724,1853.892822265625,56248
2024-10-08,1867.7130368678436,1884.593505859375,49185
2024-10-09,1900.2894400330788,1872.74755859375,32771
2024-10-10,1905.2253028187451,1860.9510498046875,33247
2024-10-11,1872.6487902842398,1857.8907470703125,37352
2024-10-14,1863.715013468382,1899.006103515625,64092
2024-10-15,1911.148274640216,1868.404052734375,56414
2024-10-16,1881.4347183689522,1874.96875,36258
2024-10-17,1875.018178521167,1821.2177734375,65298
2024-10-18,1801.8199281259197,1825.90673828125,65978
2024-10-21,1812.2345195144658,1824.3272705078125,48352
2024-10-22,1819.8357296231636,1694.7127685546875,107259
2024-10-23,1686.1736336452145,1682.4224853515625,78967
2024-10-24,1683.1135207631921,1667.22021484375,37037
2024-10-25,1667.3189235784932,1647.7237548828125,79956
2024-10-28,1658.434401889075,1685.7294921875,33689
2024-10-29,1691.9980500054642,1693.7255859375,27230
2024-10-30,1696.7364374382846,1769.638427734375,62666
2024-10-31,1759.1251023683951,1787.80224609375,27048
2024-11-01,1792.6887589163014,1819.737060546875,7818
2024-11-04,1824.2284611482544,1796.3905029296875,38225
2024-11-05,1791.8496456843677,1806.26220703125,23992
2024-11-06,1823.1920820604505,1868.848388671875,61958
2024-11-07,1821.316365998953,1709.8656005859375,480696
2024-11-08,1697.9210364483722,1731.6326904296875,71488
2024-11-11,1722.6000430527554,1721.3660888671875,63997
2024-11-12,1702.511340191409,1736.3709716796875,60833
2024-11-13,1732.9651909035317,1691.4056396484375,55242
2024-11-14,1691.4057921542633,1692.9852294921875,29271
2024-11-18,1692.985086112842,1677.8321533203125,31726
2024-11-19,1682.6693593653831,1699.204345703125,32835
2024-11-21,1699.2043038192576,1667.3682861328125,21040
2024-11-22,1678.1282879151904,1669.885498046875,68651
2024-11-25,1688.049308336431,1678.2763671875,20313
2024-11-26,1678.1777182497085,1680.4482421875,15781
2024-11-27,1685.087889917756,1703.843994140625,25700
2024-11-28,1707.7926372742336,1726.7955322265625,29108
2024-11-29,1718.7500276010915,1731.040283203125,22651
2024-12-02,1734.4459708901306,1724.376953125,13556
2024-12-03,1732.027599105002,1732.619873046875,18883
2024-12-04,1732.6197905356853,1775.3638916015625,127458
2024-12-05,1788.7400505044757,1768.3551025390625,21560
2024-12-06,1818.3549276324015,1812.5306396484375,73442
2024-12-09,1821.2669384306778,1786.9630126953125,40200
2024-12-10,1791.8988326884098,1798.068603515625,31730
2024-12-11,1808.483256941733,1827.7823486328125,47639
2024-12-12,1847.9698375841997,1792.6392822265625,26398
2024-12-13,1796.5878761593958,1794.26806640625,22925
2024-12-16,1784.692667880342,1825.90673828125,31572
2024-12-17,1822.4022328311703,1835.432861328125,30027
2024-12-18,1818.947223934808,1816.7755126953125,16436
2024-12-19,1801.573157498879,1787.8515625,14675
2024-12-20,1796.6374085390544,1739.530029296875,20797
2024-12-23,1756.2130347799164,1774.62353515625,25117
2024-12-24,1774.6235289890044,1761.7904052734375,18598
2024-12-26,1762.0866649365578,1764.949462890625,15718
2024-12-27,1765.0480475877366,1775.1170654296875,24943
2024-12-30,1788.9374339243268,1754.1893310546875,14291
2024-12-31,1747.2790919759993,1794.613525390625,84282
2025-01-01,1803.5474418484964,1821.661865234375,30266
2025-01-02,1834.1495139125254,1812.6787109375,45984
2025-01-03,1799.1052320543572,1826.1041259765625,38485
2025-01-06,1828.8187409147183,1732.767822265625,29255
2025-01-07,1732.7679085790692,1749.7470703125,14969
2025-01-08,1750.4874543785043,1740.9613037109375,21393
2025-01-09,1753.2020517200624,1740.4183349609375,11212
2025-01-10,1728.029426846575,1680.00390625,36264
2025-01-13,1673.2913285881186,1633.0150146484375,29722
2025-01-14,1653.4986384181457,1633.75537109375,18508
2025-01-15,1638.592446100888,1687.45703125,27201
2025-01-16,1699.204225950728,1713.3699951171875,19060
2025-01-17,1713.7156049861521,1718.355224609375,11374
2025-01-20,1721.41556406444,1726.4500732421875,10563
2025-01-21,1733.3107710628528,1691.5538330078125,32594
2025-01-22,1710.3100286385682,1682.12646484375,17714
2025-01-23,1682.1263283960575,1697.032470703125,10459
2025-01-24,1699.8952254432656,1657.3485107421875,23857
2025-01-27,1654.4858894277284,1594.2689208984375,28015
2025-01-28,1609.0763428757293,1679.016845703125,100672
2025-01-29,1631.7810237534322,1756.2130126953125,45323
2025-01-30,1776.8941081632238,1789.6285400390625,62182
2025-01-31,1789.2335526699908,1795.6007080078125,33979
2025-02-01,1795.6008343096498,1780.1024169921875,35495
2025-02-03,1786.6670647174487,1782.5703125,32809
2025-02-04,1776.8940447595237,1764.455810546875,21602
2025-02-05,1775.9068380067602,1793.4783935546875,25450
2025-02-06,1801.5730946812016,1883.0634765625,148487
2025-02-07,1902.8068143386313,1753.5970458984375,669486
2025-02-10,1707.7926729740245,1742.73828125,69615
2025-02-11,1739.3818740905592,1663.0740966796875,62944
2025-02-12,1662.9754049924138,1647.3782958984375,62035
2025-02-13,1647.378252087745,1692.0966796875,44751
2025-02-14,1709.7669481103994,1655.5716552734375,30990
2025-02-17,1648.562787518155,1647.67431640625,40382
2025-02-18,1639.6783158457595,1616.2825927734375,22394
2025-02-19,1616.2826497871843,1638.000244140625,18110
2025-02-20,1628.8195269931296,1641.7513427734375,10945
2025-02-21,1648.5628166573733,1636.6181640625,9785
2025-02-24,1636.7168384782426,1651.326904296875,15011
2025-02-25,1652.5114183202952,1646.48974609375,10274
2025-02-27,1653.8935930937457,1630.7939453125,11514
2025-02-28,1630.7938181785892,1614.9005126953125,15583
2025-03-03,1614.900503719368,1569.1455078125,39544
2025-03-04,1554.7822836779671,1614.0120849609375,28571
2025-03-05,1614.0120148958156,1633.8046875,23153
2025-03-06,1638.6912270308378,1624.821533203125,27225
2025-03-07,1625.3150938789333,1628.4246826171875,18471
2025-03-10,1628.819584483694,1600.8828125,19366
2025-03-11,1598.2175397773246,1583.1138916015625,21758
2025-03-12,1595.009233017975,1578.671630859375,17432
2025-03-13,1578.47421922444,1570.9718017578125,26492
2025-03-17,1561.692420001628,1529.2147216796875,39150
2025-03-18,1529.2147216796875,1529.2147216796875,0
2025-03-19,1525.7103212352797,1550.389404296875,34645
2025-03-20,1561.9887071440821,1632.521484375,43135
2025-03-21,1648.562747572656,1658.13818359375,28320
2025-03-24,1662.38314831342,1693.7255859375,32153
2025-03-25,1705.8183205951482,1669.3919677734375,45185
2025-03-26,1652.7582602298478,1592.7880859375,44776
2025-03-27,1594.219367956136,1568.01025390625,82251
2025-03-28,1568.5531297477846,1596.539306640625,124152
2025-04-01,1571.56399445002,1647.970458984375,39530
2025-04-02,1647.921160372017,1644.12060546875,14896
2025-04-03,1644.12066993656,1641.1591796875,22494
2025-04-04,1657.4472958380113,1607.3487548828125,23136
2025-04-07,1522.206003151416,1561.9393310546875,37329
2025-04-08,1565.8385354042712,1609.9154052734375,20788
2025-04-09,1613.9627659593136,1604.3873291015625,8090
2025-04-11,1618.947928334631,1641.9981689453125,17894
2025-04-15,1667.3189134472882,1670.67529296875,27931
2025-04-16,1677.1905485331515,1676.9931640625,15458
2025-04-17,1676.9931383364326,1691.3070068359375,31678
2025-04-21,1704.8310449311957,1701.1785888671875,16469
2025-04-22,1702.1657589235967,1714.01171875,18192
2025-04-23,1714.3078899868572,1722.0078125,22019
2025-04-24,1709.7669003275462,1709.470703125,19722
2025-04-25,1703.8439462338554,1676.4007568359375,26416
2025-04-28,1727.5359343770192,1679.7572021484375,18606
2025-04-29,1679.75718881522,1691.6031494140625,13533
2025-04-30,1694.959492270844,1677.1905517578125,13122
2025-05-02,1677.1905843002537,1666.331787109375,10540
2025-05-05,1688.0492479488275,1703.2515869140625,17594
2025-05-06,1697.9208673799544,1686.96337890625,20758
2025-05-07,1673.241858395187,1706.4105224609375,14496
2025-05-08,1706.410641378281,1656.0653076171875,37433
2025-05-09,1623.8837801234513,1642.2449951171875,14001
2025-05-12,1661.692072056307,1620.823486328125,193744
2025-05-13,1618.9478404148026,1610.8531494140625,32493
2025-05-14,1611.0505868911596,1613.6171875,21452
2025-05-15,1614.012097859638,1611.544189453125,17244
2025-05-16,1621.9094534604576,1607.79296875,24806
2025-05-19,1608.0891689973719,1611.0506591796875,27378
2025-05-20,1621.909408322918,1596.0457763671875,26726
2025-05-21,1596.04582799018,1592.491943359375,21467
2025-05-22,1591.3073427552692,1580.349853515625,25388
2025-05-23,1591.3073394178346,1586.47021484375,12703
2025-05-26,1589.2342866678073,1581.633056640625,17262
2025-05-27,1581.435752107846,1588.8394775390625,15405
2025-05-28,1599.1059493196547,1579.9549560546875,22965
2025-05-29,1598.118764784582,1600.7840576171875,23568
2025-05-30,1600.7841622884343,1596.73681640625,19284
2025-06-02,1610.0634445970763,1602.1661376953125,17464
2025-06-03,1608.977507920074,1588.6419677734375,16814
2025-06-04,1599.0072422899802,1604.2391357421875,17466
2025-06-05,1604.2391852972185,1609.8660888671875,30447
2025-06-06,1605.4238408905662,1609.273681640625,22962
2025-06-09,1619.8364374878927,1611.0506591796875,12719
2025-06-10,1611.1493046838932,1618.0594482421875,14064
2025-06-11,1627.3387466701267,1624.278564453125,27289
2025-06-12,1628.8196453065364,1616.4801025390625,20190
2025-06-13,1611.0505964109661,1620.3299560546875,13906
2025-06-16,1620.329983714578,1609.273681640625,13366
2025-06-17,1609.273736659567,1602.6597900390625,12405
2025-06-18,1602.8571427412649,1594.762451171875,8338
2025-06-19,1584.3971300866237,1586.174072265625,13108
2025-06-20,1586.3714952778184,1588.1484375,9339
2025-06-23,1580.1523951731247,1579.6588134765625,9801
2025-06-24,1581.4356913409629,1591.998291015625,10296
2025-06-25,1602.5609529582302,1592.0970458984375,17432
2025-06-26,1598.2175460585308,1586.5689697265625,36233
2025-06-27,1592.2945350802,1584.989501953125,18465
2025-06-30,1591.3073185263777,1579.1651611328125,27487
2025-07-01,1589.8266057700005,1580.7447509765625,19051
2025-07-02,1589.234299486984,1591.603515625,28004
2025-07-03,1592.2944833753243,1594.861083984375,31370
2025-07-04,1602.7583907835085,1594.861083984375,12540
2025-07-07,1598.217492712036,1583.804931640625,24684
2025-07-08,1583.6074954858652,1587.3587646484375,19243
2025-07-09,1584.3971992073245,1580.349853515625,16821
2025-07-10,1584.397220205278,1578.27685546875,15815
2025-07-11,1574.5255753417812,1574.624267578125,15375
2025-07-14,1572.55126953125,1572.55126953125,13430
2025-07-15,1576.4011744954596,1566.529541015625,22262
2025-07-16,1574.2293380096967,1566.33203125,15929
2025-07-17,1566.2333131187563,1552.51171875,18248
2025-07-18,1562.6795863214847,1560.6065673828125,25793
2025-07-21,1560.7053620711617,1543.923583984375,14537
2025-07-22,1544.7132182503983,1542.7388916015625,18129
2025-07-23,1551.7221591384036,1535.63134765625,17363
2025-07-24,1530.1031253822318,1531.978759765625,11718
2025-07-25,1533.9531523477751,1525.9571533203125,13400
2025-07-28,1525.95713232334,1509.2740478515625,15683
2025-07-29,1505.522803112123,1498.0203857421875,16828
2025-07-30,1505.3255278689746,1484.79248046875,21483
2025-07-31,1480.7450956862165,1492.1961669921875,13814
2025-08-01,1495.3550153592246,1484.693603515625,24441
2025-08-04,1484.6936564850014,1481.139892578125,11852
2025-08-05,1486.1743740618747,1479.7578125,7008
2025-08-06,1479.7578941188808,1490.2218017578125,11817
2025-08-07,1490.6166445772053,1469.096435546875,19167
2025-08-08,1461.001756976944,1488.4449462890625,141955
2025-08-11,1488.34614533274,1451.5250244140625,17613
2025-08-12,1451.1300748065837,1423.489501953125,25293
2025-08-13,1435.8290789928892,1406.5103759765625,20449
2025-08-14,1423.5101848641295,1390.504638671875,23084
2025-08-18,1403.527930159788,1397.6624755859375,18803
2025-08-19,1404.3232174786397,1405.416748046875,15456
2025-08-20,1406.4108881220016,1410.387451171875,16513
2025-08-21,1423.6095168815264,1471.2288818359375,1073499
2025-08-22,1481.170262183743,1497.6729736328125,174811
2025-08-25,1509.7021517398389,1487.333984375,25578
2025-08-26,1489.2228777408795,1476.3984375,32133
2025-08-28,1480.7726337111574,1467.1529541015625,16025
2025-08-29,1467.3517589639453,1456.614990234375,15947
2025-09-01,1471.2288581845892,1460.3927001953125,19789
2025-09-02,1474.3107402454334,1486.936279296875,26073
2025-09-03,1490.2169900074434,1504.830810546875,27252
2025-09-04,1522.9242727720682,1485.8427734375,14787
2025-09-05,1495.4859632328073,1484.0533447265625,9336
2025-09-08,1494.0940933753302,1473.3165283203125,9826
2025-09-09,1482.164456437266,1455.2232666015625,13676
2025-09-10,1482.0650840512712,1507.316162109375,146755
2025-09-11,1511.0939238378487,1488.0299072265625,26283
2025-09-12,1495.9830086898778,1485.6439208984375,25739
2025-09-15,1490.2170169577018,1486.8369140625,24357
2025-09-16,1486.8368898188528,1484.450927734375,15020
2025-09-17,1490.9127920705569,1504.5325927734375,19353
2025-09-18,1505.7255846404064,1514.6728515625,19612
2025-09-19,1520.935938667364,1511.8892822265625,9425
2025-09-22,1501.251953927678,1495.7841796875,10460
2025-09-23,1498.4684341280104,1485.345703125,9696
2025-09-24,1490.1175303794644,1475.3048095703125,8611
2025-09-25,1484.7491723178164,1462.2816162109375,11968
2025-09-26,1463.3751477415071,1452.3402099609375,11403
2025-09-29,1461.685202289724,1478.486083984375,26780
2025-09-30,1476.3984368366503,1480.8720703125,8620
2025-10-01,1481.2697500113247,1486.8369140625,12330
2025-10-03,1486.1410636979908,1489.322265625,11520
2025-10-06,1505.129125168373,1509.7021484375,56904
2025-10-07,1509.1056642012982,1505.824951171875,8522
2025-10-08,1509.1056669491572,1484.947998046875,11140
2025-10-09,1494.19358108266,1479.8779296875,9317
2025-10-10,1487.6322274062297,1481.5679931640625,6940
2025-10-13,1481.5679696373757,1471.2288818359375,9665
2025-10-14,1476.2989764605297,1459.2991943359375,15911
2025-10-15,1459.2992674117675,1458.50390625,10808
2025-10-16,1464.269898211385,1456.8138427734375,10146
2025-10-17,1461.2875026961008,1439.8140869140625,14669
2025-10-20,1435.5391839395668,1442.9952392578125,12696
2025-10-21,1450.4513427316392,1453.2349853515625,3147
2025-10-23,1462.8781505316954,1454.52734375,12471
2025-10-24,1464.3693377660195,1448.661865234375,11040
2025-10-27,1454.3284916129594,1450.3519287109375,10893
2025-10-28,1457.211598169691,1444.5859375,14170
2025-10-29,1445.48061418712,1457.3109130859375,12972
2025-10-30,1457.3109744499043,1538.5322265625,264792
2025-10-31,1526.0060822103137,1503.7373046875,33558
2025-11-03,1496.1817608185363,1519.5440673828125,26133
2025-11-04,1518.3512675466477,1528.988525390625,56438
2025-11-06,1516.0646485101438,1513.281005859375,23156
2025-11-07,1493.1994557537653,1383.4462890625,308058
2025-11-10,1388.6158494491551,1351.3355712890625,73162
2025-11-11,1353.0255896434728,1325.885498046875,57548
2025-11-12,1331.1544442287377,1324.5931396484375,41296
2025-11-13,1325.8854724141588,1339.9029541015625,23931
2025-11-14,1341.9906482938982,1346.762451171875,17247
2025-11-17,1354.0197035987098,1344.8736572265625,20928
2025-11-18,1345.0724135755586,1333.0433349609375,14733
2025-11-19,1334.3356680507145,1345.8677978515625,17878
2025-11-20,1346.0666267945292,1340.201171875,18103
2025-11-21,1340.8970474309945,1321.2130126953125,41708
2025-11-24,1321.5113025405365,1331.1544189453125,19102
2025-11-25,1332.148608646217,1332.4468994140625,12797
2025-11-26,1340.8970961341195,1329.9615478515625,10917
2025-11-27,1327.4762195629814,1331.353271484375,7576
2025-11-28,1331.353247056518,1335.9263916015625,9867
2025-12-01,1335.9263412109046,1350.0430908203125,30206
2025-12-02,1350.0430917258786,1340.1016845703125,9514
2025-12-03,1340.1017330771372,1344.8736572265625,14186
2025-12-04,1350.0431658519258,1335.826904296875,10652
2025-12-05,1336.1251966800392,1324.891357421875,23269
2025-12-08,1331.1544413551826,1350.9378662109375,38564
2025-12-09,1352.926190929084,1388.019287109375,68582
2025-12-10,1398.2590121838703,1529.982666015625,5255339
2025-12-11,1472.322391258171,1430.5684814453125,653243
2025-12-12,1430.4691671083217,1412.375732421875,138435
2025-12-15,1404.7209207677517,1417.2470703125,84090
2025-12-16,1411.6798563304196,1431.3638916015625,34187
2025-12-17,1424.3053974530467,1412.9722900390625,31395
2025-12-18,1406.7091068347604,1402.2354736328125,26739
2025-12-19,1402.235571833141,1397.861328125,23719
2025-12-22,1405.6156232986195,1420.9254150390625,22582
2025-12-23,1429.4749743222565,1441.9017333984375,23799
2025-12-24,1451.445457204636,1470.7318115234375,49193
2025-12-26,1490.117555543285,1471.7259521484375,29531
2025-12-29,1471.7260272462968,1457.509765625,16357
2025-12-30,1466.3575672800357,1478.6849365234375,27045
2025-12-31,1463.8722595306458,1508.807373046875,44816
2026-01-01,1518.9476745589893,1564.479248046875,144479
2026-01-02,1564.4792441006925,1596.788818359375,79251
2026-01-05,1593.3093528174907,1578.2978515625,63533
2026-01-06,1565.7717282059982,1567.760009765625,21746
2026-01-07,1567.760011323638,1557.818603515625,19673
2026-01-08,1566.9645804996906,1524.8131103515625,29176
2026-01-09,1513.0821766924785,1525.4095458984375,30655
2026-01-12,1525.4095849436044,1602.256591796875,106324
2026-01-13,1599.7712692608472,1567.859375,41588
2026-01-14,1558.8126966947973,1545.590576171875,20550
2026-01-16,1552.2513467770154,1510.9945068359375,25729
2026-01-19,1510.9945333985386,1493.4976806640625,13679
2026-01-20,1485.246217686831,1462.8780517578125,21336
2026-01-21,1451.4454837079873,1451.2467041015625,23783
2026-01-22,1451.9425259700322,1487.1351318359375,15706
2026-01-23,1487.135108548588,1471.8253173828125,14057
2026-01-27,1471.328246210374,1481.7667236328125,16861
2026-01-28,1497.971314447709,1489.5211181640625,17611
2026-01-29,1491.2111540375531,1512.1875,24709
2026-01-30,1512.2868153375432,1527.8948974609375,18472
2026-02-02,1487.2345193692418,1510.4974365234375,81033
2026-02-03,1583.6661914677672,1541.7135009765625,79795
2026-02-04,1533.5614943604005,1569.947021484375,115925
2026-02-05,1569.748292571652,1559.806884765625,32452
2026-02-06,1565.2745583169856,1591.0228271484375,68683
2026-02-09,1602.3561189283455,1480.971435546875,1712808
2026-02-10,1500.158429597233,1454.52734375,368218
2026-02-11,1461.386941962618,1437.626953125,101454
2026-02-12,1436.632761396204,1459.6968994140625,168972
2026-02-13,1450.4513204990178,1430.9661865234375,81772
2026-02-16,1424.0072775536476,1408.2998046875,52390
2026-02-17,1416.6505129958725,1413.1710205078125,39208
2026-02-18,1411.679881814829,1416.849365234375,23891
2026-02-19,1416.8493690004407,1390.007568359375,40023
2026-02-20,1389.8088165851875,1369.5283203125,34111
2026-02-23,1373.30602979734,1377.7796630859375,24520
2026-02-24,1380.8614771230916,1358.8909912109375,36155
2026-02-25,1367.0428969438021,1356.4056396484375,23928
2026-02-26,1357.0020760962004,1347.0606689453125,21609
2026-02-27,1333.2421619878003,1339.803466796875,129976
2026-03-02,1292.382910118328,1290.9910888671875,66353
2026-03-04,1280.4532750167775,1251.5238037109375,47129
2026-03-05,1253.5121248824407,1310.476318359375,60709
2026-03-06,1303.5172635171896,1277.4708251953125,33975
2026-03-09,1265.5411138636075,1256.1961669921875,25015
2026-03-10,1267.5294881950479,1292.084716796875,23902
2026-03-11,1292.2835948331856,1285.2252197265625,20672
2026-03-12,1285.125713469823,1249.4361572265625,58999
2026-03-13,1250.6290832307218,1209.6705322265625,53824
2026-03-16,1206.8868161749244,1207.9803466796875,51099
2026-03-17,1197.9395470450759,1243.7694091796875,70457
2026-03-18,1244.0677413085416,1313.1605224609375,131031
2026-03-19,1292.1841604115973,1237.2081298828125,64987
2026-03-20,1252.5179859660752,1297.552490234375,86353
2026-03-23,1290.8917832702707,1216.1324462890625,60020
2026-03-24,1252.5179202554355,1247.6466064453125,142536
2026-03-25,1257.5880626526728,1251.4244384765625,47009
2026-03-27,1246.7518343504103,1205.9920654296875,76224
2026-03-30,1202.9103331660272,1163.9400634765625,51641
2026-04-01,1202.910349566909,1213.547607421875,39957
2026-04-02,1183.027533483014,1216.032958984375,24810
2026-04-06,1215.436414077889,1346.0665283203125,262846
2026-04-07,1322.2071980696292,1356.8033447265625,80241
2026-04-08,1414.6622768752352,1445.7789306640625,94160
2026-04-09,1443.591795821553,1450.55078125,58391
2026-04-10,1450.5506834530117,1453.9307861328125,43563
2026-04-13,1431.5626664117526,1472.6207275390625,59426
2026-04-15,1486.2403562008458,1489.2227783203125,68694
2026-04-16,1492.1058326059015,1516.4622802734375,41046
2026-04-17,1506.520960081992,1580.683837890625,173793
2026-04-20,1580.6837656589307,1574.0230712890625,50236
2026-04-21,1590.6251946978512,1593.309326171875,73630
2026-04-22,1598.0812511560994,1586.350341796875,20427
2026-04-23,1590.6251993625392,1556.029052734375,24077
2026-04-24,1556.029058639598,1510.298583984375,33623
2026-04-27,1517.0587339112685,1587.0462646484375,62675
2026-04-28,1587.0462923283178,1558.6138916015625,19558
2026-04-29,1563.7834482004328,1557.818603515625,12869
2026-04-30,1552.549606452169,1573.227783203125,67306
2026-05-01,1573.227783203125,1573.227783203125,0
2026-05-04,1573.227686163995,1568.1575927734375,26998
2026-05-05,1576.2102053864808,1574.221923828125,29317
2026-05-06,1582.6720216827064,1582.0755615234375,24836
2026-05-07,1576.7071992773995,1606.3326416015625,55314
2026-05-08,1610.607444800514,1621.443603515625,33765
2026-05-11,1629.496111445405,1676.618408203125,110631
2026-05-12,1702.963089636276,1668.864013671875,122794
2026-05-13,1699.4836180081704,1699.5830078125,283606
2026-05-14,1720.161812283973,1571.8359375,1281761
2026-05-15,1589.6310521469723,1608.221435546875,241733
2026-05-18,1608.2213718191067,1495.1876220703125,128021
2026-05-19,1489.2228256478281,1504.9302978515625,76807
2026-05-20,1495.1876465397338,1496.0823974609375,27150
2026-05-21,1504.1349610129944,1501.351318359375,41346
2026-05-22,1507.1173850412765,1487.930419921875,48437
2026-05-25,1496.1818353021495,1498.865966796875,28275
2026-05-26,1502.2460200889705,1509.5032958984375,48644
2026-05-27,1516.0646021564723,1491.6087646484375,31501
2026-05-28,1491.6087646484375,1491.6087646484375,0
2026-05-29,1511.0938776113308,1445.4805908203125,48295
2026-06-01,1453.4337433030162,1425.0013427734375,27357
2026-06-02,1419.3347381112224,1440.609375,38411
2026-06-03,1449.2583996547446,1435.9368896484375,42116
2026-06-04,1435.936968265266,1399.849609375,47961
2026-06-05,1410.1886250850653,1392.1947021484375,22043
2026-06-08,1391.29995525253,1354.9144287109375,38830
2026-06-09,1370.8207234597667,1396.966552734375,29933
2026-06-10,1391.7970490691075,1368.7330322265625,36942
2026-06-11,1361.9728034792365,1356.4056396484375,21271
2026-06-12,1366.3470916657109,1385.036865234375,47859
2026-06-15,1411.5804213814615,1393.2882080078125,33591
2026-06-16,1395.6742178748862,1404.0250244140625,18404
2026-06-17,1410.6856691176065,1408.6973876953125,17573
2026-06-18,1421.5219252911447,1410.2880859375,21049
2026-06-19,1417.4458739345728,1415.1593017578125,25663
2026-06-22,1421.6212365916213,1459.2991943359375,79253
2026-06-23,1459.2992238241418,1418.4400634765625,25216
2026-06-24,1420.4282952970443,1424.1065673828125,25988
2026-06-25,1440.5098900568557,1413.1710205078125,21833
2026-06-26,1413.1710205078125,1413.1710205078125,0
2026-06-29,1421.4225343974665,1417.2470703125,14601
2026-06-30,1418.5394526822092,1423.4107666015625,13516
2026-07-01,1421.621241785312,1408.1009521484375,18508
2026-07-02,1411.679905532719,1421.720703125,29675
2026-07-03,1423.6095954919665,1417.744140625,39615
2026-07-06,1413.668187625479,1418.2412109375,13252
2026-07-07,1425.498389854087,1410.1885986328125,15017
2026-07-08,1411.5804213814615,1393.2882080078125,58799
2026-07-09,1401.738501599268,1396.8671875,17371
2026-07-10,1404.2238182300107,1476.994873046875,74907
2026-07-13,1476.2990440587262,1501.251953125,105115
2026-07-14,1511.093898345104,1493.5970458984375,44070
2026-07-15,1499.1642835346042,1489.322265625,25109
2026-07-16,1497.1759796087254,1472.024169921875,13817
2026-07-17,1473.5153356235626,1442.3988037109375,27832
2026-07-20,1446.971843360291,1513.3804931640625,56502
2026-07-21,1504.2343485790514,1518.748779296875,59725
2026-07-22,1521.0353057202901,1492.1058349609375,21648
2026-07-23,1497.7723632705479,1499.6612548828125,35380
2026-07-24,1500.2577884482064,1496.380615234375,54554
2026-07-27,1504.6320322349413,1494.889404296875,68141
2026-07-28,1491.2111563394608,1496.28125,94704
2026-07-29,1500.2577148736589,1501.6495361328125,21867
2026-07-30,1491.2111332834334,1485.445068359375,19306
2026-07-31,1493.0999758304145,1490.6146240234375,18076
2026-08-03,1499.7607579461874,1555.830322265625,81484
2026-08-04,1555.8302694592037,1585.853271484375,110945
2026-08-05,1599.572414764342,1572.6312255859375,35071
2026-08-06,1572.6313008990694,1555.9296875,19180
2026-08-07,1551.9530508976554,1564.1810302734375,22629
2026-08-10,1574.2219267141325,1555.830322265625,43689
2026-08-11,1560.2044958481913,1528.7896728515625,974457
2026-08-12,1565.7717126398247,1506.22265625,133915
2026-08-13,1512.08801253501,1514.0762939453125,48835
2026-08-14,1527.4971930618685,1519.0469970703125,57364
2026-08-17,1516.7604246682042,1522.0294189453125,24903
2026-08-18,1525.9066430395094,1505.9244384765625,22957
2026-08-19,1506.3220231721284,1493.398193359375,21382
2026-08-20,1501.1524656588438,1503.1407470703125,25417
2026-08-21,1506.123194241689,1498.5677490234375,19632
2026-08-24,1506.6203530785533,1559.309814453125,98002
2026-08-25,1567.1634520554824,1568.1575927734375,88393
2026-08-26,1569.7482882638835,1587.642822265625,56013
2026-08-27,1588.636941455291,1566.3681640625,51334
2026-08-28,1573.724757037836,1562.6898193359375,14290
2026-08-31,1577.9001791312958,1692.027587890625,1282528
2026-09-01,1685.0686103260973,1639.338134765625,92772
2026-09-02,1644.3088371548183,1649.279541015625,70557
2026-09-03,1658.2267808920471,1667.2734375,86485
2026-09-04,1667.2734398154444,1649.8759765625,25085
2026-09-07,1631.1861564476485,1638.6422119140625,40538
2026-09-08,1638.6422761988053,1698.986572265625,184656
2026-09-09,1699.9806655371303,1684.770263671875,62910
2026-09-10,1680.0978493680766,1696.699951171875,83868
2026-09-11,1690.0,1787.199951171875,254979
2026-09-14,1787.199951171875,1787.199951171875,0
2026-09-15,1810.0,1713.5999755859375,115324
2026-09-16,1720.0,1670.5999755859375,89813
2026-09-17,1683.0,1655.5999755859375,29437
2026-09-18,1675.0,1646.800048828125,50193
2026-09-21,1659.9000244140625,1640.300048828125,42692
2026-09-22,1641.0,1675.9000244140625,58699
