Date,3MINDIA
2002-07-01,262.8174743652344
2002-07-02,263.73321533203125
2002-07-03,269.9602355957031
2002-07-04,296.97454833984375
2002-07-05,291.02227783203125
2002-07-08,290.5185852050781
2002-07-09,292.9453125
2002-07-10,283.5132141113281
2002-07-11,276.599365234375
2002-07-12,275.13421630859375
2002-07-15,268.5408630371094
2002-07-16,268.6781921386719
2002-07-17,266.9382629394531
2002-07-18,274.5847473144531
2002-07-19,274.7220764160156
2002-07-22,270.1434020996094
2002-07-23,276.1414794921875
2002-07-24,274.85943603515625
2002-07-25,277.6982421875
2002-07-26,278.7513427734375
2002-07-29,274.81365966796875
2002-07-30,274.81365966796875
2002-07-31,276.9656677246094
2002-08-01,274.7220764160156
2002-08-02,274.7220764160156
2002-08-05,276.91986083984375
2002-08-06,275.8210144042969
2002-08-07,278.5682067871094
2002-08-08,275.6378173828125
2002-08-09,278.5223693847656
2002-08-12,275.2257385253906
2002-08-13,274.7220764160156
2002-08-14,275.6378173828125
2002-08-15,275.6378173828125
2002-08-16,274.1268615722656
2002-08-19,275.50048828125
2002-08-20,279.2550048828125
2002-08-21,276.4162292480469
2002-08-22,276.1872863769531
2002-08-23,282.78057861328125
2002-08-26,275.2715148925781
2002-08-27,279.3008117675781
2002-08-28,279.804443359375
2002-08-29,283.8337097167969
2002-08-30,290.7933349609375
2002-09-02,289.1907653808594
2002-09-03,290.06072998046875
2002-09-04,290.3812255859375
2002-09-05,284.8868408203125
2002-09-06,286.1688537597656
2002-09-09,281.91064453125
2002-09-10,281.91064453125
2002-09-11,284.1083984375
2002-09-12,287.0387878417969
2002-09-13,282.9637451171875
2002-09-16,282.3685302734375
2002-09-17,295.3262634277344
2002-09-18,297.7071838378906
2002-09-19,294.50213623046875
2002-09-20,291.2969665527344
2002-09-23,290.1980895996094
2002-09-24,287.4051208496094
2002-09-25,286.6267395019531
2002-09-26,285.0699462890625
2002-09-27,288.4582214355469
2002-09-30,288.5497741699219
2002-10-01,285.1157531738281
2002-10-02,285.1157531738281
2002-10-03,286.6267395019531
2002-10-04,285.7109680175781
2002-10-07,288.2292785644531
2002-10-08,287.5424499511719
2002-10-09,289.3739013671875
2002-10-10,288.91607666015625
2002-10-11,292.2127380371094
2002-10-14,288.4582214355469
2002-10-15,288.4582214355469
2002-10-16,288.824462890625
2002-10-17,289.6028747558594
2002-10-18,289.6028747558594
2002-10-21,288.4582214355469
2002-10-22,288.4582214355469
2002-10-23,285.8941345214844
2002-10-24,283.4216003417969
2002-10-25,284.65789794921875
2002-10-28,284.52056884765625
2002-10-29,291.8922119140625
2002-10-30,290.3812255859375
2002-10-31,292.12115478515625
2002-11-01,288.1834716796875
2002-11-04,286.0315246582031
2002-11-05,282.0937805175781
2002-11-06,282.0937805175781
2002-11-07,283.9252624511719
2002-11-08,277.8813781738281
2002-11-11,276.599365234375
2002-11-12,277.4693298339844
2002-11-13,275.13421630859375
2002-11-14,277.42352294921875
2002-11-15,275.8210144042969
2002-11-18,274.76788330078125
2002-11-19,274.76788330078125
2002-11-20,283.4673767089844
2002-11-21,283.8337097167969
2002-11-22,280.9491271972656
2002-11-25,285.66522216796875
2002-11-26,285.9399108886719
2002-11-27,285.66522216796875
2002-11-28,279.6670837402344
2002-11-29,289.6486511230469
2002-12-02,287.31353759765625
2002-12-03,281.9564208984375
2002-12-04,279.2091979980469
2002-12-05,283.23846435546875
2002-12-06,280.811767578125
2002-12-09,279.1634826660156
2002-12-10,282.8721923828125
2002-12-11,280.9491271972656
2002-12-12,283.8794860839844
2002-12-13,284.7951965332031
2002-12-16,288.32086181640625
2002-12-17,283.0095520019531
2002-12-18,291.06805419921875
2002-12-19,282.78057861328125
2002-12-20,282.0937805175781
2002-12-23,279.3923645019531
2002-12-24,279.5754699707031
2002-12-25,279.5754699707031
2002-12-26,278.8429260253906
2002-12-27,280.7659606933594
2002-12-30,280.1707458496094
2002-12-31,275.08837890625
2003-01-01,277.0114440917969
2003-01-02,277.8813781738281
2003-01-03,277.2861328125
2003-01-06,288.8702697753906
2003-01-07,289.3739013671875
2003-01-08,283.69635009765625
2003-01-09,288.41241455078125
2003-01-10,288.4582214355469
2003-01-13,285.39044189453125
2003-01-14,290.06072998046875
2003-01-15,284.2915954589844
2003-01-16,284.7951965332031
2003-01-17,286.9013977050781
2003-01-20,282.6432189941406
2003-01-21,281.2238464355469
2003-01-22,282.9637451171875
2003-01-23,276.7825012207031
2003-01-24,274.9967956542969
2003-01-27,272.982177734375
2003-01-28,274.7220764160156
2003-01-29,274.4931335449219
2003-01-30,274.4931335449219
2003-01-31,273.3484802246094
2003-02-03,273.7606201171875
2003-02-04,273.7606201171875
2003-02-05,272.7990417480469
2003-02-06,268.7698059082031
2003-02-07,269.9144592285156
2003-02-10,266.4804382324219
2003-02-11,266.57196044921875
2003-02-12,270.1434020996094
2003-02-13,270.1434020996094
2003-02-14,265.4272766113281
2003-02-17,267.3961486816406
2003-02-18,272.982177734375
2003-02-19,274.7220764160156
2003-02-20,271.4254455566406
2003-02-21,275.31732177734375
2003-02-24,275.179931640625
2003-02-25,272.9364013671875
2003-02-26,273.71478271484375
2003-02-27,256.2241516113281
2003-02-28,257.7808837890625
2003-03-03,238.4587860107422
2003-03-04,242.7169647216797
2003-03-05,243.6326904296875
2003-03-06,247.15829467773438
2003-03-07,243.58692932128906
2003-03-10,238.50457763671875
2003-03-11,233.60536193847656
2003-03-12,234.2921600341797
2003-03-13,236.3983612060547
2003-03-14,236.3983612060547
2003-03-17,231.95701599121094
2003-03-18,231.95701599121094
2003-03-19,231.59072875976562
2003-03-20,231.91122436523438
2003-03-21,234.9331512451172
2003-03-24,231.54495239257812
2003-03-25,231.59072875976562
2003-03-26,228.66033935546875
2003-03-27,231.6822967529297
2003-03-28,231.6822967529297
2003-03-31,220.64761352539062
2003-04-01,214.05429077148438
2003-04-02,227.97354125976562
2003-04-03,234.658447265625
2003-04-04,233.23904418945312
2003-04-07,232.59805297851562
2003-04-08,234.24636840820312
2003-04-09,232.27752685546875
2003-04-10,218.67880249023438
2003-04-11,219.77767944335938
2003-04-15,232.73538208007812
2003-04-16,233.83428955078125
2003-04-17,231.95701599121094
2003-04-18,231.95701599121094
2003-04-21,238.0924835205078
2003-04-22,248.1656036376953
2003-04-23,254.25527954101562
2003-04-24,250.5465545654297
2003-04-25,239.87820434570312
2003-04-28,242.48802185058594
2003-04-29,252.19483947753906
2003-04-30,259.7955627441406
2003-05-01,259.7955627441406
2003-05-02,269.9144592285156
2003-05-05,278.38507080078125
2003-05-06,275.6836242675781
2003-05-07,274.81365966796875
2003-05-08,275.5920715332031
2003-05-09,275.179931640625
2003-05-12,273.57745361328125
2003-05-13,276.599365234375
2003-05-14,275.08837890625
2003-05-15,281.8648986816406
2003-05-16,281.1322326660156
2003-05-19,279.1634826660156
2003-05-20,279.6670837402344
2003-05-21,282.59747314453125
2003-05-22,282.59747314453125
2003-05-23,293.0826416015625
2003-05-26,297.6613464355469
2003-05-27,287.5882263183594
2003-05-28,288.2292785644531
2003-05-29,283.8794860839844
2003-05-30,285.024169921875
2003-06-02,285.7567443847656
2003-06-03,284.70367431640625
2003-06-04,280.9033508300781
2003-06-05,282.6890563964844
2003-06-06,277.51507568359375
2003-06-09,305.3078308105469
2003-06-10,300.36279296875
2003-06-11,303.0642395019531
2003-06-12,300.7291259765625
2003-06-13,300.7291259765625
2003-06-16,297.84454345703125
2003-06-17,294.3189392089844
2003-06-18,301.3243408203125
2003-06-19,303.6595153808594
2003-06-20,310.1612854003906
2003-06-23,310.9396057128906
2003-06-24,304.5293884277344
2003-06-25,302.9726867675781
2003-06-26,302.0111389160156
2003-06-27,302.3316650390625
2003-06-30,303.1100769042969
2003-07-01,303.2016296386719
2003-07-02,326.87353515625
2003-07-03,320.8753967285156
2003-07-04,320.5549011230469
2003-07-07,323.25634765625
2003-07-08,317.39556884765625
2003-07-09,315.930419921875
2003-07-10,315.0146484375
2003-07-11,306.6356506347656
2003-07-14,304.4836730957031
2003-07-15,302.3774719238281
2003-07-16,306.86456298828125
2003-07-17,303.5679016113281
2003-07-18,297.6156005859375
2003-07-21,296.6998596191406
2003-07-22,301.2328186035156
2003-07-23,302.1943054199219
2003-07-24,307.6887512207031
2003-07-25,307.1850891113281
2003-07-28,311.03118896484375
2003-07-29,303.1100769042969
2003-07-30,319.1354675292969
2003-07-31,312.58795166015625
2003-08-01,305.0330810546875
2003-08-04,312.40478515625
2003-08-05,306.4982604980469
2003-08-06,301.0496520996094
2003-08-07,306.5440673828125
2003-08-08,313.1831970214844
2003-08-11,311.35174560546875
2003-08-12,321.5622253417969
2003-08-13,353.75048828125
2003-08-14,359.0159606933594
2003-08-15,359.0159606933594
2003-08-18,360.4353942871094
2003-08-19,357.27606201171875
2003-08-20,352.97210693359375
2003-08-21,344.4099426269531
2003-08-22,346.1955871582031
2003-08-25,342.5326232910156
2003-08-26,346.14984130859375
2003-08-27,347.88970947265625
2003-08-28,350.4538269042969
2003-08-29,342.7158203125
2003-09-01,345.23406982421875
2003-09-02,340.9301452636719
2003-09-03,339.7396545410156
2003-09-04,339.2359924316406
2003-09-05,343.4026184082031
2003-09-08,349.7212219238281
2003-09-09,357.3218688964844
2003-09-10,363.274169921875
2003-09-11,362.6331787109375
2003-09-12,363.274169921875
2003-09-15,357.13873291015625
2003-09-16,359.9775085449219
2003-09-17,359.88592529296875
2003-09-18,361.3052978515625
2003-09-19,362.4042663574219
2003-09-22,361.99212646484375
2003-09-23,363.8236083984375
2003-09-24,367.486572265625
2003-09-25,378.61285400390625
2003-09-26,374.58355712890625
2003-09-29,378.2007141113281
2003-09-30,377.5597229003906
2003-10-01,375.45355224609375
2003-10-02,375.45355224609375
2003-10-03,375.8655700683594
2003-10-06,375.7740173339844
2003-10-07,379.5285949707031
2003-10-08,377.2850036621094
2003-10-09,377.3307800292969
2003-10-10,377.46820068359375
2003-10-13,389.0980529785156
2003-10-14,386.2134704589844
2003-10-15,388.5943908691406
2003-10-16,384.6109313964844
2003-10-17,385.43511962890625
2003-10-20,383.6951904296875
2003-10-21,383.7867431640625
2003-10-22,382.36737060546875
2003-10-23,369.5011901855469
2003-10-24,370.2796325683594
2003-10-27,370.9664001464844
2003-10-28,374.53778076171875
2003-10-29,374.53778076171875
2003-10-30,375.6366882324219
2003-10-31,380.0322570800781
2003-11-03,389.2812194824219
2003-11-04,389.92218017578125
2003-11-05,391.70794677734375
2003-11-06,393.768310546875
2003-11-07,391.47900390625
2003-11-10,390.9295349121094
2003-11-11,389.18963623046875
2003-11-12,391.3416442871094
2003-11-13,391.89105224609375
2003-11-14,389.92218017578125
2003-11-17,393.768310546875
2003-11-18,398.2096862792969
2003-11-19,393.0357360839844
2003-11-20,397.0191650390625
2003-11-21,398.3470153808594
2003-11-24,400.4532165527344
2003-11-25,406.5429382324219
2003-11-26,406.5429382324219
2003-11-27,447.2018127441406
2003-11-28,456.1759948730469
2003-12-01,459.47271728515625
2003-12-02,462.1741943359375
2003-12-03,458.46539306640625
2003-12-04,480.763671875
2003-12-05,473.5292663574219
2003-12-08,490.0584411621094
2003-12-09,490.9283447265625
2003-12-10,490.83685302734375
2003-12-11,494.4997863769531
2003-12-12,497.79644775390625
2003-12-15,499.53631591796875
2003-12-16,491.0657653808594
2003-12-17,495.41552734375
2003-12-18,485.0676574707031
2003-12-19,491.294677734375
2003-12-22,496.5143737792969
2003-12-23,495.4613037109375
2003-12-24,492.3477783203125
2003-12-25,492.3477783203125
2003-12-26,476.13916015625
2003-12-29,468.90484619140625
2003-12-30,470.6905212402344
2003-12-31,474.0329895019531
2004-01-01,471.6062316894531
2004-01-02,485.8002014160156
2004-01-05,468.6300964355469
2004-01-06,453.29144287109375
2004-01-07,449.07904052734375
2004-01-08,441.8446960449219
2004-01-09,443.2182922363281
2004-01-12,432.22943115234375
2004-01-13,428.65802001953125
2004-01-14,423.2093811035156
2004-01-15,422.9346923828125
2004-01-16,415.242431640625
2004-01-19,408.420166015625
2004-01-20,401.6894836425781
2004-01-21,385.755615234375
2004-01-22,375.59088134765625
2004-01-23,395.0961608886719
2004-01-26,395.0961608886719
2004-01-27,406.17657470703125
2004-01-28,401.0942687988281
2004-01-29,389.18963623046875
2004-01-30,389.6932678222656
2004-02-02,389.6932678222656
2004-02-03,362.99945068359375
2004-02-04,368.4481201171875
2004-02-05,367.3034362792969
2004-02-06,369.27227783203125
2004-02-09,373.6678161621094
2004-02-10,368.4023132324219
2004-02-11,370.87481689453125
2004-02-12,372.2026672363281
2004-02-13,379.8948669433594
2004-02-16,384.97723388671875
2004-02-17,389.23541259765625
2004-02-18,379.75750732421875
2004-02-19,369.0433349609375
2004-02-20,367.2118835449219
2004-02-23,373.896728515625
2004-02-24,382.96258544921875
2004-02-25,371.103759765625
2004-02-26,380.0322570800781
2004-02-27,369.913330078125
2004-03-01,389.73907470703125
2004-03-02,389.73907470703125
2004-03-03,386.53399658203125
2004-03-04,376.4608459472656
2004-03-05,376.3692626953125
2004-03-08,392.8067932128906
2004-03-09,381.7721252441406
2004-03-10,392.2115478515625
2004-03-11,382.8252258300781
2004-03-12,376.918701171875
2004-03-15,372.7063293457031
2004-03-16,369.0433349609375
2004-03-17,362.35845947265625
2004-03-18,360.9848327636719
2004-03-19,365.1514587402344
2004-03-22,351.41534423828125
2004-03-23,348.9886779785156
2004-03-24,344.08941650390625
2004-03-25,344.3183288574219
2004-03-26,349.81280517578125
2004-03-29,348.89703369140625
2004-03-30,363.3657531738281
2004-03-31,377.2850036621094
2004-04-01,370.7832336425781
2004-04-02,392.760986328125
2004-04-05,405.8561096191406
2004-04-06,406.9549560546875
2004-04-07,421.28631591796875
2004-04-08,412.2663269042969
2004-04-09,412.2663269042969
2004-04-12,441.24951171875
2004-04-13,456.6338806152344
2004-04-14,456.6338806152344
2004-04-15,457.8701477050781
2004-04-16,457.8701477050781
2004-04-19,455.992919921875
2004-04-20,448.7127685546875
2004-04-21,457.8701477050781
2004-04-22,457.8701477050781
2004-04-23,471.7894287109375
2004-04-27,452.7878112792969
2004-04-28,466.1118469238281
2004-04-29,468.40118408203125
2004-04-30,446.7896728515625
2004-05-03,459.4269104003906
2004-05-04,459.9305725097656
2004-05-05,467.805908203125
2004-05-06,488.0438537597656
2004-05-07,476.1849670410156
2004-05-10,480.763671875
2004-05-11,464.73822021484375
2004-05-12,467.6685791015625
2004-05-13,460.66314697265625
2004-05-14,443.2182922363281
2004-05-17,400.17852783203125
2004-05-18,407.0466003417969
2004-05-19,386.9918518066406
2004-05-20,390.5632629394531
2004-05-21,378.52130126953125
2004-05-24,397.61444091796875
2004-05-25,399.5832824707031
2004-05-26,400.7737731933594
2004-05-27,395.5998229980469
2004-05-28,380.0322570800781
2004-05-31,368.4023132324219
2004-06-01,379.43701171875
2004-06-02,378.2007141113281
2004-06-03,378.5670166015625
2004-06-04,368.99755859375
2004-06-07,369.86749267578125
2004-06-08,365.7008972167969
2004-06-09,364.00677490234375
2004-06-10,367.25762939453125
2004-06-11,380.0322570800781
2004-06-14,371.0121765136719
2004-06-15,370.0048522949219
2004-06-16,369.0433349609375
2004-06-17,374.2172546386719
2004-06-18,368.1275939941406
2004-06-21,372.2026672363281
2004-06-22,366.2961120605469
2004-06-23,354.3915100097656
2004-06-24,358.14605712890625
2004-06-25,368.08184814453125
2004-06-28,380.0322570800781
2004-06-29,366.5708312988281
2004-06-30,395.05035400390625
2004-07-01,386.9460754394531
2004-07-02,384.6109313964844
2004-07-05,378.7959289550781
2004-07-06,372.3857727050781
2004-07-07,375.3619384765625
2004-07-08,375.45355224609375
2004-07-09,373.118408203125
2004-07-12,376.5066223144531
2004-07-13,376.5066223144531
2004-07-14,375.40771484375
2004-07-15,376.3692626953125
2004-07-16,376.9645080566406
2004-07-19,380.0322570800781
2004-07-20,379.1164855957031
2004-07-21,375.316162109375
2004-07-22,383.5120544433594
2004-07-23,379.9406433105469
2004-07-26,385.48089599609375
2004-07-27,398.3470153808594
2004-07-28,399.30853271484375
2004-07-29,396.195068359375
2004-07-30,402.9256896972656
2004-08-02,413.2278137207031
2004-08-03,410.5721740722656
2004-08-04,412.0831604003906
2004-08-05,406.1308288574219
2004-08-06,416.661865234375
2004-08-09,406.35980224609375
2004-08-10,407.50445556640625
2004-08-11,407.9622802734375
2004-08-12,409.7022399902344
2004-08-13,402.9256896972656
2004-08-16,412.0831604003906
2004-08-17,407.00079345703125
2004-08-18,410.3432312011719
2004-08-19,414.05194091796875
2004-08-20,407.50445556640625
2004-08-23,407.50445556640625
2004-08-24,405.6729736328125
2004-08-25,412.0831604003906
2004-08-26,415.7003173828125
2004-08-27,421.24053955078125
2004-08-30,416.661865234375
2004-08-31,416.661865234375
2004-09-01,424.7203674316406
2004-09-02,452.1009826660156
2004-09-03,452.4214782714844
2004-09-06,460.2510986328125
2004-09-07,463.5477600097656
2004-09-08,455.1229248046875
2004-09-09,433.0993957519531
2004-09-10,445.55340576171875
2004-09-13,447.3391418457031
2004-09-14,445.27874755859375
2004-09-15,437.7238464355469
2004-09-16,435.2055969238281
2004-09-17,441.89044189453125
2004-09-20,451.1852722167969
2004-09-21,444.1340637207031
2004-09-22,444.1340637207031
2004-09-23,441.8446960449219
2004-09-24,445.0955505371094
2004-09-27,457.6869812011719
2004-09-28,444.40875244140625
2004-09-29,441.15789794921875
2004-09-30,474.3077087402344
2004-10-01,467.6227722167969
2004-10-04,457.183349609375
2004-10-05,450.86474609375
2004-10-06,449.3995666503906
2004-10-07,447.43072509765625
2004-10-08,457.7327880859375
2004-10-11,452.9251403808594
2004-10-12,448.7127685546875
2004-10-14,456.0386657714844
2004-10-15,442.76043701171875
2004-10-18,446.83551025390625
2004-10-19,444.6835021972656
2004-10-20,442.76043701171875
2004-10-21,435.48028564453125
2004-10-22,435.48028564453125
2004-10-25,435.34295654296875
2004-10-26,433.1909484863281
2004-10-27,436.8081359863281
2004-10-28,450.54425048828125
2004-10-29,443.1267395019531
2004-11-01,445.9655456542969
2004-11-02,439.05169677734375
2004-11-03,448.8959045410156
2004-11-04,453.8866882324219
2004-11-05,456.86279296875
2004-11-08,447.61383056640625
2004-11-09,445.3244934082031
2004-11-10,445.0497741699219
2004-11-11,447.3849182128906
2004-11-12,450.54425048828125
2004-11-15,450.54425048828125
2004-11-16,455.4434814453125
2004-11-17,464.8298034667969
2004-11-18,465.8829040527344
2004-11-19,468.218017578125
2004-11-22,477.0091552734375
2004-11-23,478.0164489746094
2004-11-24,480.8094177246094
2004-11-25,485.1134338378906
2004-11-26,485.1134338378906
2004-11-29,496.5143737792969
2004-11-30,481.63360595703125
2004-12-01,479.4815979003906
2004-12-02,478.47430419921875
2004-12-03,485.1591796875
2004-12-06,482.5951232910156
2004-12-07,472.5220031738281
2004-12-08,471.56048583984375
2004-12-09,474.628173828125
2004-12-10,475.8644714355469
2004-12-13,473.25457763671875
2004-12-14,471.010986328125
2004-12-15,479.5274658203125
2004-12-16,472.9798583984375
2004-12-17,477.37542724609375
2004-12-20,475.72711181640625
2004-12-21,473.9871826171875
2004-12-22,475.7728576660156
2004-12-23,481.63360595703125
2004-12-24,479.847900390625
2004-12-27,490.470458984375
2004-12-28,500.6352844238281
2004-12-29,498.9869689941406
2004-12-30,490.1500244140625
2004-12-31,527.0543212890625
2005-01-03,532.13671875
2005-01-04,521.9719848632812
2005-01-05,503.6572265625
2005-01-06,503.7029113769531
2005-01-07,513.7303466796875
2005-01-10,505.9465637207031
2005-01-11,506.35858154296875
2005-01-12,493.17193603515625
2005-01-13,492.66827392578125
2005-01-14,487.2196044921875
2005-01-17,481.67938232421875
2005-01-18,481.3131103515625
2005-01-19,477.92486572265625
2005-01-20,480.62628173828125
2005-01-24,511.2577819824219
2005-01-25,504.1607971191406
2005-01-27,512.5856323242188
2005-01-28,504.6186828613281
2005-01-31,525.49755859375
2005-02-01,546.9258422851562
2005-02-02,547.6127319335938
2005-02-03,566.8889770507812
2005-02-04,567.7589721679688
2005-02-07,559.0594482421875
2005-02-08,563.1802978515625
2005-02-09,553.7938232421875
2005-02-10,550.4057006835938
2005-02-11,538.9589233398438
2005-02-14,514.4171142578125
2005-02-15,535.3876342773438
2005-02-16,532.0451049804688
2005-02-17,522.6588745117188
2005-02-18,521.92626953125
2005-02-21,524.1239013671875
2005-02-22,515.47021484375
2005-02-23,513.1808471679688
2005-02-24,526.7338256835938
2005-02-25,532.5487060546875
2005-02-28,507.5948791503906
2005-03-01,485.4339294433594
2005-03-02,487.1738586425781
2005-03-03,488.1353454589844
2005-03-04,481.67938232421875
2005-03-07,475.8644714355469
2005-03-08,484.5181579589844
2005-03-09,475.1318359375
2005-03-10,494.4997863769531
2005-03-11,503.6572265625
2005-03-14,484.9302673339844
2005-03-15,484.3350830078125
2005-03-16,490.0584411621094
2005-03-17,485.8459777832031
2005-03-18,488.31854248046875
2005-03-21,484.2434387207031
2005-03-22,479.8021240234375
2005-03-23,476.1849670410156
2005-03-24,478.0164489746094
2005-03-28,473.25457763671875
2005-03-29,467.0733337402344
2005-03-30,458.7859191894531
2005-03-31,475.26922607421875
2005-04-01,476.1849670410156
2005-04-04,488.95953369140625
2005-04-05,481.9083251953125
2005-04-06,485.34234619140625
2005-04-07,476.1849670410156
2005-04-08,472.01837158203125
2005-04-11,475.8186340332031
2005-04-12,474.2160949707031
2005-04-13,471.7436218261719
2005-04-15,474.628173828125
2005-04-18,468.6300964355469
2005-04-19,468.8590393066406
2005-04-20,471.56048583984375
2005-04-21,467.02752685546875
2005-04-22,483.5108337402344
2005-04-25,485.7544860839844
2005-04-26,494.4997863769531
2005-04-27,499.0784606933594
2005-04-28,489.92108154296875
2005-04-29,493.6755676269531
2005-05-02,529.2520751953125
2005-05-03,557.6400756835938
2005-05-04,562.9971313476562
2005-05-05,553.15283203125
2005-05-06,558.097900390625
2005-05-09,556.8158569335938
2005-05-10,547.2463989257812
2005-05-11,548.5283813476562
2005-05-12,558.6016235351562
2005-05-13,574.947509765625
2005-05-16,632.4560546875
2005-05-17,632.63916015625
2005-05-18,653.060302734375
2005-05-19,688.4993286132812
2005-05-20,692.0249633789062
2005-05-23,690.330810546875
2005-05-24,670.8255004882812
2005-05-25,667.666259765625
2005-05-26,654.0675048828125
2005-05-27,661.34765625
2005-05-30,647.5657348632812
2005-05-31,647.611572265625
2005-06-01,639.46142578125
2005-06-02,638.2709350585938
2005-06-03,637.44677734375
2005-06-06,623.9396362304688
2005-06-07,634.6080322265625
2005-06-08,623.710693359375
2005-06-09,646.1463623046875
2005-06-10,639.09521484375
2005-06-13,650.1755981445312
2005-06-14,647.1078491210938
2005-06-15,654.8001098632812
2005-06-16,636.9889526367188
2005-06-17,612.080810546875
2005-06-20,594.6817626953125
2005-06-21,610.890380859375
2005-06-22,618.3536376953125
2005-06-23,609.7914428710938
2005-06-24,603.74755859375
2005-06-27,584.6543579101562
2005-06-28,575.8175048828125
2005-06-29,582.8229370117188
2005-06-30,585.1580810546875
2005-07-01,630.25830078125
2005-07-04,669.3146362304688
2005-07-05,671.466552734375
2005-07-06,663.4996337890625
2005-07-07,657.5930786132812
2005-07-08,723.3890380859375
2005-07-11,795.7325439453125
2005-07-12,788.8187866210938
2005-07-13,800.81494140625
2005-07-14,775.5862426757812
2005-07-15,786.0256958007812
2005-07-18,796.8314819335938
2005-07-19,778.3792724609375
2005-07-20,774.0294189453125
2005-07-21,769.2218627929688
2005-07-22,762.811767578125
2005-07-25,732.95849609375
2005-07-26,732.775390625
2005-07-27,727.0978393554688
2005-07-28,727.0978393554688
2005-07-29,729.158203125
2005-08-01,741.7496337890625
2005-08-02,757.5918579101562
2005-08-03,746.328369140625
2005-08-04,740.8339233398438
2005-08-05,741.7496337890625
2005-08-08,741.79541015625
2005-08-09,741.7496337890625
2005-08-10,749.0755615234375
2005-08-11,742.0243530273438
2005-08-12,743.6268920898438
2005-08-16,757.5003662109375
2005-08-17,746.328369140625
2005-08-18,734.4237670898438
2005-08-19,734.4237670898438
2005-08-22,734.5610961914062
2005-08-23,738.086669921875
2005-08-24,735.6141357421875
2005-08-25,737.1708984375
2005-08-26,736.3467407226562
2005-08-29,733.5537719726562
2005-08-30,732.683837890625
2005-08-31,733.5079956054688
2005-09-01,732.5922241210938
2005-09-02,741.7496337890625
2005-09-05,763.406982421875
2005-09-06,839.7796020507812
2005-09-08,810.5675659179688
2005-09-09,799.7617797851562
2005-09-12,833.3695068359375
2005-09-13,849.1660766601562
2005-09-14,835.2925415039062
2005-09-15,849.3033447265625
2005-09-16,836.5745849609375
2005-09-19,845.9608154296875
2005-09-20,859.9717407226562
2005-09-21,841.51953125
2005-09-22,780.210693359375
2005-09-23,802.4173583984375
2005-09-26,814.7799682617188
2005-09-27,821.46484375
2005-09-28,808.00341796875
2005-09-29,806.309326171875
2005-09-30,807.4539794921875
2005-10-03,792.8937377929688
2005-10-04,776.9598999023438
2005-10-05,774.8995361328125
2005-10-06,751.3649291992188
2005-10-07,751.6397094726562
2005-10-10,733.3706665039062
2005-10-11,731.9970703125
2005-10-13,734.881591796875
2005-10-14,719.31396484375
2005-10-17,733.0501098632812
2005-10-18,732.7296142578125
2005-10-19,717.2536010742188
2005-10-20,668.6278076171875
2005-10-21,686.530517578125
2005-10-24,706.951416015625
2005-10-25,717.4825439453125
2005-10-26,711.7592163085938
2005-10-27,680.7612915039062
2005-10-28,649.5803833007812
2005-10-31,670.3218994140625
2005-11-02,703.2885131835938
2005-11-04,703.2885131835938
2005-11-07,686.9425659179688
2005-11-08,717.8946533203125
2005-11-09,710.5228881835938
2005-11-10,709.69873046875
2005-11-11,713.819580078125
2005-11-14,709.4699096679688
2005-11-16,732.5922241210938
2005-11-17,718.8561401367188
2005-11-18,729.7076416015625
2005-11-21,723.434814453125
2005-11-22,700.86181640625
2005-11-23,698.7098388671875
2005-11-24,704.2957763671875
2005-11-25,707.0889282226562
2005-11-28,713.819580078125
2005-11-29,715.651123046875
2005-11-30,702.87646484375
2005-12-01,707.0889282226562
2005-12-02,714.0485229492188
2005-12-05,722.1986083984375
2005-12-06,745.1837158203125
2005-12-07,794.5421142578125
2005-12-08,803.791015625
2005-12-09,797.4266357421875
2005-12-12,829.2943725585938
2005-12-13,833.4152221679688
2005-12-14,806.3551025390625
2005-12-15,795.091552734375
2005-12-16,790.5127563476562
2005-12-19,783.2326049804688
2005-12-20,786.0714721679688
2005-12-21,786.6209106445312
2005-12-22,772.381103515625
2005-12-23,773.708984375
2005-12-26,762.170654296875
2005-12-27,779.9818725585938
2005-12-28,763.4984741210938
2005-12-29,770.1376342773438
2005-12-30,784.3316650390625
2006-01-02,785.4304809570312
2006-01-03,815.0089111328125
2006-01-04,822.975830078125
2006-01-05,815.0546875
2006-01-06,819.63330078125
2006-01-09,825.8145751953125
2006-01-10,827.4171142578125
2006-01-12,823.387939453125
2006-01-13,815.8787841796875
2006-01-16,827.371337890625
2006-01-17,815.0089111328125
2006-01-18,815.5582275390625
2006-01-19,831.8585205078125
2006-01-20,827.5087890625
2006-01-23,842.2978515625
2006-01-24,857.3618774414062
2006-01-25,851.1348266601562
2006-01-27,855.7135009765625
2006-01-30,842.5726318359375
2006-01-31,842.4810791015625
2006-02-01,823.5252075195312
2006-02-02,837.90234375
2006-02-03,823.4794311523438
2006-02-06,823.1131591796875
2006-02-07,832.5911254882812
2006-02-08,816.9319458007812
2006-02-10,824.2578125
2006-02-13,866.015625
2006-02-14,863.2684326171875
2006-02-15,949.622802734375
2006-02-16,1044.5849609375
2006-02-17,992.3876953125
2006-02-20,988.1754150390625
2006-02-21,1003.2393188476562
2006-02-22,1053.421875
2006-02-23,1106.122802734375
2006-02-24,1147.1478271484375
2006-02-27,1185.60888671875
2006-02-28,1191.332275390625
2006-03-01,1205.984130859375
2006-03-02,1208.410888671875
2006-03-03,1229.2437744140625
2006-03-06,1290.7359619140625
2006-03-07,1354.7919921875
2006-03-08,1369.1234130859375
2006-03-09,1332.9058837890625
2006-03-10,1375.808349609375
2006-03-13,1386.5223388671875
2006-03-14,1359.8284912109375
2006-03-16,1373.65625
2006-03-17,1363.949462890625
2006-03-20,1386.385009765625
2006-03-21,1345.7718505859375
2006-03-22,1334.09619140625
2006-03-23,1369.0318603515625
2006-03-24,1347.5576171875
2006-03-27,1327.823486328125
2006-03-28,1313.6295166015625
2006-03-29,1305.66259765625
2006-03-30,1313.9957275390625
2006-03-31,1339.9569091796875
2006-04-03,1406.9892578125
2006-04-04,1400.853759765625
2006-04-05,1389.86474609375
2006-04-07,1344.398193359375
2006-04-10,1387.6212158203125
2006-04-12,1349.480712890625
2006-04-13,1339.31591796875
2006-04-17,1355.8450927734375
2006-04-18,1358.0887451171875
2006-04-19,1351.5411376953125
2006-04-20,1358.2259521484375
2006-04-21,1358.9127197265625
2006-04-24,1494.8087158203125
2006-04-25,1374.0682373046875
2006-04-26,1368.344970703125
2006-04-27,1320.360107421875
2006-04-28,1307.494140625
2006-05-02,1272.3297119140625
2006-05-03,1360.286376953125
2006-05-04,1366.4676513671875
2006-05-05,1321.9627685546875
2006-05-08,1319.627685546875
2006-05-09,1298.290771484375
2006-05-10,1284.1427001953125
2006-05-11,1313.3546142578125
2006-05-12,1304.0140380859375
2006-05-15,1278.9228515625
2006-05-16,1267.384521484375
2006-05-17,1268.4833984375
2006-05-18,1232.4490966796875
2006-05-19,1146.9647216796875
2006-05-22,1062.2587890625
2006-05-23,1038.953125
2006-05-24,1031.16943359375
2006-05-25,1022.7903442382812
2006-05-26,1069.9967041015625
2006-05-29,1108.1373291015625
2006-05-30,1076.0406494140625
2006-05-31,1010.4737548828125
2006-06-01,1008.0469360351562
2006-06-02,1025.3087158203125
2006-06-05,976.3622436523438
2006-06-06,962.7636108398438
2006-06-07,929.7510986328125
2006-06-08,836.803466796875
2006-06-09,893.579345703125
2006-06-12,902.050048828125
2006-06-13,818.85498046875
2006-06-14,805.7599487304688
2006-06-15,846.1898193359375
2006-06-16,898.4786376953125
2006-06-19,915.7402954101562
2006-06-20,915.7402954101562
2006-06-21,947.3334350585938
2006-06-22,1018.0283813476562
2006-06-23,1068.9437255859375
2006-06-26,1057.8173828125
2006-06-27,1030.2078857421875
2006-06-28,1016.6547241210938
2006-06-29,1030.6656494140625
2006-06-30,1051.498779296875
2006-07-03,1058.00048828125
2006-07-04,1062.4876708984375
2006-07-05,1058.3211669921875
2006-07-06,1057.3594970703125
2006-07-07,1053.147216796875
2006-07-10,1014.365478515625
2006-07-11,1041.1510009765625
2006-07-12,1037.21337890625
2006-07-13,1023.797607421875
2006-07-14,1012.3968505859375
2006-07-17,1007.314453125
2006-07-18,1021.0046997070312
2006-07-19,1007.314453125
2006-07-20,1007.314453125
2006-07-21,977.6443481445312
2006-07-24,973.8440551757812
2006-07-25,961.9851684570312
2006-07-26,970.0894775390625
2006-07-27,1013.1751098632812
2006-07-28,1024.71337890625
2006-07-31,1018.9899291992188
2006-08-01,1021.279296875
2006-08-02,1015.9678955078125
2006-08-03,1044.8138427734375
2006-08-04,1043.073974609375
2006-08-07,1013.7246704101562
2006-08-08,1041.013671875
2006-08-09,1027.3232421875
2006-08-10,1036.3890380859375
2006-08-11,1053.1014404296875
2006-08-14,1079.9783935546875
2006-08-16,1109.9229736328125
2006-08-17,1081.8099365234375
2006-08-18,1095.5001220703125
2006-08-21,1074.11767578125
2006-08-22,1057.8631591796875
2006-08-23,1062.3046875
2006-08-24,1053.1014404296875
2006-08-25,1026.7281494140625
2006-08-28,1042.1124267578125
2006-08-29,1028.69677734375
2006-08-30,1049.072265625
2006-08-31,1039.3651123046875
2006-09-01,1034.7864990234375
2006-09-04,1032.039306640625
2006-09-05,1063.769775390625
2006-09-06,1083.229248046875
2006-09-07,1079.8409423828125
2006-09-08,1184.326904296875
2006-09-11,1115.1427001953125
2006-09-12,1145.4996337890625
2006-09-13,1147.8804931640625
2006-09-14,1164.6385498046875
2006-09-15,1241.514892578125
2006-09-18,1232.1744384765625
2006-09-19,1200.9935302734375
2006-09-20,1159.9224853515625
2006-09-21,1188.768310546875
2006-09-22,1165.3253173828125
2006-09-25,1177.6878662109375
2006-09-26,1180.9844970703125
2006-09-27,1187.66943359375
2006-09-28,1190.46240234375
2006-09-29,1199.71142578125
2006-10-03,1272.6500244140625
2006-10-04,1266.6063232421875
2006-10-05,1277.13720703125
2006-10-06,1280.02197265625
2006-10-09,1241.7437744140625
2006-10-10,1257.2657470703125
2006-10-11,1229.1524658203125
2006-10-12,1228.557373046875
2006-10-13,1232.2200927734375
2006-10-16,1242.9801025390625
2006-10-17,1244.4453125
2006-10-18,1231.2586669921875
2006-10-19,1254.47265625
2006-10-20,1248.6578369140625
2006-10-23,1245.5899658203125
2006-10-26,1246.3226318359375
2006-10-27,1281.5328369140625
2006-10-30,1268.3004150390625
2006-10-31,1248.19970703125
2006-11-01,1259.46337890625
2006-11-02,1254.747314453125
2006-11-03,1252.64111328125
2006-11-06,1277.228759765625
2006-11-07,1320.6806640625
2006-11-08,1393.3447265625
2006-11-09,1359.9202880859375
2006-11-10,1371.733154296875
2006-11-13,1373.6104736328125
2006-11-14,1374.892578125
2006-11-15,1373.6104736328125
2006-11-16,1373.65625
2006-11-17,1373.6104736328125
2006-11-20,1376.3118896484375
2006-11-21,1442.2908935546875
2006-11-22,1457.3092041015625
2006-11-23,1425.3497314453125
2006-11-24,1425.716064453125
2006-11-27,1395.588134765625
2006-11-28,1387.2550048828125
2006-11-29,1378.1890869140625
2006-11-30,1378.1890869140625
2006-12-01,1390.368408203125
2006-12-04,1374.1597900390625
2006-12-05,1387.3466796875
2006-12-06,1376.494873046875
2006-12-07,1384.27880859375
2006-12-08,1378.8759765625
2006-12-11,1379.6085205078125
2006-12-12,1372.374267578125
2006-12-13,1385.51513671875
2006-12-14,1389.1781005859375
2006-12-15,1423.5184326171875
2006-12-18,1385.51513671875
2006-12-19,1413.765625
2006-12-20,1383.9583740234375
2006-12-21,1394.8099365234375
2006-12-22,1394.4434814453125
2006-12-26,1375.6251220703125
2006-12-27,1391.6048583984375
2006-12-28,1385.6065673828125
2006-12-29,1390.0938720703125
2007-01-02,1383.3172607421875
2007-01-03,1375.4417724609375
2007-01-04,1382.1727294921875
2007-01-05,1381.7147216796875
2007-01-08,1378.555419921875
2007-01-09,1384.4619140625
2007-01-10,1374.434814453125
2007-01-11,1388.4453125
2007-01-12,1379.6085205078125
2007-01-15,1381.943603515625
2007-01-16,1378.5096435546875
2007-01-17,1399.3885498046875
2007-01-18,1378.3724365234375
2007-01-19,1386.7972412109375
2007-01-22,1380.0665283203125
2007-01-23,1382.9967041015625
2007-01-24,1391.9710693359375
2007-01-25,1382.6763916015625
2007-01-29,1520.9532470703125
2007-01-31,1562.7567138671875
2007-02-01,1572.6925048828125
2007-02-02,1652.3160400390625
2007-02-05,1648.927734375
2007-02-06,1639.1751708984375
2007-02-07,1632.7650146484375
2007-02-08,1643.3419189453125
2007-02-09,1622.508544921875
2007-02-12,1626.26318359375
2007-02-13,1656.070556640625
2007-02-14,1660.3287353515625
2007-02-15,1743.3865966796875
2007-02-19,1792.42431640625
2007-02-20,1702.819091796875
2007-02-21,1633.2227783203125
2007-02-22,1617.792724609375
2007-02-23,1591.32763671875
2007-02-26,1629.742919921875
2007-02-27,1620.4483642578125
2007-02-28,1599.2489013671875
2007-03-01,1543.0224609375
2007-03-02,1496.2738037109375
2007-03-05,1427.1812744140625
2007-03-06,1463.3531494140625
2007-03-07,1437.7122802734375
2007-03-08,1469.625732421875
2007-03-09,1445.26708984375
2007-03-12,1458.407958984375
2007-03-13,1474.341796875
2007-03-14,1423.2435302734375
2007-03-15,1380.0665283203125
2007-03-16,1349.434814453125
2007-03-19,1361.9805908203125
2007-03-20,1386.2476806640625
2007-03-21,1388.3538818359375
2007-03-22,1387.4381103515625
2007-03-23,1391.9254150390625
2007-03-26,1436.979736328125
2007-03-28,1425.9906005859375
2007-03-29,1401.9984130859375
2007-03-30,1444.1224365234375
2007-04-02,1374.434814453125
2007-04-03,1351.9991455078125
2007-04-04,1359.9202880859375
2007-04-05,1360.1490478515625
2007-04-09,1380.1580810546875
2007-04-10,1410.2401123046875
2007-04-11,1433.133544921875
2007-04-12,1457.1258544921875
2007-04-13,1502.134521484375
2007-04-16,1465.1844482421875
2007-04-17,1465.1844482421875
2007-04-18,1483.0413818359375
2007-04-19,1469.76318359375
2007-04-20,1498.151123046875
2007-04-23,1520.1290283203125
2007-04-24,1538.76416015625
2007-04-25,1553.0498046875
2007-04-26,1524.295654296875
2007-04-27,1531.1636962890625
2007-04-30,1553.095703125
2007-05-03,1630.75048828125
2007-05-04,1594.6243896484375
2007-05-07,1616.6021728515625
2007-05-08,1670.7681884765625
2007-05-09,1648.1951904296875
2007-05-10,1624.569091796875
2007-05-11,1625.439208984375
2007-05-14,1611.7027587890625
2007-05-15,1607.124267578125
2007-05-16,1648.3326416015625
2007-05-17,1612.84765625
2007-05-18,1605.4302978515625
2007-05-21,1620.67724609375
2007-05-22,1635.374755859375
2007-05-23,1624.0196533203125
2007-05-24,1623.10400390625
2007-05-25,1637.93896484375
2007-05-28,1644.3948974609375
2007-05-29,1635.8326416015625
2007-05-30,1680.3834228515625
2007-05-31,1762.204833984375
2007-06-01,1744.622802734375
2007-06-04,1695.8594970703125
2007-06-05,1712.2054443359375
2007-06-06,1677.6361083984375
2007-06-07,1677.041015625
2007-06-08,1631.3914794921875
2007-06-11,1630.109375
2007-06-12,1610.1920166015625
2007-06-13,1576.996337890625
2007-06-14,1603.7816162109375
2007-06-15,1577.31689453125
2007-06-18,1574.38671875
2007-06-19,1653.1402587890625
2007-06-20,1630.109375
2007-06-21,1602.5455322265625
2007-06-22,1666.189453125
2007-06-25,1749.5218505859375
2007-06-26,1837.02099609375
2007-06-27,1928.86962890625
2007-06-28,1999.3358154296875
2007-06-29,1900.0694580078125
2007-07-02,1910.37158203125
2007-07-03,1923.0546875
2007-07-04,1895.353515625
2007-07-05,1847.093994140625
2007-07-06,1840.6380615234375
2007-07-09,1821.36181640625
2007-07-10,1822.3232421875
2007-07-11,1814.44775390625
2007-07-12,1836.242431640625
2007-07-13,1830.473388671875
2007-07-16,1826.5814208984375
2007-07-17,1853.4583740234375
2007-07-18,1857.85400390625
2007-07-19,1831.4805908203125
2007-07-20,1826.5814208984375
2007-07-23,1803.0926513671875
2007-07-24,1793.935302734375
2007-07-25,1717.5623779296875
2007-07-26,1745.03466796875
2007-07-27,1711.839111328125
2007-07-30,1659.96240234375
2007-07-31,1664.81591796875
2007-08-01,1660.740966796875
2007-08-02,1693.753173828125
2007-08-03,1672.141845703125
2007-08-06,1660.2371826171875
2007-08-07,1640.9150390625
2007-08-08,1634.596435546875
2007-08-09,1639.1751708984375
2007-08-10,1607.1700439453125
2007-08-13,1652.2703857421875
2007-08-14,1640.0909423828125
2007-08-16,1597.280029296875
2007-08-17,1620.8603515625
2007-08-20,1602.5455322265625
2007-08-21,1523.837646484375
2007-08-22,1520.1290283203125
2007-08-23,1510.971435546875
2007-08-24,1492.65673828125
2007-08-27,1521.365234375
2007-08-28,1511.8414306640625
2007-08-29,1538.489501953125
2007-08-30,1611.6571044921875
2007-08-31,1588.672119140625
2007-09-03,1590.18310546875
2007-09-04,1633.6806640625
2007-09-05,1624.5233154296875
2007-09-06,1639.0836181640625
2007-09-07,1600.302001953125
2007-09-10,1580.5677490234375
2007-09-11,1583.7728271484375
2007-09-12,1571.8681640625
2007-09-13,1571.7308349609375
2007-09-14,1549.8447265625
2007-09-17,1539.496826171875
2007-09-18,1556.758544921875
2007-09-19,1585.650146484375
2007-09-20,1556.8499755859375
2007-09-21,1533.864990234375
2007-09-24,1543.0224609375
2007-09-25,1579.5146484375
2007-09-26,1594.303955078125
2007-09-27,1620.67724609375
2007-09-28,1660.8780517578125
2007-10-01,1657.9937744140625
2007-10-03,1647.783203125
2007-10-04,1647.416748046875
2007-10-05,1643.75390625
2007-10-08,1602.4539794921875
2007-10-09,1589.6336669921875
2007-10-10,1603.873291015625
2007-10-11,1620.8603515625
2007-10-12,1671.729736328125
2007-10-15,1831.068603515625
2007-10-16,1786.242919921875
2007-10-17,1717.0130615234375
2007-10-18,1642.1055908203125
2007-10-19,1606.7122802734375
2007-10-22,1605.3843994140625
2007-10-23,1700.1177978515625
2007-10-24,1702.3612060546875
2007-10-25,1790.5013427734375
2007-10-26,1822.3232421875
2007-10-29,1883.403076171875
2007-10-30,1837.79931640625
2007-10-31,2064.399169921875
2007-11-01,1927.81640625
2007-11-02,1928.82373046875
2007-11-05,1855.152587890625
2007-11-06,1824.7039794921875
2007-11-07,1829.969482421875
2007-11-08,1849.337646484375
2007-11-12,1808.5870361328125
2007-11-13,1837.79931640625
2007-11-14,1886.7913818359375
2007-11-15,1859.9600830078125
2007-11-16,1825.3450927734375
2007-11-19,1813.165771484375
2007-11-20,1794.85107421875
2007-11-21,1813.165771484375
2007-11-22,1785.693603515625
2007-11-23,1785.693603515625
2007-11-26,1831.4805908203125
2007-11-27,1768.2945556640625
2007-11-28,1775.4830322265625
2007-11-29,1746.774658203125
2007-11-30,1806.755615234375
2007-12-03,1928.2283935546875
2007-12-04,2098.968505859375
2007-12-05,2034.317138671875
2007-12-06,1984.0428466796875
2007-12-07,1957.5321044921875
2007-12-10,1937.5234375
2007-12-11,1922.001708984375
2007-12-12,1912.9356689453125
2007-12-13,1906.5711669921875
2007-12-14,1950.5269775390625
2007-12-17,1911.8369140625
2007-12-18,1877.267578125
2007-12-19,1884.6392822265625
2007-12-20,1878.549560546875
2007-12-24,1912.9815673828125
2007-12-26,1965.3619384765625
2007-12-27,2087.887939453125
2007-12-28,2078.776611328125
2007-12-31,2107.347412109375
2008-01-01,2106.5234375
2008-01-02,2173.005859375
2008-01-03,2179.279052734375
2008-01-04,2230.69775390625
2008-01-07,2199.470703125
2008-01-08,2126.30322265625
2008-01-09,2066.00146484375
2008-01-10,1991.735107421875
2008-01-11,1959.684326171875
2008-01-14,1923.0546875
2008-01-15,1976.350830078125
2008-01-16,1984.5010986328125
2008-01-17,1998.878173828125
2008-01-18,1879.09912109375
2008-01-21,1874.70361328125
2008-01-22,1698.240478515625
2008-01-23,1739.9981689453125
2008-01-24,1707.855712890625
2008-01-25,1738.9908447265625
2008-01-28,1650.163818359375
2008-01-29,1645.3106689453125
2008-01-30,1705.8868408203125
2008-01-31,1717.0130615234375
2008-02-01,1720.6759033203125
2008-02-04,1739.9981689453125
2008-02-05,1787.25048828125
2008-02-06,1743.798583984375
2008-02-07,1739.906494140625
2008-02-08,1694.11962890625
2008-02-11,1638.2593994140625
2008-02-12,1638.8546142578125
2008-02-13,1626.3548583984375
2008-02-14,1648.3326416015625
2008-02-15,1659.2755126953125
2008-02-18,1591.2362060546875
2008-02-19,1742.1959228515625
2008-02-20,1712.6175537109375
2008-02-21,1730.7491455078125
2008-02-22,1671.22607421875
2008-02-25,1732.9012451171875
2008-02-26,1761.93017578125
2008-02-27,1767.058349609375
2008-02-28,1761.5638427734375
2008-02-29,1797.6441650390625
2008-03-03,1714.12841796875
2008-03-04,1695.76806640625
2008-03-05,1675.942138671875
2008-03-07,1694.989501953125
2008-03-10,1748.0567626953125
2008-03-11,1831.4805908203125
2008-03-12,1708.038818359375
2008-03-13,1689.3577880859375
2008-03-14,1662.480712890625
2008-03-17,1647.0963134765625
2008-03-18,1642.013916015625
2008-03-19,1583.3148193359375
2008-03-24,1619.6697998046875
2008-03-25,1657.7188720703125
2008-03-26,1642.5633544921875
2008-03-27,1616.64794921875
2008-03-28,1728.6429443359375
2008-03-31,1665.456787109375
2008-04-01,1639.1751708984375
2008-04-02,1736.152099609375
2008-04-03,1731.2071533203125
2008-04-04,1727.7271728515625
2008-04-07,1664.7701416015625
2008-04-08,1646.4552001953125
2008-04-09,1680.3834228515625
2008-04-10,1694.11962890625
2008-04-11,1739.906494140625
2008-04-15,1732.1685791015625
2008-04-16,1720.905029296875
2008-04-17,1729.512939453125
2008-04-21,1745.08056640625
2008-04-22,1719.7603759765625
2008-04-23,1751.765380859375
2008-04-24,1738.4871826171875
2008-04-25,1707.3978271484375
2008-04-28,1729.3297119140625
2008-04-29,1727.45263671875
2008-04-30,1701.811767578125
2008-05-02,1730.7491455078125
2008-05-05,1727.8189697265625
2008-05-06,1715.502197265625
2008-05-07,1695.9510498046875
2008-05-08,1676.3084716796875
2008-05-09,1703.2769775390625
2008-05-12,1704.1927490234375
2008-05-13,1694.11962890625
2008-05-14,1688.2587890625
2008-05-15,1675.25537109375
2008-05-16,1677.6361083984375
2008-05-20,1749.2470703125
2008-05-21,1712.434326171875
2008-05-22,1719.6229248046875
2008-05-23,1739.906494140625
2008-05-26,1734.8701171875
2008-05-27,1713.533203125
2008-05-28,1726.62841796875
2008-05-29,1731.6649169921875
2008-05-30,1676.125244140625
2008-06-02,1650.3013916015625
2008-06-03,1636.4278564453125
2008-06-04,1620.67724609375
2008-06-05,1627.1331787109375
2008-06-06,1712.434326171875
2008-06-09,1648.3326416015625
2008-06-10,1643.75390625
2008-06-11,1631.8951416015625
2008-06-12,1648.5616455078125
2008-06-13,1613.168212890625
2008-06-16,1584.322265625
2008-06-17,1615.2744140625
2008-06-18,1591.5108642578125
2008-06-19,1623.6534423828125
2008-06-20,1586.703125
2008-06-23,1552.1798095703125
2008-06-24,1553.324462890625
2008-06-25,1531.52978515625
2008-06-26,1556.758544921875
2008-06-27,1573.562255859375
2008-06-30,1529.1490478515625
2008-07-01,1436.3387451171875
2008-07-02,1511.2919921875
2008-07-03,1510.971435546875
2008-07-04,1511.8873291015625
2008-07-07,1520.3121337890625
2008-07-08,1510.971435546875
2008-07-09,1512.3909912109375
2008-07-10,1516.0538330078125
2008-07-11,1492.65673828125
2008-07-14,1492.65673828125
2008-07-15,1440.0015869140625
2008-07-16,1426.723388671875
2008-07-17,1430.6610107421875
2008-07-18,1474.7998046875
2008-07-21,1469.76318359375
2008-07-22,1464.268798828125
2008-07-23,1477.043212890625
2008-07-24,1455.4776611328125
2008-07-25,1473.2431640625
2008-07-28,1474.341796875
2008-07-29,1435.8349609375
2008-07-30,1457.8585205078125
2008-07-31,1468.1148681640625
2008-08-01,1470.6788330078125
2008-08-04,1465.2760009765625
2008-08-05,1486.2467041015625
2008-08-06,1465.138671875
2008-08-07,1464.9554443359375
2008-08-08,1439.818603515625
2008-08-11,1498.151123046875
2008-08-12,1449.8916015625
2008-08-13,1443.2982177734375
2008-08-14,1474.2503662109375
2008-08-18,1488.718994140625
2008-08-19,1464.3602294921875
2008-08-20,1464.268798828125
2008-08-21,1464.268798828125
2008-08-22,1437.4833984375
2008-08-25,1441.558349609375
2008-08-26,1446.86962890625
2008-08-27,1430.386474609375
2008-08-28,1484.2777099609375
2008-08-29,1469.9462890625
2008-09-01,1487.6202392578125
2008-09-02,1469.2137451171875
2008-09-04,1468.2064208984375
2008-09-05,1488.7647705078125
2008-09-08,1510.8800048828125
2008-09-09,1508.2242431640625
2008-09-10,1469.76318359375
2008-09-11,1465.1844482421875
2008-09-12,1422.3277587890625
2008-09-15,1391.9254150390625
2008-09-16,1433.133544921875
2008-09-17,1365.5062255859375
2008-09-18,1362.62158203125
2008-09-19,1396.4581298828125
2008-09-22,1413.9488525390625
2008-09-23,1414.8187255859375
2008-09-24,1443.985107421875
2008-09-25,1410.2401123046875
2008-09-26,1376.540771484375
2008-09-29,1305.8455810546875
2008-09-30,1292.109619140625
2008-10-01,1300.3511962890625
2008-10-03,1266.6978759765625
2008-10-06,1152.962890625
2008-10-07,1088.8153076171875
2008-10-08,1003.4682006835938
2008-10-10,954.3845825195312
2008-10-13,934.1466674804688
2008-10-14,912.0315551757812
2008-10-15,921.1431884765625
2008-10-16,923.3409423828125
2008-10-17,901.2716064453125
2008-10-20,914.8245239257812
2008-10-21,902.5078735351562
2008-10-22,870.502685546875
2008-10-23,847.059814453125
2008-10-24,847.059814453125
2008-10-27,843.3968505859375
2008-10-29,870.1821899414062
2008-10-31,852.5084228515625
2008-11-03,902.8741455078125
2008-11-04,888.7259521484375
2008-11-05,890.4201049804688
2008-11-06,885.3377075195312
2008-11-07,849.3033447265625
2008-11-10,897.425537109375
2008-11-11,910.1084594726562
2008-11-12,879.1107177734375
2008-11-14,857.7281494140625
2008-11-17,838.3602905273438
2008-11-18,858.8728637695312
2008-11-19,868.121826171875
2008-11-20,825.2652587890625
2008-11-21,865.6035766601562
2008-11-24,870.22802734375
2008-11-25,854.660400390625
2008-11-26,849.34912109375
2008-11-27,849.34912109375
2008-11-28,848.8455200195312
2008-12-01,844.6329956054688
2008-12-02,826.91357421875
2008-12-03,828.7449951171875
2008-12-04,828.7449951171875
2008-12-05,831.0343627929688
2008-12-08,842.4810791015625
2008-12-10,824.3951416015625
2008-12-11,833.32373046875
2008-12-12,843.3052368164062
2008-12-15,848.6165161132812
2008-12-16,859.8801879882812
2008-12-17,846.7393188476562
2008-12-18,842.52685546875
2008-12-19,844.5872192382812
2008-12-22,852.1421508789062
2008-12-23,847.471923828125
2008-12-24,873.5704345703125
2008-12-26,869.9532470703125
2008-12-29,849.1660766601562
2008-12-30,845.2283325195312
2008-12-31,846.373046875
2009-01-02,877.9660034179688
2009-01-05,891.5189208984375
2009-01-06,908.4143676757812
2009-01-07,914.4581909179688
2009-01-09,924.8518676757812
2009-01-12,899.2569580078125
2009-01-13,873.7536010742188
2009-01-14,912.0773315429688
2009-01-15,891.7936401367188
2009-01-16,909.650634765625
2009-01-19,880.9421997070312
2009-01-20,871.739013671875
2009-01-21,865.3745727539062
2009-01-22,890.0995483398438
2009-01-23,873.1583862304688
2009-01-27,873.7078857421875
2009-01-28,869.9532470703125
2009-01-29,869.9990844726562
2009-01-30,870.8690185546875
2009-02-02,860.7958374023438
2009-02-03,888.2681274414062
2009-02-04,888.2681274414062
2009-02-05,874.7152099609375
2009-02-06,890.0995483398438
2009-02-09,901.0885009765625
2009-02-10,893.762451171875
2009-02-11,879.1564331054688
2009-02-12,880.9421997070312
2009-02-13,890.4658813476562
2009-02-16,890.4658813476562
2009-02-17,888.2681274414062
2009-02-18,865.3745727539062
2009-02-19,871.3269653320312
2009-02-20,851.6384887695312
2009-02-24,841.5653076171875
2009-02-25,842.3436889648438
2009-02-26,840.92431640625
2009-02-27,832.3163452148438
2009-03-02,798.6170654296875
2009-03-03,800.3570556640625
2009-03-04,770.000244140625
2009-03-05,741.38330078125
2009-03-06,787.53662109375
2009-03-09,753.1505737304688
2009-03-12,767.9398193359375
2009-03-13,796.6940307617188
2009-03-16,800.6775512695312
2009-03-17,815.0089111328125
2009-03-18,801.2727661132812
2009-03-19,794.2215576171875
2009-03-20,814.0015869140625
2009-03-23,813.5436401367188
2009-03-24,784.3773803710938
2009-03-25,783.4158935546875
2009-03-26,830.6222534179688
2009-03-27,819.1296997070312
2009-03-30,824.6240844726562
2009-03-31,821.3275146484375
2009-04-01,797.106201171875
2009-04-02,851.6384887695312
2009-04-06,856.2171630859375
2009-04-08,892.892578125
2009-04-09,935.9781494140625
2009-04-13,1066.0133056640625
2009-04-15,1008.8253173828125
2009-04-16,925.6760864257812
2009-04-17,1013.9076538085938
2009-04-20,1055.6654052734375
2009-04-21,1056.3524169921875
2009-04-22,1003.8803100585938
2009-04-23,974.2561645507812
2009-04-24,1003.83447265625
2009-04-27,992.9830322265625
2009-04-28,937.947021484375
2009-04-29,940.7858276367188
2009-04-30,941.3810424804688
2009-05-04,962.3514404296875
2009-05-05,941.8388671875
2009-05-06,920.7769165039062
2009-05-07,934.925048828125
2009-05-08,929.8427124023438
2009-05-11,927.0039672851562
2009-05-12,935.0623779296875
2009-05-13,941.7930297851562
2009-05-14,962.7178344726562
2009-05-15,983.8713989257812
2009-05-18,983.8713989257812
2009-05-19,1085.1982421875
2009-05-20,1161.1588134765625
2009-05-21,1102.826171875
2009-05-22,1074.621337890625
2009-05-25,1152.9171142578125
2009-05-26,1102.1849365234375
2009-05-27,1133.91552734375
2009-05-28,1114.6849365234375
2009-05-29,1139.54736328125
2009-06-01,1169.2630615234375
2009-06-02,1223.978515625
2009-06-03,1256.4415283203125
2009-06-04,1253.7401123046875
2009-06-05,1236.1578369140625
2009-06-08,1208.7772216796875
2009-06-09,1179.153076171875
2009-06-10,1172.9716796875
2009-06-11,1147.468505859375
2009-06-12,1143.0269775390625
2009-06-15,1104.0625
2009-06-16,1201.405517578125
2009-06-17,1162.9901123046875
2009-06-18,1191.6529541015625
2009-06-19,1190.7828369140625
2009-06-22,1190.46240234375
2009-06-23,1173.109130859375
2009-06-24,1191.1949462890625
2009-06-25,1168.759521484375
2009-06-26,1190.46240234375
2009-06-29,1177.7335205078125
2009-06-30,1186.387451171875
2009-07-01,1196.91845703125
2009-07-02,1175.4901123046875
2009-07-03,1194.0794677734375
2009-07-06,1181.3050537109375
2009-07-07,1205.434814453125
2009-07-08,1190.46240234375
2009-07-09,1190.46240234375
2009-07-10,1187.4862060546875
2009-07-13,1187.348876953125
2009-07-14,1190.279296875
2009-07-15,1192.5687255859375
2009-07-16,1188.6309814453125
2009-07-17,1188.6309814453125
2009-07-20,1229.4271240234375
2009-07-21,1213.3560791015625
2009-07-22,1236.2952880859375
2009-07-23,1244.490966796875
2009-07-24,1236.3868408203125
2009-07-27,1270.0401611328125
2009-07-28,1259.8297119140625
2009-07-29,1265.6446533203125
2009-07-30,1286.615234375
2009-07-31,1332.631103515625
2009-08-03,1318.1165771484375
2009-08-04,1315.0030517578125
2009-08-05,1378.0517578125
2009-08-06,1370.9090576171875
2009-08-07,1373.6104736328125
2009-08-10,1324.2978515625
2009-08-11,1358.9586181640625
2009-08-12,1338.0797119140625
2009-08-13,1368.4364013671875
2009-08-14,1348.7939453125
2009-08-17,1354.9293212890625
2009-08-18,1348.3818359375
2009-08-19,1335.240966796875
2009-08-20,1346.1383056640625
2009-08-21,1374.2972412109375
2009-08-24,1401.8609619140625
2009-08-25,1429.104248046875
2009-08-26,1430.1573486328125
2009-08-27,1451.265380859375
2009-08-28,1451.8603515625
2009-08-31,1436.155517578125
2009-09-01,1421.22900390625
2009-09-02,1409.6448974609375
2009-09-03,1413.3077392578125
2009-09-04,1420.1759033203125
2009-09-07,1416.329833984375
2009-09-08,1417.0164794921875
2009-09-09,1402.0899658203125
2009-09-10,1401.8153076171875
2009-09-11,1416.78759765625
2009-09-14,1419.9012451171875
2009-09-15,1430.2489013671875
2009-09-16,1419.12255859375
2009-09-17,1437.8038330078125
2009-09-18,1461.93359375
2009-09-22,1639.9534912109375
2009-09-23,1655.8416748046875
2009-09-24,1647.2337646484375
2009-09-25,1606.4833984375
2009-09-29,1627.7742919921875
2009-09-30,1606.4833984375
2009-10-01,1621.2723388671875
2009-10-05,1593.3880615234375
2009-10-06,1602.5455322265625
2009-10-07,1602.5455322265625
2009-10-08,1590.640869140625
2009-10-09,1642.4718017578125
2009-10-12,1619.07470703125
2009-10-13,1616.373046875
2009-10-14,1619.02880859375
2009-10-15,1602.5455322265625
2009-10-16,1620.8603515625
2009-10-20,1622.8291015625
2009-10-21,1601.4466552734375
2009-10-22,1592.79296875
2009-10-23,1624.6148681640625
2009-10-26,1603.82763671875
2009-10-27,1584.6884765625
2009-10-28,1556.30078125
2009-10-29,1534.7349853515625
2009-10-30,1544.8079833984375
2009-11-03,1480.2943115234375
2009-11-04,1525.8980712890625
2009-11-05,1516.557373046875
2009-11-06,1534.00244140625
2009-11-09,1563.4434814453125
2009-11-10,1562.2530517578125
2009-11-11,1542.701904296875
2009-11-12,1556.758544921875
2009-11-13,1574.7528076171875
2009-11-16,1565.9617919921875
2009-11-17,1568.6173095703125
2009-11-18,1578.644775390625
2009-11-19,1621.776123046875
2009-11-20,1657.489990234375
2009-11-23,1696.7293701171875
2009-11-24,1662.0687255859375
2009-11-25,1667.059326171875
2009-11-26,1665.731689453125
2009-11-27,1645.12744140625
2009-11-30,1628.6900634765625
2009-12-01,1671.8214111328125
2009-12-02,1660.603515625
2009-12-03,1644.1658935546875
2009-12-04,1638.2593994140625
2009-12-07,1654.4222412109375
2009-12-08,1657.489990234375
2009-12-09,1648.4698486328125
2009-12-10,1662.38916015625
2009-12-11,1687.572021484375
2009-12-14,1694.0738525390625
2009-12-15,1671.22607421875
2009-12-16,1671.22607421875
2009-12-17,1675.7587890625
2009-12-18,1671.18017578125
2009-12-21,1662.0687255859375
2009-12-22,1692.379638671875
2009-12-23,1694.11962890625
2009-12-24,1705.6578369140625
2009-12-29,1710.5113525390625
2009-12-30,1694.5316162109375
2009-12-31,1708.54248046875
2010-01-04,1694.806396484375
2010-01-05,1694.48583984375
2010-01-06,1684.962158203125
2010-01-07,1698.6982421875
2010-01-08,1694.6689453125
2010-01-11,1694.5316162109375
2010-01-12,1694.1654052734375
2010-01-13,1699.0645751953125
2010-01-14,1697.5535888671875
2010-01-15,1696.9127197265625
2010-01-18,1700.667236328125
2010-01-19,1694.5316162109375
2010-01-20,1694.3944091796875
2010-01-21,1667.42578125
2010-01-22,1694.623291015625
2010-01-25,1695.8135986328125
2010-01-27,1625.576416015625
2010-01-28,1694.11962890625
2010-01-29,1691.4638671875
2010-02-01,1671.22607421875
2010-02-02,1658.6346435546875
2010-02-03,1667.883544921875
2010-02-04,1692.379638671875
2010-02-05,1688.625
2010-02-08,1682.306396484375
2010-02-09,1707.71826171875
2010-02-10,1697.1414794921875
2010-02-11,1694.11962890625
2010-02-15,1705.4747314453125
2010-02-16,1746.22509765625
2010-02-17,1802.2227783203125
2010-02-18,1872.0020751953125
2010-02-19,1855.7935791015625
2010-02-22,1845.903564453125
2010-02-23,1813.165771484375
2010-02-24,1829.6490478515625
2010-02-25,1831.4805908203125
2010-02-26,1869.208984375
2010-03-02,1858.952880859375
2010-03-03,1881.5716552734375
2010-03-04,2008.1270751953125
2010-03-05,2038.5750732421875
2010-03-08,2091.41357421875
2010-03-09,2063.98681640625
2010-03-10,2058.080322265625
2010-03-11,2035.6907958984375
2010-03-12,2043.6116943359375
2010-03-15,2029.188720703125
2010-03-16,2106.29443359375
2010-03-17,2142.83251953125
2010-03-18,2111.651123046875
2010-03-19,2091.047119140625
2010-03-22,2042.2840576171875
2010-03-23,2044.6192626953125
2010-03-25,2062.2470703125
2010-03-26,2042.4671630859375
2010-03-29,2016.551513671875
2010-03-30,2041.138916015625
2010-03-31,2024.839111328125
2010-04-01,2104.966552734375
2010-04-05,2062.659423828125
2010-04-06,2067.05517578125
2010-04-07,2060.644287109375
2010-04-08,2067.009033203125
2010-04-09,2125.433349609375
2010-04-12,2119.93896484375
2010-04-13,2161.147216796875
2010-04-15,2170.67041015625
2010-04-16,2150.38720703125
2010-04-19,2120.80859375
2010-04-20,2093.38232421875
2010-04-21,2191.73291015625
2010-04-22,2109.316162109375
2010-04-23,2068.062255859375
2010-04-26,2152.310546875
2010-04-27,2142.83251953125
2010-04-28,2111.83447265625
2010-04-29,2139.398193359375
2010-04-30,2117.92431640625
2010-05-03,2152.081298828125
2010-05-04,2112.384033203125
2010-05-05,2072.915283203125
2010-05-06,2107.576171875
2010-05-07,2062.705078125
2010-05-10,2106.202880859375
2010-05-11,2106.202880859375
2010-05-12,2141.412841796875
2010-05-13,2109.86572265625
2010-05-14,2062.705078125
2010-05-17,2061.423095703125
2010-05-18,2106.202880859375
2010-05-19,2277.675048828125
2010-05-20,2161.51318359375
2010-05-21,2181.751220703125
2010-05-24,2188.665283203125
2010-05-25,2106.660400390625
2010-05-26,2151.94384765625
2010-05-27,2138.482666015625
2010-05-28,2177.859375
2010-05-31,2326.575439453125
2010-06-01,2251.85107421875
2010-06-02,2283.764892578125
2010-06-03,2252.950439453125
2010-06-04,2260.0009765625
2010-06-07,2337.65625
2010-06-08,2299.332275390625
2010-06-09,2327.948974609375
2010-06-10,2335.229736328125
2010-06-11,2349.468994140625
2010-06-14,2366.135498046875
2010-06-15,2385.91552734375
2010-06-16,2416.089111328125
2010-06-17,2415.493896484375
2010-06-18,2445.02685546875
2010-06-21,2445.02685546875
2010-06-22,2441.226318359375
2010-06-23,2431.336181640625
2010-06-24,2419.61474609375
2010-06-25,2453.31396484375
2010-06-28,2471.720458984375
2010-06-29,2538.47802734375
2010-06-30,2533.532958984375
2010-07-01,2525.154296875
2010-07-02,2530.739990234375
2010-07-05,2578.7705078125
2010-07-06,2542.323974609375
2010-07-07,2545.116943359375
2010-07-08,2587.2412109375
2010-07-09,2601.89306640625
2010-07-12,2626.6640625
2010-07-13,2610.729736328125
2010-07-14,2628.449462890625
2010-07-15,2659.4013671875
2010-07-16,2646.855712890625
2010-07-19,2659.4931640625
2010-07-20,2617.643798828125
2010-07-21,2592.872802734375
2010-07-22,2649.14501953125
2010-07-23,2624.740478515625
2010-07-26,2719.565673828125
2010-07-27,2757.248046875
2010-07-28,2991.54052734375
2010-07-29,3188.14990234375
2010-07-30,3193.827392578125
2010-08-02,3183.8916015625
2010-08-03,3177.25244140625
2010-08-04,3143.69091796875
2010-08-05,3169.697998046875
2010-08-06,3139.56982421875
2010-08-09,3136.410400390625
2010-08-10,3102.1162109375
2010-08-11,3103.7646484375
2010-08-12,3077.57421875
2010-08-13,3110.9072265625
2010-08-16,3076.704345703125
2010-08-17,3083.343505859375
2010-08-18,3055.5048828125
2010-08-19,3103.398193359375
2010-08-20,3084.53369140625
2010-08-23,3086.960205078125
2010-08-24,3179.541748046875
2010-08-25,3152.389892578125
2010-08-26,3136.410400390625
2010-08-27,3115.302734375
2010-08-30,3106.511962890625
2010-08-31,3035.7705078125
2010-09-01,3033.4814453125
2010-09-02,3173.269287109375
2010-09-03,3165.485107421875
2010-09-06,3359.897216796875
2010-09-07,3437.9638671875
2010-09-08,3533.567138671875
2010-09-09,3508.429931640625
2010-09-13,3482.148193359375
2010-09-14,3470.976318359375
2010-09-15,3479.905029296875
2010-09-16,3389.15478515625
2010-09-17,3408.385498046875
2010-09-20,3393.230224609375
2010-09-21,3290.11767578125
2010-09-22,3297.214599609375
2010-09-23,3296.89404296875
2010-09-24,3296.665283203125
2010-09-27,3391.30712890625
2010-09-28,3474.135498046875
2010-09-29,3493.823974609375
2010-09-30,3631.047607421875
2010-10-01,3662.549072265625
2010-10-04,3618.27294921875
2010-10-05,3596.66162109375
2010-10-06,3590.9384765625
2010-10-07,3594.4638671875
2010-10-08,3584.665283203125
2010-10-11,3600.691162109375
2010-10-12,3565.343505859375
2010-10-13,3562.3671875
2010-10-14,3517.49560546875
2010-10-15,3550.69140625
2010-10-18,3527.614990234375
2010-10-19,3525.60009765625
2010-10-20,3472.35009765625
2010-10-21,3437.8720703125
2010-10-22,3464.932373046875
2010-10-25,3481.32421875
2010-10-26,3491.94677734375
2010-10-27,3492.9541015625
2010-10-28,3868.407470703125
2010-10-29,3539.382080078125
2010-11-01,3618.4560546875
2010-11-02,3599.2255859375
2010-11-03,3612.1376953125
2010-11-04,3588.23681640625
2010-11-08,3616.395751953125
2010-11-09,3575.095947265625
2010-11-10,3618.730712890625
2010-11-11,3561.130859375
2010-11-12,3482.423095703125
2010-11-15,3572.440185546875
2010-11-16,3516.80908203125
2010-11-18,3448.76953125
2010-11-19,3393.4130859375
2010-11-22,3453.2568359375
2010-11-23,3421.801025390625
2010-11-24,3463.329833984375
2010-11-25,3434.94189453125
2010-11-26,3308.157470703125
2010-11-29,3294.604736328125
2010-11-30,3295.749267578125
2010-12-01,3353.48681640625
2010-12-02,3380.272216796875
2010-12-03,3283.524169921875
2010-12-06,3237.6455078125
2010-12-07,3215.1640625
2010-12-08,3206.739501953125
2010-12-09,3123.819091796875
2010-12-10,3169.23974609375
2010-12-13,3185.08203125
2010-12-14,3228.304931640625
2010-12-15,3229.90771484375
2010-12-16,3189.84423828125
2010-12-20,3212.005126953125
2010-12-21,3268.872314453125
2010-12-22,3345.062255859375
2010-12-23,3317.45263671875
2010-12-24,3358.660888671875
2010-12-27,3356.1884765625
2010-12-28,3298.313720703125
2010-12-29,3383.20263671875
2010-12-30,3330.455810546875
2010-12-31,3334.531005859375
2011-01-03,3359.439208984375
2011-01-04,3315.987548828125
2011-01-05,3312.23291015625
2011-01-06,3342.91015625
2011-01-07,3323.35888671875
2011-01-10,3241.217041015625
2011-01-11,3309.027587890625
2011-01-12,3343.00146484375
2011-01-13,3398.495361328125
2011-01-14,3391.078125
2011-01-17,3390.07080078125
2011-01-18,3384.6220703125
2011-01-19,3415.482421875
2011-01-20,3375.097900390625
2011-01-21,3401.975341796875
2011-01-24,3362.5986328125
2011-01-25,3379.310791015625
2011-01-27,3356.234130859375
2011-01-28,3295.749267578125
2011-01-31,3199.917236328125
2011-02-01,3189.4775390625
2011-02-02,3186.776123046875
2011-02-03,3200.97021484375
2011-02-04,3181.9228515625
2011-02-07,3097.445556640625
2011-02-08,3003.8115234375
2011-02-09,2918.46435546875
2011-02-10,2864.389892578125
2011-02-11,3009.8095703125
2011-02-14,3068.05078125
2011-02-15,3055.459228515625
2011-02-16,3042.318359375
2011-02-17,3059.71728515625
2011-02-18,3029.406005859375
2011-02-21,3044.69921875
2011-02-22,3055.3671875
2011-02-23,3051.5673828125
2011-02-24,3021.027099609375
2011-02-25,3010.770751953125
2011-02-28,3006.421630859375
2011-03-01,3023.682861328125
2011-03-03,3016.906494140625
2011-03-04,2943.09765625
2011-03-07,2934.90185546875
2011-03-08,2944.059326171875
2011-03-09,2975.332275390625
2011-03-10,3017.913818359375
2011-03-11,2953.26220703125
2011-03-14,2958.802978515625
2011-03-15,2981.3759765625
2011-03-16,3012.602294921875
2011-03-17,2985.3134765625
2011-03-18,2957.841064453125
2011-03-21,2915.854248046875
2011-03-22,2966.540771484375
2011-03-23,2954.54443359375
2011-03-24,3023.041748046875
2011-03-25,3027.758056640625
2011-03-28,3039.525146484375
2011-03-29,3067.180419921875
2011-03-30,3045.75244140625
2011-03-31,3081.191650390625
2011-04-01,3111.227783203125
2011-04-04,3185.1279296875
2011-04-05,3169.28564453125
2011-04-06,3166.35546875
2011-04-07,3215.210205078125
2011-04-08,3336.31689453125
2011-04-11,3379.722900390625
2011-04-13,3388.376220703125
2011-04-15,3355.54736328125
2011-04-18,3362.369384765625
2011-04-19,3377.067138671875
2011-04-20,3447.35009765625
2011-04-21,3452.341064453125
2011-04-25,3592.77001953125
2011-04-26,3547.806884765625
2011-04-27,3646.523681640625
2011-04-28,3839.01220703125
2011-04-29,3761.12890625
2011-05-02,3675.552490234375
2011-05-03,3735.99169921875
2011-05-04,3761.99853515625
2011-05-05,3660.53466796875
2011-05-06,3622.53125
2011-05-09,3608.795166015625
2011-05-10,3638.556884765625
2011-05-11,3603.255126953125
2011-05-12,3587.00048828125
2011-05-13,3655.498046875
2011-05-16,3638.739990234375
2011-05-17,3603.666748046875
2011-05-18,3566.030029296875
2011-05-19,3563.32861328125
2011-05-20,3632.69580078125
2011-05-23,3579.720703125
2011-05-24,3582.925537109375
2011-05-25,3587.412841796875
2011-05-26,3584.940185546875
2011-05-27,3572.89794921875
2011-05-30,3567.312255859375
2011-05-31,3598.767578125
2011-06-01,3628.117431640625
2011-06-02,3655.452392578125
2011-06-03,3645.561767578125
2011-06-06,3617.586181640625
2011-06-07,3652.246826171875
2011-06-08,3656.230224609375
2011-06-09,3684.984619140625
2011-06-10,3648.44677734375
2011-06-13,3662.961181640625
2011-06-14,3666.94482421875
2011-06-15,3664.197509765625
2011-06-16,3674.728515625
2011-06-17,3596.157958984375
2011-06-20,3586.496826171875
2011-06-21,3636.313232421875
2011-06-22,3592.26611328125
2011-06-23,3600.095703125
2011-06-24,3630.040283203125
2011-06-27,3644.78369140625
2011-06-28,3661.175537109375
2011-06-29,3651.19384765625
2011-06-30,3834.479248046875
2011-07-01,3832.14404296875
2011-07-04,3889.469970703125
2011-07-05,3883.74609375
2011-07-06,3786.311767578125
2011-07-07,3823.170166015625
2011-07-08,3791.39404296875
2011-07-11,3801.0546875
2011-07-12,3801.604248046875
2011-07-13,3801.192138671875
2011-07-14,3803.52734375
2011-07-15,3816.30224609375
2011-07-18,3798.353515625
2011-07-19,3824.31494140625
2011-07-20,3800.047607421875
2011-07-21,3826.604248046875
2011-07-22,4129.7138671875
2011-07-25,4147.11376953125
2011-07-26,4103.9814453125
2011-07-27,4136.26171875
2011-07-28,4250.087890625
2011-07-29,4121.9306640625
2011-08-01,4117.35205078125
2011-08-02,4112.40673828125
2011-08-03,4097.15966796875
2011-08-04,4001.326904296875
2011-08-05,3926.92333984375
2011-08-08,3845.880126953125
2011-08-09,3857.281494140625
2011-08-10,4061.85791015625
2011-08-11,4233.7880859375
2011-08-12,4247.4775390625
2011-08-16,4256.58935546875
2011-08-17,4192.2587890625
2011-08-18,4191.75537109375
2011-08-19,4391.61572265625
2011-08-22,4175.77587890625
2011-08-23,4393.859375
2011-08-24,4335.2060546875
2011-08-25,4267.67041015625
2011-08-26,4129.2099609375
2011-08-29,4211.4892578125
2011-08-30,4214.78662109375
2011-09-02,4204.8505859375
2011-09-05,4169.9609375
2011-09-06,4147.70849609375
2011-09-07,4207.41455078125
2011-09-08,4171.2431640625
2011-09-09,4097.3427734375
2011-09-12,3975.2744140625
2011-09-13,4019.18408203125
2011-09-14,4009.706298828125
2011-09-15,3993.9560546875
2011-09-16,4051.280517578125
2011-09-19,3993.90966796875
2011-09-20,3988.96484375
2011-09-21,3950.3662109375
2011-09-22,3917.720458984375
2011-09-23,3849.54345703125
2011-09-26,3860.531982421875
2011-09-27,3853.709716796875
2011-09-28,3855.31201171875
2011-09-29,3822.11669921875
2011-09-30,3806.182861328125
2011-10-03,3775.002197265625
2011-10-04,3719.599853515625
2011-10-05,3846.337890625
2011-10-07,3867.49169921875
2011-10-10,3896.291748046875
2011-10-11,3903.801025390625
2011-10-12,3910.02783203125
2011-10-13,3949.1298828125
2011-10-14,3901.466064453125
2011-10-17,3988.36962890625
2011-10-18,3946.840576171875
2011-10-19,3937.683349609375
2011-10-20,3901.83203125
2011-10-21,3980.128173828125
2011-10-24,3983.4248046875
2011-10-25,3937.683349609375
2011-10-28,3903.6171875
2011-10-31,3910.302734375
2011-11-01,3781.8701171875
2011-11-02,3837.135009765625
2011-11-03,3998.122314453125
2011-11-04,4071.7021484375
2011-11-08,4048.625244140625
2011-11-09,3952.656005859375
2011-11-11,3799.315185546875
2011-11-14,3796.15576171875
2011-11-15,3800.963623046875
2011-11-16,3778.939697265625
2011-11-17,3846.154541015625
2011-11-18,3780.40478515625
2011-11-21,3718.8671875
2011-11-22,3629.17041015625
2011-11-23,3437.322998046875
2011-11-24,3456.64501953125
2011-11-25,3477.02001953125
2011-11-28,3491.397216796875
2011-11-29,3493.365966796875
2011-11-30,3493.18310546875
2011-12-01,3477.615478515625
2011-12-02,3512.459228515625
2011-12-05,3393.3671875
2011-12-07,3382.836181640625
2011-12-08,3330.547607421875
2011-12-09,3339.613037109375
2011-12-12,3300.602783203125
2011-12-13,3322.07666015625
2011-12-14,3287.873779296875
2011-12-15,3287.873779296875
2011-12-16,3234.623779296875
2011-12-19,3171.4833984375
2011-12-20,3199.77978515625
2011-12-21,3186.95947265625
2011-12-22,3225.969970703125
2011-12-23,3320.474365234375
2011-12-26,3369.92431640625
2011-12-27,3320.474365234375
2011-12-28,3360.766845703125
2011-12-29,3342.4521484375
2011-12-30,3245.429443359375
2012-01-02,3159.5791015625
2012-01-03,3166.721435546875
2012-01-04,3202.527099609375
2012-01-05,3302.48046875
2012-01-06,3328.029052734375
2012-01-09,3390.253662109375
2012-01-10,3371.11474609375
2012-01-11,3388.2392578125
2012-01-12,3365.345703125
2012-01-13,3345.565673828125
2012-01-16,3275.69482421875
2012-01-17,3290.2548828125
2012-01-18,3325.144775390625
2012-01-19,3331.692138671875
2012-01-20,3352.29638671875
2012-01-23,3389.795654296875
2012-01-24,3406.324951171875
2012-01-25,3395.107177734375
2012-01-27,3407.332275390625
2012-01-30,3468.183349609375
2012-01-31,3294.604736328125
2012-02-01,3160.95263671875
2012-02-02,3156.968505859375
2012-02-03,3220.7958984375
2012-02-06,3401.19677734375
2012-02-07,3416.2607421875
2012-02-08,3411.59033203125
2012-02-09,3446.11376953125
2012-02-10,3446.52587890625
2012-02-13,3478.439697265625
2012-02-14,3622.71484375
2012-02-15,3553.896484375
2012-02-16,3564.88525390625
2012-02-17,3464.97802734375
2012-02-21,3460.307861328125
2012-02-22,3442.038818359375
2012-02-23,3434.026123046875
2012-02-24,3479.905029296875
2012-02-27,3509.025390625
2012-02-28,3502.935546875
2012-02-29,3479.81298828125
2012-03-01,3511.726806640625
2012-03-02,3479.81298828125
2012-03-05,3613.55712890625
2012-03-06,3699.224609375
2012-03-07,3657.512451171875
2012-03-09,3583.42919921875
2012-03-12,3600.27880859375
2012-03-13,3612.595703125
2012-03-14,3584.894287109375
2012-03-15,3463.146728515625
2012-03-16,3508.2470703125
2012-03-19,3454.172607421875
2012-03-20,3442.267822265625
2012-03-21,3461.498291015625
2012-03-22,3445.335693359375
2012-03-23,3431.69091796875
2012-03-26,3410.217041015625
2012-03-27,3406.050048828125
2012-03-28,3364.704833984375
2012-03-29,3343.41357421875
2012-03-30,3349.2744140625
2012-04-02,3444.328125
2012-04-03,3660.809326171875
2012-04-04,3655.909912109375
2012-04-09,3824.543701171875
2012-04-10,3877.3359375
2012-04-11,3881.45703125
2012-04-12,4003.387451171875
2012-04-13,4032.370849609375
2012-04-16,4074.723876953125
2012-04-17,4017.947509765625
2012-04-18,3893.26953125
2012-04-19,3973.3974609375
2012-04-20,3930.541015625
2012-04-23,3717.5849609375
2012-04-24,3669.966796875
2012-04-25,3630.177490234375
2012-04-26,3679.67333984375
2012-04-27,3633.840576171875
2012-04-30,3740.75341796875
2012-05-02,3647.53076171875
2012-05-03,3629.032958984375
2012-05-04,3567.632568359375
2012-05-07,3434.072021484375
2012-05-08,3541.900390625
2012-05-09,3415.986083984375
2012-05-10,3401.0595703125
2012-05-11,3415.71142578125
2012-05-14,3389.063232421875
2012-05-15,3354.814697265625
2012-05-16,3316.490966796875
2012-05-17,3338.102294921875
2012-05-18,3313.239990234375
2012-05-21,3385.354736328125
2012-05-22,3297.672607421875
2012-05-23,3299.412353515625
2012-05-24,3315.48388671875
2012-05-25,3247.90185546875
2012-05-28,3305.639404296875
2012-05-29,3310.721923828125
2012-05-30,3307.8828125
2012-05-31,3287.736328125
2012-06-01,3258.157958984375
2012-06-04,3255.4111328125
2012-06-05,3267.22412109375
2012-06-06,3399.13623046875
2012-06-07,3355.455322265625
2012-06-08,3347.2138671875
2012-06-11,3355.73046875
2012-06-12,3354.0361328125
2012-06-13,3385.812744140625
2012-06-14,3342.4521484375
2012-06-15,3316.032958984375
2012-06-18,3370.38232421875
2012-06-19,3386.361572265625
2012-06-20,3368.77978515625
2012-06-21,3388.147705078125
2012-06-22,3348.038330078125
2012-06-25,3412.8720703125
2012-06-26,3426.196533203125
2012-06-27,3437.68896484375
2012-06-28,3421.297607421875
2012-06-29,3560.26123046875
2012-07-02,3677.063720703125
2012-07-03,3643.776611328125
2012-07-04,3597.07373046875
2012-07-05,3622.5771484375
2012-07-06,3660.44287109375
2012-07-09,3545.9296875
2012-07-10,3622.027587890625
2012-07-11,3616.5791015625
2012-07-12,3600.095703125
2012-07-13,3555.544677734375
2012-07-16,3623.58447265625
2012-07-17,3556.50634765625
2012-07-18,3571.38720703125
2012-07-19,3598.218505859375
2012-07-20,3571.38720703125
2012-07-23,3517.17529296875
2012-07-24,3502.70654296875
2012-07-25,3532.51416015625
2012-07-26,3480.36279296875
2012-07-27,3457.1025390625
2012-07-30,3428.6689453125
2012-07-31,3384.89697265625
2012-08-01,3425.37255859375
2012-08-02,3448.8154296875
2012-08-03,3434.026123046875
2012-08-06,3435.353759765625
2012-08-07,3480.912109375
2012-08-08,3507.28515625
2012-08-09,3525.96630859375
2012-08-10,3541.579833984375
2012-08-13,3563.924072265625
2012-08-14,3578.25537109375
2012-08-16,3569.326904296875
2012-08-17,3617.677978515625
2012-08-21,3650.552978515625
2012-08-22,3614.930908203125
2012-08-23,3618.410400390625
2012-08-24,3677.521240234375
2012-08-27,3791.531005859375
2012-08-28,3834.891357421875
2012-08-29,3804.946533203125
2012-08-30,3769.232666015625
2012-08-31,3706.458984375
2012-09-03,3689.9296875
2012-09-04,3695.01220703125
2012-09-05,3708.656494140625
2012-09-06,3696.8896484375
2012-09-07,3705.5888671875
2012-09-10,3711.358154296875
2012-09-11,3751.46728515625
2012-09-12,3754.351806640625
2012-09-13,3704.947998046875
2012-09-14,3709.6640625
2012-09-17,3748.9951171875
2012-09-18,3744.6455078125
2012-09-20,3768.04248046875
2012-09-21,3759.434326171875
2012-09-24,3755.49658203125
2012-09-25,3773.0791015625
2012-09-26,3742.172607421875
2012-09-27,3712.136474609375
2012-09-28,3706.321533203125
2012-10-01,3678.3916015625
2012-10-03,3797.345947265625
2012-10-04,3715.02099609375
2012-10-05,3709.389404296875
2012-10-08,3652.246826171875
2012-10-09,3680.864013671875
2012-10-10,3682.100341796875
2012-10-11,3613.877685546875
2012-10-12,3573.447509765625
2012-10-15,3607.604736328125
2012-10-16,3585.39794921875
2012-10-17,3589.7021484375
2012-10-18,3602.8427734375
2012-10-19,3574.3173828125
2012-10-22,3571.158203125
2012-10-23,3559.482177734375
2012-10-25,3522.761474609375
2012-10-29,3494.968505859375
2012-10-30,3492.999755859375
2012-10-31,3512.459228515625
2012-11-01,3498.127685546875
2012-11-02,3499.959228515625
2012-11-05,3523.035888671875
2012-11-06,3431.78271484375
2012-11-07,3410.90380859375
2012-11-08,3429.447509765625
2012-11-09,3476.608154296875
2012-11-12,3479.401123046875
2012-11-15,3404.722412109375
2012-11-16,3379.402587890625
2012-11-19,3380.958984375
2012-11-20,3360.583740234375
2012-11-21,3381.7373046875
2012-11-22,3448.952880859375
2012-11-23,3388.2392578125
2012-11-26,3513.787109375
2012-11-27,3654.44482421875
2012-11-29,3686.03759765625
2012-11-30,3769.278564453125
2012-12-03,3701.513916015625
2012-12-04,3646.11181640625
2012-12-05,3586.313720703125
2012-12-06,3660.763671875
2012-12-07,3645.470703125
2012-12-10,3662.686279296875
2012-12-11,3642.906494140625
2012-12-12,3662.961181640625
2012-12-13,3657.78759765625
2012-12-14,3659.66455078125
2012-12-17,3662.869873046875
2012-12-18,3637.320556640625
2012-12-19,3655.8642578125
2012-12-20,3662.228759765625
2012-12-21,3662.640625
2012-12-24,3661.083984375
2012-12-26,3660.809326171875
2012-12-27,3663.098388671875
2012-12-28,3662.869873046875
2012-12-31,3719.3251953125
2013-01-01,3828.527099609375
2013-01-02,3843.270263671875
2013-01-03,3834.43359375
2013-01-04,3800.276611328125
2013-01-07,3802.199462890625
2013-01-08,3754.855712890625
2013-01-09,3736.312255859375
2013-01-10,3745.377685546875
2013-01-11,3754.53515625
2013-01-14,3732.969482421875
2013-01-15,3709.481201171875
2013-01-16,3641.349609375
2013-01-17,3695.33251953125
2013-01-18,3682.832763671875
2013-01-21,3662.961181640625
2013-01-22,3639.289306640625
2013-01-23,3609.8486328125
2013-01-24,3619.097412109375
2013-01-25,3681.9169921875
2013-01-28,3703.986572265625
2013-01-29,3617.219970703125
2013-01-30,3619.92138671875
2013-01-31,3627.659423828125
2013-02-01,3599.958251953125
2013-02-04,3610.4892578125
2013-02-05,3587.00048828125
2013-02-06,3605.2236328125
2013-02-07,3566.80859375
2013-02-08,3540.2060546875
2013-02-11,3500.509033203125
2013-02-12,3516.44287109375
2013-02-13,3525.60009765625
2013-02-14,3509.529052734375
2013-02-15,3493.640869140625
2013-02-18,3521.525146484375
2013-02-19,3498.2197265625
2013-02-20,3509.849609375
2013-02-21,3476.1044921875
2013-02-22,3420.564697265625
2013-02-25,3474.7763671875
2013-02-26,3341.353515625
2013-02-27,3277.98388671875
2013-02-28,3224.550537109375
2013-03-01,3285.21875
2013-03-04,3296.7109375
2013-03-05,3302.52587890625
2013-03-06,3239.248291015625
2013-03-07,3348.678955078125
2013-03-08,3427.112060546875
2013-03-11,3277.892333984375
2013-03-12,3293.185302734375
2013-03-13,3282.92919921875
2013-03-14,3206.32763671875
2013-03-15,3098.4990234375
2013-03-18,3105.412841796875
2013-03-19,3123.17822265625
2013-03-20,3155.961669921875
2013-03-21,3204.26708984375
2013-03-22,3224.596435546875
2013-03-25,3308.98193359375
2013-03-26,3375.8310546875
2013-03-28,3439.978271484375
2013-04-01,3386.911376953125
2013-04-02,3388.2392578125
2013-04-03,3331.188720703125
2013-04-04,3169.423095703125
2013-04-05,3199.688232421875
2013-04-08,3159.71630859375
2013-04-09,3129.90869140625
2013-04-10,3091.081298828125
2013-04-11,3127.7568359375
2013-04-12,3107.198486328125
2013-04-15,3107.15283203125
2013-04-16,3072.079833984375
2013-04-17,3118.23291015625
2013-04-18,3114.478515625
2013-04-22,3203.2138671875
2013-04-23,3255.227783203125
2013-04-25,3171.208740234375
2013-04-26,3184.53271484375
2013-04-29,3253.991455078125
2013-04-30,3233.7998046875
2013-05-02,3213.607421875
2013-05-03,3232.609130859375
2013-05-06,3247.6728515625
2013-05-07,3280.41064453125
2013-05-08,3295.749267578125
2013-05-09,3321.5732421875
2013-05-10,3368.0927734375
2013-05-13,3343.23046875
2013-05-14,3343.23046875
2013-05-15,3414.75
2013-05-16,3405.409423828125
2013-05-17,3360.904296875
2013-05-20,3420.83984375
2013-05-21,3397.396484375
2013-05-22,3407.01171875
2013-05-23,3336.408447265625
2013-05-24,3276.381591796875
2013-05-27,3303.8994140625
2013-05-28,3285.90478515625
2013-05-29,3251.06103515625
2013-05-30,3280.502197265625
2013-05-31,3289.614013671875
2013-06-03,3317.45263671875
2013-06-04,3224.321533203125
2013-06-05,3229.404052734375
2013-06-06,3174.6884765625
2013-06-07,3209.806884765625
2013-06-10,3210.264892578125
2013-06-11,3247.031982421875
2013-06-12,3188.65380859375
2013-06-13,3215.43896484375
2013-06-14,3217.224609375
2013-06-17,3232.013671875
2013-06-18,3237.553955078125
2013-06-19,3218.826904296875
2013-06-20,3185.310791015625
2013-06-21,3153.21435546875
2013-06-24,3123.086669921875
2013-06-25,3099.002685546875
2013-06-26,3148.26953125
2013-06-27,3145.56787109375
2013-06-28,3182.197509765625
2013-07-01,3229.083740234375
2013-07-02,3258.982421875
2013-07-03,3207.83837890625
2013-07-04,3227.984375
2013-07-05,3164.47802734375
2013-07-08,3192.499755859375
2013-07-09,3176.3369140625
2013-07-10,3218.0029296875
2013-07-11,3137.4638671875
2013-07-12,3201.38232421875
2013-07-15,3193.140380859375
2013-07-16,3146.575439453125
2013-07-17,3181.556396484375
2013-07-18,3149.45947265625
2013-07-19,3197.76513671875
2013-07-22,3147.26220703125
2013-07-23,3130.137451171875
2013-07-24,3150.558837890625
2013-07-25,3156.510986328125
2013-07-26,3156.87744140625
2013-07-29,3168.46142578125
2013-07-30,3213.10400390625
2013-07-31,3151.0166015625
2013-08-01,3164.38623046875
2013-08-02,3150.146484375
2013-08-05,3147.857421875
2013-08-06,3122.537109375
2013-08-07,3118.049560546875
2013-08-08,3117.500732421875
2013-08-12,3101.154541015625
2013-08-13,3105.962158203125
2013-08-14,3105.321044921875
2013-08-16,3102.1162109375
2013-08-19,3059.442626953125
2013-08-20,3049.41552734375
2013-08-21,3054.314453125
2013-08-22,3042.18115234375
2013-08-23,3021.98876953125
2013-08-26,3031.100341796875
2013-08-27,2939.34326171875
2013-08-28,2840.53466796875
2013-08-29,2756.286865234375
2013-08-30,2732.843994140625
2013-09-02,2798.044677734375
2013-09-03,2747.49560546875
2013-09-04,2830.32421875
2013-09-05,2767.458740234375
2013-09-06,2750.4716796875
2013-09-10,2820.022216796875
2013-09-11,2842.320556640625
2013-09-12,2836.96337890625
2013-09-13,2746.854736328125
2013-09-16,2723.869384765625
2013-09-17,2798.41064453125
2013-09-18,2812.7421875
2013-09-19,2852.531005859375
2013-09-20,2829.637451171875
2013-09-23,2805.370361328125
2013-09-24,2806.194580078125
2013-09-25,2860.4521484375
2013-09-26,2847.54052734375
2013-09-27,2842.4580078125
2013-09-30,2784.262451171875
2013-10-01,2771.808349609375
2013-10-03,2763.704345703125
2013-10-04,2825.837158203125
2013-10-07,2784.262451171875
2013-10-08,2826.249267578125
2013-10-09,2811.32275390625
2013-10-10,2829.637451171875
2013-10-11,2811.32275390625
2013-10-14,2823.227294921875
2013-10-15,2847.952392578125
2013-10-17,2843.373779296875
2013-10-18,2876.34033203125
2013-10-21,2892.823486328125
2013-10-22,2934.947509765625
2013-10-23,2934.215087890625
2013-10-24,2954.08642578125
2013-10-25,3027.62060546875
2013-10-28,2996.30224609375
2013-10-29,2976.247802734375
2013-10-30,3041.036376953125
2013-10-31,3031.146240234375
2013-11-01,2984.397705078125
2013-11-05,3021.94287109375
2013-11-06,3021.94287109375
2013-11-07,2985.3134765625
2013-11-08,2925.927490234375
2013-11-11,2888.9775390625
2013-11-12,2891.221435546875
2013-11-13,2930.3232421875
2013-11-14,2908.528564453125
2013-11-18,2847.81494140625
2013-11-19,2916.6328125
2013-11-20,2912.05419921875
2013-11-21,2933.573974609375
2013-11-22,2969.058837890625
2013-11-25,2984.67236328125
2013-11-26,2969.379638671875
2013-11-27,2966.99853515625
2013-11-28,2985.267578125
2013-11-29,3027.529296875
2013-12-02,3093.2333984375
2013-12-03,3127.802734375
2013-12-04,3090.348876953125
2013-12-05,3111.86865234375
2013-12-06,3118.32470703125
2013-12-09,3154.3134765625
2013-12-10,3159.62451171875
2013-12-11,3156.098876953125
2013-12-12,3165.8515625
2013-12-13,3163.012939453125
2013-12-16,3146.02587890625
2013-12-17,3134.350341796875
2013-12-18,3189.5234375
2013-12-19,3226.748046875
2013-12-20,3312.3701171875
2013-12-23,3313.28564453125
2013-12-24,3292.910400390625
2013-12-26,3355.226806640625
2013-12-27,3336.31689453125
2013-12-30,3326.15185546875
2013-12-31,3342.4521484375
2014-01-01,3324.869873046875
2014-01-02,3302.068115234375
2014-01-03,3332.37890625
2014-01-06,3237.050537109375
2014-01-07,3424.86865234375
2014-01-08,3360.675048828125
2014-01-09,3370.107421875
2014-01-10,3381.096435546875
2014-01-13,3279.31201171875
2014-01-14,3294.970947265625
2014-01-15,3318.322265625
2014-01-16,3312.827880859375
2014-01-17,3323.908203125
2014-01-20,3324.96142578125
2014-01-21,3305.822509765625
2014-01-22,3426.60888671875
2014-01-23,3340.620361328125
2014-01-24,3345.062255859375
2014-01-27,3324.412109375
2014-01-28,3308.6611328125
2014-01-29,3296.298828125
2014-01-30,3296.665283203125
2014-01-31,3305.822509765625
2014-02-03,3322.90087890625
2014-02-04,3418.550537109375
2014-02-05,3393.779296875
2014-02-06,3361.224853515625
2014-02-07,3377.2041015625
2014-02-10,3388.2392578125
2014-02-11,3387.32373046875
2014-02-12,3365.345703125
2014-02-13,3370.015869140625
2014-02-14,3394.878173828125
2014-02-17,3388.2392578125
2014-02-18,3388.2392578125
2014-02-19,3351.609375
2014-02-20,3402.1123046875
2014-02-21,3379.035888671875
2014-02-24,3326.15185546875
2014-02-25,3347.07666015625
2014-02-26,3387.55224609375
2014-02-28,3364.75048828125
2014-03-03,3340.620361328125
2014-03-04,3362.552734375
2014-03-05,3369.787109375
2014-03-06,3369.92431640625
2014-03-07,3428.43994140625
2014-03-10,3369.83251953125
2014-03-11,3421.480712890625
2014-03-12,3384.576171875
2014-03-13,3391.3525390625
2014-03-14,3282.654052734375
2014-03-18,3300.09912109375
2014-03-19,3307.6083984375
2014-03-20,3268.82666015625
2014-03-21,3267.91064453125
2014-03-24,3330.95947265625
2014-03-25,3266.94921875
2014-03-26,3307.974853515625
2014-03-27,3333.294921875
2014-03-28,3307.24169921875
2014-03-31,3230.319580078125
2014-04-01,3285.90478515625
2014-04-02,3334.4853515625
2014-04-03,3333.294921875
2014-04-04,3311.40869140625
2014-04-07,3347.031005859375
2014-04-09,3410.079833984375
2014-04-10,3422.3046875
2014-04-11,3447.533447265625
2014-04-15,3449.456298828125
2014-04-16,3428.85205078125
2014-04-17,3412.002685546875
2014-04-21,3436.17822265625
2014-04-22,3411.1328125
2014-04-23,3420.2900390625
2014-04-24,3420.2900390625
2014-04-25,3434.117919921875
2014-04-28,3418.6416015625
2014-04-29,3551.561279296875
2014-04-30,3437.36865234375
2014-05-02,3426.7001953125
2014-05-05,3434.026123046875
2014-05-06,3555.819580078125
2014-05-07,3470.884765625
2014-05-08,3451.654296875
2014-05-09,3481.827880859375
2014-05-12,3517.266845703125
2014-05-13,3541.030517578125
2014-05-14,3525.60009765625
2014-05-15,3549.638427734375
2014-05-16,3579.949462890625
2014-05-19,3543.502685546875
2014-05-20,3580.544677734375
2014-05-21,3650.598876953125
2014-05-22,3779.947265625
2014-05-23,3797.1171875
2014-05-26,3655.726806640625
2014-05-27,3680.3603515625
2014-05-28,3796.29296875
2014-05-29,3838.64599609375
2014-05-30,4025.639892578125
2014-06-02,3979.2119140625
2014-06-03,3950.458251953125
2014-06-04,4032.096435546875
2014-06-05,3992.21533203125
2014-06-06,4022.1142578125
2014-06-09,4192.85498046875
2014-06-10,4211.6728515625
2014-06-11,4170.55615234375
2014-06-12,4227.92724609375
2014-06-13,4227.5146484375
2014-06-16,4205.21728515625
2014-06-17,4118.26806640625
2014-06-18,4017.673828125
2014-06-19,4037.54443359375
2014-06-20,4095.236328125
2014-06-23,4066.8486328125
2014-06-24,4091.52783203125
2014-06-25,4120.64794921875
2014-06-26,4059.796875
2014-06-27,4109.01806640625
2014-06-30,4121.6552734375
2014-07-01,4131.13330078125
2014-07-02,4348.11865234375
2014-07-03,4322.38623046875
2014-07-04,4412.95263671875
2014-07-07,4744.08447265625
2014-07-08,4518.03369140625
2014-07-09,4467.9423828125
2014-07-10,4437.6318359375
2014-07-11,4442.3486328125
2014-07-14,4296.1953125
2014-07-15,4340.38037109375
2014-07-16,4364.83056640625
2014-07-17,4391.66162109375
2014-07-18,4359.42724609375
2014-07-21,4379.11572265625
2014-07-22,4385.98388671875
2014-07-23,4397.15625
2014-07-24,4526.45849609375
2014-07-25,4429.4814453125
2014-07-28,4419.728515625
2014-07-30,4442.02685546875
2014-07-31,4490.1953125
2014-08-01,4496.193359375
2014-08-04,4955.8037109375
2014-08-05,4957.2685546875
2014-08-06,4785.8427734375
2014-08-07,4935.01611328125
2014-08-08,4917.0224609375
2014-08-11,4878.4697265625
2014-08-12,4952.64404296875
2014-08-13,4880.89599609375
2014-08-14,4948.56884765625
2014-08-18,5007.359375
2014-08-19,5035.060546875
2014-08-20,5209.50927734375
2014-08-21,5403.2802734375
2014-08-22,5532.44482421875
2014-08-25,5437.62060546875
2014-08-26,5360.65234375
2014-08-27,5423.3349609375
2014-08-28,5411.97900390625
2014-09-01,5517.7021484375
2014-09-02,5524.02001953125
2014-09-03,5433.408203125
2014-09-04,5424.021484375
2014-09-05,5466.1455078125
2014-09-08,5510.146484375
2014-09-09,5442.88623046875
2014-09-10,5511.2001953125
2014-09-11,5782.3505859375
2014-09-12,5854.41943359375
2014-09-15,5826.4892578125
2014-09-16,5647.599609375
2014-09-17,5524.66064453125
2014-09-18,5632.5810546875
2014-09-19,5852.587890625
2014-09-22,5985.0498046875
2014-09-23,5861.470703125
2014-09-24,5828.27490234375
2014-09-25,5725.529296875
2014-09-26,5703.64306640625
2014-09-29,5807.39599609375
2014-09-30,5766.5537109375
2014-10-01,5813.53125
2014-10-07,5711.28857421875
2014-10-08,5665.27294921875
2014-10-09,5725.025390625
2014-10-10,5647.18701171875
2014-10-13,5621.958984375
2014-10-14,5555.43017578125
2014-10-15,5555.43017578125
2014-10-16,5451.4482421875
2014-10-17,5448.7001953125
2014-10-20,5460.01025390625
2014-10-21,5449.982421875
2014-10-22,5492.47314453125
2014-10-27,5665.6396484375
2014-10-28,5647.73681640625
2014-10-29,5573.14990234375
2014-10-30,5564.908203125
2014-10-31,5677.40673828125
2014-11-03,5731.5732421875
2014-11-05,5595.9521484375
2014-11-07,5723.193359375
2014-11-10,5719.53076171875
2014-11-11,5769.16357421875
2014-11-12,5764.630859375
2014-11-13,5972.6875
2014-11-14,6046.63330078125
2014-11-17,6088.43701171875
2014-11-18,6038.2080078125
2014-11-19,5980.56298828125
2014-11-20,5937.52294921875
2014-11-21,5941.3232421875
2014-11-24,5870.765625
2014-11-25,5687.11328125
2014-11-26,5807.8994140625
2014-11-27,5806.84716796875
2014-11-28,5771.58984375
2014-12-01,5742.65380859375
2014-12-02,5677.681640625
2014-12-03,5856.708984375
2014-12-04,5901.80908203125
2014-12-05,6044.2978515625
2014-12-08,6046.587890625
2014-12-09,5839.81298828125
2014-12-10,5862.98193359375
2014-12-11,5807.48828125
2014-12-12,5729.83251953125
2014-12-15,5695.859375
2014-12-16,5655.611328125
2014-12-17,5506.62109375
2014-12-18,5645.5390625
2014-12-19,5773.0556640625
2014-12-22,5853.3203125
2014-12-23,6060.59814453125
2014-12-24,5837.1123046875
2014-12-26,5798.65087890625
2014-12-29,5893.52099609375
2014-12-30,5944.390625
2014-12-31,5906.57080078125
2015-01-01,5956.5244140625
2015-01-02,5946.31396484375
2015-01-05,5938.02587890625
2015-01-06,5799.38330078125
2015-01-07,5764.4931640625
2015-01-08,5947.59521484375
2015-01-09,5895.58154296875
2015-01-12,5869.20849609375
2015-01-13,5891.0029296875
2015-01-14,6053.45556640625
2015-01-15,6016.45947265625
2015-01-16,6012.705078125
2015-01-19,6084.59130859375
2015-01-20,6284.267578125
2015-01-21,6283.71875
2015-01-22,6299.9267578125
2015-01-23,6246.40185546875
2015-01-27,6438.982421875
2015-01-28,6351.529296875
2015-01-29,6365.72314453125
2015-01-30,6238.66357421875
2015-02-02,6331.33642578125
2015-02-03,6340.81494140625
2015-02-04,6351.666015625
2015-02-05,6213.39013671875
2015-02-06,6180.56005859375
2015-02-09,6028.54736328125
2015-02-10,6102.12744140625
2015-02-11,6323.59912109375
2015-02-12,6432.1142578125
2015-02-13,6502.2138671875
2015-02-16,6585.455078125
2015-02-18,7151.70263671875
2015-02-19,7388.46728515625
2015-02-20,7513.92333984375
2015-02-23,7406.8740234375
2015-02-24,7225.55712890625
2015-02-25,7127.29833984375
2015-02-26,7072.9033203125
2015-02-27,7139.52392578125
2015-03-02,7157.013671875
2015-03-03,7128.16796875
2015-03-04,7197.1689453125
2015-03-05,7416.306640625
2015-03-09,7237.00390625
2015-03-10,7205.5478515625
2015-03-11,7269.970703125
2015-03-12,7351.42626953125
2015-03-13,7304.310546875
2015-03-16,7350.09814453125
2015-03-17,7272.39697265625
2015-03-18,7369.6943359375
2015-03-19,7251.97607421875
2015-03-20,7063.33349609375
2015-03-23,7234.2568359375
2015-03-24,7151.01611328125
2015-03-25,7058.98388671875
2015-03-26,7218.3232421875
2015-03-27,7080.27490234375
2015-03-30,7357.24072265625
2015-03-31,7266.673828125
2015-04-01,7215.6669921875
2015-04-06,7458.1552734375
2015-04-07,7884.4326171875
2015-04-08,8515.240234375
2015-04-09,8514.3701171875
2015-04-10,8491.751953125
2015-04-13,8297.5234375
2015-04-15,8080.5390625
2015-04-16,7949.404296875
2015-04-17,8033.33203125
2015-04-20,7831.31982421875
2015-04-21,7605.13232421875
2015-04-22,7815.7060546875
2015-04-23,7737.13623046875
2015-04-24,7481.18603515625
2015-04-27,7053.30615234375
2015-04-28,7281.32568359375
2015-04-29,7293.64306640625
2015-04-30,7288.1484375
2015-05-04,7307.47021484375
2015-05-05,7332.1953125
2015-05-06,7066.3095703125
2015-05-07,6974.232421875
2015-05-08,7100.650390625
2015-05-11,7318.458984375
2015-05-12,7163.88232421875
2015-05-13,7096.16357421875
2015-05-14,7253.6240234375
2015-05-15,7428.2568359375
2015-05-18,7572.43994140625
2015-05-19,7406.8740234375
2015-05-20,7437.82568359375
2015-05-21,7411.865234375
2015-05-22,7518.45703125
2015-05-25,7430.72900390625
2015-05-26,7351.9755859375
2015-05-27,7324.13623046875
2015-05-28,7363.1015625
2015-05-29,7313.1484375
2015-06-01,8157.87255859375
2015-06-02,7958.423828125
2015-06-03,7893.36083984375
2015-06-04,7886.95068359375
2015-06-05,7766.6220703125
2015-06-08,7756.27490234375
2015-06-09,7604.58203125
2015-06-10,7770.60546875
2015-06-11,7618.73046875
2015-06-12,7513.3291015625
2015-06-15,7604.99462890625
2015-06-16,7538.51220703125
2015-06-17,7506.73583984375
2015-06-18,7582.970703125
2015-06-19,7579.720703125
2015-06-22,7710.8076171875
2015-06-23,7803.9384765625
2015-06-24,7699.4990234375
2015-06-25,7609.5732421875
2015-06-26,7599.59130859375
2015-06-29,7579.12451171875
2015-06-30,7629.30712890625
2015-07-01,7601.560546875
2015-07-02,7508.75
2015-07-03,7509.39111328125
2015-07-06,7599.271484375
2015-07-07,7532.7890625
2015-07-08,7523.12646484375
2015-07-09,7467.35888671875
2015-07-10,7417.17626953125
2015-07-13,7497.76025390625
2015-07-14,7503.7138671875
2015-07-15,7509.84814453125
2015-07-16,7502.111328125
2015-07-17,7582.7421875
2015-07-20,7566.44140625
2015-07-21,7578.16357421875
2015-07-22,7561.68017578125
2015-07-23,7564.24462890625
2015-07-24,7606.87109375
2015-07-27,7528.48486328125
2015-07-28,7533.2919921875
2015-07-29,7558.8408203125
2015-07-30,7702.6123046875
2015-07-31,7955.99658203125
2015-08-03,8328.384765625
2015-08-04,8619.1318359375
2015-08-05,9123.337890625
2015-08-06,9593.662109375
2015-08-07,9500.7587890625
2015-08-10,9624.9794921875
2015-08-11,9658.9091796875
2015-08-12,9225.80859375
2015-08-13,9116.46875
2015-08-14,9153.7861328125
2015-08-17,9523.4716796875
2015-08-18,9919.52734375
2015-08-19,10660.5
2015-08-20,11205.5947265625
2015-08-21,10925.9716796875
2015-08-24,9922.458984375
2015-08-25,9714.5400390625
2015-08-26,9448.6083984375
2015-08-27,9875.7099609375
2015-08-28,10105.0107421875
2015-08-31,9879.8759765625
2015-09-01,9414.3134765625
2015-09-02,9946.7265625
2015-09-03,10113.8935546875
2015-09-04,9600.1181640625
2015-09-07,9448.2412109375
2015-09-08,10050.25
2015-09-09,10108.306640625
2015-09-10,9921.86328125
2015-09-11,9998.556640625
2015-09-14,10048.8310546875
2015-09-15,10142.693359375
2015-09-16,10033.904296875
2015-09-18,10006.1572265625
2015-09-21,10046.12890625
2015-09-22,9881.478515625
2015-09-23,9945.21484375
2015-09-24,9962.3837890625
2015-09-28,10018.6572265625
2015-09-29,10009.865234375
2015-09-30,10025.525390625
2015-10-01,9953.6845703125
2015-10-05,10046.861328125
2015-10-06,10089.443359375
2015-10-07,10726.7978515625
2015-10-08,10745.3876953125
2015-10-09,10673.0908203125
2015-10-12,10536.783203125
2015-10-13,10538.384765625
2015-10-14,10460.638671875
2015-10-15,10515.4912109375
2015-10-16,10379.9169921875
2015-10-19,10391.8212890625
2015-10-20,10465.583984375
2015-10-21,10581.6533203125
2015-10-23,11159.53125
2015-10-26,11281.96484375
2015-10-27,11094.5595703125
2015-10-28,10842.4560546875
2015-10-29,10811.9169921875
2015-10-30,10691.359375
2015-11-02,10881.7421875
2015-11-03,10689.89453125
2015-11-04,10716.5888671875
2015-11-05,10422.2685546875
2015-11-06,10368.7431640625
2015-11-09,10651.478515625
2015-11-10,10585.1806640625
2015-11-13,10485.4091796875
2015-11-16,10274.0556640625
2015-11-17,10561.1865234375
2015-11-18,10604.7314453125
2015-11-19,10592.9169921875
2015-11-20,10471.3994140625
2015-11-23,10439.66796875
2015-11-24,10438.4775390625
2015-11-26,10500.9326171875
2015-11-27,10555.6923828125
2015-11-30,10486.9208984375
2015-12-01,10444.9345703125
2015-12-02,10353.2216796875
2015-12-03,10329.3662109375
2015-12-04,10232.7119140625
2015-12-07,10248.1875
2015-12-08,10080.423828125
2015-12-09,9727.9091796875
2015-12-10,9894.57421875
2015-12-11,9787.845703125
2015-12-14,9715.6376953125
2015-12-15,9880.2890625
2015-12-16,9748.0556640625
2015-12-17,9893.109375
2015-12-18,9805.74609375
2015-12-21,9635.14453125
2015-12-22,9690.5478515625
2015-12-23,9796.63671875
2015-12-24,9722.27734375
2015-12-28,9702.818359375
2015-12-29,10270.119140625
2015-12-30,10302.94921875
2015-12-31,10437.1953125
2016-01-01,10367.9658203125
2016-01-04,10014.3525390625
2016-01-05,9875.6630859375
2016-01-06,9747.6884765625
2016-01-07,9774.3837890625
2016-01-08,9697.3232421875
2016-01-11,9756.2509765625
2016-01-12,9759.08984375
2016-01-13,9628.3671875
2016-01-14,9527.271484375
2016-01-15,9349.4794921875
2016-01-18,9008.779296875
2016-01-19,9123.017578125
2016-01-20,9009.923828125
2016-01-21,8999.4375
2016-01-22,9089.1806640625
2016-01-25,8830.8505859375
2016-01-27,8719.2216796875
2016-01-28,8894.90625
2016-01-29,9048.5673828125
2016-02-01,9046.001953125
2016-02-02,9048.6591796875
2016-02-03,8998.61328125
2016-02-04,9058.228515625
2016-02-05,9281.71484375
2016-02-08,10561.0498046875
2016-02-09,10591.361328125
2016-02-10,10507.16015625
2016-02-11,9805.837890625
2016-02-12,9728.275390625
2016-02-15,10094.16015625
2016-02-16,10110.7802734375
2016-02-17,10028.68359375
2016-02-18,9939.9482421875
2016-02-19,9936.01171875
2016-02-22,9948.5107421875
2016-02-23,9817.0107421875
2016-02-24,9436.658203125
2016-02-25,9431.6220703125
2016-02-26,9477.9111328125
2016-02-29,9507.3544921875
2016-03-01,9959.5458984375
2016-03-02,9849.611328125
2016-03-03,9875.7099609375
2016-03-04,9872.595703125
2016-03-08,9866.91796875
2016-03-09,9871.4072265625
2016-03-10,9935.7822265625
2016-03-11,9835.73828125
2016-03-14,9811.4248046875
2016-03-15,9818.6142578125
2016-03-16,9864.99609375
2016-03-17,9794.8037109375
2016-03-18,9872.23046875
2016-03-21,9885.8291015625
2016-03-22,9894.025390625
2016-03-23,9889.5830078125
2016-03-28,9774.3837890625
2016-03-29,9801.259765625
2016-03-30,9805.9765625
2016-03-31,9821.26953125
2016-04-01,9913.849609375
2016-04-04,9859.2275390625
2016-04-05,9792.4677734375
2016-04-06,9798.2373046875
2016-04-07,9612.6630859375
2016-04-08,10107.025390625
2016-04-11,10393.056640625
2016-04-12,12114.2841796875
2016-04-13,12475.359375
2016-04-18,12559.2880859375
2016-04-20,12894.0810546875
2016-04-21,12292.9892578125
2016-04-22,12265.15234375
2016-04-25,12521.330078125
2016-04-26,12415.287109375
2016-04-27,12293.494140625
2016-04-28,12361.6689453125
2016-04-29,12201.1865234375
2016-05-02,12382.2275390625
2016-05-03,12239.14453125
2016-05-04,12088.18359375
2016-05-05,12024.814453125
2016-05-06,12090.3359375
2016-05-09,12112.130859375
2016-05-10,12126.1875
2016-05-11,12131.130859375
2016-05-12,12098.7607421875
2016-05-13,11995.0078125
2016-05-16,12020.78515625
2016-05-17,11958.744140625
2016-05-18,11913.5068359375
2016-05-19,11589.42578125
2016-05-20,11644.828125
2016-05-23,11886.2626953125
2016-05-24,11868.6357421875
2016-05-25,11973.1669921875
2016-05-26,12054.9892578125
2016-05-27,11628.986328125
2016-05-30,11447.2119140625
2016-05-31,11369.0546875
2016-06-01,11341.5810546875
2016-06-02,11422.44140625
2016-06-03,11407.2861328125
2016-06-06,11463.0537109375
2016-06-07,11466.2587890625
2016-06-08,11573.3544921875
2016-06-09,11335.6748046875
2016-06-10,11166.033203125
2016-06-13,11121.345703125
2016-06-14,11210.7666015625
2016-06-15,11583.1533203125
2016-06-16,11347.9921875
2016-06-17,11380.9580078125
2016-06-20,11327.294921875
2016-06-21,11371.1591796875
2016-06-22,11285.4921875
2016-06-23,11167.224609375
2016-06-24,10935.81640625
2016-06-27,11066.5830078125
2016-06-28,11231.73828125
2016-06-29,11459.435546875
2016-06-30,11742.8583984375
2016-07-01,12165.837890625
2016-07-04,12808.3212890625
2016-07-05,12629.478515625
2016-07-07,12502.0537109375
2016-07-08,12590.1474609375
2016-07-11,12516.201171875
2016-07-12,12561.484375
2016-07-13,12583.142578125
2016-07-14,12481.037109375
2016-07-15,12467.0712890625
2016-07-18,12362.4482421875
2016-07-19,12290.013671875
2016-07-20,12343.3095703125
2016-07-21,12606.21875
2016-07-22,12715.787109375
2016-07-25,13347.740234375
2016-07-26,13680.7470703125
2016-07-27,13678.0458984375
2016-07-28,13587.38671875
2016-07-29,13387.8037109375
2016-08-01,13049.2529296875
2016-08-02,12621.1005859375
2016-08-03,12420.1396484375
2016-08-04,12484.0576171875
2016-08-05,12400.9091796875
2016-08-08,12191.43359375
2016-08-09,12098.533203125
2016-08-10,11976.73828125
2016-08-11,12058.46875
2016-08-12,11982.8740234375
2016-08-16,12086.3994140625
2016-08-17,11969.5498046875
2016-08-18,12076.7822265625
2016-08-19,12076.5087890625
2016-08-22,12169.7314453125
2016-08-23,12088.3671875
2016-08-24,12093.4501953125
2016-08-25,11925.3193359375
2016-08-26,11896.8857421875
2016-08-29,11853.2509765625
2016-08-30,11858.01171875
2016-08-31,11795.4677734375
2016-09-01,11788.8740234375
2016-09-02,11889.5126953125
2016-09-06,11903.6171875
2016-09-07,12074.6767578125
2016-09-08,12081.544921875
2016-09-09,12071.333984375
2016-09-12,11990.1083984375
2016-09-14,12078.248046875
2016-09-15,12101.4169921875
2016-09-16,12071.244140625
2016-09-19,12052.9287109375
2016-09-20,12097.890625
2016-09-21,11995.373046875
2016-09-22,12074.951171875
2016-09-23,11925.732421875
2016-09-26,11833.654296875
2016-09-27,11997.7099609375
2016-09-28,12077.01171875
2016-09-29,11682.0986328125
2016-09-30,11798.306640625
2016-10-03,12076.9658203125
2016-10-04,12119.7783203125
2016-10-05,12048.3037109375
2016-10-06,12041.619140625
2016-10-07,12079.3486328125
2016-10-10,12087.5439453125
2016-10-13,11971.6103515625
2016-10-14,11898.1240234375
2016-10-17,11883.1044921875
2016-10-18,11892.3994140625
2016-10-19,11866.62109375
2016-10-20,11859.9814453125
2016-10-21,11883.1044921875
2016-10-24,11906.591796875
2016-10-25,11947.6650390625
2016-10-26,11947.9833984375
2016-10-27,11946.244140625
2016-10-28,11921.3818359375
2016-11-01,12069.6865234375
2016-11-02,11956.9580078125
2016-11-03,11912.728515625
2016-11-04,11662.365234375
2016-11-07,11742.30859375
2016-11-08,11718.8662109375
2016-11-09,11647.392578125
2016-11-10,11766.98828125
2016-11-11,11594.0498046875
2016-11-15,11394.6474609375
2016-11-16,11179.1748046875
2016-11-17,11117.1337890625
2016-11-18,11172.53515625
2016-11-21,10284.2666015625
2016-11-22,10271.4921875
2016-11-23,10150.1572265625
2016-11-24,10283.9013671875
2016-11-25,10333.123046875
2016-11-28,10333.3056640625
2016-11-29,10346.8115234375
2016-11-30,10341.8681640625
2016-12-01,10347.041015625
2016-12-02,10275.4765625
2016-12-05,10295.5771484375
2016-12-06,10206.5673828125
2016-12-07,10077.90625
2016-12-08,10066.5947265625
2016-12-09,10055.240234375
2016-12-12,9888.1640625
2016-12-13,9888.255859375
2016-12-14,9837.7060546875
2016-12-15,9624.796875
2016-12-16,9702.4521484375
2016-12-19,9611.609375
2016-12-20,9703.826171875
2016-12-21,9523.423828125
2016-12-22,9608.22265625
2016-12-23,9433.4541015625
2016-12-26,9305.8447265625
2016-12-27,9554.0107421875
2016-12-28,9740.1337890625
2016-12-29,9977.494140625
2016-12-30,10185.8701171875
2017-01-02,10124.8359375
2017-01-03,9997.3193359375
2017-01-04,9897.7333984375
2017-01-05,10162.3369140625
2017-01-06,10352.443359375
2017-01-09,10534.447265625
2017-01-10,10694.3359375
2017-01-11,11457.193359375
2017-01-12,11519.0986328125
2017-01-13,11415.48046875
2017-01-16,11406.232421875
2017-01-17,11490.84765625
2017-01-18,11262.048828125
2017-01-19,11247.8544921875
2017-01-20,11257.5625
2017-01-23,11263.1025390625
2017-01-24,11348.90625
2017-01-25,11489.65625
2017-01-27,11424.2275390625
2017-01-30,11147.9482421875
2017-01-31,10949.9658203125
2017-02-01,10772.630859375
2017-02-02,10692.322265625
2017-02-03,10624.0986328125
2017-02-06,10975.6962890625
2017-02-07,10890.212890625
2017-02-08,10802.439453125
2017-02-09,10796.71484375
2017-02-10,10541.9111328125
2017-02-13,10317.1884765625
2017-02-14,10343.1025390625
2017-02-15,10192.4638671875
2017-02-16,10247.912109375
2017-02-17,10145.44140625
2017-02-20,10175.1572265625
2017-02-21,10246.5390625
2017-02-22,10197.5458984375
2017-02-23,10108.0791015625
2017-02-27,10254.27734375
2017-02-28,10224.056640625
2017-03-01,10163.4814453125
2017-03-02,10060.0029296875
2017-03-03,9999.060546875
2017-03-06,9999.564453125
2017-03-07,9908.5849609375
2017-03-08,9880.74609375
2017-03-09,9965.4990234375
2017-03-10,9944.666015625
2017-03-14,10111.6044921875
2017-03-15,10144.9375
2017-03-16,10244.9833984375
2017-03-17,10120.5791015625
2017-03-20,10140.6787109375
2017-03-21,10131.109375
2017-03-22,10074.8837890625
2017-03-23,10090.955078125
2017-03-24,10113.7568359375
2017-03-27,10099.5625
2017-03-28,10212.564453125
2017-03-29,10110.7802734375
2017-03-30,10296.400390625
2017-03-31,10592.87109375
2017-04-03,10925.65234375
2017-04-05,10859.53515625
2017-04-06,11129.1298828125
2017-04-07,10987.4189453125
2017-04-10,10935.5419921875
2017-04-11,10992.775390625
2017-04-12,10997.9501953125
2017-04-13,11034.3037109375
2017-04-17,10991.21875
2017-04-18,10965.76171875
2017-04-19,10857.4296875
2017-04-20,10849.7822265625
2017-04-21,10700.654296875
2017-04-24,10579.77734375
2017-04-25,10471.2607421875
2017-04-26,10616.865234375
2017-04-27,10616.6806640625
2017-04-28,10530.7392578125
2017-05-02,10412.2412109375
2017-05-03,10339.943359375
2017-05-04,10509.310546875
2017-05-05,10399.8798828125
2017-05-08,10566.8642578125
2017-05-09,10981.6025390625
2017-05-10,11190.02734375
2017-05-11,11387.59765625
2017-05-12,11546.7998046875
2017-05-15,11714.0126953125
2017-05-16,12647.2900390625
2017-05-17,12939.4560546875
2017-05-18,12515.7421875
2017-05-19,12173.8974609375
2017-05-22,12086.947265625
2017-05-23,12173.439453125
2017-05-24,11801.375
2017-05-25,11922.9853515625
2017-05-26,12851.728515625
2017-05-29,12821.509765625
2017-05-30,12838.953125
2017-05-31,12669.451171875
2017-06-01,12571.923828125
2017-06-02,12556.3564453125
2017-06-05,12615.0556640625
2017-06-06,12625.220703125
2017-06-07,12804.796875
2017-06-08,12833.046875
2017-06-09,12741.564453125
2017-06-12,12677.8291015625
2017-06-13,12785.1083984375
2017-06-14,12754.2939453125
2017-06-15,12778.1494140625
2017-06-16,12723.9375
2017-06-19,12714.9169921875
2017-06-20,12772.9287109375
2017-06-21,12726.68359375
2017-06-22,12682.4541015625
2017-06-23,12575.6787109375
2017-06-27,12326.3681640625
2017-06-28,12148.8525390625
2017-06-29,12279.9873046875
2017-06-30,12121.1962890625
2017-07-03,12367.486328125
2017-07-04,12542.0703125
2017-07-05,12711.4365234375
2017-07-06,12634.376953125
2017-07-07,12535.01953125
2017-07-10,12516.017578125
2017-07-11,12424.490234375
2017-07-12,12617.7099609375
2017-07-13,12366.7978515625
2017-07-14,12512.951171875
2017-07-17,12533.0048828125
2017-07-18,12444.1787109375
2017-07-19,12257.50390625
2017-07-20,12255.8564453125
2017-07-21,12258.9248046875
2017-07-24,12226.27734375
2017-07-25,12162.7255859375
2017-07-26,12275.91015625
2017-07-27,12111.810546875
2017-07-28,12255.3984375
2017-07-31,12251.0029296875
2017-08-01,12228.9794921875
2017-08-02,12170.830078125
2017-08-03,12218.5849609375
2017-08-04,12158.375
2017-08-07,12661.3916015625
2017-08-08,12459.3349609375
2017-08-09,12283.0546875
2017-08-10,12008.37890625
2017-08-11,12444.9560546875
2017-08-14,12692.7568359375
2017-08-16,12710.4296875
2017-08-17,12628.4716796875
2017-08-18,12600.9541015625
2017-08-21,12640.6953125
2017-08-22,12695.8251953125
2017-08-23,13151.0380859375
2017-08-24,13484.87109375
2017-08-28,13521.68359375
2017-08-29,13239.1787109375
2017-08-30,13514.220703125
2017-08-31,13501.4921875
2017-09-01,13451.99609375
2017-09-04,13401.67578125
2017-09-05,13289.7724609375
2017-09-06,13293.939453125
2017-09-07,13442.10546875
2017-09-08,13357.62890625
2017-09-11,13388.90234375
2017-09-12,13274.1591796875
2017-09-13,13370.0830078125
2017-09-14,13350.76171875
2017-09-15,13470.5849609375
2017-09-18,13364.40625
2017-09-19,13425.5771484375
2017-09-20,13400.3935546875
2017-09-21,13347.6015625
2017-09-22,13266.6962890625
2017-09-25,13239.4970703125
2017-09-26,13113.67578125
2017-09-27,13144.7646484375
2017-09-28,13248.7919921875
2017-09-29,13096.369140625
2017-10-03,13112.576171875
2017-10-04,13119.4453125
2017-10-05,13258.4541015625
2017-10-06,13262.1640625
2017-10-09,13186.29296875
2017-10-10,13180.203125
2017-10-11,13033.0458984375
2017-10-12,13165.048828125
2017-10-13,13060.654296875
2017-10-16,13003.4208984375
2017-10-17,12949.25390625
2017-10-18,12927.1396484375
2017-10-19,13168.25390625
2017-10-23,13137.5302734375
2017-10-24,13040.9208984375
2017-10-25,13033.548828125
2017-10-26,13150.80859375
2017-10-27,13146.9169921875
2017-10-30,13182.3115234375
2017-10-31,12994.6298828125
2017-11-01,13181.02734375
2017-11-02,13257.03515625
2017-11-03,14112.6123046875
2017-11-06,14652.486328125
2017-11-07,14019.3876953125
2017-11-08,14311.6005859375
2017-11-09,14247.8662109375
2017-11-10,14106.978515625
2017-11-13,14005.1494140625
2017-11-14,13850.4814453125
2017-11-15,13643.431640625
2017-11-16,14554.2724609375
2017-11-17,14810.7265625
2017-11-20,14504.3203125
2017-11-21,14817.8681640625
2017-11-22,14688.2001953125
2017-11-23,14520.755859375
2017-11-24,14456.7470703125
2017-11-27,14443.7890625
2017-11-28,14252.8564453125
2017-11-29,14279.9169921875
2017-11-30,14140.0849609375
2017-12-01,14126.6669921875
2017-12-04,14099.1513671875
2017-12-05,13932.8515625
2017-12-06,14130.650390625
2017-12-07,14295.02734375
2017-12-08,14397.7724609375
2017-12-11,14264.4404296875
2017-12-12,14074.0126953125
2017-12-13,14752.2109375
2017-12-14,14901.4296875
2017-12-15,14683.4833984375
2017-12-18,14676.0205078125
2017-12-19,14903.21484375
2017-12-20,14915.896484375
2017-12-21,14903.71875
2017-12-22,15508.7021484375
2017-12-26,15919.869140625
2017-12-27,17597.142578125
2017-12-28,17734.59375
2017-12-29,17514.861328125
2018-01-01,17641.32421875
2018-01-02,17311.201171875
2018-01-03,17765.73046875
2018-01-04,17810.966796875
2018-01-05,17735.599609375
2018-01-08,17576.765625
2018-01-09,17369.716796875
2018-01-10,16912.396484375
2018-01-11,16566.93359375
2018-01-12,16349.4443359375
2018-01-15,16431.44921875
2018-01-16,16260.115234375
2018-01-17,16491.01953125
2018-01-18,16579.796875
2018-01-19,16650.12890625
2018-01-22,17221.595703125
2018-01-23,17144.3515625
2018-01-24,17127.08984375
2018-01-25,17266.099609375
2018-01-29,17379.8359375
2018-01-30,17220.587890625
2018-01-31,17212.392578125
2018-02-01,17657.3515625
2018-02-02,16774.07421875
2018-02-05,17346.9609375
2018-02-06,16906.3984375
2018-02-07,16912.669921875
2018-02-08,16955.0234375
2018-02-09,17329.880859375
2018-02-12,19877.69921875
2018-02-14,18945.841796875
2018-02-15,18683.759765625
2018-02-16,18243.69921875
2018-02-19,18514.98828125
2018-02-20,18770.796875
2018-02-21,18812.462890625
2018-02-22,18978.9453125
2018-02-23,18986.77734375
2018-02-26,18948.177734375
2018-02-27,18832.015625
2018-02-28,18971.7578125
2018-03-01,19242.26953125
2018-03-05,19077.251953125
2018-03-06,18999.689453125
2018-03-07,18707.51953125
2018-03-08,18634.67578125
2018-03-09,18546.580078125
2018-03-12,18414.1640625
2018-03-13,18472.037109375
2018-03-14,18421.171875
2018-03-15,18378.76953125
2018-03-16,18307.111328125
2018-03-19,18030.1484375
2018-03-20,17956.43359375
2018-03-21,17885.27734375
2018-03-22,17884.728515625
2018-03-23,17597.64453125
2018-03-26,17430.568359375
2018-03-27,17438.533203125
2018-03-28,17777.12890625
2018-04-02,18290.90625
2018-04-03,18416.728515625
2018-04-04,18410.958984375
2018-04-05,18899.6875
2018-04-06,18970.294921875
2018-04-09,18758.482421875
2018-04-10,18922.353515625
2018-04-11,18641.037109375
2018-04-12,18974.369140625
2018-04-13,19155.77734375
2018-04-16,18760.451171875
2018-04-17,18855.642578125
2018-04-18,18891.263671875
2018-04-19,18845.705078125
2018-04-20,18751.93359375
2018-04-23,18746.2578125
2018-04-24,18684.94921875
2018-04-25,18720.75390625
2018-04-26,18692.869140625
2018-04-27,18753.626953125
2018-04-30,18794.74609375
2018-05-02,18866.908203125
2018-05-03,18795.296875
2018-05-04,18728.216796875
2018-05-07,18748.958984375
2018-05-08,18879.26953125
2018-05-09,18863.380859375
2018-05-10,18630.919921875
2018-05-11,18681.697265625
2018-05-14,18744.654296875
2018-05-15,18476.939453125
2018-05-16,18529.271484375
2018-05-17,18342.27734375
2018-05-18,18196.447265625
2018-05-21,17629.603515625
2018-05-22,17852.310546875
2018-05-23,17946.724609375
2018-05-24,18350.291015625
2018-05-25,18236.373046875
2018-05-28,18133.58203125
2018-05-29,18299.6953125
2018-05-30,18325.56640625
2018-05-31,17896.861328125
2018-06-01,17722.828125
2018-06-04,17229.46875
2018-06-05,17033.9609375
2018-06-06,16848.111328125
2018-06-07,16955.52734375
2018-06-08,17348.240234375
2018-06-11,17415.548828125
2018-06-12,17365.962890625
2018-06-13,17521.08984375
2018-06-14,17907.669921875
2018-06-15,17929.328125
2018-06-18,17847.3203125
2018-06-19,17652.17578125
2018-06-20,18230.052734375
2018-06-21,18158.669921875
2018-06-22,18381.791015625
2018-06-25,18164.669921875
2018-06-26,18120.990234375
2018-06-27,17939.673828125
2018-06-28,17636.10546875
2018-06-29,17982.484375
2018-07-02,18140.541015625
2018-07-03,17906.154296875
2018-07-04,17913.02734375
2018-07-05,18009.58984375
2018-07-06,18187.837890625
2018-07-09,18198.783203125
2018-07-10,18361.875
2018-07-11,18211.234375
2018-07-12,18212.5625
2018-07-13,18264.39453125
2018-07-16,18021.5390625
2018-07-17,18679.546875
2018-07-18,18644.978515625
2018-07-19,19891.84765625
2018-07-20,21372.236328125
2018-07-23,20894.400390625
2018-07-24,21692.466796875
2018-07-25,21700.89453125
2018-07-26,21681.5703125
2018-07-27,21620.4453125
2018-07-30,21330.4765625
2018-07-31,21447.462890625
2018-08-01,21478.3671875
2018-08-02,21466.279296875
2018-08-03,21930.787109375
2018-08-06,21855.056640625
2018-08-07,21761.240234375
2018-08-08,21884.681640625
2018-08-09,22113.115234375
2018-08-10,22392.599609375
2018-08-13,22922.58203125
2018-08-14,22782.88671875
2018-08-16,23201.9296875
2018-08-17,23098.126953125
2018-08-20,23633.654296875
2018-08-21,23693.177734375
2018-08-23,23681.365234375
2018-08-24,23277.021484375
2018-08-27,23487.77734375
2018-08-28,23441.80859375
2018-08-29,23525.87109375
2018-08-30,23816.0703125
2018-08-31,23758.884765625
2018-09-03,23792.490234375
2018-09-04,23309.255859375
2018-09-05,23174.73046875
2018-09-06,23617.263671875
2018-09-07,23245.10546875
2018-09-10,23143.228515625
2018-09-11,22794.697265625
2018-09-12,23123.587890625
2018-09-14,22984.71484375
2018-09-17,23024.916015625
2018-09-18,23140.984375
2018-09-19,22393.96875
2018-09-21,22448.228515625
2018-09-24,21079.013671875
2018-09-25,21178.326171875
2018-09-26,20951.314453125
2018-09-27,20970.498046875
2018-09-28,20666.47265625
2018-10-01,21142.75
2018-10-03,20747.37890625
2018-10-04,20788.587890625
2018-10-05,20070.462890625
2018-10-08,19956.26953125
2018-10-09,19597.025390625
2018-10-10,20582.63671875
2018-10-11,20102.513671875
2018-10-12,20656.94921875
2018-10-15,20839.224609375
2018-10-16,20786.16015625
2018-10-17,19941.986328125
2018-10-19,20000.365234375
2018-10-22,19113.880859375
2018-10-23,17744.576171875
2018-10-24,18216.9609375
2018-10-25,17994.80078125
2018-10-26,17729.28125
2018-10-29,18106.0625
2018-10-30,18563.658203125
2018-10-31,18170.8046875
2018-11-01,18220.486328125
2018-11-02,18573.82421875
2018-11-05,18386.09765625
2018-11-06,18173.505859375
2018-11-07,18655.322265625
2018-11-09,18679.86328125
2018-11-12,18739.986328125
2018-11-13,18717.08984375
2018-11-14,18999.962890625
2018-11-15,18872.169921875
2018-11-16,18794.8828125
2018-11-19,18712.009765625
2018-11-20,18580.5546875
2018-11-21,18941.400390625
2018-11-22,19071.025390625
2018-11-26,19038.791015625
2018-11-27,18973.544921875
2018-11-28,19025.1015625
2018-11-29,19088.7890625
2018-11-30,19811.126953125
2018-12-03,20056.681640625
2018-12-04,20567.89453125
2018-12-05,20299.263671875
2018-12-06,19778.708984375
2018-12-07,19978.337890625
2018-12-10,19176.837890625
2018-12-11,19202.341796875
2018-12-12,20567.25390625
2018-12-13,21463.853515625
2018-12-14,21016.287109375
2018-12-17,21028.693359375
2018-12-18,20920.1796875
2018-12-19,20925.53515625
2018-12-20,20593.716796875
2018-12-21,20200.955078125
2018-12-24,19720.603515625
2018-12-26,18862.005859375
2018-12-27,18551.708984375
2018-12-28,19206.828125
2018-12-31,19069.7421875
2019-01-01,18925.009765625
2019-01-02,18301.755859375
2019-01-03,18305.87890625
2019-01-04,18642.09375
2019-01-07,18670.34375
2019-01-08,18698.958984375
2019-01-09,18501.388671875
2019-01-10,18929.5859375
2019-01-11,19069.8359375
2019-01-14,18838.931640625
2019-01-15,19089.66015625
2019-01-16,18953.994140625
2019-01-17,19129.724609375
2019-01-18,19216.353515625
2019-01-21,19135.21875
2019-01-22,18978.53515625
2019-01-23,18957.287109375
2019-01-24,18851.25
2019-01-25,18742.318359375
2019-01-28,18423.4140625
2019-01-29,18390.58203125
2019-01-30,18448.9140625
2019-01-31,18453.630859375
2019-02-01,18583.576171875
2019-02-04,18796.34765625
2019-02-05,18779.634765625
2019-02-06,18887.236328125
2019-02-07,19197.26171875
2019-02-08,19534.984375
2019-02-11,19797.572265625
2019-02-12,19426.193359375
2019-02-14,19535.669921875
2019-02-15,19147.076171875
2019-02-18,20370.919921875
2019-02-19,20079.943359375
2019-02-20,20120.5546875
2019-02-21,20820.36328125
2019-02-22,21393.982421875
2019-02-25,21655.74609375
2019-02-26,20970.40625
2019-02-27,20898.748046875
2019-02-28,20967.017578125
2019-03-01,21072.55859375
2019-03-05,21474.705078125
2019-03-06,21292.884765625
2019-03-07,21826.212890625
2019-03-08,22754.453125
2019-03-11,22472.634765625
2019-03-12,22450.837890625
2019-03-13,22164.2109375
2019-03-14,21915.724609375
2019-03-15,21741.552734375
2019-03-18,21292.65625
2019-03-19,21535.693359375
2019-03-20,21465.08984375
2019-03-22,21597.73828125
2019-03-25,22116.453125
2019-03-26,21931.5234375
2019-03-27,21774.333984375
2019-03-28,22010.4140625
2019-04-01,22247.681640625
2019-04-02,22256.15234375
2019-04-03,21962.658203125
2019-04-04,21661.744140625
2019-04-05,21851.07421875
2019-04-08,21865.498046875
2019-04-09,21390.869140625
2019-04-10,22247.271484375
2019-04-11,22518.603515625
2019-04-12,22702.62109375
2019-04-15,22892.1796875
2019-04-16,22824.23046875
2019-04-18,22874.4609375
2019-04-22,22923.314453125
2019-04-23,23038.056640625
2019-04-24,22593.83203125
2019-04-25,22775.376953125
2019-04-26,21529.87890625
2019-04-30,20994.90234375
2019-05-02,21158.59375
2019-05-03,20919.494140625
2019-05-06,20907.861328125
2019-05-07,21268.708984375
2019-05-08,21173.9765625
2019-05-09,20888.814453125
2019-05-10,21003.966796875
2019-05-13,20864.044921875
2019-05-14,21262.62109375
2019-05-15,21017.384765625
2019-05-16,20842.33984375
2019-05-17,20841.013671875
2019-05-20,21058.365234375
2019-05-21,21162.025390625
2019-05-22,20903.375
2019-05-23,21174.52734375
2019-05-24,21827.677734375
2019-05-27,21920.533203125
2019-05-28,21898.14453125
2019-05-29,20995.408203125
2019-05-30,20893.849609375
2019-05-31,20825.58203125
2019-06-03,20932.953125
2019-06-04,20673.068359375
2019-06-06,20601.455078125
2019-06-07,20601.9140625
2019-06-10,20703.23828125
2019-06-11,20595.08984375
2019-06-12,20548.5234375
2019-06-13,20481.357421875
2019-06-14,20569.86328125
2019-06-17,20346.787109375
2019-06-18,20174.537109375
2019-06-19,20165.9296875
2019-06-20,20745.77734375
2019-06-21,21547.00390625
2019-06-24,21775.48046875
2019-06-25,21230.431640625
2019-06-26,20995.865234375
2019-06-27,21078.923828125
2019-06-28,21259.64453125
2019-07-01,21075.125
2019-07-02,21421.822265625
2019-07-03,21251.4453125
2019-07-04,20874.025390625
2019-07-05,20836.525390625
2019-07-08,20245.505859375
2019-07-09,20007.59765625
2019-07-10,20132.82421875
2019-07-11,19889.01171875
2019-07-12,20082.365234375
2019-07-15,19920.46484375
2019-07-16,20195.556640625
2019-07-17,20383.1875
2019-07-18,20069.2265625
2019-07-19,20040.83984375
2019-07-22,19850.685546875
2019-07-23,19989.146484375
2019-07-24,19646.474609375
2019-07-25,19379.033203125
2019-07-26,19142.0859375
2019-07-29,19476.697265625
2019-07-30,19221.251953125
2019-07-31,19329.35546875
2019-08-01,18959.578125
2019-08-02,19086.45703125
2019-08-05,18825.193359375
2019-08-06,19081.052734375
2019-08-07,19100.603515625
2019-08-08,19321.9375
2019-08-09,19437.45703125
2019-08-13,19425.27734375
2019-08-14,19231.00390625
2019-08-16,19151.244140625
2019-08-19,18973.8203125
2019-08-20,18877.435546875
2019-08-21,18604.04296875
2019-08-22,18531.01171875
2019-08-23,18808.298828125
2019-08-26,18830.87109375
2019-08-27,19164.93359375
2019-08-28,18704.501953125
2019-08-29,18703.4921875
2019-08-30,18528.583984375
2019-09-03,18405.41796875
2019-09-04,18635.453125
2019-09-05,18688.24609375
2019-09-06,18786.732421875
2019-09-09,18868.234375
2019-09-11,18553.404296875
2019-09-12,18444.93359375
2019-09-13,18637.6484375
2019-09-16,16635.24609375
2019-09-17,17588.71484375
2019-09-18,17555.017578125
2019-09-19,16965.462890625
2019-09-20,18520.34375
2019-09-23,18662.0078125
2019-09-24,18060.505859375
2019-09-25,18368.787109375
2019-09-26,18371.490234375
2019-09-27,18788.611328125
2019-09-30,18929.31640625
2019-10-01,18322.314453125
2019-10-03,18304.50390625
2019-10-04,18060.4609375
2019-10-07,18169.5703125
2019-10-09,18515.62890625
2019-10-10,18180.146484375
2019-10-11,18334.08203125
2019-10-14,18251.162109375
2019-10-15,18559.904296875
2019-10-16,18873.63671875
2019-10-17,20954.060546875
2019-10-18,19956.041015625
2019-10-22,19983.5625
2019-10-23,19811.4453125
2019-10-24,19469.6015625
2019-10-25,20052.970703125
2019-10-27,20374.443359375
2019-10-29,20349.443359375
2019-10-30,20403.79296875
2019-10-31,20593.3515625
2019-11-01,20331.359375
2019-11-04,20434.60546875
2019-11-05,20564.322265625
2019-11-06,20620.181640625
2019-11-07,20570.6875
2019-11-08,20506.08203125
2019-11-11,20608.001953125
2019-11-13,20382.732421875
2019-11-14,20393.126953125
2019-11-15,20383.509765625
2019-11-18,20503.744140625
2019-11-19,20430.21484375
2019-11-20,20487.720703125
2019-11-21,20694.404296875
2019-11-22,20526.595703125
2019-11-25,20775.490234375
2019-11-26,20626.224609375
2019-11-27,20497.0625
2019-11-28,20469.22265625
2019-11-29,20367.66796875
2019-12-02,20335.203125
2019-12-03,20408.556640625
2019-12-04,20026.416015625
2019-12-05,20020.73828125
2019-12-06,19846.107421875
2019-12-09,19809.064453125
2019-12-10,19350.73828125
2019-12-11,19361.81640625
2019-12-12,18991.400390625
2019-12-13,19001.931640625
2019-12-16,19016.169921875
2019-12-17,19200.6015625
2019-12-18,19088.470703125
2019-12-19,19110.037109375
2019-12-20,19524.1796875
2019-12-23,19632.376953125
2019-12-24,19817.62890625
2019-12-26,19685.34765625
2019-12-27,19666.666015625
2019-12-30,19669.23046875
2019-12-31,19509.572265625
2020-01-01,19891.6640625
2020-01-02,19579.580078125
2020-01-03,19538.09765625
2020-01-06,19312.6875
2020-01-07,19835.30078125
2020-01-08,19448.541015625
2020-01-09,19479.8125
2020-01-10,19626.60546875
2020-01-13,19708.42578125
2020-01-14,20083.55859375
2020-01-15,20208.51171875
2020-01-16,20439.734375
2020-01-17,20463.95703125
2020-01-20,20397.109375
2020-01-21,20255.85546875
2020-01-22,20383.419921875
2020-01-23,20521.466796875
2020-01-24,20456.21875
2020-01-27,20426.9140625
2020-01-28,20388.638671875
2020-01-29,20316.4765625
2020-01-30,20267.44140625
2020-01-31,21044.857421875
2020-02-03,20729.658203125
2020-02-04,21144.443359375
2020-02-05,21137.7578125
2020-02-06,21453.6875
2020-02-07,22037.24609375
2020-02-10,22584.3984375
2020-02-11,21152.73046875
2020-02-12,20494.220703125
2020-02-13,20767.5234375
2020-02-14,20420.958984375
2020-02-17,20359.74609375
2020-02-18,20233.603515625
2020-02-19,19982.369140625
2020-02-20,19856.36328125
2020-02-24,19493.822265625
2020-02-25,19121.80078125
2020-02-26,19021.390625
2020-02-27,18832.337890625
2020-02-28,18841.5859375
2020-03-02,18435.361328125
2020-03-03,18894.423828125
2020-03-04,20453.748046875
2020-03-05,20957.12890625
2020-03-06,20697.42578125
2020-03-09,19265.755859375
2020-03-11,18940.576171875
2020-03-12,17451.998046875
2020-03-13,18023.919921875
2020-03-16,17082.72265625
2020-03-17,16548.298828125
2020-03-18,16061.3994140625
2020-03-19,15504.5361328125
2020-03-20,15903.021484375
2020-03-23,14548.5947265625
2020-03-24,14667.8701171875
2020-03-25,15440.6181640625
2020-03-26,16428.244140625
2020-03-27,16161.53515625
2020-03-30,15967.1689453125
2020-03-31,17241.51171875
2020-04-01,16913.310546875
2020-04-03,16016.3896484375
2020-04-07,17175.349609375
2020-04-08,16774.712890625
2020-04-09,17345.81640625
2020-04-13,17185.46875
2020-04-15,17282.583984375
2020-04-16,17953.224609375
2020-04-17,18040.361328125
2020-04-20,18187.564453125
2020-04-21,17773.923828125
2020-04-22,17142.201171875
2020-04-23,17196.45703125
2020-04-24,17518.5234375
2020-04-27,17861.654296875
2020-04-28,17671.91015625
2020-04-29,17897.77734375
2020-04-30,17765.544921875
2020-05-04,17242.015625
2020-05-05,17083.36328125
2020-05-06,17131.669921875
2020-05-07,17287.52734375
2020-05-08,17049.892578125
2020-05-11,16647.3359375
2020-05-12,16581.400390625
2020-05-13,16772.9765625
2020-05-14,16241.4306640625
2020-05-15,16186.16796875
2020-05-18,15611.9072265625
2020-05-19,15412.275390625
2020-05-20,16047.572265625
2020-05-21,16376.458984375
2020-05-22,16193.171875
2020-05-26,16044.3662109375
2020-05-27,16388.95703125
2020-05-28,16496.466796875
2020-05-29,16757.267578125
2020-06-01,16535.521484375
2020-06-02,16452.830078125
2020-06-03,16401.962890625
2020-06-04,16550.220703125
2020-06-05,16464.32421875
2020-06-08,16732.130859375
2020-06-09,16636.072265625
2020-06-10,16721.509765625
2020-06-11,16097.3876953125
2020-06-12,15937.9111328125
2020-06-15,15750.322265625
2020-06-16,16922.515625
2020-06-17,17059.87890625
2020-06-18,17189.31640625
2020-06-19,17026.634765625
2020-06-22,16954.884765625
2020-06-23,16711.1171875
2020-06-24,16880.16015625
2020-06-25,16978.236328125
2020-06-26,17493.38671875
2020-06-29,17503.322265625
2020-06-30,17211.5703125
2020-07-01,17037.712890625
2020-07-02,17075.900390625
2020-07-03,16886.615234375
2020-07-06,17364.86328125
2020-07-07,17684.591796875
2020-07-08,17633.54296875
2020-07-09,17855.9765625
2020-07-10,17860.64453125
2020-07-13,18256.3828125
2020-07-14,18405.783203125
2020-07-15,18659.03515625
2020-07-16,18836.501953125
2020-07-17,19268.23046875
2020-07-20,19718.224609375
2020-07-21,19691.990234375
2020-07-22,19452.931640625
2020-07-23,19691.072265625
2020-07-24,19681.275390625
2020-07-27,19709.158203125
2020-07-28,19699.587890625
2020-07-29,19689.927734375
2020-07-30,19411.359375
2020-07-31,19301.974609375
2020-08-03,19156.189453125
2020-08-04,18845.474609375
2020-08-05,18874.59765625
2020-08-06,18712.60546875
2020-08-07,19668.8671875
2020-08-10,20301.275390625
2020-08-11,19919.3203125
2020-08-12,19574.91015625
2020-08-13,20044.23046875
2020-08-14,19142.31640625
2020-08-17,19165.708984375
2020-08-18,19031.19140625
2020-08-19,19078.85546875
2020-08-20,18797.5859375
2020-08-21,18876.93359375
2020-08-24,19164.015625
2020-08-25,19059.578125
2020-08-26,19107.974609375
2020-08-27,19230.365234375
2020-08-28,19145.701171875
2020-08-31,18556.974609375
2020-09-01,18277.259765625
2020-09-02,18467.87109375
2020-09-03,18316.7734375
2020-09-04,17993.884765625
2020-09-07,17722.458984375
2020-09-08,17518.75
2020-09-09,17222.646484375
2020-09-10,17148.2421875
2020-09-11,17004.380859375
2020-09-14,17328.095703125
2020-09-15,17299.892578125
2020-09-16,17611.060546875
2020-09-17,17401.72265625
2020-09-18,17167.83984375
2020-09-21,16702.693359375
2020-09-22,16619.724609375
2020-09-23,17004.380859375
2020-09-24,16819.814453125
2020-09-25,16670.958984375
2020-09-28,16814.685546875
2020-09-29,16849.34765625
2020-09-30,16764.59765625
2020-10-01,16694.771484375
2020-10-05,16851.95703125
2020-10-06,17212.07421875
2020-10-07,16961.572265625
2020-10-08,17304.470703125
2020-10-09,17849.0625
2020-10-12,17838.072265625
2020-10-13,17528.734375
2020-10-14,17430.658203125
2020-10-15,17128.828125
2020-10-16,17120.587890625
2020-10-19,17374.203125
2020-10-20,17466.32421875
2020-10-21,17354.833984375
2020-10-22,17249.568359375
2020-10-23,17305.888671875
2020-10-26,17035.37890625
2020-10-27,16899.072265625
2020-10-28,16930.0234375
2020-10-29,17140.59765625
2020-10-30,17101.771484375
2020-11-02,17595.583984375
2020-11-03,17867.375
2020-11-04,17966.595703125
2020-11-05,18511.00390625
2020-11-06,18482.478515625
2020-11-09,18706.009765625
2020-11-10,18632.888671875
2020-11-11,18503.041015625
2020-11-12,18979.49609375
2020-11-13,18938.79296875
2020-11-14,18768.921875
2020-11-17,19409.52734375
2020-11-18,19593.455078125
2020-11-19,19576.78515625
2020-11-20,19949.21875
2020-11-23,20448.662109375
2020-11-24,20873.248046875
2020-11-25,19890.56640625
2020-11-26,19158.109375
2020-11-27,20024.40234375
2020-12-01,20096.330078125
2020-12-02,20530.986328125
2020-12-03,20799.576171875
2020-12-04,20533.59765625
2020-12-07,20942.158203125
2020-12-08,20857.76953125
2020-12-09,20650.40234375
2020-12-10,20625.265625
2020-12-11,20715.787109375
2020-12-14,20947.330078125
2020-12-15,21046.232421875
2020-12-16,20923.841796875
2020-12-17,20755.072265625
2020-12-18,20128.337890625
2020-12-21,19453.12109375
2020-12-22,19261.455078125
2020-12-23,19301.1953125
2020-12-24,19370.837890625
2020-12-28,19556.826171875
2020-12-29,19386.453125
2020-12-30,19107.47265625
2020-12-31,19075.375
2021-01-01,19347.39453125
2021-01-04,19372.1640625
2021-01-05,19774.677734375
2021-01-06,19650.32421875
2021-01-07,19803.80078125
2021-01-08,19903.984375
2021-01-11,19896.517578125
2021-01-12,19769.369140625
2021-01-13,19475.552734375
2021-01-14,19322.302734375
2021-01-15,19017.041015625
2021-01-18,19449.130859375
2021-01-19,19655.630859375
2021-01-20,19468.318359375
2021-01-21,19039.203125
2021-01-22,18748.591796875
2021-01-25,18319.564453125
2021-01-27,18173.64453125
2021-01-28,17764.951171875
2021-01-29,17546.95703125
2021-02-01,17467.33203125
2021-02-02,18879.818359375
2021-02-03,19248.76953125
2021-02-04,19398.5390625
2021-02-05,19146.072265625
2021-02-08,19674.7265625
2021-02-09,19383.703125
2021-02-10,19759.431640625
2021-02-11,19196.89453125
2021-02-12,18965.806640625
2021-02-15,19239.75
2021-02-16,19503.484375
2021-02-17,19956.361328125
2021-02-18,19965.61328125
2021-02-19,19878.296875
2021-02-22,19252.93359375
2021-02-23,19245.015625
2021-02-24,19949.90625
2021-02-25,20476.9140625
2021-02-26,20908.87109375
2021-03-01,22113.890625
2021-03-02,22956.373046875
2021-03-03,23774.6328125
2021-03-04,23984.0625
2021-03-05,23535.625
2021-03-08,24316.25
2021-03-09,24107.41015625
2021-03-10,23715.244140625
2021-03-12,25032.080078125
2021-03-15,25137.7109375
2021-03-16,25667.560546875
2021-03-17,25605.79296875
2021-03-18,25234.552734375
2021-03-19,25260.787109375
2021-03-22,25124.11328125
2021-03-23,25651.48828125
2021-03-24,26009.404296875
2021-03-25,25878.31640625
2021-03-26,26313.70703125
2021-03-30,27219.189453125
2021-03-31,27872.068359375
2021-04-01,27108.615234375
2021-04-05,25804.234375
2021-04-06,25273.654296875
2021-04-07,24861.802734375
2021-04-08,25658.583984375
2021-04-09,25296.5
2021-04-12,23403.068359375
2021-04-13,23973.990234375
2021-04-15,23381.140625
2021-04-16,24754.521484375
2021-04-19,25158.2265625
2021-04-20,24277.787109375
2021-04-22,24728.697265625
2021-04-23,24155.400390625
2021-04-26,23975.1328125
2021-04-27,23356.23046875
2021-04-28,23510.9921875
2021-04-29,23346.203125
2021-04-30,23386.130859375
2021-05-03,23836.765625
2021-05-04,23223.587890625
2021-05-05,22861.734375
2021-05-06,22657.064453125
2021-05-07,22647.125
2021-05-10,22378.908203125
2021-05-11,22774.005859375
2021-05-12,23162.55078125
2021-05-14,22943.05078125
2021-05-17,22985.62890625
2021-05-18,23905.21875
2021-05-19,23703.11328125
2021-05-20,23386.44921875
2021-05-21,23894.13671875
2021-05-24,23911.630859375
2021-05-25,24167.669921875
2021-05-26,24119.638671875
2021-05-27,24340.607421875
2021-05-28,23180.455078125
2021-05-31,23384.484375
2021-06-01,23336.7265625
2021-06-02,23779.2109375
2021-06-03,24048.990234375
2021-06-04,23910.390625
2021-06-07,24120.279296875
2021-06-08,24088.958984375
2021-06-09,23608.470703125
2021-06-10,23830.908203125
2021-06-11,23949.447265625
2021-06-14,23702.42578125
2021-06-15,23520.1484375
2021-06-16,23327.384765625
2021-06-17,23132.42578125
2021-06-18,23301.37890625
2021-06-21,23270.703125
2021-06-22,23417.630859375
2021-06-23,23347.3046875
2021-06-24,23130.591796875
2021-06-25,22948.86328125
2021-06-28,22670.845703125
2021-06-29,22437.28515625
2021-06-30,22281.380859375
2021-07-01,22266.544921875
2021-07-02,22159.310546875
2021-07-05,21931.66015625
2021-07-06,22590.580078125
2021-07-07,22277.44140625
2021-07-08,22398.369140625
2021-07-09,22411.095703125
2021-07-12,22207.205078125
2021-07-13,22199.421875
2021-07-14,22129.275390625
2021-07-15,22262.47265625
2021-07-16,22649.599609375
2021-07-19,22394.88671875
2021-07-20,22214.66796875
2021-07-22,22076.666015625
2021-07-23,22176.435546875
2021-07-26,22675.65234375
2021-07-27,22869.607421875
2021-07-28,22657.5234375
2021-07-29,22748.8203125
2021-07-30,22582.98046875
2021-08-02,22593.650390625
2021-08-03,22587.33203125
2021-08-04,22327.580078125
2021-08-05,22359.30859375
2021-08-06,22386.921875
2021-08-09,22270.435546875
2021-08-10,21906.978515625
2021-08-11,21696.267578125
2021-08-12,22524.328125
2021-08-13,22047.546875
2021-08-16,21833.30859375
2021-08-17,21776.580078125
2021-08-18,21498.8359375
2021-08-20,20915.1875
2021-08-23,20878.7890625
2021-08-24,21238.99609375
2021-08-25,20871.095703125
2021-08-26,20904.611328125
2021-08-27,20735.4296875
2021-08-30,21042.888671875
2021-08-31,22336.234375
2021-09-01,22948.541015625
2021-09-02,22475.060546875
2021-09-03,22469.56640625
2021-09-06,22432.205078125
2021-09-07,22289.072265625
2021-09-08,22290.72265625
2021-09-09,22177.71875
2021-09-13,23031.693359375
2021-09-14,23539.333984375
2021-09-15,23202.888671875
2021-09-16,23037.140625
2021-09-17,23109.53125
2021-09-20,23010.72265625
2021-09-21,22974.416015625
2021-09-22,22641.08203125
2021-09-23,22911.728515625
2021-09-24,22711.4140625
2021-09-27,23014.107421875
2021-09-28,22662.375
2021-09-29,22605.64453125
2021-09-30,22740.12109375
2021-10-01,22768.232421875
2021-10-04,23292.6796875
2021-10-05,23126.609375
2021-10-06,23158.662109375
2021-10-07,23105.63671875
2021-10-08,23492.220703125
2021-10-11,23552.83984375
2021-10-12,23744.689453125
2021-10-13,23954.802734375
2021-10-14,23821.2421875
2021-10-18,24135.162109375
2021-10-19,23792.03125
2021-10-20,23824.5390625
2021-10-21,23571.15625
2021-10-22,23981.359375
2021-10-25,23943.76953125
2021-10-26,23943.6328125
2021-10-27,23775.13671875
2021-10-28,23724.49609375
2021-10-29,23260.4453125
2021-11-01,23406.78125
2021-11-02,24134.47265625
2021-11-03,24503.515625
2021-11-04,24421.87890625
2021-11-08,25088.21875
2021-11-09,24924.619140625
2021-11-10,24611.80078125
2021-11-11,24717.890625
2021-11-12,24464.736328125
2021-11-15,23880.4453125
2021-11-16,23677.380859375
2021-11-17,23312.001953125
2021-11-18,23071.298828125
2021-11-22,23123.26953125
2021-11-23,23388.78515625
2021-11-24,23703.9375
2021-11-25,23655.08203125
2021-11-26,23062.91796875
2021-11-29,22802.1640625
2021-11-30,22925.009765625
2021-12-01,22660.271484375
2021-12-02,22880.27734375
2021-12-03,23635.1640625
2021-12-06,23882.59765625
2021-12-07,23996.287109375
2021-12-08,23606.271484375
2021-12-09,23189.611328125
2021-12-10,23129.451171875
2021-12-13,22988.791015625
2021-12-14,22689.755859375
2021-12-15,22590.16796875
2021-12-16,22826.291015625
2021-12-17,22468.693359375
2021-12-20,21806.478515625
2021-12-21,22143.74609375
2021-12-22,22900.193359375
2021-12-23,22721.576171875
2021-12-24,23111.314453125
2021-12-27,22859.9921875
2021-12-28,22865.486328125
2021-12-29,22847.767578125
2021-12-30,22936.548828125
2021-12-31,23223.908203125
2022-01-03,23623.533203125
2022-01-04,23454.353515625
2022-01-05,23402.337890625
2022-01-06,23434.619140625
2022-01-07,23397.484375
2022-01-10,23410.490234375
2022-01-11,23152.294921875
2022-01-12,23066.857421875
2022-01-13,23138.55859375
2022-01-14,22979.3125
2022-01-17,22904.771484375
2022-01-18,23091.259765625
2022-01-19,22970.01953125
2022-01-20,22891.216796875
2022-01-21,22621.759765625
2022-01-24,22292.828125
2022-01-25,22889.248046875
2022-01-27,22033.306640625
2022-01-28,22350.83984375
2022-01-31,22884.259765625
2022-02-01,22911.728515625
2022-02-02,22877.712890625
2022-02-03,22773.22265625
2022-02-04,22659.353515625
2022-02-07,22704.86328125
2022-02-08,22591.22265625
2022-02-09,22053.91015625
2022-02-10,21765.267578125
2022-02-11,21118.619140625
2022-02-14,20682.728515625
2022-02-15,20548.16015625
2022-02-16,20115.244140625
2022-02-17,20150.408203125
2022-02-18,19817.029296875
2022-02-21,20289.41796875
2022-02-22,19523.994140625
2022-02-23,19425.966796875
2022-02-24,18835.130859375
2022-02-25,19610.671875
2022-02-28,19421.38671875
2022-03-02,19160.126953125
2022-03-03,19304.99609375
2022-03-04,18662.19140625
2022-03-07,18246.994140625
2022-03-08,18225.109375
2022-03-09,18271.90234375
2022-03-10,18322.58984375
2022-03-11,18220.849609375
2022-03-14,18044.6171875
2022-03-15,17914.169921875
2022-03-16,18020.9921875
2022-03-17,18339.302734375
2022-03-21,18134.3125
2022-03-22,18352.26171875
2022-03-23,18544.060546875
2022-03-24,18293.560546875
2022-03-25,18173.142578125
2022-03-28,17876.53125
2022-03-29,18022.08984375
2022-03-30,17883.173828125
2022-03-31,18037.61328125
2022-04-01,18289.943359375
2022-04-04,18697.814453125
2022-04-05,19491.3046875
2022-04-06,19708.5625
2022-04-07,19326.1484375
2022-04-08,19634.11328125
2022-04-11,19682.875
2022-04-12,19577.064453125
2022-04-13,19541.8515625
2022-04-18,19778.84765625
2022-04-19,19466.716796875
2022-04-20,19059.853515625
2022-04-21,19422.484375
2022-04-22,18755.595703125
2022-04-25,18465.90234375
2022-04-26,18322.6796875
2022-04-27,18286.052734375
2022-04-28,18330.326171875
2022-04-29,18282.34375
2022-05-02,18160.13671875
2022-05-04,17536.701171875
2022-05-05,16983.228515625
2022-05-06,16895.361328125
2022-05-09,17157.08203125
2022-05-10,16580.71484375
2022-05-11,16280.580078125
2022-05-12,16465.23828125
2022-05-13,16473.115234375
2022-05-16,16460.5234375
2022-05-17,17070.7265625
2022-05-18,16960.37890625
2022-05-19,16483.73828125
2022-05-20,16479.6171875
2022-05-23,16472.701171875
2022-05-24,16468.169921875
2022-05-25,16416.111328125
2022-05-26,15986.7177734375
2022-05-27,16083.55859375
2022-05-30,17834.087890625
2022-05-31,18492.275390625
2022-06-01,19426.330078125
2022-06-02,19558.3359375
2022-06-03,19496.4765625
2022-06-06,19058.341796875
2022-06-07,19402.109375
2022-06-08,19048.955078125
2022-06-09,18930.640625
2022-06-10,18758.7109375
2022-06-13,18623.638671875
2022-06-14,18222.36328125
2022-06-15,18569.88671875
2022-06-16,18200.66015625
2022-06-17,17989.443359375
2022-06-20,17943.19921875
2022-06-21,18303.265625
2022-06-22,18099.46875
2022-06-23,18589.802734375
2022-06-24,18732.79296875
2022-06-27,19082.8828125
2022-06-28,20158.236328125
2022-06-29,20547.79296875
2022-06-30,20012.63671875
2022-07-01,20059.794921875
2022-07-04,20349.720703125
2022-07-05,20510.201171875
2022-07-06,20808.369140625
2022-07-07,20797.654296875
2022-07-08,20943.943359375
2022-07-11,20942.75
2022-07-12,21005.296875
2022-07-13,20958.916015625
2022-07-14,20787.533203125
2022-07-15,20080.671875
2022-07-18,20859.51171875
2022-07-19,20987.396484375
2022-07-20,20716.3828125
2022-07-21,21091.283203125
2022-07-22,21053.556640625
2022-07-25,20944.99609375
2022-07-26,20977.689453125
2022-07-27,21262.390625
2022-07-28,21172.14453125
2022-07-29,20826.5
2022-08-01,20990.69140625
2022-08-02,20852.734375
2022-08-03,20869.8125
2022-08-04,21487.708984375
2022-08-05,21705.10546875
2022-08-08,21726.90234375
2022-08-10,20833.3671875
2022-08-11,20811.84765625
2022-08-12,20576.732421875
2022-08-16,20514.275390625
2022-08-17,20495.13671875
2022-08-18,21297.740234375
2022-08-19,20930.5703125
2022-08-22,20477.326171875
2022-08-23,20489.091796875
2022-08-24,20484.740234375
2022-08-25,20929.931640625
2022-08-26,21141.23828125
2022-08-29,21265.04296875
2022-08-30,21349.888671875
2022-09-01,20977.23046875
2022-09-02,21132.310546875
2022-09-05,21286.24609375
2022-09-06,21048.474609375
2022-09-07,20861.11328125
2022-09-08,20823.4765625
2022-09-09,20915.462890625
2022-09-12,20884.513671875
2022-09-13,20880.84765625
2022-09-14,20889.08984375
2022-09-15,20946.140625
2022-09-16,21921.08203125
2022-09-19,21466.69140625
2022-09-20,21904.095703125
2022-09-21,21049.80078125
2022-09-22,21820.48828125
2022-09-23,21714.94921875
2022-09-26,21742.833984375
2022-09-27,21691.77734375
2022-09-28,21864.810546875
2022-09-29,22057.025390625
2022-09-30,22532.982421875
2022-10-03,22248.18359375
2022-10-04,22703.4921875
2022-10-06,23013.193359375
2022-10-07,22403.541015625
2022-10-10,22451.80078125
2022-10-11,21747.08984375
2022-10-12,21688.392578125
2022-10-13,21413.763671875
2022-10-14,21065.185546875
2022-10-17,21441.234375
2022-10-18,21688.02734375
2022-10-19,21492.1484375
2022-10-20,21270.037109375
2022-10-21,21020.54296875
2022-10-24,21216.0546875
2022-10-25,20990.69140625
2022-10-27,20705.166015625
2022-10-28,21099.068359375
2022-10-31,21326.033203125
2022-11-01,21170.587890625
2022-11-02,21436.3359375
2022-11-03,21127.501953125
2022-11-04,20944.763671875
2022-11-07,20513.220703125
2022-11-09,21505.19921875
2022-11-10,21578.50390625
2022-11-11,21685.509765625
2022-11-14,22420.7109375
2022-11-15,22100.84375
2022-11-16,21991.13671875
2022-11-17,21982.115234375
2022-11-18,22267.1875
2022-11-21,22525.765625
2022-11-22,21984.5078125
2022-11-23,21800.701171875
2022-11-24,21757.669921875
2022-11-25,21730.81640625
2022-11-28,22051.78515625
2022-11-29,22204.46484375
2022-11-30,22160.38671875
2022-12-01,22192.126953125
2022-12-02,21966.666015625
2022-12-05,21927.759765625
2022-12-06,21906.7890625
2022-12-07,21821.673828125
2022-12-08,21739.021484375
2022-12-09,21939.1015625
2022-12-12,22134.671875
2022-12-13,22090.404296875
2022-12-14,22079.91796875
2022-12-15,22139.1328125
2022-12-16,21908.92578125
2022-12-19,21924.15625
2022-12-20,21747.041015625
2022-12-21,21705.00390625
2022-12-22,21466.734375
2022-12-23,21278.611328125
2022-12-26,21243.076171875
2022-12-27,21192.07421875
2022-12-28,20971.876953125
2022-12-29,20892.453125
2022-12-30,20822.04296875
2023-01-02,20406.990234375
2023-01-03,20498.369140625
2023-01-04,20923.861328125
2023-01-05,21244.21484375
2023-01-06,21155.39453125
2023-01-09,21599.154296875
2023-01-10,21411.36328125
2023-01-11,21038.158203125
2023-01-12,21194.302734375
2023-01-13,21252.373046875
2023-01-16,21363.919921875
2023-01-17,21456.24609375
2023-01-18,21473.376953125
2023-01-19,21591.419921875
2023-01-20,21547.626953125
2023-01-23,21593.5078125
2023-01-24,21586.345703125
2023-01-25,21546.53515625
2023-01-27,21445.85546875
2023-01-30,21614.478515625
2023-01-31,22137.1875
2023-02-01,21488.51171875
2023-02-02,21958.267578125
2023-02-03,21856.6875
2023-02-06,21457.1484375
2023-02-07,21730.103515625
2023-02-08,21936.728515625
2023-02-09,22326.302734375
2023-02-10,22223.822265625
2023-02-13,21784.09765625
2023-02-14,21233.158203125
2023-02-15,20452.8203125
2023-02-16,21126.076171875
2023-02-17,21044.041015625
2023-02-20,20956.740234375
2023-02-21,21077.537109375
2023-02-22,20694.796875
2023-02-23,20962.53125
2023-02-24,20737.166015625
2023-02-27,20823.369140625
2023-02-28,21719.474609375
2023-03-01,21498.427734375
2023-03-02,22124.138671875
2023-03-03,22017.38671875
2023-03-06,22210.490234375
2023-03-08,22420.19921875
2023-03-09,22333.751953125
2023-03-10,22377.97265625
2023-03-13,22337.453125
2023-03-14,21922.828125
2023-03-15,22177.08984375
2023-03-16,21808.291015625
2023-03-17,21764.548828125
2023-03-20,21745.6171875
2023-03-21,21571.587890625
2023-03-22,21208.869140625
2023-03-23,20670.453125
2023-03-24,21182.58203125
2023-03-27,21590.1875
2023-03-28,21605.1796875
2023-03-29,21915.09375
2023-03-31,21790.642578125
2023-04-03,21510.953125
2023-04-05,21509.578125
2023-04-06,22136.427734375
2023-04-10,21616.615234375
2023-04-11,22092.4453125
2023-04-12,21855.21875
2023-04-13,21693.619140625
2023-04-17,21792.970703125
2023-04-18,21672.173828125
2023-04-19,21613.765625
2023-04-20,21471.80859375
2023-04-21,21206.1640625
2023-04-24,21267.888671875
2023-04-25,21157.103515625
2023-04-26,21279.98828125
2023-04-27,21456.53515625
2023-04-28,21396.23046875
2023-05-02,21246.111328125
2023-05-03,21840.365234375
2023-05-04,22327.8203125
2023-05-05,22192.69921875
2023-05-08,22570.458984375
2023-05-09,22705.013671875
2023-05-10,22459.86328125
2023-05-11,22395.52734375
2023-05-12,22295.2265625
2023-05-15,22046.470703125
2023-05-16,22108.90625
2023-05-17,22121.71875
2023-05-18,22169.732421875
2023-05-19,22690.259765625
2023-05-22,23062.564453125
2023-05-23,22833.212890625
2023-05-24,23042.54296875
2023-05-25,22737.84765625
2023-05-26,22979.34765625
2023-05-29,22913.5859375
2023-05-30,23549.544921875
2023-05-31,23868.376953125
2023-06-01,24947.525390625
2023-06-02,24912.65625
2023-06-05,25434.79296875
2023-06-06,26022.55078125
2023-06-07,25584.673828125
2023-06-08,25329.2734375
2023-06-09,25173.986328125
2023-06-12,25162.7890625
2023-06-13,25570.298828125
2023-06-14,26705.33984375
2023-06-15,26332.416015625
2023-06-16,26503.693359375
2023-06-19,26391.9609375
2023-06-20,26265.423828125
2023-06-21,25857.533203125
2023-06-22,25281.779296875
2023-06-23,25598.763671875
2023-06-26,26102.63671875
2023-06-27,26266.65625
2023-06-28,25840.451171875
2023-06-30,25632.642578125
2023-07-03,25835.1875
2023-07-04,25694.08203125
2023-07-05,25930.21875
2023-07-06,25963.57421875
2023-07-07,25618.548828125
2023-07-10,26399.078125
2023-07-11,26543.3125
2023-07-12,27001.162109375
2023-07-13,27369.384765625
2023-07-14,27136.427734375
2023-07-17,26866.84375
2023-07-18,26502.603515625
2023-07-19,26486.47265625
2023-07-20,26720.662109375
2023-07-21,26584.400390625
2023-07-24,26836.001953125
2023-07-25,26795.484375
2023-07-26,26621.787109375
2023-07-27,26407.5234375
2023-07-28,26465.611328125
2023-07-31,27542.45703125
2023-08-01,27226.201171875
2023-08-02,26918.328125
2023-08-03,27149.064453125
2023-08-04,26821.52734375
2023-08-07,26099.74609375
2023-08-08,26181.689453125
2023-08-09,25547.994140625
2023-08-10,26777.673828125
2023-08-11,28063.115234375
2023-08-14,27311.810546875
2023-08-16,27374.853515625
2023-08-17,27782.52734375
2023-08-18,27736.861328125
2023-08-21,27648.775390625
2023-08-22,28169.056640625
2023-08-23,28799.5625
2023-08-24,29091.201171875
2023-08-25,28906.6015625
2023-08-28,29016.828125
2023-08-29,30074.193359375
2023-08-30,30172.755859375
2023-08-31,29667.0
2023-09-01,29664.90234375
2023-09-04,31254.740234375
2023-09-05,30892.158203125
2023-09-06,30947.201171875
2023-09-07,30596.998046875
2023-09-08,31344.255859375
2023-09-11,31134.1796875
2023-09-12,30202.798828125
2023-09-13,29649.666015625
2023-09-14,29626.90625
2023-09-15,28917.791015625
2023-09-18,28729.283203125
2023-09-20,28621.67578125
2023-09-21,28485.693359375
2023-09-22,29792.26953125
2023-09-25,30180.849609375
2023-09-26,29475.63671875
2023-09-27,29690.091796875
2023-09-28,29391.9765625
2023-09-29,30288.169921875
2023-10-03,29879.453125
2023-10-04,29469.779296875
2023-10-05,29429.689453125
2023-10-06,29663.712890625
2023-10-09,29353.552734375
2023-10-10,29406.595703125
2023-10-11,29614.8125
2023-10-12,29524.345703125
2023-10-13,29345.31640625
2023-10-16,29158.66796875
2023-10-17,29217.759765625
2023-10-18,28926.55078125
2023-10-19,28989.2109375
2023-10-20,28656.767578125
2023-10-23,27987.6484375
2023-10-25,27908.654296875
2023-10-26,27778.240234375
2023-10-27,28354.609375
2023-10-30,28185.29296875
2023-10-31,28342.513671875
2023-11-01,28874.080078125
2023-11-02,29830.505859375
2023-11-03,29796.080078125
2023-11-06,29950.015625
2023-11-07,29826.458984375
2023-11-08,29977.7265625
2023-11-09,30212.65625
2023-11-10,30052.1484375
2023-11-13,29765.130859375
2023-11-15,29661.330078125
2023-11-16,29240.9453125
2023-11-17,28908.837890625
2023-11-20,29263.27734375
2023-11-21,29480.017578125
2023-11-22,29261.990234375
2023-11-23,29255.61328125
2023-11-24,28878.173828125
2023-11-28,28972.259765625
2023-11-29,28804.564453125
2023-11-30,29556.7734375
2023-12-01,29605.00390625
2023-12-04,29858.455078125
2023-12-05,29896.9765625
2023-12-06,29372.076171875
2023-12-07,29993.201171875
2023-12-08,29977.583984375
2023-12-11,30289.45703125
2023-12-12,29725.943359375
2023-12-13,29995.439453125
2023-12-14,29658.5703125
2023-12-15,29704.61328125
2023-12-18,29536.060546875
2023-12-19,29967.82421875
2023-12-20,29251.70703125
2023-12-21,29861.978515625
2023-12-22,29694.08984375
2023-12-26,29947.015625
2023-12-27,34653.53125
2023-12-28,33416.8984375
2023-12-29,35528.8671875
2024-01-01,34910.64453125
2024-01-02,33933.60546875
2024-01-03,32603.076171875
2024-01-04,32684.072265625
2024-01-05,33041.31640625
2024-01-08,32444.857421875
2024-01-09,32525.228515625
2024-01-10,32422.05078125
2024-01-11,32471.56640625
2024-01-12,32464.66015625
2024-01-15,32867.47265625
2024-01-16,32696.828125
2024-01-17,32706.5390625
2024-01-18,32465.94921875
2024-01-19,32297.630859375
2024-01-23,31927.859375
2024-01-24,32826.1015625
2024-01-25,32423.5703125
2024-01-29,32114.93359375
2024-01-30,32049.611328125
2024-01-31,32766.4921875
2024-02-01,32190.8359375
2024-02-02,31300.404296875
2024-02-05,30835.828125
2024-02-06,31542.7109375
2024-02-07,32351.578125
2024-02-08,31532.095703125
2024-02-09,31085.041015625
2024-02-12,30275.6015625
2024-02-13,29969.443359375
2024-02-14,29470.541015625
2024-02-15,29319.224609375
2024-02-16,29423.021484375
2024-02-19,29443.0703125
2024-02-20,29887.021484375
2024-02-21,29529.583984375
2024-02-22,29059.5390625
2024-02-23,28930.02734375
2024-02-26,29275.609375
2024-02-27,29755.1796875
2024-02-28,29205.998046875
2024-02-29,30451.775390625
2024-03-01,30201.037109375
2024-03-04,29193.189453125
2024-03-05,28678.623046875
2024-03-06,28876.74609375
2024-03-07,29026.111328125
2024-03-11,28665.48046875
2024-03-12,29371.45703125
2024-03-13,28803.279296875
2024-03-14,28695.2890625
2024-03-15,28182.29296875
2024-03-18,28107.681640625
2024-03-19,28262.71484375
2024-03-20,28605.583984375
2024-03-21,28615.390625
2024-03-22,29262.134765625
2024-03-26,29032.3984375
2024-03-27,29973.205078125
2024-03-28,29704.896484375
2024-04-01,29076.248046875
2024-04-02,28832.89453125
2024-04-03,28824.75
2024-04-04,28879.412109375
2024-04-05,28900.3125
2024-04-08,28559.4921875
2024-04-09,28616.107421875
2024-04-10,28426.505859375
2024-04-12,28198.1484375
2024-04-15,27793.62109375
2024-04-16,28339.5625
2024-04-18,27983.07421875
2024-04-19,28245.19140625
2024-04-22,28408.365234375
2024-04-23,28335.849609375
2024-04-24,28838.369140625
2024-04-25,28545.255859375
2024-04-26,28537.970703125
2024-04-29,28591.396484375
2024-04-30,29014.255859375
2024-05-02,28314.46875
2024-05-03,28279.76171875
2024-05-06,28183.1015625
2024-05-07,28211.57421875
2024-05-08,27734.482421875
2024-05-09,27458.748046875
2024-05-10,27325.095703125
2024-05-13,27547.5
2024-05-14,27501.36328125
2024-05-15,27253.4375
2024-05-16,28574.349609375
2024-05-17,28866.4140625
2024-05-21,30030.388671875
2024-05-22,29701.04296875
2024-05-23,29371.50390625
2024-05-24,29227.521484375
2024-05-27,29465.63671875
2024-05-28,32296.251953125
2024-05-29,31895.533203125
2024-05-30,32378.435546875
2024-05-31,31791.970703125
2024-06-03,32202.263671875
2024-06-04,30808.78515625
2024-06-05,31568.849609375
2024-06-06,32364.2421875
2024-06-07,32141.79296875
2024-06-10,32530.228515625
2024-06-11,33926.51171875
2024-06-12,34504.6484375
2024-06-13,35134.10546875
2024-06-14,34748.09765625
2024-06-18,35299.75390625
2024-06-19,35168.33984375
2024-06-20,35269.28125
2024-06-21,36153.8515625
2024-06-24,36345.6484375
2024-06-25,36056.1953125
2024-06-26,35408.40625
2024-06-27,35678.953125
2024-06-28,35048.11328125
2024-07-01,36050.6796875
2024-07-02,37052.09375
2024-07-03,37531.2421875
2024-07-04,37639.17578125
2024-07-05,37569.30859375
2024-07-08,38079.62109375
2024-07-09,38783.078125
2024-07-10,38130.59765625
2024-07-11,38211.46875
2024-07-12,37450.984375
2024-07-15,37796.36328125
2024-07-16,37573.0859375
2024-07-18,36936.0625
2024-07-19,36355.44140625
2024-07-22,37210.4609375
2024-07-23,37300.53515625
2024-07-24,37218.40234375
2024-07-25,36572.22265625
2024-07-26,36754.0234375
2024-07-29,37675.1328125
2024-07-30,38376.109375
2024-07-31,38071.0
2024-08-01,38104.28515625
2024-08-02,38194.51171875
2024-08-05,37012.28515625
2024-08-06,36897.4453125
2024-08-07,36535.98046875
2024-08-08,35974.30078125
2024-08-09,36282.08203125
2024-08-12,36552.30859375
2024-08-13,35856.80078125
2024-08-14,34905.3125
2024-08-16,34576.74609375
2024-08-19,34330.984375
2024-08-20,34185.0
2024-08-21,34929.34375
2024-08-22,34233.3046875
2024-08-23,33899.5546875
2024-08-26,33786.90234375
2024-08-27,34761.20703125
2024-08-28,34275.125
2024-08-29,34073.2109375
2024-08-30,34560.8515625
2024-09-02,34565.21484375
2024-09-03,34613.28125
2024-09-04,33882.83984375
2024-09-05,33819.0234375
2024-09-06,34013.421875
2024-09-09,33845.4765625
2024-09-10,34239.1171875
2024-09-11,34046.953125
2024-09-12,34028.1484375
2024-09-13,34421.7890625
2024-09-16,34700.0625
2024-09-17,34621.859375
2024-09-18,34277.49609375
2024-09-19,34155.5859375
2024-09-20,33761.5625
2024-09-23,34391.60546875
2024-09-24,34133.828125
2024-09-25,34127.19140625
2024-09-26,34505.71484375
2024-09-27,33458.48046875
2024-09-30,32787.78125
2024-10-01,33365.3984375
2024-10-03,33497.921875
2024-10-04,33268.296875
2024-10-07,32773.296875
2024-10-08,32870.734375
2024-10-09,33846.5
2024-10-10,33363.70703125
2024-10-11,32943.8515625
2024-10-14,32971.421875
2024-10-15,32946.7109375
2024-10-16,33161.01953125
2024-10-17,32675.900390625
2024-10-18,32959.44921875
2024-10-21,32826.05859375
2024-10-22,32797.47265625
2024-10-23,32824.65234375
2024-10-24,32941.91015625
2024-10-25,32705.068359375
2024-10-28,32275.765625
2024-10-29,32484.458984375
2024-10-30,33531.69140625
2024-10-31,34932.93359375
2024-11-01,35048.4453125
2024-11-04,34969.2734375
2024-11-05,34366.94140625
2024-11-06,34336.75390625
2024-11-07,34948.14453125
2024-11-08,34814.80078125
2024-11-11,33891.8515625
2024-11-12,33819.703125
2024-11-13,32332.21484375
2024-11-14,31462.177734375
2024-11-18,30685.02734375
2024-11-19,30915.42578125
2024-11-21,30336.44921875
2024-11-22,29736.638671875
2024-11-25,30903.89453125
2024-11-26,30766.04296875
2024-11-27,30761.73046875
2024-11-28,31051.337890625
2024-11-29,31248.20703125
2024-12-02,30706.5390625
2024-12-03,30138.515625
2024-12-04,30041.462890625
2024-12-05,30311.009765625
2024-12-06,30422.068359375
2024-12-09,30163.615234375
2024-12-10,30308.685546875
2024-12-11,30637.734375
2024-12-12,30500.080078125
2024-12-13,30624.9921875
2024-12-16,30520.478515625
2024-12-17,30167.34375
2024-12-18,29946.783203125
2024-12-19,30148.255859375
2024-12-20,29861.01953125
2024-12-23,29727.771484375
2024-12-24,30035.50390625
2024-12-26,30020.38671875
2024-12-27,29494.85546875
2024-12-30,29570.634765625
2024-12-31,29453.330078125
2025-01-01,29242.505859375
2025-01-02,30000.76171875
2025-01-03,29676.990234375
2025-01-06,29339.220703125
2025-01-07,30000.470703125
2025-01-08,29823.419921875
2025-01-09,29648.744140625
2025-01-10,28775.75
2025-01-13,28144.0078125
2025-01-14,28126.224609375
2025-01-15,27924.26953125
2025-01-16,29535.701171875
2025-01-17,28717.845703125
2025-01-20,28697.302734375
2025-01-21,27949.22265625
2025-01-22,28123.365234375
2025-01-23,29057.556640625
2025-01-24,28209.517578125
2025-01-27,28307.25
2025-01-28,28487.44921875
2025-01-29,28498.25390625
2025-01-30,28998.201171875
2025-01-31,28967.91796875
2025-02-01,28971.74609375
2025-02-03,28553.734375
2025-02-04,27866.94921875
2025-02-05,27613.96875
2025-02-06,27604.958984375
2025-02-07,27296.2578125
2025-02-10,27238.791015625
2025-02-11,26698.62890625
2025-02-12,26809.34765625
2025-02-13,26355.52734375
2025-02-14,25913.091796875
2025-02-17,26097.4140625
2025-02-18,25853.05859375
2025-02-19,26165.92578125
2025-02-20,26594.2109375
2025-02-21,26498.5625
2025-02-24,25952.001953125
2025-02-25,25667.96484375
2025-02-27,25648.6796875
2025-02-28,25484.1328125
2025-03-03,25463.39453125
2025-03-04,25179.06640625
2025-03-05,26922.58203125
2025-03-06,27042.021484375
2025-03-07,26866.037109375
2025-03-10,26618.77734375
2025-03-11,27084.126953125
2025-03-12,27086.017578125
2025-03-13,27018.181640625
2025-03-17,26444.197265625
2025-03-18,26444.197265625
2025-03-19,27467.251953125
2025-03-20,27107.53125
2025-03-21,27646.435546875
2025-03-24,27648.568359375
2025-03-25,27585.3828125
2025-03-26,27084.369140625
2025-03-27,27029.423828125
2025-03-28,27995.8359375
2025-04-01,27358.619140625
2025-04-02,27784.576171875
2025-04-03,28074.185546875
2025-04-04,27450.197265625
2025-04-07,26581.513671875
2025-04-08,27377.564453125
2025-04-09,27161.41015625
2025-04-11,28109.36328125
2025-04-15,29445.4296875
2025-04-16,29765.2265625
2025-04-17,29396.9765625
2025-04-21,29159.552734375
2025-04-22,29028.7265625
2025-04-23,29067.4921875
2025-04-24,28951.201171875
2025-04-25,29091.716796875
2025-04-28,28582.951171875
2025-04-29,29106.25390625
2025-04-30,29178.93359375
2025-05-02,29169.244140625
2025-05-05,29251.615234375
2025-05-06,28723.466796875
2025-05-07,28607.1796875
2025-05-08,28432.744140625
2025-05-09,28151.712890625
2025-05-12,28297.07421875
2025-05-13,28234.083984375
2025-05-14,28364.908203125
2025-05-15,28650.787109375
2025-05-16,28762.23046875
2025-05-19,28723.466796875
2025-05-20,28432.744140625
2025-05-21,29367.904296875
2025-05-22,29290.37890625
2025-05-23,29164.3984375
2025-05-26,29178.93359375
2025-05-27,29145.017578125
2025-05-28,28030.576171875
2025-05-29,27919.134765625
2025-05-30,28369.75390625
2025-06-02,28389.13671875
2025-06-03,28907.591796875
2025-06-04,28776.767578125
2025-06-05,28713.77734375
2025-06-06,28452.125
2025-06-09,28515.115234375
2025-06-10,28515.115234375
2025-06-11,28418.208984375
2025-06-12,28326.146484375
2025-06-13,28243.7734375
2025-06-16,28243.7734375
2025-06-17,28074.185546875
2025-06-18,28272.84765625
2025-06-19,27982.125
2025-06-20,27609.029296875
2025-06-23,27512.12109375
2025-06-24,27536.34765625
2025-06-25,27618.71875
2025-06-26,27720.47265625
2025-06-27,27764.080078125
2025-06-30,27618.71875
2025-07-01,27802.84375
2025-07-02,27531.501953125
2025-07-03,27831.916015625
2025-07-04,28049.958984375
2025-07-07,28350.373046875
2025-07-08,28602.333984375
2025-07-09,28582.951171875
2025-07-10,28820.375
2025-07-11,28781.611328125
2025-07-14,28771.921875
2025-07-15,28839.7578125
2025-07-16,29130.48046875
2025-07-17,29072.3359375
2025-07-18,28975.427734375
2025-07-21,29275.84375
2025-07-22,30264.30078125
2025-07-23,30550.1796875
2025-07-24,30700.38671875
2025-07-25,30784.171875
2025-07-28,30508.169921875
2025-07-29,30473.669921875
2025-07-30,30513.09765625
2025-07-31,30315.953125
2025-08-01,30463.8125
2025-08-04,30123.73828125
2025-08-05,30394.8125
2025-08-06,30444.09765625
2025-08-07,31543.1796875
2025-08-08,31163.67578125
2025-08-11,30858.1015625
2025-08-12,30582.099609375
2025-08-13,30059.666015625
2025-08-14,29916.734375
2025-08-18,29970.94921875
2025-08-19,30715.171875
2025-08-20,30463.8125
2025-08-21,30434.240234375
2025-08-22,30113.880859375
2025-08-25,30084.30859375
2025-08-26,29980.806640625
2025-08-28,30039.951171875
2025-08-29,30320.8828125
2025-09-01,30848.244140625
2025-09-02,30646.171875
2025-09-03,30537.7421875
2025-09-04,30020.236328125
2025-09-05,29951.236328125
2025-09-08,30394.8125
2025-09-09,30389.8828125
2025-09-10,30128.666015625
2025-09-11,30527.884765625
2025-09-12,30276.525390625
2025-09-15,30138.5234375
2025-09-16,30148.380859375
2025-09-17,29823.091796875
2025-09-18,29941.37890625
2025-09-19,29487.9453125
2025-09-22,29547.087890625
2025-09-23,29409.087890625
2025-09-24,28955.654296875
2025-09-25,28507.1484375
2025-09-26,28733.865234375
2025-09-29,28423.36328125
2025-09-30,29024.654296875
2025-10-01,28719.080078125
2025-10-03,28719.080078125
2025-10-06,28906.3671875
2025-10-07,28694.4375
2025-10-08,28783.15234375
2025-10-09,28847.224609375
2025-10-10,29167.583984375
2025-10-13,28517.005859375
2025-10-14,28684.580078125
2025-10-15,28886.65234375
2025-10-16,28975.369140625
2025-10-17,29142.94140625
2025-10-20,29251.37109375
2025-10-21,29364.73046875
2025-10-23,29310.515625
2025-10-24,29310.515625
2025-10-27,29586.517578125
2025-10-28,29123.2265625
2025-10-29,29340.0859375
2025-10-30,29438.658203125
2025-10-31,29138.013671875
2025-11-03,30261.73828125
2025-11-04,35372.71875
2025-11-06,35279.07421875
2025-11-07,35072.07421875
2025-11-10,35510.72265625
2025-11-11,35520.578125
2025-11-12,35491.0078125
2025-11-13,35560.0078125
2025-11-14,35397.36328125
2025-11-17,35614.22265625
2025-11-18,35574.79296875
2025-11-19,35456.5078125
2025-11-20,35175.57421875
2025-11-21,34948.859375
2025-11-24,34845.35546875
2025-11-25,34786.21484375
2025-11-26,35012.9296875
2025-11-27,34529.92578125
2025-11-28,34342.63671875
2025-12-01,34317.99609375
2025-12-02,34253.921875
2025-12-03,34263.78125
2025-12-04,34253.921875
2025-12-05,33637.84375
2025-12-08,34416.56640625
2025-12-09,34002.5625
2025-12-10,34091.27734375
2025-12-11,33987.77734375
2025-12-12,34958.71484375
2025-12-15,35057.2890625
2025-12-16,34865.0703125
2025-12-17,34628.49609375
2025-12-18,34515.140625
2025-12-19,34377.13671875
2025-12-22,34929.14453125
2025-12-23,34510.2109375
2025-12-24,34081.421875
2025-12-26,34081.421875
2025-12-29,33825.1328125
2025-12-30,34786.21484375
2025-12-31,34613.7109375
2026-01-01,35486.078125
2026-01-02,35653.65234375
2026-01-05,35865.58203125
2026-01-06,34520.06640625
2026-01-07,34377.13671875
2026-01-08,34332.78125
2026-01-09,33647.703125
2026-01-12,34332.78125
2026-01-13,34495.42578125
2026-01-14,34929.14453125
2026-01-16,34746.78515625
2026-01-19,33953.27734375
2026-01-20,32898.55078125
2026-01-21,33494.9140625
2026-01-22,33416.05859375
2026-01-23,32839.40625
2026-01-27,32602.833984375
2026-01-28,33297.76953125
2026-01-29,34110.9921875
2026-01-30,33899.0625
2026-02-02,33997.6328125
2026-02-03,34524.99609375
2026-02-04,35254.43359375
2026-02-05,34943.9296875
2026-02-06,34687.640625
2026-02-09,35964.15625
2026-02-10,37097.73828125
2026-02-11,37043.5234375
2026-02-12,36979.44921875
2026-02-13,34613.7109375
2026-02-16,35579.72265625
2026-02-17,35515.6484375
2026-02-18,36388.015625
2026-02-19,36368.30078125
2026-02-20,35629.0078125
2026-02-23,35599.4375
2026-02-24,35362.86328125
2026-02-25,35919.796875
2026-02-26,35934.58203125
2026-02-27,36969.59375
2026-03-02,35165.71875
2026-03-04,33790.6328125
2026-03-05,34037.0625
2026-03-06,33830.0625
2026-03-09,32967.55078125
2026-03-10,33489.984375
2026-03-11,33238.625
2026-03-12,33815.2734375
2026-03-13,32514.119140625
2026-03-16,32499.333984375
2026-03-17,32637.333984375
2026-03-18,32504.26171875
2026-03-19,32509.189453125
2026-03-20,31809.326171875
2026-03-23,30656.029296875
2026-03-24,31109.4609375
2026-03-25,31336.177734375
2026-03-27,30424.3828125
2026-03-30,29690.01953125
2026-04-01,28975.369140625
2026-04-02,29310.515625
2026-04-06,28965.51171875
2026-04-07,28842.294921875
2026-04-08,31143.962890625
2026-04-09,30606.7421875
2026-04-10,31025.67578125
2026-04-13,30808.81640625
2026-04-15,30991.17578125
2026-04-16,30818.673828125
2026-04-17,30961.603515625
2026-04-20,31030.603515625
2026-04-21,31134.10546875
2026-04-22,32085.328125
2026-04-23,32661.978515625
2026-04-24,32169.115234375
2026-04-27,33149.91015625
2026-04-28,32785.19140625
2026-04-29,32701.40625
2026-04-30,32824.62109375
2026-05-04,32607.763671875
2026-05-05,31962.11328125
2026-05-06,32060.685546875
2026-05-07,32183.900390625
2026-05-08,31587.537109375
2026-05-11,31227.748046875
2026-05-12,30557.45703125
2026-05-13,30626.45703125
2026-05-14,30749.671875
2026-05-15,30798.958984375
2026-05-18,31252.392578125
2026-05-19,31355.892578125
2026-05-20,30695.45703125
2026-05-21,31740.326171875
2026-05-22,32839.40625
2026-05-25,33135.125
2026-05-26,32627.4765625
2026-05-27,32750.693359375
2026-05-28,32750.693359375
2026-05-29,32341.6171875
2026-06-01,32095.185546875
2026-06-02,32144.47265625
2026-06-03,31981.828125
2026-06-04,31829.041015625
2026-06-05,31538.251953125
2026-06-08,31089.748046875
2026-06-09,31331.25
2026-06-10,31129.17578125
2026-06-11,30720.1015625
2026-06-12,31099.603515625
2026-06-15,31212.962890625
2026-06-16,31838.8984375
2026-06-17,32588.048828125
2026-06-18,32775.3359375
2026-06-19,32652.12109375
2026-06-22,32849.265625
2026-06-23,33135.125
2026-06-24,33056.265625
2026-06-25,32903.48046875
2026-06-26,32903.48046875
2026-06-29,32243.044921875
2026-06-30,32430.33203125
2026-07-01,32957.6953125
2026-07-02,33475.19921875
2026-07-03,34732.0
2026-07-06,34707.35546875
2026-07-07,34756.640625
2026-07-08,33765.98828125
2026-07-09,34248.9921875
2026-07-10,34865.0703125
2026-07-13,35909.94140625
2026-07-14,36018.37109375
2026-07-15,35417.078125
2026-07-16,34939.0
2026-07-17,34870.0
2026-07-20,35240.0
2026-07-21,35170.0
2026-07-22,35725.0
2026-07-23,35245.0
2026-07-24,35500.0
2026-07-27,35195.0
2026-07-28,35090.0
2026-07-29,35425.0
2026-07-30,34940.0
2026-07-31,34615.0
2026-08-03,35955.0
2026-08-04,35725.0
2026-08-05,35805.0
2026-08-06,36000.0
2026-08-07,36035.0
2026-08-10,35900.0
2026-08-11,36115.0
2026-08-12,35935.0
2026-08-13,36165.0
2026-08-14,35340.0
2026-08-17,34910.0
2026-08-18,34945.0
2026-08-19,33505.0
2026-08-20,33550.0
2026-08-21,33640.0
2026-08-24,33885.0
2026-08-25,33695.0
2026-08-26,33570.0
2026-08-27,34245.0
2026-08-28,34415.0
2026-08-31,33320.0
2026-09-01,33315.0
2026-09-02,32895.0
2026-09-03,32820.0
2026-09-04,32845.0
2026-09-07,32840.0
2026-09-08,33145.0
2026-09-09,33025.0
2026-09-10,32800.0
2026-09-11,32710.0
2026-09-15,31590.0
2026-09-16,31935.0
2026-09-18,34095.0
2026-09-21,34700.0
