Date,BALRAMCHIN
2002-07-01,0.17340829968452454
2002-07-02,0.1758597493171692
2002-07-03,0.17508560419082642
2002-07-04,0.18643976747989655
2002-07-05,0.19366510212421417
2002-07-08,0.19585852324962616
2002-07-09,0.19018147885799408
2002-07-10,0.1897943615913391
2002-07-11,0.19005243480205536
2002-07-12,0.42037269473075867
2002-07-15,0.4075601100921631
2002-07-16,0.3981033265590668
2002-07-17,0.3916970193386078
2002-07-18,0.3932223916053772
2002-07-19,0.3944425582885742
2002-07-22,0.3791896104812622
2002-07-23,0.3810199499130249
2002-07-24,0.3764440417289734
2002-07-25,0.3804098963737488
2002-07-26,0.38285031914711
2002-07-29,0.3721731901168823
2002-07-30,0.3666820824146271
2002-07-31,0.36729228496551514
2002-08-01,0.3682074546813965
2002-08-02,0.36485186219215393
2002-08-05,0.3715631663799286
2002-08-06,0.3691226541996002
2002-08-07,0.3669871985912323
2002-08-08,0.35508993268013
2002-08-09,0.3605809509754181
2002-08-12,0.3581404983997345
2002-08-13,0.3947477638721466
2002-08-14,0.38346049189567566
2002-08-15,0.38346049189567566
2002-08-16,0.3740036189556122
2002-08-19,0.3785794675350189
2002-08-20,0.38010478019714355
2002-08-21,0.37491872906684875
2002-08-22,0.37461376190185547
2002-08-23,0.371258020401001
2002-08-26,0.3657669723033905
2002-08-27,0.35966581106185913
2002-08-28,0.3569203019142151
2002-08-29,0.35966581106185913
2002-08-30,0.3602759540081024
2002-09-02,0.3599708080291748
2002-09-03,0.35539495944976807
2002-09-04,0.3581404983997345
2002-09-05,0.3608859181404114
2002-09-06,0.3605809509754181
2002-09-09,0.35020890831947327
2002-09-10,0.35020890831947327
2002-09-11,0.3505140244960785
2002-09-12,0.3602759540081024
2002-09-13,0.3581404983997345
2002-09-16,0.3529545068740845
2002-09-17,0.35264942049980164
2002-09-18,0.35783547163009644
2002-09-19,0.3560050129890442
2002-09-20,0.35508993268013
2002-09-23,0.3541746735572815
2002-09-24,0.3544798195362091
2002-09-25,0.35661524534225464
2002-09-26,0.35203927755355835
2002-09-27,0.35508993268013
2002-09-30,0.348683625459671
2002-10-01,0.3541746735572815
2002-10-02,0.3541746735572815
2002-10-03,0.34929367899894714
2002-10-04,0.3489886224269867
2002-10-07,0.3459380865097046
2002-10-08,0.3431924879550934
2002-10-09,0.33861663937568665
2002-10-10,0.33861663937568665
2002-10-11,0.3422773778438568
2002-10-14,0.3477683961391449
2002-10-15,0.3477683961391449
2002-10-16,0.3419722616672516
2002-10-17,0.32793954014778137
2002-10-18,0.32183825969696045
2002-10-21,0.3114662766456604
2002-10-22,0.3007892370223999
2002-10-23,0.3075004518032074
2002-10-24,0.3090257942676544
2002-10-25,0.30231449007987976
2002-10-28,0.30170440673828125
2002-10-29,0.3004841208457947
2002-10-30,0.3007892370223999
2002-10-31,0.2940778434276581
2002-11-01,0.296213299036026
2002-11-04,0.29834866523742676
2002-11-05,0.29438289999961853
2002-11-06,0.29438289999961853
2002-11-07,0.28950199484825134
2002-11-08,0.2904171347618103
2002-11-11,0.30292457342147827
2002-11-12,0.2998739778995514
2002-11-13,0.3075004518032074
2002-11-14,0.30933091044425964
2002-11-15,0.30017906427383423
2002-11-18,0.2980436384677887
2002-11-19,0.2980436384677887
2002-11-20,0.2986537516117096
2002-11-21,0.303839772939682
2002-11-22,0.3071954548358917
2002-11-25,0.3212282061576843
2002-11-26,0.33587104082107544
2002-11-27,0.36119115352630615
2002-11-28,0.3438025712966919
2002-11-29,0.3422773778438568
2002-12-02,0.3471583425998688
2002-12-03,0.3465481698513031
2002-12-04,0.35661524534225464
2002-12-05,0.34685319662094116
2002-12-06,0.35722529888153076
2002-12-09,0.35844555497169495
2002-12-10,0.3587506115436554
2002-12-11,0.3679024279117584
2002-12-12,0.35844555497169495
2002-12-13,0.3599708080291748
2002-12-16,0.36119115352630615
2002-12-17,0.3587506115436554
2002-12-18,0.3544798195362091
2002-12-19,0.35478484630584717
2002-12-20,0.35203927755355835
2002-12-23,0.3483785092830658
2002-12-24,0.34502294659614563
2002-12-25,0.34502294659614563
2002-12-26,0.34624311327934265
2002-12-27,0.3495989143848419
2002-12-30,0.3459380865097046
2002-12-31,0.3441076874732971
2003-01-01,0.3499039113521576
2003-01-02,0.3471583425998688
2003-01-03,0.3416672348976135
2003-01-06,0.33831149339675903
2003-01-07,0.3373963236808777
2003-01-08,0.33861663937568665
2003-01-09,0.3459380865097046
2003-01-10,0.33983686566352844
2003-01-13,0.33129510283470154
2003-01-14,0.3346508741378784
2003-01-15,0.32885468006134033
2003-01-16,0.32854965329170227
2003-01-17,0.3331255316734314
2003-01-20,0.3264142572879791
2003-01-21,0.3224484324455261
2003-01-22,0.31543204188346863
2003-01-23,0.31543204188346863
2003-01-24,0.3120764195919037
2003-01-27,0.29590827226638794
2003-01-28,0.29590827226638794
2003-01-29,0.296213299036026
2003-01-30,0.29926392436027527
2003-01-31,0.30292457342147827
2003-02-03,0.30170440673828125
2003-02-04,0.2989588677883148
2003-02-05,0.29956892132759094
2003-02-06,0.30475494265556335
2003-02-07,0.30353474617004395
2003-02-10,0.3004841208457947
2003-02-11,0.3004841208457947
2003-02-12,0.3004841208457947
2003-02-13,0.3004841208457947
2003-02-14,0.30109426379203796
2003-02-17,0.3096359372138977
2003-02-18,0.3373963236808777
2003-02-19,0.3373963236808777
2003-02-20,0.33099016547203064
2003-02-21,0.3248889446258545
2003-02-24,0.32336360216140747
2003-02-25,0.32885468006134033
2003-02-26,0.33404067158699036
2003-02-27,0.34502294659614563
2003-02-28,0.34563302993774414
2003-03-03,0.33526089787483215
2003-03-04,0.34624311327934265
2003-03-05,0.34929367899894714
2003-03-06,0.34746336936950684
2003-03-07,0.33861663937568665
2003-03-10,0.3306850790977478
2003-03-11,0.3319053053855896
2003-03-12,0.3331255316734314
2003-03-13,0.3495989143848419
2003-03-14,0.3495989143848419
2003-03-17,0.3416672348976135
2003-03-18,0.3416672348976135
2003-03-19,0.33800655603408813
2003-03-20,0.3401419222354889
2003-03-21,0.33922672271728516
2003-03-24,0.3370914161205292
2003-03-25,0.3419722616672516
2003-03-26,0.3346508741378784
2003-03-27,0.33404067158699036
2003-03-28,0.3337356746196747
2003-03-31,0.3337356746196747
2003-04-01,0.32793954014778137
2003-04-02,0.32519400119781494
2003-04-03,0.3264142572879791
2003-04-04,0.33129510283470154
2003-04-07,0.32824456691741943
2003-04-08,0.32854965329170227
2003-04-09,0.33160021901130676
2003-04-10,0.3267192840576172
2003-04-11,0.3261091709136963
2003-04-14,0.3261091709136963
2003-04-15,0.32519400119781494
2003-04-16,0.3270244002342224
2003-04-17,0.3248889446258545
2003-04-18,0.3248889446258545
2003-04-21,0.32732945680618286
2003-04-22,0.3230585753917694
2003-04-23,0.31939786672592163
2003-04-24,0.312686562538147
2003-04-25,0.31573715806007385
2003-04-28,0.31451690196990967
2003-04-29,0.3102460205554962
2003-04-30,0.31116122007369995
2003-05-01,0.31116122007369995
2003-05-02,0.3120764195919037
2003-05-05,0.30872076749801636
2003-05-06,0.30872076749801636
2003-05-07,0.31299158930778503
2003-05-08,0.32031306624412537
2003-05-09,0.33129510283470154
2003-05-12,0.3236686587333679
2003-05-13,0.335565984249115
2003-05-14,0.33129510283470154
2003-05-15,0.324278861284256
2003-05-16,0.32580408453941345
2003-05-19,0.3319053053855896
2003-05-20,0.3328205347061157
2003-05-21,0.34441280364990234
2003-05-22,0.34746336936950684
2003-05-23,0.35203927755355835
2003-05-26,0.36851242184638977
2003-05-27,0.36149609088897705
2003-05-28,0.35966581106185913
2003-05-29,0.3560050129890442
2003-05-30,0.36759740114212036
2003-06-02,0.38010478019714355
2003-06-03,0.38834142684936523
2003-06-04,0.4066449701786041
2003-06-05,0.4151867628097534
2003-06-06,0.432880163192749
2003-06-09,0.4405066668987274
2003-06-10,0.439286470413208
2003-06-11,0.4353206753730774
2003-06-12,0.43501561880111694
2003-06-13,0.4218980669975281
2003-06-16,0.41579684615135193
2003-06-17,0.4270840883255005
2003-06-18,0.4182372987270355
2003-06-19,0.4295244812965393
2003-06-20,0.4304397404193878
2003-06-23,0.4258638322353363
2003-06-24,0.4231182932853699
2003-06-25,0.41945749521255493
2003-06-26,0.41671204566955566
2003-06-27,0.4151867628097534
2003-06-30,0.4154917299747467
2003-07-01,0.41579684615135193
2003-07-02,0.4142715334892273
2003-07-03,0.4182372987270355
2003-07-04,0.41976264119148254
2003-07-07,0.4728429913520813
2003-07-08,0.4402015805244446
2003-07-09,0.4331852197647095
2003-07-10,0.41915246844291687
2003-07-11,0.6974006295204163
2003-07-14,0.7767547369003296
2003-07-15,0.7879458069801331
2003-07-16,0.8001540303230286
2003-07-17,0.7848935723304749
2003-07-18,0.8032059669494629
2003-07-21,0.7981192469596863
2003-07-22,0.7594595551490784
2003-07-23,0.7731939554214478
2003-07-24,0.7828590869903564
2003-07-25,0.8026974201202393
2003-07-28,0.8021887540817261
2003-07-29,0.814396858215332
2003-07-30,0.8266053795814514
2003-07-31,0.8052406907081604
2003-08-01,0.8276225924491882
2003-08-04,0.853056788444519
2003-08-05,0.890699028968811
2003-08-06,0.8596697449684143
2003-08-07,0.8652650713920593
2003-08-08,0.8667911291122437
2003-08-11,0.8566175103187561
2003-08-12,0.8362702131271362
2003-08-13,0.8423744440078735
2003-08-14,0.8199924826622009
2003-08-15,0.8199924826622009
2003-08-18,0.8535653948783875
2003-08-19,0.8164317011833191
2003-08-20,0.8199924826622009
2003-08-21,0.8255879878997803
2003-08-22,0.8937511444091797
2003-08-25,0.8581435084342957
2003-08-26,0.9263066053390503
2003-08-27,0.8912078142166138
2003-08-28,0.8845948576927185
2003-08-29,0.9008727073669434
2003-09-01,0.8815429210662842
2003-09-02,0.8525481820106506
2003-09-03,0.8632303476333618
2003-09-04,0.8591609001159668
2003-09-05,0.8688258528709412
2003-09-08,0.8520392775535583
2003-09-09,0.8322009444236755
2003-09-10,0.8103275299072266
2003-09-11,0.8337268829345703
2003-09-12,0.8210098743438721
2003-09-15,0.7859109044075012
2003-09-16,0.7782808542251587
2003-09-17,0.7894717454910278
2003-09-18,0.7558987736701965
2003-09-19,0.7681071162223816
2003-09-22,0.777772068977356
2003-09-23,0.7675984501838684
2003-09-24,0.7747201323509216
2003-09-25,0.7645463943481445
2003-09-26,0.7452166080474854
2003-09-29,0.777263343334198
2003-09-30,0.786419689655304
2003-10-01,0.7869284152984619
2003-10-02,0.7869284152984619
2003-10-03,0.8011713624000549
2003-10-06,0.8332182168960571
2003-10-07,0.8449177742004395
2003-10-08,0.8423744440078735
2003-10-09,0.8149057626724243
2003-10-10,0.8133796453475952
2003-10-13,0.8281314969062805
2003-10-14,0.8418657779693604
2003-10-15,0.8281314969062805
2003-10-16,0.8332182168960571
2003-10-17,0.8118536472320557
2003-10-20,0.8072755932807922
2003-10-21,0.7920151948928833
2003-10-22,0.7884542942047119
2003-10-23,0.777263343334198
2003-10-24,0.8159229159355164
2003-10-27,0.8581435084342957
2003-10-28,0.8678082823753357
2003-10-29,0.8500047326087952
2003-10-30,0.8372875452041626
2003-10-31,0.8525481820106506
2003-11-03,0.8520392775535583
2003-11-04,0.8428830504417419
2003-11-05,0.8784907460212708
2003-11-06,0.8901904225349426
2003-11-07,0.8845948576927185
2003-11-10,0.9893829822540283
2003-11-11,1.0148169994354248
2003-11-12,0.9939610958099365
2003-11-13,0.9573359489440918
2003-11-14,0.914607048034668
2003-11-17,0.983787477016449
2003-11-18,0.942075788974762
2003-11-19,0.935971736907959
2003-11-20,0.9481799602508545
2003-11-21,0.9227460026741028
2003-11-24,1.0036261081695557
2003-11-25,1.0646677017211914
2003-11-26,1.0646677017211914
2003-11-27,1.0463552474975586
2003-11-28,1.1002753973007202
2003-12-01,1.1552128791809082
2003-12-02,1.1898030042648315
2003-12-03,1.1602994203567505
2003-12-04,1.1165531873703003
2003-12-05,1.0763671398162842
2003-12-08,1.1119749546051025
2003-12-09,1.156230092048645
2003-12-10,1.2411795854568481
2003-12-11,1.277804970741272
2003-12-12,1.2905218601226807
2003-12-15,1.3195167779922485
2003-12-16,1.312903642654419
2003-12-17,1.311886191368103
2003-12-18,1.3322336673736572
2003-12-19,1.3378286361694336
2003-12-22,1.4578777551651
2003-12-23,1.3881882429122925
2003-12-24,1.415148377418518
2003-12-25,1.415148377418518
2003-12-26,1.4466866254806519
2003-12-29,1.4777162075042725
2003-12-30,1.4497385025024414
2003-12-31,1.3983619213104248
2004-01-01,1.4085355997085571
2004-01-02,1.3937838077545166
2004-01-05,1.3515634536743164
2004-01-06,1.2966258525848389
2004-01-07,1.2920476198196411
2004-01-08,1.320025086402893
2004-01-09,1.317481517791748
2004-01-12,1.2971343994140625
2004-01-13,1.3164646625518799
2004-01-14,1.3057821989059448
2004-01-15,1.288995385169983
2004-01-16,1.2401624917984009
2004-01-19,1.3337596654891968
2004-01-20,1.3373204469680786
2004-01-21,1.267630934715271
2004-01-22,1.1608082056045532
2004-01-23,1.2269366979599
2004-01-26,1.2269366979599
2004-01-27,1.281874418258667
2004-01-28,1.2854348421096802
2004-01-29,1.3403723239898682
2004-01-30,1.277804970741272
2004-02-02,1.277804970741272
2004-02-03,1.2605094909667969
2004-02-04,1.2645790576934814
2004-02-05,1.2584749460220337
2004-02-06,1.2884868383407593
2004-02-09,1.3739454746246338
2004-02-10,1.3469852209091187
2004-02-11,1.3525804281234741
2004-02-12,1.357158899307251
2004-02-13,1.4009054899215698
2004-02-16,1.4131135940551758
2004-02-17,1.4599119424819946
2004-02-18,1.4507559537887573
2004-02-19,1.4649991989135742
2004-02-20,1.467033863067627
2004-02-23,1.4268481731414795
2004-02-24,1.4558428525924683
2004-02-25,1.4416000843048096
2004-02-26,1.4319348335266113
2004-02-27,1.4482123851776123
2004-03-01,1.484837293624878
2004-03-02,1.484837293624878
2004-03-03,1.5092542171478271
2004-03-04,1.493993878364563
2004-03-05,1.534688115119934
2004-03-08,1.553000569343567
2004-03-09,1.533162236213684
2004-03-10,1.529092788696289
2004-03-11,1.502132773399353
2004-03-12,1.5082368850708008
2004-03-15,1.4436343908309937
2004-03-16,1.4904332160949707
2004-03-17,1.511797547340393
2004-03-18,1.4838204383850098
2004-03-19,1.484837293624878
2004-03-22,1.4685598611831665
2004-03-23,1.4558428525924683
2004-03-24,1.4421085119247437
2004-03-25,1.4878897666931152
2004-03-26,1.4868724346160889
2004-03-29,1.4924678802490234
2004-03-30,1.4761899709701538
2004-03-31,1.5250234603881836
2004-04-01,1.5519834756851196
2004-04-02,1.5738568305969238
2004-04-05,1.6145511865615845
2004-04-06,1.5982732772827148
2004-04-07,1.6862750053405762
2004-04-08,1.8582091331481934
2004-04-09,1.8582091331481934
2004-04-12,1.9070422649383545
2004-04-13,1.9080593585968018
2004-04-14,1.9080593585968018
2004-04-15,1.9838532209396362
2004-04-16,2.0036914348602295
2004-04-19,2.0428595542907715
2004-04-20,2.121196746826172
2004-04-21,2.229036808013916
2004-04-22,2.217845916748047
2004-04-23,2.138491630554199
2004-04-26,2.138491630554199
2004-04-27,2.0184433460235596
2004-04-28,2.1039011478424072
2004-04-29,2.081010580062866
2004-04-30,2.218862771987915
2004-05-03,2.1181442737579346
2004-05-04,2.150191307067871
2004-05-05,2.022003650665283
2004-05-06,1.988939642906189
2004-05-07,1.9731707572937012
2004-05-10,1.9324761629104614
2004-05-11,1.8144625425338745
2004-05-12,1.896359920501709
2004-05-13,1.8190405368804932
2004-05-14,1.5718218088150024
2004-05-17,1.4024312496185303
2004-05-18,1.4985721111297607
2004-05-19,1.6343895196914673
2004-05-20,1.585556149482727
2004-05-21,1.5204452276229858
2004-05-24,1.7152698040008545
2004-05-25,1.696448802947998
2004-05-26,1.6893271207809448
2004-05-27,1.632354974746704
2004-05-28,1.5321450233459473
2004-05-31,1.4578777551651
2004-06-01,1.4726293087005615
2004-06-02,1.4812771081924438
2004-06-03,1.486363410949707
2004-06-04,1.480768084526062
2004-06-07,1.4655078649520874
2004-06-08,1.4705944061279297
2004-06-09,1.4980634450912476
2004-06-10,1.499589443206787
2004-06-11,1.4700859785079956
2004-06-14,1.4141311645507812
2004-06-15,1.4182006120681763
2004-06-16,1.4024312496185303
2004-06-17,1.3693671226501465
2004-06-18,1.3805581331253052
2004-06-21,1.358684778213501
2004-06-22,1.3637715578079224
2004-06-23,1.2971343994140625
2004-06-24,1.283400297164917
2004-06-25,1.343932867050171
2004-06-28,1.4599119424819946
2004-06-29,1.4680509567260742
2004-06-30,1.4502472877502441
2004-07-01,1.4548256397247314
2004-07-02,1.4527904987335205
2004-07-05,1.44465172290802
2004-07-06,1.4426169395446777
2004-07-07,1.5133235454559326
2004-07-08,1.4273567199707031
2004-07-09,1.5275667905807495
2004-07-12,1.6033599376678467
2004-07-13,1.5743653774261475
2004-07-14,1.5479140281677246
2004-07-15,2.2260260581970215
2004-07-16,2.2434520721435547
2004-07-19,2.285881519317627
2004-07-20,2.251786708831787
2004-07-21,2.351041078567505
2004-07-22,2.379074811935425
2004-07-23,2.3783164024353027
2004-07-26,2.403320074081421
2004-07-27,2.473025321960449
2004-07-28,2.5253043174743652
2004-07-29,2.5419726371765137
2004-07-30,2.6109211444854736
2004-08-02,2.5677337646484375
2004-08-03,2.7616963386535645
2004-08-04,2.9003496170043945
2004-08-05,3.1162853240966797
2004-08-06,3.3261587619781494
2004-08-09,3.157198667526245
2004-08-10,3.196597099304199
2004-08-11,3.12689208984375
2004-08-12,3.061732530593872
2004-08-13,3.0632483959198
2004-08-16,3.0147576332092285
2004-08-17,3.0276377201080322
2004-08-18,3.107950448989868
2004-08-19,3.0852203369140625
2004-08-20,3.0329411029815674
2004-08-23,2.9927849769592285
2004-08-24,2.988997220993042
2004-08-25,3.1162853240966797
2004-08-26,3.194324493408203
2004-08-27,3.2753944396972656
2004-08-30,3.216297149658203
2004-08-31,3.194324493408203
2004-09-01,3.1329541206359863
2004-09-02,3.0208187103271484
2004-09-03,3.065521240234375
2004-09-06,2.8601934909820557
2004-09-07,2.9374756813049316
2004-09-08,2.9412636756896973
2004-09-09,2.913987159729004
2004-09-10,2.910957098007202
2004-09-13,2.9723281860351562
2004-09-14,2.89656138420105
2004-09-15,2.95414400100708
2004-09-16,2.9344449043273926
2004-09-17,2.944293975830078
2004-09-20,3.006423234939575
2004-09-21,2.9905123710632324
2004-09-22,2.9624781608581543
2004-09-23,2.9473252296447754
2004-09-24,3.000361680984497
2004-09-27,3.0291531085968018
2004-09-28,2.9624781608581543
2004-09-29,2.9412636756896973
2004-09-30,2.944293975830078
2004-10-01,2.923079490661621
2004-10-04,2.9306561946868896
2004-10-05,2.9639933109283447
2004-10-06,3.1261348724365234
2004-10-07,3.0109691619873047
2004-10-08,3.0117263793945312
2004-10-11,2.9867236614227295
2004-10-12,2.9450523853302
2004-10-13,2.9450523853302
2004-10-14,2.8874692916870117
2004-10-15,2.907926559448242
2004-10-18,2.917017936706543
2004-10-19,2.914745330810547
2004-10-20,2.8397364616394043
2004-10-21,2.799579620361328
2004-10-22,2.799579620361328
2004-10-25,2.7753348350524902
2004-10-26,2.791245460510254
2004-10-27,2.8018529415130615
2004-10-28,2.8276138305664062
2004-10-29,2.8632235527038574
2004-11-01,2.8026106357574463
2004-11-02,2.7298738956451416
2004-11-03,2.7639694213867188
2004-11-04,2.9753592014312744
2004-11-05,3.0549137592315674
2004-11-08,3.055671215057373
2004-11-09,3.0768861770629883
2004-11-10,3.1094658374786377
2004-11-11,3.080674648284912
2004-11-12,3.0511252880096436
2004-11-15,3.0511252880096436
2004-11-16,3.042790412902832
2004-11-17,3.075371265411377
2004-11-18,3.1655333042144775
2004-11-19,3.092039108276367
2004-11-22,3.0571866035461426
2004-11-23,3.084463119506836
2004-11-24,3.1193156242370605
2004-11-25,3.187504768371582
2004-11-26,3.187504768371582
2004-11-29,3.2822132110595703
2004-11-30,3.197355031967163
2004-12-01,3.160228967666626
2004-12-02,3.2519073486328125
2004-12-03,3.4799649715423584
2004-12-06,3.5269410610198975
2004-12-07,3.5042104721069336
2004-12-08,3.6360437870025635
2004-12-09,3.795154094696045
2004-12-10,3.66862416267395
2004-12-13,3.671654462814331
2004-12-14,3.647409439086914
2004-12-15,3.638317823410034
2004-12-16,3.712568998336792
2004-12-17,3.6193759441375732
2004-12-20,3.5837652683258057
2004-12-21,3.6413486003875732
2004-12-22,3.704235076904297
2004-12-23,3.9800260066986084
2004-12-24,3.94744610786438
2004-12-27,3.933806896209717
2004-12-28,4.025485038757324
2004-12-29,3.976994514465332
2004-12-30,3.9807827472686768
2004-12-31,4.059580326080322
2005-01-03,4.398256778717041
2005-01-04,4.279304027557373
2005-01-05,4.27248477935791
2005-01-06,4.054277420043945
2005-01-07,4.038364410400391
2005-01-10,4.165653705596924
2005-01-11,4.187625885009766
2005-01-12,4.088372230529785
2005-01-13,4.083067417144775
2005-01-14,4.227782249450684
2005-01-17,4.2376322746276855
2005-01-18,4.095948219299316
2005-01-19,4.1686835289001465
2005-01-20,4.129284381866455
2005-01-24,4.167926788330078
2005-01-25,4.1686835289001465
2005-01-27,4.167168617248535
2005-01-28,4.42477560043335
2005-01-31,4.421745777130127
2005-02-01,4.586916446685791
2005-02-02,4.877861499786377
2005-02-03,5.048336029052734
2005-02-04,5.279424667358398
2005-02-07,5.261998176574707
2005-02-08,5.047578811645508
2005-02-09,5.111221790313721
2005-02-10,5.008179187774658
2005-02-11,5.120314121246338
2005-02-14,5.113495349884033
2005-02-15,5.120314121246338
2005-02-16,5.040759086608887
2005-02-17,4.885436534881592
2005-02-18,4.839977264404297
2005-02-21,4.833158016204834
2005-02-22,4.789970874786377
2005-02-23,4.893014907836914
2005-02-24,4.857403755187988
2005-02-25,4.757390975952148
2005-02-28,5.1066765785217285
2005-03-01,5.121830463409424
2005-03-02,5.121071815490723
2005-03-03,5.3339762687683105
2005-03-04,5.32943058013916
2005-03-07,5.310489654541016
2005-03-08,5.357463836669922
2005-03-09,5.185473442077637
2005-03-10,5.1680474281311035
2005-03-11,5.237753868103027
2005-03-14,5.245329856872559
2005-03-15,5.23093318939209
2005-03-16,5.216537952423096
2005-03-17,5.066520690917969
2005-03-18,5.031667709350586
2005-03-21,5.199869155883789
2005-03-22,5.161985874176025
2005-03-23,50.76369857788086
2005-03-24,51.02887725830078
2005-03-28,51.29405975341797
2005-03-29,49.85449981689453
2005-03-30,50.87735366821289
2005-03-31,52.50632858276367
2005-04-01,53.94590377807617
2005-04-04,51.55924987792969
2005-04-05,49.47566223144531
2005-04-06,51.14252471923828
2005-04-07,51.369834899902344
2005-04-08,51.93808364868164
2005-04-11,51.180423736572266
2005-04-12,51.445594787597656
2005-04-13,51.445594787597656
2005-04-15,49.62718963623047
2005-04-18,47.013240814208984
2005-04-19,47.202659606933594
2005-04-20,46.02827072143555
2005-04-21,45.270606994628906
2005-04-22,46.5207633972168
2005-04-25,45.990394592285156
2005-04-26,45.270606994628906
2005-04-27,44.39928436279297
2005-04-28,43.64162826538086
2005-04-29,43.03549575805664
2005-05-02,42.35359191894531
2005-05-03,42.05051803588867
2005-05-04,42.84607696533203
2005-05-05,44.1719856262207
2005-05-06,43.86892318725586
2005-05-09,43.90680694580078
2005-05-10,44.70235824584961
2005-05-11,44.285640716552734
2005-05-12,44.096229553222656
2005-05-13,44.58871078491211
2005-05-16,45.76309585571289
2005-05-17,44.70235824584961
2005-05-18,43.79315948486328
2005-05-19,45.15695571899414
2005-05-20,44.285640716552734
2005-05-23,43.64162826538086
2005-05-24,43.30067443847656
2005-05-25,43.30067443847656
2005-05-26,43.41432189941406
2005-05-27,42.80819320678711
2005-05-30,42.42935562133789
2005-05-31,42.921844482421875
2005-06-01,43.1870231628418
2005-06-02,42.6187744140625
2005-06-03,42.77030944824219
2005-06-06,42.88395309448242
2005-06-07,42.12628936767578
2005-06-08,41.633811950683594
2005-06-09,41.74745178222656
2005-06-10,41.4065055847168
2005-06-13,42.05051803588867
2005-06-14,42.921844482421875
2005-06-15,44.36140823364258
2005-06-16,43.64162826538086
2005-06-17,43.30067443847656
2005-06-20,43.67950439453125
2005-06-21,43.1870231628418
2005-06-22,41.78535079956055
2005-06-23,43.1870231628418
2005-06-24,44.89177322387695
2005-06-27,46.1798095703125
2005-06-28,44.929664611816406
2005-06-29,46.44499588012695
2005-06-30,47.80879211425781
2005-07-01,49.21047592163086
2005-07-04,51.218299865722656
2005-07-05,50.30909729003906
2005-07-06,52.12749481201172
2005-07-07,51.445594787597656
2005-07-08,53.30187225341797
2005-07-11,56.98454666137695
2005-07-12,55.782833099365234
2005-07-13,57.41097640991211
2005-07-14,56.674434661865234
2005-07-15,57.837379455566406
2005-07-18,58.92280197143555
2005-07-19,60.47340393066406
2005-07-20,59.81439971923828
2005-07-21,58.57392501831055
2005-07-22,59.930702209472656
2005-07-25,61.94647979736328
2005-07-26,61.985233306884766
2005-07-27,61.52006530761719
2005-07-28,61.52006530761719
2005-07-29,62.024017333984375
2005-08-01,61.3650016784668
2005-08-02,65.08644104003906
2005-08-03,67.3348159790039
2005-08-04,71.63774108886719
2005-08-05,71.87033081054688
2005-08-08,71.25007629394531
2005-08-09,70.97872161865234
2005-08-10,71.0174789428711
2005-08-11,71.21131896972656
2005-08-12,69.81578063964844
2005-08-16,69.93205261230469
2005-08-17,69.35059356689453
2005-08-18,67.3348159790039
2005-08-19,66.83086395263672
2005-08-22,67.5674057006836
2005-08-23,65.2802505493164
2005-08-24,62.95435333251953
2005-08-25,64.50495910644531
2005-08-26,69.35059356689453
2005-08-29,68.42021942138672
2005-08-30,69.69947814941406
2005-08-31,69.38933563232422
2005-09-01,67.52863311767578
2005-09-02,68.73035430908203
2005-09-05,67.6836929321289
2005-09-06,67.83875274658203
2005-09-08,66.44322967529297
2005-09-09,66.28815460205078
2005-09-12,66.3269271850586
2005-09-13,65.74544525146484
2005-09-14,67.52863311767578
2005-09-15,68.26516723632812
2005-09-16,68.110107421875
2005-09-19,69.38933563232422
2005-09-20,71.87033081054688
2005-09-21,69.001708984375
2005-09-22,63.30326461791992
2005-09-23,64.69878387451172
2005-09-26,70.78490447998047
2005-09-27,68.57528686523438
2005-09-28,72.68437957763672
2005-09-29,70.8624267578125
2005-09-30,68.57528686523438
2005-10-03,68.65282440185547
2005-10-04,69.62195587158203
2005-10-05,69.58319091796875
2005-10-06,68.1876220703125
2005-10-07,68.30393981933594
2005-10-10,68.38145446777344
2005-10-11,67.25727081298828
2005-10-13,67.37357330322266
2005-10-14,65.78421020507812
2005-10-17,64.46620178222656
2005-10-18,66.09432220458984
2005-10-19,62.72177505493164
2005-10-20,63.34202575683594
2005-10-21,65.16397857666016
2005-10-24,64.1948471069336
2005-10-25,66.75333404541016
2005-10-26,65.74544525146484
2005-10-27,65.55164337158203
2005-10-28,62.876834869384766
2005-10-31,64.89261627197266
2005-11-02,65.39655303955078
2005-11-04,65.39655303955078
2005-11-07,68.8466567993164
2005-11-08,68.4590072631836
2005-11-09,68.53652954101562
2005-11-10,68.65282440185547
2005-11-11,68.73035430908203
2005-11-14,68.65282440185547
2005-11-16,68.96292877197266
2005-11-17,69.89329528808594
2005-11-18,68.88540649414062
2005-11-21,68.110107421875
2005-11-22,67.72245788574219
2005-11-23,67.21852111816406
2005-11-24,66.71456909179688
2005-11-25,70.82366180419922
2005-11-28,72.14167785644531
2005-11-29,70.16465759277344
2005-11-30,68.73035430908203
2005-12-01,69.31182861328125
2005-12-02,68.76911163330078
2005-12-05,68.69159698486328
2005-12-06,69.35059356689453
2005-12-07,71.28882598876953
2005-12-08,71.44390869140625
2005-12-09,72.4517822265625
2005-12-12,75.6305160522461
2005-12-13,81.48403930664062
2005-12-14,81.48403930664062
2005-12-15,82.14305114746094
2005-12-16,82.298095703125
2005-12-19,87.9965591430664
2005-12-20,85.2442398071289
2005-12-21,87.3375473022461
2005-12-22,85.16671752929688
2005-12-23,84.6240005493164
2005-12-26,82.37564086914062
2005-12-27,85.63188171386719
2005-12-28,85.9419937133789
2005-12-29,85.90326690673828
2005-12-30,90.28369140625
2006-01-02,92.53205108642578
2006-01-03,95.3619155883789
2006-01-04,92.60960388183594
2006-01-05,91.52417755126953
2006-01-06,94.16018676757812
2006-01-09,94.85795593261719
2006-01-10,98.65693664550781
2006-01-12,100.4013671875
2006-01-13,101.5255355834961
2006-01-16,103.61885070800781
2006-01-17,107.5728759765625
2006-01-18,107.45659637451172
2006-01-19,112.1083755493164
2006-01-20,113.54269409179688
2006-01-23,116.29499816894531
2006-01-24,121.72210693359375
2006-01-25,115.01576232910156
2006-01-27,115.82982635498047
2006-01-30,113.46517181396484
2006-01-31,116.68265533447266
2006-02-01,113.50392150878906
2006-02-02,110.01506042480469
2006-02-03,113.93035888671875
2006-02-06,115.90736389160156
2006-02-07,122.07099151611328
2006-02-08,120.55915832519531
2006-02-10,119.8226318359375
2006-02-13,119.8226318359375
2006-02-14,119.20238494873047
2006-02-15,116.68265533447266
2006-02-16,119.0860824584961
2006-02-17,117.7680892944336
2006-02-20,117.45797729492188
2006-02-21,118.81471252441406
2006-02-22,115.75231170654297
2006-02-23,118.00067901611328
2006-02-24,119.62879943847656
2006-02-27,117.4967269897461
2006-02-28,118.310791015625
2006-03-01,120.48164367675781
2006-03-02,119.93891143798828
2006-03-03,119.51251220703125
2006-03-06,127.26551055908203
2006-03-07,135.09603881835938
2006-03-08,126.06381225585938
2006-03-09,123.15644073486328
2006-03-10,122.92384338378906
2006-03-13,126.87784576416016
2006-03-14,125.52108001708984
2006-03-16,126.10255432128906
2006-03-17,125.21095275878906
2006-03-20,127.45930480957031
2006-03-21,129.9015350341797
2006-03-22,129.55264282226562
2006-03-23,129.7852325439453
2006-03-24,129.47508239746094
2006-03-27,130.87063598632812
2006-03-28,132.304931640625
2006-03-29,141.25965881347656
2006-03-30,145.4075164794922
2006-03-31,145.56260681152344
2006-04-03,149.24530029296875
2006-04-04,148.27613830566406
2006-04-05,147.30702209472656
2006-04-07,140.36807250976562
2006-04-10,144.20582580566406
2006-04-12,139.47642517089844
2006-04-13,139.63156127929688
2006-04-17,139.39895629882812
2006-04-18,139.43772888183594
2006-04-19,150.13687133789062
2006-04-20,153.85829162597656
2006-04-21,151.80377197265625
2006-04-24,150.21438598632812
2006-04-25,145.29122924804688
2006-04-26,149.1289825439453
2006-04-27,149.74920654296875
2006-04-28,145.83395385742188
2006-05-02,151.64871215820312
2006-05-03,149.98179626464844
2006-05-04,143.8956756591797
2006-05-05,144.0120086669922
2006-05-08,145.2524871826172
2006-05-09,148.00477600097656
2006-05-10,152.0750732421875
2006-05-11,148.89639282226562
2006-05-12,147.03564453125
2006-05-15,135.83258056640625
2006-05-16,130.46043395996094
2006-05-17,137.20501708984375
2006-05-18,124.53932189941406
2006-05-19,115.20672607421875
2006-05-22,108.73663330078125
2006-05-23,112.77554321289062
2006-05-24,111.63838958740234
2006-05-25,105.56041717529297
2006-05-26,107.87395477294922
2006-05-29,103.95270538330078
2006-05-30,103.48213958740234
2006-05-31,105.71726989746094
2006-06-01,99.20796966552734
2006-06-02,96.30624389648438
2006-06-05,94.58088684082031
2006-06-06,95.32592010498047
2006-06-07,85.6404037475586
2006-06-08,84.30715942382812
2006-06-09,93.0907974243164
2006-06-12,90.34590911865234
2006-06-13,81.79754638671875
2006-06-14,75.95487976074219
2006-06-15,81.28779602050781
2006-06-16,85.6011962890625
2006-06-19,90.50276184082031
2006-06-20,91.32623291015625
2006-06-21,94.26716613769531
2006-06-22,98.89427185058594
2006-06-23,95.99254608154297
2006-06-26,89.52246856689453
2006-06-27,88.93426513671875
2006-06-28,90.7380599975586
2006-06-29,89.56165313720703
2006-06-30,93.95347595214844
2006-07-03,93.6397705078125
2006-07-04,94.03191375732422
2006-07-05,90.03221893310547
2006-07-06,90.38512420654297
2006-07-07,86.58150482177734
2006-07-10,86.5030746459961
2006-07-11,92.1104965209961
2006-07-12,90.38512420654297
2006-07-13,87.95394134521484
2006-07-14,87.09125518798828
2006-07-17,84.07189178466797
2006-07-18,81.52307891845703
2006-07-19,76.34699249267578
2006-07-20,78.54290771484375
2006-07-21,76.46463775634766
2006-07-24,70.07299041748047
2006-07-25,69.36714935302734
2006-07-26,70.54352569580078
2006-07-27,69.79849243164062
2006-07-28,72.19046020507812
2006-07-31,73.21000671386719
2006-08-01,70.50433349609375
2006-08-02,70.66117095947266
2006-08-03,76.69992065429688
2006-08-04,77.95470428466797
2006-08-07,78.69976043701172
2006-08-08,83.05236053466797
2006-08-09,91.2085952758789
2006-08-10,90.14984893798828
2006-08-11,87.28733825683594
2006-08-14,83.64057159423828
2006-08-16,78.54290771484375
2006-08-17,78.89582061767578
2006-08-18,79.79771423339844
2006-08-21,78.9350357055664
2006-08-22,79.75850677490234
2006-08-23,79.09188079833984
2006-08-24,78.15078735351562
2006-08-25,77.68024444580078
2006-08-28,76.77835083007812
2006-08-29,74.97457122802734
2006-08-30,72.77864837646484
2006-08-31,70.07299041748047
2006-09-01,74.81770324707031
2006-09-04,79.87614440917969
2006-09-05,77.24889373779297
2006-09-06,76.85676574707031
2006-09-07,76.50385284423828
2006-09-08,77.52337646484375
2006-09-11,75.9156723022461
2006-09-12,75.75881958007812
2006-09-13,77.36653137207031
2006-09-14,76.30780029296875
2006-09-15,76.38621520996094
2006-09-18,76.81753540039062
2006-09-19,76.07250213623047
2006-09-20,75.9156723022461
2006-09-21,75.40589141845703
2006-09-22,75.17061614990234
2006-09-25,72.3473129272461
2006-09-26,72.89628601074219
2006-09-27,72.54338073730469
2006-09-28,79.24874877929688
2006-09-29,79.5232162475586
2006-10-03,78.66055297851562
2006-10-04,79.09188079833984
2006-10-05,78.7781982421875
2006-10-06,78.34686279296875
2006-10-09,78.30763244628906
2006-10-10,78.8174057006836
2006-10-11,78.15078735351562
2006-10-12,77.83709716796875
2006-10-13,79.2879409790039
2006-10-16,77.83709716796875
2006-10-17,78.7781982421875
2006-10-18,85.6404037475586
2006-10-19,87.01284790039062
2006-10-20,85.91490173339844
2006-10-23,89.56165313720703
2006-10-26,87.83628845214844
2006-10-27,87.67945861816406
2006-10-30,86.73835754394531
2006-10-31,80.93487548828125
2006-11-01,81.95440673828125
2006-11-02,81.24858093261719
2006-11-03,80.62118530273438
2006-11-06,80.26826477050781
2006-11-07,78.54290771484375
2006-11-08,77.64102172851562
2006-11-09,78.73896789550781
2006-11-10,76.38621520996094
2006-11-13,77.44495391845703
2006-11-14,76.38621520996094
2006-11-15,76.11173248291016
2006-11-16,75.3666763305664
2006-11-17,71.36700439453125
2006-11-20,69.83770751953125
2006-11-21,70.42588806152344
2006-11-22,69.68084716796875
2006-11-23,69.91615295410156
2006-11-24,68.73974609375
2006-11-27,67.60257720947266
2006-11-28,66.07330322265625
2006-11-29,64.975341796875
2006-11-30,64.74007415771484
2006-12-01,63.95581817626953
2006-12-04,69.87691497802734
2006-12-05,71.83755493164062
2006-12-06,70.5827407836914
2006-12-07,69.09266662597656
2006-12-08,70.5827407836914
2006-12-11,66.8575439453125
2006-12-12,63.32840347290039
2006-12-13,64.89690399169922
2006-12-14,65.72039031982422
2006-12-15,65.56354522705078
2006-12-18,64.6224365234375
2006-12-19,67.1712417602539
2006-12-20,66.5438461303711
2006-12-21,65.6811752319336
2006-12-22,66.20023345947266
2006-12-26,66.59950256347656
2006-12-27,66.28009033203125
2006-12-28,67.67755889892578
2006-12-29,67.35811614990234
2007-01-02,66.4797134399414
2007-01-03,66.63943481445312
2007-01-04,66.43978881835938
2007-01-05,65.00239562988281
2007-01-08,64.52326965332031
2007-01-09,63.20564651489258
2007-01-10,63.00600051879883
2007-01-11,64.72289276123047
2007-01-12,67.59768676757812
2007-01-15,64.6430435180664
2007-01-16,64.44340515136719
2007-01-17,65.80094909667969
2007-01-18,64.76282501220703
2007-01-19,64.2038345336914
2007-01-22,62.88621520996094
2007-01-23,60.450626373291016
2007-01-24,61.36896896362305
2007-01-25,60.370765686035156
2007-01-29,57.695613861083984
2007-01-31,53.82261657714844
2007-02-01,53.3434944152832
2007-02-02,53.862545013427734
2007-02-05,53.14384841918945
2007-02-06,53.78269577026367
2007-02-07,53.14384841918945
2007-02-08,51.26723861694336
2007-02-09,48.87158203125
2007-02-12,48.71186447143555
2007-02-13,47.71366882324219
2007-02-14,47.19460678100586
2007-02-15,51.1075325012207
2007-02-19,49.27085494995117
2007-02-20,46.83526611328125
2007-02-21,46.91511154174805
2007-02-22,45.39786148071289
2007-02-23,45.03851318359375
2007-02-26,46.11656188964844
2007-02-27,46.87519073486328
2007-02-28,47.23453903198242
2007-03-01,48.23272705078125
2007-03-02,49.55034255981445
2007-03-05,46.396053314208984
2007-03-06,47.47410583496094
2007-03-07,47.43417739868164
2007-03-08,47.47410583496094
2007-03-09,47.47410583496094
2007-03-12,49.3906364440918
2007-03-13,49.55034255981445
2007-03-14,47.63381576538086
2007-03-15,48.59208679199219
2007-03-16,47.27446365356445
2007-03-19,47.23453903198242
2007-03-20,47.59388732910156
2007-03-21,47.753604888916016
2007-03-22,48.87158203125
2007-03-23,49.590274810791016
2007-03-26,51.307167053222656
2007-03-28,52.66470718383789
2007-03-29,51.6665153503418
2007-03-30,52.54492950439453
2007-04-02,53.70283508300781
2007-04-03,55.02045822143555
2007-04-04,55.61936569213867
2007-04-05,58.85350799560547
2007-04-09,59.6920051574707
2007-04-10,58.334468841552734
2007-04-11,58.69379806518555
2007-04-12,57.93517303466797
2007-04-13,54.541324615478516
2007-04-16,53.06398391723633
2007-04-17,53.10393142700195
2007-04-18,52.864349365234375
2007-04-19,50.828041076660156
2007-04-20,51.74638366699219
2007-04-23,50.229122161865234
2007-04-24,51.466880798339844
2007-04-25,50.828041076660156
2007-04-26,50.50862121582031
2007-04-27,50.98774719238281
2007-04-30,49.230926513671875
2007-05-03,50.828041076660156
2007-05-04,52.62479019165039
2007-05-07,52.26543426513672
2007-05-08,50.388832092285156
2007-05-09,50.50862121582031
2007-05-10,49.869773864746094
2007-05-11,55.02045822143555
2007-05-14,59.41250228881836
2007-05-15,56.37800598144531
2007-05-16,57.21648406982422
2007-05-17,56.49778747558594
2007-05-18,58.21467971801758
2007-05-21,61.48875045776367
2007-05-22,63.24557876586914
2007-05-23,61.049537658691406
2007-05-24,61.00961685180664
2007-05-25,60.290916442871094
2007-05-28,60.01142501831055
2007-05-29,60.05134963989258
2007-05-30,56.338069915771484
2007-05-31,59.372581481933594
2007-06-01,61.40890121459961
2007-06-04,59.372581481933594
2007-06-05,59.292728424072266
2007-06-06,58.45423126220703
2007-06-07,58.13482666015625
2007-06-08,59.6920051574707
2007-06-11,56.37800598144531
2007-06-12,57.41612243652344
2007-06-13,56.65747833251953
2007-06-14,56.53770446777344
2007-06-15,56.29813766479492
2007-06-18,55.02045822143555
2007-06-19,53.94240951538086
2007-06-20,54.50139617919922
2007-06-21,55.61936569213867
2007-06-22,54.02226257324219
2007-06-25,53.14384841918945
2007-06-26,53.223697662353516
2007-06-27,52.70463943481445
2007-06-28,53.90247344970703
2007-06-29,60.96969223022461
2007-07-02,59.81178283691406
2007-07-03,59.13301467895508
2007-07-04,60.53048324584961
2007-07-05,58.77366638183594
2007-07-06,60.131202697753906
2007-07-09,59.53229904174805
2007-07-10,59.652069091796875
2007-07-11,59.41250228881836
2007-07-12,60.21106719970703
2007-07-13,60.570396423339844
2007-07-16,60.01142501831055
2007-07-17,57.0168342590332
2007-07-18,58.09489059448242
2007-07-19,57.25640869140625
2007-07-20,56.25822067260742
2007-07-23,55.779075622558594
2007-07-24,54.102115631103516
2007-07-25,53.50319290161133
2007-07-26,54.3416862487793
2007-07-27,55.260013580322266
2007-07-30,54.301753997802734
2007-07-31,54.461463928222656
2007-08-01,53.223697662353516
2007-08-02,51.54673767089844
2007-08-03,51.706451416015625
2007-08-06,50.02948760986328
2007-08-07,49.47050094604492
2007-08-08,50.18919372558594
2007-08-09,49.71006393432617
2007-08-10,48.63201141357422
2007-08-13,48.59208679199219
2007-08-14,49.51042556762695
2007-08-16,47.5140380859375
2007-08-17,44.99858856201172
2007-08-20,44.239967346191406
2007-08-21,42.60292053222656
2007-08-22,40.96588134765625
2007-08-23,41.12559509277344
2007-08-24,41.80436325073242
2007-08-27,42.72270202636719
2007-08-28,44.20002365112305
2007-08-29,47.753604888916016
2007-08-30,49.07121658325195
2007-08-31,47.15468215942383
2007-09-03,47.87338638305664
2007-09-04,47.71366882324219
2007-09-05,48.79171371459961
2007-09-06,50.788108825683594
2007-09-07,50.98774719238281
2007-09-10,50.98774719238281
2007-09-11,50.588470458984375
2007-09-12,52.38522720336914
2007-09-13,51.98594284057617
2007-09-14,51.1075325012207
2007-09-17,53.742759704589844
2007-09-18,53.742759704589844
2007-09-19,66.6793441772461
2007-09-20,64.2038345336914
2007-09-21,63.20564651489258
2007-09-24,62.766448974609375
2007-09-25,64.3635482788086
2007-09-26,62.367156982421875
2007-09-27,59.612152099609375
2007-09-28,60.290916442871094
2007-10-01,62.566795349121094
2007-10-03,60.84990692138672
2007-10-04,60.84990692138672
2007-10-05,57.81538391113281
2007-10-08,54.3416862487793
2007-10-09,57.0966911315918
2007-10-10,60.171138763427734
2007-10-11,57.9751091003418
2007-10-12,55.898860931396484
2007-10-15,57.21648406982422
2007-10-16,59.33264923095703
2007-10-17,57.61576843261719
2007-10-18,60.88983154296875
2007-10-19,59.292728424072266
2007-10-22,59.053157806396484
2007-10-23,61.20926284790039
2007-10-24,63.20564651489258
2007-10-25,65.60130310058594
2007-10-26,64.40348815917969
2007-10-29,70.31278991699219
2007-10-30,64.2038345336914
2007-10-31,64.04412078857422
2007-11-01,61.049537658691406
2007-11-02,64.60311126708984
2007-11-05,63.4052734375
2007-11-06,63.4052734375
2007-11-07,70.7120590209961
2007-11-08,69.99335479736328
2007-11-12,75.5033950805664
2007-11-13,75.10411834716797
2007-11-14,76.70123291015625
2007-11-15,67.9171142578125
2007-11-16,67.9171142578125
2007-11-19,75.38359832763672
2007-11-20,77.10050201416016
2007-11-21,70.43256378173828
2007-11-22,71.47066497802734
2007-11-23,71.5904541015625
2007-11-26,72.46888732910156
2007-11-27,76.70123291015625
2007-11-28,74.58505249023438
2007-11-29,73.74656677246094
2007-11-30,80.57423400878906
2007-12-03,80.4544448852539
2007-12-04,80.53428649902344
2007-12-05,81.21307373046875
2007-12-06,79.09689331054688
2007-12-07,85.60511779785156
2007-12-10,82.69038391113281
2007-12-11,84.76663208007812
2007-12-12,88.5997085571289
2007-12-13,85.52525329589844
2007-12-14,88.28028106689453
2007-12-17,82.61053466796875
2007-12-18,80.4943618774414
2007-12-19,90.55615997314453
2007-12-20,84.48714447021484
2007-12-24,87.96084594726562
2007-12-26,91.7939224243164
2007-12-27,93.2313003540039
2007-12-28,92.75218963623047
2007-12-31,90.23674774169922
2008-01-01,92.7122573852539
2008-01-02,92.39285278320312
2008-01-03,90.71586608886719
2008-01-04,93.27124786376953
2008-01-07,98.18236541748047
2008-01-08,96.98451232910156
2008-01-09,100.77766418457031
2008-01-10,91.59427642822266
2008-01-11,86.92272186279297
2008-01-14,89.75761413574219
2008-01-15,86.68317413330078
2008-01-16,82.45083618164062
2008-01-17,91.7939224243164
2008-01-18,80.17493438720703
2008-01-21,67.47791290283203
2008-01-22,53.4233512878418
2008-01-23,57.895263671875
2008-01-24,59.172935485839844
2008-01-25,73.46707916259766
2008-01-28,68.15668487548828
2008-01-29,67.15848541259766
2008-01-30,63.045928955078125
2008-01-31,60.61033630371094
2008-02-01,62.68657684326172
2008-02-04,70.91169738769531
2008-02-05,72.10953521728516
2008-02-06,72.02967071533203
2008-02-07,68.83544921875
2008-02-08,67.71749114990234
2008-02-11,67.9171142578125
2008-02-12,64.2038345336914
2008-02-13,60.61033630371094
2008-02-14,68.6757583618164
2008-02-15,72.34909057617188
2008-02-18,77.93899536132812
2008-02-19,76.54150390625
2008-02-20,77.69943237304688
2008-02-21,78.737548828125
2008-02-22,76.0623779296875
2008-02-25,74.02608489990234
2008-02-26,76.26202392578125
2008-02-27,74.62496948242188
2008-02-28,76.46166229248047
2008-02-29,74.78469848632812
2008-03-03,73.34729766845703
2008-03-04,75.74295806884766
2008-03-05,75.66311645507812
2008-03-07,66.95884704589844
2008-03-10,69.11495971679688
2008-03-11,76.30194854736328
2008-03-12,74.38541412353516
2008-03-13,67.19842529296875
2008-03-14,69.43437957763672
2008-03-17,64.04412078857422
2008-03-18,62.68657684326172
2008-03-19,61.249176025390625
2008-03-24,57.296329498291016
2008-03-25,62.247371673583984
2008-03-26,65.00239562988281
2008-03-27,65.92073822021484
2008-03-28,67.9171142578125
2008-03-31,64.56317138671875
2008-04-01,65.2818832397461
2008-04-02,65.12217712402344
2008-04-03,66.91893768310547
2008-04-04,65.72108459472656
2008-04-07,65.80094909667969
2008-04-08,66.32001495361328
2008-04-09,74.50519561767578
2008-04-10,73.14765930175781
2008-04-11,72.9480209350586
2008-04-15,77.65950012207031
2008-04-16,75.98253631591797
2008-04-17,78.49797821044922
2008-04-21,83.48894500732422
2008-04-22,80.53428649902344
2008-04-23,82.3709716796875
2008-04-24,79.37637329101562
2008-04-25,82.13139343261719
2008-04-28,84.04792785644531
2008-04-29,85.56519317626953
2008-04-30,82.61053466796875
2008-05-02,79.97530364990234
2008-05-05,79.53608703613281
2008-05-06,77.93899536132812
2008-05-07,80.65406799316406
2008-05-08,81.0932846069336
2008-05-09,76.62137603759766
2008-05-12,77.22028350830078
2008-05-13,75.9426040649414
2008-05-14,77.7792739868164
2008-05-15,81.33284759521484
2008-05-16,79.97530364990234
2008-05-20,80.6141357421875
2008-05-21,80.13501739501953
2008-05-22,79.65587615966797
2008-05-23,76.22209167480469
2008-05-26,71.39083099365234
2008-05-27,70.0732192993164
2008-05-28,74.18577575683594
2008-05-29,71.6303939819336
2008-05-30,73.34729766845703
2008-06-02,67.87718963623047
2008-06-03,63.36536407470703
2008-06-04,62.4470100402832
2008-06-05,61.648460388183594
2008-06-06,61.88801956176758
2008-06-09,60.61033630371094
2008-06-10,60.92975997924805
2008-06-11,62.88621520996094
2008-06-12,66.20023345947266
2008-06-13,65.162109375
2008-06-16,68.87538146972656
2008-06-17,71.5106201171875
2008-06-18,68.55596160888672
2008-06-19,71.03147888183594
2008-06-20,67.31820678710938
2008-06-23,66.75923156738281
2008-06-24,66.51964569091797
2008-06-25,68.23651885986328
2008-06-26,67.87718963623047
2008-06-27,66.6793441772461
2008-06-30,63.60492706298828
2008-07-01,56.77727127075195
2008-07-02,62.64664840698242
2008-07-03,60.490562438964844
2008-07-04,64.2038345336914
2008-07-07,60.809974670410156
2008-07-08,58.01504135131836
2008-07-09,60.131202697753906
2008-07-10,61.28910827636719
2008-07-11,59.292728424072266
2008-07-14,59.57221603393555
2008-07-15,58.3743896484375
2008-07-16,60.41070556640625
2008-07-17,59.57221603393555
2008-07-18,58.85350799560547
2008-07-21,58.97329330444336
2008-07-22,59.172935485839844
2008-07-23,61.768245697021484
2008-07-24,59.73194122314453
2008-07-25,62.167518615722656
2008-07-28,65.84088134765625
2008-07-29,66.6793441772461
2008-07-30,67.27828216552734
2008-07-31,68.31639862060547
2008-08-01,70.9915542602539
2008-08-04,72.02967071533203
2008-08-05,73.2674331665039
2008-08-06,75.02426147460938
2008-08-07,74.90447998046875
2008-08-08,74.62496948242188
2008-08-11,74.78469848632812
2008-08-12,75.7030258178711
2008-08-13,72.5088119506836
2008-08-14,72.86815643310547
2008-08-18,71.0714111328125
2008-08-19,76.66130065917969
2008-08-20,76.66130065917969
2008-08-21,74.02608489990234
2008-08-22,75.78289794921875
2008-08-25,74.82462310791016
2008-08-26,75.02426147460938
2008-08-27,73.58686828613281
2008-08-28,69.35453033447266
2008-08-29,73.74656677246094
2008-09-01,72.26924133300781
2008-09-02,72.02967071533203
2008-09-04,71.55055236816406
2008-09-05,69.87358093261719
2008-09-08,73.50700378417969
2008-09-09,75.9426040649414
2008-09-10,73.2674331665039
2008-09-11,72.46888732910156
2008-09-12,68.95523071289062
2008-09-15,67.15848541259766
2008-09-16,67.87718963623047
2008-09-17,66.91893768310547
2008-09-18,66.20023345947266
2008-09-19,69.71385955810547
2008-09-22,68.47610473632812
2008-09-23,69.3145980834961
2008-09-24,68.59587860107422
2008-09-25,67.03870391845703
2008-09-26,65.32181549072266
2008-09-29,62.00780487060547
2008-09-30,64.8426742553711
2008-10-01,63.24557876586914
2008-10-03,62.247371673583984
2008-10-06,55.18016052246094
2008-10-07,53.10393142700195
2008-10-08,49.7499885559082
2008-10-10,42.16371536254883
2008-10-13,43.680965423583984
2008-10-14,41.96407699584961
2008-10-15,40.64645767211914
2008-10-16,43.80074691772461
2008-10-17,41.92414474487305
2008-10-20,36.69361114501953
2008-10-21,37.452239990234375
2008-10-22,38.09107971191406
2008-10-23,36.214481353759766
2008-10-24,32.30155563354492
2008-10-27,31.503000259399414
2008-10-29,30.105533599853516
2008-10-31,34.09830856323242
2008-11-03,34.29793930053711
2008-11-04,38.410499572753906
2008-11-05,35.974910736083984
2008-11-06,34.21809387207031
2008-11-07,34.97671890258789
2008-11-10,36.41410827636719
2008-11-11,34.21809387207031
2008-11-12,33.21989440917969
2008-11-14,31.10371971130371
2008-11-17,30.54473876953125
2008-11-18,31.542932510375977
2008-11-19,30.94400978088379
2008-11-20,29.466690063476562
2008-11-21,27.98935890197754
2008-11-24,28.26885223388672
2008-11-25,26.951236724853516
2008-11-26,26.432174682617188
2008-11-27,26.432174682617188
2008-11-28,25.713478088378906
2008-12-01,24.8749942779541
2008-12-02,25.75340461730957
2008-12-03,26.951236724853516
2008-12-04,27.829647064208984
2008-12-05,27.07102394104004
2008-12-08,26.312395095825195
2008-12-10,27.11094856262207
2008-12-11,29.067413330078125
2008-12-12,32.74075698852539
2008-12-15,36.134620666503906
2008-12-16,37.01304244995117
2008-12-17,34.49758529663086
2008-12-18,35.655487060546875
2008-12-19,34.89686965942383
2008-12-22,37.052955627441406
2008-12-23,37.29252624511719
2008-12-24,37.452239990234375
2008-12-26,35.69541549682617
2008-12-29,36.41410827636719
2008-12-30,38.4903564453125
2008-12-31,39.72812271118164
2009-01-02,39.72812271118164
2009-01-05,40.32703399658203
2009-01-06,41.08565902709961
2009-01-07,40.087467193603516
2009-01-09,39.16912841796875
2009-01-12,37.73173522949219
2009-01-13,35.455848693847656
2009-01-14,38.450439453125
2009-01-15,40.36695861816406
2009-01-16,43.55276870727539
2009-01-19,44.15766906738281
2009-01-20,44.197994232177734
2009-01-21,42.0606803894043
2009-01-22,41.173500061035156
2009-01-23,42.26232147216797
2009-01-27,43.47211837768555
2009-01-28,43.67374801635742
2009-01-29,44.15766906738281
2009-01-30,48.311317443847656
2009-02-02,47.827396392822266
2009-02-03,49.23882293701172
2009-02-04,47.3838005065918
2009-02-05,46.6982421875
2009-02-06,47.78705978393555
2009-02-09,48.23066329956055
2009-02-10,45.00453567504883
2009-02-11,47.10151290893555
2009-02-12,47.02085876464844
2009-02-13,49.35980224609375
2009-02-16,45.730411529541016
2009-02-17,45.2061653137207
2009-02-18,44.399627685546875
2009-02-19,44.56093978881836
2009-02-20,42.70590591430664
2009-02-24,39.6814079284668
2009-02-25,37.866722106933594
2009-02-26,38.6329231262207
2009-02-27,38.14899826049805
2009-03-02,38.39095687866211
2009-03-03,37.82638931274414
2009-03-04,38.14899826049805
2009-03-05,35.64875030517578
2009-03-06,35.40678787231445
2009-03-09,35.810054779052734
2009-03-12,36.414955139160156
2009-03-13,37.544105529785156
2009-03-16,37.705406188964844
2009-03-17,36.77789306640625
2009-03-18,36.37462615966797
2009-03-19,36.7375602722168
2009-03-20,36.49560546875
2009-03-23,38.95553207397461
2009-03-24,39.11684036254883
2009-03-25,39.076515197753906
2009-03-26,39.72174072265625
2009-03-27,41.85905838012695
2009-03-30,40.125003814697266
2009-03-31,42.58493423461914
2009-04-01,45.24648666381836
2009-04-02,46.33531188964844
2009-04-06,46.657920837402344
2009-04-08,49.924381256103516
2009-04-09,53.0295295715332
2009-04-13,57.7880744934082
2009-04-15,61.135189056396484
2009-04-16,55.368473052978516
2009-04-17,56.82024383544922
2009-04-20,57.74776077270508
2009-04-21,57.74776077270508
2009-04-22,56.61859130859375
2009-04-23,56.013702392578125
2009-04-24,57.7880744934082
2009-04-27,56.21533203125
2009-04-28,52.263328552246094
2009-04-29,56.3363037109375
2009-04-30,56.376644134521484
2009-05-04,58.957542419433594
2009-05-05,62.74825668334961
2009-05-06,60.530296325683594
2009-05-07,62.4659538269043
2009-05-08,62.304656982421875
2009-05-11,62.949886322021484
2009-05-12,64.03871154785156
2009-05-13,63.15151596069336
2009-05-14,61.57877731323242
2009-05-15,62.34498977661133
2009-05-18,69.76509094238281
2009-05-19,67.02286529541016
2009-05-20,68.8779067993164
2009-05-21,68.55526733398438
2009-05-22,68.8779067993164
2009-05-25,72.78958129882812
2009-05-26,68.83756256103516
2009-05-27,66.41796875
2009-05-28,68.63595581054688
2009-05-29,70.45064544677734
2009-06-01,73.51545715332031
2009-06-02,75.65277862548828
2009-06-03,74.60428619384766
2009-06-04,76.62060546875
2009-06-05,78.79825592041016
2009-06-08,78.87892150878906
2009-06-09,82.58895874023438
2009-06-10,81.37916564941406
2009-06-11,86.01673126220703
2009-06-12,84.64561462402344
2009-06-15,81.58079528808594
2009-06-16,84.20203399658203
2009-06-17,81.01622009277344
2009-06-18,82.6292724609375
2009-06-19,84.44398498535156
2009-06-22,82.02437591552734
2009-06-23,80.53229522705078
2009-06-24,85.65377044677734
2009-06-25,84.36331939697266
2009-06-26,88.39598846435547
2009-06-29,90.89624786376953
2009-06-30,84.92789459228516
2009-07-01,88.83959197998047
2009-07-02,88.19435119628906
2009-07-03,87.91207885742188
2009-07-06,83.15352630615234
2009-07-07,83.79875183105469
2009-07-08,81.98404693603516
2009-07-09,82.54862976074219
2009-07-10,80.9355697631836
2009-07-13,74.48329162597656
2009-07-14,78.79825592041016
2009-07-15,82.99222564697266
2009-07-16,82.06470489501953
2009-07-17,85.3311767578125
2009-07-20,86.2183609008789
2009-07-21,85.93606567382812
2009-07-22,85.12953186035156
2009-07-23,85.93606567382812
2009-07-24,87.10553741455078
2009-07-27,87.54914093017578
2009-07-28,88.67827606201172
2009-07-29,94.96923065185547
2009-07-30,95.21118927001953
2009-07-31,95.81610107421875
2009-08-03,99.32451629638672
2009-08-04,97.42916870117188
2009-08-05,101.58280944824219
2009-08-06,96.82426452636719
2009-08-07,97.3485107421875
2009-08-10,96.50164794921875
2009-08-11,96.94523620605469
2009-08-12,99.28418731689453
2009-08-13,102.0263900756836
2009-08-14,96.50164794921875
2009-08-17,93.63845825195312
2009-08-18,95.97740936279297
2009-08-19,92.10602569580078
2009-08-20,94.52564239501953
2009-08-21,92.58995819091797
2009-08-24,93.96107482910156
2009-08-25,91.1382064819336
2009-08-26,89.44447326660156
2009-08-27,91.90440368652344
2009-08-28,91.54147338867188
2009-08-31,94.24335479736328
2009-09-01,95.89673614501953
2009-09-02,96.38065338134766
2009-09-03,98.43733978271484
2009-09-04,96.2193603515625
2009-09-07,98.03404998779297
2009-09-08,99.68744659423828
2009-09-09,97.99372863769531
2009-09-10,96.783935546875
2009-09-11,96.70327758789062
2009-09-14,99.24386596679688
2009-09-15,98.1147232055664
2009-09-16,100.61495971679688
2009-09-17,102.46998596191406
2009-09-18,101.05856323242188
2009-09-22,98.5986328125
2009-09-23,95.5338134765625
2009-09-24,97.26785278320312
2009-09-25,97.3485107421875
2009-09-29,96.66294860839844
2009-09-30,98.55828857421875
2009-10-01,98.19536590576172
2009-10-05,97.83244323730469
2009-10-06,101.70378875732422
2009-10-07,105.45416259765625
2009-10-08,106.38167572021484
2009-10-09,104.44599151611328
2009-10-12,103.39750671386719
2009-10-13,103.39750671386719
2009-10-14,109.76912689208984
2009-10-15,108.31734466552734
2009-10-16,108.39800262451172
2009-10-20,114.72928619384766
2009-10-21,106.6639633178711
2009-10-22,107.91410827636719
2009-10-23,110.93858337402344
2009-10-26,116.90693664550781
2009-10-27,115.69711303710938
2009-10-28,124.81095886230469
2009-10-29,123.076904296875
2009-10-30,120.21371459960938
2009-11-03,108.39800262451172
2009-11-04,111.78543853759766
2009-11-05,115.97941589355469
2009-11-06,118.84261322021484
2009-11-09,119.36685180664062
2009-11-10,115.41484069824219
2009-11-11,116.38269805908203
2009-11-12,116.86661529541016
2009-11-13,117.02791595458984
2009-11-16,113.72113800048828
2009-11-17,113.76144409179688
2009-11-18,116.18106079101562
2009-11-19,111.54350280761719
2009-11-20,108.15605163574219
2009-11-23,101.58280944824219
2009-11-24,107.75279235839844
2009-11-25,108.92223358154297
2009-11-26,105.05089569091797
2009-11-27,101.986083984375
2009-11-30,106.09939575195312
2009-12-01,108.84160614013672
2009-12-02,107.26886749267578
2009-12-03,106.94624328613281
2009-12-04,105.69612884521484
2009-12-07,106.5429916381836
2009-12-08,112.06774139404297
2009-12-09,111.1805648803711
2009-12-10,115.5761489868164
2009-12-11,116.78592681884766
2009-12-14,114.52765655517578
2009-12-15,109.5674819946289
2009-12-16,109.28519439697266
2009-12-17,108.03506469726562
2009-12-18,107.1075439453125
2009-12-21,103.39750671386719
2009-12-22,105.13156127929688
2009-12-23,105.9380874633789
2009-12-24,104.68795013427734
2009-12-29,107.26886749267578
2009-12-30,109.00289154052734
2009-12-31,107.06723022460938
2010-01-04,112.51131439208984
2010-01-05,113.55980682373047
2010-01-06,114.52765655517578
2010-01-07,113.35820007324219
2010-01-08,115.81810760498047
2010-01-11,114.80994415283203
2010-01-12,112.50303649902344
2010-01-13,111.8438949584961
2010-01-14,111.43196868896484
2010-01-15,111.43196868896484
2010-01-18,107.64202880859375
2010-01-19,105.87067413330078
2010-01-20,104.88198852539062
2010-01-21,102.57508850097656
2010-01-22,102.12193298339844
2010-01-25,104.22286987304688
2010-01-27,99.56787109375
2010-01-28,97.26094818115234
2010-01-29,99.1147232055664
2010-02-01,102.12193298339844
2010-02-02,98.41441345214844
2010-02-03,100.68010711669922
2010-02-04,97.38452911376953
2010-02-05,96.0663070678711
2010-02-08,97.17855834960938
2010-02-09,97.05497741699219
2010-02-10,94.87166595458984
2010-02-11,96.31346893310547
2010-02-15,94.13016510009766
2010-02-16,95.57196044921875
2010-02-17,95.77793884277344
2010-02-18,91.74083709716797
2010-02-19,88.23928833007812
2010-02-22,87.4977798461914
2010-02-23,84.7789306640625
2010-02-24,87.58016204833984
2010-02-25,85.60282135009766
2010-02-26,86.96224975585938
2010-03-02,85.27325439453125
2010-03-03,89.76348876953125
2010-03-04,89.92827606201172
2010-03-05,92.27637481689453
2010-03-08,91.5760726928711
2010-03-09,89.43395233154297
2010-03-10,82.43082427978516
2010-03-11,79.54718017578125
2010-03-12,76.86951446533203
2010-03-15,78.2701416015625
2010-03-16,79.91793823242188
2010-03-17,77.4050521850586
2010-03-18,78.55850982666016
2010-03-19,77.89938354492188
2010-03-22,76.25160217285156
2010-03-23,75.18052673339844
2010-03-25,76.33397674560547
2010-03-26,76.58116149902344
2010-03-29,77.24028015136719
2010-03-30,79.01165008544922
2010-03-31,76.00442504882812
2010-04-01,72.58525848388672
2010-04-05,74.85098266601562
2010-04-06,74.85098266601562
2010-04-07,75.55128479003906
2010-04-08,73.9446792602539
2010-04-09,73.16200256347656
2010-04-12,77.07549285888672
2010-04-13,79.67076110839844
2010-04-15,80.82421875
2010-04-16,78.43490600585938
2010-04-19,75.67486572265625
2010-04-20,77.89938354492188
2010-04-21,77.19908142089844
2010-04-22,75.3453140258789
2010-04-23,72.79122924804688
2010-04-26,70.56671905517578
2010-04-27,68.87772369384766
2010-04-28,67.72427368164062
2010-04-29,67.60070037841797
2010-04-30,68.6717529296875
2010-05-03,67.353515625
2010-05-04,62.2453727722168
2010-05-05,61.87460708618164
2010-05-06,61.83342742919922
2010-05-07,59.444122314453125
2010-05-10,59.89725875854492
2010-05-11,59.73248291015625
2010-05-12,59.814876556396484
2010-05-13,62.12177658081055
2010-05-14,59.85606002807617
2010-05-17,62.533721923828125
2010-05-18,61.91580581665039
2010-05-19,60.432796478271484
2010-05-20,60.51518249511719
2010-05-21,60.51518249511719
2010-05-24,63.48120880126953
2010-05-25,62.657318115234375
2010-05-26,63.68718719482422
2010-05-27,64.59347534179688
2010-05-28,66.4472427368164
2010-05-31,65.99409484863281
2010-06-01,65.82930755615234
2010-06-02,66.15886688232422
2010-06-03,65.62333679199219
2010-06-04,67.60070037841797
2010-06-07,64.9642105102539
2010-06-08,63.52239990234375
2010-06-09,62.82208251953125
2010-06-10,63.35763168334961
2010-06-11,63.89314651489258
2010-06-14,65.70572662353516
2010-06-15,66.4472427368164
2010-06-16,66.2824478149414
2010-06-17,66.07646942138672
2010-06-18,64.46988677978516
2010-06-21,65.41735076904297
2010-06-22,65.78811645507812
2010-06-23,65.70572662353516
2010-06-24,64.30511474609375
2010-06-25,64.9642105102539
2010-06-28,70.89627075195312
2010-06-29,68.17739868164062
2010-06-30,69.57804107666016
2010-07-01,69.82520294189453
2010-07-02,69.20729064941406
2010-07-05,69.41326904296875
2010-07-06,69.7428207397461
2010-07-07,69.20729064941406
2010-07-08,69.24847412109375
2010-07-09,72.008544921875
2010-07-12,69.86640930175781
2010-07-13,70.48432922363281
2010-07-14,69.98998260498047
2010-07-15,67.97145080566406
2010-07-16,68.83653259277344
2010-07-19,67.84783935546875
2010-07-20,66.69439697265625
2010-07-21,65.08780670166016
2010-07-22,65.37618255615234
2010-07-23,65.7469253540039
2010-07-26,64.34629821777344
2010-07-27,65.29377746582031
2010-07-28,65.6645278930664
2010-07-29,65.99409484863281
2010-07-30,68.46577453613281
2010-08-02,69.70161437988281
2010-08-03,70.56671905517578
2010-08-04,70.3607406616211
2010-08-05,70.443115234375
2010-08-06,69.94879913330078
2010-08-09,70.3607406616211
2010-08-10,69.00131225585938
2010-08-11,69.5368423461914
2010-08-12,68.87772369384766
2010-08-13,69.2896728515625
2010-08-16,70.03117370605469
2010-08-17,70.07237243652344
2010-08-18,69.90758514404297
2010-08-19,70.07237243652344
2010-08-20,71.88495635986328
2010-08-23,72.66763305664062
2010-08-24,72.33808898925781
2010-08-25,71.3906021118164
2010-08-26,71.92613983154297
2010-08-27,69.82520294189453
2010-08-30,69.90758514404297
2010-08-31,69.04251098632812
2010-09-01,70.48432922363281
2010-09-02,72.50287628173828
2010-09-03,71.51419067382812
2010-09-06,71.10224914550781
2010-09-07,74.6449966430664
2010-09-08,74.6449966430664
2010-09-09,73.49153900146484
2010-09-13,72.95601654052734
2010-09-14,73.82112121582031
2010-09-15,73.53274536132812
2010-09-16,71.34941864013672
2010-09-17,73.73870086669922
2010-09-20,75.88084411621094
2010-09-21,74.6449966430664
2010-09-22,73.36796569824219
2010-09-23,72.25569152832031
2010-09-24,72.99722290039062
2010-09-27,75.88084411621094
2010-09-28,76.66355895996094
2010-09-29,74.52142333984375
2010-09-30,76.37519073486328
2010-10-01,77.36386108398438
2010-10-04,77.07549285888672
2010-10-05,77.19908142089844
2010-10-06,77.69341278076172
2010-10-07,77.28146362304688
2010-10-08,76.49876403808594
2010-10-11,77.6522216796875
2010-10-12,76.00442504882812
2010-10-13,76.70474243164062
2010-10-14,75.59248352050781
2010-10-15,74.19186401367188
2010-10-18,72.62647247314453
2010-10-19,71.5965805053711
2010-10-20,72.58525848388672
2010-10-21,72.54407501220703
2010-10-22,72.54407501220703
2010-10-25,73.65631866455078
2010-10-26,73.57392883300781
2010-10-27,72.62647247314453
2010-10-28,69.90758514404297
2010-10-29,69.5368423461914
2010-11-01,71.10224914550781
2010-11-02,71.80256652832031
2010-11-03,71.26702880859375
2010-11-04,72.42048645019531
2010-11-08,77.81698608398438
2010-11-09,78.0229721069336
2010-11-10,79.54718017578125
2010-11-11,77.11669158935547
2010-11-12,73.49153900146484
2010-11-15,71.14344024658203
2010-11-16,67.31232452392578
2010-11-18,67.22993469238281
2010-11-19,64.92303466796875
2010-11-22,65.87049102783203
2010-11-23,63.76957702636719
2010-11-24,63.81075668334961
2010-11-25,63.19284439086914
2010-11-26,61.95700454711914
2010-11-29,62.327762603759766
2010-11-30,62.657318115234375
2010-12-01,64.18152618408203
2010-12-02,66.65320587158203
2010-12-03,65.78811645507812
2010-12-06,65.91170501708984
2010-12-07,64.42867279052734
2010-12-08,62.533721923828125
2010-12-09,58.4554328918457
2010-12-10,60.67995834350586
2010-12-13,64.01673126220703
2010-12-14,65.21139526367188
2010-12-15,64.14031982421875
2010-12-16,65.70572662353516
2010-12-20,67.55948638916016
2010-12-21,67.84783935546875
2010-12-22,67.1063461303711
2010-12-23,68.58937072753906
2010-12-24,70.52552032470703
2010-12-27,72.50287628173828
2010-12-28,72.87361145019531
2010-12-29,73.32676696777344
2010-12-30,73.9446792602539
2010-12-31,72.42048645019531
2011-01-03,75.05694580078125
2011-01-04,75.09814453125
2011-01-05,74.19186401367188
2011-01-06,73.32676696777344
2011-01-07,71.10224914550781
2011-01-10,67.353515625
2011-01-11,66.40604400634766
2011-01-12,69.00131225585938
2011-01-13,66.77678680419922
2011-01-14,65.62333679199219
2011-01-17,63.89314651489258
2011-01-18,63.934349060058594
2011-01-19,62.6161003112793
2011-01-20,64.75824737548828
2011-01-21,65.41735076904297
2011-01-24,65.41735076904297
2011-01-25,63.52239990234375
2011-01-27,61.66862869262695
2011-01-28,59.77367401123047
2011-01-31,58.16707992553711
2011-02-01,58.62022399902344
2011-02-02,59.27933120727539
2011-02-03,61.297882080078125
2011-02-04,58.49663162231445
2011-02-07,59.89725875854492
2011-02-08,57.054813385009766
2011-02-09,53.841617584228516
2011-02-10,55.15984344482422
2011-02-11,55.983741760253906
2011-02-14,60.22681427001953
2011-02-15,59.56768798828125
2011-02-16,59.60890579223633
2011-02-17,60.556365966796875
2011-02-18,60.350399017333984
2011-02-21,61.586246490478516
2011-02-22,61.091896057128906
2011-02-23,59.320526123046875
2011-02-24,54.871490478515625
2011-02-25,54.62431716918945
2011-02-28,54.37715148925781
2011-03-01,56.23092269897461
2011-03-03,57.13719940185547
2011-03-04,56.31330871582031
2011-03-07,56.68406677246094
2011-03-08,56.84884262084961
2011-03-09,57.590354919433594
2011-03-10,57.26078796386719
2011-03-11,57.796329498291016
2011-03-14,57.2196044921875
2011-03-15,57.590354919433594
2011-03-16,57.178401947021484
2011-03-17,57.6727294921875
2011-03-18,58.12588119506836
2011-03-21,58.08469009399414
2011-03-22,58.99098587036133
2011-03-23,59.444122314453125
2011-03-24,58.94977569580078
2011-03-25,58.29066848754883
2011-03-28,58.16707992553711
2011-03-29,57.71394348144531
2011-03-30,57.755123138427734
2011-03-31,57.71394348144531
2011-04-01,59.36173629760742
2011-04-04,60.18562316894531
2011-04-05,62.327762603759766
2011-04-06,62.2453727722168
2011-04-07,63.27523422241211
2011-04-08,62.945674896240234
2011-04-11,62.657318115234375
2011-04-13,62.533721923828125
2011-04-15,62.533721923828125
2011-04-18,62.533721923828125
2011-04-19,61.91580581665039
2011-04-20,62.49253463745117
2011-04-21,62.327762603759766
2011-04-25,62.204166412353516
2011-04-26,62.410133361816406
2011-04-27,61.95700454711914
2011-04-28,61.38026809692383
2011-04-29,61.297882080078125
2011-05-02,61.4626579284668
2011-05-03,61.17429733276367
2011-05-04,61.339073181152344
2011-05-05,58.94977569580078
2011-05-06,59.69129180908203
2011-05-09,59.65007400512695
2011-05-10,59.93844223022461
2011-05-11,59.73248291015625
2011-05-12,57.42556381225586
2011-05-13,58.826194763183594
2011-05-16,56.64286804199219
2011-05-17,55.365821838378906
2011-05-18,53.635643005371094
2011-05-19,52.029048919677734
2011-05-20,51.987857818603516
2011-05-23,51.08156967163086
2011-05-24,51.1639518737793
2011-05-25,49.26900100708008
2011-05-26,46.67372131347656
2011-05-27,48.692264556884766
2011-05-30,49.51616668701172
2011-05-31,50.99917984008789
2011-06-01,52.48219299316406
2011-06-02,51.57590103149414
2011-06-03,50.46364974975586
2011-06-06,50.01050567626953
2011-06-07,50.75200271606445
2011-06-08,51.45232391357422
2011-06-09,50.75200271606445
2011-06-10,50.09288787841797
2011-06-13,50.381263732910156
2011-06-14,50.79320526123047
2011-06-15,49.804527282714844
2011-06-16,49.5573616027832
2011-06-17,50.05169677734375
2011-06-20,47.456417083740234
2011-06-21,46.838504791259766
2011-06-22,46.508949279785156
2011-06-23,47.538814544677734
2011-06-24,49.145408630371094
2011-06-27,48.81584930419922
2011-06-28,49.35138702392578
2011-06-29,51.36993408203125
2011-06-30,51.411128997802734
2011-07-01,51.617103576660156
2011-07-04,53.594451904296875
2011-07-05,53.058921813964844
2011-07-06,53.30608367919922
2011-07-07,53.97293472290039
2011-07-08,54.09796905517578
2011-07-11,52.889312744140625
2011-07-12,50.84708786010742
2011-07-13,52.72259521484375
2011-07-14,52.47252655029297
2011-07-15,51.889041900634766
2011-07-18,52.05575180053711
2011-07-19,52.30581283569336
2011-07-20,51.26387023925781
2011-07-21,50.63869857788086
2011-07-22,51.34722137451172
2011-07-25,51.3889045715332
2011-07-26,51.93071746826172
2011-07-27,50.68037414550781
2011-07-28,49.680110931396484
2011-07-29,49.55506896972656
2011-08-01,49.22164535522461
2011-08-02,46.63761520385742
2011-08-03,47.387821197509766
2011-08-04,47.721248626708984
2011-08-05,46.63761520385742
2011-08-08,46.09580612182617
2011-08-09,46.97104263305664
2011-08-10,48.971580505371094
2011-08-11,49.05493927001953
2011-08-12,48.13801574707031
2011-08-16,44.678749084472656
2011-08-17,45.720706939697266
2011-08-18,45.2205696105957
2011-08-19,43.80351257324219
2011-08-22,45.97077178955078
2011-08-23,45.34560775756836
2011-08-24,45.17888641357422
2011-08-25,44.678749084472656
2011-08-26,44.47036361694336
2011-08-29,45.17888641357422
2011-08-30,45.34560775756836
2011-09-02,45.51231384277344
2011-09-05,45.67902755737305
2011-09-06,45.55398941040039
2011-09-07,45.88741683959961
2011-09-08,45.88741683959961
2011-09-09,45.137210845947266
2011-09-12,44.09526824951172
2011-09-13,43.34505844116211
2011-09-14,42.761566162109375
2011-09-15,42.42815017700195
2011-09-16,42.761566162109375
2011-09-19,41.802978515625
2011-09-20,41.67793655395508
2011-09-21,42.88660430908203
2011-09-22,41.802978515625
2011-09-23,41.46955108642578
2011-09-26,40.30256652832031
2011-09-27,40.552635192871094
2011-09-28,38.38538360595703
2011-09-29,38.42706298828125
2011-09-30,38.42706298828125
2011-10-03,36.59323501586914
2011-10-04,37.30175018310547
2011-10-05,37.176719665527344
2011-10-07,38.17699432373047
2011-10-10,38.13531494140625
2011-10-11,37.80189514160156
2011-10-12,37.968605041503906
2011-10-13,38.17699432373047
2011-10-14,40.635990142822266
2011-10-17,42.71989440917969
2011-10-18,43.178348541259766
2011-10-19,44.136940002441406
2011-10-20,44.136940002441406
2011-10-21,44.5537223815918
2011-10-24,44.887142181396484
2011-10-25,44.34532928466797
2011-10-28,45.67902755737305
2011-10-31,44.63707733154297
2011-11-01,44.59539794921875
2011-11-02,44.09526824951172
2011-11-03,44.09526824951172
2011-11-04,44.678749084472656
2011-11-08,44.0535888671875
2011-11-09,42.51150131225586
2011-11-11,42.3031120300293
2011-11-14,37.84357452392578
2011-11-15,37.551822662353516
2011-11-16,38.677127838134766
2011-11-17,37.42679214477539
2011-11-18,39.51069259643555
2011-11-21,36.96833419799805
2011-11-22,36.84330368041992
2011-11-23,35.75967025756836
2011-11-24,37.92692947387695
2011-11-25,39.09390640258789
2011-11-28,38.968875885009766
2011-11-29,36.343162536621094
2011-11-30,36.63491439819336
2011-12-01,36.343162536621094
2011-12-02,37.38511657714844
2011-12-05,37.01001739501953
2011-12-07,36.63491439819336
2011-12-08,35.801353454589844
2011-12-09,35.217864990234375
2011-12-12,34.050880432128906
2011-12-13,33.217315673828125
2011-12-14,31.300132751464844
2011-12-15,28.090930938720703
2011-12-16,28.42435646057129
2011-12-19,28.549392700195312
2011-12-20,28.507713317871094
2011-12-21,29.549663543701172
2011-12-22,31.38348960876465
2011-12-23,31.966981887817383
2011-12-26,30.216510772705078
2011-12-27,29.9664363861084
2011-12-28,28.92449378967285
2011-12-29,28.215967178344727
2011-12-30,28.132610321044922
2012-01-02,28.257646560668945
2012-01-03,29.21623420715332
2012-01-04,28.757780075073242
2012-01-05,28.8828125
2012-01-06,31.258451461791992
2012-01-09,33.46738815307617
2012-01-10,33.17564392089844
2012-01-11,32.59214401245117
2012-01-12,34.13423538208008
2012-01-13,34.38430404663086
2012-01-16,33.9675178527832
2012-01-17,32.717185974121094
2012-01-18,33.50906753540039
2012-01-19,34.38430404663086
2012-01-20,34.67604446411133
2012-01-23,35.342899322509766
2012-01-24,35.55128479003906
2012-01-25,37.34344482421875
2012-01-27,39.67739486694336
2012-01-30,38.55209732055664
2012-01-31,40.67767333984375
2012-02-01,40.71934509277344
2012-02-02,40.76102828979492
2012-02-03,40.844383239746094
2012-02-06,41.4278678894043
2012-02-07,41.63626480102539
2012-02-08,41.59458923339844
2012-02-09,41.63626480102539
2012-02-10,41.01109313964844
2012-02-13,41.386199951171875
2012-02-14,41.67793655395508
2012-02-15,42.6782112121582
2012-02-16,43.38673400878906
2012-02-17,44.47036361694336
2012-02-21,45.38728332519531
2012-02-22,43.38673400878906
2012-02-23,40.71934509277344
2012-02-24,42.55317687988281
2012-02-27,40.010826110839844
2012-02-28,43.05331039428711
2012-02-29,43.094993591308594
2012-03-01,44.22029495239258
2012-03-02,45.262245178222656
2012-03-05,45.01217269897461
2012-03-06,42.96995544433594
2012-03-07,44.22029495239258
2012-03-09,46.09580612182617
2012-03-12,45.34560775756836
2012-03-13,45.720706939697266
2012-03-14,45.84573745727539
2012-03-15,46.34586715698242
2012-03-16,46.63761520385742
2012-03-19,44.428688049316406
2012-03-20,44.2619743347168
2012-03-21,46.304195404052734
2012-03-22,44.47036361694336
2012-03-23,45.97077178955078
2012-03-26,44.762107849121094
2012-03-27,45.09553146362305
2012-03-28,44.887142181396484
2012-03-29,44.17861557006836
2012-03-30,47.721248626708984
2012-04-02,47.80459976196289
2012-04-03,46.72097396850586
2012-04-04,47.721248626708984
2012-04-09,45.88741683959961
2012-04-10,47.05440139770508
2012-04-11,46.97104263305664
2012-04-12,48.59648132324219
2012-04-13,49.17997360229492
2012-04-16,48.67983627319336
2012-04-17,48.42976760864258
2012-04-18,47.47117614746094
2012-04-19,45.76238250732422
2012-04-20,45.9290885925293
2012-04-23,43.05331039428711
2012-04-24,42.761566162109375
2012-04-25,44.011905670166016
2012-04-26,44.5537223815918
2012-04-27,45.67902755737305
2012-04-30,45.84573745727539
2012-05-02,44.59539794921875
2012-05-03,45.17888641357422
2012-05-04,45.38728332519531
2012-05-07,44.5537223815918
2012-05-08,42.42815017700195
2012-05-09,40.88605880737305
2012-05-10,42.42815017700195
2012-05-11,41.71962356567383
2012-05-14,42.0113639831543
2012-05-15,42.09471893310547
2012-05-16,40.96942138671875
2012-05-17,41.92801284790039
2012-05-18,42.3031120300293
2012-05-21,42.3031120300293
2012-05-22,41.13613510131836
2012-05-23,40.34424591064453
2012-05-24,41.4278678894043
2012-05-25,42.63653564453125
2012-05-28,42.6782112121582
2012-05-29,42.6782112121582
2012-05-30,41.386199951171875
2012-05-31,41.34451675415039
2012-06-01,41.13613510131836
2012-06-04,41.4278678894043
2012-06-05,40.844383239746094
2012-06-06,39.844112396240234
2012-06-07,41.46955108642578
2012-06-08,42.3031120300293
2012-06-11,41.84464645385742
2012-06-12,40.802711486816406
2012-06-13,40.510955810546875
2012-06-14,40.71934509277344
2012-06-15,40.552635192871094
2012-06-18,40.260894775390625
2012-06-19,39.844112396240234
2012-06-20,41.052772521972656
2012-06-21,40.67767333984375
2012-06-22,41.21949005126953
2012-06-25,40.59431838989258
2012-06-26,40.30256652832031
2012-06-27,40.802711486816406
2012-06-28,41.67793655395508
2012-06-29,43.13666915893555
2012-07-02,43.303382873535156
2012-07-03,45.76238250732422
2012-07-04,45.84573745727539
2012-07-05,47.304466247558594
2012-07-06,47.387821197509766
2012-07-09,47.09607696533203
2012-07-10,48.388092041015625
2012-07-11,48.096343994140625
2012-07-12,48.4714469909668
2012-07-13,48.346412658691406
2012-07-16,49.22164535522461
2012-07-17,48.30473709106445
2012-07-18,48.971580505371094
2012-07-19,48.513126373291016
2012-07-20,48.42976760864258
2012-07-23,49.680110931396484
2012-07-24,51.93071746826172
2012-07-25,49.59675216674805
2012-07-26,45.88741683959961
2012-07-27,45.303924560546875
2012-07-30,47.13774871826172
2012-07-31,45.17888641357422
2012-08-01,47.05440139770508
2012-08-02,47.846275329589844
2012-08-03,50.305274963378906
2012-08-06,53.63950729370117
2012-08-07,52.6809196472168
2012-08-08,52.51420211791992
2012-08-09,54.806495666503906
2012-08-10,56.8903923034668
2012-08-13,56.265220642089844
2012-08-14,57.2654914855957
2012-08-16,55.681739807128906
2012-08-17,56.5986442565918
2012-08-21,56.80703353881836
2012-08-22,53.88957977294922
2012-08-23,55.848445892333984
2012-08-24,55.26494598388672
2012-08-27,53.931251525878906
2012-08-28,53.18105697631836
2012-08-29,53.30609130859375
2012-08-30,54.3480339050293
2012-08-31,55.97347640991211
2012-09-03,56.473609924316406
2012-09-04,57.473876953125
2012-09-05,56.64031219482422
2012-09-06,55.97347640991211
2012-09-07,55.43166732788086
2012-09-10,57.2654914855957
2012-09-11,57.93233871459961
2012-09-12,56.80703353881836
2012-09-13,55.22328186035156
2012-09-14,55.72340393066406
2012-09-17,56.0151481628418
2012-09-18,56.932071685791016
2012-09-20,55.848445892333984
2012-09-21,54.556427001953125
2012-09-24,55.72340393066406
2012-09-25,53.3477668762207
2012-09-26,53.51447296142578
2012-09-27,55.43166732788086
2012-09-28,56.0985107421875
2012-10-01,55.43166732788086
2012-10-03,55.72340393066406
2012-10-04,55.515018463134766
2012-10-05,55.848445892333984
2012-10-08,55.47333908081055
2012-10-09,56.30690383911133
2012-10-10,56.473609924316406
2012-10-11,57.348854064941406
2012-10-12,58.43246841430664
2012-10-15,61.05818176269531
2012-10-16,59.64113235473633
2012-10-17,58.93260955810547
2012-10-18,58.84926223754883
2012-10-19,57.97401428222656
2012-10-22,57.557247161865234
2012-10-23,56.34858703613281
2012-10-25,56.0985107421875
2012-10-29,57.1821403503418
2012-10-30,55.97347640991211
2012-10-31,56.8903923034668
2012-11-01,57.098785400390625
2012-11-02,53.431121826171875
2012-11-05,54.38971710205078
2012-11-06,54.47306823730469
2012-11-07,55.80675506591797
2012-11-08,54.806495666503906
2012-11-09,53.847900390625
2012-11-12,53.847900390625
2012-11-15,53.68119430541992
2012-11-16,52.38916778564453
2012-11-19,51.13883590698242
2012-11-20,52.347496032714844
2012-11-21,52.51420211791992
2012-11-22,51.22219467163086
2012-11-23,50.597023010253906
2012-11-26,50.43031311035156
2012-11-27,50.63869857788086
2012-11-29,50.47198486328125
2012-11-30,53.30609130859375
2012-12-03,53.26441192626953
2012-12-04,51.889041900634766
2012-12-05,51.09715270996094
2012-12-06,50.88875961303711
2012-12-07,50.80541229248047
2012-12-10,45.97077178955078
2012-12-11,46.05413055419922
2012-12-12,45.053855895996094
2012-12-13,43.595123291015625
2012-12-14,43.22002029418945
2012-12-17,43.2617073059082
2012-12-18,42.46982192993164
2012-12-19,41.4278678894043
2012-12-20,40.635990142822266
2012-12-21,38.51041030883789
2012-12-24,40.96942138671875
2012-12-26,41.13613510131836
2012-12-27,41.511234283447266
2012-12-28,40.927734375
2012-12-31,41.13613510131836
2013-01-01,41.34451675415039
2013-01-02,42.13639831542969
2013-01-03,43.13666915893555
2013-01-04,42.761566162109375
2013-01-07,41.92801284790039
2013-01-08,42.3031120300293
2013-01-09,41.761295318603516
2013-01-10,39.385658264160156
2013-01-11,37.885250091552734
2013-01-14,37.01001739501953
2013-01-15,36.63491439819336
2013-01-16,35.884708404541016
2013-01-17,35.13450622558594
2013-01-18,35.75967025756836
2013-01-21,35.96806335449219
2013-01-22,36.09309768676758
2013-01-23,36.38484191894531
2013-01-24,36.09309768676758
2013-01-25,35.63463592529297
2013-01-28,35.884708404541016
2013-01-29,36.25981140136719
2013-01-30,36.551551818847656
2013-01-31,38.09363555908203
2013-02-01,38.80216598510742
2013-02-04,38.80216598510742
2013-02-05,38.38538360595703
2013-02-06,41.01109313964844
2013-02-07,40.46928024291992
2013-02-08,41.052772521972656
2013-02-11,41.094451904296875
2013-02-12,40.42760467529297
2013-02-13,40.17753982543945
2013-02-14,38.968875885009766
2013-02-15,42.344791412353516
2013-02-18,42.88660430908203
2013-02-19,43.094993591308594
2013-02-20,41.26116180419922
2013-02-21,41.052772521972656
2013-02-22,40.42760467529297
2013-02-25,39.46900939941406
2013-02-26,37.718536376953125
2013-02-27,40.635990142822266
2013-02-28,39.635719299316406
2013-03-01,39.34397888183594
2013-03-04,38.55209732055664
2013-03-05,39.76075744628906
2013-03-06,40.30256652832031
2013-03-07,41.17781066894531
2013-03-08,40.59431838989258
2013-03-11,40.927734375
2013-03-12,41.46955108642578
2013-03-13,41.30284118652344
2013-03-14,40.17753982543945
2013-03-15,38.968875885009766
2013-03-18,38.843841552734375
2013-03-19,37.30175018310547
2013-03-20,35.71799850463867
2013-03-21,36.25981140136719
2013-03-22,36.00974655151367
2013-03-25,36.301483154296875
2013-03-26,36.25981140136719
2013-03-28,36.343162536621094
2013-04-01,37.34344482421875
2013-04-02,38.843841552734375
2013-04-03,38.42706298828125
2013-04-04,39.88578796386719
2013-04-05,41.17781066894531
2013-04-08,41.01109313964844
2013-04-09,40.260894775390625
2013-04-10,40.30256652832031
2013-04-11,40.09417724609375
2013-04-12,41.094451904296875
2013-04-15,40.927734375
2013-04-16,41.094451904296875
2013-04-17,41.26116180419922
2013-04-18,41.13613510131836
2013-04-22,41.761295318603516
2013-04-23,41.052772521972656
2013-04-25,41.21949005126953
2013-04-26,40.844383239746094
2013-04-29,41.71962356567383
2013-04-30,39.30229949951172
2013-05-02,41.511234283447266
2013-05-03,42.09471893310547
2013-05-06,42.96995544433594
2013-05-07,44.09526824951172
2013-05-08,43.5534553527832
2013-05-09,42.26143264770508
2013-05-10,42.96995544433594
2013-05-13,42.46982192993164
2013-05-14,41.67793655395508
2013-05-15,41.511234283447266
2013-05-16,40.552635192871094
2013-05-17,40.42760467529297
2013-05-20,40.09417724609375
2013-05-21,39.59404754638672
2013-05-22,39.88578796386719
2013-05-23,39.46900939941406
2013-05-24,40.010826110839844
2013-05-27,40.260894775390625
2013-05-28,40.67767333984375
2013-05-29,40.927734375
2013-05-30,40.219215393066406
2013-05-31,39.969146728515625
2013-06-03,39.88578796386719
2013-06-04,40.13585662841797
2013-06-05,40.34424591064453
2013-06-06,40.09417724609375
2013-06-07,39.844112396240234
2013-06-10,39.46900939941406
2013-06-11,37.51015090942383
2013-06-12,38.30202865600586
2013-06-13,37.51015090942383
2013-06-14,37.42679214477539
2013-06-17,35.96806335449219
2013-06-18,35.801353454589844
2013-06-19,35.71799850463867
2013-06-20,35.00947570800781
2013-06-21,34.5510139465332
2013-06-24,34.17591094970703
2013-06-25,34.00920104980469
2013-06-26,33.634098052978516
2013-06-27,32.2170524597168
2013-06-28,32.42544174194336
2013-07-01,33.34235382080078
2013-07-02,33.384033203125
2013-07-03,32.717185974121094
2013-07-04,33.759132385253906
2013-07-05,33.675785064697266
2013-07-08,32.633827209472656
2013-07-09,34.38430404663086
2013-07-10,34.634368896484375
2013-07-11,35.00947570800781
2013-07-12,34.46765899658203
2013-07-15,34.88444137573242
2013-07-16,34.46765899658203
2013-07-17,34.00920104980469
2013-07-18,35.00947570800781
2013-07-19,35.92638397216797
2013-07-22,35.44561767578125
2013-07-23,36.05751037597656
2013-07-24,34.921142578125
2013-07-25,34.83373260498047
2013-07-26,34.00332260131836
2013-07-29,35.489322662353516
2013-07-30,34.00332260131836
2013-07-31,31.730609893798828
2013-08-01,31.90542984008789
2013-08-02,32.429901123046875
2013-08-05,32.34248733520508
2013-08-06,31.468366622924805
2013-08-07,31.07500457763672
2013-08-08,32.51731491088867
2013-08-12,32.86696243286133
2013-08-13,32.51731491088867
2013-08-14,32.64842987060547
2013-08-16,32.34248733520508
2013-08-19,31.5994815826416
2013-08-20,31.555784225463867
2013-08-21,32.386192321777344
2013-08-22,31.730609893798828
2013-08-23,31.774311065673828
2013-08-26,32.386192321777344
2013-08-27,31.07500457763672
2013-08-28,31.16242218017578
2013-08-29,31.468366622924805
2013-08-30,31.424659729003906
2013-09-02,35.53303146362305
2013-09-03,33.52254867553711
2013-09-04,34.39667510986328
2013-09-05,36.232330322265625
2013-09-06,34.83373260498047
2013-09-10,34.57149887084961
2013-09-11,34.527793884277344
2013-09-12,35.44561767578125
2013-09-13,36.363441467285156
2013-09-16,36.58197784423828
2013-09-17,36.75680160522461
2013-09-18,36.75680160522461
2013-09-19,36.75680160522461
2013-09-20,35.44561767578125
2013-09-23,36.013797760009766
2013-09-24,36.319740295410156
2013-09-25,37.41239547729492
2013-09-26,37.41239547729492
2013-09-27,37.06275177001953
2013-09-30,37.23756790161133
2013-10-01,37.324981689453125
2013-10-03,38.155391693115234
2013-10-04,37.84945297241211
2013-10-07,38.50504684448242
2013-10-08,38.0242805480957
2013-10-09,38.0242805480957
2013-10-10,38.0242805480957
2013-10-11,38.1116828918457
2013-10-14,38.548744201660156
2013-10-15,39.51028060913086
2013-10-17,39.90364074707031
2013-10-18,39.466575622558594
2013-10-21,40.296993255615234
2013-10-22,40.90887451171875
2013-10-23,41.083702087402344
2013-10-24,39.85993194580078
2013-10-25,39.116920471191406
2013-10-28,37.980567932128906
2013-10-29,37.23756790161133
2013-10-30,37.150150299072266
2013-10-31,35.970088958740234
2013-11-01,37.45610427856445
2013-11-05,38.81099319458008
2013-11-06,39.33546447753906
2013-11-07,39.29175567626953
2013-11-08,38.37392807006836
2013-11-11,38.461341857910156
2013-11-12,38.59245681762695
2013-11-13,38.50504684448242
2013-11-14,39.3791618347168
2013-11-18,39.3791618347168
2013-11-19,38.98580551147461
2013-11-20,42.831947326660156
2013-11-21,40.51552200317383
2013-11-22,40.16587829589844
2013-11-25,43.400123596191406
2013-11-26,43.356414794921875
2013-11-27,41.43335723876953
2013-11-28,41.91411590576172
2013-11-29,41.214820861816406
2013-12-02,40.82146453857422
2013-12-03,40.51552200317383
2013-12-04,39.77252197265625
2013-12-05,39.3791618347168
2013-12-06,40.384395599365234
2013-12-09,39.29175567626953
2013-12-10,39.42287063598633
2013-12-11,40.99629211425781
2013-12-12,40.384395599365234
2013-12-13,39.29175567626953
2013-12-16,38.63616180419922
2013-12-17,39.77252197265625
2013-12-18,39.51028060913086
2013-12-19,40.296993255615234
2013-12-20,41.17111587524414
2013-12-23,40.559226989746094
2013-12-24,40.2095832824707
2013-12-26,40.25328826904297
2013-12-27,40.25328826904297
2013-12-30,40.25328826904297
2013-12-31,40.2095832824707
2014-01-01,40.2095832824707
2014-01-02,40.03475570678711
2014-01-03,39.204345703125
2014-01-06,39.33546447753906
2014-01-07,39.90364074707031
2014-01-08,39.466575622558594
2014-01-09,39.51028060913086
2014-01-10,39.3791618347168
2014-01-13,39.116920471191406
2014-01-14,39.728816986083984
2014-01-15,39.160640716552734
2014-01-16,39.90364074707031
2014-01-17,38.417633056640625
2014-01-20,37.980567932128906
2014-01-21,37.587215423583984
2014-01-22,37.76204299926758
2014-01-23,37.76204299926758
2014-01-24,37.45610427856445
2014-01-27,36.14491653442383
2014-01-28,35.83897399902344
2014-01-29,36.05751037597656
2014-01-30,35.13967514038086
2014-01-31,32.167667388916016
2014-02-03,33.39143371582031
2014-02-04,34.74632263183594
2014-02-05,34.57149887084961
2014-02-06,35.62044143676758
2014-02-07,35.35820770263672
2014-02-10,34.22184753417969
2014-02-11,34.9648551940918
2014-02-12,34.921142578125
2014-02-13,36.713096618652344
2014-02-14,36.05751037597656
2014-02-17,35.0085563659668
2014-02-18,35.31450653076172
2014-02-19,38.63616180419922
2014-02-20,38.85469436645508
2014-02-21,39.073219299316406
2014-02-24,39.68510818481445
2014-02-25,40.73405075073242
2014-02-26,40.602935791015625
2014-02-28,40.77775955200195
2014-03-03,40.95258331298828
2014-03-04,40.42810821533203
2014-03-05,41.782997131347656
2014-03-06,43.31270980834961
2014-03-07,42.70082473754883
2014-03-10,42.875648498535156
2014-03-11,43.44382095336914
2014-03-12,43.48753356933594
2014-03-13,47.8581428527832
2014-03-14,46.19731140136719
2014-03-18,46.28471755981445
2014-03-19,46.022483825683594
2014-03-20,45.71654510498047
2014-03-21,44.405364990234375
2014-03-24,44.88612365722656
2014-03-25,45.36690139770508
2014-03-26,45.323184967041016
2014-03-27,46.06619644165039
2014-03-28,46.590667724609375
2014-03-31,48.819671630859375
2014-04-01,51.13610076904297
2014-04-02,51.004981994628906
2014-04-03,49.56268310546875
2014-04-04,50.48050308227539
2014-04-07,49.69379806518555
2014-04-09,49.65009307861328
2014-04-10,47.8581428527832
2014-04-11,48.95078659057617
2014-04-15,48.90708541870117
2014-04-16,48.0766716003418
2014-04-17,47.55220031738281
2014-04-21,48.64485549926758
2014-04-22,48.12037658691406
2014-04-23,50.83015441894531
2014-04-24,50.83015441894531
2014-04-25,49.73750305175781
2014-04-28,50.83015441894531
2014-04-29,50.56792068481445
2014-04-30,49.69379806518555
2014-05-02,49.73750305175781
2014-05-05,49.256736755371094
2014-05-06,50.043453216552734
2014-05-07,51.048683166503906
2014-05-08,50.61162185668945
2014-05-09,51.66056442260742
2014-05-12,52.05392074584961
2014-05-13,55.113346099853516
2014-05-14,54.545169830322266
2014-05-15,53.01546096801758
2014-05-16,54.6325798034668
2014-05-19,58.69724655151367
2014-05-20,59.39653396606445
2014-05-21,60.48918914794922
2014-05-22,64.3790283203125
2014-05-23,67.43846893310547
2014-05-26,66.69544982910156
2014-05-27,64.72869110107422
2014-05-28,62.19374084472656
2014-05-29,63.50491714477539
2014-05-30,63.85456085205078
2014-06-02,65.07832336425781
2014-06-03,70.14823913574219
2014-06-04,68.18145751953125
2014-06-05,68.22518157958984
2014-06-06,73.33877563476562
2014-06-09,72.63948059082031
2014-06-10,72.50835418701172
2014-06-11,72.15872192382812
2014-06-12,72.81430053710938
2014-06-13,69.44892883300781
2014-06-16,68.35627746582031
2014-06-17,72.72688293457031
2014-06-18,71.85277557373047
2014-06-19,70.8912353515625
2014-06-20,69.36153411865234
2014-06-23,74.12550354003906
2014-06-24,72.8580093383789
2014-06-25,70.32305145263672
2014-06-26,69.36153411865234
2014-06-27,70.80382537841797
2014-06-30,70.58528900146484
2014-07-01,70.71641540527344
2014-07-02,72.11502075195312
2014-07-03,72.15872192382812
2014-07-04,72.0713119506836
2014-07-07,71.98388671875
2014-07-08,69.5363540649414
2014-07-09,70.06082916259766
2014-07-10,69.27411651611328
2014-07-11,67.91922760009766
2014-07-14,63.41750717163086
2014-07-15,65.86503601074219
2014-07-16,68.31259155273438
2014-07-17,69.36153411865234
2014-07-18,69.14299774169922
2014-07-21,68.4874038696289
2014-07-22,68.05033874511719
2014-07-23,68.96817016601562
2014-07-24,70.49788665771484
2014-07-25,66.47693634033203
2014-07-28,63.94196319580078
2014-07-30,63.89826583862305
2014-07-31,66.17098999023438
2014-08-01,65.12203979492188
2014-08-04,64.07308959960938
2014-08-05,64.02938079833984
2014-08-06,66.12728881835938
2014-08-07,64.07308959960938
2014-08-08,61.71297073364258
2014-08-11,62.2374382019043
2014-08-12,62.718204498291016
2014-08-13,60.40177536010742
2014-08-14,62.19374084472656
2014-08-18,61.1010856628418
2014-08-19,61.319618225097656
2014-08-20,61.275901794433594
2014-08-21,59.57136917114258
2014-08-22,60.44549560546875
2014-08-25,59.48396301269531
2014-08-26,60.226959228515625
2014-08-27,60.83884811401367
2014-08-28,62.89302444458008
2014-09-01,61.18848419189453
2014-09-02,59.352840423583984
2014-09-03,57.866825103759766
2014-09-04,58.17277526855469
2014-09-05,57.60459518432617
2014-09-08,59.48396301269531
2014-09-09,58.12907409667969
2014-09-10,56.33711242675781
2014-09-11,55.85635757446289
2014-09-12,54.6325798034668
2014-09-15,53.976993560791016
2014-09-16,52.01021957397461
2014-09-17,49.34415054321289
2014-09-18,49.91231918334961
2014-09-19,49.300445556640625
2014-09-22,48.16408157348633
2014-09-23,45.80396270751953
2014-09-24,43.83718490600586
2014-09-25,43.79347610473633
2014-09-26,43.22529983520508
2014-09-29,43.094181060791016
2014-09-30,43.70606231689453
2014-10-01,47.42108154296875
2014-10-07,48.68856430053711
2014-10-08,47.20254898071289
2014-10-09,48.16408157348633
2014-10-10,48.47002410888672
2014-10-13,48.29520797729492
2014-10-14,47.20254898071289
2014-10-15,47.20254898071289
2014-10-16,45.14836502075195
2014-10-17,44.49277877807617
2014-10-20,46.940311431884766
2014-10-21,48.513729095458984
2014-10-22,48.95078659057617
2014-10-27,49.256736755371094
2014-10-28,48.9944953918457
2014-10-29,47.90184783935547
2014-10-30,47.33367156982422
2014-10-31,47.989261627197266
2014-11-03,48.60114669799805
2014-11-05,49.73750305175781
2014-11-07,48.9944953918457
2014-11-10,48.16408157348633
2014-11-11,47.8581428527832
2014-11-12,47.42108154296875
2014-11-13,55.90005874633789
2014-11-14,56.20600891113281
2014-11-17,56.94900894165039
2014-11-18,59.48396301269531
2014-11-19,58.566131591796875
2014-11-20,57.08012390136719
2014-11-21,53.976993560791016
2014-11-24,54.67628860473633
2014-11-25,52.534690856933594
2014-11-26,52.70951843261719
2014-11-27,52.40357208251953
2014-11-28,52.272457122802734
2014-12-01,51.70426940917969
2014-12-02,49.78120803833008
2014-12-03,49.73750305175781
2014-12-04,49.69379806518555
2014-12-05,50.52421569824219
2014-12-08,50.130859375
2014-12-09,48.86338424682617
2014-12-10,51.09239196777344
2014-12-11,54.02069854736328
2014-12-12,52.4472770690918
2014-12-15,50.08715057373047
2014-12-16,48.64485549926758
2014-12-17,49.256736755371094
2014-12-18,50.873863220214844
2014-12-19,50.56792068481445
2014-12-22,50.52421569824219
2014-12-23,50.48050308227539
2014-12-24,50.3493766784668
2014-12-26,51.13610076904297
2014-12-29,50.69903564453125
2014-12-30,50.873863220214844
2014-12-31,52.141334533691406
2015-01-01,52.49098205566406
2015-01-02,52.534690856933594
2015-01-05,52.92803955078125
2015-01-06,53.146575927734375
2015-01-07,53.80216598510742
2015-01-08,53.976993560791016
2015-01-09,52.92803955078125
2015-01-12,54.6325798034668
2015-01-13,55.15705490112305
2015-01-14,55.06964111328125
2015-01-15,55.06964111328125
2015-01-16,54.6325798034668
2015-01-19,55.15705490112305
2015-01-20,54.195526123046875
2015-01-21,53.933284759521484
2015-01-22,53.671051025390625
2015-01-23,52.534690856933594
2015-01-27,56.11857986450195
2015-01-28,54.71998596191406
2015-01-29,53.671051025390625
2015-01-30,53.976993560791016
2015-02-02,53.71475601196289
2015-02-03,53.05916213989258
2015-02-04,52.62210464477539
2015-02-05,51.92280960083008
2015-02-06,50.08715057373047
2015-02-09,49.1256217956543
2015-02-10,48.86338424682617
2015-02-11,49.65009307861328
2015-02-12,51.13610076904297
2015-02-13,50.56792068481445
2015-02-16,49.86861801147461
2015-02-18,53.84586715698242
2015-02-19,53.45252227783203
2015-02-20,52.796932220458984
2015-02-23,52.49098205566406
2015-02-24,51.44204330444336
2015-02-25,52.4472770690918
2015-02-26,52.75322341918945
2015-02-27,52.97175598144531
2015-03-02,51.09239196777344
2015-03-03,51.616859436035156
2015-03-04,51.267215728759766
2015-03-05,51.09239196777344
2015-03-09,49.9997444152832
2015-03-10,48.68856430053711
2015-03-11,47.814430236816406
2015-03-12,47.20254898071289
2015-03-13,47.72702407836914
2015-03-16,47.02772521972656
2015-03-17,48.0766716003418
2015-03-18,47.770729064941406
2015-03-19,47.15884780883789
2015-03-20,45.585426330566406
2015-03-23,44.6238899230957
2015-03-24,44.44906997680664
2015-03-25,43.05047607421875
2015-03-26,43.924598693847656
2015-03-27,42.5260009765625
2015-03-30,42.831947326660156
2015-03-31,43.31270980834961
2015-04-01,43.70606231689453
2015-04-06,44.53647994995117
2015-04-07,44.05571365356445
2015-04-08,47.15884780883789
2015-04-09,45.97877883911133
2015-04-10,44.6676025390625
2015-04-13,43.70606231689453
2015-04-15,43.70606231689453
2015-04-16,43.83718490600586
2015-04-17,43.094181060791016
2015-04-20,42.08893966674805
2015-04-21,41.214820861816406
2015-04-22,41.87041473388672
2015-04-23,42.13264846801758
2015-04-24,41.5207633972168
2015-04-27,40.69034957885742
2015-04-28,41.083702087402344
2015-04-29,40.90887451171875
2015-04-30,40.16587829589844
2015-05-04,39.116920471191406
2015-05-05,38.98580551147461
2015-05-06,37.324981689453125
2015-05-07,37.150150299072266
2015-05-08,36.494564056396484
2015-05-11,37.19386672973633
2015-05-12,37.368682861328125
2015-05-13,37.23756790161133
2015-05-14,37.150150299072266
2015-05-15,37.28127670288086
2015-05-18,37.84945297241211
2015-05-19,38.461341857910156
2015-05-20,38.1116828918457
2015-05-21,38.548744201660156
2015-05-22,38.417633056640625
2015-05-25,37.980567932128906
2015-05-26,37.587215423583984
2015-05-27,39.204345703125
2015-05-28,38.1116828918457
2015-05-29,36.75680160522461
2015-06-01,36.88792037963867
2015-06-02,36.53826904296875
2015-06-03,36.319740295410156
2015-06-04,35.83897399902344
2015-06-05,35.57673645019531
2015-06-08,35.664154052734375
2015-06-09,35.70785903930664
2015-06-10,36.53826904296875
2015-06-11,35.27079391479492
2015-06-12,34.74632263183594
2015-06-15,34.527793884277344
2015-06-16,34.00332260131836
2015-06-17,34.134437561035156
2015-06-18,35.0085563659668
2015-06-19,36.013797760009766
2015-06-22,35.489322662353516
2015-06-23,36.013797760009766
2015-06-24,35.57673645019531
2015-06-25,35.53303146362305
2015-06-26,35.0522575378418
2015-06-29,34.30926513671875
2015-06-30,35.401912689208984
2015-07-01,35.83897399902344
2015-07-02,35.664154052734375
2015-07-03,35.88268280029297
2015-07-06,37.805747985839844
2015-07-07,38.85469436645508
2015-07-08,38.548744201660156
2015-07-09,38.417633056640625
2015-07-10,38.63616180419922
2015-07-13,38.81099319458008
2015-07-14,38.548744201660156
2015-07-15,39.42287063598633
2015-07-16,39.728816986083984
2015-07-17,40.2095832824707
2015-07-20,39.99104690551758
2015-07-21,39.81622314453125
2015-07-22,39.94734191894531
2015-07-23,41.5207633972168
2015-07-24,39.99104690551758
2015-07-27,39.77252197265625
2015-07-28,41.040000915527344
2015-07-29,41.60816955566406
2015-07-30,43.53124237060547
2015-07-31,44.05571365356445
2015-08-03,43.31270980834961
2015-08-04,43.83718490600586
2015-08-05,47.02772521972656
2015-08-06,46.54696273803711
2015-08-07,46.41584014892578
2015-08-10,46.678077697753906
2015-08-11,45.279483795166016
2015-08-12,42.6134147644043
2015-08-13,41.5207633972168
2015-08-14,42.13264846801758
2015-08-17,41.73929214477539
2015-08-18,41.30223083496094
2015-08-19,42.5260009765625
2015-08-20,42.65712356567383
2015-08-21,40.51552200317383
2015-08-24,37.10645294189453
2015-08-25,35.83897399902344
2015-08-26,34.79003143310547
2015-08-27,34.921142578125
2015-08-28,35.22709274291992
2015-08-31,34.83373260498047
2015-09-01,34.178138732910156
2015-09-02,37.10645294189453
2015-09-03,39.160640716552734
2015-09-04,39.29175567626953
2015-09-07,38.85469436645508
2015-09-08,38.679866790771484
2015-09-09,38.76728439331055
2015-09-10,39.073219299316406
2015-09-11,38.59245681762695
2015-09-14,39.33546447753906
2015-09-15,40.296993255615234
2015-09-16,40.95258331298828
2015-09-18,44.8424186706543
2015-09-21,43.61865234375
2015-09-22,42.875648498535156
2015-09-23,42.831947326660156
2015-09-24,41.87041473388672
2015-09-28,46.678077697753906
2015-09-29,45.279483795166016
2015-09-30,46.10989761352539
2015-10-01,46.809200286865234
2015-10-05,47.8581428527832
2015-10-06,51.83539581298828
2015-10-07,53.758460998535156
2015-10-08,52.884342193603516
2015-10-09,54.50146484375
2015-10-12,52.884342193603516
2015-10-13,55.98746871948242
2015-10-14,53.84586715698242
2015-10-15,55.68152618408203
2015-10-16,55.85635757446289
2015-10-19,54.851112365722656
2015-10-20,55.5067024230957
2015-10-21,56.42453384399414
2015-10-23,56.11857986450195
2015-10-26,55.7252311706543
2015-10-27,55.24446487426758
2015-10-28,53.671051025390625
2015-10-29,54.239227294921875
2015-10-30,53.102867126464844
2015-11-02,55.5067024230957
2015-11-03,55.5067024230957
2015-11-04,54.763702392578125
2015-11-05,52.40357208251953
2015-11-06,51.57316207885742
2015-11-09,56.07487869262695
2015-11-10,54.239227294921875
2015-11-13,60.35808563232422
2015-11-16,62.455963134765625
2015-11-17,63.15526580810547
2015-11-18,72.50835418701172
2015-11-19,64.29161834716797
2015-11-20,64.94721984863281
2015-11-23,65.03462982177734
2015-11-24,67.4821548461914
2015-11-26,66.95768737792969
2015-11-27,66.82656860351562
2015-11-30,64.07308959960938
2015-12-01,63.50491714477539
2015-12-02,66.30210876464844
2015-12-03,65.1657485961914
2015-12-04,63.286373138427734
2015-12-07,62.76191711425781
2015-12-08,61.84408950805664
2015-12-09,60.48918914794922
2015-12-10,61.75666427612305
2015-12-11,61.14479064941406
2015-12-14,63.06786346435547
2015-12-15,64.5538558959961
2015-12-16,63.72344207763672
2015-12-17,63.76713943481445
2015-12-18,62.15000915527344
2015-12-21,62.106327056884766
2015-12-22,61.275901794433594
2015-12-23,61.45072937011719
2015-12-24,61.18848419189453
2015-12-28,60.88255310058594
2015-12-29,60.92625045776367
2015-12-30,61.18848419189453
2015-12-31,61.18848419189453
2016-01-01,62.84931945800781
2016-01-04,64.64126586914062
2016-01-05,64.5538558959961
2016-01-06,67.91922760009766
2016-01-07,65.55908966064453
2016-01-08,71.896484375
2016-01-11,73.0765380859375
2016-01-12,72.46466064453125
2016-01-13,76.74785614013672
2016-01-14,76.44190216064453
2016-01-15,72.8580093383789
2016-01-18,70.1045150756836
2016-01-19,74.30030059814453
2016-01-20,73.20765686035156
2016-01-21,72.81430053710938
2016-01-22,77.88420104980469
2016-01-25,76.66043853759766
2016-01-27,77.22862243652344
2016-01-28,76.92268371582031
2016-01-29,77.7530746459961
2016-02-01,81.20587158203125
2016-02-02,79.28280639648438
2016-02-03,77.09748840332031
2016-02-04,72.0713119506836
2016-02-05,75.74259948730469
2016-02-08,78.45237731933594
2016-02-09,74.86849212646484
2016-02-10,70.62901306152344
2016-02-11,65.82133483886719
2016-02-12,68.92445373535156
2016-02-15,70.32305145263672
2016-02-16,67.13252258300781
2016-02-17,70.0171127319336
2016-02-18,69.23040771484375
2016-02-19,69.9734115600586
2016-02-22,70.0171127319336
2016-02-23,68.83705139160156
2016-02-24,69.88599395751953
2016-02-25,70.14823913574219
2016-02-26,72.2024154663086
2016-02-29,71.15347290039062
2016-03-01,74.08177947998047
2016-03-02,72.90170288085938
2016-03-03,74.51884460449219
2016-03-04,81.16215515136719
2016-03-08,87.0187759399414
2016-03-09,86.2757797241211
2016-03-10,83.60970306396484
2016-03-11,80.72509002685547
2016-03-14,83.43488311767578
2016-03-15,86.49429321289062
2016-03-16,85.53276824951172
2016-03-17,83.47858428955078
2016-03-18,84.74604797363281
2016-03-21,85.31424713134766
2016-03-22,88.1114273071289
2016-03-23,88.1114273071289
2016-03-28,87.93660736083984
2016-03-29,87.71807861328125
2016-03-30,94.44879913330078
2016-03-31,94.27398681640625
2016-04-01,95.58515930175781
2016-04-04,94.27398681640625
2016-04-05,93.05020904541016
2016-04-06,97.02745819091797
2016-04-07,92.39462280273438
2016-04-08,92.21979522705078
2016-04-11,94.5799331665039
2016-04-12,91.12715911865234
2016-04-13,91.6953353881836
2016-04-18,95.75999450683594
2016-04-20,92.78797912597656
2016-04-21,90.99602508544922
2016-04-22,91.91386413574219
2016-04-25,92.61315155029297
2016-04-26,92.04496765136719
2016-04-27,92.17607879638672
2016-04-28,89.55371856689453
2016-04-29,93.61840057373047
2016-05-02,94.53622436523438
2016-05-03,92.9190902709961
2016-05-04,93.92433166503906
2016-05-05,95.62886047363281
2016-05-06,95.23551177978516
2016-05-09,95.27922058105469
2016-05-10,94.36139678955078
2016-05-11,100.56766510009766
2016-05-12,100.43653869628906
2016-05-13,102.31590270996094
2016-05-16,103.84561920166016
2016-05-17,101.35435485839844
2016-05-18,102.79666900634766
2016-05-19,100.52394104003906
2016-05-20,96.89634704589844
2016-05-23,96.1533432006836
2016-05-24,90.51526641845703
2016-05-25,93.31243896484375
2016-05-26,95.36663055419922
2016-05-27,94.23027801513672
2016-05-30,93.39986419677734
2016-05-31,94.5799331665039
2016-06-01,96.1533432006836
2016-06-02,95.67257690429688
2016-06-03,99.30018615722656
2016-06-06,101.96623992919922
2016-06-07,103.23371887207031
2016-06-08,104.76343536376953
2016-06-09,104.54491424560547
2016-06-10,107.51692199707031
2016-06-13,109.0029296875
2016-06-14,107.38579559326172
2016-06-15,105.5501480102539
2016-06-16,103.45225524902344
2016-06-17,104.06415557861328
2016-06-20,104.93827819824219
2016-06-21,104.45748901367188
2016-06-22,102.5781478881836
2016-06-23,101.48548126220703
2016-06-24,99.2564697265625
2016-06-27,108.78439331054688
2016-06-28,107.73545837402344
2016-06-29,108.30364227294922
2016-06-30,109.87703704833984
2016-07-01,113.5483627319336
2016-07-04,116.56410217285156
2016-07-05,112.63053131103516
2016-07-07,115.20919036865234
2016-07-08,113.06758880615234
2016-07-11,113.28612518310547
2016-07-12,113.5483627319336
2016-07-13,114.5098876953125
2016-07-14,116.52037048339844
2016-07-15,113.81059265136719
2016-07-18,112.2371597290039
2016-07-19,112.1497573852539
2016-07-20,113.329833984375
2016-07-21,111.53788757324219
2016-07-22,111.31936645507812
2016-07-25,113.417236328125
2016-07-26,111.188232421875
2016-07-27,112.41201782226562
2016-07-28,111.53788757324219
2016-07-29,115.86479187011719
2016-08-01,116.6951904296875
2016-08-02,113.94172668457031
2016-08-03,113.98541259765625
2016-08-04,111.75640106201172
2016-08-05,114.3787841796875
2016-08-08,112.0623550415039
2016-08-09,103.75819396972656
2016-08-10,102.70925903320312
2016-08-11,98.51347351074219
2016-08-12,99.47500610351562
2016-08-16,97.9889907836914
2016-08-17,96.72152709960938
2016-08-18,102.22848510742188
2016-08-19,103.40853881835938
2016-08-22,100.74249267578125
2016-08-23,100.92277526855469
2016-08-24,99.84098815917969
2016-08-25,99.11978149414062
2016-08-26,98.08306121826172
2016-08-29,97.04632568359375
2016-08-30,96.37020111083984
2016-08-31,96.68574523925781
2016-09-01,94.43199157714844
2016-09-02,92.80928802490234
2016-09-06,93.71077728271484
2016-09-07,92.4937744140625
2016-09-08,92.80928802490234
2016-09-09,94.92781066894531
2016-09-12,92.89944458007812
2016-09-14,92.44868469238281
2016-09-15,92.35855102539062
2016-09-16,96.50543212890625
2016-09-19,99.2099380493164
2016-09-20,100.24664306640625
2016-09-21,99.66069030761719
2016-09-22,102.27501678466797
2016-09-23,101.46368408203125
2016-09-26,99.02962493896484
2016-09-27,98.26335906982422
2016-09-28,99.97620391845703
2016-09-29,93.16987609863281
2016-09-30,97.136474609375
2016-10-03,97.27171325683594
2016-10-04,98.26335906982422
2016-10-05,100.02127838134766
2016-10-06,99.435302734375
2016-10-07,106.10639953613281
2016-10-10,104.34847259521484
2016-10-13,102.54547882080078
2016-10-14,101.10308074951172
2016-10-17,102.00457763671875
2016-10-18,102.63562774658203
2016-10-19,103.62725830078125
2016-10-20,105.06968688964844
2016-10-21,108.58551788330078
2016-10-24,108.94611358642578
2016-10-25,105.52041625976562
2016-10-26,103.67234802246094
2016-10-27,103.17652130126953
2016-10-28,104.03295135498047
2016-11-01,101.64396667480469
2016-11-02,98.93948364257812
2016-11-03,98.08306121826172
2016-11-04,94.29676055908203
2016-11-07,98.93948364257812
2016-11-08,102.45532989501953
2016-11-09,104.34847259521484
2016-11-10,105.15982818603516
2016-11-11,104.3935546875
2016-11-15,107.18819427490234
2016-11-16,101.68905639648438
2016-11-17,99.66069030761719
2016-11-18,104.7090835571289
2016-11-21,101.46368408203125
2016-11-22,105.43026733398438
2016-11-23,108.45028686523438
2016-11-24,108.0896987915039
2016-11-25,109.26164245605469
2016-11-28,109.03627014160156
2016-11-29,109.53208923339844
2016-11-30,110.43360137939453
2016-12-01,109.0813217163086
2016-12-02,106.96282958984375
2016-12-05,106.24161529541016
2016-12-06,107.68401336669922
2016-12-07,109.39685821533203
2016-12-08,109.53208923339844
2016-12-09,109.35179138183594
2016-12-12,108.58551788330078
2016-12-13,107.72908782958984
2016-12-14,108.6305923461914
2016-12-15,107.00789642333984
2016-12-16,106.9177474975586
2016-12-19,106.69236755371094
2016-12-20,106.10639953613281
2016-12-21,107.41356658935547
2016-12-22,104.79923248291016
2016-12-23,107.23326110839844
2016-12-26,106.64730072021484
2016-12-27,106.0162582397461
2016-12-28,107.54879760742188
2016-12-29,110.6138916015625
2016-12-30,112.9127197265625
2017-01-02,117.42021942138672
2017-01-03,118.0512466430664
2017-01-04,115.84259033203125
2017-01-05,117.10468292236328
2017-01-06,121.34172821044922
2017-01-09,123.14472198486328
2017-01-10,125.98442077636719
2017-01-11,126.39009094238281
2017-01-12,123.5503921508789
2017-01-13,128.14805603027344
2017-01-16,128.41848754882812
2017-01-17,127.56204986572266
2017-01-18,124.63218688964844
2017-01-19,127.06624603271484
2017-01-20,125.30830383300781
2017-01-23,125.03785705566406
2017-01-24,126.48027038574219
2017-01-25,130.13134765625
2017-01-27,130.4468536376953
2017-01-30,129.36505126953125
2017-01-31,127.74237823486328
2017-02-01,129.8608856201172
2017-02-02,138.51528930664062
2017-02-03,138.60543823242188
2017-02-06,142.6170654296875
2017-02-07,142.572021484375
2017-02-08,139.95765686035156
2017-02-09,138.83079528808594
2017-02-10,138.47021484375
2017-02-13,139.77737426757812
2017-02-14,139.32662963867188
2017-02-15,137.29824829101562
2017-02-16,141.2648468017578
2017-02-17,143.42843627929688
2017-02-20,142.52696228027344
2017-02-21,138.33497619628906
2017-02-22,135.72064208984375
2017-02-23,137.0277862548828
2017-02-27,138.28990173339844
2017-02-28,137.7940673828125
2017-03-01,135.4050750732422
2017-03-02,132.56536865234375
2017-03-03,137.97439575195312
2017-03-06,140.1830596923828
2017-03-07,137.56869506835938
2017-03-08,131.70895385742188
2017-03-09,139.4167938232422
2017-03-10,135.63046264648438
2017-03-14,139.14634704589844
2017-03-15,134.8191375732422
2017-03-16,134.7740478515625
2017-03-17,138.78573608398438
2017-03-20,135.72064208984375
2017-03-21,132.20477294921875
2017-03-22,127.92266845703125
2017-03-23,133.64718627929688
2017-03-24,131.8441925048828
2017-03-27,129.90597534179688
2017-03-28,131.97938537597656
2017-03-29,130.71731567382812
2017-03-30,131.25820922851562
2017-03-31,131.03286743164062
2017-04-03,134.41346740722656
2017-04-05,137.97439575195312
2017-04-06,137.88424682617188
2017-04-07,134.3233184814453
2017-04-10,138.78573608398438
2017-04-11,136.75733947753906
2017-04-12,137.38839721679688
2017-04-13,135.81076049804688
2017-04-17,138.33497619628906
2017-04-18,135.9009246826172
2017-04-19,136.98269653320312
2017-04-20,144.1947021484375
2017-04-21,149.55860900878906
2017-04-24,149.73895263671875
2017-04-25,151.7222442626953
2017-04-26,148.70220947265625
2017-04-27,150.00936889648438
2017-04-28,146.26817321777344
2017-05-02,146.9893341064453
2017-05-03,142.572021484375
2017-05-04,142.9777069091797
2017-05-05,143.06785583496094
2017-05-08,142.0762176513672
2017-05-09,143.96932983398438
2017-05-10,149.51358032226562
2017-05-11,150.00936889648438
2017-05-12,148.79238891601562
2017-05-15,149.1078643798828
2017-05-16,148.0711669921875
2017-05-17,149.91925048828125
2017-05-18,144.870849609375
2017-05-19,144.1045684814453
2017-05-22,144.37501525878906
2017-05-23,143.87918090820312
2017-05-24,145.45681762695312
2017-05-25,149.01776123046875
2017-05-26,151.00100708007812
2017-05-29,143.3833465576172
2017-05-30,140.90428161621094
2017-05-31,139.73228454589844
2017-06-01,140.36331176757812
2017-06-02,139.91259765625
2017-06-05,136.8474884033203
2017-06-06,135.9009246826172
2017-06-07,134.954345703125
2017-06-08,131.57373046875
2017-06-09,133.37672424316406
2017-06-12,133.15135192871094
2017-06-13,133.4217987060547
2017-06-14,129.54534912109375
2017-06-15,132.47523498535156
2017-06-16,131.8892822265625
2017-06-19,131.7540283203125
2017-06-20,132.9259796142578
2017-06-21,135.4050750732422
2017-06-22,134.7289581298828
2017-06-23,132.02447509765625
2017-06-27,131.7540283203125
2017-06-28,134.4585418701172
2017-06-29,135.13462829589844
2017-06-30,136.1262969970703
2017-07-03,137.4334716796875
2017-07-04,137.3433380126953
2017-07-05,137.47857666015625
2017-07-06,137.5236358642578
2017-07-07,139.77737426757812
2017-07-10,138.0645294189453
2017-07-11,137.29824829101562
2017-07-12,137.74899291992188
2017-07-13,140.76901245117188
2017-07-14,139.4618377685547
2017-07-17,140.63380432128906
2017-07-18,138.87588500976562
2017-07-19,139.23646545410156
2017-07-20,141.8057403564453
2017-07-21,144.1947021484375
2017-07-24,143.293212890625
2017-07-25,145.14129638671875
2017-07-26,144.1045684814453
2017-07-27,139.4167938232422
2017-07-28,139.73228454589844
2017-07-31,149.1078643798828
2017-08-01,146.44845581054688
2017-08-02,155.2831573486328
2017-08-03,158.12286376953125
2017-08-04,156.59033203125
2017-08-07,161.3231964111328
2017-08-08,153.34494018554688
2017-08-09,152.2012481689453
2017-08-10,146.52857971191406
2017-08-11,151.10330200195312
2017-08-14,154.90036010742188
2017-08-16,152.93319702148438
2017-08-17,151.60653686523438
2017-08-18,152.75022888183594
2017-08-21,151.4693145751953
2017-08-22,150.60011291503906
2017-08-23,150.8745880126953
2017-08-24,151.8810272216797
2017-08-28,158.3313751220703
2017-08-29,154.48861694335938
2017-08-30,154.9460906982422
2017-08-31,157.14193725585938
2017-09-01,158.78884887695312
2017-09-04,158.37713623046875
2017-09-05,158.51437377929688
2017-09-06,159.93252563476562
2017-09-07,156.8217010498047
2017-09-08,157.7824249267578
2017-09-11,157.14193725585938
2017-09-12,159.6123046875
2017-09-13,161.4879608154297
2017-09-14,160.02403259277344
2017-09-15,160.3900146484375
2017-09-18,155.40357971191406
2017-09-19,157.55368041992188
2017-09-20,157.73667907714844
2017-09-21,155.8610382080078
2017-09-22,152.61297607421875
2017-09-25,152.887451171875
2017-09-26,151.9268035888672
2017-09-27,149.68515014648438
2017-09-28,144.10397338867188
2017-09-29,147.21478271484375
2017-10-03,144.79017639160156
2017-10-04,143.32626342773438
2017-10-05,145.1104278564453
2017-10-06,146.11685180664062
2017-10-09,143.55502319335938
2017-10-10,151.24058532714844
2017-10-11,147.48927307128906
2017-10-12,149.36489868164062
2017-10-13,148.0382537841797
2017-10-16,145.75088500976562
2017-10-17,145.93385314941406
2017-10-18,148.4042205810547
2017-10-19,147.0318145751953
2017-10-23,149.95960998535156
2017-10-24,150.1883544921875
2017-10-25,150.1883544921875
2017-10-26,144.9274139404297
2017-10-27,147.44351196289062
2017-10-30,153.29917907714844
2017-10-31,156.86744689941406
2017-11-01,159.74954223632812
2017-11-02,154.44287109375
2017-11-03,155.3120574951172
2017-11-06,154.39710998535156
2017-11-07,147.67227172851562
2017-11-08,152.155517578125
2017-11-09,148.81593322753906
2017-11-10,149.31918334960938
2017-11-13,145.75088500976562
2017-11-14,146.29981994628906
2017-11-15,142.82305908203125
2017-11-16,145.3848876953125
2017-11-17,148.4042205810547
2017-11-20,149.31918334960938
2017-11-21,149.27340698242188
2017-11-22,145.9796142578125
2017-11-23,151.0118408203125
2017-11-24,149.59364318847656
2017-11-27,153.07044982910156
2017-11-28,151.05758666992188
2017-11-29,150.1883544921875
2017-11-30,145.61363220214844
2017-12-01,143.46351623535156
2017-12-04,139.80372619628906
2017-12-05,144.28697204589844
2017-12-06,140.26119995117188
2017-12-07,140.4442138671875
2017-12-08,140.3527069091797
2017-12-11,141.26763916015625
2017-12-12,135.77798461914062
2017-12-13,133.3991241455078
2017-12-14,132.57566833496094
2017-12-15,132.02670288085938
2017-12-18,129.23609924316406
2017-12-19,135.4119873046875
2017-12-20,132.34693908691406
2017-12-21,129.7850799560547
2017-12-22,127.49771118164062
2017-12-26,125.94229125976562
2017-12-27,123.2889633178711
2017-12-28,119.62916564941406
2017-12-29,121.13882446289062
2018-01-01,123.79219055175781
2018-01-02,124.02092742919922
2018-01-03,125.57630157470703
2018-01-04,125.48482513427734
2018-01-05,128.0009002685547
2018-01-08,129.51058959960938
2018-01-09,131.4777069091797
2018-01-10,129.96807861328125
2018-01-11,129.3275909423828
2018-01-12,125.80503845214844
2018-01-15,124.29540252685547
2018-01-16,119.4461898803711
2018-01-17,120.08663940429688
2018-01-18,115.23743438720703
2018-01-19,112.26386260986328
2018-01-22,113.59053802490234
2018-01-23,115.64915466308594
2018-01-24,110.9829330444336
2018-01-25,111.39466857910156
2018-01-29,109.42752838134766
2018-01-30,108.8785629272461
2018-01-31,111.76065063476562
2018-02-01,108.32959747314453
2018-02-02,101.83348846435547
2018-02-05,106.31671142578125
2018-02-06,104.02934265136719
2018-02-07,103.93785858154297
2018-02-08,109.70201873779297
2018-02-09,110.15947723388672
2018-02-12,111.48615264892578
2018-02-14,110.93717956542969
2018-02-15,109.97649383544922
2018-02-16,106.72844696044922
2018-02-19,105.90498352050781
2018-02-20,109.01580047607422
2018-02-21,104.62406921386719
2018-02-22,104.7155532836914
2018-02-23,106.49971008300781
2018-02-26,107.68913269042969
2018-02-27,109.42752838134766
2018-02-28,109.56476593017578
2018-03-01,107.46038818359375
2018-03-05,98.3109359741211
2018-03-06,91.76908111572266
2018-03-07,88.10929107666016
2018-03-08,82.29938507080078
2018-03-09,77.86189270019531
2018-03-12,79.50879669189453
2018-03-13,82.57386779785156
2018-03-14,81.61316680908203
2018-03-15,79.5545425415039
2018-03-16,79.05132293701172
2018-03-19,74.84257507324219
2018-03-20,78.45660400390625
2018-03-21,85.59319305419922
2018-03-22,79.69178009033203
2018-03-23,77.72464752197266
2018-03-26,76.35223388671875
2018-03-27,74.29359436035156
2018-03-28,69.21565246582031
2018-04-02,71.77751159667969
2018-04-03,70.95406341552734
2018-04-04,72.05198669433594
2018-04-05,69.58163452148438
2018-04-06,70.13059997558594
2018-04-09,69.39863586425781
2018-04-10,72.92118835449219
2018-04-11,70.86255645751953
2018-04-12,67.01979064941406
2018-04-13,66.4708251953125
2018-04-16,66.4250717163086
2018-04-17,67.70599365234375
2018-04-18,64.45793151855469
2018-04-19,60.843902587890625
2018-04-20,61.896095275878906
2018-04-23,62.811038970947266
2018-04-24,63.26851272583008
2018-04-25,61.39287567138672
2018-04-26,58.968257904052734
2018-04-27,61.02689743041992
2018-04-30,64.04621124267578
2018-05-02,60.752403259277344
2018-05-03,58.602291107177734
2018-05-04,59.059757232666016
2018-05-07,62.445064544677734
2018-05-08,63.03977584838867
2018-05-09,64.64093017578125
2018-05-10,60.20344543457031
2018-05-11,60.7066535949707
2018-05-14,59.24274444580078
2018-05-15,56.68090057373047
2018-05-16,54.57652282714844
2018-05-17,56.4521598815918
2018-05-18,57.00112533569336
2018-05-21,60.38642501831055
2018-05-22,67.0655288696289
2018-05-23,62.2163200378418
2018-05-24,63.863216400146484
2018-05-25,64.36644744873047
2018-05-28,68.39220428466797
2018-05-29,65.5101318359375
2018-05-30,66.05909729003906
2018-05-31,65.37288665771484
2018-06-01,66.92830657958984
2018-06-04,64.00045013427734
2018-06-05,66.10484313964844
2018-06-06,61.530113220214844
2018-06-07,62.6280403137207
2018-06-08,62.67379379272461
2018-06-11,66.05909729003906
2018-06-12,66.19633483886719
2018-06-13,65.14414978027344
2018-06-14,64.9611587524414
2018-06-15,67.66024780273438
2018-06-18,65.96760559082031
2018-06-19,64.86966705322266
2018-06-20,65.18989562988281
2018-06-21,61.62160110473633
2018-06-22,60.752403259277344
2018-06-25,59.883201599121094
2018-06-26,61.164127349853516
2018-06-27,60.66090774536133
2018-06-28,60.066200256347656
2018-06-29,58.87677001953125
2018-07-02,58.14480972290039
2018-07-03,57.275611877441406
2018-07-04,57.275611877441406
2018-07-05,57.4586067199707
2018-07-06,57.73308181762695
2018-07-09,57.6415901184082
2018-07-10,60.249183654785156
2018-07-11,58.83102798461914
2018-07-12,63.314247131347656
2018-07-13,61.75884246826172
2018-07-16,60.98114013671875
2018-07-17,59.47148513793945
2018-07-18,58.7852783203125
2018-07-19,57.55010223388672
2018-07-20,58.05331039428711
2018-07-23,57.87032699584961
2018-07-24,60.52367401123047
2018-07-25,60.98114013671875
2018-07-26,62.30781555175781
2018-07-27,64.73241424560547
2018-07-30,66.4708251953125
2018-07-31,67.0655288696289
2018-08-01,65.73885345458984
2018-08-02,66.6995620727539
2018-08-03,65.6473617553711
2018-08-06,69.85610961914062
2018-08-07,67.43151092529297
2018-08-08,66.37933349609375
2018-08-09,66.92830657958984
2018-08-10,66.56231689453125
2018-08-13,65.05265045166016
2018-08-14,66.10484313964844
2018-08-16,65.4643783569336
2018-08-17,65.05265045166016
2018-08-20,65.55587768554688
2018-08-21,65.73885345458984
2018-08-23,64.68667602539062
2018-08-24,68.43795013427734
2018-08-27,67.61449432373047
2018-08-28,67.01979064941406
2018-08-29,67.88899230957031
2018-08-30,69.7188720703125
2018-08-31,69.94761657714844
2018-09-03,69.99337005615234
2018-09-04,66.4250717163086
2018-09-05,68.48369598388672
2018-09-06,71.04554748535156
2018-09-07,71.04554748535156
2018-09-10,72.28072357177734
2018-09-11,69.7188720703125
2018-09-12,71.36578369140625
2018-09-14,81.1099624633789
2018-09-17,87.56031799316406
2018-09-18,77.67890930175781
2018-09-19,80.14925384521484
2018-09-21,72.37220764160156
2018-09-24,70.35934448242188
2018-09-25,75.25430297851562
2018-09-26,71.22852325439453
2018-09-27,68.11771392822266
2018-09-28,65.00691986083984
2018-10-01,67.11128234863281
2018-10-03,69.7188720703125
2018-10-04,68.80392456054688
2018-10-05,69.39863586425781
2018-10-08,71.41152954101562
2018-10-09,77.77040100097656
2018-10-10,86.14216613769531
2018-10-11,84.44951629638672
2018-10-12,87.24008178710938
2018-10-15,92.72976684570312
2018-10-16,89.89342498779297
2018-10-17,85.41019439697266
2018-10-19,89.02423858642578
2018-10-22,88.5210189819336
2018-10-23,87.65181732177734
2018-10-24,88.24652862548828
2018-10-25,89.3444595336914
2018-10-26,91.81482696533203
2018-10-29,98.72266387939453
2018-10-30,100.59829711914062
2018-10-31,98.17369079589844
2018-11-01,99.40887451171875
2018-11-02,100.14081573486328
2018-11-05,94.74264526367188
2018-11-06,95.0628890991211
2018-11-07,96.48104095458984
2018-11-09,99.68334197998047
2018-11-12,107.18592071533203
2018-11-13,103.25164794921875
2018-11-14,103.66337585449219
2018-11-15,103.66337585449219
2018-11-16,100.32380676269531
2018-11-19,99.04289245605469
2018-11-20,97.21300506591797
2018-11-21,96.84701538085938
2018-11-22,97.25875091552734
2018-11-26,93.04999542236328
2018-11-27,92.77552032470703
2018-11-28,88.65825653076172
2018-11-29,90.16792297363281
2018-11-30,92.54678344726562
2018-12-03,93.0042495727539
2018-12-04,95.93207550048828
2018-12-05,93.0042495727539
2018-12-06,93.27873229980469
2018-12-07,91.58609008789062
2018-12-10,90.8541259765625
2018-12-11,91.72332763671875
2018-12-12,97.12151336669922
2018-12-13,96.57254028320312
2018-12-14,95.52033996582031
2018-12-17,96.75553894042969
2018-12-18,94.42241668701172
2018-12-19,96.2065658569336
2018-12-20,96.75553894042969
2018-12-21,92.13504791259766
2018-12-24,93.59896087646484
2018-12-26,92.72976684570312
2018-12-27,92.31804656982422
2018-12-28,91.17435455322266
2018-12-31,93.3244857788086
2019-01-01,94.60540008544922
2019-01-02,95.61184692382812
2019-01-03,98.4939193725586
2019-01-04,99.9120864868164
2019-01-07,98.81415557861328
2019-01-08,101.69623565673828
2019-01-09,99.54611206054688
2019-01-10,100.55255126953125
2019-01-11,101.65048217773438
2019-01-14,98.4939193725586
2019-01-15,101.78773498535156
2019-01-16,103.25164794921875
2019-01-17,101.14727783203125
2019-01-18,99.5003662109375
2019-01-21,98.95140075683594
2019-01-22,97.94495391845703
2019-01-23,96.57254028320312
2019-01-24,97.25875091552734
2019-01-25,94.3309097290039
2019-01-28,90.16792297363281
2019-01-29,91.0828628540039
2019-01-30,92.45529174804688
2019-01-31,93.23299407958984
2019-02-01,93.87345886230469
2019-02-04,93.64471435546875
2019-02-05,98.9056396484375
2019-02-06,98.26517486572266
2019-02-07,97.21300506591797
2019-02-08,97.67047882080078
2019-02-11,97.80770874023438
2019-02-12,99.63761138916016
2019-02-14,110.21942138671875
2019-02-15,110.35990142822266
2019-02-18,112.04548645019531
2019-02-19,117.71097564697266
2019-02-20,115.83808898925781
2019-02-21,116.91499328613281
2019-02-22,118.17919921875
2019-02-25,121.87813568115234
2019-02-26,121.97179412841797
2019-02-27,118.97516632080078
2019-02-28,122.67412567138672
2019-03-01,126.3730697631836
2019-03-05,128.80784606933594
2019-03-06,132.55360412597656
2019-03-07,127.73091888427734
2019-03-08,127.30950927734375
2019-03-11,125.15569305419922
2019-03-12,126.3730697631836
2019-03-13,122.76778411865234
2019-03-14,125.06204986572266
2019-03-15,124.45333862304688
2019-03-18,125.34298706054688
2019-03-19,121.59722137451172
2019-03-20,119.67750549316406
2019-03-22,123.65737915039062
2019-03-25,125.48343658447266
2019-03-26,124.35972595214844
2019-03-27,126.13897705078125
2019-03-28,126.60718536376953
2019-04-01,130.68072509765625
2019-04-02,129.74424743652344
2019-04-03,129.8847198486328
2019-04-04,128.76101684570312
2019-04-05,136.39300537109375
2019-04-08,124.31289672851562
2019-04-09,125.81121826171875
2019-04-10,127.45001220703125
2019-04-11,125.8580093383789
2019-04-12,129.6038055419922
2019-04-15,131.0552978515625
2019-04-16,132.41311645507812
2019-04-18,136.90806579589844
2019-04-22,134.2392120361328
2019-04-23,132.1790008544922
2019-04-24,132.13221740722656
2019-04-25,136.6271209716797
2019-04-26,138.1722869873047
2019-04-30,141.0284423828125
2019-05-02,144.8678436279297
2019-05-03,146.83436584472656
2019-05-06,143.79092407226562
2019-05-07,134.42649841308594
2019-05-08,132.0854034423828
2019-05-09,135.40975952148438
2019-05-10,135.40975952148438
2019-05-13,127.59046173095703
2019-05-14,132.60043334960938
2019-05-15,132.0854034423828
2019-05-16,133.95826721191406
2019-05-17,134.0519256591797
2019-05-20,138.26589965820312
2019-05-21,138.0317840576172
2019-05-22,139.1087188720703
2019-05-23,140.04515075683594
2019-05-24,143.3695526123047
2019-05-27,147.30259704589844
2019-05-28,145.7574462890625
2019-05-29,142.62037658691406
2019-05-30,143.74411010742188
2019-05-31,144.21231079101562
2019-06-03,145.89791870117188
2019-06-04,153.06170654296875
2019-06-06,143.22906494140625
2019-06-07,142.94813537597656
2019-06-10,145.14878845214844
2019-06-11,146.64707946777344
2019-06-12,143.79092407226562
2019-06-13,145.9447784423828
2019-06-14,143.8845672607422
2019-06-17,139.155517578125
2019-06-18,138.9214324951172
2019-06-19,130.25930786132812
2019-06-20,132.22586059570312
2019-06-21,130.82119750976562
2019-06-24,128.29278564453125
2019-06-25,124.96839141845703
2019-06-26,125.8580093383789
2019-06-27,131.24256896972656
2019-06-28,130.30613708496094
2019-07-01,132.0854034423828
2019-07-02,133.3495635986328
2019-07-03,133.44322204589844
2019-07-04,138.50003051757812
2019-07-05,141.30934143066406
2019-07-08,145.10194396972656
2019-07-09,139.9983367919922
2019-07-10,144.39959716796875
2019-07-11,138.54684448242188
2019-07-12,151.70387268066406
2019-07-15,145.9447784423828
2019-07-16,145.7106475830078
2019-07-17,145.3360595703125
2019-07-18,140.27926635742188
2019-07-19,137.46995544433594
2019-07-22,138.35952758789062
2019-07-23,143.04176330566406
2019-07-24,144.77420043945312
2019-07-25,141.54347229003906
2019-07-26,142.6671905517578
2019-07-29,144.68055725097656
2019-07-30,137.04852294921875
2019-07-31,132.6472625732422
2019-08-01,134.9883575439453
2019-08-02,128.1991424560547
2019-08-05,120.52030181884766
2019-08-06,126.70082092285156
2019-08-07,121.08216857910156
2019-08-08,113.68427276611328
2019-08-09,108.34654235839844
2019-08-13,103.242919921875
2019-08-14,109.14252471923828
2019-08-16,111.67091369628906
2019-08-19,119.16246032714844
2019-08-20,117.945068359375
2019-08-21,113.59062194824219
2019-08-22,117.33639526367188
2019-08-23,113.35650634765625
2019-08-26,115.27621459960938
2019-08-27,127.54360961914062
2019-08-28,121.08216857910156
2019-08-29,123.23599243164062
2019-08-30,124.40655517578125
2019-09-03,123.75102233886719
2019-09-04,124.26606750488281
2019-09-05,124.07879638671875
2019-09-06,124.07879638671875
2019-09-09,125.06204986572266
2019-09-11,140.23245239257812
2019-09-12,141.6839141845703
2019-09-13,137.5167694091797
2019-09-16,140.60702514648438
2019-09-17,139.53012084960938
2019-09-18,143.1822052001953
2019-09-19,144.96148681640625
2019-09-20,150.48651123046875
2019-09-23,152.3125457763672
2019-09-24,157.36935424804688
2019-09-25,160.55325317382812
2019-09-26,157.88442993164062
2019-09-27,152.4998779296875
2019-09-30,144.63372802734375
2019-10-01,149.50323486328125
2019-10-03,152.7339630126953
2019-10-04,145.89791870117188
2019-10-07,145.52334594726562
2019-10-09,144.39959716796875
2019-10-10,142.1521453857422
2019-10-11,141.6839141845703
2019-10-14,144.5400848388672
2019-10-15,145.24240112304688
2019-10-16,141.0284423828125
2019-10-17,139.1087188720703
2019-10-18,143.22906494140625
2019-10-22,151.61024475097656
2019-10-23,148.6604461669922
2019-10-24,147.5366973876953
2019-10-25,143.9782257080078
2019-10-27,144.39959716796875
2019-10-29,143.8377685546875
2019-10-30,146.6002655029297
2019-10-31,152.59352111816406
2019-11-01,154.04498291015625
2019-11-04,151.51658630371094
2019-11-05,148.23904418945312
2019-11-06,145.7106475830078
2019-11-07,143.04176330566406
2019-11-08,139.9983367919922
2019-11-11,140.32611083984375
2019-11-13,135.12881469726562
2019-11-14,137.423095703125
2019-11-15,138.312744140625
2019-11-18,134.0050811767578
2019-11-19,136.34622192382812
2019-11-20,137.46995544433594
2019-11-21,139.13711547851562
2019-11-22,135.65985107421875
2019-11-25,137.6604766845703
2019-11-26,141.61404418945312
2019-11-27,141.04241943359375
2019-11-28,142.04275512695312
2019-11-29,145.75814819335938
2019-12-02,147.99691772460938
2019-12-03,147.80638122558594
2019-12-04,152.76025390625
2019-12-05,157.85702514648438
2019-12-06,155.95169067382812
2019-12-09,156.80908203125
2019-12-10,156.85671997070312
2019-12-11,155.18955993652344
2019-12-12,155.85643005371094
2019-12-13,162.62034606933594
2019-12-16,161.9534912109375
2019-12-17,162.04876708984375
2019-12-18,165.47836303710938
2019-12-19,167.90769958496094
2019-12-20,166.0976104736328
2019-12-23,166.9550018310547
2019-12-24,165.57363891601562
2019-12-26,167.00265502929688
2019-12-27,175.52902221679688
2019-12-30,174.67161560058594
2019-12-31,174.71923828125
2020-01-01,178.33937072753906
2020-01-02,176.481689453125
2020-01-03,175.95770263671875
2020-01-06,173.9094696044922
2020-01-07,177.38670349121094
2020-01-08,175.2432098388672
2020-01-09,176.481689453125
2020-01-10,175.624267578125
2020-01-13,182.15003967285156
2020-01-14,181.38790893554688
2020-01-15,179.8636474609375
2020-01-16,183.8172149658203
2020-01-17,182.91217041015625
2020-01-20,177.7201385498047
2020-01-21,174.81451416015625
2020-01-22,176.00534057617188
2020-01-23,174.48106384277344
2020-01-24,168.52688598632812
2020-01-27,164.33517456054688
2020-01-28,159.4765625
2020-01-29,166.24049377441406
2020-01-30,162.3822021484375
2020-01-31,158.33335876464844
2020-02-03,149.42593383789062
2020-02-04,149.71170043945312
2020-02-05,149.37831115722656
2020-02-06,160.42922973632812
2020-02-07,161.6200714111328
2020-02-10,155.2848358154297
2020-02-11,151.5694122314453
2020-02-12,165.6212615966797
2020-02-13,162.76329040527344
2020-02-14,161.3818817138672
2020-02-17,163.7159423828125
2020-02-18,155.5229949951172
2020-02-19,156.4756622314453
2020-02-20,156.85671997070312
2020-02-24,153.0460662841797
2020-02-25,151.8075714111328
2020-02-26,144.42442321777344
2020-02-27,139.66107177734375
2020-02-28,136.0409393310547
2020-03-02,135.70750427246094
2020-03-03,136.0885772705078
2020-03-04,132.9447784423828
2020-03-05,129.6580810546875
2020-03-06,126.51426696777344
2020-03-09,117.32101440429688
2020-03-11,115.70147705078125
2020-03-12,98.0771255493164
2020-03-13,110.12837982177734
2020-03-16,99.74429321289062
2020-03-17,97.2673568725586
2020-03-18,86.97855377197266
2020-03-19,81.11965942382812
2020-03-20,85.16847229003906
2020-03-23,72.9743423461914
2020-03-24,69.30657958984375
2020-03-25,71.02137756347656
2020-03-26,78.11874389648438
2020-03-27,85.93061828613281
2020-03-30,94.40935516357422
2020-03-31,99.12507629394531
2020-04-01,104.07894134521484
2020-04-03,109.2709732055664
2020-04-07,114.70118713378906
2020-04-08,120.41718292236328
2020-04-09,117.17811584472656
2020-04-13,111.31920623779297
2020-04-15,105.79373168945312
2020-04-16,100.50643920898438
2020-04-17,102.74520874023438
2020-04-20,98.8392562866211
2020-04-21,95.50492858886719
2020-04-22,96.17179107666016
2020-04-23,96.12415313720703
2020-04-24,93.69485473632812
2020-04-27,95.6478271484375
2020-04-28,94.12357330322266
2020-04-29,93.69485473632812
2020-04-30,94.45700073242188
2020-05-04,90.2652587890625
2020-05-05,88.35991668701172
2020-05-06,92.7421875
2020-05-07,93.40906524658203
2020-05-08,91.12266540527344
2020-05-11,90.59868621826172
2020-05-12,88.40756225585938
2020-05-13,89.31257629394531
2020-05-14,86.83565521240234
2020-05-15,86.59748840332031
2020-05-18,82.31048583984375
2020-05-19,80.54805755615234
2020-05-20,81.16728210449219
2020-05-21,85.21611785888672
2020-05-22,89.45549011230469
2020-05-26,90.40816497802734
2020-05-27,94.83805847167969
2020-05-28,94.40935516357422
2020-05-29,95.0285873413086
2020-06-01,99.74429321289062
2020-06-02,99.26795959472656
2020-06-03,101.74490356445312
2020-06-04,106.79402923583984
2020-06-05,118.08314514160156
2020-06-08,119.75032043457031
2020-06-09,118.60710906982422
2020-06-10,125.32342529296875
2020-06-11,127.94325256347656
2020-06-12,127.70510864257812
2020-06-15,128.0384979248047
2020-06-16,121.75091552734375
2020-06-17,119.27397918701172
2020-06-18,122.79885864257812
2020-06-19,124.41840362548828
2020-06-22,125.2281494140625
2020-06-23,128.4672393798828
2020-06-24,123.84679412841797
2020-06-25,122.03672790527344
2020-06-26,125.08525848388672
2020-06-29,128.51486206054688
2020-06-30,127.70510864257812
2020-07-01,127.22875213623047
2020-07-02,125.32342529296875
2020-07-03,125.41869354248047
2020-07-06,129.6580810546875
2020-07-07,126.80006408691406
2020-07-08,123.70389556884766
2020-07-09,121.84618377685547
2020-07-10,122.60832214355469
2020-07-13,120.17901611328125
2020-07-14,123.46573638916016
2020-07-15,118.8929214477539
2020-07-16,120.03611755371094
2020-07-17,118.36895751953125
2020-07-20,119.94085693359375
2020-07-21,118.8929214477539
2020-07-22,122.51306915283203
2020-07-23,120.94115447998047
2020-07-24,120.22665405273438
2020-07-27,120.70298767089844
2020-07-28,122.84649658203125
2020-07-29,121.51275634765625
2020-07-30,122.0843505859375
2020-07-31,119.55978393554688
2020-08-03,122.22725677490234
2020-08-04,120.65534973144531
2020-08-05,121.1316909790039
2020-08-06,121.41748046875
2020-08-07,124.03731536865234
2020-08-10,130.1343994140625
2020-08-11,135.27877807617188
2020-08-12,135.5169677734375
2020-08-13,134.0403289794922
2020-08-14,135.46932983398438
2020-08-17,140.18504333496094
2020-08-18,143.80516052246094
2020-08-19,142.6143341064453
2020-08-20,140.85191345214844
2020-08-21,150.8549041748047
2020-08-24,156.38038635253906
2020-08-25,153.33184814453125
2020-08-26,150.56910705566406
2020-08-27,151.28363037109375
2020-08-28,148.04454040527344
2020-08-31,140.47085571289062
2020-09-01,147.9016571044922
2020-09-02,148.90194702148438
2020-09-03,151.6646728515625
2020-09-04,147.28240966796875
2020-09-07,144.90077209472656
2020-09-08,142.18563842773438
2020-09-09,137.13648986816406
2020-09-10,137.99391174316406
2020-09-11,140.0897674560547
2020-09-14,143.2335662841797
2020-09-15,149.37831115722656
2020-09-16,147.94927978515625
2020-09-17,151.37887573242188
2020-09-18,152.80787658691406
2020-09-21,142.7572479248047
2020-09-22,145.0436553955078
2020-09-23,139.42291259765625
2020-09-24,134.08798217773438
2020-09-25,139.13711547851562
2020-09-28,143.7575225830078
2020-09-29,142.28091430664062
2020-09-30,147.85400390625
2020-10-01,144.94837951660156
2020-10-05,145.99630737304688
2020-10-06,143.1859588623047
2020-10-07,145.71051025390625
2020-10-08,153.61764526367188
2020-10-09,150.47384643554688
2020-10-12,148.1398162841797
2020-10-13,149.37831115722656
2020-10-14,149.90225219726562
2020-10-15,142.56671142578125
2020-10-16,145.3770751953125
2020-10-19,146.7108154296875
2020-10-20,155.04664611816406
2020-10-21,150.71202087402344
2020-10-22,149.4735565185547
2020-10-23,151.5694122314453
2020-10-26,153.4271240234375
2020-10-27,154.0463409423828
2020-10-28,154.52268981933594
2020-10-29,156.6661834716797
2020-10-30,152.80787658691406
2020-11-02,146.66317749023438
2020-11-03,143.85281372070312
2020-11-04,142.56671142578125
2020-11-05,142.8524932861328
2020-11-06,142.6143341064453
2020-11-09,142.7572479248047
2020-11-10,141.6616668701172
2020-11-11,142.90013122558594
2020-11-12,142.04275512695312
2020-11-13,142.2332763671875
2020-11-14,143.6622772216797
2020-11-17,145.9486846923828
2020-11-18,143.09068298339844
2020-11-19,141.9474639892578
2020-11-20,144.75784301757812
2020-11-23,148.23507690429688
2020-11-24,147.7587432861328
2020-11-25,146.8061065673828
2020-11-26,153.90345764160156
2020-11-27,156.80908203125
2020-12-01,165.90707397460938
2020-12-02,160.28634643554688
2020-12-03,157.04727172851562
2020-12-04,158.571533203125
2020-12-07,157.8094024658203
2020-12-08,154.52268981933594
2020-12-09,158.2857208251953
2020-12-10,161.0484619140625
2020-12-11,164.52569580078125
2020-12-14,168.28872680664062
2020-12-15,173.5283966064453
2020-12-16,168.76507568359375
2020-12-17,170.05116271972656
2020-12-18,165.6688995361328
2020-12-21,154.3321533203125
2020-12-22,160.0957794189453
2020-12-23,167.7647705078125
2020-12-24,167.00265502929688
2020-12-28,163.7635498046875
2020-12-29,161.85821533203125
2020-12-30,161.81057739257812
2020-12-31,163.85882568359375
2021-01-01,163.38250732421875
2021-01-04,162.5251007080078
2021-01-05,161.3818817138672
2021-01-06,165.9547119140625
2021-01-07,164.5733184814453
2021-01-08,163.85882568359375
2021-01-11,169.28903198242188
2021-01-12,174.52870178222656
2021-01-13,174.62399291992188
2021-01-14,173.5760498046875
2021-01-15,172.5757293701172
2021-01-18,170.5751495361328
2021-01-19,173.5760498046875
2021-01-20,172.7662811279297
2021-01-21,173.5760498046875
2021-01-22,170.0988006591797
2021-01-25,169.0032196044922
2021-01-27,165.90707397460938
2021-01-28,162.81089782714844
2021-01-29,163.1443328857422
2021-02-01,168.7174530029297
2021-02-02,156.85671997070312
2021-02-03,150.04513549804688
2021-02-04,154.1892547607422
2021-02-05,152.28392028808594
2021-02-08,152.4744415283203
2021-02-09,152.5220947265625
2021-02-10,151.426513671875
2021-02-11,153.84625244140625
2021-02-12,153.16873168945312
2021-02-15,152.05564880371094
2021-02-16,152.39442443847656
2021-02-17,154.5237579345703
2021-02-18,168.3646240234375
2021-02-19,164.25108337402344
2021-02-22,162.654052734375
2021-02-23,173.6396026611328
2021-02-24,172.52655029296875
2021-02-25,171.51025390625
2021-02-26,171.41346740722656
2021-03-01,175.5753936767578
2021-03-02,183.02816772460938
2021-03-03,186.60934448242188
2021-03-04,202.3375701904297
2021-03-05,195.03001403808594
2021-03-08,206.93505859375
2021-03-09,211.04859924316406
2021-03-10,213.61349487304688
2021-03-12,213.0327911376953
2021-03-15,203.98301696777344
2021-03-16,196.6754150390625
2021-03-17,189.75502014160156
2021-03-18,194.93319702148438
2021-03-19,195.7559356689453
2021-03-22,197.64332580566406
2021-03-23,201.8536376953125
2021-03-24,209.35479736328125
2021-03-25,199.86947631835938
2021-03-26,205.7736053466797
2021-03-30,199.53070068359375
2021-03-31,207.61256408691406
2021-04-01,207.22544860839844
2021-04-05,200.54698181152344
2021-04-06,204.32176208496094
2021-04-07,207.56419372558594
2021-04-08,227.93829345703125
2021-04-09,226.7768096923828
2021-04-12,219.66282653808594
2021-04-13,229.9708709716797
2021-04-15,252.8131103515625
2021-04-16,248.50596618652344
2021-04-19,239.35940551757812
2021-04-20,242.40826416015625
2021-04-22,259.0559997558594
2021-04-23,257.4589538574219
2021-04-26,255.08761596679688
2021-04-27,250.15139770507812
2021-04-28,259.0075988769531
2021-04-29,265.54083251953125
2021-04-30,270.28350830078125
2021-05-03,313.64501953125
2021-05-04,289.3509826660156
2021-05-05,308.1280212402344
2021-05-06,301.0140380859375
2021-05-07,306.86981201171875
2021-05-10,323.4691467285156
2021-05-11,315.6775817871094
2021-05-12,305.4663391113281
2021-05-14,291.4803161621094
2021-05-17,304.0628967285156
2021-05-18,302.1755065917969
2021-05-19,312.8707275390625
2021-05-20,303.43377685546875
2021-05-21,293.36773681640625
2021-05-24,284.1727600097656
2021-05-25,287.7539367675781
2021-05-26,286.8344421386719
2021-05-27,293.996826171875
2021-05-28,287.3183898925781
2021-05-31,294.38397216796875
2021-06-01,293.94842529296875
2021-06-02,293.17413330078125
2021-06-03,302.80462646484375
2021-06-04,306.8213806152344
2021-06-07,325.9372253417969
2021-06-08,337.0679931640625
2021-06-09,337.35833740234375
2021-06-10,341.9557800292969
2021-06-11,336.6324157714844
2021-06-14,345.2950439453125
2021-06-15,337.1647644042969
2021-06-16,326.2760009765625
2021-06-17,324.3402404785156
2021-06-18,309.3862609863281
2021-06-21,321.0494079589844
2021-06-22,320.0330810546875
2021-06-23,316.4034729003906
2021-06-24,340.4555969238281
2021-06-25,339.778076171875
2021-06-28,350.2796630859375
2021-06-29,352.5542297363281
2021-06-30,344.2787780761719
2021-07-01,344.8594970703125
2021-07-02,348.87628173828125
2021-07-05,342.87530517578125
2021-07-06,334.3094787597656
2021-07-07,333.1964111328125
2021-07-08,328.114990234375
2021-07-09,331.6477966308594
2021-07-12,333.53521728515625
2021-07-13,338.9553527832031
2021-07-14,333.77716064453125
2021-07-15,334.5030517578125
2021-07-16,334.2610778808594
2021-07-19,333.53521728515625
2021-07-20,325.30810546875
2021-07-22,330.4378967285156
2021-07-23,332.1317138671875
2021-07-26,329.1312561035156
2021-07-27,338.6649475097656
2021-07-28,336.4388732910156
2021-07-29,362.7654724121094
2021-07-30,369.00836181640625
2021-08-02,355.5546875
2021-08-03,353.81243896484375
2021-08-04,334.0191345214844
2021-08-05,342.43975830078125
2021-08-06,344.3271484375
2021-08-09,343.6012878417969
2021-08-10,330.34112548828125
2021-08-11,335.3741760253906
2021-08-12,342.3913879394531
2021-08-13,337.2615966796875
2021-08-16,332.0833740234375
2021-08-17,348.7310485839844
2021-08-18,348.7310485839844
2021-08-20,345.68218994140625
2021-08-23,345.6338195800781
2021-08-24,347.4244384765625
2021-08-25,358.07122802734375
2021-08-26,356.0870361328125
2021-08-27,358.1195983886719
2021-08-30,357.10333251953125
2021-08-31,357.2000732421875
2021-09-01,358.50677490234375
2021-09-02,357.7808837890625
2021-09-03,358.1195983886719
2021-09-06,353.0865783691406
2021-09-07,346.262939453125
2021-09-08,343.649658203125
2021-09-09,353.183349609375
2021-09-13,353.9092712402344
2021-09-14,348.5374755859375
2021-09-15,346.7952880859375
2021-09-16,347.3760070800781
2021-09-17,346.4565124511719
2021-09-20,338.18109130859375
2021-09-21,332.4704895019531
2021-09-22,334.6482238769531
2021-09-23,336.5840148925781
2021-09-24,348.3439025878906
2021-09-27,343.214111328125
2021-09-28,341.3750915527344
2021-09-29,345.0531005859375
2021-09-30,354.7319641113281
2021-10-01,354.489990234375
2021-10-04,380.1391296386719
2021-10-05,372.1540222167969
2021-10-06,366.588623046875
2021-10-07,363.2978210449219
2021-10-08,360.5877380371094
2021-10-11,360.8781433105469
2021-10-12,365.7175598144531
2021-10-13,373.3638916015625
2021-10-14,365.9595031738281
2021-10-18,377.52581787109375
2021-10-19,358.16802978515625
2021-10-20,333.24481201171875
2021-10-21,314.5161437988281
2021-10-22,299.02984619140625
2021-10-25,291.1415710449219
2021-10-26,321.48492431640625
2021-10-27,316.5002746582031
2021-10-28,314.8548889160156
2021-10-29,316.4519348144531
2021-11-01,316.83905029296875
2021-11-02,323.51751708984375
2021-11-03,325.6468811035156
2021-11-04,326.0824279785156
2021-11-08,322.2108154296875
2021-11-09,316.4519348144531
2021-11-10,324.6789855957031
2021-11-11,329.1796569824219
2021-11-12,328.7441101074219
2021-11-15,320.2266845703125
2021-11-16,320.3718566894531
2021-11-17,316.4519348144531
2021-11-18,305.4663391113281
2021-11-22,308.9991149902344
2021-11-23,307.9344482421875
2021-11-24,311.4672546386719
2021-11-25,309.8702392578125
2021-11-26,309.531494140625
2021-11-29,303.1918029785156
2021-11-30,301.6431579589844
2021-12-01,319.887939453125
2021-12-02,320.323486328125
2021-12-03,312.8707275390625
2021-12-06,306.6761779785156
2021-12-07,313.1127014160156
2021-12-08,311.1285095214844
2021-12-09,323.95306396484375
2021-12-10,323.85626220703125
2021-12-13,314.3225402832031
2021-12-14,322.6947937011719
2021-12-15,315.0000915527344
2021-12-16,312.8707275390625
2021-12-17,305.4663391113281
2021-12-20,299.8525390625
2021-12-21,297.6264343261719
2021-12-22,308.03125
2021-12-23,321.8721008300781
2021-12-24,314.6128845214844
2021-12-27,320.7590026855469
2021-12-28,331.986572265625
2021-12-29,349.8441467285156
2021-12-30,350.1344909667969
2021-12-31,355.69989013671875
2022-01-03,362.2815246582031
2022-01-04,413.5797424316406
2022-01-05,404.09442138671875
2022-01-06,410.1921081542969
2022-01-07,405.0139465332031
2022-01-10,406.4173583984375
2022-01-11,405.9818115234375
2022-01-12,410.1921081542969
2022-01-13,430.3726501464844
2022-01-14,427.4689636230469
2022-01-17,428.8240051269531
2022-01-18,425.775146484375
2022-01-19,432.7923889160156
2022-01-20,438.8416748046875
2022-01-21,408.93389892578125
2022-01-24,385.7528991699219
2022-01-25,399.73895263671875
2022-01-27,401.4810791015625
2022-01-28,408.8370666503906
2022-01-31,410.57928466796875
2022-02-01,411.5472106933594
2022-02-02,401.9650573730469
2022-02-03,430.9533996582031
2022-02-04,424.6620788574219
2022-02-07,429.84033203125
2022-02-08,413.7733154296875
2022-02-09,429.35638427734375
2022-02-10,426.6462707519531
2022-02-11,415.6954040527344
2022-02-14,387.5151062011719
2022-02-15,407.37274169921875
2022-02-16,400.850830078125
2022-02-17,395.7404479980469
2022-02-18,390.4353332519531
2022-02-21,382.55072021484375
2022-02-22,386.6877136230469
2022-02-23,396.9085693359375
2022-02-24,367.1221618652344
2022-02-25,381.4799499511719
2022-02-28,386.44439697265625
2022-03-02,399.5367736816406
2022-03-03,413.6025695800781
2022-03-04,409.465576171875
2022-03-07,432.0000305175781
2022-03-08,421.6819152832031
2022-03-09,433.9468688964844
2022-03-10,437.3537902832031
2022-03-11,474.3921203613281
2022-03-14,488.7012634277344
2022-03-15,454.2911682128906
2022-03-16,472.59130859375
2022-03-17,466.60479736328125
2022-03-21,486.2677307128906
2022-03-22,478.3344421386719
2022-03-23,481.3033447265625
2022-03-24,476.9716491699219
2022-03-25,465.82611083984375
2022-03-28,466.4101257324219
2022-03-29,459.1582336425781
2022-03-30,468.4056091308594
2022-03-31,476.3875732421875
2022-04-01,470.01177978515625
2022-04-04,491.6701965332031
2022-04-05,489.5773620605469
2022-04-06,497.8999938964844
2022-04-07,502.0369567871094
2022-04-08,497.4619445800781
2022-04-11,503.2051086425781
2022-04-12,487.0464782714844
2022-04-13,470.1091003417969
2022-04-18,478.1883850097656
2022-04-19,471.9098815917969
2022-04-20,470.5471496582031
2022-04-21,483.4934997558594
2022-04-22,481.4980163574219
2022-04-25,448.6453857421875
2022-04-26,460.8616943359375
2022-04-27,448.5966796875
2022-04-28,447.6719665527344
2022-04-29,431.31866455078125
2022-05-02,434.33624267578125
2022-05-04,426.500244140625
2022-05-05,425.9161682128906
2022-05-06,402.7490234375
2022-05-09,395.2051086425781
2022-05-10,386.9797668457031
2022-05-11,387.22308349609375
2022-05-12,371.453857421875
2022-05-13,382.35601806640625
2022-05-16,400.16949462890625
2022-05-17,409.51422119140625
2022-05-18,417.2528381347656
2022-05-19,396.2271728515625
2022-05-20,411.9477844238281
2022-05-23,401.921630859375
2022-05-24,378.8030700683594
2022-05-25,345.2690734863281
2022-05-26,365.4673767089844
2022-05-27,388.8779296875
2022-05-30,390.1920166015625
2022-05-31,393.5989685058594
2022-06-01,398.5633544921875
2022-06-02,393.7449951171875
2022-06-03,390.8247375488281
2022-06-06,399.5854187011719
2022-06-07,402.4083251953125
2022-06-08,388.196533203125
2022-06-09,392.62554931640625
2022-06-10,393.3555908203125
2022-06-13,375.20147705078125
2022-06-14,385.27630615234375
2022-06-15,387.5151062011719
2022-06-16,369.0690002441406
2022-06-17,355.1978454589844
2022-06-20,337.33575439453125
2022-06-21,353.5430908203125
2022-06-22,349.45477294921875
2022-06-23,351.2555847167969
2022-06-24,361.9143981933594
2022-06-27,357.728759765625
2022-06-28,358.020751953125
2022-06-29,357.3880310058594
2022-06-30,349.89276123046875
2022-07-01,352.0829772949219
2022-07-04,350.72015380859375
2022-07-05,352.1316223144531
2022-07-06,338.21185302734375
2022-07-07,336.5083923339844
2022-07-08,343.71160888671875
2022-07-11,350.23345947265625
2022-07-12,349.8440856933594
2022-07-13,351.6935729980469
2022-07-14,350.72015380859375
2022-07-15,358.4101257324219
2022-07-18,357.29071044921875
2022-07-19,359.9189453125
2022-07-20,366.1000671386719
2022-07-21,375.6882019042969
2022-07-22,371.01580810546875
2022-07-25,371.89190673828125
2022-07-26,363.8612365722656
2022-07-27,365.51605224609375
2022-07-28,373.5953369140625
2022-07-29,384.59490966796875
2022-08-01,382.25872802734375
2022-08-02,390.1433410644531
2022-08-03,369.799072265625
2022-08-04,354.8085021972656
2022-08-05,341.3267517089844
2022-08-08,343.1275634765625
2022-08-10,322.1505432128906
2022-08-11,329.9378662109375
2022-08-12,330.27850341796875
2022-08-16,332.03070068359375
2022-08-17,330.61920166015625
2022-08-18,330.0838623046875
2022-08-19,330.3758850097656
2022-08-22,332.90673828125
2022-08-23,342.88421630859375
2022-08-24,334.99957275390625
2022-08-25,342.1541442871094
2022-08-26,341.5700988769531
2022-08-29,332.66339111328125
2022-08-30,341.1807556152344
2022-09-01,348.04327392578125
2022-09-02,351.4502258300781
2022-09-05,352.4723205566406
2022-09-06,364.00726318359375
2022-09-07,366.1487731933594
2022-09-08,372.0865783691406
2022-09-09,362.7904968261719
2022-09-12,366.7327880859375
2022-09-13,366.0513916015625
2022-09-14,360.1622619628906
2022-09-15,364.3966369628906
2022-09-16,348.23797607421875
2022-09-19,353.6404113769531
2022-09-20,367.8035583496094
2022-09-21,363.6665954589844
2022-09-22,362.2064514160156
2022-09-23,351.1582336425781
2022-09-26,333.2961120605469
2022-09-27,332.03070068359375
2022-09-28,334.804931640625
2022-09-29,332.66339111328125
2022-09-30,338.4552001953125
2022-10-03,335.5349426269531
2022-10-04,339.4285888671875
2022-10-06,350.8175048828125
2022-10-07,353.2997131347656
2022-10-10,348.38397216796875
2022-10-11,342.2514953613281
2022-10-12,349.3087463378906
2022-10-13,344.4903259277344
2022-10-14,340.20733642578125
2022-10-17,340.7427062988281
2022-10-18,338.30914306640625
2022-10-19,332.17669677734375
2022-10-20,331.3006286621094
2022-10-21,324.29205322265625
2022-10-24,326.9202880859375
2022-10-25,323.17266845703125
2022-10-27,323.3186340332031
2022-10-28,301.80621337890625
2022-10-31,307.54937744140625
2022-11-01,321.8585205078125
2022-11-02,327.2609558105469
2022-11-03,328.86712646484375
2022-11-04,328.6723937988281
2022-11-07,323.5619812011719
2022-11-09,320.3497314453125
2022-11-10,320.4957275390625
2022-11-11,320.2037658691406
2022-11-14,332.3713684082031
2022-11-15,338.30914306640625
2022-11-16,343.4195861816406
2022-11-17,337.7738037109375
2022-11-18,341.71612548828125
2022-11-21,344.7337341308594
2022-11-22,348.8706970214844
2022-11-23,345.2204284667969
2022-11-24,359.4808654785156
2022-11-25,365.6620178222656
2022-11-28,369.4583435058594
2022-11-29,371.2591857910156
2022-11-30,374.08203125
2022-12-01,370.13970947265625
2022-12-02,376.4669189453125
2022-12-05,372.9139709472656
2022-12-06,370.7237854003906
2022-12-07,366.48944091796875
2022-12-08,368.046875
2022-12-09,367.9495544433594
2022-12-12,363.7152099609375
2022-12-13,358.7508239746094
2022-12-14,372.2325439453125
2022-12-15,375.34747314453125
2022-12-16,383.4267883300781
2022-12-19,381.43133544921875
2022-12-20,395.5457763671875
2022-12-21,392.13885498046875
2022-12-22,390.09466552734375
2022-12-23,374.03338623046875
2022-12-26,378.21905517578125
2022-12-27,385.8603210449219
2022-12-28,386.24969482421875
2022-12-29,384.05950927734375
2022-12-30,386.2010192871094
2023-01-02,388.5372314453125
2023-01-03,391.6034240722656
2023-01-04,376.4669189453125
2023-01-05,378.8030700683594
2023-01-06,374.4227294921875
2023-01-09,375.8341979980469
2023-01-10,376.6129150390625
2023-01-11,380.1658630371094
2023-01-12,376.66162109375
2023-01-13,383.6701354980469
2023-01-16,384.2055358886719
2023-01-17,387.22308349609375
2023-01-18,390.3866882324219
2023-01-19,381.9179992675781
2023-01-20,379.24114990234375
2023-01-23,376.36956787109375
2023-01-24,363.6665954589844
2023-01-25,353.9811096191406
2023-01-27,354.3704528808594
2023-01-30,353.78643798828125
2023-01-31,368.046875
2023-02-01,358.4588317871094
2023-02-02,359.43218994140625
2023-02-03,355.92791748046875
2023-02-06,349.3087463378906
2023-02-07,353.4943542480469
2023-02-08,353.2023620605469
2023-02-09,353.2023620605469
2023-02-10,353.8837890625
2023-02-13,351.79095458984375
2023-02-14,350.1847839355469
2023-02-15,359.82159423828125
2023-02-16,365.3699951171875
2023-02-17,363.4718322753906
2023-02-20,367.6575622558594
2023-02-21,365.0779724121094
2023-02-22,352.68170166015625
2023-02-23,355.2785339355469
2023-02-24,352.9757080078125
2023-02-27,351.75079345703125
2023-02-28,349.88885498046875
2023-03-01,354.9845886230469
2023-03-02,354.7395935058594
2023-03-03,358.0713806152344
2023-03-06,368.017822265625
2023-03-08,392.3204345703125
2023-03-09,388.7926330566406
2023-03-10,391.3404846191406
2023-03-13,393.05535888671875
2023-03-14,382.96197509765625
2023-03-15,380.80609130859375
2023-03-16,381.34503173828125
2023-03-17,379.336181640625
2023-03-20,354.44561767578125
2023-03-21,357.973388671875
2023-03-22,357.0424499511719
2023-03-23,367.3318786621094
2023-03-24,361.2071838378906
2023-03-27,356.8954772949219
2023-03-28,351.9467468261719
2023-03-29,368.017822265625
2023-03-31,387.81268310546875
2023-04-03,398.4940490722656
2023-04-05,400.94390869140625
2023-04-06,403.34478759765625
2023-04-10,404.61871337890625
2023-04-11,406.9705810546875
2023-04-12,404.5207214355469
2023-04-13,395.8482360839844
2023-04-17,395.6032409667969
2023-04-18,400.79693603515625
2023-04-19,412.01727294921875
2023-04-20,408.2445068359375
2023-04-21,407.31353759765625
2023-04-24,412.1152648925781
2023-04-25,412.8501892089844
2023-04-26,416.9170227050781
2023-04-27,412.2132873535156
2023-04-28,407.16656494140625
2023-05-02,408.29351806640625
2023-05-03,409.95941162109375
2023-05-04,411.23333740234375
2023-05-05,406.92156982421875
2023-05-08,413.1932067871094
2023-05-09,405.5496826171875
2023-05-10,397.8081359863281
2023-05-11,400.40496826171875
2023-05-12,378.8462219238281
2023-05-15,376.8863220214844
2023-05-16,371.3006286621094
2023-05-17,372.7215576171875
2023-05-18,376.8863220214844
2023-05-19,380.4140930175781
2023-05-22,385.7547912597656
2023-05-23,379.2381591796875
2023-05-24,383.2069091796875
2023-05-25,383.794921875
2023-05-26,382.1290283203125
2023-05-29,385.65679931640625
2023-05-30,383.6479187011719
2023-05-31,384.8238830566406
2023-06-01,382.6679992675781
2023-06-02,384.1868896484375
2023-06-05,383.0109558105469
2023-06-06,384.2848815917969
2023-06-07,394.81927490234375
2023-06-08,387.6166687011719
2023-06-09,396.5832214355469
2023-06-12,395.4562072753906
2023-06-13,393.3003845214844
2023-06-14,382.4230041503906
2023-06-15,383.157958984375
2023-06-16,387.95965576171875
2023-06-19,387.126708984375
2023-06-20,389.8705749511719
2023-06-21,391.7814636230469
2023-06-22,398.8370361328125
2023-06-23,382.81494140625
2023-06-26,380.16912841796875
2023-06-27,374.3384704589844
2023-06-28,373.7994689941406
2023-06-30,376.935302734375
2023-07-03,376.3963317871094
2023-07-04,374.68145751953125
2023-07-05,374.5834655761719
2023-07-06,376.10235595703125
2023-07-07,374.4854431152344
2023-07-10,374.73040771484375
2023-07-11,374.7794494628906
2023-07-12,376.49432373046875
2023-07-13,367.0868835449219
2023-07-14,372.8685607910156
2023-07-17,378.65020751953125
2023-07-18,371.9375915527344
2023-07-19,372.5745849609375
2023-07-20,382.1290283203125
2023-07-21,383.8439025878906
2023-07-24,388.35162353515625
2023-07-25,391.4385070800781
2023-07-26,395.8482360839844
2023-07-27,387.6166687011719
2023-07-28,387.07769775390625
2023-07-31,394.91729736328125
2023-08-01,399.572021484375
2023-08-02,392.41839599609375
2023-08-03,401.6299133300781
2023-08-04,404.4227600097656
2023-08-07,395.26025390625
2023-08-08,386.1467590332031
2023-08-09,386.78375244140625
2023-08-10,387.27374267578125
2023-08-11,382.96197509765625
2023-08-14,384.92181396484375
2023-08-16,385.6077880859375
2023-08-17,386.6857604980469
2023-08-18,377.2782897949219
2023-08-21,381.5900573730469
2023-08-22,385.1668395996094
2023-08-23,382.81494140625
2023-08-24,385.2158203125
2023-08-25,376.2003173828125
2023-08-28,381.7860412597656
2023-08-29,380.610107421875
2023-08-30,387.42071533203125
2023-08-31,382.22698974609375
2023-09-01,387.5677185058594
2023-09-04,398.93505859375
2023-09-05,396.2891845703125
2023-09-06,404.3247375488281
2023-09-07,405.6966552734375
2023-09-08,398.7390441894531
2023-09-11,411.7723388671875
2023-09-12,393.05535888671875
2023-09-13,407.31353759765625
2023-09-14,426.3734436035156
2023-09-15,432.84112548828125
2023-09-18,430.2442321777344
2023-09-20,431.91015625
2023-09-21,411.87030029296875
2023-09-22,405.9906311035156
2023-09-25,431.420166015625
2023-09-26,423.4336242675781
2023-09-27,436.51593017578125
2023-09-28,434.9969787597656
2023-09-29,428.0393371582031
2023-10-03,422.355712890625
2023-10-04,417.1619873046875
2023-10-05,416.133056640625
2023-10-06,421.6207275390625
2023-10-09,417.21099853515625
2023-10-10,416.32904052734375
2023-10-11,412.4093017578125
2023-10-12,408.3914794921875
2023-10-13,408.44049072265625
2023-10-16,414.712158203125
2023-10-17,413.09521484375
2023-10-18,415.2510986328125
2023-10-19,413.29119873046875
2023-10-20,414.27117919921875
2023-10-23,394.67230224609375
2023-10-25,398.5920715332031
2023-10-26,395.6522521972656
2023-10-27,405.2066650390625
2023-10-30,403.05078125
2023-10-31,404.86370849609375
2023-11-01,406.4805908203125
2023-11-02,416.6230163574219
2023-11-03,413.09521484375
2023-11-06,421.42474365234375
2023-11-07,423.5316162109375
2023-11-08,421.42474365234375
2023-11-09,423.92364501953125
2023-11-10,428.725341796875
2023-11-13,417.7989501953125
2023-11-15,427.9903869628906
2023-11-16,426.2754821777344
2023-11-17,428.92132568359375
2023-11-20,439.2323913574219
2023-11-21,442.3898620605469
2023-11-22,455.4637145996094
2023-11-23,464.0480651855469
2023-11-24,454.72369384765625
2023-11-28,462.0252990722656
2023-11-29,467.6001892089844
2023-11-30,466.761474609375
2023-12-01,465.23211669921875
2023-12-04,462.3213195800781
2023-12-05,459.70654296875
2023-12-06,426.0598449707031
2023-12-07,403.16827392578125
2023-12-08,387.4796447753906
2023-12-11,391.72247314453125
2023-12-12,384.51953125
2023-12-13,373.91241455078125
2023-12-14,381.362060546875
2023-12-15,379.5366516113281
2023-12-18,395.17596435546875
2023-12-19,391.5744934082031
2023-12-20,380.0793762207031
2023-12-21,380.77001953125
2023-12-22,383.7301330566406
2023-12-26,383.0887756347656
2023-12-27,390.9824523925781
2023-12-28,396.0146789550781
2023-12-29,404.99371337890625
2024-01-01,408.9898376464844
2024-01-02,399.7148132324219
2024-01-03,400.9975280761719
2024-01-04,401.8855285644531
2024-01-05,398.1360778808594
2024-01-08,390.6864318847656
2024-01-09,392.0678405761719
2024-01-10,384.6181945800781
2024-01-11,389.15704345703125
2024-01-12,385.9009094238281
2024-01-15,386.0982360839844
2024-01-16,387.3809814453125
2024-01-17,380.1780090332031
2024-01-18,379.6353454589844
2024-01-19,377.66192626953125
2024-01-23,373.56707763671875
2024-01-24,379.28997802734375
2024-01-25,382.595458984375
2024-01-29,386.6409606933594
2024-01-30,388.1703186035156
2024-01-31,390.1930847167969
2024-02-01,383.7301330566406
2024-02-02,387.87432861328125
2024-02-05,392.36383056640625
2024-02-06,391.6238098144531
2024-02-07,395.86663818359375
2024-02-08,386.5422668457031
2024-02-09,378.00726318359375
2024-02-12,367.7948303222656
2024-02-13,366.9068298339844
2024-02-14,365.47607421875
2024-02-15,368.14019775390625
2024-02-16,366.85748291015625
2024-02-19,379.24066162109375
2024-02-20,378.5006103515625
2024-02-21,375.8858642578125
2024-02-22,376.37921142578125
2024-02-23,374.6524658203125
2024-02-26,370.11358642578125
2024-02-27,377.8099060058594
2024-02-28,366.2654724121094
2024-02-29,367.9921875
2024-03-01,367.5975036621094
2024-03-04,375.2938232421875
2024-03-05,375.7378234863281
2024-03-06,368.0908508300781
2024-03-07,373.4190979003906
2024-03-11,369.8175964355469
2024-03-12,359.0131530761719
2024-03-13,342.97918701171875
2024-03-14,351.31683349609375
2024-03-15,354.47430419921875
2024-03-18,356.05303955078125
2024-03-19,358.421142578125
2024-03-20,352.5995788574219
2024-03-21,361.4799499511719
2024-03-22,361.2825927734375
2024-03-26,361.2332458496094
2024-03-27,357.3357238769531
2024-03-28,357.138427734375
2024-04-01,372.3830261230469
2024-04-02,378.8459777832031
2024-04-03,380.22735595703125
2024-04-04,378.20458984375
2024-04-05,383.7301330566406
2024-04-08,381.1153869628906
2024-04-09,387.726318359375
2024-04-10,383.48345947265625
2024-04-12,372.7777099609375
2024-04-15,362.41729736328125
2024-04-16,368.3868713378906
2024-04-18,363.74932861328125
2024-04-19,360.7892150878906
2024-04-22,369.5215759277344
2024-04-23,374.0110778808594
2024-04-24,382.89141845703125
2024-04-25,382.89141845703125
2024-04-26,385.6048889160156
2024-04-29,396.3600158691406
2024-04-30,390.2917175292969
2024-05-02,390.48907470703125
2024-05-03,386.3942565917969
2024-05-06,380.5233459472656
2024-05-07,371.98834228515625
2024-05-08,375.8858642578125
2024-05-09,366.7588195800781
2024-05-10,369.3735656738281
2024-05-13,367.54815673828125
2024-05-14,373.56707763671875
2024-05-15,372.2350158691406
2024-05-16,373.6164245605469
2024-05-17,379.0926208496094
2024-05-21,372.6790771484375
2024-05-22,371.4949951171875
2024-05-23,372.0870361328125
2024-05-24,383.2861328125
2024-05-27,375.14581298828125
2024-05-28,375.8858642578125
2024-05-29,378.5499267578125
2024-05-30,372.58038330078125
2024-05-31,373.22174072265625
2024-06-03,385.9009094238281
2024-06-04,359.2598571777344
2024-06-05,385.65423583984375
2024-06-06,381.21405029296875
2024-06-07,395.0772705078125
2024-06-10,391.5251159667969
2024-06-11,400.01080322265625
2024-06-12,413.97271728515625
2024-06-13,433.3121643066406
2024-06-14,424.48114013671875
2024-06-18,423.3464050292969
2024-06-19,434.98956298828125
2024-06-20,435.8775939941406
2024-06-21,437.5056457519531
2024-06-24,436.8149719238281
2024-06-25,434.841552734375
2024-06-26,424.2344665527344
2024-06-27,423.19842529296875
2024-06-28,423.98779296875
2024-07-01,428.4279479980469
2024-07-02,429.8586730957031
2024-07-03,423.24774169921875
2024-07-04,421.91571044921875
2024-07-05,420.9289855957031
2024-07-08,418.11688232421875
2024-07-09,425.5171813964844
2024-07-10,430.7467041015625
2024-07-11,439.13372802734375
2024-07-12,434.4962158203125
2024-07-15,438.591064453125
2024-07-16,444.21527099609375
2024-07-18,443.721923828125
2024-07-19,435.68023681640625
2024-07-22,438.591064453125
2024-07-23,438.0976867675781
2024-07-24,446.5340270996094
2024-07-25,441.35382080078125
2024-07-26,455.1676940917969
2024-07-29,463.9494323730469
2024-07-30,474.0137939453125
2024-07-31,474.45782470703125
2024-08-01,477.91131591796875
2024-08-02,475.2965393066406
2024-08-05,467.4028625488281
2024-08-06,462.22265625
2024-08-07,485.60760498046875
2024-08-08,482.3514709472656
2024-08-09,484.472900390625
2024-08-12,488.5677185058594
2024-08-13,504.6016845703125
2024-08-14,495.82000732421875
2024-08-16,515.6034545898438
2024-08-19,524.9278564453125
2024-08-20,563.2614135742188
2024-08-21,552.6049194335938
2024-08-22,571.4511108398438
2024-08-23,556.897216796875
2024-08-26,556.60107421875
2024-08-27,561.9786987304688
2024-08-28,579.5914306640625
2024-08-29,571.105712890625
2024-08-30,590.69189453125
2024-09-02,583.9822387695312
2024-09-03,579.8380737304688
2024-09-04,579.2953491210938
2024-09-05,579.0487060546875
2024-09-06,560.4985961914062
2024-09-09,548.1647338867188
2024-09-10,554.9237060546875
2024-09-11,544.2179565429688
2024-09-12,565.1361694335938
2024-09-13,549.8915405273438
2024-09-16,561.1893310546875
2024-09-17,562.5213012695312
2024-09-18,565.6295166015625
2024-09-19,575.7432250976562
2024-09-20,586.301025390625
2024-09-23,587.4850463867188
2024-09-24,601.6442260742188
2024-09-25,599.8682250976562
2024-09-26,604.6043701171875
2024-09-27,646.0953979492188
2024-09-30,640.2738647460938
2024-10-01,671.5031127929688
2024-10-03,659.8599853515625
2024-10-04,651.9169921875
2024-10-07,619.503662109375
2024-10-08,644.6646728515625
2024-10-09,644.4673461914062
2024-10-10,646.2434692382812
2024-10-11,640.0271606445312
2024-10-14,644.6646728515625
2024-10-15,657.5905151367188
2024-10-16,640.4218139648438
2024-10-17,630.1600952148438
2024-10-18,629.7654418945312
2024-10-21,624.486572265625
2024-10-22,594.9346923828125
2024-10-23,605.640380859375
2024-10-24,605.4430541992188
2024-10-25,599.1775512695312
2024-10-28,619.7503051757812
2024-10-29,634.2549438476562
2024-10-30,650.7822265625
2024-10-31,619.454345703125
2024-11-01,620.14501953125
2024-11-04,601.2495727539062
2024-11-05,602.2362670898438
2024-11-06,599.8682250976562
2024-11-07,591.0371704101562
2024-11-08,585.3635864257812
2024-11-11,566.2708740234375
2024-11-12,559.4132690429688
2024-11-13,540.3204345703125
2024-11-14,532.2294921875
2024-11-18,518.31689453125
2024-11-19,519.8462524414062
2024-11-21,501.9375915527344
2024-11-22,508.745849609375
2024-11-25,532.0691528320312
2024-11-26,559.1639404296875
2024-11-27,562.7864990234375
2024-11-28,556.8811645507812
2024-11-29,580.7007446289062
2024-12-02,587.3999633789062
2024-12-03,604.1233520507812
2024-12-04,586.7549438476562
2024-12-05,581.4947509765625
2024-12-06,579.5594482421875
2024-12-09,571.520263671875
2024-12-10,580.8496704101562
2024-12-11,582.8842163085938
2024-12-12,584.670654296875
2024-12-13,580.99853515625
2024-12-16,584.0255737304688
2024-12-17,583.5293579101562
2024-12-18,575.7880249023438
2024-12-19,569.98193359375
2024-12-20,534.7489013671875
2024-12-23,520.2586669921875
2024-12-24,519.2661743164062
2024-12-26,515.9413452148438
2024-12-27,516.189453125
2024-12-30,513.311279296875
2024-12-31,525.8165283203125
2025-01-01,541.150390625
2025-01-02,523.03759765625
2025-01-03,517.8270874023438
2025-01-06,501.6992492675781
2025-01-07,505.61956787109375
2025-01-08,498.1263122558594
2025-01-09,492.121826171875
2025-01-10,486.5639343261719
2025-01-13,461.1067810058594
2025-01-14,493.26318359375
2025-01-15,488.30078125
2025-01-16,486.01806640625
2025-01-17,492.3203125
2025-01-20,498.2751770019531
2025-01-21,503.6842346191406
2025-01-22,484.92633056640625
2025-01-23,480.9067687988281
2025-01-24,473.3143005371094
2025-01-27,472.52032470703125
2025-01-28,475.7955017089844
2025-01-29,492.121826171875
2025-01-30,466.6646728515625
2025-01-31,483.68572998046875
2025-02-01,478.574462890625
2025-02-03,461.35491943359375
2025-02-04,465.8210754394531
2025-02-05,465.8210754394531
2025-02-06,471.57745361328125
2025-02-07,450.4376220703125
2025-02-10,455.5985107421875
2025-02-11,441.3067626953125
2025-02-12,436.8902587890625
2025-02-13,433.81353759765625
2025-02-14,426.0225830078125
2025-02-17,439.7684326171875
2025-02-18,427.61053466796875
2025-02-19,443.44061279296875
2025-02-20,474.05865478515625
2025-02-21,476.688720703125
2025-02-24,465.8706970214844
2025-02-25,448.30377197265625
2025-02-27,443.63909912109375
2025-02-28,440.9097900390625
2025-03-03,441.90228271484375
2025-03-04,437.5849609375
2025-03-05,445.92181396484375
2025-03-06,455.4000244140625
2025-03-07,462.0
2025-03-10,449.74285888671875
2025-03-11,447.2120361328125
2025-03-12,483.28875732421875
2025-03-13,469.3940124511719
2025-03-17,473.4135437011719
2025-03-18,473.4135437011719
2025-03-19,535.8406372070312
2025-03-20,536.98193359375
2025-03-21,530.630126953125
2025-03-24,530.7293090820312
2025-03-25,534.0541381835938
2025-03-26,525.7173461914062
2025-03-27,531.6721801757812
2025-03-28,543.3834838867188
2025-04-01,552.762451171875
2025-04-02,551.22412109375
2025-04-03,563.7789306640625
2025-04-04,547.800048828125
2025-04-07,532.0691528320312
2025-04-08,523.03759765625
2025-04-09,516.7353515625
2025-04-11,525.9158325195312
2025-04-15,547.0556640625
2025-04-16,560.5534057617188
2025-04-17,550.0330810546875
2025-04-21,561.7940063476562
2025-04-22,587.15185546875
2025-04-23,585.3157958984375
2025-04-24,596.084228515625
2025-04-25,567.649658203125
2025-04-28,571.818115234375
2025-04-29,561.5458984375
2025-04-30,546.7579345703125
2025-05-02,542.9864501953125
2025-05-05,548.1473999023438
2025-05-06,549.6857299804688
2025-05-07,554.3504028320312
2025-05-08,535.8902587890625
2025-05-09,521.499267578125
2025-05-12,554.1022338867188
2025-05-13,549.8345947265625
2025-05-14,554.7969970703125
2025-05-15,556.781982421875
2025-05-16,554.499267578125
2025-05-19,554.6978149414062
2025-05-20,546.0631713867188
2025-05-21,549.0902709960938
2025-05-22,550.4300537109375
2025-05-23,548.9413452148438
2025-05-26,562.0421142578125
2025-05-27,553.9534301757812
2025-05-28,575.0436401367188
2025-05-29,580.7504272460938
2025-05-30,585.8616333007812
2025-06-02,587.896240234375
2025-06-03,589.781982421875
2025-06-04,591.1714477539062
2025-06-05,599.9548950195312
2025-06-06,607.0511474609375
2025-06-09,611.517333984375
2025-06-10,612.0135498046875
2025-06-11,616.5293579101562
2025-06-12,609.3834838867188
2025-06-13,605.7113037109375
2025-06-16,604.470703125
2025-06-17,602.2872314453125
2025-06-18,585.01806640625
2025-06-19,584.7203369140625
2025-06-20,590.1790161132812
2025-06-23,586.1098022460938
2025-06-24,590.724853515625
2025-06-25,592.7593994140625
2025-06-26,584.5714721679688
2025-06-27,585.613525390625
2025-06-30,589.3849487304688
2025-07-01,581.593994140625
2025-07-02,582.4375610351562
2025-07-03,583.8270874023438
2025-07-04,585.5639038085938
2025-07-07,598.2677001953125
2025-07-08,592.7593994140625
2025-07-09,596.9774780273438
2025-07-10,607.894775390625
2025-07-11,611.4676513671875
2025-07-14,605.9097900390625
2025-07-15,618.1173095703125
2025-07-16,615.2391357421875
2025-07-17,610.574462890625
2025-07-18,613.1052856445312
2025-07-21,608.4406127929688
2025-07-22,607.6466064453125
2025-07-23,602.0887451171875
2025-07-24,590.37744140625
2025-07-25,584.7699584960938
2025-07-28,581.6932373046875
2025-07-29,585.7128295898438
2025-07-30,586.9037475585938
2025-07-31,582.6361083984375
2025-08-01,558.9158325195312
2025-08-04,566.1609497070312
2025-08-05,564.7714233398438
2025-08-06,544.1278076171875
2025-08-07,546.0135498046875
2025-08-08,541.1007690429688
2025-08-11,547.651123046875
2025-08-12,556.633056640625
2025-08-13,544.1774291992188
2025-08-14,561.14892578125
2025-08-18,554.0526733398438
2025-08-19,568.443603515625
2025-08-20,579.3609008789062
2025-08-21,580.1052856445312
2025-08-22,580.45263671875
2025-08-25,585.8120727539062
2025-08-26,554.499267578125
2025-08-28,545.8150634765625
2025-08-29,532.16845703125
2025-09-01,537.5774536132812
2025-09-02,562.5879516601562
2025-09-03,555.3428344726562
2025-09-04,549.8345947265625
2025-09-05,545.31884765625
2025-09-08,532.1188354492188
2025-09-09,515.6932373046875
2025-09-10,521.499267578125
2025-09-11,511.7729797363281
2025-09-12,512.169921875
2025-09-15,515.3955078125
2025-09-16,513.8075561523438
2025-09-17,511.9714050292969
2025-09-18,512.368408203125
2025-09-19,505.91729736328125
2025-09-22,500.5082702636719
2025-09-23,492.518798828125
2025-09-24,466.16845703125
2025-09-25,470.0887145996094
2025-09-26,448.50225830078125
2025-09-29,448.10528564453125
2025-09-30,452.22406005859375
2025-10-01,453.5143127441406
2025-10-03,461.4045104980469
2025-10-06,472.0240783691406
2025-10-07,477.7308349609375
2025-10-08,475.84515380859375
2025-10-09,476.09326171875
2025-10-10,474.6045227050781
2025-10-13,468.8481140136719
2025-10-14,459.8165283203125
2025-10-15,466.0691833496094
2025-10-16,464.1834716796875
2025-10-17,461.1067810058594
2025-10-20,456.3428649902344
2025-10-21,465.17596435546875
2025-10-23,465.3248291015625
2025-10-24,460.7098083496094
2025-10-27,459.6180725097656
2025-10-28,465.7218322753906
2025-10-29,469.3443603515625
2025-10-30,466.0195617675781
2025-10-31,455.499267578125
2025-11-03,458.2781982421875
2025-11-04,446.5173034667969
2025-11-06,442.0511474609375
2025-11-07,429.2977294921875
2025-11-10,457.73236083984375
2025-11-11,450.78497314453125
2025-11-12,445.77294921875
2025-11-13,454.70526123046875
2025-11-14,462.0
2025-11-17,471.8999938964844
2025-11-18,461.8999938964844
2025-11-19,462.70001220703125
2025-11-20,457.45001220703125
2025-11-21,449.8500061035156
2025-11-24,452.3500061035156
2025-11-25,449.8500061035156
2025-11-26,453.1000061035156
2025-11-27,449.5
2025-11-28,447.6000061035156
2025-12-01,447.0
2025-12-02,450.1000061035156
2025-12-03,444.20001220703125
2025-12-04,441.8999938964844
2025-12-05,444.1499938964844
2025-12-08,429.04998779296875
2025-12-09,416.3500061035156
2025-12-10,447.75
2025-12-11,445.6000061035156
2025-12-12,438.6000061035156
2025-12-15,447.04998779296875
2025-12-16,443.5
2025-12-17,440.29998779296875
2025-12-18,450.79998779296875
2025-12-19,437.6499938964844
2025-12-22,441.04998779296875
2025-12-23,442.79998779296875
2025-12-24,440.29998779296875
2025-12-26,438.6000061035156
2025-12-29,432.5
2025-12-30,437.25
2025-12-31,444.3999938964844
2026-01-01,438.29998779296875
2026-01-02,438.54998779296875
2026-01-05,440.45001220703125
2026-01-06,435.75
2026-01-07,438.1499938964844
2026-01-08,426.5
2026-01-09,429.75
2026-01-12,417.20001220703125
2026-01-13,425.3999938964844
2026-01-14,425.25
2026-01-15,425.25
2026-01-16,421.04998779296875
2026-01-19,415.29998779296875
2026-01-20,410.8999938964844
2026-01-21,397.79998779296875
2026-01-22,403.75
2026-01-23,413.0
2026-01-27,404.95001220703125
2026-01-28,409.3999938964844
2026-01-29,409.70001220703125
2026-01-30,420.3500061035156
2026-02-02,420.1000061035156
2026-02-03,437.45001220703125
2026-02-04,441.6499938964844
2026-02-05,446.6499938964844
2026-02-06,445.04998779296875
2026-02-09,453.45001220703125
2026-02-10,467.0
2026-02-11,461.20001220703125
2026-02-12,460.45001220703125
2026-02-13,465.8999938964844
2026-02-16,463.8999938964844
2026-02-17,470.25
2026-02-18,467.75
2026-02-19,456.8999938964844
2026-02-20,456.3999938964844
2026-02-23,464.5
2026-02-24,456.95001220703125
2026-02-25,466.8999938964844
2026-02-26,461.29998779296875
2026-02-27,470.6000061035156
2026-03-02,458.25
2026-03-04,491.70001220703125
2026-03-05,490.6499938964844
2026-03-06,480.95001220703125
2026-03-09,492.6000061035156
2026-03-10,506.45001220703125
2026-03-11,519.0499877929688
2026-03-12,509.29998779296875
2026-03-13,486.0
2026-03-16,483.20001220703125
2026-03-17,467.25
2026-03-18,475.95001220703125
2026-03-19,483.6000061035156
2026-03-20,485.8999938964844
2026-03-23,473.5
2026-03-24,476.95001220703125
2026-03-25,508.5
2026-03-27,497.20001220703125
2026-03-30,497.1000061035156
2026-04-01,494.95001220703125
2026-04-02,489.3500061035156
2026-04-06,485.3999938964844
2026-04-07,483.3999938964844
2026-04-08,480.3999938964844
2026-04-09,477.70001220703125
2026-04-10,473.5
2026-04-13,475.5
2026-04-15,485.3500061035156
2026-04-16,483.75
2026-04-17,486.0
2026-04-20,515.7000122070312
2026-04-21,508.8500061035156
2026-04-22,541.5499877929688
2026-04-23,540.2999877929688
2026-04-24,516.0999755859375
2026-04-27,520.5
2026-04-28,508.70001220703125
2026-04-29,510.20001220703125
2026-04-30,521.0499877929688
2026-05-01,521.0499877929688
2026-05-04,524.8499755859375
2026-05-05,531.0
2026-05-06,524.8499755859375
2026-05-07,525.5
2026-05-08,522.75
2026-05-11,525.4000244140625
2026-05-12,534.1500244140625
2026-05-13,548.9000244140625
2026-05-14,540.7000122070312
2026-05-15,539.5999755859375
2026-05-18,541.0999755859375
2026-05-19,550.4500122070312
2026-05-20,530.75
2026-05-21,537.4500122070312
2026-05-22,535.0999755859375
2026-05-25,532.9500122070312
2026-05-26,529.6500244140625
2026-05-27,530.2000122070312
2026-05-28,530.2000122070312
2026-05-29,514.7999877929688
2026-06-01,532.9000244140625
2026-06-02,537.4000244140625
2026-06-03,529.9500122070312
2026-06-04,532.2000122070312
2026-06-05,531.7999877929688
2026-06-08,550.4000244140625
2026-06-09,536.9500122070312
2026-06-10,536.5499877929688
2026-06-11,548.5499877929688
2026-06-12,539.9500122070312
2026-06-15,551.5999755859375
2026-06-16,559.0499877929688
2026-06-17,546.9000244140625
2026-06-18,554.1500244140625
2026-06-19,531.5999755859375
2026-06-22,536.5999755859375
2026-06-23,532.9000244140625
2026-06-24,536.7999877929688
2026-06-25,534.2000122070312
2026-06-26,534.2000122070312
2026-06-29,527.0999755859375
2026-06-30,554.9500122070312
2026-07-01,545.75
2026-07-02,567.2000122070312
2026-07-03,562.4500122070312
2026-07-06,571.0
2026-07-07,571.6500244140625
2026-07-08,560.8499755859375
2026-07-09,567.4500122070312
2026-07-10,566.9000244140625
2026-07-13,584.8499755859375
2026-07-14,596.2999877929688
2026-07-15,589.8499755859375
2026-07-16,598.0
2026-07-17,604.4500122070312
2026-07-20,600.0499877929688
2026-07-21,617.8499755859375
2026-07-22,624.75
2026-07-23,612.7999877929688
2026-07-24,610.1500244140625
2026-07-27,611.6500244140625
2026-07-28,605.25
2026-07-29,606.2999877929688
2026-07-30,596.2999877929688
2026-07-31,586.2000122070312
2026-08-03,646.7999877929688
2026-08-04,658.7000122070312
2026-08-05,635.5499877929688
2026-08-06,629.2999877929688
2026-08-07,633.4500122070312
2026-08-10,655.25
2026-08-11,627.7999877929688
2026-08-12,604.7000122070312
2026-08-13,619.6500244140625
2026-08-14,624.8499755859375
2026-08-17,655.75
2026-08-18,653.25
2026-08-19,650.7999877929688
2026-08-20,767.0999755859375
2026-08-21,729.3499755859375
2026-08-24,695.5
2026-08-25,668.0999755859375
2026-08-26,674.3499755859375
2026-08-27,649.9500122070312
2026-08-28,654.8499755859375
2026-08-31,693.5
2026-09-01,668.8499755859375
2026-09-02,669.75
2026-09-03,704.3499755859375
2026-09-04,690.5999755859375
2026-09-07,711.5499877929688
2026-09-08,711.4500122070312
2026-09-09,700.0499877929688
2026-09-10,705.1500244140625
2026-09-11,691.4000244140625
2026-09-14,691.4000244140625
2026-09-15,677.0999755859375
2026-09-16,682.5999755859375
2026-09-17,675.7000122070312
2026-09-18,672.5999755859375
2026-09-21,662.9000244140625
