Date,BLUESTARCO
2002-07-01,4.296836853027344
2002-07-02,4.274153709411621
2002-07-03,4.338963508605957
2002-07-04,4.358404636383057
2002-07-05,4.355164527893066
2002-07-08,4.578756332397461
2002-07-09,4.6597676277160645
2002-07-10,4.59171724319458
2002-07-11,4.488022804260254
2002-07-12,4.5074663162231445
2002-07-15,4.445897102355957
2002-07-16,4.332481861114502
2002-07-17,4.36812686920166
2002-07-18,4.338963508605957
2002-07-19,4.36812686920166
2002-07-22,4.374606132507324
2002-07-23,4.387569904327393
2002-07-24,4.36812686920166
2002-07-25,4.397290229797363
2002-07-26,4.403771877288818
2002-07-29,4.400530815124512
2002-07-30,4.407012462615967
2002-07-31,4.400530815124512
2002-08-01,4.407012462615967
2002-08-02,4.397290229797363
2002-08-05,4.394049644470215
2002-08-06,4.410252571105957
2002-08-07,4.471821308135986
2002-08-08,4.397290229797363
2002-08-09,4.407012462615967
2002-08-12,4.407012462615967
2002-08-13,4.407012462615967
2002-08-14,4.407012462615967
2002-08-15,4.407012462615967
2002-08-16,4.410252571105957
2002-08-19,4.407012462615967
2002-08-20,4.407012462615967
2002-08-21,4.407012462615967
2002-08-22,4.407012462615967
2002-08-23,4.407012462615967
2002-08-26,4.407012462615967
2002-08-27,4.410252571105957
2002-08-28,4.407012462615967
2002-08-29,4.429696559906006
2002-08-30,4.407012462615967
2002-09-02,4.413492202758789
2002-09-03,4.436175346374512
2002-09-04,4.458860397338867
2002-09-05,4.410252571105957
2002-09-06,4.436175346374512
2002-09-09,4.449138641357422
2002-09-10,4.449138641357422
2002-09-11,4.416733264923096
2002-09-12,4.410252571105957
2002-09-13,4.410252571105957
2002-09-16,4.423213958740234
2002-09-17,4.413492202758789
2002-09-18,4.407012462615967
2002-09-19,4.3097991943359375
2002-09-20,4.28711462020874
2002-09-23,4.277393341064453
2002-09-24,4.277393341064453
2002-09-25,4.3097991943359375
2002-09-26,4.280633926391602
2002-09-27,4.306558609008789
2002-09-30,4.280633926391602
2002-10-01,4.293596267700195
2002-10-02,4.293596267700195
2002-10-03,4.342202663421631
2002-10-04,4.342202663421631
2002-10-07,4.475062370300293
2002-10-08,4.322760581970215
2002-10-09,4.342202663421631
2002-10-10,4.342202663421631
2002-10-11,4.326001167297363
2002-10-14,4.351924896240234
2002-10-15,4.351924896240234
2002-10-16,4.358404636383057
2002-10-17,4.345444679260254
2002-10-18,4.342202663421631
2002-10-21,4.397290229797363
2002-10-22,4.342202663421631
2002-10-23,4.371367931365967
2002-10-24,4.342202663421631
2002-10-25,4.345444679260254
2002-10-28,4.403771877288818
2002-10-29,4.3810882568359375
2002-10-30,4.400530815124512
2002-10-31,4.407012462615967
2002-11-01,4.416733264923096
2002-11-04,4.397290229797363
2002-11-05,4.374606132507324
2002-11-06,4.374606132507324
2002-11-07,4.407012462615967
2002-11-08,4.377847671508789
2002-11-11,4.407012462615967
2002-11-12,4.410252571105957
2002-11-13,4.429696559906006
2002-11-14,4.407012462615967
2002-11-15,4.439415454864502
2002-11-18,4.419974327087402
2002-11-19,4.419974327087402
2002-11-20,4.410252571105957
2002-11-21,4.410252571105957
2002-11-22,4.410252571105957
2002-11-25,4.500986099243164
2002-11-26,4.601438522338867
2002-11-27,4.556073188781738
2002-11-28,4.617641925811768
2002-11-29,4.620881080627441
2002-12-02,4.740777969360352
2002-12-03,4.601438522338867
2002-12-04,4.5074663162231445
2002-12-05,4.536630153656006
2002-12-06,4.569035530090332
2002-12-09,4.569035530090332
2002-12-10,4.572274208068848
2002-12-11,4.572274208068848
2002-12-12,4.581996440887451
2002-12-13,4.611159801483154
2002-12-16,4.617641925811768
2002-12-17,4.5949578285217285
2002-12-18,4.588477611541748
2002-12-19,4.607920169830322
2002-12-20,4.698652267456055
2002-12-23,4.692171096801758
2002-12-24,4.7310566902160645
2002-12-25,4.7310566902160645
2002-12-26,4.708374500274658
2002-12-27,4.7310566902160645
2002-12-30,4.860674858093262
2002-12-31,4.795866012573242
2003-01-01,4.860674858093262
2003-01-02,4.886599063873291
2003-01-03,4.860674858093262
2003-01-06,4.863914966583252
2003-01-07,4.96436882019043
2003-01-08,4.89307975769043
2003-01-09,4.902801513671875
2003-01-10,4.880117893218994
2003-01-13,4.880117893218994
2003-01-14,4.906041622161865
2003-01-15,4.863914966583252
2003-01-16,4.863914966583252
2003-01-17,4.876877784729004
2003-01-20,4.860674858093262
2003-01-21,4.8671555519104
2003-01-22,4.863914966583252
2003-01-23,4.860674858093262
2003-01-24,4.860674858093262
2003-01-27,4.860674858093262
2003-01-28,4.860674858093262
2003-01-29,4.860674858093262
2003-01-30,4.902801513671875
2003-01-31,4.8736371994018555
2003-02-03,4.8671555519104
2003-02-04,4.688931941986084
2003-02-05,4.721336364746094
2003-02-06,4.711613655090332
2003-02-07,4.740777969360352
2003-02-10,4.685690879821777
2003-02-11,4.766702175140381
2003-02-12,4.734297275543213
2003-02-13,4.734297275543213
2003-02-14,4.7310566902160645
2003-02-17,4.786144733428955
2003-02-18,4.789384841918945
2003-02-19,4.818549156188965
2003-02-20,4.925484657287598
2003-02-21,4.967609882354736
2003-02-24,5.13611364364624
2003-02-25,5.145833969116211
2003-02-26,5.045380592346191
2003-02-27,5.000014305114746
2003-02-28,5.116671562194824
2003-03-03,5.1555562019348145
2003-03-04,5.158795356750488
2003-03-05,5.168518543243408
2003-03-06,5.194442272186279
2003-03-07,5.20416259765625
2003-03-10,5.181479454040527
2003-03-11,5.178238391876221
2003-03-12,5.246288776397705
2003-03-13,5.246288776397705
2003-03-14,5.246288776397705
2003-03-17,5.13611364364624
2003-03-18,5.13611364364624
2003-03-19,5.00973653793335
2003-03-20,5.178238391876221
2003-03-21,5.184719562530518
2003-03-24,5.259250164031982
2003-03-25,5.213883876800537
2003-03-26,5.2624897956848145
2003-03-27,5.278692245483398
2003-03-28,5.3402628898620605
2003-03-31,5.311097621917725
2003-04-01,5.3175787925720215
2003-04-02,5.411551475524902
2003-04-03,5.5314483642578125
2003-04-04,5.6124587059021
2003-04-07,5.674027919769287
2003-04-08,5.742077350616455
2003-04-09,5.719393730163574
2003-04-10,5.699951648712158
2003-04-11,5.6869893074035645
2003-04-15,5.738838195800781
2003-04-16,5.78420352935791
2003-04-17,5.771240711212158
2003-04-18,5.771240711212158
2003-04-21,5.7777228355407715
2003-04-22,5.803646087646484
2003-04-23,6.105008602142334
2003-04-24,6.062882423400879
2003-04-25,6.0239973068237305
2003-04-28,5.96890926361084
2003-04-29,5.978630542755127
2003-04-30,6.014276504516602
2003-05-01,6.014276504516602
2003-05-02,5.9948320388793945
2003-05-05,5.952707767486572
2003-05-06,5.988351345062256
2003-05-07,5.9170613288879395
2003-05-08,5.78420352935791
2003-05-09,5.819848537445068
2003-05-12,5.780963897705078
2003-05-13,5.874935626983643
2003-05-14,5.8878984451293945
2003-05-15,5.9429850578308105
2003-05-16,6.176297664642334
2003-05-19,6.357763767242432
2003-05-20,6.357763767242432
2003-05-21,6.406369209289551
2003-05-22,6.364243030548096
2003-05-23,6.367485523223877
2003-05-26,6.944284915924072
2003-05-27,7.0868659019470215
2003-05-28,7.0577006340026855
2003-05-29,6.918360233306885
2003-05-30,6.75957727432251
2003-06-02,6.872994422912598
2003-06-03,6.7887420654296875
2003-06-04,6.889196872711182
2003-06-05,6.8438310623168945
2003-06-06,6.9313225746154785
2003-06-09,6.915119647979736
2003-06-10,7.025296688079834
2003-06-11,6.999373912811279
2003-06-12,6.983169078826904
2003-06-13,6.889196872711182
2003-06-16,6.973449230194092
2003-06-17,7.005853176116943
2003-06-18,7.028537750244141
2003-06-19,7.0868659019470215
2003-06-20,7.0706634521484375
2003-06-23,7.151673316955566
2003-06-24,7.148433208465576
2003-06-25,7.184078693389893
2003-06-26,7.355820655822754
2003-06-27,7.329899787902832
2003-06-30,7.453036308288574
2003-07-01,7.66366720199585
2003-07-02,7.8354058265686035
2003-07-03,7.884016036987305
2003-07-04,8.078441619873047
2003-07-07,7.70822286605835
2003-07-08,7.683773517608643
2003-07-09,7.324034214019775
2003-07-10,6.8979339599609375
2003-07-11,6.911907196044922
2003-07-14,6.793154716491699
2003-07-15,6.754735946655273
2003-07-16,6.6953630447387695
2003-07-17,6.674407958984375
2003-07-18,6.660436630249023
2003-07-21,6.503268718719482
2003-07-22,6.527717113494873
2003-07-23,6.5451788902282715
2003-07-24,6.5451788902282715
2003-07-25,6.51374626159668
2003-07-28,6.566134452819824
2003-07-29,6.548672676086426
2003-07-30,6.566134452819824
2003-07-31,6.503268718719482
2003-08-01,6.541685581207275
2003-08-04,6.705839157104492
2003-08-05,6.7407660484313965
2003-08-06,6.353085994720459
2003-08-07,6.541685581207275
2003-08-08,6.61852502822876
2003-08-11,6.5521650314331055
2003-08-12,6.503268718719482
2003-08-13,6.68139123916626
2003-08-14,7.338006019592285
2003-08-15,7.338006019592285
2003-08-18,7.435799598693848
2003-08-19,7.079551696777344
2003-08-20,7.051610946655273
2003-08-21,6.9852495193481445
2003-08-22,7.034145832061768
2003-08-25,6.831573963165283
2003-08-26,6.859515190124512
2003-08-27,6.978265285491943
2003-08-28,7.16337251663208
2003-08-29,7.243706226348877
2003-09-01,7.331018447875977
2003-09-02,7.1773457527160645
2003-09-03,7.275139331817627
2003-09-04,7.421828746795654
2003-09-05,7.397378444671631
2003-09-08,7.676789283752441
2003-09-09,7.537084579467773
2003-09-10,7.44976806640625
2003-09-11,7.425320625305176
2003-09-12,7.362453937530518
2003-09-15,7.226241111755371
2003-09-16,7.327528476715088
2003-09-17,7.362453937530518
2003-09-18,7.404365539550781
2003-09-19,7.334513187408447
2003-09-22,7.505650997161865
2003-09-23,7.407857894897461
2003-09-24,7.516129970550537
2003-09-25,7.70822286605835
2003-09-26,7.7326741218566895
2003-09-29,7.778077125549316
2003-09-30,7.931751251220703
2003-10-01,7.928258419036865
2003-10-02,7.928258419036865
2003-10-03,8.036531448364258
2003-10-06,8.4032564163208
2003-10-07,8.633769035339355
2003-10-08,8.305462837219238
2003-10-09,8.515018463134766
2003-10-10,8.441675186157227
2003-10-13,8.44865894317627
2003-10-14,8.253074645996094
2003-10-15,8.256564140319824
2003-10-16,8.260062217712402
2003-10-17,8.294984817504883
2003-10-20,8.260062217712402
2003-10-21,7.896826267242432
2003-10-22,7.624400615692139
2003-10-23,7.589475631713867
2003-10-24,7.687267303466797
2003-10-27,7.673299312591553
2003-10-28,7.683773517608643
2003-10-29,7.687267303466797
2003-10-30,7.767597675323486
2003-10-31,7.64186429977417
2003-11-03,7.844435214996338
2003-11-04,7.945722579956055
2003-11-05,7.785062789916992
2003-11-06,7.858404636383057
2003-11-07,8.249580383300781
2003-11-10,8.375316619873047
2003-11-11,8.371822357177734
2003-11-12,8.501051902770996
2003-11-13,8.532483100891113
2003-11-14,8.38579273223877
2003-11-17,8.577885627746582
2003-11-18,9.611705780029297
2003-11-19,9.639644622802734
2003-11-20,9.79681396484375
2003-11-21,9.712990760803223
2003-11-24,9.782843589782715
2003-11-25,9.88412857055664
2003-11-26,9.88412857055664
2003-11-27,9.880636215209961
2003-11-28,10.006369590759277
2003-12-01,9.912070274353027
2003-12-02,9.926041603088379
2003-12-03,9.838726997375488
2003-12-04,9.751407623291016
2003-12-05,9.657111167907715
2003-12-08,9.887624740600586
2003-12-09,10.181000709533691
2003-12-10,10.083207130432129
2003-12-11,9.779350280761719
2003-12-12,10.247359275817871
2003-12-15,10.575669288635254
2003-12-16,10.659490585327148
2003-12-17,10.917946815490723
2003-12-18,10.952872276306152
2003-12-19,10.914454460144043
2003-12-22,11.214818954467773
2003-12-23,11.176400184631348
2003-12-24,11.176400184631348
2003-12-25,11.176400184631348
2003-12-26,11.459303855895996
2003-12-29,11.288164138793945
2003-12-30,11.525664329528809
2003-12-31,11.630440711975098
2004-01-01,11.532649993896484
2004-01-02,11.546621322631836
2004-01-05,11.623455047607422
2004-01-06,11.525664329528809
2004-01-07,11.529153823852539
2004-01-08,11.525664329528809
2004-01-09,11.36500358581543
2004-01-12,11.179891586303711
2004-01-13,10.994783401489258
2004-01-14,10.987798690795898
2004-01-15,10.624564170837402
2004-01-16,10.355632781982422
2004-01-19,9.964457511901855
2004-01-20,9.681557655334473
2004-01-21,9.384681701660156
2004-01-22,9.31832504272461
2004-01-23,9.744425773620605
2004-01-26,9.744425773620605
2004-01-27,10.013357162475586
2004-01-28,9.71997356414795
2004-01-29,9.730453491210938
2004-01-30,9.747918128967285
2004-02-02,9.747918128967285
2004-02-03,9.646632194519043
2004-02-04,9.859682083129883
2004-02-05,9.779350280761719
2004-02-06,9.926041603088379
2004-02-09,10.170522689819336
2004-02-10,9.936519622802734
2004-02-11,10.229899406433105
2004-02-12,10.229899406433105
2004-02-13,10.421993255615234
2004-02-16,10.519787788391113
2004-02-17,10.561697006225586
2004-02-18,10.526769638061523
2004-02-19,10.537250518798828
2004-02-20,10.561697006225586
2004-02-23,10.481369018554688
2004-02-24,10.477874755859375
2004-02-25,10.649014472961426
2004-02-26,10.481369018554688
2004-02-27,10.488356590270996
2004-03-01,10.477874755859375
2004-03-02,10.477874755859375
2004-03-03,10.481369018554688
2004-03-04,10.481369018554688
2004-03-05,10.264825820922852
2004-03-08,10.181000709533691
2004-03-09,10.261332511901855
2004-03-10,10.12861156463623
2004-03-11,9.870158195495605
2004-03-12,9.877143859863281
2004-03-15,9.740930557250977
2004-03-16,9.67457103729248
2004-03-17,9.82475471496582
2004-03-18,9.779350280761719
2004-03-19,9.78982925415039
2004-03-22,9.636150360107422
2004-03-23,9.46501350402832
2004-03-24,9.423103332519531
2004-03-25,9.332294464111328
2004-03-26,9.248472213745117
2004-03-29,9.409130096435547
2004-03-30,9.877143859863281
2004-03-31,9.901593208312988
2004-04-01,10.04129695892334
2004-04-02,10.411515235900879
2004-04-05,10.579161643981934
2004-04-06,10.771257400512695
2004-04-07,10.844600677490234
2004-04-08,10.900483131408691
2004-04-09,10.900483131408691
2004-04-12,11.176400184631348
2004-04-13,11.253239631652832
2004-04-14,11.253239631652832
2004-04-15,11.323092460632324
2004-04-16,11.246252059936523
2004-04-19,11.588528633117676
2004-04-20,11.571067810058594
2004-04-21,11.8469820022583
2004-04-22,11.805070877075195
2004-04-23,11.735219955444336
2004-04-27,11.749191284179688
2004-04-28,11.735219955444336
2004-04-29,11.599008560180664
2004-04-30,11.543127059936523
2004-05-03,11.525664329528809
2004-05-04,11.714264869689941
2004-05-05,11.735219955444336
2004-05-06,11.72474193572998
2004-05-07,11.686325073242188
2004-05-10,11.885404586791992
2004-05-11,11.881911277770996
2004-05-12,11.923822402954102
2004-05-13,11.853968620300293
2004-05-14,11.211324691772461
2004-05-17,11.183384895324707
2004-05-18,11.085590362548828
2004-05-19,11.57456111907959
2004-05-20,11.595516204833984
2004-05-21,11.735219955444336
2004-05-24,11.710772514343262
2004-05-25,11.452319145202637
2004-05-26,11.735219955444336
2004-05-27,11.902868270874023
2004-05-28,11.560589790344238
2004-05-31,10.896989822387695
2004-06-01,10.687433242797852
2004-06-02,10.830632209777832
2004-06-03,10.872541427612305
2004-06-04,10.753793716430664
2004-06-07,10.732837677001953
2004-06-08,10.533756256103516
2004-06-09,10.652505874633789
2004-06-10,10.952872276306152
2004-06-11,10.746807098388672
2004-06-14,10.488356590270996
2004-06-15,10.5162935256958
2004-06-16,10.63853645324707
2004-06-17,10.565191268920898
2004-06-18,10.750300407409668
2004-06-21,10.781732559204102
2004-06-22,10.617578506469727
2004-06-23,10.708388328552246
2004-06-24,10.966841697692871
2004-06-25,11.075115203857422
2004-06-28,11.1729097366333
2004-06-29,11.323092460632324
2004-06-30,11.351032257080078
2004-07-01,11.668861389160156
2004-07-02,11.742207527160645
2004-07-05,11.633934020996094
2004-07-06,12.12639331817627
2004-07-07,12.461688041687012
2004-07-08,12.168307304382324
2004-07-09,12.41977596282959
2004-07-12,12.949527740478516
2004-07-13,12.886987686157227
2004-07-14,12.879631042480469
2004-07-15,12.875951766967773
2004-07-16,12.886987686157227
2004-07-19,12.802372932434082
2004-07-20,12.802372932434082
2004-07-21,12.795015335083008
2004-07-22,12.927456855773926
2004-07-23,12.802372932434082
2004-07-26,12.831806182861328
2004-07-27,12.831806182861328
2004-07-28,12.945850372314453
2004-07-29,12.949527740478516
2004-07-30,12.971599578857422
2004-08-02,12.802372932434082
2004-08-03,12.875951766967773
2004-08-04,12.875951766967773
2004-08-05,12.875951766967773
2004-08-06,12.81708812713623
2004-08-09,12.857558250427246
2004-08-10,12.875951766967773
2004-08-11,12.949527740478516
2004-08-12,12.934812545776367
2004-08-13,12.923778533935547
2004-08-16,13.052536010742188
2004-08-17,13.100362777709961
2004-08-18,13.265907287597656
2004-08-19,13.512389183044434
2004-08-20,13.508712768554688
2004-08-23,13.626436233520508
2004-08-24,13.69265365600586
2004-08-25,13.5381441116333
2004-08-26,13.608040809631348
2004-08-27,13.560215950012207
2004-08-30,14.126757621765137
2004-08-31,14.21505069732666
2004-09-01,14.483610153198242
2004-09-02,14.597650527954102
2004-09-03,14.546143531799316
2004-09-06,14.560863494873047
2004-09-07,14.744806289672852
2004-09-08,14.866202354431152
2004-09-09,14.855169296264648
2004-09-10,14.840449333190918
2004-09-13,14.788945198059082
2004-09-14,14.799983978271484
2004-09-15,14.719053268432617
2004-09-16,15.281915664672852
2004-09-17,14.91402816772461
2004-09-20,14.825736999511719
2004-09-21,14.86988353729248
2004-09-22,14.844130516052246
2004-09-23,15.094290733337402
2004-09-24,15.017037391662598
2004-09-27,15.175228118896484
2004-09-28,15.07221794128418
2004-09-29,15.219374656677246
2004-09-30,15.134757041931152
2004-10-01,15.517356872558594
2004-10-04,15.668195724487305
2004-10-05,16.017684936523438
2004-10-06,16.032400131225586
2004-10-07,16.061832427978516
2004-10-08,15.877886772155762
2004-10-11,15.749126434326172
2004-10-12,15.414348602294922
2004-10-14,15.454821586608887
2004-10-15,15.256163597106934
2004-10-18,15.454821586608887
2004-10-19,15.697622299194336
2004-10-20,15.74177074432373
2004-10-21,15.822704315185547
2004-10-22,15.822704315185547
2004-10-25,15.756482124328613
2004-10-26,16.275205612182617
2004-10-27,16.043437957763672
2004-10-28,15.966178894042969
2004-10-29,16.33774185180664
2004-11-01,16.38556480407715
2004-11-02,16.5584716796875
2004-11-03,16.668840408325195
2004-11-04,16.80495262145996
2004-11-05,16.926359176635742
2004-11-08,16.66147804260254
2004-11-09,17.055118560791016
2004-11-10,17.102941513061523
2004-11-11,17.846067428588867
2004-11-12,17.70627212524414
2004-11-15,17.70627212524414
2004-11-16,18.412612915039062
2004-11-17,18.56712532043457
2004-11-18,18.8945369720459
2004-11-19,18.762100219726562
2004-11-22,18.581836700439453
2004-11-23,18.703237533569336
2004-11-24,18.51193618774414
2004-11-25,18.324316024780273
2004-11-26,18.324316024780273
2004-11-29,18.39421844482422
2004-11-30,18.158771514892578
2004-12-01,17.923324584960938
2004-12-02,18.03000831604004
2004-12-03,18.44204330444336
2004-12-06,18.537689208984375
2004-12-07,18.20291519165039
2004-12-08,18.4898624420166
2004-12-09,18.681161880493164
2004-12-10,18.80256462097168
2004-12-13,19.273456573486328
2004-12-14,19.523618698120117
2004-12-15,18.640697479248047
2004-12-16,18.69956398010254
2004-12-17,18.570798873901367
2004-12-20,18.935007095336914
2004-12-21,18.695877075195312
2004-12-22,18.953399658203125
2004-12-23,18.946043014526367
2004-12-24,18.725309371948242
2004-12-27,18.84303855895996
2004-12-28,18.872461318969727
2004-12-29,19.53465461730957
2004-12-30,19.906219482421875
2004-12-31,19.80321502685547
2005-01-03,19.277141571044922
2005-01-04,19.376468658447266
2005-01-05,19.512582778930664
2005-01-06,19.28449058532715
2005-01-07,19.983474731445312
2005-01-10,20.060731887817383
2005-01-11,19.931974411010742
2005-01-12,20.07912826538086
2005-01-13,20.366079330444336
2005-01-14,19.979795455932617
2005-01-17,20.012910842895508
2005-01-18,20.22627830505371
2005-01-19,20.134305953979492
2005-01-20,19.92093849182129
2005-01-24,20.207881927490234
2005-01-25,20.23731803894043
2005-01-27,20.3697566986084
2005-01-28,20.292499542236328
2005-01-31,20.366079330444336
2005-02-01,20.575773239135742
2005-02-02,20.69348907470703
2005-02-03,20.612558364868164
2005-02-04,20.634628295898438
2005-02-07,20.32928466796875
2005-02-08,20.68246078491211
2005-02-09,20.70821189880371
2005-02-10,20.733957290649414
2005-02-11,21.127595901489258
2005-02-14,20.30353546142578
2005-02-15,20.590482711791992
2005-02-16,20.936298370361328
2005-02-17,20.24467658996582
2005-02-18,20.667739868164062
2005-02-21,20.377111434936523
2005-02-22,19.73331642150879
2005-02-23,19.862075805664062
2005-02-24,19.538333892822266
2005-02-25,19.288179397583008
2005-02-28,20.031301498413086
2005-03-01,20.2630672454834
2005-03-02,20.123273849487305
2005-03-03,20.70452880859375
2005-03-04,20.498512268066406
2005-03-07,19.931974411010742
2005-03-08,19.87311363220215
2005-03-09,19.57144546508789
2005-03-10,19.21827507019043
2005-03-11,18.81728172302246
2005-03-14,18.637020111083984
2005-03-15,18.695877075195312
2005-03-16,18.589191436767578
2005-03-17,18.40525245666504
2005-03-18,18.762100219726562
2005-03-21,19.12998390197754
2005-03-22,19.133663177490234
2005-03-23,18.993867874145508
2005-03-24,18.824636459350586
2005-03-28,18.0631160736084
2005-03-29,18.320640563964844
2005-03-30,17.960111618041992
2005-03-31,18.754745483398438
2005-04-01,18.401569366455078
2005-04-04,18.180843353271484
2005-04-05,18.191877365112305
2005-04-06,18.416292190551758
2005-04-07,18.637020111083984
2005-04-08,18.725309371948242
2005-04-11,19.14101791381836
2005-04-12,19.18516731262207
2005-04-13,19.523618698120117
2005-04-15,19.604557037353516
2005-04-18,20.009225845336914
2005-04-19,19.909896850585938
2005-04-20,19.92093849182129
2005-04-21,20.08648109436035
2005-04-22,20.325607299804688
2005-04-25,20.527944564819336
2005-04-26,20.943655014038086
2005-04-27,21.057701110839844
2005-04-28,20.82225227355957
2005-04-29,20.75602912902832
2005-05-02,20.60152244567871
2005-05-03,20.660383224487305
2005-05-04,20.98044776916504
2005-05-05,20.9877986907959
2005-05-06,21.26003646850586
2005-05-09,21.348323822021484
2005-05-10,22.14295768737793
2005-05-11,22.27539825439453
2005-05-12,22.49612808227539
2005-05-13,22.606491088867188
2005-05-16,22.654314041137695
2005-05-17,22.08409309387207
2005-05-18,22.025236129760742
2005-05-19,22.076740264892578
2005-05-20,22.10249137878418
2005-05-23,22.437267303466797
2005-05-24,22.98541259765625
2005-05-25,22.808828353881836
2005-05-26,22.886083602905273
2005-05-27,22.53659439086914
2005-05-30,22.440942764282227
2005-05-31,22.227571487426758
2005-06-01,22.08041000366211
2005-06-02,22.249645233154297
2005-06-03,22.363693237304688
2005-06-06,23.52988052368164
2005-06-07,23.879371643066406
2005-06-08,24.214147567749023
2005-06-09,24.074352264404297
2005-06-10,23.382728576660156
2005-06-13,22.878732681274414
2005-06-14,22.49612808227539
2005-06-15,23.331226348876953
2005-06-16,22.860336303710938
2005-06-17,22.635923385620117
2005-06-20,22.742605209350586
2005-06-21,22.680068969726562
2005-06-22,22.139280319213867
2005-06-23,22.021554946899414
2005-06-24,22.40415382385254
2005-06-27,22.426225662231445
2005-06-28,22.499805450439453
2005-06-29,22.485090255737305
2005-06-30,22.006837844848633
2005-07-01,22.308504104614258
2005-07-04,22.87504768371582
2005-07-05,23.003807067871094
2005-07-06,23.60346221923828
2005-07-07,24.133209228515625
2005-07-08,24.181034088134766
2005-07-11,24.507347106933594
2005-07-12,25.034751892089844
2005-07-13,25.144784927368164
2005-07-14,25.247236251831055
2005-07-15,25.497652053833008
2005-07-18,25.94917869567871
2005-07-19,25.930206298828125
2005-07-20,25.80499267578125
2005-07-21,25.85432243347168
2005-07-22,25.979534149169922
2005-07-25,25.937795639038086
2005-07-26,25.801204681396484
2005-07-27,25.801204681396484
2005-07-28,51.60240936279297
2005-07-29,25.748077392578125
2005-08-01,25.926408767700195
2005-08-02,26.18062973022461
2005-08-03,26.18062973022461
2005-08-04,25.888471603393555
2005-08-05,26.028854370117188
2005-08-08,25.801204681396484
2005-08-09,25.56215476989746
2005-08-10,25.42177391052246
2005-08-11,25.72531509399414
2005-08-12,25.80879020690918
2005-08-16,26.18062973022461
2005-08-17,26.119918823242188
2005-08-18,27.614877700805664
2005-08-19,28.923900604248047
2005-08-22,29.580312728881836
2005-08-23,30.06597900390625
2005-08-24,29.018760681152344
2005-08-25,29.40957260131836
2005-08-26,29.0301456451416
2005-08-29,29.443723678588867
2005-08-30,28.863197326660156
2005-08-31,29.01117515563965
2005-09-01,28.954261779785156
2005-09-02,28.88975715637207
2005-09-05,28.692447662353516
2005-09-06,28.20298957824707
2005-09-08,28.83663558959961
2005-09-09,29.216062545776367
2005-09-12,29.599288940429688
2005-09-13,29.59548568725586
2005-09-14,30.327787399291992
2005-09-15,30.377119064331055
2005-09-16,29.36783790588379
2005-09-19,30.377119064331055
2005-09-20,29.60308074951172
2005-09-21,30.111515045166016
2005-09-22,29.083261489868164
2005-09-23,28.19540023803711
2005-09-26,28.498943328857422
2005-09-27,29.724498748779297
2005-09-28,29.682762145996094
2005-09-29,30.00147819519043
2005-09-30,30.3619441986084
2005-10-03,30.38091278076172
2005-10-04,30.39988136291504
2005-10-05,30.585813522338867
2005-10-06,31.31430435180664
2005-10-07,31.063886642456055
2005-10-10,31.11701202392578
2005-10-11,30.783111572265625
2005-10-13,30.729991912841797
2005-10-14,30.779314041137695
2005-10-17,30.817251205444336
2005-10-18,31.29534149169922
2005-10-19,31.439533233642578
2005-10-20,30.020448684692383
2005-10-21,30.38091278076172
2005-10-24,30.3619441986084
2005-10-25,30.50233268737793
2005-10-26,30.445419311523438
2005-10-27,30.42644500732422
2005-10-28,30.149463653564453
2005-10-31,30.373323440551758
2005-11-02,30.741378784179688
2005-11-04,30.741378784179688
2005-11-07,30.809669494628906
2005-11-08,31.51920509338379
2005-11-09,31.473669052124023
2005-11-10,30.96523094177246
2005-11-11,31.181503295898438
2005-11-14,31.822744369506836
2005-11-16,32.672664642333984
2005-11-17,32.6954345703125
2005-11-18,33.082454681396484
2005-11-21,33.04450988769531
2005-11-22,32.63472366333008
2005-11-23,32.99897384643555
2005-11-24,33.4353141784668
2005-11-25,33.780601501464844
2005-11-28,38.10988998413086
2005-11-29,37.882225036621094
2005-11-30,38.227516174316406
2005-12-01,37.93534851074219
2005-12-02,38.386871337890625
2005-12-05,38.409645080566406
2005-12-06,38.610740661621094
2005-12-07,39.07743453979492
2005-12-08,39.373390197753906
2005-12-09,40.041175842285156
2005-12-12,40.49650192260742
2005-12-13,40.856964111328125
2005-12-14,41.259151458740234
2005-12-15,41.36539077758789
2005-12-16,40.576175689697266
2005-12-19,40.87593460083008
2005-12-20,39.79835510253906
2005-12-21,39.56690216064453
2005-12-22,38.68283462524414
2005-12-23,38.379276275634766
2005-12-26,37.49900817871094
2005-12-27,37.301700592041016
2005-12-28,38.462764739990234
2005-12-29,39.15711212158203
2005-12-30,38.56140899658203
2006-01-02,38.28822708129883
2006-01-03,39.08122634887695
2006-01-04,38.10230255126953
2006-01-05,39.4227180480957
2006-01-06,39.22541427612305
2006-01-09,38.6904182434082
2006-01-10,38.38307571411133
2006-01-12,38.16300964355469
2006-01-13,38.65248107910156
2006-01-16,38.29200744628906
2006-01-17,37.696311950683594
2006-01-18,37.94294738769531
2006-01-19,38.62591552734375
2006-01-20,39.27853775024414
2006-01-23,39.8438835144043
2006-01-24,40.26884460449219
2006-01-25,41.51716232299805
2006-01-27,41.74103546142578
2006-01-30,40.66724395751953
2006-01-31,41.04667663574219
2006-02-01,40.985965728759766
2006-02-02,41.24019241333008
2006-02-03,41.41471862792969
2006-02-06,42.6288948059082
2006-02-07,42.97418212890625
2006-02-08,43.581268310546875
2006-02-10,42.962799072265625
2006-02-13,43.34601974487305
2006-02-14,44.16937255859375
2006-02-15,44.16557693481445
2006-02-16,44.40842819213867
2006-02-17,44.9282341003418
2006-02-20,44.08970260620117
2006-02-21,44.6436653137207
2006-02-22,45.603633880615234
2006-02-23,45.53153610229492
2006-02-24,44.96997833251953
2006-02-27,44.01382064819336
2006-02-28,44.055545806884766
2006-03-01,44.99653625488281
2006-03-02,45.835079193115234
2006-03-03,46.43077850341797
2006-03-06,47.97126388549805
2006-03-07,48.551795959472656
2006-03-08,51.06740188598633
2006-03-09,50.50584411621094
2006-03-10,52.45232391357422
2006-03-13,52.87729263305664
2006-03-14,53.10874557495117
2006-03-16,51.80350112915039
2006-03-17,53.19221496582031
2006-03-20,53.09354782104492
2006-03-21,53.00628662109375
2006-03-22,51.90593338012695
2006-03-23,52.251224517822266
2006-03-24,53.90934371948242
2006-03-27,53.68546676635742
2006-03-28,53.442626953125
2006-03-29,53.59440612792969
2006-03-30,53.21498107910156
2006-03-31,53.503334045410156
2006-04-03,53.860008239746094
2006-04-04,53.503334045410156
2006-04-05,53.233951568603516
2006-04-07,54.16735076904297
2006-04-10,52.97592544555664
2006-04-12,53.55265808105469
2006-04-13,52.51302719116211
2006-04-17,53.120113372802734
2006-04-18,53.71582794189453
2006-04-19,52.315731048583984
2006-04-20,51.985618591308594
2006-04-21,52.13740158081055
2006-04-24,52.58892059326172
2006-04-25,53.14667892456055
2006-04-26,53.12392044067383
2006-04-27,53.34018325805664
2006-04-28,53.13528823852539
2006-05-02,53.120113372802734
2006-05-03,53.23774719238281
2006-05-04,54.18630599975586
2006-05-05,55.91652297973633
2006-05-08,57.589786529541016
2006-05-09,57.7074089050293
2006-05-10,59.35413360595703
2006-05-11,58.48904800415039
2006-05-12,59.13408279418945
2006-05-15,59.115116119384766
2006-05-16,57.225547790527344
2006-05-17,57.15725326538086
2006-05-18,53.222564697265625
2006-05-19,53.435054779052734
2006-05-22,49.10954666137695
2006-05-23,51.716224670410156
2006-05-24,51.314029693603516
2006-05-25,49.43206024169922
2006-05-26,50.58173751831055
2006-05-29,51.412689208984375
2006-05-30,51.06361389160156
2006-05-31,51.8338508605957
2006-06-01,51.22676086425781
2006-06-02,51.45442581176758
2006-06-05,48.33551025390625
2006-06-06,44.9206428527832
2006-06-07,37.60904312133789
2006-06-08,39.521366119384766
2006-06-09,42.12804412841797
2006-06-12,44.08970260620117
2006-06-13,42.883113861083984
2006-06-14,42.11666488647461
2006-06-15,43.285316467285156
2006-06-16,45.53153610229492
2006-06-19,45.550506591796875
2006-06-20,45.554290771484375
2006-06-21,45.25075912475586
2006-06-22,45.550506591796875
2006-06-23,46.373863220214844
2006-06-26,46.98854064941406
2006-06-27,46.112056732177734
2006-06-28,46.16897201538086
2006-06-29,46.26002502441406
2006-06-30,47.89916229248047
2006-07-03,47.614593505859375
2006-07-04,48.18754196166992
2006-07-05,49.17784881591797
2006-07-06,49.420684814453125
2006-07-07,49.492774963378906
2006-07-10,50.08469009399414
2006-07-11,50.10365295410156
2006-07-12,50.16436767578125
2006-07-13,50.479286193847656
2006-07-14,50.145381927490234
2006-07-17,49.46138000488281
2006-07-18,49.52708053588867
2006-07-19,47.91946029663086
2006-07-20,48.30976867675781
2006-07-21,47.146568298339844
2006-07-24,46.485748291015625
2006-07-25,46.408443450927734
2006-07-26,47.10018539428711
2006-07-27,47.53301239013672
2006-07-28,47.065406799316406
2006-07-31,46.40072250366211
2006-08-01,46.25773620605469
2006-08-02,47.467308044433594
2006-08-03,48.04698181152344
2006-08-04,46.984256744384766
2006-08-07,47.62961959838867
2006-08-08,47.32432174682617
2006-08-09,47.08472442626953
2006-08-10,47.567787170410156
2006-08-11,48.43342590332031
2006-08-14,48.54550552368164
2006-08-16,50.145381927490234
2006-08-17,49.49616622924805
2006-08-18,52.03512191772461
2006-08-21,51.791664123535156
2006-08-22,51.822574615478516
2006-08-23,49.13290023803711
2006-08-24,49.39568328857422
2006-08-25,49.97536087036133
2006-08-28,49.80917739868164
2006-08-29,50.59366989135742
2006-08-30,49.476837158203125
2006-08-31,50.81781005859375
2006-09-01,52.549095153808594
2006-09-04,52.29017639160156
2006-09-05,51.67186737060547
2006-09-06,52.1549186706543
2006-09-07,51.71437072753906
2006-09-08,52.23992919921875
2006-09-11,55.404930114746094
2006-09-12,55.70250701904297
2006-09-13,57.27534103393555
2006-09-14,57.84342956542969
2006-09-15,58.670413970947266
2006-09-18,58.821144104003906
2006-09-19,55.94981384277344
2006-09-20,53.60023880004883
2006-09-21,52.75004959106445
2006-09-22,52.49885559082031
2006-09-25,51.89986801147461
2006-09-26,52.556819915771484
2006-09-27,51.88053512573242
2006-09-28,52.96259689331055
2006-09-29,54.14124298095703
2006-10-03,53.291072845458984
2006-10-04,51.339515686035156
2006-10-05,53.25243377685547
2006-10-06,53.291072845458984
2006-10-09,52.96259689331055
2006-10-10,53.73548889160156
2006-10-11,53.020565032958984
2006-10-12,52.51816940307617
2006-10-13,53.909393310546875
2006-10-16,53.291072845458984
2006-10-17,52.94326400756836
2006-10-18,53.34904479980469
2006-10-19,53.58090591430664
2006-10-20,54.12192916870117
2006-10-23,55.14602279663086
2006-10-26,56.749778747558594
2006-10-27,57.48402786254883
2006-10-30,58.35354232788086
2006-10-31,58.10232925415039
2006-11-01,59.39693832397461
2006-11-02,59.86067581176758
2006-11-03,67.84082794189453
2006-11-06,65.13568115234375
2006-11-07,65.83128356933594
2006-11-08,64.72991943359375
2006-11-09,66.10179138183594
2006-11-10,66.48824310302734
2006-11-13,68.22725677490234
2006-11-14,68.80692291259766
2006-11-15,67.29976654052734
2006-11-16,67.41571807861328
2006-11-17,64.90380859375
2006-11-20,62.1600341796875
2006-11-21,63.010223388671875
2006-11-22,63.55125045776367
2006-11-23,63.145477294921875
2006-11-24,63.203453063964844
2006-11-27,65.52213287353516
2006-11-28,68.05338287353516
2006-11-29,67.84082794189453
2006-11-30,67.45436096191406
2006-12-01,69.07744598388672
2006-12-04,70.5266342163086
2006-12-05,70.85511016845703
2006-12-06,68.42047882080078
2006-12-07,68.80692291259766
2006-12-08,68.47845458984375
2006-12-11,70.5266342163086
2006-12-12,67.84082794189453
2006-12-13,67.55099487304688
2006-12-14,68.9808349609375
2006-12-15,69.3865966796875
2006-12-18,68.65235137939453
2006-12-19,68.6330337524414
2006-12-20,67.68623352050781
2006-12-21,68.96150970458984
2006-12-22,67.87944793701172
2006-12-26,67.80216979980469
2006-12-27,73.09648132324219
2006-12-28,72.67140197753906
2006-12-29,72.05308532714844
2007-01-02,73.52157592773438
2007-01-03,75.08670043945312
2007-01-04,76.30400085449219
2007-01-05,76.63249969482422
2007-01-08,77.23149871826172
2007-01-09,80.16848754882812
2007-01-10,84.82516479492188
2007-01-11,87.66553497314453
2007-01-12,84.22616577148438
2007-01-15,87.06655883789062
2007-01-16,88.052001953125
2007-01-17,91.00831604003906
2007-01-18,85.42416381835938
2007-01-19,85.09567260742188
2007-01-22,86.33230590820312
2007-01-23,86.56417846679688
2007-01-24,86.68010711669922
2007-01-25,86.58349609375
2007-01-29,86.1004409790039
2007-01-31,84.26482391357422
2007-02-01,85.26958465576172
2007-02-02,89.03743743896484
2007-02-05,92.2642822265625
2007-02-06,90.52526092529297
2007-02-07,88.03266906738281
2007-02-08,89.34660339355469
2007-02-09,89.07609558105469
2007-02-12,88.38048553466797
2007-02-13,84.09091186523438
2007-02-14,84.01361846923828
2007-02-15,87.04723358154297
2007-02-19,86.1970443725586
2007-02-20,85.34688568115234
2007-02-21,87.39503479003906
2007-02-22,85.52076721191406
2007-02-23,86.9892807006836
2007-02-26,83.897705078125
2007-02-27,82.91226196289062
2007-02-28,81.9654769897461
2007-03-01,79.04777526855469
2007-03-02,78.429443359375
2007-03-05,76.70975494384766
2007-03-06,78.41014862060547
2007-03-07,77.30875396728516
2007-03-08,77.84978485107422
2007-03-09,80.98002624511719
2007-03-12,79.5501708984375
2007-03-13,81.69495391845703
2007-03-14,81.1539306640625
2007-03-15,80.99933624267578
2007-03-16,79.06710815429688
2007-03-19,82.08139038085938
2007-03-20,82.81562805175781
2007-03-21,81.58454895019531
2007-03-22,82.03399658203125
2007-03-23,80.76380157470703
2007-03-26,81.66268920898438
2007-03-28,80.84197235107422
2007-03-29,79.98216247558594
2007-03-30,82.03399658203125
2007-04-02,78.51656341552734
2007-04-03,78.61428833007812
2007-04-04,81.4868392944336
2007-04-05,80.09939575195312
2007-04-09,81.40867614746094
2007-04-10,83.32369995117188
2007-04-11,85.39506530761719
2007-04-12,83.6168441772461
2007-04-13,83.85132598876953
2007-04-16,85.68819427490234
2007-04-17,83.94902801513672
2007-04-18,85.00423431396484
2007-04-19,86.15719604492188
2007-04-20,86.05946350097656
2007-04-23,86.02040100097656
2007-04-24,85.9813232421875
2007-04-25,85.9617691040039
2007-04-26,86.15719604492188
2007-04-27,87.4078140258789
2007-04-30,91.17926788330078
2007-05-03,88.30672454833984
2007-05-04,88.5998306274414
2007-05-07,90.06541442871094
2007-05-08,90.14358520507812
2007-05-09,90.0849609375
2007-05-10,88.85387420654297
2007-05-11,89.26424407958984
2007-05-14,88.52166748046875
2007-05-15,87.05608367919922
2007-05-16,85.62958526611328
2007-05-17,84.6329574584961
2007-05-18,83.90994262695312
2007-05-21,83.90994262695312
2007-05-22,83.2064437866211
2007-05-23,84.69158172607422
2007-05-24,86.02040100097656
2007-05-25,86.46985626220703
2007-05-28,86.41121673583984
2007-05-29,88.01360321044922
2007-05-30,89.16654205322266
2007-05-31,89.45966339111328
2007-06-01,90.553955078125
2007-06-04,89.90910339355469
2007-06-05,90.14358520507812
2007-06-06,90.71028900146484
2007-06-07,91.43331146240234
2007-06-08,90.0458755493164
2007-06-11,88.61939239501953
2007-06-12,85.82498168945312
2007-06-13,82.9133529663086
2007-06-14,83.77316284179688
2007-06-15,85.19966125488281
2007-06-18,84.10536193847656
2007-06-19,84.24214172363281
2007-06-20,85.18009948730469
2007-06-21,91.78506469726562
2007-06-22,93.9541244506836
2007-06-25,93.11385345458984
2007-06-26,91.58963775634766
2007-06-27,91.72642517089844
2007-06-28,91.68734741210938
2007-06-29,91.39424133300781
2007-07-02,91.84367370605469
2007-07-03,94.05182647705078
2007-07-04,94.0909194946289
2007-07-05,92.27359008789062
2007-07-06,93.8759765625
2007-07-09,97.88191223144531
2007-07-10,95.92778778076172
2007-07-11,99.09346008300781
2007-07-12,97.86235809326172
2007-07-13,96.88529205322266
2007-07-16,97.7255859375
2007-07-17,96.8266830444336
2007-07-18,95.55651092529297
2007-07-19,94.11045837402344
2007-07-20,96.9439468383789
2007-07-23,100.13687896728516
2007-07-24,99.05950164794922
2007-07-25,110.12704467773438
2007-07-26,111.10649871826172
2007-07-27,108.12901306152344
2007-07-30,109.26516723632812
2007-07-31,114.08396911621094
2007-08-01,108.95173645019531
2007-08-02,114.47572326660156
2007-08-03,116.55211639404297
2007-08-06,117.178955078125
2007-08-07,117.53154754638672
2007-08-08,118.00166320800781
2007-08-09,117.47278594970703
2007-08-10,115.63143920898438
2007-08-13,118.72644805908203
2007-08-14,121.76266479492188
2007-08-16,121.508056640625
2007-08-17,120.4698257446289
2007-08-20,120.93997955322266
2007-08-21,118.00166320800781
2007-08-22,119.66667175292969
2007-08-23,121.54720306396484
2007-08-24,122.70293426513672
2007-08-27,122.64415740966797
2007-08-28,121.82144165039062
2007-08-29,123.87821960449219
2007-08-30,123.40811920166016
2007-08-31,125.8175048828125
2007-09-03,127.97224426269531
2007-09-04,128.57949829101562
2007-09-05,128.91250610351562
2007-09-06,128.4031982421875
2007-09-07,126.38558197021484
2007-09-10,123.15347290039062
2007-09-11,127.34540557861328
2007-09-12,127.99186706542969
2007-09-13,126.73817443847656
2007-09-14,125.05355834960938
2007-09-17,124.68136596679688
2007-09-18,123.95660400390625
2007-09-19,127.34540557861328
2007-09-20,127.71763610839844
2007-09-21,127.32582092285156
2007-09-24,127.34540557861328
2007-09-25,125.24945068359375
2007-09-26,126.34638977050781
2007-09-27,124.85768127441406
2007-09-28,123.93700408935547
2007-10-01,121.508056640625
2007-10-03,121.56678009033203
2007-10-04,128.50115966796875
2007-10-05,122.56583404541016
2007-10-08,118.7656021118164
2007-10-09,121.70390319824219
2007-10-10,120.35230255126953
2007-10-11,119.35326385498047
2007-10-12,118.45220184326172
2007-10-15,120.7832260131836
2007-10-16,122.56583404541016
2007-10-17,120.48944854736328
2007-10-18,118.62850952148438
2007-10-19,118.3150863647461
2007-10-22,116.767578125
2007-10-23,117.88414764404297
2007-10-24,141.46881103515625
2007-10-25,151.26307678222656
2007-10-26,148.20724487304688
2007-10-29,151.1259765625
2007-10-30,148.71658325195312
2007-10-31,151.77235412597656
2007-11-01,149.539306640625
2007-11-02,150.55789184570312
2007-11-05,152.4384002685547
2007-11-06,163.38841247558594
2007-11-07,164.7400360107422
2007-11-08,166.20919799804688
2007-11-12,161.99765014648438
2007-11-13,166.1700439453125
2007-11-14,169.77430725097656
2007-11-15,164.26991271972656
2007-11-16,165.79783630371094
2007-11-19,168.46188354492188
2007-11-20,170.4403076171875
2007-11-21,169.6763458251953
2007-11-22,168.8340606689453
2007-11-23,168.46188354492188
2007-11-26,170.10731506347656
2007-11-27,171.20425415039062
2007-11-28,170.45989990234375
2007-11-29,172.3404083251953
2007-11-30,174.31886291503906
2007-12-03,176.39523315429688
2007-12-04,178.49122619628906
2007-12-05,186.3070831298828
2007-12-06,182.7028045654297
2007-12-07,183.5450897216797
2007-12-10,186.46376037597656
2007-12-11,186.6988525390625
2007-12-12,190.71450805664062
2007-12-13,190.00929260253906
2007-12-14,191.75270080566406
2007-12-17,191.733154296875
2007-12-18,190.00929260253906
2007-12-19,179.07891845703125
2007-12-20,188.8927764892578
2007-12-24,187.2669219970703
2007-12-26,189.2649688720703
2007-12-27,189.578369140625
2007-12-28,190.7928466796875
2007-12-31,197.3942413330078
2008-01-01,199.41184997558594
2008-01-02,201.42947387695312
2008-01-03,201.50782775878906
2008-01-04,209.55877685546875
2008-01-07,204.1719207763672
2008-01-08,201.93881225585938
2008-01-09,201.09645080566406
2008-01-10,197.8055877685547
2008-01-11,190.7537078857422
2008-01-14,191.498046875
2008-01-15,192.4775390625
2008-01-16,192.00733947753906
2008-01-17,183.40794372558594
2008-01-18,189.22573852539062
2008-01-21,179.411865234375
2008-01-22,173.5353240966797
2008-01-23,180.29339599609375
2008-01-24,172.65379333496094
2008-01-25,182.35018920898438
2008-01-28,180.64601135253906
2008-01-29,184.89671325683594
2008-01-30,192.2228546142578
2008-01-31,193.20223999023438
2008-02-01,194.1816864013672
2008-02-04,189.59796142578125
2008-02-05,193.20223999023438
2008-02-06,189.61752319335938
2008-02-07,184.23065185546875
2008-02-08,185.89572143554688
2008-02-11,177.60972595214844
2008-02-12,168.0897216796875
2008-02-13,172.32080078125
2008-02-14,189.4020538330078
2008-02-15,187.1494140625
2008-02-18,174.6714630126953
2008-02-19,180.19544982910156
2008-02-20,183.99562072753906
2008-02-21,187.40403747558594
2008-02-22,189.5391845703125
2008-02-25,187.65869140625
2008-02-26,187.32566833496094
2008-02-27,183.99562072753906
2008-02-28,186.4246063232422
2008-02-29,186.95350646972656
2008-03-03,178.0211181640625
2008-03-04,178.94175720214844
2008-03-05,178.8634033203125
2008-03-07,179.00051879882812
2008-03-10,178.2561798095703
2008-03-11,175.6117401123047
2008-03-12,177.98194885253906
2008-03-13,162.62449645996094
2008-03-14,169.7351531982422
2008-03-17,152.9085235595703
2008-03-18,151.08677673339844
2008-03-19,148.91249084472656
2008-03-24,146.99276733398438
2008-03-25,150.8125762939453
2008-03-26,153.77044677734375
2008-03-27,151.26307678222656
2008-03-28,159.50987243652344
2008-03-31,167.58038330078125
2008-04-01,159.07891845703125
2008-04-02,156.94378662109375
2008-04-03,158.1582794189453
2008-04-04,159.6665802001953
2008-04-07,164.62254333496094
2008-04-08,165.32769775390625
2008-04-09,169.1670684814453
2008-04-10,162.03680419921875
2008-04-11,169.26499938964844
2008-04-15,169.2846221923828
2008-04-16,169.8134765625
2008-04-17,169.1670684814453
2008-04-21,176.0034942626953
2008-04-22,180.70474243164062
2008-04-23,178.1778106689453
2008-04-24,172.90846252441406
2008-04-25,170.98878479003906
2008-04-28,172.04660034179688
2008-04-29,173.2023162841797
2008-04-30,172.79090881347656
2008-05-02,176.0426483154297
2008-05-05,172.79090881347656
2008-05-06,176.08184814453125
2008-05-07,176.29727172851562
2008-05-08,174.5539093017578
2008-05-09,176.3756866455078
2008-05-12,174.240478515625
2008-05-13,172.0073699951172
2008-05-14,170.4011688232422
2008-05-15,175.219970703125
2008-05-16,178.98094177246094
2008-05-20,180.0779266357422
2008-05-21,176.27774047851562
2008-05-22,176.571533203125
2008-05-23,173.73118591308594
2008-05-26,172.37960815429688
2008-05-27,168.38356018066406
2008-05-28,167.97216796875
2008-05-29,164.54417419433594
2008-05-30,164.13278198242188
2008-06-02,160.7047882080078
2008-06-03,164.34828186035156
2008-06-04,161.390380859375
2008-06-05,159.7449493408203
2008-06-06,157.8448486328125
2008-06-09,155.57257080078125
2008-06-10,154.59315490722656
2008-06-11,153.00648498535156
2008-06-12,154.044677734375
2008-06-13,161.78216552734375
2008-06-16,161.99765014648438
2008-06-17,162.27188110351562
2008-06-18,162.1739501953125
2008-06-19,157.0025634765625
2008-06-20,158.68716430664062
2008-06-23,158.68716430664062
2008-06-24,158.58921813964844
2008-06-25,157.10049438476562
2008-06-26,157.0808868408203
2008-06-27,153.3198699951172
2008-06-30,146.81649780273438
2008-07-01,134.96542358398438
2008-07-02,136.27783203125
2008-07-03,134.45606994628906
2008-07-04,139.49034118652344
2008-07-07,144.6029815673828
2008-07-08,143.64309692382812
2008-07-09,145.11228942871094
2008-07-10,146.91439819335938
2008-07-11,146.42471313476562
2008-07-14,145.68612670898438
2008-07-15,139.5177001953125
2008-07-16,137.70111083984375
2008-07-17,139.7372589111328
2008-07-18,140.27626037597656
2008-07-21,144.02919006347656
2008-07-22,141.8932342529297
2008-07-23,144.76779174804688
2008-07-24,143.39044189453125
2008-07-25,144.14898681640625
2008-07-28,147.88197326660156
2008-07-29,148.26126098632812
2008-07-30,147.7422332763672
2008-07-31,150.1776580810547
2008-08-01,148.7203826904297
2008-08-04,151.954345703125
2008-08-05,153.1121368408203
2008-08-06,159.14080810546875
2008-08-07,159.71971130371094
2008-08-08,161.57623291015625
2008-08-11,161.7957763671875
2008-08-12,161.03721618652344
2008-08-13,162.31483459472656
2008-08-14,167.34536743164062
2008-08-18,166.4470672607422
2008-08-19,165.269287109375
2008-08-20,165.3092041015625
2008-08-21,164.77023315429688
2008-08-22,164.71031188964844
2008-08-25,165.00975036621094
2008-08-26,165.42897033691406
2008-08-27,165.08963012695312
2008-08-28,165.74839782714844
2008-08-29,169.86065673828125
2008-09-01,166.24742126464844
2008-09-02,164.41091918945312
2008-09-04,164.8900146484375
2008-09-05,164.33103942871094
2008-09-08,161.69601440429688
2008-09-09,162.0552978515625
2008-09-10,158.86135864257812
2008-09-11,155.34793090820312
2008-09-12,151.9343719482422
2008-09-15,145.52638244628906
2008-09-16,142.41226196289062
2008-09-17,141.1746063232422
2008-09-18,132.9500274658203
2008-09-19,135.32557678222656
2008-09-22,133.80845642089844
2008-09-23,129.75604248046875
2008-09-24,130.57449340820312
2008-09-25,125.94319152832031
2008-09-26,123.74736785888672
2008-09-29,115.2633056640625
2008-09-30,115.7623519897461
2008-10-01,115.6026611328125
2008-10-03,110.91146850585938
2008-10-06,103.26585388183594
2008-10-07,107.13858032226562
2008-10-08,101.44927215576172
2008-10-10,94.06316375732422
2008-10-13,93.82359313964844
2008-10-14,91.00890350341797
2008-10-15,88.61341094970703
2008-10-16,81.60658264160156
2008-10-17,80.7481918334961
2008-10-20,85.0800552368164
2008-10-21,85.33955383300781
2008-10-22,84.60093688964844
2008-10-23,85.75875854492188
2008-10-24,81.16740417480469
2008-10-27,70.44755554199219
2008-10-29,68.77072143554688
2008-10-31,73.82120513916016
2008-11-03,75.9771728515625
2008-11-04,77.77378845214844
2008-11-05,77.33460998535156
2008-11-06,77.4144515991211
2008-11-07,77.05512237548828
2008-11-10,79.86983489990234
2008-11-11,77.75379943847656
2008-11-12,76.85550689697266
2008-11-14,76.13685607910156
2008-11-17,76.5361099243164
2008-11-18,74.79935455322266
2008-11-19,71.84492492675781
2008-11-20,64.4787826538086
2008-11-21,63.52058410644531
2008-11-24,60.845611572265625
2008-11-25,62.00342559814453
2008-11-26,60.86555862426758
2008-11-27,60.86555862426758
2008-11-28,59.10887908935547
2008-12-01,57.95105743408203
2008-12-02,55.75517272949219
2008-12-03,53.998477935791016
2008-12-04,51.74272537231445
2008-12-05,50.32538986206055
2008-12-08,52.22181701660156
2008-12-10,52.28170394897461
2008-12-11,52.880577087402344
2008-12-12,53.49941635131836
2008-12-15,56.913002014160156
2008-12-16,62.123191833496094
2008-12-17,62.92171096801758
2008-12-18,61.34466552734375
2008-12-19,61.48440933227539
2008-12-22,62.702117919921875
2008-12-23,60.96538543701172
2008-12-24,60.70587921142578
2008-12-26,58.9292106628418
2008-12-29,58.84934997558594
2008-12-30,58.01094055175781
2008-12-31,60.64597702026367
2009-01-02,63.919822692871094
2009-01-05,65.01776885986328
2009-01-06,63.44071960449219
2009-01-07,61.90361785888672
2009-01-09,63.85994338989258
2009-01-12,62.642215728759766
2009-01-13,63.18120193481445
2009-01-14,62.562374114990234
2009-01-15,61.64409637451172
2009-01-16,61.90361785888672
2009-01-19,62.16313171386719
2009-01-20,60.566139221191406
2009-01-21,59.667816162109375
2009-01-22,56.294166564941406
2009-01-23,56.39397430419922
2009-01-27,57.63165283203125
2009-01-28,57.11262893676758
2009-01-29,58.52996063232422
2009-01-30,59.528076171875
2009-02-02,55.83502960205078
2009-02-03,55.5555534362793
2009-02-04,55.37590026855469
2009-02-05,53.81882095336914
2009-02-06,53.79884719848633
2009-02-09,53.83878707885742
2009-02-10,52.441410064697266
2009-02-11,52.920509338378906
2009-02-12,53.479461669921875
2009-02-13,55.87495040893555
2009-02-16,55.096412658691406
2009-02-17,53.778892517089844
2009-02-18,55.03652572631836
2009-02-19,56.49379348754883
2009-02-20,56.09454345703125
2009-02-24,54.51750564575195
2009-02-25,55.8949089050293
2009-02-26,55.815059661865234
2009-02-27,56.07456970214844
2009-03-02,56.134464263916016
2009-03-03,55.8549919128418
2009-03-04,55.49567413330078
2009-03-05,55.096412658691406
2009-03-06,53.97850799560547
2009-03-09,54.89680480957031
2009-03-12,53.71900177001953
2009-03-13,53.89866638183594
2009-03-16,54.97663879394531
2009-03-17,54.996604919433594
2009-03-18,55.5555534362793
2009-03-19,56.533714294433594
2009-03-20,56.613563537597656
2009-03-23,57.63165283203125
2009-03-24,59.04896926879883
2009-03-25,58.05085372924805
2009-03-26,57.29228210449219
2009-03-27,58.76950454711914
2009-03-30,61.105125427246094
2009-03-31,62.04335403442383
2009-04-01,62.562374114990234
2009-04-02,64.83809661865234
2009-04-06,65.4769058227539
2009-04-08,68.13189697265625
2009-04-09,68.65093231201172
2009-04-13,70.90669250488281
2009-04-15,68.27164459228516
2009-04-16,61.783851623535156
2009-04-17,63.8399658203125
2009-04-20,65.8561782836914
2009-04-21,65.97596740722656
2009-04-22,66.87428283691406
2009-04-23,66.55485534667969
2009-04-24,66.13565826416016
2009-04-27,67.95225524902344
2009-04-28,69.05018615722656
2009-04-29,69.11006927490234
2009-04-30,68.67089080810547
2009-05-04,69.6490478515625
2009-05-05,69.609130859375
2009-05-06,68.69084930419922
2009-05-07,72.00463104248047
2009-05-08,75.71764373779297
2009-05-11,71.84492492675781
2009-05-12,72.38389587402344
2009-05-13,74.38016510009766
2009-05-14,75.53797149658203
2009-05-15,82.88416290283203
2009-05-18,99.47297668457031
2009-05-19,96.49858093261719
2009-05-20,106.47982025146484
2009-05-21,105.8809585571289
2009-05-22,109.37437438964844
2009-05-25,106.3800048828125
2009-05-26,107.79733276367188
2009-05-27,109.77362060546875
2009-05-28,111.37061309814453
2009-05-29,114.40491485595703
2009-06-01,114.56462860107422
2009-06-02,119.51529693603516
2009-06-03,121.75106811523438
2009-06-04,120.71304321289062
2009-06-05,119.85468292236328
2009-06-08,119.81474304199219
2009-06-09,122.52964782714844
2009-06-10,122.40985107421875
2009-06-11,123.08856964111328
2009-06-12,121.63130950927734
2009-06-15,116.68063354492188
2009-06-16,122.50968170166016
2009-06-17,119.99440002441406
2009-06-18,119.95445251464844
2009-06-19,121.47163391113281
2009-06-22,120.41360473632812
2009-06-23,119.51529693603516
2009-06-24,122.32999420166016
2009-06-25,123.38802337646484
2009-06-26,124.28634643554688
2009-06-29,136.72296142578125
2009-06-30,136.0442352294922
2009-07-01,136.7828369140625
2009-07-02,135.92445373535156
2009-07-03,135.72483825683594
2009-07-06,129.8358917236328
2009-07-07,135.84461975097656
2009-07-08,134.3274688720703
2009-07-09,133.04986572265625
2009-07-10,133.64871215820312
2009-07-13,124.77958679199219
2009-07-14,130.18263244628906
2009-07-15,132.9758758544922
2009-07-16,135.83035278320312
2009-07-17,134.7700958251953
2009-07-20,137.0128936767578
2009-07-21,137.19638061523438
2009-07-22,132.7108612060547
2009-07-23,142.57901000976562
2009-07-24,147.3704071044922
2009-07-27,151.10154724121094
2009-07-28,146.71795654296875
2009-07-29,145.49462890625
2009-07-30,151.81515502929688
2009-07-31,159.99107360839844
2009-08-03,154.18031311035156
2009-08-04,152.10060119628906
2009-08-05,154.0579071044922
2009-08-06,150.22483825683594
2009-08-07,146.7587432861328
2009-08-10,143.109130859375
2009-08-11,141.1314239501953
2009-08-12,143.82278442382812
2009-08-13,141.0090789794922
2009-08-14,140.27511596679688
2009-08-17,137.17596435546875
2009-08-18,134.24000549316406
2009-08-19,133.97494506835938
2009-08-20,137.3390655517578
2009-08-21,134.93319702148438
2009-08-24,138.66436767578125
2009-08-25,139.98963928222656
2009-08-26,140.62171936035156
2009-08-27,139.2556610107422
2009-08-28,141.1314239501953
2009-08-31,136.97210693359375
2009-09-01,137.7876739501953
2009-09-02,137.13522338867188
2009-09-03,136.62550354003906
2009-09-04,136.74783325195312
2009-09-07,138.2158203125
2009-09-08,141.9469757080078
2009-09-09,139.35757446289062
2009-09-10,140.37701416015625
2009-09-11,141.90618896484375
2009-09-14,142.47708129882812
2009-09-15,144.45481872558594
2009-09-16,145.16839599609375
2009-09-17,145.82086181640625
2009-09-18,146.73837280273438
2009-09-22,145.7596893310547
2009-09-23,145.8412628173828
2009-09-24,145.4742431640625
2009-09-25,145.57618713378906
2009-09-29,147.3704071044922
2009-09-30,146.8810577392578
2009-10-01,147.90049743652344
2009-10-05,145.18881225585938
2009-10-06,147.43157958984375
2009-10-07,146.94224548339844
2009-10-08,147.880126953125
2009-10-09,151.10154724121094
2009-10-12,160.25613403320312
2009-10-13,159.88912963867188
2009-10-14,165.618408203125
2009-10-15,160.84744262695312
2009-10-16,156.4434356689453
2009-10-20,157.40167236328125
2009-10-21,155.34242248535156
2009-10-22,153.07925415039062
2009-10-23,149.24618530273438
2009-10-26,147.26844787597656
2009-10-27,139.43917846679688
2009-10-28,135.27981567382812
2009-10-29,135.3409881591797
2009-10-30,135.64683532714844
2009-11-03,135.1370849609375
2009-11-04,136.58473205566406
2009-11-05,136.15652465820312
2009-11-06,137.70608520507812
2009-11-09,140.90713500976562
2009-11-10,143.06834411621094
2009-11-11,140.49935913085938
2009-11-12,140.01004028320312
2009-11-13,139.98963928222656
2009-11-16,140.90713500976562
2009-11-17,140.94793701171875
2009-11-18,141.51882934570312
2009-11-19,139.01097106933594
2009-11-20,138.929443359375
2009-11-23,140.01004028320312
2009-11-24,141.5800018310547
2009-11-25,140.2954559326172
2009-11-26,138.86827087402344
2009-11-27,139.2556610107422
2009-11-30,139.15371704101562
2009-12-01,140.45863342285156
2009-12-02,142.35472106933594
2009-12-03,143.72076416015625
2009-12-04,144.37322998046875
2009-12-07,143.3334197998047
2009-12-08,150.67340087890625
2009-12-09,150.89767456054688
2009-12-10,147.6966094970703
2009-12-11,150.1636505126953
2009-12-14,150.89767456054688
2009-12-15,148.32867431640625
2009-12-16,146.0655059814453
2009-12-17,145.78009033203125
2009-12-18,146.84031677246094
2009-12-21,146.81991577148438
2009-12-22,148.14515686035156
2009-12-23,149.14422607421875
2009-12-24,147.12571716308594
2009-12-29,149.9597625732422
2009-12-30,152.44725036621094
2009-12-31,158.0949249267578
2010-01-04,161.01052856445312
2010-01-05,160.7250518798828
2010-01-06,159.257080078125
2010-01-07,160.928955078125
2010-01-08,159.88912963867188
2010-01-11,162.2542724609375
2010-01-12,159.17555236816406
2010-01-13,159.6444854736328
2010-01-14,161.0920867919922
2010-01-15,158.6862030029297
2010-01-18,163.68142700195312
2010-01-19,163.1105499267578
2010-01-20,161.84645080566406
2010-01-21,159.21629333496094
2010-01-22,158.78811645507812
2010-01-25,157.5648193359375
2010-01-27,156.91238403320312
2010-01-28,153.1812286376953
2010-01-29,154.8327178955078
2010-02-01,152.10060119628906
2010-02-02,151.28506469726562
2010-02-03,151.8355712890625
2010-02-04,149.2053985595703
2010-02-05,145.16839599609375
2010-02-08,148.85877990722656
2010-02-09,148.83839416503906
2010-02-10,148.85877990722656
2010-02-11,148.59373474121094
2010-02-15,145.55581665039062
2010-02-16,144.4955596923828
2010-02-17,147.00340270996094
2010-02-18,145.55581665039062
2010-02-19,144.9441375732422
2010-02-22,144.84219360351562
2010-02-23,144.74026489257812
2010-02-24,144.47515869140625
2010-02-25,144.41403198242188
2010-02-26,144.92376708984375
2010-03-02,144.53634643554688
2010-03-03,144.3120880126953
2010-03-04,143.4353485107422
2010-03-05,144.3528594970703
2010-03-08,144.69943237304688
2010-03-09,145.71893310546875
2010-03-10,149.9801788330078
2010-03-11,153.20159912109375
2010-03-12,153.99676513671875
2010-03-15,155.0569610595703
2010-03-16,155.3832244873047
2010-03-17,154.0579071044922
2010-03-18,153.87442016601562
2010-03-19,155.01620483398438
2010-03-22,152.814208984375
2010-03-23,153.07925415039062
2010-03-25,152.18215942382812
2010-03-26,151.75399780273438
2010-03-29,157.2589874267578
2010-03-30,153.12005615234375
2010-03-31,148.6140899658203
2010-04-01,150.3267822265625
2010-04-05,151.4073944091797
2010-04-06,153.0589141845703
2010-04-07,155.158935546875
2010-04-08,167.0863800048828
2010-04-09,167.4534149169922
2010-04-12,168.06503295898438
2010-04-13,165.9242401123047
2010-04-15,165.10865783691406
2010-04-16,165.16981506347656
2010-04-19,164.57858276367188
2010-04-20,164.33392333984375
2010-04-21,164.53778076171875
2010-04-22,167.33106994628906
2010-04-23,166.63784790039062
2010-04-26,168.5543975830078
2010-04-27,165.35333251953125
2010-04-28,163.41639709472656
2010-04-29,163.15135192871094
2010-04-30,166.82135009765625
2010-05-03,168.81944274902344
2010-05-04,166.29119873046875
2010-05-05,162.8455352783203
2010-05-06,162.74354553222656
2010-05-07,158.07452392578125
2010-05-10,161.90760803222656
2010-05-11,160.7250518798828
2010-05-12,166.02618408203125
2010-05-13,161.49986267089844
2010-05-14,160.50079345703125
2010-05-17,157.01429748535156
2010-05-18,161.29595947265625
2010-05-19,155.6890411376953
2010-05-20,156.52499389648438
2010-05-21,155.3832244873047
2010-05-24,156.79005432128906
2010-05-25,155.4239959716797
2010-05-26,159.76681518554688
2010-05-27,161.0920867919922
2010-05-28,165.2106170654297
2010-05-31,165.16981506347656
2010-06-01,161.94842529296875
2010-06-02,163.15135192871094
2010-06-03,164.68052673339844
2010-06-04,164.53778076171875
2010-06-07,164.53778076171875
2010-06-08,162.6824188232422
2010-06-09,162.0503387451172
2010-06-10,166.9640655517578
2010-06-11,164.82321166992188
2010-06-14,164.61936950683594
2010-06-15,164.70089721679688
2010-06-16,164.53778076171875
2010-06-17,164.19117736816406
2010-06-18,164.17080688476562
2010-06-21,168.5747528076172
2010-06-22,171.28648376464844
2010-06-23,173.2030487060547
2010-06-24,171.55154418945312
2010-06-25,168.5543975830078
2010-06-28,172.69332885742188
2010-06-29,169.635009765625
2010-06-30,167.5553436279297
2010-07-01,176.83224487304688
2010-07-02,176.28175354003906
2010-07-05,173.50885009765625
2010-07-06,176.1390380859375
2010-07-07,178.44296264648438
2010-07-08,180.74688720703125
2010-07-09,184.25376892089844
2010-07-12,182.9253692626953
2010-07-13,181.5554656982422
2010-07-14,184.87646484375
2010-07-15,186.8275604248047
2010-07-16,186.41244506835938
2010-07-19,182.90464782714844
2010-07-20,184.64813232421875
2010-07-21,184.1499786376953
2010-07-22,182.05361938476562
2010-07-23,183.50656127929688
2010-07-26,179.68739318847656
2010-07-27,186.4746856689453
2010-07-28,184.814208984375
2010-07-29,185.5406494140625
2010-07-30,183.48577880859375
2010-08-02,180.9742889404297
2010-08-03,178.87789916992188
2010-08-04,179.68739318847656
2010-08-05,177.4041748046875
2010-08-06,180.91201782226562
2010-08-09,185.0840301513672
2010-08-10,184.87646484375
2010-08-11,188.3427734375
2010-08-12,186.72377014160156
2010-08-13,185.85206604003906
2010-08-16,184.73118591308594
2010-08-17,185.997314453125
2010-08-18,186.49545288085938
2010-08-19,187.346435546875
2010-08-20,188.15597534179688
2010-08-23,191.45620727539062
2010-08-24,189.44285583496094
2010-08-25,184.5236053466797
2010-08-26,182.46875
2010-08-27,178.40049743652344
2010-08-30,178.33824157714844
2010-08-31,176.76072692871094
2010-09-01,182.0743408203125
2010-09-02,184.85569763183594
2010-09-03,183.15370178222656
2010-09-06,184.5651397705078
2010-09-07,187.4502716064453
2010-09-08,191.22789001464844
2010-09-09,192.0996856689453
2010-09-13,191.4146728515625
2010-09-14,190.48069763183594
2010-09-15,189.0277557373047
2010-09-16,192.30722045898438
2010-09-17,192.78460693359375
2010-09-20,208.55943298339844
2010-09-21,207.2310333251953
2010-09-22,204.677978515625
2010-09-23,195.56594848632812
2010-09-24,203.1420135498047
2010-09-27,207.3970947265625
2010-09-28,204.88552856445312
2010-09-29,203.82699584960938
2010-09-30,201.4400177001953
2010-10-01,204.2006072998047
2010-10-04,206.1516876220703
2010-10-05,203.64016723632812
2010-10-06,203.66091918945312
2010-10-07,203.8477020263672
2010-10-08,198.2227783203125
2010-10-11,198.0774688720703
2010-10-12,197.1642303466797
2010-10-13,197.12269592285156
2010-10-14,194.94325256347656
2010-10-15,189.8579864501953
2010-10-18,188.59182739257812
2010-10-19,190.91653442382812
2010-10-20,189.67117309570312
2010-10-21,190.91653442382812
2010-10-22,188.13522338867188
2010-10-25,193.03369140625
2010-10-26,192.99215698242188
2010-10-27,192.14117431640625
2010-10-28,186.3916778564453
2010-10-29,189.69195556640625
2010-11-01,188.9239501953125
2010-11-02,191.6637725830078
2010-11-03,189.44285583496094
2010-11-04,185.4576416015625
2010-11-08,182.9460906982422
2010-11-09,182.34417724609375
2010-11-10,182.69708251953125
2010-11-11,182.24041748046875
2010-11-12,181.1195526123047
2010-11-15,179.47982788085938
2010-11-16,179.29299926757812
2010-11-18,178.2136688232422
2010-11-19,175.8059539794922
2010-11-22,176.4909210205078
2010-11-23,173.31520080566406
2010-11-24,175.32859802246094
2010-11-25,173.8548583984375
2010-11-26,167.60720825195312
2010-11-29,170.53384399414062
2010-11-30,180.18556213378906
2010-12-01,179.74966430664062
2010-12-02,181.1403350830078
2010-12-03,177.92311096191406
2010-12-06,178.75335693359375
2010-12-07,178.83639526367188
2010-12-08,174.560546875
2010-12-09,168.7695770263672
2010-12-10,176.65701293945312
2010-12-13,175.8267059326172
2010-12-14,178.50430297851562
2010-12-15,177.67404174804688
2010-12-16,177.79856872558594
2010-12-20,177.44569396972656
2010-12-21,178.6080322265625
2010-12-22,179.62513732910156
2010-12-23,180.47613525390625
2010-12-24,179.43832397460938
2010-12-27,181.09884643554688
2010-12-28,180.5176544189453
2010-12-29,180.57989501953125
2010-12-30,178.7326202392578
2010-12-31,181.51393127441406
2011-01-03,179.27227783203125
2011-01-04,179.18919372558594
2011-01-05,180.33082580566406
2011-01-06,175.20404052734375
2011-01-07,170.61688232421875
2011-01-10,167.48268127441406
2011-01-11,168.89410400390625
2011-01-12,169.89039611816406
2011-01-13,168.8525848388672
2011-01-14,167.66949462890625
2011-01-17,165.82215881347656
2011-01-18,167.7110137939453
2011-01-19,165.13722229003906
2011-01-20,163.82957458496094
2011-01-21,164.32774353027344
2011-01-24,166.05047607421875
2011-01-25,180.01950073242188
2011-01-27,164.8258514404297
2011-01-28,143.6336669921875
2011-01-31,138.7144317626953
2011-02-01,137.67662048339844
2011-02-02,140.35421752929688
2011-02-03,141.97317504882812
2011-02-04,147.6396484375
2011-02-07,146.9753875732422
2011-02-08,145.39797973632812
2011-02-09,138.0917205810547
2011-02-10,138.7766876220703
2011-02-11,139.56544494628906
2011-02-14,145.89608764648438
2011-02-15,146.16595458984375
2011-02-16,144.69224548339844
2011-02-17,142.26376342773438
2011-02-18,142.45054626464844
2011-02-21,139.544677734375
2011-02-22,137.63507080078125
2011-02-23,136.65956115722656
2011-02-24,136.3274383544922
2011-02-25,136.8878631591797
2011-02-28,133.56687927246094
2011-03-01,136.65956115722656
2011-03-03,134.99903869628906
2011-03-04,140.74855041503906
2011-03-07,135.85003662109375
2011-03-08,136.53500366210938
2011-03-09,138.25779724121094
2011-03-10,138.40309143066406
2011-03-11,136.2029266357422
2011-03-14,136.45199584960938
2011-03-15,133.4008026123047
2011-03-16,134.54238891601562
2011-03-17,136.3067169189453
2011-03-18,135.3726806640625
2011-03-21,134.81224060058594
2011-03-22,134.89527893066406
2011-03-23,135.3934326171875
2011-03-24,140.02206420898438
2011-03-25,145.1488800048828
2011-03-28,146.51881408691406
2011-03-29,150.96066284179688
2011-03-30,150.77381896972656
2011-03-31,154.1986541748047
2011-04-01,154.53074645996094
2011-04-04,157.64418029785156
2011-04-05,157.1875457763672
2011-04-06,156.3365478515625
2011-04-07,156.2949981689453
2011-04-08,154.42694091796875
2011-04-11,151.8531951904297
2011-04-13,152.7041778564453
2011-04-15,152.16452026367188
2011-04-18,148.71896362304688
2011-04-19,149.54922485351562
2011-04-20,150.23416137695312
2011-04-21,150.6907958984375
2011-04-25,152.18528747558594
2011-04-26,153.38914489746094
2011-04-27,154.69677734375
2011-04-28,153.09852600097656
2011-04-29,153.09852600097656
2011-05-02,151.14749145507812
2011-05-03,147.3905487060547
2011-05-04,144.21485900878906
2011-05-05,142.0769500732422
2011-05-06,141.43353271484375
2011-05-09,142.6581573486328
2011-05-10,141.47500610351562
2011-05-11,141.7033233642578
2011-05-12,140.14662170410156
2011-05-13,141.37124633789062
2011-05-16,138.61065673828125
2011-05-17,139.35789489746094
2011-05-18,138.9219970703125
2011-05-19,136.45199584960938
2011-05-20,137.46905517578125
2011-05-23,137.38604736328125
2011-05-24,134.1688232421875
2011-05-25,134.04425048828125
2011-05-26,131.90635681152344
2011-05-27,131.90635681152344
2011-05-30,131.0968780517578
2011-05-31,131.36668395996094
2011-06-01,130.4949493408203
2011-06-02,130.82704162597656
2011-06-03,132.0723876953125
2011-06-06,131.2421417236328
2011-06-07,132.3422088623047
2011-06-08,131.53273010253906
2011-06-09,130.99307250976562
2011-06-10,130.204345703125
2011-06-13,130.64022827148438
2011-06-14,131.7403106689453
2011-06-15,133.25550842285156
2011-06-16,132.03091430664062
2011-06-17,132.11392211914062
2011-06-20,127.33997344970703
2011-06-21,127.98339080810547
2011-06-22,125.26431274414062
2011-06-23,122.33770751953125
2011-06-24,123.45852661132812
2011-06-27,121.83951568603516
2011-06-28,122.39995574951172
2011-06-29,122.98117065429688
2011-06-30,123.50006103515625
2011-07-01,126.84181213378906
2011-07-04,128.79290771484375
2011-07-05,129.4363250732422
2011-07-06,127.19468688964844
2011-07-07,129.47789001464844
2011-07-08,128.3985595703125
2011-07-11,129.9345245361328
2011-07-12,127.21546173095703
2011-07-13,129.87225341796875
2011-07-14,132.69601440429688
2011-07-15,131.6344451904297
2011-07-18,130.806396484375
2011-07-19,129.97840881347656
2011-07-20,128.59835815429688
2011-07-21,124.56441497802734
2011-07-22,126.09305572509766
2011-07-25,125.18010711669922
2011-07-26,122.653564453125
2011-07-27,123.46038055419922
2011-07-28,123.14190673828125
2011-07-29,121.99539184570312
2011-08-01,118.78946685791016
2011-08-02,112.95085144042969
2011-08-03,111.57080078125
2011-08-04,111.23113250732422
2011-08-05,109.1716537475586
2011-08-08,110.91263580322266
2011-08-09,106.51774597167969
2011-08-10,108.83195495605469
2011-08-11,108.78948974609375
2011-08-12,110.53045654296875
2011-08-16,111.97421264648438
2011-08-17,113.41793823242188
2011-08-18,114.09733581542969
2011-08-19,111.86802673339844
2011-08-22,110.82771301269531
2011-08-23,106.83622741699219
2011-08-24,106.41157531738281
2011-08-25,105.774658203125
2011-08-26,104.07614135742188
2011-08-29,106.39035034179688
2011-08-30,105.20140838623047
2011-09-02,107.32453155517578
2011-09-05,106.49649810791016
2011-09-06,106.89990997314453
2011-09-07,109.38397216796875
2011-09-08,109.3202896118164
2011-09-09,107.81285858154297
2011-09-12,102.82347106933594
2011-09-13,102.22900390625
2011-09-14,102.03792572021484
2011-09-15,103.01457977294922
2011-09-16,101.9317626953125
2011-09-19,102.95085906982422
2011-09-20,101.84683990478516
2011-09-21,101.69821166992188
2011-09-22,101.12495422363281
2011-09-23,98.32243347167969
2011-09-26,95.37126922607422
2011-09-27,96.56023406982422
2011-09-28,94.98909759521484
2011-09-29,93.63030242919922
2011-09-30,96.13560485839844
2011-10-03,93.5241470336914
2011-10-04,94.45832061767578
2011-10-05,95.73220825195312
2011-10-07,94.18231201171875
2011-10-10,92.80227661132812
2011-10-11,92.48381805419922
2011-10-12,93.24813842773438
2011-10-13,97.87657928466797
2011-10-14,96.58146667480469
2011-10-17,93.94879150390625
2011-10-18,92.82352447509766
2011-10-19,93.7364501953125
2011-10-20,92.92967987060547
2011-10-21,91.65579223632812
2011-10-24,83.86388397216797
2011-10-25,83.97003173828125
2011-10-28,90.50928497314453
2011-10-31,88.11015319824219
2011-11-01,86.4116439819336
2011-11-02,85.6260757446289
2011-11-03,86.32670593261719
2011-11-04,85.83837890625
2011-11-08,84.81929016113281
2011-11-09,83.8426513671875
2011-11-11,83.05709075927734
2011-11-14,80.084716796875
2011-11-15,77.98277282714844
2011-11-16,76.77261352539062
2011-11-17,75.96581268310547
2011-11-18,74.94670867919922
2011-11-21,72.27154541015625
2011-11-22,71.52843475341797
2011-11-23,70.16963958740234
2011-11-24,70.80658721923828
2011-11-25,73.16326904296875
2011-11-28,73.50297546386719
2011-11-29,74.92547607421875
2011-11-30,75.6473388671875
2011-12-01,75.7322769165039
2011-12-02,74.8193130493164
2011-12-05,74.8193130493164
2011-12-07,73.43927764892578
2011-12-08,72.29279327392578
2011-12-09,72.75987243652344
2011-12-12,72.75987243652344
2011-12-13,72.12295532226562
2011-12-14,72.6749496459961
2011-12-15,72.75987243652344
2011-12-16,68.5772933959961
2011-12-19,69.74501037597656
2011-12-20,68.23759460449219
2011-12-21,67.3883285522461
2011-12-22,67.81295013427734
2011-12-23,66.64523315429688
2011-12-26,64.90426635742188
2011-12-27,65.90213012695312
2011-12-28,65.39260864257812
2011-12-29,66.07198333740234
2011-12-30,72.54756927490234
2012-01-02,70.53057861328125
2012-01-03,70.59426879882812
2012-01-04,70.87027740478516
2012-01-05,69.70256805419922
2012-01-06,69.59640502929688
2012-01-09,68.93822479248047
2012-01-10,69.99980163574219
2012-01-11,71.88939666748047
2012-01-12,74.11866760253906
2012-01-13,73.71528625488281
2012-01-16,72.48385620117188
2012-01-17,73.46051025390625
2012-01-18,72.03799438476562
2012-01-19,73.31188201904297
2012-01-20,72.33525085449219
2012-01-23,73.67282104492188
2012-01-24,74.39469146728516
2012-01-25,73.9063720703125
2012-01-27,75.79596710205078
2012-01-30,72.9721908569336
2012-01-31,72.05924987792969
2012-02-01,72.2291030883789
2012-02-02,72.18663024902344
2012-02-03,71.97431945800781
2012-02-06,77.74925994873047
2012-02-07,76.15689086914062
2012-02-08,77.60063934326172
2012-02-09,82.6749267578125
2012-02-10,82.4413833618164
2012-02-13,81.25242614746094
2012-02-14,82.78108215332031
2012-02-15,84.4158935546875
2012-02-16,85.880859375
2012-02-17,85.18022918701172
2012-02-21,83.94880676269531
2012-02-22,81.31612396240234
2012-02-23,80.7004165649414
2012-02-24,79.85115051269531
2012-02-27,77.66433715820312
2012-02-28,80.04222106933594
2012-02-29,80.04222106933594
2012-03-01,78.57726287841797
2012-03-02,77.28215026855469
2012-03-05,77.87662506103516
2012-03-06,76.68768310546875
2012-03-07,75.98705291748047
2012-03-09,77.00615692138672
2012-03-12,77.72802734375
2012-03-13,78.0040283203125
2012-03-14,78.59850311279297
2012-03-15,79.25666809082031
2012-03-16,80.80657958984375
2012-03-19,80.78533172607422
2012-03-20,81.71951293945312
2012-03-21,81.44348907470703
2012-03-22,82.6961441040039
2012-03-23,84.9679183959961
2012-03-26,84.07620239257812
2012-03-27,82.6961441040039
2012-03-28,82.01673889160156
2012-03-29,82.33521270751953
2012-03-30,79.1929702758789
2012-04-02,80.42440795898438
2012-04-03,83.1844711303711
2012-04-04,82.6961441040039
2012-04-09,83.26940155029297
2012-04-10,82.9296875
2012-04-11,81.84690856933594
2012-04-12,83.99126434326172
2012-04-13,82.33521270751953
2012-04-16,82.29275512695312
2012-04-17,80.63671875
2012-04-18,81.23118591308594
2012-04-19,79.76622009277344
2012-04-20,79.29914093017578
2012-04-23,78.55604553222656
2012-04-24,78.61973571777344
2012-04-25,78.55604553222656
2012-04-26,78.68341827392578
2012-04-27,78.59850311279297
2012-04-30,78.61973571777344
2012-05-02,78.57726287841797
2012-05-03,78.87450408935547
2012-05-04,78.55604553222656
2012-05-07,78.87450408935547
2012-05-08,79.25666809082031
2012-05-09,78.76834869384766
2012-05-10,78.72589111328125
2012-05-11,78.42864990234375
2012-05-14,78.57726287841797
2012-05-15,78.55604553222656
2012-05-16,78.55604553222656
2012-05-17,75.60488891601562
2012-05-18,73.22695922851562
2012-05-21,70.76412963867188
2012-05-22,70.84905242919922
2012-05-23,69.23548126220703
2012-05-24,69.15054321289062
2012-05-25,68.15267181396484
2012-05-28,68.00404357910156
2012-05-29,68.61976623535156
2012-05-30,68.87452697753906
2012-05-31,69.82994842529297
2012-06-01,69.59640502929688
2012-06-04,67.87667083740234
2012-06-05,67.9828109741211
2012-06-06,68.78961181640625
2012-06-07,69.36286926269531
2012-06-08,68.98070526123047
2012-06-11,69.19300842285156
2012-06-12,68.93822479248047
2012-06-13,69.66010284423828
2012-06-14,67.96160125732422
2012-06-15,68.44991302490234
2012-06-18,68.59852600097656
2012-06-19,67.91912078857422
2012-06-20,70.25457000732422
2012-06-21,69.76625061035156
2012-06-22,70.36072540283203
2012-06-25,70.44564819335938
2012-06-26,69.04438781738281
2012-06-27,69.40532684326172
2012-06-28,69.10808563232422
2012-06-29,69.40532684326172
2012-07-02,69.61763763427734
2012-07-03,69.57518005371094
2012-07-04,77.9615707397461
2012-07-05,77.11229705810547
2012-07-06,78.5347900390625
2012-07-09,78.21633911132812
2012-07-10,78.83203887939453
2012-07-11,79.42650604248047
2012-07-12,77.72802734375
2012-07-13,81.27364349365234
2012-07-16,81.14559936523438
2012-07-17,81.38036346435547
2012-07-18,81.16693115234375
2012-07-19,81.10289764404297
2012-07-20,81.124267578125
2012-07-23,79.82231903076172
2012-07-24,78.98995971679688
2012-07-25,79.41682434082031
2012-07-26,78.9686279296875
2012-07-27,78.9686279296875
2012-07-30,79.01131439208984
2012-07-31,81.38036346435547
2012-08-01,83.1518325805664
2012-08-02,81.99931335449219
2012-08-03,81.29499816894531
2012-08-06,82.21273040771484
2012-08-07,82.3194580078125
2012-08-08,82.61824798583984
2012-08-09,81.18827056884766
2012-08-10,80.01441955566406
2012-08-13,80.8041000366211
2012-08-14,82.17002868652344
2012-08-16,82.17002868652344
2012-08-17,81.87123107910156
2012-08-21,79.13936614990234
2012-08-22,78.45640563964844
2012-08-23,78.41371154785156
2012-08-24,78.56310272216797
2012-08-27,77.94416809082031
2012-08-28,76.04464721679688
2012-08-29,74.7854232788086
2012-08-30,75.23362731933594
2012-08-31,75.61778259277344
2012-09-03,75.25495910644531
2012-09-04,73.3554458618164
2012-09-05,72.54441833496094
2012-09-06,73.05664825439453
2012-09-07,74.1664810180664
2012-09-10,72.92859649658203
2012-09-11,72.45905303955078
2012-09-12,72.52307891845703
2012-09-13,70.90101623535156
2012-09-14,70.7943115234375
2012-09-17,71.8614501953125
2012-09-18,72.86454772949219
2012-09-20,73.05664825439453
2012-09-21,75.93792724609375
2012-09-24,77.19715881347656
2012-09-25,76.96238708496094
2012-09-26,76.8343276977539
2012-09-27,76.94105529785156
2012-09-28,76.7916488647461
2012-10-01,81.16693115234375
2012-10-03,81.20962524414062
2012-10-04,85.47819519042969
2012-10-05,92.94820404052734
2012-10-08,92.17985534667969
2012-10-09,90.7498779296875
2012-10-10,88.2314224243164
2012-10-11,91.1767578125
2012-10-12,90.51512145996094
2012-10-15,90.04557037353516
2012-10-16,88.78633880615234
2012-10-17,89.17051696777344
2012-10-18,88.31678771972656
2012-10-19,91.09136199951172
2012-10-22,86.07579040527344
2012-10-23,85.07268524169922
2012-10-25,86.9721908569336
2012-10-29,84.34703826904297
2012-10-30,84.19761657714844
2012-10-31,84.837890625
2012-11-01,85.56356048583984
2012-11-02,85.79834747314453
2012-11-05,84.069580078125
2012-11-06,82.76764678955078
2012-11-07,81.8072280883789
2012-11-08,80.76142883300781
2012-11-09,81.84990692138672
2012-11-12,81.124267578125
2012-11-15,81.93527221679688
2012-11-16,81.16693115234375
2012-11-19,79.05399322509766
2012-11-20,79.99308013916016
2012-11-21,79.82231903076172
2012-11-22,80.63336181640625
2012-11-23,79.35279083251953
2012-11-26,79.01131439208984
2012-11-27,80.71873474121094
2012-11-29,81.124267578125
2012-11-30,83.17317962646484
2012-12-03,84.68851470947266
2012-12-04,84.6244888305664
2012-12-05,83.60002899169922
2012-12-06,84.41104888916016
2012-12-07,84.11225891113281
2012-12-10,85.90504455566406
2012-12-11,84.51777648925781
2012-12-12,82.81033325195312
2012-12-13,82.0633316040039
2012-12-14,82.10603332519531
2012-12-17,82.08467864990234
2012-12-18,81.7645263671875
2012-12-19,82.0633316040039
2012-12-20,80.8254623413086
2012-12-21,78.84056091308594
2012-12-24,78.9259262084961
2012-12-26,77.94416809082031
2012-12-27,77.66670227050781
2012-12-28,76.87702941894531
2012-12-31,76.64225006103516
2013-01-01,76.7916488647461
2013-01-02,77.04776000976562
2013-01-03,76.74895477294922
2013-01-04,75.72449493408203
2013-01-07,75.51107788085938
2013-01-08,75.57511138916016
2013-01-09,75.14825439453125
2013-01-10,74.5506362915039
2013-01-11,73.8463363647461
2013-01-14,74.25184631347656
2013-01-15,74.20915222167969
2013-01-16,73.54753112792969
2013-01-17,74.44392395019531
2013-01-18,76.17269897460938
2013-01-21,72.03218078613281
2013-01-22,73.1633529663086
2013-01-23,72.24561309814453
2013-01-24,72.2669677734375
2013-01-25,71.84010314941406
2013-01-28,69.42835998535156
2013-01-29,70.73026275634766
2013-01-30,70.516845703125
2013-01-31,71.24249267578125
2013-02-01,70.73026275634766
2013-02-04,73.41947937011719
2013-02-05,73.7609634399414
2013-02-06,74.31587219238281
2013-02-07,74.273193359375
2013-02-08,74.3799057006836
2013-02-11,73.41947937011719
2013-02-12,73.3341064453125
2013-02-13,73.52619171142578
2013-02-14,73.01396942138672
2013-02-15,72.2669677734375
2013-02-18,72.84323120117188
2013-02-19,73.41947937011719
2013-02-20,73.6329116821289
2013-02-21,73.44082641601562
2013-02-22,73.44082641601562
2013-02-25,73.46216583251953
2013-02-26,73.44082641601562
2013-02-27,73.46216583251953
2013-02-28,73.3554458618164
2013-03-01,71.989501953125
2013-03-04,71.19982147216797
2013-03-05,71.26384735107422
2013-03-06,71.07174682617188
2013-03-07,70.81564331054688
2013-03-08,76.17269897460938
2013-03-11,77.15446472167969
2013-03-12,74.46527862548828
2013-03-13,72.56576538085938
2013-03-14,72.35233306884766
2013-03-15,72.50173950195312
2013-03-18,71.41323852539062
2013-03-19,70.58087921142578
2013-03-20,70.06864166259766
2013-03-21,68.85209655761719
2013-03-22,68.2544937133789
2013-03-25,65.84275817871094
2013-03-26,66.5897445678711
2013-03-28,67.55017852783203
2013-04-01,68.66000366210938
2013-04-02,70.21805572509766
2013-04-03,70.43147277832031
2013-04-04,69.53507232666016
2013-04-05,68.68135070800781
2013-04-08,68.87345123291016
2013-04-09,68.29718017578125
2013-04-10,68.23316192626953
2013-04-11,68.3398666381836
2013-04-12,67.89166259765625
2013-04-15,68.16911315917969
2013-04-16,68.59598541259766
2013-04-17,68.19047546386719
2013-04-18,68.80941772460938
2013-04-22,70.111328125
2013-04-23,69.55642700195312
2013-04-25,69.08686065673828
2013-04-26,68.98015594482422
2013-04-29,68.42526245117188
2013-04-30,69.23625946044922
2013-05-02,70.00460815429688
2013-05-03,69.32164001464844
2013-05-06,70.73026275634766
2013-05-07,72.0962142944336
2013-05-08,70.98638916015625
2013-05-09,71.8827896118164
2013-05-10,73.39813995361328
2013-05-13,73.27005767822266
2013-05-14,71.00773620605469
2013-05-15,71.05042266845703
2013-05-16,70.38878631591797
2013-05-17,73.27005767822266
2013-05-20,72.99261474609375
2013-05-21,71.58397674560547
2013-05-22,71.75473022460938
2013-05-23,71.22115325927734
2013-05-24,71.45591735839844
2013-05-27,71.24249267578125
2013-05-28,70.96503448486328
2013-05-29,71.327880859375
2013-05-30,70.6448974609375
2013-05-31,71.26384735107422
2013-06-03,71.13578033447266
2013-06-04,71.30653381347656
2013-06-05,71.2851791381836
2013-06-06,70.96503448486328
2013-06-07,70.87967681884766
2013-06-10,69.15090942382812
2013-06-11,69.62044525146484
2013-06-12,68.68135070800781
2013-06-13,68.31853485107422
2013-06-14,68.1051025390625
2013-06-17,69.02283477783203
2013-06-18,68.72405242919922
2013-06-19,69.55642700195312
2013-06-20,68.74539184570312
2013-06-21,68.29718017578125
2013-06-24,67.4648208618164
2013-06-25,66.63245391845703
2013-06-26,66.61109924316406
2013-06-27,66.760498046875
2013-06-28,69.44970703125
2013-07-01,69.85521697998047
2013-07-02,68.74539184570312
2013-07-03,67.97705078125
2013-07-04,67.93435668945312
2013-07-05,69.28305053710938
2013-07-08,68.28239440917969
2013-07-09,68.6522216796875
2013-07-10,68.60869598388672
2013-07-11,68.1083755493164
2013-07-12,67.9126205444336
2013-07-15,68.82623291015625
2013-07-16,68.0866470336914
2013-07-17,67.56456756591797
2013-07-18,67.19474792480469
2013-07-19,67.60806274414062
2013-07-22,69.0002670288086
2013-07-23,69.1090316772461
2013-07-24,67.78208923339844
2013-07-25,67.02073669433594
2013-07-26,67.5863037109375
2013-07-29,68.0213851928711
2013-07-30,67.4775390625
2013-07-31,66.67266845703125
2013-08-01,65.32401275634766
2013-08-02,65.5415267944336
2013-08-05,61.64775848388672
2013-08-06,59.29845428466797
2013-08-07,61.71302795410156
2013-08-08,60.864654541015625
2013-08-12,60.75590133666992
2013-08-13,62.496124267578125
2013-08-14,62.8876838684082
2013-08-16,62.21334457397461
2013-08-19,60.47311019897461
2013-08-20,59.62474060058594
2013-08-21,58.99391174316406
2013-08-22,59.015655517578125
2013-08-23,58.55885696411133
2013-08-26,59.18968963623047
2013-08-27,59.211448669433594
2013-08-28,58.03678512573242
2013-08-29,57.47121810913086
2013-08-30,58.77638244628906
2013-09-02,59.18968963623047
2013-09-03,58.3413200378418
2013-09-04,58.080284118652344
2013-09-05,57.710487365722656
2013-09-06,59.05916213989258
2013-09-10,65.28050994873047
2013-09-11,65.47628784179688
2013-09-12,65.47628784179688
2013-09-13,65.47628784179688
2013-09-16,64.9977035522461
2013-09-17,65.43276977539062
2013-09-18,64.38861846923828
2013-09-19,64.8454360961914
2013-09-20,64.71492767333984
2013-09-23,63.56201934814453
2013-09-24,63.77955627441406
2013-09-25,62.974700927734375
2013-09-26,61.47373962402344
2013-09-27,62.40911102294922
2013-09-30,63.34450149536133
2013-10-01,62.4526252746582
2013-10-03,62.38736343383789
2013-10-04,63.30097961425781
2013-10-07,62.822425842285156
2013-10-08,62.01756286621094
2013-10-09,62.38736343383789
2013-10-10,62.278602600097656
2013-10-11,62.08282470703125
2013-10-14,62.95293426513672
2013-10-15,61.995811462402344
2013-10-17,61.80002975463867
2013-10-18,62.93117904663086
2013-10-21,63.692535400390625
2013-10-22,64.08409118652344
2013-10-23,63.605533599853516
2013-10-24,65.36751556396484
2013-10-25,64.93245697021484
2013-10-28,65.08472442626953
2013-10-29,65.30225372314453
2013-10-30,65.51978302001953
2013-10-31,65.75904083251953
2013-11-01,67.4775390625
2013-11-05,68.06487274169922
2013-11-06,68.1083755493164
2013-11-07,66.41165924072266
2013-11-08,65.56329345703125
2013-11-11,64.88894653320312
2013-11-12,63.43150329589844
2013-11-13,63.083457946777344
2013-11-14,63.736045837402344
2013-11-18,63.97533416748047
2013-11-19,62.86592483520508
2013-11-20,62.47438049316406
2013-11-21,61.560752868652344
2013-11-22,60.6253776550293
2013-11-25,62.32209777832031
2013-11-26,63.10520935058594
2013-11-27,65.93309020996094
2013-11-28,70.10963439941406
2013-11-29,70.8709945678711
2013-12-02,71.06678009033203
2013-12-03,69.89210510253906
2013-12-04,70.71871948242188
2013-12-05,70.45767974853516
2013-12-06,71.6976089477539
2013-12-09,71.98038482666016
2013-12-10,72.1761703491211
2013-12-11,71.9151382446289
2013-12-12,71.19730377197266
2013-12-13,68.34767150878906
2013-12-16,68.1083755493164
2013-12-17,68.0431137084961
2013-12-18,67.56456756591797
2013-12-19,67.19474792480469
2013-12-20,67.26001739501953
2013-12-23,67.08599090576172
2013-12-24,68.86974334716797
2013-12-26,69.32655334472656
2013-12-27,68.78272247314453
2013-12-30,69.60932922363281
2013-12-31,68.84797668457031
2014-01-01,71.52359008789062
2014-01-02,69.43531799316406
2014-01-03,68.54346466064453
2014-01-06,69.63109588623047
2014-01-07,73.8729019165039
2014-01-08,73.02454376220703
2014-01-09,72.02391052246094
2014-01-10,69.9573745727539
2014-01-13,69.0002670288086
2014-01-14,68.80448150634766
2014-01-15,68.63045501708984
2014-01-16,67.54280090332031
2014-01-17,65.23699188232422
2014-01-20,65.08472442626953
2014-01-21,66.71619415283203
2014-01-22,70.80574035644531
2014-01-23,69.28305053710938
2014-01-24,66.19412994384766
2014-01-27,63.99707794189453
2014-01-28,63.43150329589844
2014-01-29,61.756526947021484
2014-01-30,60.864654541015625
2014-01-31,60.690643310546875
2014-02-03,59.64650344848633
2014-02-04,60.08156204223633
2014-02-05,60.79939270019531
2014-02-06,60.973419189453125
2014-02-07,60.60362243652344
2014-02-10,59.885780334472656
2014-02-11,59.84228515625
2014-02-12,61.03868103027344
2014-02-13,60.995182037353516
2014-02-14,61.256202697753906
2014-02-17,61.1474494934082
2014-02-18,60.995182037353516
2014-02-19,61.80002975463867
2014-02-20,61.756526947021484
2014-02-21,62.36561584472656
2014-02-24,62.496124267578125
2014-02-25,63.97533416748047
2014-02-26,64.51915740966797
2014-02-28,65.32401275634766
2014-03-03,64.8454360961914
2014-03-04,66.1506118774414
2014-03-05,67.39054107666016
2014-03-06,69.1090316772461
2014-03-07,70.95802307128906
2014-03-10,73.63362121582031
2014-03-11,71.78461456298828
2014-03-12,73.3290786743164
2014-03-13,73.02454376220703
2014-03-14,72.9375228881836
2014-03-18,74.1991958618164
2014-03-19,75.15633392333984
2014-03-20,79.24586486816406
2014-03-21,81.22539520263672
2014-03-24,81.7039566040039
2014-03-25,83.16139221191406
2014-03-26,86.05452728271484
2014-03-27,88.29508209228516
2014-03-28,88.40385437011719
2014-03-31,87.55548858642578
2014-04-01,87.22918701171875
2014-04-02,91.60152435302734
2014-04-03,91.7320556640625
2014-04-04,89.77428436279297
2014-04-07,91.12296295166016
2014-04-09,92.34112548828125
2014-04-10,92.27586364746094
2014-04-11,91.29698181152344
2014-04-15,89.23046112060547
2014-04-16,89.49149322509766
2014-04-17,91.40576171875
2014-04-21,92.86319732666016
2014-04-22,93.60279846191406
2014-04-23,94.92972564697266
2014-04-24,94.92972564697266
2014-04-25,95.62582397460938
2014-04-28,95.06023406982422
2014-04-29,93.08073425292969
2014-04-30,91.12296295166016
2014-05-02,91.38400268554688
2014-05-05,92.6021728515625
2014-05-06,89.64376831054688
2014-05-07,91.31873321533203
2014-05-08,92.38463592529297
2014-05-09,93.38526916503906
2014-05-12,94.6904525756836
2014-05-13,94.451171875
2014-05-14,101.15105438232422
2014-05-15,99.10628509521484
2014-05-16,102.7607650756836
2014-05-19,112.13628387451172
2014-05-20,110.54832458496094
2014-05-21,115.61676025390625
2014-05-22,114.63787078857422
2014-05-23,118.44464111328125
2014-05-26,118.92317962646484
2014-05-27,119.3800048828125
2014-05-28,121.49003601074219
2014-05-29,120.3806381225586
2014-05-30,117.16120910644531
2014-06-02,126.0363998413086
2014-06-03,126.23214721679688
2014-06-04,124.68771362304688
2014-06-05,126.18865203857422
2014-06-06,130.2129364013672
2014-06-09,135.89047241210938
2014-06-10,136.3037567138672
2014-06-11,133.0408172607422
2014-06-12,134.88983154296875
2014-06-13,132.34475708007812
2014-06-16,128.6902313232422
2014-06-17,130.0824432373047
2014-06-18,129.03831481933594
2014-06-19,127.47209167480469
2014-06-20,123.90458679199219
2014-06-23,122.316650390625
2014-06-24,121.64229583740234
2014-06-25,124.57893371582031
2014-06-26,125.49259185791016
2014-06-27,125.71011352539062
2014-06-30,127.03703308105469
2014-07-01,129.7561492919922
2014-07-02,128.6685028076172
2014-07-03,134.5635528564453
2014-07-04,132.5840301513672
2014-07-07,130.7133026123047
2014-07-08,125.73184967041016
2014-07-09,127.12403869628906
2014-07-10,130.718994140625
2014-07-11,126.63883972167969
2014-07-14,125.44786834716797
2014-07-15,126.41830444335938
2014-07-16,129.79270935058594
2014-07-17,135.92391967773438
2014-07-18,134.77703857421875
2014-07-21,134.2477569580078
2014-07-22,134.90940856933594
2014-07-23,133.03472900390625
2014-07-24,132.10845947265625
2014-07-25,129.24130249023438
2014-07-28,129.99118041992188
2014-07-30,126.81529998779297
2014-07-31,127.2784194946289
2014-08-01,127.2122802734375
2014-08-04,131.2041778564453
2014-08-05,130.32200622558594
2014-08-06,129.020751953125
2014-08-07,133.87281799316406
2014-08-08,130.65284729003906
2014-08-11,135.37255859375
2014-08-12,132.2628173828125
2014-08-13,132.3069305419922
2014-08-14,136.7178955078125
2014-08-18,140.224609375
2014-08-19,141.3714599609375
2014-08-20,143.3784637451172
2014-08-21,145.51776123046875
2014-08-22,148.34078979492188
2014-08-25,150.3697967529297
2014-08-26,149.37734985351562
2014-08-27,158.04490661621094
2014-08-28,152.64149475097656
2014-09-01,155.55270385742188
2014-09-02,154.38381958007812
2014-09-03,158.22134399414062
2014-09-04,158.15518188476562
2014-09-05,157.4714813232422
2014-09-08,160.69149780273438
2014-09-09,162.25738525390625
2014-09-10,160.25042724609375
2014-09-11,159.0373992919922
2014-09-12,158.3977813720703
2014-09-15,155.75123596191406
2014-09-16,152.46505737304688
2014-09-17,151.51666259765625
2014-09-18,150.56834411621094
2014-09-19,150.96533203125
2014-09-22,152.6194305419922
2014-09-23,153.7441864013672
2014-09-24,150.94325256347656
2014-09-25,150.03900146484375
2014-09-26,150.17132568359375
2014-09-29,153.03848266601562
2014-09-30,159.85342407226562
2014-10-01,160.49301147460938
2014-10-07,151.3623046875
2014-10-08,150.7888946533203
2014-10-09,152.57533264160156
2014-10-10,150.74478149414062
2014-10-13,151.27407836914062
2014-10-14,155.08958435058594
2014-10-15,155.08958435058594
2014-10-16,149.55381774902344
2014-10-17,146.84104919433594
2014-10-20,150.54627990722656
2014-10-21,150.19338989257812
2014-10-22,149.53176879882812
2014-10-27,151.51666259765625
2014-10-28,150.28163146972656
2014-10-29,149.57586669921875
2014-10-30,149.8405303955078
2014-10-31,149.11270141601562
2014-11-03,151.2520294189453
2014-11-05,152.2445068359375
2014-11-07,156.280517578125
2014-11-10,155.15573120117188
2014-11-11,157.20684814453125
2014-11-12,154.84693908691406
2014-11-13,156.7657470703125
2014-11-14,156.30259704589844
2014-11-17,161.75013732910156
2014-11-18,163.75714111328125
2014-11-19,164.17617797851562
2014-11-20,160.7797393798828
2014-11-21,155.79531860351562
2014-11-24,152.55328369140625
2014-11-25,153.8986053466797
2014-11-26,151.9357452392578
2014-11-27,153.23695373535156
2014-11-28,151.60491943359375
2014-12-01,152.39891052246094
2014-12-02,154.0309295654297
2014-12-03,151.95777893066406
2014-12-04,151.00942993164062
2014-12-05,151.42843627929688
2014-12-08,149.73025512695312
2014-12-09,147.2821502685547
2014-12-10,146.48818969726562
2014-12-11,144.50326538085938
2014-12-12,142.80503845214844
2014-12-15,140.20254516601562
2014-12-16,134.7991180419922
2014-12-17,132.65982055664062
2014-12-18,140.90829467773438
2014-12-19,139.78353881835938
2014-12-22,140.15843200683594
2014-12-23,137.8867950439453
2014-12-24,138.52638244628906
2014-12-26,137.2913055419922
2014-12-29,136.7399444580078
2014-12-30,139.49681091308594
2014-12-31,145.9368133544922
2015-01-01,146.5323028564453
2015-01-02,145.9368133544922
2015-01-05,144.67970275878906
2015-01-06,141.9007568359375
2015-01-07,141.96694946289062
2015-01-08,143.9077606201172
2015-01-09,143.55490112304688
2015-01-12,143.84161376953125
2015-01-13,142.7609100341797
2015-01-14,143.4225616455078
2015-01-15,150.2375030517578
2015-01-16,156.34669494628906
2015-01-19,158.4198455810547
2015-01-20,158.5522003173828
2015-01-21,152.42092895507812
2015-01-22,150.54627990722656
2015-01-23,148.9803924560547
2015-01-27,145.91473388671875
2015-01-28,148.05409240722656
2015-01-29,145.89271545410156
2015-01-30,148.1643524169922
2015-02-02,148.27464294433594
2015-02-03,151.71517944335938
2015-02-04,150.89913940429688
2015-02-05,150.2154541015625
2015-02-06,147.76739501953125
2015-02-09,138.63668823242188
2015-02-10,142.09927368164062
2015-02-11,141.15090942382812
2015-02-12,141.45968627929688
2015-02-13,143.179931640625
2015-02-16,145.47366333007812
2015-02-18,145.275146484375
2015-02-19,143.7754669189453
2015-02-20,140.55545043945312
2015-02-23,137.68829345703125
2015-02-24,134.2477569580078
2015-02-25,135.85777282714844
2015-02-26,136.5635223388672
2015-02-27,141.23912048339844
2015-03-02,137.930908203125
2015-03-03,136.1885986328125
2015-03-04,138.34994506835938
2015-03-05,138.9454345703125
2015-03-09,138.7028350830078
2015-03-10,143.73133850097656
2015-03-11,141.6361083984375
2015-03-12,145.1649169921875
2015-03-13,143.1138153076172
2015-03-16,141.94488525390625
2015-03-17,140.62156677246094
2015-03-18,137.2471923828125
2015-03-19,135.3284454345703
2015-03-20,132.63775634765625
2015-03-23,131.9320068359375
2015-03-24,132.0422821044922
2015-03-25,137.20309448242188
2015-03-26,134.9534912109375
2015-03-27,136.87225341796875
2015-03-30,136.5194091796875
2015-03-31,135.7254180908203
2015-04-01,137.33541870117188
2015-04-06,138.9013214111328
2015-04-07,137.20309448242188
2015-04-08,142.14337158203125
2015-04-09,141.15090942382812
2015-04-10,139.82762145996094
2015-04-13,141.12889099121094
2015-04-15,142.82705688476562
2015-04-16,145.6942138671875
2015-04-17,147.1277618408203
2015-04-20,142.93736267089844
2015-04-21,141.52586364746094
2015-04-22,142.89328002929688
2015-04-23,141.1949920654297
2015-04-24,137.18104553222656
2015-04-27,133.82872009277344
2015-04-28,133.71841430664062
2015-04-29,135.59307861328125
2015-04-30,135.174072265625
2015-05-04,135.174072265625
2015-05-05,135.54898071289062
2015-05-06,132.88037109375
2015-05-07,137.64419555664062
2015-05-08,139.32037353515625
2015-05-11,141.92282104492188
2015-05-12,141.1949920654297
2015-05-13,143.00350952148438
2015-05-14,142.4080352783203
2015-05-15,142.38597106933594
2015-05-18,146.3778839111328
2015-05-19,146.92929077148438
2015-05-20,149.99490356445312
2015-05-21,149.6420135498047
2015-05-22,152.39891052246094
2015-05-25,155.75123596191406
2015-05-26,154.0309295654297
2015-05-27,147.94378662109375
2015-05-28,152.46505737304688
2015-05-29,158.4198455810547
2015-06-01,153.92066955566406
2015-06-02,150.48008728027344
2015-06-03,145.38543701171875
2015-06-04,143.64309692382812
2015-06-05,141.45968627929688
2015-06-08,141.3052978515625
2015-06-09,141.92282104492188
2015-06-10,145.47366333007812
2015-06-11,145.31927490234375
2015-06-12,144.613525390625
2015-06-15,143.55490112304688
2015-06-16,146.81900024414062
2015-06-17,150.74478149414062
2015-06-18,155.33216857910156
2015-06-19,152.72970581054688
2015-06-22,154.60433959960938
2015-06-23,156.4349365234375
2015-06-24,153.43545532226562
2015-06-25,152.2224578857422
2015-06-26,151.89163208007812
2015-06-29,147.8776397705078
2015-06-30,145.98092651367188
2015-07-01,146.15733337402344
2015-07-02,147.30422973632812
2015-07-03,149.6420135498047
2015-07-06,147.89968872070312
2015-07-07,146.5323028564453
2015-07-08,145.65011596679688
2015-07-09,145.47366333007812
2015-07-10,145.09295654296875
2015-07-13,146.05592346191406
2015-07-14,146.01112365722656
2015-07-15,145.00335693359375
2015-07-16,147.8474578857422
2015-07-17,146.95169067382812
2015-07-20,148.0714111328125
2015-07-21,148.4969024658203
2015-07-22,149.6166229248047
2015-07-23,149.88534545898438
2015-07-24,149.66139221191406
2015-07-27,148.42971801757812
2015-07-28,150.19888305664062
2015-07-29,152.9309844970703
2015-07-30,166.61392211914062
2015-07-31,168.1591339111328
2015-08-03,167.03941345214844
2015-08-04,166.36761474609375
2015-08-05,167.59927368164062
2015-08-06,165.51658630371094
2015-08-07,169.05490112304688
2015-08-10,167.42010498046875
2015-08-11,166.6811065673828
2015-08-12,164.5088348388672
2015-08-13,166.21083068847656
2015-08-14,166.72589111328125
2015-08-17,161.91111755371094
2015-08-18,158.97744750976562
2015-08-19,165.762939453125
2015-08-20,161.4408416748047
2015-08-21,159.87319946289062
2015-08-24,154.20742797851562
2015-08-25,156.8275909423828
2015-08-26,156.89476013183594
2015-08-27,157.79055786132812
2015-08-28,156.71560668945312
2015-08-31,157.65618896484375
2015-09-01,152.8638153076172
2015-09-02,153.1549072265625
2015-09-03,155.46151733398438
2015-09-04,153.7147674560547
2015-09-07,152.55029296875
2015-09-08,151.2513885498047
2015-09-09,154.431396484375
2015-09-10,151.2513885498047
2015-09-11,152.28155517578125
2015-09-14,152.7518310546875
2015-09-15,152.48309326171875
2015-09-16,151.31861877441406
2015-09-18,152.1471710205078
2015-09-21,151.36337280273438
2015-09-22,149.30308532714844
2015-09-23,148.92239379882812
2015-09-24,148.85520935058594
2015-09-28,149.01199340820312
2015-09-29,148.98956298828125
2015-09-30,158.14886474609375
2015-10-01,152.7294158935547
2015-10-05,152.55029296875
2015-10-06,153.87152099609375
2015-10-07,153.1549072265625
2015-10-08,154.2522430419922
2015-10-09,153.62521362304688
2015-10-12,151.9008331298828
2015-10-13,159.53733825683594
2015-10-14,161.5751953125
2015-10-15,162.22463989257812
2015-10-16,158.97744750976562
2015-10-19,156.3572998046875
2015-10-20,160.72422790527344
2015-10-21,159.51490783691406
2015-10-23,159.24615478515625
2015-10-26,161.77674865722656
2015-10-27,166.0316619873047
2015-10-28,168.58460998535156
2015-10-29,170.197021484375
2015-10-30,174.42955017089844
2015-11-02,170.8912353515625
2015-11-03,166.1884307861328
2015-11-04,163.85940551757812
2015-11-05,160.6122283935547
2015-11-06,158.32801818847656
2015-11-09,157.74578857421875
2015-11-10,157.4994354248047
2015-11-13,157.00674438476562
2015-11-16,158.46237182617188
2015-11-17,157.29791259765625
2015-11-18,159.04464721679688
2015-11-19,161.4184112548828
2015-11-20,162.26942443847656
2015-11-23,159.91806030273438
2015-11-24,159.53733825683594
2015-11-26,160.343505859375
2015-11-27,161.06015014648438
2015-11-30,159.35813903808594
2015-12-01,159.9851837158203
2015-12-02,158.66395568847656
2015-12-03,159.3357696533203
2015-12-04,158.865478515625
2015-12-07,158.97744750976562
2015-12-08,159.04464721679688
2015-12-09,159.04464721679688
2015-12-10,159.29098510742188
2015-12-11,159.15658569335938
2015-12-14,159.06703186035156
2015-12-15,167.30810546875
2015-12-16,167.1737823486328
2015-12-17,166.56912231445312
2015-12-18,165.8077392578125
2015-12-21,170.68971252441406
2015-12-22,166.99464416503906
2015-12-23,168.58460998535156
2015-12-24,170.39854431152344
2015-12-28,174.76548767089844
2015-12-29,169.83871459960938
2015-12-30,172.50364685058594
2015-12-31,176.3778533935547
2016-01-01,172.57078552246094
2016-01-04,169.77151489257812
2016-01-05,168.83094787597656
2016-01-06,168.94296264648438
2016-01-07,166.61392211914062
2016-01-08,167.0841827392578
2016-01-11,166.1884307861328
2016-01-12,165.71812438964844
2016-01-13,163.72503662109375
2016-01-14,162.2470245361328
2016-01-15,151.36337280273438
2016-01-18,152.79661560058594
2016-01-19,153.2445068359375
2016-01-20,152.8638153076172
2016-01-21,154.4985809326172
2016-01-22,157.65618896484375
2016-01-25,159.76126098632812
2016-01-27,160.92576599121094
2016-01-28,159.04464721679688
2016-01-29,162.00067138671875
2016-02-01,161.14968872070312
2016-02-02,159.2238006591797
2016-02-03,157.85772705078125
2016-02-04,157.99208068847656
2016-02-05,158.75350952148438
2016-02-08,156.33489990234375
2016-02-09,152.97573852539062
2016-02-10,147.86984252929688
2016-02-11,147.08604431152344
2016-02-12,148.9671630859375
2016-02-15,149.86294555664062
2016-02-16,148.11622619628906
2016-02-17,151.38575744628906
2016-02-18,149.0791473388672
2016-02-19,146.0334930419922
2016-02-22,145.5856170654297
2016-02-23,145.38409423828125
2016-02-24,142.60716247558594
2016-02-25,142.5847930908203
2016-02-26,141.53224182128906
2016-02-29,140.12142944335938
2016-03-01,146.41421508789062
2016-03-02,149.5718536376953
2016-03-03,151.58731079101562
2016-03-04,152.88616943359375
2016-03-08,149.95252990722656
2016-03-09,150.19888305664062
2016-03-10,147.1980438232422
2016-03-11,148.60885620117188
2016-03-14,154.431396484375
2016-03-15,155.03607177734375
2016-03-16,160.1643524169922
2016-03-17,161.6199951171875
2016-03-18,163.14280700683594
2016-03-21,168.36068725585938
2016-03-22,170.41162109375
2016-03-23,174.08059692382812
2016-03-28,171.82452392578125
2016-03-29,170.02423095703125
2016-03-30,170.84463500976562
2016-03-31,177.88623046875
2016-04-01,180.52969360351562
2016-04-04,179.2763214111328
2016-04-05,178.4331512451172
2016-04-06,179.61817932128906
2016-04-07,179.93716430664062
2016-04-08,180.93988037109375
2016-04-11,180.09669494628906
2016-04-12,182.0792999267578
2016-04-13,184.42649841308594
2016-04-18,185.7482147216797
2016-04-20,188.87022399902344
2016-04-21,190.305908203125
2016-04-22,195.27377319335938
2016-04-25,196.8689727783203
2016-04-26,197.98562622070312
2016-04-27,197.75772094726562
2016-04-28,193.0633087158203
2016-04-29,195.0914764404297
2016-05-02,191.6731719970703
2016-05-03,192.97213745117188
2016-05-04,192.33407592773438
2016-05-05,190.32870483398438
2016-05-06,189.25765991210938
2016-05-09,193.51907348632812
2016-05-10,196.41319274902344
2016-05-11,193.8836669921875
2016-05-12,193.7241668701172
2016-05-13,194.65850830078125
2016-05-16,194.77243041992188
2016-05-17,197.41587829589844
2016-05-18,199.60360717773438
2016-05-19,195.11427307128906
2016-05-20,194.0659637451172
2016-05-23,195.20541381835938
2016-05-24,195.2281951904297
2016-05-25,195.9574432373047
2016-05-26,196.98291015625
2016-05-27,198.28182983398438
2016-05-30,194.84078979492188
2016-05-31,190.032470703125
2016-06-01,193.92926025390625
2016-06-02,193.29119873046875
2016-06-03,189.30320739746094
2016-06-06,193.97486877441406
2016-06-07,198.14512634277344
2016-06-08,200.8341522216797
2016-06-09,201.35829162597656
2016-06-10,200.69741821289062
2016-06-13,196.93731689453125
2016-06-14,194.63571166992188
2016-06-15,197.32473754882812
2016-06-16,198.3046417236328
2016-06-17,196.43600463867188
2016-06-20,193.47349548339844
2016-06-21,193.61024475097656
2016-06-22,195.7067413330078
2016-06-23,194.111572265625
2016-06-24,190.96678161621094
2016-06-27,189.9185028076172
2016-06-28,190.78445434570312
2016-06-29,197.8944549560547
2016-06-30,199.44407653808594
2016-07-01,199.12503051757812
2016-07-04,199.717529296875
2016-07-05,199.35287475585938
2016-07-07,198.85154724121094
2016-07-08,197.2108154296875
2016-07-11,205.91595458984375
2016-07-12,205.733642578125
2016-07-13,203.54598999023438
2016-07-14,206.80470275878906
2016-07-15,202.79396057128906
2016-07-18,196.84619140625
2016-07-19,192.40245056152344
2016-07-20,204.29798889160156
2016-07-21,209.06077575683594
2016-07-22,210.54200744628906
2016-07-25,213.9602508544922
2016-07-26,216.3986053466797
2016-07-27,213.41334533691406
2016-07-28,221.02468872070312
2016-07-29,221.48045349121094
2016-08-01,221.8450469970703
2016-08-02,215.5782470703125
2016-08-03,212.41064453125
2016-08-04,220.06753540039062
2016-08-05,225.69630432128906
2016-08-08,219.72572326660156
2016-08-09,219.20159912109375
2016-08-10,218.76861572265625
2016-08-11,219.1104278564453
2016-08-12,218.76861572265625
2016-08-16,225.99253845214844
2016-08-17,222.75660705566406
2016-08-18,222.4375762939453
2016-08-19,226.493896484375
2016-08-22,223.89601135253906
2016-08-23,221.3209228515625
2016-08-24,221.36651611328125
2016-08-25,223.14401245117188
2016-08-26,222.2552490234375
2016-08-29,224.80755615234375
2016-08-30,226.4710693359375
2016-08-31,228.40811157226562
2016-09-01,228.86387634277344
2016-09-02,227.3370361328125
2016-09-06,232.14540100097656
2016-09-07,234.17355346679688
2016-09-08,237.24996948242188
2016-09-09,232.48724365234375
2016-09-12,231.91751098632812
2016-09-14,234.7660369873047
2016-09-15,235.60923767089844
2016-09-16,236.58914184570312
2016-09-19,237.02212524414062
2016-09-20,239.4376983642578
2016-09-21,239.3465576171875
2016-09-22,239.41488647460938
2016-09-23,244.9296875
2016-09-26,245.31707763671875
2016-09-27,241.0557098388672
2016-09-28,248.917724609375
2016-09-29,248.41635131835938
2016-09-30,249.78363037109375
2016-10-03,261.9981994628906
2016-10-04,256.4378662109375
2016-10-05,259.218017578125
2016-10-06,260.85870361328125
2016-10-07,260.0840148925781
2016-10-10,256.0960693359375
2016-10-13,259.3547058105469
2016-10-14,260.9955139160156
2016-10-17,261.67919921875
2016-10-18,256.5517883300781
2016-10-19,256.6657409667969
2016-10-20,253.72601318359375
2016-10-21,246.09190368652344
2016-10-24,244.1776885986328
2016-10-25,246.84388732910156
2016-10-26,251.880126953125
2016-10-27,251.56109619140625
2016-10-28,252.10800170898438
2016-11-01,257.3949279785156
2016-11-02,254.27297973632812
2016-11-03,251.28762817382812
2016-11-04,245.15760803222656
2016-11-07,246.91226196289062
2016-11-08,248.3023681640625
2016-11-09,246.4109344482422
2016-11-10,241.4886474609375
2016-11-11,232.39608764648438
2016-11-15,214.71231079101562
2016-11-16,209.2202911376953
2016-11-17,208.03530883789062
2016-11-18,211.65863037109375
2016-11-21,210.4736328125
2016-11-22,211.0205535888672
2016-11-23,214.21095275878906
2016-11-24,210.86102294921875
2016-11-25,210.0862579345703
2016-11-28,211.22567749023438
2016-11-29,216.3302764892578
2016-11-30,224.4657440185547
2016-12-01,221.82225036621094
2016-12-02,216.8315887451172
2016-12-05,218.24449157714844
2016-12-06,219.7029266357422
2016-12-07,214.0286407470703
2016-12-08,213.75515747070312
2016-12-09,213.11709594726562
2016-12-12,213.36776733398438
2016-12-13,215.03134155273438
2016-12-14,211.59027099609375
2016-12-15,212.06881713867188
2016-12-16,214.0286407470703
2016-12-19,208.6505584716797
2016-12-20,209.0152130126953
2016-12-21,209.65325927734375
2016-12-22,203.86502075195312
2016-12-23,205.16392517089844
2016-12-26,203.2041473388672
2016-12-27,205.11837768554688
2016-12-28,205.50575256347656
2016-12-29,212.2283477783203
2016-12-30,217.10507202148438
2017-01-02,219.54345703125
2017-01-03,223.2807159423828
2017-01-04,223.4402313232422
2017-01-05,224.2834014892578
2017-01-06,224.2378387451172
2017-01-09,226.3799591064453
2017-01-10,224.98983764648438
2017-01-11,225.9241943359375
2017-01-12,228.18020629882812
2017-01-13,228.90945434570312
2017-01-16,236.15615844726562
2017-01-17,237.4779052734375
2017-01-18,239.80227661132812
2017-01-19,243.17498779296875
2017-01-20,234.97116088867188
2017-01-23,232.441650390625
2017-01-24,229.31964111328125
2017-01-25,232.57838439941406
2017-01-27,244.1093292236328
2017-01-30,240.189697265625
2017-01-31,241.0557098388672
2017-02-01,240.71383666992188
2017-02-02,246.18304443359375
2017-02-03,244.861328125
2017-02-06,247.70989990234375
2017-02-07,248.27960205078125
2017-02-08,248.80374145507812
2017-02-09,253.5664825439453
2017-02-10,253.13356018066406
2017-02-13,255.11619567871094
2017-02-14,251.72061157226562
2017-02-15,255.2755889892578
2017-02-16,259.87890625
2017-02-17,258.12420654296875
2017-02-20,253.45248413085938
2017-02-21,252.81446838378906
2017-02-22,254.4324188232422
2017-02-23,253.79437255859375
2017-02-27,253.1790771484375
2017-02-28,257.5544738769531
2017-03-01,256.6429443359375
2017-03-02,258.8534240722656
2017-03-03,258.7166748046875
2017-03-06,254.22735595703125
2017-03-07,251.67507934570312
2017-03-08,251.4243927001953
2017-03-09,251.74339294433594
2017-03-10,250.23941040039062
2017-03-14,251.72061157226562
2017-03-15,255.5263214111328
2017-03-16,260.949951171875
2017-03-17,266.94329833984375
2017-03-20,278.4286193847656
2017-03-21,286.7919921875
2017-03-22,276.85626220703125
2017-03-23,274.2127685546875
2017-03-24,277.6310729980469
2017-03-27,282.8267822265625
2017-03-28,280.7074890136719
2017-03-29,296.7505187988281
2017-03-30,304.5896911621094
2017-03-31,315.5737609863281
2017-04-03,326.32989501953125
2017-04-05,316.39410400390625
2017-04-06,312.0643310546875
2017-04-07,301.0575256347656
2017-04-10,305.3190002441406
2017-04-11,305.82025146484375
2017-04-12,303.8605041503906
2017-04-13,305.41015625
2017-04-17,313.4088134765625
2017-04-18,314.1153259277344
2017-04-19,312.0415344238281
2017-04-20,311.9731750488281
2017-04-21,312.81634521484375
2017-04-24,311.63134765625
2017-04-25,307.89404296875
2017-04-26,307.4382629394531
2017-04-27,308.2586364746094
2017-04-28,316.5080261230469
2017-05-02,306.7546691894531
2017-05-03,311.83642578125
2017-05-04,310.9932861328125
2017-05-05,309.4664306640625
2017-05-08,317.14617919921875
2017-05-09,320.9290466308594
2017-05-10,315.7104797363281
2017-05-11,307.48388671875
2017-05-12,303.10845947265625
2017-05-15,301.4905090332031
2017-05-16,309.0334777832031
2017-05-17,305.7519226074219
2017-05-18,295.9757080078125
2017-05-19,294.6767578125
2017-05-22,293.78802490234375
2017-05-23,290.27862548828125
2017-05-24,289.0252380371094
2017-05-25,293.1044006347656
2017-05-26,294.38055419921875
2017-05-29,290.25579833984375
2017-05-30,287.6351623535156
2017-05-31,289.4810791015625
2017-06-01,290.939453125
2017-06-02,290.4381408691406
2017-06-05,292.8081359863281
2017-06-06,289.0252380371094
2017-06-07,287.589599609375
2017-06-08,288.47833251953125
2017-06-09,286.7463684082031
2017-06-12,288.95684814453125
2017-06-13,294.6539306640625
2017-06-14,294.85906982421875
2017-06-15,299.3483581542969
2017-06-16,304.1795349121094
2017-06-19,302.9717102050781
2017-06-20,296.4543151855469
2017-06-21,290.3241882324219
2017-06-22,288.25042724609375
2017-06-23,280.6163330078125
2017-06-27,277.8133850097656
2017-06-28,274.53179931640625
2017-06-29,270.6578063964844
2017-06-30,273.2328796386719
2017-07-03,273.73419189453125
2017-07-04,280.63909912109375
2017-07-05,278.6336975097656
2017-07-06,280.2288818359375
2017-07-07,274.8052673339844
2017-07-10,275.6940612792969
2017-07-11,273.80255126953125
2017-07-12,280.63909912109375
2017-07-13,291.62310791015625
2017-07-14,296.47705078125
2017-07-17,296.1580505371094
2017-07-18,298.86981201171875
2017-07-19,302.4932556152344
2017-07-20,299.16607666015625
2017-07-21,309.1246337890625
2017-07-24,305.2733459472656
2017-07-25,321.4075927734375
2017-07-26,322.90472412109375
2017-07-27,319.1042175292969
2017-07-28,322.1907043457031
2017-07-31,322.7665710449219
2017-08-01,316.708740234375
2017-08-02,313.18463134765625
2017-08-03,312.10205078125
2017-08-04,311.5953674316406
2017-08-07,320.3479919433594
2017-08-08,314.2441711425781
2017-08-09,313.3919372558594
2017-08-10,302.4280700683594
2017-08-11,309.9368896484375
2017-08-14,325.0468444824219
2017-08-16,323.4805908203125
2017-08-17,340.50225830078125
2017-08-18,328.3406066894531
2017-08-21,336.356201171875
2017-08-22,337.024169921875
2017-08-23,337.4618225097656
2017-08-24,342.69036865234375
2017-08-28,344.9706726074219
2017-08-29,345.56951904296875
2017-08-30,347.87286376953125
2017-08-31,352.08795166015625
2017-09-01,353.21661376953125
2017-09-04,350.22222900390625
2017-09-05,349.5543212890625
2017-09-06,349.53131103515625
2017-09-07,355.51995849609375
2017-09-08,366.161376953125
2017-09-11,364.13446044921875
2017-09-12,362.8906555175781
2017-09-13,367.15179443359375
2017-09-14,359.2052917480469
2017-09-15,363.02880859375
2017-09-18,363.6507568359375
2017-09-19,360.9327697753906
2017-09-20,361.83111572265625
2017-09-21,361.9462585449219
2017-09-22,345.707763671875
2017-09-25,352.5256042480469
2017-09-26,344.99371337890625
2017-09-27,346.4908752441406
2017-09-28,349.0475769042969
2017-09-29,356.9249267578125
2017-10-03,358.3070068359375
2017-10-04,356.533447265625
2017-10-05,359.6889953613281
2017-10-06,369.04052734375
2017-10-09,355.81939697265625
2017-10-10,373.5090026855469
2017-10-11,369.73150634765625
2017-10-12,363.42047119140625
2017-10-13,362.2917785644531
2017-10-16,365.7467956542969
2017-10-17,367.7737121582031
2017-10-18,368.0961608886719
2017-10-19,370.10009765625
2017-10-23,372.21917724609375
2017-10-24,371.5741882324219
2017-10-25,361.7619934082031
2017-10-26,364.7793884277344
2017-10-27,366.691162109375
2017-10-30,372.35736083984375
2017-10-31,373.8084716796875
2017-11-01,352.84814453125
2017-11-02,331.542236328125
2017-11-03,319.4036560058594
2017-11-06,311.11163330078125
2017-11-07,310.74310302734375
2017-11-08,308.7392272949219
2017-11-09,310.6048889160156
2017-11-10,319.5649108886719
2017-11-13,324.5401306152344
2017-11-14,324.0794677734375
2017-11-15,321.7530517578125
2017-11-16,321.0621032714844
2017-11-17,321.5227355957031
2017-11-20,323.0198669433594
2017-11-21,320.9698791503906
2017-11-22,314.2902526855469
2017-11-23,315.18853759765625
2017-11-24,322.927734375
2017-11-27,334.5365295410156
2017-11-28,336.9551086425781
2017-11-29,332.5326843261719
2017-11-30,340.70953369140625
2017-12-01,343.47344970703125
2017-12-04,342.02239990234375
2017-12-05,345.8459777832031
2017-12-06,352.20318603515625
2017-12-07,363.9271240234375
2017-12-08,371.758544921875
2017-12-11,375.1213073730469
2017-12-12,370.35345458984375
2017-12-13,367.635498046875
2017-12-14,353.654296875
2017-12-15,369.98492431640625
2017-12-18,371.62030029296875
2017-12-19,370.8831481933594
2017-12-20,369.68548583984375
2017-12-21,369.45513916015625
2017-12-22,368.78717041015625
2017-12-26,371.85064697265625
2017-12-27,370.58380126953125
2017-12-28,378.78363037109375
2017-12-29,376.77978515625
2018-01-01,378.4382019042969
2018-01-02,376.73370361328125
2018-01-03,376.9179382324219
2018-01-04,375.44384765625
2018-01-05,377.6319885253906
2018-01-08,376.13482666015625
2018-01-09,370.5377197265625
2018-01-10,371.52813720703125
2018-01-11,368.9023132324219
2018-01-12,363.6507568359375
2018-01-15,358.3760986328125
2018-01-16,349.37005615234375
2018-01-17,342.48309326171875
2018-01-18,353.2857666015625
2018-01-19,356.4873352050781
2018-01-22,359.06707763671875
2018-01-23,350.03802490234375
2018-01-24,352.2952880859375
2018-01-25,351.0284729003906
2018-01-29,346.1223449707031
2018-01-30,342.8746337890625
2018-01-31,346.05322265625
2018-02-01,337.0011291503906
2018-02-02,330.8282165527344
2018-02-05,331.542236328125
2018-02-06,333.43096923828125
2018-02-07,334.9280700683594
2018-02-08,333.9837341308594
2018-02-09,342.9898376464844
2018-02-12,342.25274658203125
2018-02-14,336.7937927246094
2018-02-15,342.4139709472656
2018-02-16,334.9280700683594
2018-02-19,332.7860412597656
2018-02-20,333.77642822265625
2018-02-21,335.6191101074219
2018-02-22,337.1623840332031
2018-02-23,340.4791564941406
2018-02-26,341.7460021972656
2018-02-27,337.7612609863281
2018-02-28,342.69036865234375
2018-03-01,349.7385559082031
2018-03-05,362.47601318359375
2018-03-06,364.64117431640625
2018-03-07,366.7141418457031
2018-03-08,360.17266845703125
2018-03-09,367.42816162109375
2018-03-12,363.9041442871094
2018-03-13,364.94061279296875
2018-03-14,368.9714660644531
2018-03-15,369.98492431640625
2018-03-16,362.3608703613281
2018-03-19,361.8540954589844
2018-03-20,353.7694091796875
2018-03-21,354.6446533203125
2018-03-22,349.8307800292969
2018-03-23,342.62127685546875
2018-03-26,351.4891357421875
2018-03-27,351.3279113769531
2018-03-28,348.0111083984375
2018-04-02,362.17657470703125
2018-04-03,366.0462341308594
2018-04-04,356.9940490722656
2018-04-05,367.6585388183594
2018-04-06,364.1805114746094
2018-04-09,364.7102966308594
2018-04-10,367.6124572753906
2018-04-11,365.6316223144531
2018-04-12,362.7755126953125
2018-04-13,359.7120361328125
2018-04-16,365.239990234375
2018-04-17,359.343505859375
2018-04-18,359.2973937988281
2018-04-19,361.7159729003906
2018-04-20,366.161376953125
2018-04-23,366.13836669921875
2018-04-24,363.02880859375
2018-04-25,366.3456115722656
2018-04-26,365.3782653808594
2018-04-27,371.758544921875
2018-04-30,369.2709045410156
2018-05-02,369.3399658203125
2018-05-03,363.42047119140625
2018-05-04,368.4186096191406
2018-05-07,366.4377746582031
2018-05-08,365.28619384765625
2018-05-09,361.3474426269531
2018-05-10,359.2973937988281
2018-05-11,359.8733215332031
2018-05-14,354.4143371582031
2018-05-15,348.03411865234375
2018-05-16,351.7425231933594
2018-05-17,351.4891357421875
2018-05-18,339.5348205566406
2018-05-21,323.8260192871094
2018-05-22,323.9642333984375
2018-05-23,328.6400451660156
2018-05-24,323.802978515625
2018-05-25,323.1350402832031
2018-05-28,323.41143798828125
2018-05-29,324.37890625
2018-05-30,322.51312255859375
2018-05-31,322.81256103515625
2018-06-01,318.5744323730469
2018-06-04,313.16162109375
2018-06-05,314.428466796875
2018-06-06,307.5875244140625
2018-06-07,309.4532470703125
2018-06-08,310.6509704589844
2018-06-11,317.8834533691406
2018-06-12,316.846923828125
2018-06-13,308.4627685546875
2018-06-14,300.6084289550781
2018-06-15,297.82135009765625
2018-06-18,302.7966003417969
2018-06-19,301.9213562011719
2018-06-20,298.9730529785156
2018-06-21,301.7831115722656
2018-06-22,297.4298400878906
2018-06-25,294.64276123046875
2018-06-26,294.9883117675781
2018-06-27,296.1629943847656
2018-06-28,293.4910583496094
2018-06-29,295.8635559082031
2018-07-02,298.6506042480469
2018-07-03,295.2416687011719
2018-07-04,297.79833984375
2018-07-05,297.6831970214844
2018-07-06,299.6640625
2018-07-09,309.1998596191406
2018-07-10,302.28985595703125
2018-07-11,316.2250671386719
2018-07-12,314.6817932128906
2018-07-13,312.24029541015625
2018-07-16,304.3628234863281
2018-07-17,304.66229248046875
2018-07-18,305.3994140625
2018-07-19,304.2016296386719
2018-07-20,304.0864562988281
2018-07-23,305.5836486816406
2018-07-24,309.7987365722656
2018-07-25,310.9504089355469
2018-07-26,315.8601989746094
2018-07-27,319.9983825683594
2018-07-30,314.0131530761719
2018-07-31,314.13006591796875
2018-08-01,316.1406555175781
2018-08-02,312.8675231933594
2018-08-03,319.7879333496094
2018-08-06,325.352294921875
2018-08-07,320.9569396972656
2018-08-08,322.47662353515625
2018-08-09,326.942138671875
2018-08-10,326.05364990234375
2018-08-13,326.942138671875
2018-08-14,321.2842102050781
2018-08-16,326.4277648925781
2018-08-17,324.7444152832031
2018-08-20,321.8453674316406
2018-08-21,319.9749450683594
2018-08-23,319.3203430175781
2018-08-24,319.5307922363281
2018-08-27,320.8166198730469
2018-08-28,319.5775146484375
2018-08-29,316.1406555175781
2018-08-30,315.01849365234375
2018-08-31,315.95367431640625
2018-09-03,319.3904724121094
2018-09-04,317.0758972167969
2018-09-05,321.2842102050781
2018-09-06,313.91961669921875
2018-09-07,319.5073547363281
2018-09-10,310.3191223144531
2018-09-11,305.2457580566406
2018-09-12,306.81219482421875
2018-09-14,313.68585205078125
2018-09-17,307.7707824707031
2018-09-18,305.7834777832031
2018-09-19,306.3913269042969
2018-09-21,304.193603515625
2018-09-24,292.52716064453125
2018-09-25,285.93408203125
2018-09-26,285.11578369140625
2018-09-27,271.64910888671875
2018-09-28,265.6872253417969
2018-10-01,259.9124450683594
2018-10-03,271.74261474609375
2018-10-04,264.0506896972656
2018-10-05,268.37591552734375
2018-10-08,258.0654602050781
2018-10-09,257.13031005859375
2018-10-10,267.44073486328125
2018-10-11,260.754150390625
2018-10-12,264.9390869140625
2018-10-15,265.897705078125
2018-10-16,269.5916442871094
2018-10-17,263.910400390625
2018-10-19,258.182373046875
2018-10-22,248.2459716796875
2018-10-23,239.0811004638672
2018-10-24,242.9855499267578
2018-10-25,242.26075744628906
2018-10-26,247.07701110839844
2018-10-29,251.65939331054688
2018-10-30,260.754150390625
2018-10-31,261.85296630859375
2018-11-01,269.1006774902344
2018-11-02,266.29510498046875
2018-11-05,266.50555419921875
2018-11-06,269.1006774902344
2018-11-07,270.4566955566406
2018-11-09,271.4385986328125
2018-11-12,263.7467041015625
2018-11-13,267.0899963378906
2018-11-14,269.5215148925781
2018-11-15,276.6055603027344
2018-11-16,285.840576171875
2018-11-19,310.43603515625
2018-11-20,293.345458984375
2018-11-21,291.94268798828125
2018-11-22,289.8619384765625
2018-11-26,293.6494140625
2018-11-27,298.302001953125
2018-11-28,300.9906005859375
2018-11-29,307.186279296875
2018-11-30,316.8655090332031
2018-12-03,315.2054748535156
2018-12-04,312.37652587890625
2018-12-05,309.8983459472656
2018-12-06,299.12030029296875
2018-12-07,301.43487548828125
2018-12-10,297.01611328125
2018-12-11,299.70477294921875
2018-12-12,303.5390625
2018-12-13,301.9725341796875
2018-12-14,297.08624267578125
2018-12-17,299.35406494140625
2018-12-18,298.8397216796875
2018-12-19,300.5931701660156
2018-12-20,300.1022033691406
2018-12-21,293.43896484375
2018-12-24,290.1658020019531
2018-12-26,285.4197692871094
2018-12-27,285.5834045410156
2018-12-28,288.9968566894531
2018-12-31,291.26470947265625
2019-01-01,292.5037841796875
2019-01-02,291.0308532714844
2019-01-03,291.68548583984375
2019-01-04,290.6334228515625
2019-01-07,287.68756103515625
2019-01-08,286.70562744140625
2019-01-09,286.1445007324219
2019-01-10,287.4070129394531
2019-01-11,285.1859130859375
2019-01-14,284.08709716796875
2019-01-15,286.1445007324219
2019-01-16,286.2847900390625
2019-01-17,284.461181640625
2019-01-18,285.349609375
2019-01-21,287.47711181640625
2019-01-22,287.47711181640625
2019-01-23,284.4143981933594
2019-01-24,284.0169677734375
2019-01-25,284.0169677734375
2019-01-28,283.0115966796875
2019-01-29,281.2815246582031
2019-01-30,280.3930969238281
2019-01-31,278.4057922363281
2019-02-01,280.72039794921875
2019-02-04,277.2602233886719
2019-02-05,277.8447265625
2019-02-06,272.0699157714844
2019-02-07,274.968994140625
2019-02-08,274.05712890625
2019-02-11,275.7638854980469
2019-02-12,271.08795166015625
2019-02-14,272.794677734375
2019-02-15,270.0826721191406
2019-02-18,267.464111328125
2019-02-19,262.99859619140625
2019-02-20,274.2909851074219
2019-02-21,281.0711364746094
2019-02-22,284.34423828125
2019-02-25,285.0924377441406
2019-02-26,287.430419921875
2019-02-27,285.16253662109375
2019-02-28,290.28271484375
2019-03-01,292.2232360839844
2019-03-05,303.58575439453125
2019-03-06,306.1341857910156
2019-03-07,309.5709533691406
2019-03-08,303.9831848144531
2019-03-11,309.0566711425781
2019-03-12,310.8569030761719
2019-03-13,310.71661376953125
2019-03-14,316.3978576660156
2019-03-15,313.5923156738281
2019-03-18,315.0418701171875
2019-03-19,318.1279296875
2019-03-20,317.0992431640625
2019-03-22,315.392578125
2019-03-25,313.47540283203125
2019-03-26,310.64642333984375
2019-03-27,311.2309265136719
2019-03-28,312.6570739746094
2019-04-01,326.38104248046875
2019-04-02,331.9454040527344
2019-04-03,324.0898132324219
2019-04-04,326.66156005859375
2019-04-05,325.5393371582031
2019-04-08,324.0664367675781
2019-04-09,321.33099365234375
2019-04-10,320.9803466796875
2019-04-11,320.8868103027344
2019-04-12,319.8580627441406
2019-04-15,317.0992431640625
2019-04-16,314.5509033203125
2019-04-18,308.09808349609375
2019-04-22,304.7080383300781
2019-04-23,307.7941589355469
2019-04-24,303.445556640625
2019-04-25,304.91839599609375
2019-04-26,308.1682434082031
2019-04-30,316.37451171875
2019-05-02,319.18011474609375
2019-05-03,326.5914306640625
2019-05-06,332.4364013671875
2019-05-07,346.8382568359375
2019-05-08,358.59832763671875
2019-05-09,353.8522033691406
2019-05-10,351.3038330078125
2019-05-13,337.69677734375
2019-05-14,348.1709289550781
2019-05-15,350.6958923339844
2019-05-16,342.9104919433594
2019-05-17,339.98797607421875
2019-05-20,341.4609680175781
2019-05-21,353.3845520019531
2019-05-22,349.4100646972656
2019-05-23,353.3144836425781
2019-05-24,360.9830017089844
2019-05-27,364.06915283203125
2019-05-28,369.9842224121094
2019-05-29,372.7898254394531
2019-05-30,367.1319274902344
2019-05-31,377.1383972167969
2019-06-03,374.23931884765625
2019-06-04,373.98211669921875
2019-06-06,375.94610595703125
2019-06-07,377.6994934082031
2019-06-10,375.9927673339844
2019-06-11,371.87799072265625
2019-06-12,372.6261291503906
2019-06-13,370.3582763671875
2019-06-14,370.75579833984375
2019-06-17,364.70037841796875
2019-06-18,353.0806579589844
2019-06-19,363.9522399902344
2019-06-20,370.0543518066406
2019-06-21,368.9087829589844
2019-06-24,352.0285949707031
2019-06-25,349.4568176269531
2019-06-26,351.0232849121094
2019-06-27,355.6991882324219
2019-06-28,362.713134765625
2019-07-01,359.3464660644531
2019-07-02,358.92559814453125
2019-07-03,359.3931884765625
2019-07-04,358.0372009277344
2019-07-05,350.4621276855469
2019-07-08,352.3793029785156
2019-07-09,343.1209411621094
2019-07-10,342.72344970703125
2019-07-11,352.8234558105469
2019-07-12,351.7012634277344
2019-07-15,350.158203125
2019-07-16,346.9552001953125
2019-07-17,345.9498291015625
2019-07-18,343.3780822753906
2019-07-19,340.3387145996094
2019-07-22,349.5503234863281
2019-07-23,350.3686218261719
2019-07-24,347.2825012207031
2019-07-25,346.0667724609375
2019-07-26,350.1816101074219
2019-07-29,331.6414489746094
2019-07-30,319.7178039550781
2019-07-31,316.4680480957031
2019-08-01,318.93597412109375
2019-08-02,320.7157287597656
2019-08-05,313.264404296875
2019-08-06,331.1333923339844
2019-08-07,331.60797119140625
2019-08-08,351.39910888671875
2019-08-09,345.9173583984375
2019-08-13,339.296630859375
2019-08-14,336.923583984375
2019-08-16,332.05889892578125
2019-08-19,336.6863098144531
2019-08-20,336.94732666015625
2019-08-21,339.9136047363281
2019-08-22,337.01849365234375
2019-08-23,335.16754150390625
2019-08-26,345.0630798339844
2019-08-27,367.013671875
2019-08-28,350.4498596191406
2019-08-29,343.9714660644531
2019-08-30,342.5002136230469
2019-09-03,336.7574768066406
2019-09-04,335.59466552734375
2019-09-05,339.1542053222656
2019-09-06,351.2804870605469
2019-09-09,351.209228515625
2019-09-11,343.66302490234375
2019-09-12,342.0493469238281
2019-09-13,343.9241027832031
2019-09-16,347.7920837402344
2019-09-17,340.9577331542969
2019-09-18,342.0493469238281
2019-09-19,342.6900634765625
2019-09-20,374.7023010253906
2019-09-23,379.0924072265625
2019-09-24,377.6448974609375
2019-09-25,365.6135559082031
2019-09-26,377.38385009765625
2019-09-27,377.2652587890625
2019-09-30,380.2789306640625
2019-10-01,379.0686950683594
2019-10-03,378.4279479980469
2019-10-04,379.1161193847656
2019-10-07,383.22149658203125
2019-10-09,385.61822509765625
2019-10-10,386.638671875
2019-10-11,383.45880126953125
2019-10-14,383.22149658203125
2019-10-15,374.9633483886719
2019-10-16,382.7943420410156
2019-10-17,392.87969970703125
2019-10-18,395.1103820800781
2019-10-22,411.34197998046875
2019-10-23,407.6400451660156
2019-10-24,395.6087341308594
2019-10-25,399.97515869140625
2019-10-27,400.23614501953125
2019-10-29,401.5887756347656
2019-10-30,402.49053955078125
2019-10-31,399.5479736328125
2019-11-01,389.86602783203125
2019-11-04,378.8551330566406
2019-11-05,373.18353271484375
2019-11-06,376.8617248535156
2019-11-07,380.0653076171875
2019-11-08,378.33306884765625
2019-11-11,377.360107421875
2019-11-13,378.2143859863281
2019-11-14,378.80767822265625
2019-11-15,384.7877502441406
2019-11-18,378.783935546875
2019-11-19,376.8143005371094
2019-11-20,375.5091247558594
2019-11-21,375.12945556640625
2019-11-22,389.0354919433594
2019-11-25,388.0862731933594
2019-11-26,376.197265625
2019-11-27,371.0953063964844
2019-11-28,368.4375
2019-11-29,373.1598205566406
2019-12-02,378.4279479980469
2019-12-03,377.4312744140625
2019-12-04,381.60784912109375
2019-12-05,387.0658264160156
2019-12-06,380.96710205078125
2019-12-09,379.87548828125
2019-12-10,379.3059997558594
2019-12-11,375.7464599609375
2019-12-12,376.1023864746094
2019-12-13,377.8584289550781
2019-12-16,377.54998779296875
2019-12-17,377.478759765625
2019-12-18,378.1432189941406
2019-12-19,382.224853515625
2019-12-20,382.7943420410156
2019-12-23,374.77349853515625
2019-12-24,372.5428771972656
2019-12-26,375.55657958984375
2019-12-27,380.3975830078125
2019-12-30,382.4383850097656
2019-12-31,399.0733947753906
2020-01-01,393.4018249511719
2020-01-02,384.3843078613281
2020-01-03,387.6590576171875
2020-01-06,388.3710021972656
2020-01-07,386.5437316894531
2020-01-08,386.4725646972656
2020-01-09,391.8830871582031
2020-01-10,390.4117736816406
2020-01-13,396.273193359375
2020-01-14,400.3310852050781
2020-01-15,403.9380798339844
2020-01-16,404.8398132324219
2020-01-17,407.33154296875
2020-01-20,408.0909118652344
2020-01-21,398.7886047363281
2020-01-22,396.3206481933594
2020-01-23,398.55133056640625
2020-01-24,398.5987548828125
2020-01-27,399.7378234863281
2020-01-28,403.36859130859375
2020-01-29,399.92767333984375
2020-01-30,396.9139099121094
2020-01-31,398.55133056640625
2020-02-03,381.4654541015625
2020-02-04,381.0145568847656
2020-02-05,387.4692687988281
2020-02-06,383.4113464355469
2020-02-07,384.740234375
2020-02-10,379.99420166015625
2020-02-11,377.9533386230469
2020-02-12,378.3567810058594
2020-02-13,380.2077331542969
2020-02-14,397.72076416015625
2020-02-17,405.36187744140625
2020-02-18,396.0596008300781
2020-02-19,394.70703125
2020-02-20,401.28033447265625
2020-02-24,391.859375
2020-02-25,394.7781982421875
2020-02-26,401.5176086425781
2020-02-27,400.4734802246094
2020-02-28,380.89593505859375
2020-03-02,384.95379638671875
2020-03-03,380.18402099609375
2020-03-04,375.12945556640625
2020-03-05,376.8380126953125
2020-03-06,371.1190185546875
2020-03-09,365.6610107421875
2020-03-11,369.9088134765625
2020-03-12,352.1347351074219
2020-03-13,355.124755859375
2020-03-16,330.77740478515625
2020-03-17,330.3265380859375
2020-03-18,301.92132568359375
2020-03-19,280.92205810546875
2020-03-20,272.21856689453125
2020-03-23,246.44569396972656
2020-03-24,241.5032958984375
2020-03-25,255.1973876953125
2020-03-26,248.01278686523438
2020-03-27,235.30718994140625
2020-03-30,226.676025390625
2020-03-31,221.54075622558594
2020-04-01,213.46412658691406
2020-04-03,212.40330505371094
2020-04-07,221.90240478515625
2020-04-08,226.65191650390625
2020-04-09,243.31149291992188
2020-04-13,231.47377014160156
2020-04-15,229.7620391845703
2020-04-16,238.0797576904297
2020-04-17,261.8515625
2020-04-20,272.2668151855469
2020-04-21,259.1513671875
2020-04-22,272.4355773925781
2020-04-23,267.6860656738281
2020-04-24,270.0487365722656
2020-04-27,263.490966796875
2020-04-28,258.76556396484375
2020-04-29,257.7770690917969
2020-04-30,257.0296630859375
2020-05-04,244.99913024902344
2020-05-05,243.69725036621094
2020-05-06,245.6259765625
2020-05-07,239.50221252441406
2020-05-08,230.6299591064453
2020-05-11,226.82069396972656
2020-05-12,228.7735595703125
2020-05-13,228.58067321777344
2020-05-14,226.6037139892578
2020-05-15,226.6037139892578
2020-05-18,225.78399658203125
2020-05-19,222.2640380859375
2020-05-20,224.84371948242188
2020-05-21,224.24099731445312
2020-05-22,221.29965209960938
2020-05-26,223.7346954345703
2020-05-27,234.4392547607422
2020-05-28,234.5839080810547
2020-05-29,236.63319396972656
2020-06-01,248.9048614501953
2020-06-02,259.7058410644531
2020-06-03,259.1754455566406
2020-06-04,253.72669982910156
2020-06-05,256.4269714355469
2020-06-08,254.90809631347656
2020-06-09,249.0494842529297
2020-06-10,252.0390625
2020-06-11,247.5065155029297
2020-06-12,242.1783447265625
2020-06-15,238.20028686523438
2020-06-16,238.80303955078125
2020-06-17,240.29782104492188
2020-06-18,241.79261779785156
2020-06-19,243.67312622070312
2020-06-22,245.4813232421875
2020-06-23,245.02325439453125
2020-06-24,244.32408142089844
2020-06-25,243.40792846679688
2020-06-26,243.89010620117188
2020-06-29,239.6227569580078
2020-06-30,240.92466735839844
2020-07-01,239.59864807128906
2020-07-02,240.94876098632812
2020-07-03,241.16575622558594
2020-07-06,239.9602813720703
2020-07-07,240.5147705078125
2020-07-08,235.9340362548828
2020-07-09,236.3197784423828
2020-07-10,236.5126495361328
2020-07-13,231.54612731933594
2020-07-14,225.9768524169922
2020-07-15,230.77462768554688
2020-07-16,233.9088592529297
2020-07-17,235.5723876953125
2020-07-20,237.79043579101562
2020-07-21,237.86276245117188
2020-07-22,236.68142700195312
2020-07-23,236.07867431640625
2020-07-24,237.6457977294922
2020-07-27,234.945556640625
2020-07-28,234.4633331298828
2020-07-29,237.06716918945312
2020-07-30,235.7652587890625
2020-07-31,234.5356903076172
2020-08-03,231.95596313476562
2020-08-04,232.19705200195312
2020-08-05,233.23379516601562
2020-08-06,244.1311798095703
2020-08-07,240.22547912597656
2020-08-10,248.0369415283203
2020-08-11,248.30213928222656
2020-08-12,253.1239776611328
2020-08-13,249.72457885742188
2020-08-14,260.983642578125
2020-08-17,265.347412109375
2020-08-18,269.39776611328125
2020-08-19,264.7687683105469
2020-08-20,266.5769958496094
2020-08-21,267.5655212402344
2020-08-24,278.14947509765625
2020-08-25,282.2962646484375
2020-08-26,299.7514343261719
2020-08-27,330.3703308105469
2020-08-28,332.6848449707031
2020-08-31,306.5743713378906
2020-09-01,299.38983154296875
2020-09-02,294.4233093261719
2020-09-03,305.36895751953125
2020-09-04,300.233642578125
2020-09-07,298.28076171875
2020-09-08,293.2660217285156
2020-09-09,289.16741943359375
2020-09-10,291.7712707519531
2020-09-11,292.3257751464844
2020-09-14,320.38909912109375
2020-09-15,336.6146240234375
2020-09-16,326.63336181640625
2020-09-17,315.56719970703125
2020-09-18,305.03143310546875
2020-09-21,305.22430419921875
2020-09-22,313.2527160644531
2020-09-23,310.98638916015625
2020-09-24,304.88677978515625
2020-09-25,307.8521728515625
2020-09-28,313.71075439453125
2020-09-29,311.781982421875
2020-09-30,309.1540832519531
2020-10-01,308.3343811035156
2020-10-05,302.74102783203125
2020-10-06,298.955810546875
2020-10-07,310.4319152832031
2020-10-08,307.3459167480469
2020-10-09,305.1278381347656
2020-10-12,299.7032470703125
2020-10-13,293.33837890625
2020-10-14,300.8605041503906
2020-10-15,295.41180419921875
2020-10-16,307.6593017578125
2020-10-19,300.35418701171875
2020-10-20,301.5355529785156
2020-10-21,297.4851379394531
2020-10-22,313.85540771484375
2020-10-23,311.2033996582031
2020-10-26,310.0220642089844
2020-10-27,309.7085876464844
2020-10-28,311.6373291015625
2020-10-29,304.1634216308594
2020-10-30,302.6446228027344
2020-11-02,300.7640686035156
2020-11-03,304.211669921875
2020-11-04,305.2966003417969
2020-11-05,310.8658447265625
2020-11-06,317.3512878417969
2020-11-09,321.9079284667969
2020-11-10,320.46136474609375
2020-11-11,315.4466552734375
2020-11-12,321.9561767578125
2020-11-13,327.26025390625
2020-11-14,328.92376708984375
2020-11-17,335.43328857421875
2020-11-18,343.5098876953125
2020-11-19,351.8034973144531
2020-11-20,359.3497619628906
2020-11-23,366.9200744628906
2020-11-24,378.1550598144531
2020-11-25,371.4767761230469
2020-11-26,366.1003723144531
2020-11-27,391.46337890625
2020-12-01,377.6246643066406
2020-12-02,371.8143005371094
2020-12-03,391.5115966796875
2020-12-04,397.85235595703125
2020-12-07,395.94775390625
2020-12-08,388.8354797363281
2020-12-09,383.6037292480469
2020-12-10,384.0859680175781
2020-12-11,381.1445617675781
2020-12-14,382.0366516113281
2020-12-15,374.08050537109375
2020-12-16,377.3594055175781
2020-12-17,373.6706848144531
2020-12-18,374.49041748046875
2020-12-21,375.11724853515625
2020-12-22,377.0219421386719
2020-12-23,380.2284240722656
2020-12-24,380.4212951660156
2020-12-28,375.31011962890625
2020-12-29,381.940185546875
2020-12-30,386.49688720703125
2020-12-31,386.27984619140625
2021-01-01,388.9560241699219
2021-01-04,389.341796875
2021-01-05,394.06719970703125
2021-01-06,389.5828552246094
2021-01-07,384.78509521484375
2021-01-08,391.559814453125
2021-01-11,388.61846923828125
2021-01-12,385.339599609375
2021-01-13,381.554443359375
2021-01-14,379.5774841308594
2021-01-15,377.287109375
2021-01-18,375.64764404296875
2021-01-19,370.9704284667969
2021-01-20,371.3802795410156
2021-01-21,372.07952880859375
2021-01-22,365.30474853515625
2021-01-25,364.1234130859375
2021-01-27,360.74810791015625
2021-01-28,354.8653869628906
2021-01-29,353.9975280761719
2021-02-01,375.4789123535156
2021-02-02,386.8584899902344
2021-02-03,384.6404724121094
2021-02-04,386.7138671875
2021-02-05,392.9822692871094
2021-02-08,391.1017761230469
2021-02-09,388.18450927734375
2021-02-10,392.6688537597656
2021-02-11,398.5756530761719
2021-02-12,392.9582214355469
2021-02-15,395.12799072265625
2021-02-16,393.7296447753906
2021-02-17,388.9560241699219
2021-02-18,409.9311828613281
2021-02-19,392.7412109375
2021-02-22,388.32916259765625
2021-02-23,401.5652160644531
2021-02-24,394.47705078125
2021-02-25,405.06103515625
2021-02-26,419.62310791015625
2021-03-01,415.1387634277344
2021-03-02,437.3675231933594
2021-03-03,446.16748046875
2021-03-04,443.9012451171875
2021-03-05,452.1466064453125
2021-03-08,456.9684753417969
2021-03-09,449.8321228027344
2021-03-10,450.0249938964844
2021-03-12,455.6665344238281
2021-03-15,446.5773620605469
2021-03-16,431.8223876953125
2021-03-17,422.2510070800781
2021-03-18,416.1513671875
2021-03-19,433.2931213378906
2021-03-22,431.7501220703125
2021-03-23,433.5823974609375
2021-03-24,427.74798583984375
2021-03-25,416.7300109863281
2021-03-26,428.85699462890625
2021-03-30,438.7418212890625
2021-03-31,450.45892333984375
2021-04-01,444.9861145019531
2021-04-05,445.7335205078125
2021-04-06,440.40533447265625
2021-04-07,439.05523681640625
2021-04-08,440.57415771484375
2021-04-09,439.8267517089844
2021-04-12,418.489990234375
2021-04-13,418.34527587890625
2021-04-15,417.76666259765625
2021-04-16,413.5475769042969
2021-04-19,398.864990234375
2021-04-20,402.6501159667969
2021-04-22,403.8314514160156
2021-04-23,403.0358581542969
2021-04-26,403.1564025878906
2021-04-27,416.80230712890625
2021-04-28,422.5162658691406
2021-04-29,418.03192138671875
2021-04-30,407.68896484375
2021-05-03,402.6983337402344
2021-05-04,402.3367004394531
2021-05-05,403.421630859375
2021-05-06,399.6123352050781
2021-05-07,406.3388671875
2021-05-10,402.0232849121094
2021-05-11,395.7789306640625
2021-05-12,395.8753967285156
2021-05-14,389.4382019042969
2021-05-17,393.9707336425781
2021-05-18,391.96966552734375
2021-05-19,390.3061828613281
2021-05-20,387.3406677246094
2021-05-21,389.46234130859375
2021-05-24,392.6688537597656
2021-05-25,391.3910827636719
2021-05-26,389.70343017578125
2021-05-27,402.96356201171875
2021-05-28,398.864990234375
2021-05-31,397.37017822265625
2021-06-01,393.416259765625
2021-06-02,394.694091796875
2021-06-03,404.00018310546875
2021-06-04,398.88909912109375
2021-06-07,399.00958251953125
2021-06-08,404.0484924316406
2021-06-09,399.1301574707031
2021-06-10,398.7926330566406
2021-06-11,397.2255554199219
2021-06-14,395.63433837890625
2021-06-15,392.7170715332031
2021-06-16,392.0902404785156
2021-06-17,392.06610107421875
2021-06-18,395.6825256347656
2021-06-21,396.6468811035156
2021-06-22,393.7296447753906
2021-06-23,393.0304870605469
2021-06-24,393.0063781738281
2021-06-25,393.2233581542969
2021-06-28,392.6206359863281
2021-06-29,393.1269226074219
2021-06-30,393.48858642578125
2021-07-01,395.7548522949219
2021-07-02,400.43206787109375
2021-07-05,420.73211669921875
2021-07-06,413.7645263671875
2021-07-07,413.3546447753906
2021-07-08,414.6565856933594
2021-07-09,414.9217834472656
2021-07-12,415.0423278808594
2021-07-13,418.875732421875
2021-07-14,417.1639709472656
2021-07-15,410.8232116699219
2021-07-16,417.2603454589844
2021-07-19,417.11572265625
2021-07-20,407.4719543457031
2021-07-22,413.69757080078125
2021-07-23,412.12298583984375
2021-07-26,409.43414306640625
2021-07-27,407.0116882324219
2021-07-28,404.2744140625
2021-07-29,407.3266296386719
2021-07-30,408.39251708984375
2021-08-02,410.0639953613281
2021-08-03,406.45458984375
2021-08-04,407.6173095703125
2021-08-05,415.8050537109375
2021-08-06,410.7180480957031
2021-08-09,405.12225341796875
2021-08-10,396.4258117675781
2021-08-11,390.9996643066406
2021-08-12,392.8648986816406
2021-08-13,397.37060546875
2021-08-16,394.46368408203125
2021-08-17,393.2283020019531
2021-08-18,395.6990966796875
2021-08-20,393.2767639160156
2021-08-23,387.7052307128906
2021-08-24,378.9603576660156
2021-08-25,379.347900390625
2021-08-26,375.5689697265625
2021-08-27,372.32293701171875
2021-08-30,372.9285888671875
2021-08-31,375.4478759765625
2021-09-01,373.9944152832031
2021-09-02,383.5144348144531
2021-09-03,380.5833435058594
2021-09-06,391.55682373046875
2021-09-07,397.3221130371094
2021-09-08,405.70367431640625
2021-09-09,403.28125
2021-09-13,409.9186096191406
2021-09-14,412.8013000488281
2021-09-15,414.8603210449219
2021-09-16,416.192626953125
2021-09-17,412.1714782714844
2021-09-20,407.13287353515625
2021-09-21,403.59613037109375
2021-09-22,411.7838439941406
2021-09-23,412.00189208984375
2021-09-24,434.9904479980469
2021-09-27,437.0252685546875
2021-09-28,433.0767517089844
2021-09-29,430.3636779785156
2021-09-30,440.998046875
2021-10-01,440.58624267578125
2021-10-04,429.6127624511719
2021-10-05,426.8753967285156
2021-10-06,421.8368225097656
2021-10-07,430.1698913574219
2021-10-08,428.7164306640625
2021-10-11,437.26751708984375
2021-10-12,438.47869873046875
2021-10-13,442.9601745605469
2021-10-14,443.2265930175781
2021-10-18,445.7701110839844
2021-10-19,438.8420715332031
2021-10-20,434.04571533203125
2021-10-21,430.630126953125
2021-10-22,435.7898864746094
2021-10-25,446.9813232421875
2021-10-26,450.05780029296875
2021-10-27,456.86474609375
2021-10-28,453.7882995605469
2021-10-29,465.1492919921875
2021-11-01,479.8048400878906
2021-11-02,500.0318908691406
2021-11-03,488.7919921875
2021-11-04,496.0592041015625
2021-11-08,498.9902648925781
2021-11-09,508.9220886230469
2021-11-10,504.46490478515625
2021-11-11,522.5844116210938
2021-11-12,509.9152526855469
2021-11-15,505.02203369140625
2021-11-16,500.4922180175781
2021-11-17,485.7882385253906
2021-11-18,503.5928039550781
2021-11-22,506.0636901855469
2021-11-23,498.0213317871094
2021-11-24,489.6640625
2021-11-25,477.4309387207031
2021-11-26,454.2242736816406
2021-11-29,448.36212158203125
2021-11-30,459.6747131347656
2021-12-01,457.8578796386719
2021-12-02,478.0607604980469
2021-12-03,480.62847900390625
2021-12-06,477.5520324707031
2021-12-07,488.8404235839844
2021-12-08,477.6973571777344
2021-12-09,476.58306884765625
2021-12-10,480.7496032714844
2021-12-13,477.212890625
2021-12-14,490.99639892578125
2021-12-15,482.4695129394531
2021-12-16,477.3582458496094
2021-12-17,491.8684387207031
2021-12-20,487.7987976074219
2021-12-21,474.23333740234375
2021-12-22,473.79736328125
2021-12-23,487.3143005371094
2021-12-24,473.4339294433594
2021-12-27,490.560302734375
2021-12-28,490.8752136230469
2021-12-29,489.63983154296875
2021-12-30,500.6374816894531
2021-12-31,490.2211608886719
2022-01-03,491.89263916015625
2022-01-04,497.8033447265625
2022-01-05,483.656494140625
2022-01-06,492.6193542480469
2022-01-07,484.1651916503906
2022-01-10,478.98126220703125
2022-01-11,474.45135498046875
2022-01-12,487.2900390625
2022-01-13,497.0281677246094
2022-01-14,501.2915344238281
2022-01-17,508.6556396484375
2022-01-18,494.1212463378906
2022-01-19,488.33172607421875
2022-01-20,486.2000427246094
2022-01-21,480.0955810546875
2022-01-24,449.4037170410156
2022-01-25,446.2304382324219
2022-01-27,426.2940673828125
2022-01-28,421.5704040527344
2022-01-31,418.83306884765625
2022-02-01,421.6430358886719
2022-02-02,441.8216247558594
2022-02-03,484.50433349609375
2022-02-04,489.7609558105469
2022-02-07,510.2544250488281
2022-02-08,502.0667419433594
2022-02-09,498.65118408203125
2022-02-10,505.99102783203125
2022-02-11,504.4891662597656
2022-02-14,486.2969055175781
2022-02-15,507.1537780761719
2022-02-16,536.3436889648438
2022-02-17,522.46337890625
2022-02-18,508.0743103027344
2022-02-21,513.7911376953125
2022-02-22,517.8123168945312
2022-02-23,511.1748962402344
2022-02-24,492.01373291015625
2022-02-25,512.1196899414062
2022-02-28,518.442138671875
2022-03-02,508.4134521484375
2022-03-03,510.39984130859375
2022-03-04,497.99713134765625
2022-03-07,488.4286193847656
2022-03-08,495.0417785644531
2022-03-09,477.7458190917969
2022-03-10,475.27496337890625
2022-03-11,476.2196960449219
2022-03-14,474.7420959472656
2022-03-15,476.07440185546875
2022-03-16,474.98431396484375
2022-03-17,476.122802734375
2022-03-21,474.1849060058594
2022-03-22,477.0917663574219
2022-03-23,482.0819091796875
2022-03-24,484.5285339355469
2022-03-25,479.8048400878906
2022-03-28,480.26513671875
2022-03-29,502.9872131347656
2022-03-30,509.50347900390625
2022-03-31,509.69732666015625
2022-04-01,528.93115234375
2022-04-04,532.2982177734375
2022-04-05,548.5768432617188
2022-04-06,556.2315673828125
2022-04-07,563.4503784179688
2022-04-08,558.67822265625
2022-04-11,561.97265625
2022-04-12,558.5086669921875
2022-04-13,557.709228515625
2022-04-18,551.5079345703125
2022-04-19,554.172607421875
2022-04-20,563.353515625
2022-04-21,564.0802612304688
2022-04-22,551.6048583984375
2022-04-25,545.86376953125
2022-04-26,558.43603515625
2022-04-27,549.5941772460938
2022-04-28,550.1755981445312
2022-04-29,550.5389404296875
2022-05-02,552.2588500976562
2022-05-04,545.86376953125
2022-05-05,529.0038452148438
2022-05-06,519.3384399414062
2022-05-09,507.0569152832031
2022-05-10,497.3915100097656
2022-05-11,485.15838623046875
2022-05-12,497.7790832519531
2022-05-13,479.5626220703125
2022-05-16,488.7919921875
2022-05-17,492.76470947265625
2022-05-18,496.47100830078125
2022-05-19,500.3226013183594
2022-05-20,491.5777282714844
2022-05-23,500.3468322753906
2022-05-24,487.7503356933594
2022-05-25,473.9911193847656
2022-05-26,481.9123840332031
2022-05-27,486.1757507324219
2022-05-30,486.24847412109375
2022-05-31,496.3014221191406
2022-06-01,495.6473388671875
2022-06-02,487.7987976074219
2022-06-03,485.7640075683594
2022-06-06,476.41351318359375
2022-06-07,464.0350341796875
2022-06-08,465.8760681152344
2022-06-09,467.0146179199219
2022-06-10,464.0350341796875
2022-06-13,459.19024658203125
2022-06-14,453.44915771484375
2022-06-15,467.5475158691406
2022-06-16,452.0926208496094
2022-06-17,438.40606689453125
2022-06-20,444.6558532714844
2022-06-21,457.4219055175781
2022-06-22,458.10015869140625
2022-06-23,461.58843994140625
2022-06-24,469.29168701171875
2022-06-27,461.564208984375
2022-06-28,455.0237121582031
2022-06-29,447.5627136230469
2022-06-30,437.8489074707031
2022-07-01,434.1668395996094
2022-07-04,428.1835021972656
2022-07-05,428.6437683105469
2022-07-06,423.92010498046875
2022-07-07,424.42877197265625
2022-07-08,429.5643005371094
2022-07-11,465.0039978027344
2022-07-12,456.01690673828125
2022-07-13,457.0343017578125
2022-07-14,472.58612060546875
2022-07-15,480.55584716796875
2022-07-18,486.90252685546875
2022-07-19,496.5678405761719
2022-07-20,482.1304016113281
2022-07-21,489.3000183105469
2022-07-22,489.2511291503906
2022-07-25,487.70953369140625
2022-07-26,486.8775329589844
2022-07-27,483.8922119140625
2022-07-28,488.8840637207031
2022-07-29,482.1793212890625
2022-08-01,470.1890869140625
2022-08-02,478.41094970703125
2022-08-03,474.3244934082031
2022-08-04,494.4632263183594
2022-08-05,484.9689025878906
2022-08-08,494.1451110839844
2022-08-10,493.43548583984375
2022-08-11,487.4403381347656
2022-08-12,487.75848388671875
2022-08-16,494.8058166503906
2022-08-17,512.93798828125
2022-08-18,523.7781982421875
2022-08-19,523.4600219726562
2022-08-22,521.1598510742188
2022-08-23,522.8238525390625
2022-08-24,536.03759765625
2022-08-25,526.959228515625
2022-08-26,531.5840454101562
2022-08-29,530.3361206054688
2022-08-30,538.3622436523438
2022-09-01,538.8271484375
2022-09-02,534.3246459960938
2022-09-05,543.9169311523438
2022-09-06,543.57421875
2022-09-07,552.7015991210938
2022-09-08,556.4454345703125
2022-09-09,567.9952392578125
2022-09-12,559.4796752929688
2022-09-13,547.4161376953125
2022-09-14,555.6134643554688
2022-09-15,555.1974487304688
2022-09-16,532.4649658203125
2022-09-19,514.3572387695312
2022-09-20,533.9821166992188
2022-09-21,529.1126098632812
2022-09-22,534.6183471679688
2022-09-23,534.3980712890625
2022-09-26,533.5905151367188
2022-09-27,523.435546875
2022-09-28,534.226806640625
2022-09-29,536.89404296875
2022-09-30,538.6558837890625
2022-10-03,550.939697265625
2022-10-04,549.3980712890625
2022-10-06,552.0408935546875
2022-10-07,565.5482788085938
2022-10-10,565.9887084960938
2022-10-11,570.1486206054688
2022-10-12,575.1404418945312
2022-10-13,558.867919921875
2022-10-14,570.71142578125
2022-10-17,584.9283447265625
2022-10-18,592.9056396484375
2022-10-19,595.4749755859375
2022-10-20,589.2105712890625
2022-10-21,593.2971801757812
2022-10-24,594.5450439453125
2022-10-25,592.3673095703125
2022-10-27,598.9985961914062
2022-10-28,597.775146484375
2022-10-31,604.9692993164062
2022-11-01,599.047607421875
2022-11-02,599.072021484375
2022-11-03,597.8240356445312
2022-11-04,598.53369140625
2022-11-07,592.3673095703125
2022-11-09,588.0850219726562
2022-11-10,594.7163696289062
2022-11-11,596.6494750976562
2022-11-14,590.6788330078125
2022-11-15,586.029541015625
2022-11-16,571.763671875
2022-11-17,555.5890502929688
2022-11-18,574.3574829101562
2022-11-21,581.722900390625
2022-11-22,584.2188110351562
2022-11-23,590.3363037109375
2022-11-24,588.7213134765625
2022-11-25,592.5140991210938
2022-11-28,597.4815063476562
2022-11-29,599.3412475585938
2022-11-30,599.78173828125
2022-12-01,599.6348266601562
2022-12-02,602.2530517578125
2022-12-05,600.2955932617188
2022-12-06,605.5810546875
2022-12-07,614.267822265625
2022-12-08,614.023193359375
2022-12-09,622.93017578125
2022-12-12,622.6365356445312
2022-12-13,621.3396606445312
2022-12-14,624.7899169921875
2022-12-15,613.2645874023438
2022-12-16,616.9840087890625
2022-12-19,616.2499389648438
2022-12-20,608.7620849609375
2022-12-21,594.9610595703125
2022-12-22,589.7734375
2022-12-23,585.73583984375
2022-12-26,583.1910400390625
2022-12-27,583.460205078125
2022-12-28,582.9953002929688
2022-12-29,586.5924072265625
2022-12-30,587.0573120117188
2023-01-02,584.316650390625
2023-01-03,589.5776977539062
2023-01-04,579.3248291015625
2023-01-05,587.4243774414062
2023-01-06,588.574462890625
2023-01-09,590.091552734375
2023-01-10,595.7196044921875
2023-01-11,611.4049072265625
2023-01-12,610.7930908203125
2023-01-13,608.2482299804688
2023-01-16,606.2172241210938
2023-01-17,606.4129638671875
2023-01-18,613.4603271484375
2023-01-19,606.7310791015625
2023-01-20,595.3526000976562
2023-01-23,606.6576538085938
2023-01-24,609.8143920898438
2023-01-25,611.3069458007812
2023-01-27,604.430908203125
2023-01-30,596.5515747070312
2023-01-31,601.445556640625
2023-02-01,620.042724609375
2023-02-02,650.8258666992188
2023-02-03,664.7247924804688
2023-02-06,668.5665283203125
2023-02-07,671.2093505859375
2023-02-08,672.5305786132812
2023-02-09,669.7411499023438
2023-02-10,673.7296752929688
2023-02-13,670.4017333984375
2023-02-14,665.4588623046875
2023-02-15,677.620361328125
2023-02-16,694.7738037109375
2023-02-17,693.9907836914062
2023-02-20,694.5780639648438
2023-02-21,691.9108276367188
2023-02-22,710.336669921875
2023-02-23,696.11962890625
2023-02-24,713.4932861328125
2023-02-27,699.1784057617188
2023-02-28,702.9223022460938
2023-03-01,703.1425170898438
2023-03-02,698.8357543945312
2023-03-03,704.586181640625
2023-03-06,725.0675659179688
2023-03-08,734.6597290039062
2023-03-09,740.8016357421875
2023-03-10,742.661376953125
2023-03-13,733.240478515625
2023-03-14,734.537353515625
2023-03-15,728.1262817382812
2023-03-16,695.2387084960938
2023-03-17,704.5128173828125
2023-03-20,707.9385986328125
2023-03-21,712.39208984375
2023-03-22,700.5486450195312
2023-03-23,711.5601196289062
2023-03-24,699.2028198242188
2023-03-27,688.0200805664062
2023-03-28,676.959716796875
2023-03-29,672.0657348632812
2023-03-31,674.9531860351562
2023-04-03,679.2109375
2023-04-05,701.4295654296875
2023-04-06,705.858642578125
2023-04-10,695.2632446289062
2023-04-11,695.7525634765625
2023-04-12,704.586181640625
2023-04-13,721.2991943359375
2023-04-17,733.044677734375
2023-04-18,716.552001953125
2023-04-19,718.7542114257812
2023-04-20,727.75927734375
2023-04-21,724.5291748046875
2023-04-24,741.804931640625
2023-04-25,724.6759643554688
2023-04-26,723.3302001953125
2023-04-27,718.4851684570312
2023-04-28,724.4067993164062
2023-05-02,716.9679565429688
2023-05-03,703.8766479492188
2023-05-04,703.1669921875
2023-05-05,703.4850463867188
2023-05-08,698.0772705078125
2023-05-09,688.3871459960938
2023-05-10,690.0756225585938
2023-05-11,701.380615234375
2023-05-12,693.3544921875
2023-05-15,698.8357543945312
2023-05-16,696.4622192382812
2023-05-17,689.24365234375
2023-05-18,700.3529663085938
2023-05-19,686.7720947265625
2023-05-22,690.9564819335938
2023-05-23,679.7003173828125
2023-05-24,702.775390625
2023-05-25,712.6368408203125
2023-05-26,715.1082153320312
2023-05-29,720.0267333984375
2023-05-30,714.447509765625
2023-05-31,705.6629028320312
2023-06-01,706.690673828125
2023-06-02,705.4671020507812
2023-06-05,705.3692626953125
2023-06-06,710.140869140625
2023-06-07,718.2160034179688
2023-06-08,714.5209350585938
2023-06-09,713.6156005859375
2023-06-12,728.64013671875
2023-06-13,743.1018676757812
2023-06-14,752.7918701171875
2023-06-15,746.7967529296875
2023-06-16,748.6076049804688
2023-06-19,746.4297485351562
2023-06-20,773.4445190429688
2023-06-21,783.3303833007812
2023-06-22,777.212890625
2023-06-23,769.1867065429688
2023-06-26,769.822998046875
2023-06-27,762.9224853515625
2023-06-28,752.0088500976562
2023-06-30,750.8343505859375
2023-07-03,751.0789794921875
2023-07-04,758.37109375
2023-07-05,771.6826782226562
2023-07-06,773.4445190429688
2023-07-07,773.5423583984375
2023-07-10,773.6402587890625
2023-07-11,773.9828491210938
2023-07-12,767.7185668945312
2023-07-13,778.3385009765625
2023-07-14,776.9192504882812
2023-07-17,775.3531494140625
2023-07-18,772.8082275390625
2023-07-19,777.01708984375
2023-07-20,774.5701293945312
2023-07-21,779.50146484375
2023-07-24,774.520751953125
2023-07-25,765.0032958984375
2023-07-26,769.0469970703125
2023-07-27,756.9651489257812
2023-07-28,753.759765625
2023-07-31,772.8441772460938
2023-08-01,773.38671875
2023-08-02,764.3129272460938
2023-08-03,758.4938354492188
2023-08-04,751.9844360351562
2023-08-07,725.7002563476562
2023-08-08,726.0947265625
2023-08-09,735.2178344726562
2023-08-10,739.2122192382812
2023-08-11,731.963134765625
2023-08-14,731.174072265625
2023-08-16,732.9987182617188
2023-08-17,734.1329345703125
2023-08-18,737.3876342773438
2023-08-21,736.05615234375
2023-08-22,726.93310546875
2023-08-23,727.4755859375
2023-08-24,719.4374389648438
2023-08-25,695.0272216796875
2023-08-28,717.0211181640625
2023-08-29,725.1578369140625
2023-08-30,730.5823364257812
2023-08-31,730.2864379882812
2023-09-01,735.0205078125
2023-09-04,731.322021484375
2023-09-05,731.815185546875
2023-09-06,740.9381713867188
2023-09-07,782.1644287109375
2023-09-08,796.0216064453125
2023-09-11,796.3668212890625
2023-09-12,771.4140625
2023-09-13,784.9259643554688
2023-09-14,776.2467651367188
2023-09-15,783.7918090820312
2023-09-18,789.0682983398438
2023-09-20,894.8462524414062
2023-09-21,878.37548828125
2023-09-22,882.024658203125
2023-09-25,899.1858520507812
2023-09-26,883.8493041992188
2023-09-27,876.0084838867188
2023-09-28,882.369873046875
2023-09-29,863.1868896484375
2023-10-03,873.2468872070312
2023-10-04,870.6825561523438
2023-10-05,864.715576171875
2023-10-06,860.42529296875
2023-10-09,856.3815307617188
2023-10-10,853.6693115234375
2023-10-11,870.1400756835938
2023-10-12,866.5895385742188
2023-10-13,861.4608764648438
2023-10-16,877.1920166015625
2023-10-17,898.7420043945312
2023-10-18,931.3876953125
2023-10-19,931.2891235351562
2023-10-20,906.6815185546875
2023-10-23,870.8798217773438
2023-10-25,877.6356811523438
2023-10-26,850.41455078125
2023-10-27,851.4994506835938
2023-10-30,860.2280883789062
2023-10-31,872.5072021484375
2023-11-01,921.4755859375
2023-11-02,914.423828125
2023-11-03,958.3623046875
2023-11-06,953.726806640625
2023-11-07,944.603759765625
2023-11-08,930.9439086914062
2023-11-09,909.147216796875
2023-11-10,936.9600830078125
2023-11-13,946.5269165039062
2023-11-15,953.8253784179688
2023-11-16,954.5651245117188
2023-11-17,956.3404541015625
2023-11-20,967.1893920898438
2023-11-21,973.5015258789062
2023-11-22,961.9127807617188
2023-11-23,963.4415283203125
2023-11-24,996.0379028320312
2023-11-28,985.2382202148438
2023-11-29,972.5645751953125
2023-11-30,988.098388671875
2023-12-01,975.4248046875
2023-12-04,978.3343505859375
2023-12-05,1010.6347045898438
2023-12-06,991.9448852539062
2023-12-07,998.3063354492188
2023-12-08,991.4517822265625
2023-12-11,983.9561157226562
2023-12-12,982.3287353515625
2023-12-13,990.5147705078125
2023-12-14,980.4547729492188
2023-12-15,955.2554931640625
2023-12-18,950.8665771484375
2023-12-19,935.332763671875
2023-12-20,911.4156494140625
2023-12-21,916.1004028320312
2023-12-22,938.1929321289062
2023-12-26,933.9520263671875
2023-12-27,937.0093994140625
2023-12-28,934.543701171875
2023-12-29,934.0012817382812
2024-01-01,935.7765502929688
2024-01-02,938.0449829101562
2024-01-03,928.8233642578125
2024-01-04,922.8070678710938
2024-01-05,931.04248046875
2024-01-08,939.5243530273438
2024-01-09,953.628173828125
2024-01-10,956.6363525390625
2024-01-11,982.3287353515625
2024-01-12,1008.2184448242188
2024-01-15,1047.7679443359375
2024-01-16,1036.77099609375
2024-01-17,1047.17626953125
2024-01-18,1034.8477783203125
2024-01-19,1058.8143310546875
2024-01-23,1053.43896484375
2024-01-24,1071.68505859375
2024-01-25,1045.8447265625
2024-01-29,1064.0909423828125
2024-01-30,1085.0985107421875
2024-01-31,1123.8590087890625
2024-02-01,1168.5865478515625
2024-02-02,1172.1865234375
2024-02-05,1151.9678955078125
2024-02-06,1144.5213623046875
2024-02-07,1152.6580810546875
2024-02-08,1137.9134521484375
2024-02-09,1149.9459228515625
2024-02-12,1135.7437744140625
2024-02-13,1188.80517578125
2024-02-14,1175.687744140625
2024-02-15,1216.7166748046875
2024-02-16,1219.2811279296875
2024-02-19,1252.22265625
2024-02-20,1268.93994140625
2024-02-21,1254.0965576171875
2024-02-22,1260.0633544921875
2024-02-23,1275.99169921875
2024-02-26,1239.10498046875
2024-02-27,1274.9561767578125
2024-02-28,1274.2657470703125
2024-02-29,1252.814208984375
2024-03-01,1290.0955810546875
2024-03-04,1298.1829833984375
2024-03-05,1272.835693359375
2024-03-06,1241.4227294921875
2024-03-07,1305.72802734375
2024-03-11,1307.651123046875
2024-03-12,1291.279052734375
2024-03-13,1249.41162109375
2024-03-14,1243.4447021484375
2024-03-15,1262.430419921875
2024-03-18,1267.904296875
2024-03-19,1259.12646484375
2024-03-20,1214.69482421875
2024-03-21,1230.1300048828125
2024-03-22,1224.2618408203125
2024-03-26,1248.0802001953125
2024-03-27,1283.1422119140625
2024-03-28,1256.2169189453125
2024-04-01,1259.3731689453125
2024-04-02,1292.807861328125
2024-04-03,1329.74365234375
2024-04-04,1329.79296875
2024-04-05,1344.6363525390625
2024-04-08,1387.933837890625
2024-04-09,1380.6353759765625
2024-04-10,1400.1143798828125
2024-04-12,1364.75634765625
2024-04-15,1348.236328125
2024-04-16,1374.7672119140625
2024-04-18,1385.6160888671875
2024-04-19,1402.9251708984375
2024-04-22,1436.310546875
2024-04-23,1437.54345703125
2024-04-24,1424.9683837890625
2024-04-25,1444.5460205078125
2024-04-26,1435.521484375
2024-04-29,1452.8800048828125
2024-04-30,1475.613525390625
2024-05-02,1450.414306640625
2024-05-03,1428.02587890625
2024-05-06,1426.990234375
2024-05-07,1424.524658203125
2024-05-08,1415.204345703125
2024-05-09,1368.4549560546875
2024-05-10,1396.021240234375
2024-05-13,1401.6922607421875
2024-05-14,1473.73974609375
2024-05-15,1466.9837646484375
2024-05-16,1548.203369140625
2024-05-17,1561.3701171875
2024-05-21,1555.994873046875
2024-05-22,1508.505859375
2024-05-23,1504.6593017578125
2024-05-24,1464.7645263671875
2024-05-27,1466.490478515625
2024-05-28,1495.9307861328125
2024-05-29,1494.9940185546875
2024-05-30,1479.7559814453125
2024-05-31,1554.811279296875
2024-06-03,1577.89013671875
2024-06-04,1579.6654052734375
2024-06-05,1512.648193359375
2024-06-06,1504.2646484375
2024-06-07,1544.40625
2024-06-10,1573.9945068359375
2024-06-11,1620.6944580078125
2024-06-12,1658.07421875
2024-06-13,1664.633056640625
2024-06-14,1712.5166015625
2024-06-18,1706.845458984375
2024-06-19,1682.5338134765625
2024-06-20,1645.499267578125
2024-06-21,1664.7315673828125
2024-06-24,1670.5999755859375
2024-06-25,1651.466064453125
2024-06-26,1629.6202392578125
2024-06-27,1618.1302490234375
2024-06-28,1612.1138916015625
2024-07-01,1600.623779296875
2024-07-02,1583.1173095703125
2024-07-03,1586.2242431640625
2024-07-04,1583.659912109375
2024-07-05,1681.8433837890625
2024-07-08,1632.92431640625
2024-07-09,1819.8724365234375
2024-07-10,1687.5638427734375
2024-07-11,1734.757080078125
2024-07-12,1685.2459716796875
2024-07-15,1661.0823974609375
2024-07-16,1713.7987060546875
2024-07-18,1672.3258056640625
2024-07-19,1624.243896484375
2024-07-22,1623.84765625
2024-07-23,1665.145751953125
2024-07-24,1643.6549072265625
2024-07-25,1647.71533203125
2024-07-26,1696.9859619140625
2024-07-29,1725.1617431640625
2024-07-30,1706.9390869140625
2024-07-31,1707.087646484375
2024-08-01,1739.323974609375
2024-08-02,1698.6199951171875
2024-08-05,1611.27001953125
2024-08-06,1574.0323486328125
2024-08-07,1606.4173583984375
2024-08-08,1603.4462890625
2024-08-09,1589.3336181640625
2024-08-12,1602.0101318359375
2024-08-13,1697.1839599609375
2024-08-14,1707.13720703125
2024-08-16,1702.0863037109375
2024-08-19,1715.2086181640625
2024-08-20,1691.09326171875
2024-08-21,1689.706787109375
2024-08-22,1729.66796875
2024-08-23,1706.9886474609375
2024-08-26,1672.6724853515625
2024-08-27,1710.15771484375
2024-08-28,1729.8165283203125
2024-08-29,1679.5555419921875
2024-08-30,1687.478515625
2024-09-02,1644.595703125
2024-09-03,1667.5225830078125
2024-09-04,1683.120849609375
2024-09-05,1678.3670654296875
2024-09-06,1707.830322265625
2024-09-09,1772.055419921875
2024-09-10,1782.6026611328125
2024-09-11,1771.0155029296875
2024-09-12,1799.1417236328125
2024-09-13,1869.80419921875
2024-09-16,1916.2520751953125
2024-09-17,1872.9732666015625
2024-09-18,1861.3365478515625
2024-09-19,1848.659912109375
2024-09-20,1911.498291015625
2024-09-23,1993.450927734375
2024-09-24,2006.4742431640625
2024-09-25,2031.6292724609375
2024-09-26,2114.2255859375
2024-09-27,2099.072998046875
2024-09-30,2043.8109130859375
2024-10-01,2075.651123046875
2024-10-03,2126.456298828125
2024-10-04,2036.33349609375
2024-10-07,1916.9454345703125
2024-10-08,1892.4833984375
2024-10-09,1989.637939453125
2024-10-10,1998.2047119140625
2024-10-11,1999.8387451171875
2024-10-14,2003.3544921875
2024-10-15,2028.9554443359375
2024-10-16,1992.80712890625
2024-10-17,1999.7396240234375
2024-10-18,2002.908935546875
2024-10-21,1998.4027099609375
2024-10-22,1891.6417236328125
2024-10-23,1881.8370361328125
2024-10-24,1851.5321044921875
2024-10-25,1831.32861328125
2024-10-28,1810.5804443359375
2024-10-29,1831.82373046875
2024-10-30,1791.466552734375
2024-10-31,1853.017578125
2024-11-01,1898.6236572265625
2024-11-04,1822.2667236328125
2024-11-05,1839.1029052734375
2024-11-06,1862.921142578125
2024-11-07,1761.408935546875
2024-11-08,1770.322265625
2024-11-11,1777.75
2024-11-12,1744.2261962890625
2024-11-13,1743.4833984375
2024-11-14,1791.0208740234375
2024-11-18,1792.1102294921875
2024-11-19,1796.07177734375
2024-11-21,1818.1072998046875
2024-11-22,1820.2364501953125
2024-11-25,1830.437255859375
2024-11-26,1797.0621337890625
2024-11-27,1831.6256103515625
2024-11-28,1815.3837890625
2024-11-29,1835.240478515625
2024-12-02,1824.5941162109375
2024-12-03,1856.0877685546875
2024-12-04,1897.5343017578125
2024-12-05,1947.0028076171875
2024-12-06,2061.98388671875
2024-12-09,2086.000244140625
2024-12-10,2062.726806640625
2024-12-11,2110.41259765625
2024-12-12,2032.669189453125
2024-12-13,2068.56982421875
2024-12-16,2135.86474609375
2024-12-17,2041.483642578125
2024-12-18,2018.95263671875
2024-12-19,2024.2017822265625
2024-12-20,1958.441650390625
2024-12-23,1986.4688720703125
2024-12-24,1964.086669921875
2024-12-26,2019.5469970703125
2024-12-27,2052.971435546875
2024-12-30,2109.818359375
2024-12-31,2118.533447265625
2025-01-01,2238.02099609375
2025-01-02,2270.603759765625
2025-01-03,2315.021484375
2025-01-06,2202.9619140625
2025-01-07,2132.646240234375
2025-01-08,2085.3564453125
2025-01-09,1993.698486328125
2025-01-10,1958.39208984375
2025-01-13,1835.53759765625
2025-01-14,1851.9776611328125
2025-01-15,1899.3170166015625
2025-01-16,1915.7073974609375
2025-01-17,1904.8134765625
2025-01-20,1912.736328125
2025-01-21,1847.8182373046875
2025-01-22,1861.3365478515625
2025-01-23,1900.455810546875
2025-01-24,1825.0892333984375
2025-01-27,1776.5120849609375
2025-01-28,1746.2069091796875
2025-01-29,1809.88720703125
2025-01-30,1780.671630859375
2025-01-31,1800.033203125
2025-02-01,2036.82861328125
2025-02-03,2028.60888671875
2025-02-04,1997.659912109375
2025-02-05,1950.172119140625
2025-02-06,1962.1553955078125
2025-02-07,2018.9031982421875
2025-02-10,1957.69873046875
2025-02-11,1870.5965576171875
2025-02-12,1975.822509765625
2025-02-13,1975.5748291015625
2025-02-14,1944.675537109375
2025-02-17,1930.3153076171875
2025-02-18,1854.5030517578125
2025-02-19,1879.6087646484375
2025-02-20,1897.1876220703125
2025-02-21,1895.3060302734375
2025-02-24,1860.69287109375
2025-02-25,1861.1881103515625
2025-02-27,1907.883544921875
2025-02-28,1899.16845703125
2025-03-03,2012.9114990234375
2025-03-04,2080.404541015625
2025-03-05,2110.660400390625
2025-03-06,2123.4853515625
2025-03-07,2080.503662109375
2025-03-10,2062.47900390625
2025-03-11,2001.9185791015625
2025-03-12,2026.9251708984375
2025-03-13,2006.1275634765625
2025-03-17,1994.3917236328125
2025-03-18,1994.3917236328125
2025-03-19,2188.75048828125
2025-03-20,2187.36376953125
2025-03-21,2131.953125
2025-03-24,2189.592041015625
2025-03-25,2177.311767578125
2025-03-26,2177.311767578125
2025-03-27,2171.022705078125
2025-03-28,2115.81005859375
2025-04-01,2065.25244140625
2025-04-02,2091.397705078125
2025-04-03,2073.076171875
2025-04-04,1996.6695556640625
2025-04-07,1943.2889404296875
2025-04-08,1958.39208984375
2025-04-09,1920.6097412109375
2025-04-11,1948.24072265625
2025-04-15,2004.0972900390625
2025-04-16,2033.5111083984375
2025-04-17,1995.9764404296875
2025-04-21,2010.53466796875
2025-04-22,2022.6170654296875
2025-04-23,1906.8436279296875
2025-04-24,1831.774169921875
2025-04-25,1722.438232421875
2025-04-28,1729.5689697265625
2025-04-29,1729.0736083984375
2025-04-30,1689.8553466796875
2025-05-02,1663.41259765625
2025-05-05,1665.78955078125
2025-05-06,1674.0096435546875
2025-05-07,1661.5308837890625
2025-05-08,1592.70068359375
2025-05-09,1578.6375732421875
2025-05-12,1608.5465087890625
2025-05-13,1565.8619384765625
2025-05-14,1543.8759765625
2025-05-15,1556.2554931640625
2025-05-16,1548.1343994140625
2025-05-19,1602.40625
2025-05-20,1594.6815185546875
2025-05-21,1564.079345703125
2025-05-22,1543.8759765625
2025-05-23,1542.390380859375
2025-05-26,1536.943359375
2025-05-27,1536.34912109375
2025-05-28,1540.5086669921875
2025-05-29,1536.1510009765625
2025-05-30,1517.5322265625
2025-06-02,1530.9022216796875
2025-06-03,1528.3272705078125
2025-06-04,1536.547119140625
2025-06-05,1569.724365234375
2025-06-06,1573.8837890625
2025-06-09,1554.274658203125
2025-06-10,1608.84375
2025-06-11,1617.2618408203125
2025-06-12,1606.466796875
2025-06-13,1629.047119140625
2025-06-16,1659.0550537109375
2025-06-17,1653.80615234375
2025-06-18,1615.875244140625
2025-06-19,1576.3597412109375
2025-06-20,1594.4833984375
2025-06-23,1596.1669921875
2025-06-24,1615.281005859375
2025-06-25,1629.6412353515625
2025-06-26,1644.8929443359375
2025-06-27,1608.3485107421875
2025-06-30,1619.836669921875
2025-07-01,1688.4688720703125
2025-07-02,1739.1754150390625
2025-07-03,1824.544677734375
2025-07-04,1823.4552001953125
2025-07-07,1809.094970703125
2025-07-08,1792.6549072265625
2025-07-09,1792.15966796875
2025-07-10,1779.384033203125
2025-07-11,1782.4542236328125
2025-07-14,1810.8775634765625
2025-07-15,1864.1590576171875
2025-07-16,1842.668212890625
2025-07-17,1864.4561767578125
2025-07-18,1836.29443359375
2025-07-21,1810.7197265625
2025-07-22,1755.590087890625
2025-07-23,1740.663330078125
2025-07-24,1755.689697265625
2025-07-25,1738.673095703125
2025-07-28,1730.214599609375
2025-07-29,1736.3843994140625
2025-07-30,1746.136474609375
2025-07-31,1729.6175537109375
2025-08-01,1688.7181396484375
2025-08-04,1730.9112548828125
2025-08-05,1742.156005859375
2025-08-06,1761.7598876953125
2025-08-07,1818.5811767578125
2025-08-08,1791.5140380859375
2025-08-11,1753.3013916015625
2025-08-12,1737.0809326171875
2025-08-13,1747.231201171875
2025-08-14,1776.4876708984375
2025-08-18,1906.3507080078125
2025-08-19,1919.386962890625
2025-08-20,1917.9937744140625
2025-08-21,1892.0211181640625
2025-08-22,1910.6297607421875
2025-08-25,1895.10595703125
2025-08-26,1855.898193359375
2025-08-28,1870.924560546875
2025-08-29,1872.5167236328125
2025-09-01,1938.791748046875
2025-09-02,1930.830810546875
2025-09-03,1951.0316162109375
2025-09-04,1934.5126953125
2025-09-05,1934.01513671875
2025-09-08,1875.0045166015625
2025-09-09,1877.7908935546875
2025-09-10,1880.4776611328125
2025-09-11,1877.5919189453125
2025-09-12,1875.701171875
2025-09-15,1879.880615234375
2025-09-16,1914.709716796875
2025-09-17,1930.731201171875
2025-09-18,1951.4296875
2025-09-19,1954.216064453125
2025-09-22,1987.0550537109375
2025-09-23,1954.4150390625
2025-09-24,1934.711669921875
2025-09-25,1917.894287109375
2025-09-26,1880.875732421875
2025-09-29,1886.348876953125
2025-09-30,1871.8201904296875
2025-10-01,1868.6358642578125
2025-10-03,1889.9312744140625
2025-10-06,1883.5626220703125
2025-10-07,1902.8677978515625
2025-10-08,1883.16455078125
2025-10-09,1883.0650634765625
2025-10-10,1939.5877685546875
2025-10-13,1902.3702392578125
2025-10-14,1871.422119140625
2025-10-15,1903.9625244140625
2025-10-16,1948.0462646484375
2025-10-17,1961.7789306640625
2025-10-20,1961.679443359375
2025-10-21,1953.419921875
2025-10-23,1962.574951171875
2025-10-24,1996.2100830078125
2025-10-27,1969.93896484375
2025-10-28,1942.0755615234375
2025-10-29,1955.5096435546875
2025-10-30,1952.225830078125
2025-10-31,1927.9449462890625
2025-11-03,1924.9595947265625
2025-11-04,1908.241455078125
2025-11-06,1776.7862548828125
2025-11-07,1744.146240234375
2025-11-10,1762.9539794921875
2025-11-11,1771.41259765625
2025-11-12,1789.2252197265625
2025-11-13,1778.9754638671875
2025-11-14,1759.7696533203125
2025-11-17,1780.169677734375
2025-11-18,1768.8251953125
2025-11-19,1786.2398681640625
2025-11-20,1785.841796875
2025-11-21,1767.631103515625
2025-11-24,1776.5872802734375
2025-11-25,1738.175537109375
2025-11-26,1767.2330322265625
2025-11-27,1749.619384765625
2025-11-28,1756.7843017578125
2025-12-01,1760.7647705078125
2025-12-02,1736.8819580078125
2025-12-03,1745.9375
2025-12-04,1743.8477783203125
2025-12-05,1725.9356689453125
2025-12-08,1714.7901611328125
2025-12-09,1730.1151123046875
2025-12-10,1720.9599609375
2025-12-11,1737.677978515625
2025-12-12,1787.9315185546875
2025-12-15,1797.3851318359375
2025-12-16,1806.7392578125
2025-12-17,1817.8846435546875
2025-12-18,1845.5489501953125
2025-12-19,1772.706298828125
2025-12-22,1757.580322265625
2025-12-23,1757.7794189453125
2025-12-24,1768.7257080078125
2025-12-26,1755.2916259765625
2025-12-29,1723.1492919921875
2025-12-30,1699.6644287109375
2025-12-31,1722.2535400390625
2026-01-01,1763.551025390625
2026-01-02,1807.23681640625
2026-01-05,1839.8768310546875
2026-01-06,1814.7001953125
2026-01-07,1833.70703125
2026-01-08,1810.3216552734375
2026-01-09,1792.5091552734375
2026-01-12,1784.5482177734375
2026-01-13,1784.4486083984375
2026-01-14,1803.25634765625
2026-01-15,1803.25634765625
2026-01-16,1797.28564453125
2026-01-19,1759.172607421875
2026-01-20,1739.3697509765625
2026-01-21,1705.3365478515625
2026-01-22,1700.9581298828125
2026-01-23,1689.812744140625
2026-01-27,1659.362060546875
2026-01-28,1693.1961669921875
2026-01-29,1724.044921875
2026-01-30,1808.032958984375
2026-02-02,1829.22900390625
2026-02-03,1808.9285888671875
2026-02-04,1871.0240478515625
2026-02-05,1852.912841796875
2026-02-06,1871.720703125
2026-02-09,1927.546875
2026-02-10,1938.791748046875
2026-02-11,1952.623779296875
2026-02-12,1964.3662109375
2026-02-13,1987.4530029296875
2026-02-16,1965.759521484375
2026-02-17,1992.627685546875
2026-02-18,2006.8577880859375
2026-02-19,1959.4901123046875
2026-02-20,1958.7935791015625
2026-02-23,1952.225830078125
2026-02-24,1949.93701171875
2026-02-25,1932.721435546875
2026-02-26,1955.3106689453125
2026-02-27,1931.726318359375
2026-03-02,1893.2152099609375
2026-03-04,1834.6026611328125
2026-03-05,1937.199462890625
2026-03-06,1938.99072265625
2026-03-09,1865.9488525390625
2026-03-10,1878.5870361328125
2026-03-11,1931.6268310546875
2026-03-12,1943.96630859375
2026-03-13,1824.25341796875
2026-03-16,1795.29541015625
2026-03-17,1806.4407958984375
2026-03-18,1810.7197265625
2026-03-19,1725.0400390625
2026-03-20,1700.261474609375
2026-03-23,1613.1884765625
2026-03-24,1657.7698974609375
2026-03-25,1736.0858154296875
2026-03-27,1667.0244140625
2026-03-30,1602.8392333984375
2026-04-01,1548.704833984375
2026-04-02,1520.8414306640625
2026-04-06,1557.7603759765625
2026-04-07,1532.98193359375
2026-04-08,1611.496826171875
2026-04-09,1647.5201416015625
2026-04-10,1681.7523193359375
2026-04-13,1721.5570068359375
2026-04-15,1796.091552734375
2026-04-16,1840.27490234375
2026-04-17,1856.9927978515625
2026-04-20,1879.7811279296875
2026-04-21,1860.6748046875
2026-04-22,1879.383056640625
2026-04-23,1820.8701171875
2026-04-24,1809.525634765625
2026-04-27,1906.9478759765625
2026-04-28,1882.368408203125
2026-04-29,1828.33349609375
2026-04-30,1772.3082275390625
2026-05-01,1772.3082275390625
2026-05-04,1793.4046630859375
2026-05-05,1793.5042724609375
2026-05-06,1797.783203125
2026-05-07,1740.0662841796875
2026-05-08,1684.5386962890625
2026-05-11,1652.9932861328125
2026-05-12,1622.64208984375
2026-05-13,1622.64208984375
2026-05-14,1659.0634765625
2026-05-15,1649.908447265625
2026-05-18,1625.82666015625
2026-05-19,1673.791259765625
2026-05-20,1669.9102783203125
2026-05-21,1654.386474609375
2026-05-22,1649.1123046875
2026-05-25,1644.236328125
2026-05-26,1632.8919677734375
2026-05-27,1649.0128173828125
2026-05-28,1649.0128173828125
2026-05-29,1581.2452392578125
2026-06-01,1537.260986328125
2026-06-02,1571.8909912109375
2026-06-03,1573.085205078125
2026-06-04,1599.75439453125
2026-06-05,1574.080322265625
2026-06-08,1544.624755859375
2026-06-09,1563.134033203125
2026-06-10,1573.980712890625
2026-06-11,1549.202392578125
2026-06-12,1576.070556640625
2026-06-15,1603.3367919921875
2026-06-16,1613.487060546875
2026-06-17,1687.324951171875
2026-06-18,1697.9727783203125
2026-06-19,1660.158203125
2026-06-22,1656.57568359375
2026-06-23,1653.7894287109375
2026-06-24,1644.73388671875
2026-06-25,1629.2099609375
2026-06-26,1629.2099609375
2026-06-29,1627.518310546875
2026-06-30,1620.3533935546875
2026-07-01,1598.560302734375
2026-07-02,1591.2958984375
2026-07-03,1575.473388671875
2026-07-06,1590.0023193359375
2026-07-07,1597.565185546875
2026-07-08,1567.114501953125
2026-07-09,1607.71533203125
2026-07-10,1653.888916015625
2026-07-13,1707.724853515625
2026-07-14,1737.677978515625
2026-07-15,1745.3404541015625
2026-07-16,1733.199951171875
2026-07-17,1686.9000244140625
2026-07-20,1714.300048828125
2026-07-21,1702.800048828125
2026-07-22,1660.699951171875
2026-07-23,1633.9000244140625
2026-07-24,1637.199951171875
2026-07-27,1643.199951171875
2026-07-28,1645.199951171875
2026-07-29,1680.800048828125
2026-07-30,1691.4000244140625
2026-07-31,1681.199951171875
2026-08-03,1729.199951171875
2026-08-04,1685.0
2026-08-05,1665.0
2026-08-06,1571.0
2026-08-07,1514.0
2026-08-10,1508.0
2026-08-11,1497.9000244140625
2026-08-12,1490.0
2026-08-13,1514.0
2026-08-14,1508.0
2026-08-17,1508.0999755859375
2026-08-18,1493.0
2026-08-19,1493.199951171875
2026-08-20,1510.0
2026-08-21,1511.9000244140625
2026-08-24,1504.0
2026-08-25,1515.0
2026-08-26,1485.0
2026-08-27,1497.0
2026-08-28,1480.0
2026-08-31,1463.800048828125
2026-09-01,1490.9000244140625
2026-09-02,1445.300048828125
2026-09-03,1485.699951171875
2026-09-04,1484.0
2026-09-07,1496.0
2026-09-08,1460.9000244140625
2026-09-09,1456.9000244140625
2026-09-10,1514.0
2026-09-11,1558.0
2026-09-14,1558.0
2026-09-15,1483.0
2026-09-16,1504.0
2026-09-18,1531.800048828125
2026-09-21,1563.4000244140625
