Date,BPCL
1996-01-02,2.8636412620544434
1996-01-03,2.8605825901031494
1996-01-04,2.87587833404541
1996-01-05,2.87587833404541
1996-01-08,2.802452564239502
1996-01-09,2.8153016567230225
1996-01-10,2.8391661643981934
1996-01-11,2.802452564239502
1996-01-12,2.802452564239502
1996-01-15,2.802452564239502
1996-01-16,2.87587833404541
1996-01-17,2.87587833404541
1996-01-18,2.692312479019165
1996-01-19,2.692312479019165
1996-01-22,2.692312479019165
1996-01-23,2.692312479019165
1996-01-24,2.692312479019165
1996-01-25,2.692312479019165
1996-01-26,2.692312479019165
1996-01-29,2.731473207473755
1996-01-30,2.753499746322632
1996-01-31,2.753499746322632
1996-02-01,2.8146896362304688
1996-02-02,2.864253044128418
1996-02-05,3.1451098918914795
1996-02-06,3.2552504539489746
1996-02-07,3.181823492050171
1996-02-08,3.243011474609375
1996-02-09,3.349480390548706
1996-02-12,3.4877684116363525
1996-02-13,3.61014461517334
1996-02-14,3.6107566356658936
1996-02-15,3.61014461517334
1996-02-16,3.5636415481567383
1996-02-19,3.61014461517334
1996-02-20,3.5122430324554443
1996-02-21,3.5122430324554443
1996-02-22,3.61014461517334
1996-02-23,3.573432207107544
1996-02-26,3.6590964794158936
1996-02-27,3.6590964794158936
1996-02-28,3.6590964794158936
1996-02-29,3.4877684116363525
1996-03-01,3.5244810581207275
1996-03-04,3.548957347869873
1996-03-05,3.548957347869873
1996-03-06,3.5899531841278076
1996-03-07,3.5764920711517334
1996-03-08,3.5122430324554443
1996-03-11,3.5495693683624268
1996-03-12,3.5244810581207275
1996-03-13,3.5244810581207275
1996-03-14,3.5244810581207275
1996-03-15,3.5000054836273193
1996-03-18,3.4804258346557617
1996-03-19,3.4265780448913574
1996-03-20,3.4265780448913574
1996-03-21,3.4785890579223633
1996-03-22,3.4632914066314697
1996-03-25,3.4969470500946045
1996-03-26,3.5856704711914062
1996-03-27,3.548957347869873
1996-03-28,3.548957347869873
1996-03-29,3.61014461517334
1996-04-01,3.5856704711914062
1996-04-02,3.5183615684509277
1996-04-03,3.7080469131469727
1996-04-04,3.7508790493011475
1996-04-05,3.7508790493011475
1996-04-08,3.7386419773101807
1996-04-09,3.7937116622924805
1996-04-10,3.8549001216888428
1996-04-11,3.8793771266937256
1996-04-12,3.9001810550689697
1996-04-15,4.0354084968566895
1996-04-16,4.004813194274902
1996-04-17,4.11495304107666
1996-04-18,4.160844802856445
1996-04-19,4.366440296173096
1996-04-22,4.242839336395264
1996-04-23,4.270986557006836
1996-04-24,4.483310222625732
1996-04-25,4.3517560958862305
1996-04-26,4.380516052246094
1996-04-29,4.356649398803711
1996-04-30,4.514517307281494
1996-05-01,4.589780330657959
1996-05-02,4.589168071746826
1996-05-03,4.650356769561768
1996-05-06,4.491265773773193
1996-05-07,4.611196041107178
1996-05-08,4.67483377456665
1996-05-09,4.736021518707275
1996-05-10,4.406825065612793
1996-05-13,4.283224105834961
1996-05-14,4.344412326812744
1996-05-15,4.521859169006348
1996-05-16,4.40621280670166
1996-05-17,4.416616439819336
1996-05-20,4.503503799438477
1996-05-21,4.479029655456543
1996-05-22,4.430076599121094
1996-05-23,4.416616439819336
1996-05-24,4.405600547790527
1996-05-27,4.307699203491211
1996-05-28,4.282613277435303
1996-05-29,4.282613277435303
1996-05-30,4.270986557006836
1996-05-31,4.206126689910889
1996-06-03,4.190217018127441
1996-06-04,4.258749008178711
1996-06-05,4.228153705596924
1996-06-06,4.270986557006836
1996-06-07,4.381126403808594
1996-06-10,4.206737041473389
1996-06-11,4.104551315307617
1996-06-12,4.099656105041504
1996-06-13,4.244675159454346
1996-06-14,4.344412326812744
1996-06-17,4.344412326812744
1996-06-18,4.324220180511475
1996-06-19,4.222034454345703
1996-06-20,4.160844802856445
1996-06-21,4.099656105041504
1996-06-24,4.22634220123291
1996-06-25,4.228813171386719
1996-06-26,4.28875732421875
1996-06-27,4.236847877502441
1996-06-28,4.251679420471191
1996-07-01,4.152803421020508
1996-07-02,4.109545707702637
1996-07-03,4.22634220123291
1996-07-04,4.1837005615234375
1996-07-05,4.146622657775879
1996-07-08,4.177521228790283
1996-07-09,4.165780067443848
1996-07-10,4.147858619689941
1996-07-11,4.147858619689941
1996-07-12,4.158981800079346
1996-07-15,4.0792646408081055
1996-07-16,4.016847133636475
1996-07-17,4.016847133636475
1996-07-18,3.8617355823516846
1996-07-19,3.8963420391082764
1996-07-22,3.8932530879974365
1996-07-23,3.880891799926758
1996-07-24,3.8438148498535156
1996-07-25,3.7078607082366943
1996-07-26,3.7078607082366943
1996-07-29,3.473029136657715
1996-07-30,3.2882535457611084
1996-07-31,3.5088706016540527
1996-08-01,3.600950002670288
1996-08-02,3.600950002670288
1996-08-05,3.5224668979644775
1996-08-06,3.299996852874756
1996-08-07,3.4112300872802734
1996-08-08,3.3803319931030273
1996-08-09,3.3803319931030273
1996-08-12,3.35066819190979
1996-08-13,3.4359500408172607
1996-08-14,3.40505051612854
1996-08-15,3.40505051612854
1996-08-16,3.3994898796081543
1996-08-19,3.349433422088623
1996-08-20,3.349433422088623
1996-08-21,3.33707332611084
1996-08-22,3.3617920875549316
1996-08-23,3.349433422088623
1996-08-26,3.4483091831207275
1996-08-27,3.4483091831207275
1996-08-28,3.4915683269500732
1996-08-29,3.4643771648406982
1996-08-30,3.4538705348968506
1996-09-02,3.415555477142334
1996-09-03,3.4353315830230713
1996-09-04,3.4112300872802734
1996-09-05,3.452634572982788
1996-09-06,3.457580327987671
1996-09-09,3.393927574157715
1996-09-10,3.390838861465454
1996-09-11,3.374152421951294
1996-09-12,3.3444900512695312
1996-09-13,3.3735342025756836
1996-09-16,3.352522850036621
1996-09-17,3.349433422088623
1996-09-18,3.3617920875549316
1996-09-19,3.367973566055298
1996-09-20,3.3401639461517334
1996-09-23,3.36735463142395
1996-09-24,3.2165687084198
1996-09-25,3.4075236320495605
1996-09-26,3.4112300872802734
1996-09-27,3.4606690406799316
1996-09-30,3.473029136657715
1996-10-01,3.567579507827759
1996-10-02,3.567579507827759
1996-10-03,3.5471854209899902
1996-10-04,3.398871660232544
1996-10-07,3.296905040740967
1996-10-08,3.3803319931030273
1996-10-09,3.398871660232544
1996-10-10,3.4483091831207275
1996-10-11,3.4958934783935547
1996-10-14,3.4174106121063232
1996-10-15,3.4606690406799316
1996-10-16,3.437185764312744
1996-10-17,3.398871660232544
1996-10-18,3.4359500408172607
1996-10-21,3.4359500408172607
1996-10-22,3.5070180892944336
1996-10-23,3.5070180892944336
1996-10-24,3.4106132984161377
1996-10-25,3.4483091831207275
1996-10-28,3.4674670696258545
1996-10-29,3.4656128883361816
1996-10-30,3.4656128883361816
1996-10-31,3.5651071071624756
1996-11-01,3.5348258018493652
1996-11-04,3.4359500408172607
1996-11-05,3.4019620418548584
1996-11-06,3.3865115642547607
1996-11-07,3.3865115642547607
1996-11-08,3.398871660232544
1996-11-11,3.4483091831207275
1996-11-12,3.4483091831207275
1996-11-13,3.497129201889038
1996-11-14,3.4853882789611816
1996-11-15,3.5224668979644775
1996-11-18,3.5224668979644775
1996-11-19,3.5329720973968506
1996-11-20,3.5224668979644775
1996-11-21,3.6089837551116943
1996-11-22,3.5199954509735107
1996-11-25,3.558926582336426
1996-11-26,3.5465681552886963
1996-11-27,3.5465681552886963
1996-11-28,3.4112300872802734
1996-11-29,3.3865115642547607
1996-12-02,3.4606690406799316
1996-12-03,3.4001073837280273
1996-12-04,3.2134788036346436
1996-12-05,3.275275468826294
1996-12-06,3.299996852874756
1996-12-09,3.3043205738067627
1996-12-10,3.3803319931030273
1996-12-11,3.352522850036621
1996-12-12,3.337691307067871
1996-12-13,3.367973566055298
1996-12-16,3.3865115642547607
1996-12-17,3.3722984790802
1996-12-18,3.5261733531951904
1996-12-19,3.556455135345459
1996-12-20,3.5657248497009277
1996-12-23,3.646061658859253
1996-12-24,3.646061658859253
1996-12-25,3.646061658859253
1996-12-26,3.5966241359710693
1996-12-27,3.5966241359710693
1996-12-30,3.5966241359710693
1996-12-31,3.5533652305603027
1997-01-01,3.5533652305603027
1997-01-02,3.5354437828063965
1997-01-03,3.5348258018493652
1997-01-06,3.615163564682007
1997-01-07,3.5805559158325195
1997-01-08,3.773982286453247
1997-01-09,3.7572975158691406
1997-01-10,3.8067376613616943
1997-01-13,3.845668077468872
1997-01-14,3.8932530879974365
1997-01-15,4.105836391448975
1997-01-16,4.341904640197754
1997-01-17,4.360442638397217
1997-01-20,4.332634925842285
1997-01-21,4.3443756103515625
1997-01-22,4.42533016204834
1997-01-23,4.42533016204834
1997-01-24,4.57302713394165
1997-01-27,4.659543991088867
1997-01-28,4.6657233238220215
1997-01-29,4.563139915466309
1997-01-30,4.511229991912842
1997-01-31,4.387632846832275
1997-02-03,4.3239827156066895
1997-02-04,4.268365383148193
1997-02-05,4.3629150390625
1997-02-06,4.349321365356445
1997-02-07,4.341286659240723
1997-02-10,4.307298183441162
1997-02-11,4.4185333251953125
1997-02-12,4.653362274169922
1997-02-13,4.72196102142334
1997-02-14,4.765219211578369
1997-02-17,4.7522406578063965
1997-02-18,4.704656600952148
1997-02-19,4.712689399719238
1997-02-20,4.69971227645874
1997-02-21,4.6663408279418945
1997-02-24,4.437073230743408
1997-02-25,4.376509666442871
1997-02-26,4.455610752105713
1997-02-27,4.511229991912842
1997-02-28,4.69971227645874
1997-03-03,4.9357781410217285
1997-03-04,4.859766960144043
1997-03-05,4.822689056396484
1997-03-06,4.770779132843018
1997-03-07,4.770779132843018
1997-03-10,4.57302713394165
1997-03-11,4.479712963104248
1997-03-12,4.57302713394165
1997-03-13,4.564993858337402
1997-03-14,4.709599018096924
1997-03-17,4.733701229095459
1997-03-18,4.758419990539551
1997-03-19,4.663250923156738
1997-03-20,4.658927917480469
1997-03-21,4.628644943237305
1997-03-24,4.628644943237305
1997-03-25,4.613814353942871
1997-03-26,4.696622371673584
1997-03-27,4.697240829467773
1997-03-28,4.697240829467773
1997-03-31,4.553869247436523
1997-04-01,4.572408676147461
1997-04-02,4.6904425621032715
1997-04-03,4.776957988739014
1997-04-04,4.724431037902832
1997-04-07,4.648420333862305
1997-04-08,4.648420333862305
1997-04-09,4.773869037628174
1997-04-10,4.754712104797363
1997-04-11,4.710217475891113
1997-04-14,4.710217475891113
1997-04-15,4.696622371673584
1997-04-16,4.696622371673584
1997-04-17,4.671903610229492
1997-04-18,4.671903610229492
1997-04-21,4.671903610229492
1997-04-22,4.64780330657959
1997-04-23,4.69785737991333
1997-04-24,4.652129173278809
1997-04-25,4.644093990325928
1997-04-28,4.676847457885742
1997-04-29,4.691678047180176
1997-04-30,4.737409591674805
1997-05-01,4.737409591674805
1997-05-02,4.764598846435547
1997-05-05,4.818363189697266
1997-05-06,4.855442047119141
1997-05-07,5.043923854827881
1997-05-08,5.169991970062256
1997-05-09,5.080385208129883
1997-05-12,5.079766750335693
1997-05-13,5.0791497230529785
1997-05-14,5.109429359436035
1997-05-15,5.074824810028076
1997-05-16,4.975330352783203
1997-05-19,4.971621990203857
1997-05-20,5.026005268096924
1997-05-21,5.066171646118164
1997-05-22,5.018588542938232
1997-05-23,5.031567096710205
1997-05-26,5.045160293579102
1997-05-27,4.977802276611328
1997-05-28,4.938253402709961
1997-05-29,4.917240142822266
1997-05-30,4.943813323974609
1997-06-02,4.943813323974609
1997-06-03,4.783139705657959
1997-06-04,4.875216960906982
1997-06-05,4.826396942138672
1997-06-06,4.808476448059082
1997-06-09,4.746061325073242
1997-06-10,4.83628511428833
1997-06-11,5.067408561706543
1997-06-12,5.084710597991943
1997-06-13,5.282463550567627
1997-06-16,5.4159464836120605
1997-06-17,5.462911605834961
1997-06-18,5.5247111320495605
1997-06-19,5.448083400726318
1997-06-20,5.459822177886963
1997-06-23,5.563179969787598
1997-06-24,5.60178279876709
1997-06-25,5.583723068237305
1997-06-26,5.508388042449951
1997-06-27,5.504653453826904
1997-06-30,5.678988456726074
1997-07-01,5.639763832092285
1997-07-02,5.741250514984131
1997-07-03,5.700156211853027
1997-07-04,5.642253398895264
1997-07-07,5.629177570343018
1997-07-08,5.589331150054932
1997-07-09,5.603649139404297
1997-07-10,5.617347717285156
1997-07-11,5.601160049438477
1997-07-14,5.5911970138549805
1997-07-15,5.734403610229492
1997-07-16,5.720702171325684
1997-07-17,5.783591270446777
1997-07-18,5.783591270446777
1997-07-21,5.668404579162598
1997-07-22,5.790438175201416
1997-07-23,5.754950523376465
1997-07-24,5.791683673858643
1997-07-25,5.79106330871582
1997-07-28,5.812232971191406
1997-07-29,5.796663284301758
1997-07-30,5.76553201675415
1997-07-31,5.759305953979492
1997-08-01,5.650970458984375
1997-08-04,5.616103172302246
1997-08-05,5.657196044921875
1997-08-06,5.817211151123047
1997-08-07,5.773627281188965
1997-08-08,5.639763832092285
1997-08-11,5.75183629989624
1997-08-12,5.648480415344238
1997-08-13,5.725061893463135
1997-08-14,5.703270435333252
1997-08-15,5.703270435333252
1997-08-18,5.665913105010986
1997-08-19,5.532048225402832
1997-08-20,5.771762371063232
1997-08-21,5.6005377769470215
1997-08-22,5.426824569702148
1997-08-25,5.417484760284424
1997-08-26,5.403787612915039
1997-08-27,5.6210856437683105
1997-08-28,5.504031181335449
1997-08-29,5.384487152099609
1997-09-01,5.400674819946289
1997-09-02,5.597423076629639
1997-09-03,5.657196044921875
1997-09-04,5.560066223144531
1997-09-05,5.504031181335449
1997-09-08,5.398806095123291
1997-09-09,5.273035526275635
1997-09-10,5.408768177032471
1997-09-11,5.6254425048828125
1997-09-12,5.612367153167725
1997-09-15,5.598047256469727
1997-09-16,5.5544633865356445
1997-09-17,5.604273319244385
1997-09-18,5.533915042877197
1997-09-19,5.541386604309082
1997-09-22,5.429314613342285
1997-09-23,5.507143497467041
1997-09-24,5.541386604309082
1997-09-25,5.429314613342285
1997-09-26,5.541386604309082
1997-09-29,5.569406986236572
1997-09-30,5.872001647949219
1997-10-01,5.581856727600098
1997-10-02,5.581856727600098
1997-10-03,5.581856727600098
1997-10-06,5.581856727600098
1997-10-07,5.581856727600098
1997-10-08,5.581856727600098
1997-10-09,5.669026851654053
1997-10-10,5.6285552978515625
1997-10-13,5.5725178718566895
1997-10-14,5.641007900238037
1997-10-15,5.654084205627441
1997-10-16,5.683348655700684
1997-10-17,5.671518325805664
1997-10-20,5.6285552978515625
1997-10-21,5.621706008911133
1997-10-22,5.631669044494629
1997-10-23,5.641631603240967
1997-10-24,5.588707447052002
1997-10-27,5.4791259765625
1997-10-28,5.115512371063232
1997-10-29,5.360825061798096
1997-10-30,5.354600429534912
1997-10-31,5.354600429534912
1997-11-03,5.354600429534912
1997-11-04,5.322844505310059
1997-11-05,5.254978179931641
1997-11-06,5.157224655151367
1997-11-07,5.130454063415527
1997-11-10,5.353975772857666
1997-11-11,5.22944974899292
1997-11-12,5.129831790924072
1997-11-13,5.04079532623291
1997-11-14,5.04079532623291
1997-11-17,5.0557379722595215
1997-11-18,5.0557379722595215
1997-11-19,5.068190097808838
1997-11-20,5.14290714263916
1997-11-21,5.164074897766113
1997-11-24,5.288601875305176
1997-11-25,5.271789073944092
1997-11-26,5.230073928833008
1997-11-27,5.167810916900635
1997-11-28,5.305411338806152
1997-12-01,5.317864418029785
1997-12-02,5.1927170753479
1997-12-03,5.15535831451416
1997-12-04,5.086870193481445
1997-12-05,4.980400085449219
1997-12-08,4.891364097595215
1997-12-09,4.720765113830566
1997-12-10,4.676558971405029
1997-12-11,4.5912580490112305
1997-12-12,4.557636260986328
1997-12-15,4.4829206466674805
1997-12-16,4.370847702026367
1997-12-17,4.581295490264893
1997-12-18,4.545185089111328
1997-12-19,4.703953266143799
1997-12-22,4.875175952911377
1997-12-23,4.825988292694092
1997-12-24,4.974795818328857
1997-12-25,4.974795818328857
1997-12-26,4.962344169616699
1997-12-29,5.068190097808838
1997-12-30,4.971683025360107
1997-12-31,5.230073928833008
1998-01-01,5.1927170753479
1998-01-02,5.386976718902588
1998-01-05,5.428691864013672
1998-01-06,5.262449741363525
1998-01-07,5.378260135650635
1998-01-08,5.186489105224609
1998-01-09,5.0713043212890625
1998-01-12,5.000946998596191
1998-01-13,5.030831813812256
1998-01-14,5.018381118774414
1998-01-15,4.981021404266357
1998-01-16,4.89385461807251
1998-01-19,4.981021404266357
1998-01-20,4.819763660430908
1998-01-21,4.831591606140137
1998-01-22,4.694613456726074
1998-01-23,4.688387393951416
1998-01-26,4.688387393951416
1998-01-27,4.522768497467041
1998-01-28,4.359640121459961
1998-01-29,4.34594202041626
1998-01-30,4.255039215087891
1998-02-02,4.277453422546387
1998-02-03,4.22764253616333
1998-02-04,4.358394622802734
1998-02-05,4.5065813064575195
1998-02-06,4.38267707824707
1998-02-09,4.390770435333252
1998-02-10,4.314811706542969
1998-02-11,4.359017848968506
1998-02-12,4.22452974319458
1998-02-13,4.221416473388672
1998-02-16,4.221416473388672
1998-02-17,4.28492546081543
1998-02-18,4.289284706115723
1998-02-19,4.38267707824707
1998-02-20,4.5215229988098145
1998-02-23,4.542070388793945
1998-02-24,4.507824897766113
1998-02-25,4.601842403411865
1998-02-26,4.669086456298828
1998-02-27,4.70768928527832
1998-03-02,4.73197078704834
1998-03-03,4.659124374389648
1998-03-04,4.791745185852051
1998-03-05,4.719518661499023
1998-03-06,4.667217254638672
1998-03-09,4.62052059173584
1998-03-10,4.59810733795166
1998-03-11,4.570089340209961
1998-03-12,4.588767051696777
1998-03-13,4.588767051696777
1998-03-16,4.613672733306885
1998-03-17,4.5339765548706055
1998-03-18,4.558879852294922
1998-03-19,4.606823921203613
1998-03-20,4.603710174560547
1998-03-23,4.603710174560547
1998-03-24,4.669708728790283
1998-03-25,4.794233322143555
1998-03-26,4.757498741149902
1998-03-27,4.729480743408203
1998-03-30,4.723876953125
1998-03-31,4.613049030303955
1998-04-01,4.8558735847473145
1998-04-02,4.8627238273620605
1998-04-03,4.831591606140137
1998-04-06,4.77555513381958
1998-04-07,4.9797773361206055
1998-04-08,4.9797773361206055
1998-04-09,4.89385461807251
1998-04-10,4.917514801025391
1998-04-13,4.849648475646973
1998-04-14,4.849648475646973
1998-04-15,4.856496810913086
1998-04-16,4.904438495635986
1998-04-17,5.06009578704834
1998-04-20,5.157224655151367
1998-04-21,5.008418083190918
1998-04-22,4.997833251953125
1998-04-23,5.096208572387695
1998-04-24,4.993475437164307
1998-04-27,4.981021404266357
1998-04-28,4.964211940765381
1998-04-29,4.985382556915283
1998-04-30,4.981021404266357
1998-05-01,4.981021404266357
1998-05-04,4.896966457366943
1998-05-05,4.856496810913086
1998-05-06,4.978531360626221
1998-05-07,4.978531360626221
1998-05-08,4.865838527679443
1998-05-11,4.73197078704834
1998-05-12,4.865212917327881
1998-05-13,4.745046138763428
1998-05-14,4.73197078704834
1998-05-15,4.645426273345947
1998-05-18,4.613049030303955
1998-05-19,4.632350921630859
1998-05-20,4.720765113830566
1998-05-21,4.682162284851074
1998-05-22,4.64480447769165
1998-05-25,4.614918231964111
1998-05-26,4.276207447052002
1998-05-27,4.477317810058594
1998-05-28,4.4443182945251465
1998-05-29,4.429996490478516
1998-06-01,4.5868988037109375
1998-06-02,4.385168075561523
1998-06-03,4.5065813064575195
1998-06-04,4.583162307739258
1998-06-05,4.49537467956543
1998-06-08,4.408205986022949
1998-06-09,4.613672733306885
1998-06-10,4.626123905181885
1998-06-11,4.545185089111328
1998-06-12,4.487278461456299
1998-06-15,4.252549171447754
1998-06-16,4.139229774475098
1998-06-17,4.383299350738525
1998-06-18,4.2338690757751465
1998-06-19,4.109344005584717
1998-06-22,4.032762050628662
1998-06-23,4.0470805168151855
1998-06-24,4.171606540679932
1998-06-25,4.097513675689697
1998-06-26,4.140475749969482
1998-06-29,4.171606540679932
1998-06-30,4.354658603668213
1998-07-01,4.171606540679932
1998-07-02,3.9487054347991943
1998-07-03,3.98481822013855
1998-07-06,4.025911808013916
1998-07-07,3.916329860687256
1998-07-08,4.034627914428711
1998-07-09,4.034627914428711
1998-07-10,4.0470805168151855
1998-07-13,4.062647342681885
1998-07-14,4.0614013671875
1998-07-15,4.1660027503967285
1998-07-16,4.196511268615723
1998-07-17,4.207719802856445
1998-07-20,4.093777179718018
1998-07-21,4.067626476287842
1998-07-22,3.9972710609436035
1998-07-23,3.994156837463379
1998-07-24,3.9225552082061768
1998-07-27,4.059533596038818
1998-07-28,4.080080509185791
1998-07-29,4.147324085235596
1998-07-30,4.110588073730469
1998-07-31,3.98481822013855
1998-08-03,3.985440731048584
1998-08-04,3.972987413406372
1998-08-05,3.964271306991577
1998-08-06,3.920687675476074
1998-08-07,3.668522834777832
1998-08-10,3.500044107437134
1998-08-11,3.3664019107818604
1998-08-12,3.2770957946777344
1998-08-13,3.28786301612854
1998-08-14,3.3106634616851807
1998-08-17,3.2922964096069336
1998-08-18,3.1238186359405518
1998-08-19,2.982574701309204
1998-08-20,3.0946826934814453
1998-08-21,3.171955108642578
1998-08-24,3.228325843811035
1998-08-25,3.3600680828094482
1998-08-26,3.3600680828094482
1998-08-27,3.4677419662475586
1998-08-28,3.2162907123565674
1998-08-31,3.2061569690704346
1998-09-01,2.949639081954956
1998-09-02,2.8951680660247803
1998-09-03,2.786860942840576
1998-09-04,2.8989696502685547
1998-09-07,3.1238186359405518
1998-09-08,3.162454605102539
1998-09-09,3.3771681785583496
1998-09-10,3.443039655685425
1998-09-11,3.393636703491211
1998-09-14,3.530446767807007
1998-09-15,3.553248882293701
1998-09-16,3.507011651992798
1998-09-17,3.486110210418701
1998-09-18,3.436706304550171
1998-09-21,3.370835304260254
1998-09-22,3.291663885116577
1998-09-23,3.3898370265960693
1998-09-24,3.4620423316955566
1998-09-25,3.480410099029541
1998-09-28,3.4120047092437744
1998-09-29,3.337265968322754
1998-09-30,3.375270366668701
1998-10-01,3.375270366668701
1998-10-02,3.375270366668701
1998-10-05,3.1054506301879883
1998-10-06,2.857165813446045
1998-10-07,2.9243040084838867
1998-10-08,2.802062749862671
1998-10-09,2.8799664974212646
1998-10-12,2.8628664016723633
1998-10-13,2.8590664863586426
1998-10-14,3.073782205581665
1998-10-15,3.079481840133667
1998-10-16,3.323964834213257
1998-10-19,3.2929303646087646
1998-10-20,3.188422918319702
1998-10-21,3.188422918319702
1998-10-22,3.2010912895202637
1998-10-23,3.22515869140625
1998-10-26,3.3993375301361084
1998-10-27,3.4550750255584717
1998-10-28,3.3562684059143066
1998-10-29,3.291029691696167
1998-10-30,3.2511277198791504
1998-11-02,3.216925859451294
1998-11-03,3.234025478363037
1998-11-04,3.234025478363037
1998-11-05,3.289130926132202
1998-11-06,3.2200913429260254
1998-11-09,3.3195321559906006
1998-11-10,3.282163143157959
1998-11-11,3.318899154663086
1998-11-12,3.3226988315582275
1998-11-13,3.2929303646087646
1998-11-16,3.315098762512207
1998-11-17,3.3949036598205566
1998-11-18,3.4202394485473633
1998-11-19,3.4025039672851562
1998-11-20,3.344233751296997
1998-11-23,3.3062310218811035
1998-11-24,3.320164918899536
1998-11-25,3.320164918899536
1998-11-26,3.2264254093170166
1998-11-27,3.116218090057373
1998-11-30,3.0972158908843994
1998-12-01,2.9578728675842285
1998-12-02,3.0275447368621826
1998-12-03,3.0275447368621826
1998-12-04,2.990809440612793
1998-12-07,3.0718815326690674
1998-12-08,3.0345113277435303
1998-12-09,3.0655481815338135
1998-12-10,3.0718815326690674
1998-12-11,3.109884262084961
1998-12-14,3.1054506301879883
1998-12-15,2.974341869354248
1998-12-16,2.801429271697998
1998-12-17,2.622183322906494
1998-12-18,2.6411843299865723
1998-12-21,2.642451763153076
1998-12-22,2.8235976696014404
1998-12-23,2.8660333156585693
1998-12-24,2.864767074584961
1998-12-25,2.864767074584961
1998-12-28,2.9692740440368652
1998-12-29,3.019943952560425
1998-12-30,3.033879280090332
1998-12-31,2.9958763122558594
1999-01-01,2.9895424842834473
1999-01-04,2.9895424842834473
1999-01-05,2.8831348419189453
1999-01-06,2.964207649230957
1999-01-07,3.0528790950775146
1999-01-08,3.1656222343444824
1999-01-11,3.185889720916748
1999-01-12,3.198556661605835
1999-01-13,3.147886276245117
1999-01-14,3.0383124351501465
1999-01-15,2.9388725757598877
1999-01-18,2.8660333156585693
1999-01-19,2.7368240356445312
1999-01-20,2.7368240356445312
1999-01-21,2.872999668121338
1999-01-22,2.8368983268737793
1999-01-25,2.6918540000915527
1999-01-26,2.6918540000915527
1999-01-27,2.7444262504577637
1999-01-28,2.7298569679260254
1999-01-29,2.6696863174438477
1999-02-01,2.6538522243499756
1999-02-02,2.612682819366455
1999-02-03,2.6665191650390625
1999-02-04,2.5778470039367676
1999-02-05,2.432170867919922
1999-02-08,2.4448373317718506
1999-02-09,2.3865668773651123
1999-02-10,2.4068336486816406
1999-02-11,2.599382162094116
1999-02-12,2.6601855754852295
1999-02-15,2.447371006011963
1999-02-16,2.5955810546875
1999-02-17,2.5341432094573975
1999-02-18,2.536677837371826
1999-02-19,2.5778470039367676
1999-02-22,2.5208423137664795
1999-02-23,2.4448373317718506
1999-02-24,2.6183838844299316
1999-02-25,2.6981894969940186
1999-02-26,2.679187536239624
1999-03-01,2.3561642169952393
1999-03-02,2.3561642169952393
1999-03-03,2.318162679672241
1999-03-04,2.2168211936950684
1999-03-05,2.214920997619629
1999-03-08,2.392267942428589
1999-03-09,2.5841803550720215
1999-03-10,2.719089984893799
1999-03-11,2.5518786907196045
1999-03-12,2.5955810546875
1999-03-15,2.4771385192871094
1999-03-16,2.381500005722046
1999-03-17,2.4530715942382812
1999-03-18,2.4828405380249023
1999-03-19,2.4828405380249023
1999-03-22,2.6918540000915527
1999-03-23,2.609515428543091
1999-03-24,2.4587724208831787
1999-03-25,2.558845281600952
1999-03-26,2.5208423137664795
1999-03-29,2.5208423137664795
1999-03-30,2.432170867919922
1999-03-31,2.5151419639587402
1999-04-01,2.394167423248291
1999-04-02,2.394167423248291
1999-04-05,2.337796688079834
1999-04-06,2.2864933013916016
1999-04-07,2.2864933013916016
1999-04-08,2.3624982833862305
1999-04-09,2.2902934551239014
1999-04-12,2.270658493041992
1999-04-13,2.254824161529541
1999-04-14,2.254824161529541
1999-04-15,2.178818941116333
1999-04-16,2.237722873687744
1999-04-19,2.073045015335083
1999-04-20,2.026808023452759
1999-04-21,1.9888052940368652
1999-04-22,1.8982329368591309
1999-04-23,1.797525405883789
1999-04-26,1.7037856578826904
1999-04-27,1.7037856578826904
1999-04-28,1.8405948877334595
1999-04-29,1.9881726503372192
1999-04-30,2.147783041000366
1999-05-03,1.9761382341384888
1999-05-04,2.1344823837280273
1999-05-05,2.178818941116333
1999-05-06,2.18198561668396
1999-05-07,2.1534841060638428
1999-05-10,2.1807188987731934
1999-05-11,2.3555314540863037
1999-05-12,2.49424147605896
1999-05-13,2.6842544078826904
1999-05-14,2.8989696502685547
1999-05-17,3.1314189434051514
1999-05-18,3.3822367191314697
1999-05-19,3.6533212661743164
1999-05-20,3.3613345623016357
1999-05-21,3.154221296310425
1999-05-24,3.166887044906616
1999-05-25,3.192222833633423
1999-05-26,3.128884792327881
1999-05-27,3.0402116775512695
1999-05-28,3.0414791107177734
1999-05-31,3.154221296310425
1999-06-01,3.0908825397491455
1999-06-02,3.3385326862335205
1999-06-03,3.356900453567505
1999-06-04,3.2302255630493164
1999-06-07,3.280897378921509
1999-06-08,3.5089118480682373
1999-06-09,3.228325843811035
1999-06-10,3.227692127227783
1999-06-11,3.1833548545837402
1999-06-14,3.188422918319702
1999-06-15,3.164987325668335
1999-06-16,3.20045804977417
1999-06-17,3.270128011703491
1999-06-18,3.310030937194824
1999-06-21,3.2650604248046875
1999-06-22,3.297363042831421
1999-06-23,3.524113655090332
1999-06-24,3.2802622318267822
1999-06-25,3.2637951374053955
1999-06-28,3.282163143157959
1999-06-29,3.2397263050079346
1999-06-30,3.2650604248046875
1999-07-01,3.2010912895202637
1999-07-02,3.1592867374420166
1999-07-05,3.1934897899627686
1999-07-06,3.2840631008148193
1999-07-07,3.313197612762451
1999-07-08,3.2612624168395996
1999-07-09,3.235292911529541
1999-07-12,3.4386065006256104
1999-07-13,3.6210198402404785
1999-07-14,3.843968629837036
1999-07-15,3.694490671157837
1999-07-16,3.722360372543335
1999-07-19,3.7331278324127197
1999-07-20,3.479144334793091
1999-07-21,3.564649820327759
1999-07-22,3.6444551944732666
1999-07-23,3.52728009223938
1999-07-26,3.4576072692871094
1999-07-27,3.191589832305908
1999-07-28,3.4246726036071777
1999-07-29,3.3733670711517334
1999-07-30,3.2922964096069336
1999-08-02,3.0294458866119385
1999-08-03,2.827397108078003
1999-08-04,2.8964359760284424
1999-08-05,2.9173367023468018
1999-08-06,2.8482987880706787
1999-08-09,3.009176731109619
1999-08-10,3.0579464435577393
1999-08-11,3.0011701583862305
1999-08-12,2.937044382095337
1999-08-13,2.9337048530578613
1999-08-16,2.990483045578003
1999-08-17,3.0339009761810303
1999-08-18,3.2670202255249023
1999-08-19,3.286390781402588
1999-08-20,3.457390785217285
1999-08-23,3.5068199634552
1999-08-24,3.5088233947753906
1999-08-25,3.4300036430358887
1999-08-26,3.6804897785186768
1999-08-27,3.719233274459839
1999-08-30,3.5482335090637207
1999-08-31,3.6564443111419678
1999-09-01,3.67514705657959
1999-09-02,3.498135805130005
1999-09-03,3.557583808898926
1999-09-06,3.4754252433776855
1999-09-07,3.542222023010254
1999-09-08,3.5489017963409424
1999-09-09,3.7272489070892334
1999-09-10,3.7052063941955566
1999-09-13,3.7052063941955566
1999-09-14,3.983078718185425
1999-09-15,3.7800192832946777
1999-09-16,3.8742010593414307
1999-09-17,3.79738450050354
1999-09-20,3.667800188064575
1999-09-21,3.7740049362182617
1999-09-22,3.847482204437256
1999-09-23,4.0184831619262695
1999-09-24,3.7740049362182617
1999-09-27,3.7105484008789062
1999-09-28,3.650433301925659
1999-09-29,3.6571123600006104
1999-09-30,3.779350757598877
1999-10-01,3.735931873321533
1999-10-04,3.6651270389556885
1999-10-05,3.6951866149902344
1999-10-06,3.8321187496185303
1999-10-07,4.091289043426514
1999-10-08,4.252269268035889
1999-10-11,4.261621475219727
1999-10-12,4.12335205078125
1999-10-13,4.082608222961426
1999-10-14,4.051212787628174
1999-10-15,4.008462905883789
1999-10-18,3.987088203430176
1999-10-19,3.987088203430176
1999-10-20,4.113332748413086
1999-10-21,4.08861780166626
1999-10-22,4.0779314041137695
1999-10-25,4.055887699127197
1999-10-26,4.098636150360107
1999-10-27,4.140719890594482
1999-10-28,4.045199394226074
1999-10-29,3.9096035957336426
1999-11-01,3.828111410140991
1999-11-02,4.0659074783325195
1999-11-03,4.135375022888184
1999-11-04,4.112665176391602
1999-11-05,4.19749641418457
1999-11-08,4.19749641418457
1999-11-09,4.067911148071289
1999-11-10,4.0612311363220215
1999-11-11,4.047873020172119
1999-11-12,4.099304676055908
1999-11-15,4.0612311363220215
1999-11-16,4.064571380615234
1999-11-17,3.9944353103637695
1999-11-18,4.009130001068115
1999-11-19,4.091289043426514
1999-11-22,4.314390182495117
1999-11-23,4.314390182495117
1999-11-24,4.659728050231934
1999-11-25,5.032454013824463
1999-11-26,5.43523645401001
1999-11-29,5.290955066680908
1999-11-30,5.025104999542236
1999-12-01,4.8541059494018555
1999-12-02,5.157362937927246
1999-12-03,5.099918365478516
1999-12-06,5.367773056030273
1999-12-07,5.464628219604492
1999-12-08,5.394491195678711
1999-12-09,5.355082035064697
1999-12-10,5.43523645401001
1999-12-13,5.173393249511719
1999-12-14,5.5875325202941895
1999-12-15,5.876763343811035
1999-12-16,5.699084281921387
1999-12-17,5.4479289054870605
1999-12-20,5.269581317901611
1999-12-21,5.284945011138916
1999-12-22,5.2001142501831055
1999-12-23,5.278263568878174
1999-12-24,5.0752034187316895
1999-12-27,4.961650371551514
1999-12-28,5.080546855926514
1999-12-29,5.0137505531311035
1999-12-30,5.09257173538208
1999-12-31,5.09257173538208
2000-01-03,5.333705902099609
2000-01-04,4.949625015258789
2000-01-05,4.808684825897217
2000-01-06,5.080546855926514
2000-01-07,5.074534893035889
2000-01-10,5.142666816711426
2000-01-11,4.98035192489624
2000-01-12,5.049820423126221
2000-01-13,5.023101806640625
2000-01-14,5.001728057861328
2000-01-17,5.021099090576172
2000-01-18,5.086558818817139
2000-01-19,5.034457206726074
2000-01-20,4.958977699279785
2000-01-21,4.93359375
2000-01-24,4.745229244232178
2000-01-25,4.656387805938721
2000-01-26,4.656387805938721
2000-01-27,4.888172626495361
2000-01-28,5.013082027435303
2000-01-31,5.105930805206299
2000-02-01,5.062512397766113
2000-02-02,5.347733497619629
2000-02-03,5.100586414337158
2000-02-04,4.954301357269287
2000-02-07,4.921570777893066
2000-02-08,4.726526260375977
2000-02-09,5.086558818817139
2000-02-10,4.67976713180542
2000-02-11,4.377847194671631
2000-02-14,4.703145980834961
2000-02-15,4.447315216064453
2000-02-16,4.409240245819092
2000-02-17,4.37851619720459
2000-02-18,4.029169082641602
2000-02-21,3.926969528198242
2000-02-22,3.6130268573760986
2000-02-23,3.532869815826416
2000-02-24,3.608350992202759
2000-02-25,3.6076838970184326
2000-02-28,3.8949084281921387
2000-02-29,3.664458990097046
2000-03-01,3.6865036487579346
2000-03-02,3.4360146522521973
2000-03-03,3.331812620162964
2000-03-06,3.065962791442871
2000-03-07,2.820819139480591
2000-03-08,2.6170897483825684
2000-03-09,2.643808126449585
2000-03-10,2.65382719039917
2000-03-13,2.6564996242523193
2000-03-14,2.8435299396514893
2000-03-15,2.987142562866211
2000-03-16,2.978458881378174
2000-03-17,2.978458881378174
2000-03-20,2.978458881378174
2000-03-21,3.2115793228149414
2000-03-22,3.412637233734131
2000-03-23,3.5021440982818604
2000-03-24,3.2757034301757812
2000-03-27,3.017200469970703
2000-03-28,3.259004592895508
2000-03-29,3.5021440982818604
2000-03-30,3.3652117252349854
2000-03-31,3.4801011085510254
2000-04-03,3.758643388748169
2000-04-04,3.5876431465148926
2000-04-05,3.464069366455078
2000-04-06,3.4032857418060303
2000-04-07,3.6424176692962646
2000-04-10,3.588311195373535
2000-04-11,3.585639715194702
2000-04-12,3.4947962760925293
2000-04-13,3.479433298110962
2000-04-14,3.479433298110962
2000-04-17,3.304425001144409
2000-04-18,3.203564167022705
2000-04-19,2.9744515419006348
2000-04-20,2.796771764755249
2000-04-21,2.796771764755249
2000-04-24,2.7379918098449707
2000-04-25,2.6237692832946777
2000-04-26,2.635124683380127
2000-04-27,2.5469534397125244
2000-04-28,2.3432233333587646
2000-05-01,2.3432233333587646
2000-05-02,2.065349578857422
2000-05-03,2.1755638122558594
2000-05-04,2.2550528049468994
2000-05-05,2.1568613052368164
2000-05-08,2.0867245197296143
2000-05-09,2.1234629154205322
2000-05-10,2.162872791290283
2000-05-11,2.133481979370117
2000-05-12,2.104759693145752
2000-05-15,2.0559985637664795
2000-05-16,2.140162467956543
2000-05-17,2.2891182899475098
2000-05-18,2.5643198490142822
2000-05-19,2.4327306747436523
2000-05-22,2.484832286834717
2000-05-23,2.52691388130188
2000-05-24,2.8301706314086914
2000-05-25,3.0666308403015137
2000-05-26,3.2115793228149414
2000-05-29,3.2109103202819824
2000-05-30,3.067298173904419
2000-05-31,2.7440032958984375
2000-06-01,2.4187042713165283
2000-06-02,2.443418502807617
2000-06-05,2.6097419261932373
2000-06-06,2.6090738773345947
2000-06-07,2.774729013442993
2000-06-08,2.8749241828918457
2000-06-09,2.8969664573669434
2000-06-12,2.8635690212249756
2000-06-13,2.9190099239349365
2000-06-14,2.9016427993774414
2000-06-15,2.8341784477233887
2000-06-16,2.852213144302368
2000-06-19,2.886948585510254
2000-06-20,2.9016427993774414
2000-06-21,2.9203457832336426
2000-06-22,2.91500186920166
2000-06-23,2.8348469734191895
2000-06-26,2.607069730758667
2000-06-27,2.5970511436462402
2000-06-28,2.6050662994384766
2000-06-29,2.6484832763671875
2000-06-30,2.570331573486328
2000-07-03,2.5997228622436523
2000-07-04,2.600390672683716
2000-07-05,2.7012529373168945
2000-07-06,2.6564996242523193
2000-07-07,2.7045929431915283
2000-07-10,2.7834131717681885
2000-07-11,3.1461191177368164
2000-07-12,2.9958267211914062
2000-07-13,2.973115921020508
2000-07-14,2.990483045578003
2000-07-17,3.0098540782928467
2000-07-18,2.8969664573669434
2000-07-19,2.722628593444824
2000-07-20,2.6598386764526367
2000-07-21,2.666517972946167
2000-07-24,2.5436127185821533
2000-07-25,2.8331477642059326
2000-07-26,2.70518159866333
2000-07-27,2.6036646366119385
2000-07-28,2.5886518955230713
2000-07-31,2.585791826248169
2000-08-01,2.5314598083496094
2000-08-02,2.5543367862701416
2000-08-03,2.56148624420166
2000-08-04,2.5479023456573486
2000-08-07,2.5865070819854736
2000-08-08,2.6222519874572754
2000-08-09,2.52431058883667
2000-08-10,2.4213650226593018
2000-08-11,2.2991180419921875
2000-08-14,2.3112709522247314
2000-08-15,2.3112709522247314
2000-08-16,2.321280002593994
2000-08-17,2.3777570724487305
2000-08-18,2.3634581565856934
2000-08-21,2.3970582485198975
2000-08-22,2.3720381259918213
2000-08-23,2.3913402557373047
2000-08-24,2.4020633697509766
2000-08-25,2.3977739810943604
2000-08-28,2.4034924507141113
2000-08-29,2.402777910232544
2000-08-30,2.464259624481201
2000-08-31,2.5164473056793213
2000-09-01,2.5164473056793213
2000-09-04,2.525026321411133
2000-09-05,2.6687207221984863
2000-09-06,2.6472737789154053
2000-09-07,2.5865070819854736
2000-09-08,2.557910919189453
2000-09-11,2.558627128601074
2000-09-12,2.5736396312713623
2000-09-13,2.625826835632324
2000-09-14,2.6587116718292236
2000-09-15,2.5679197311401367
2000-09-18,2.4792721271514893
2000-09-19,2.3648884296417236
2000-09-20,2.466404438018799
2000-09-21,2.600804328918457
2000-09-22,2.563629627227783
2000-09-25,2.5907962322235107
2000-09-26,2.5300304889678955
2000-09-27,2.645843982696533
2000-09-28,2.568633794784546
2000-09-29,2.3341481685638428
2000-10-02,2.3341481685638428
2000-10-03,2.2633731365203857
2000-10-04,2.286964178085327
2000-10-05,2.2569382190704346
2000-10-06,2.1582822799682617
2000-10-09,2.16400146484375
2000-10-10,2.1182472705841064
2000-10-11,2.1604278087615967
2000-10-12,2.169719934463501
2000-10-13,2.145414113998413
2000-10-16,2.2605128288269043
2000-10-17,2.2126145362854004
2000-10-18,2.242640256881714
2000-10-19,2.290539026260376
2000-10-20,2.3005478382110596
2000-10-23,2.2455005645751953
2000-10-24,2.2433555126190186
2000-10-25,2.3112709522247314
2000-10-26,2.30269193649292
2000-10-27,2.2740957736968994
2000-10-30,2.288393497467041
2000-10-31,2.464259624481201
2000-11-01,2.703036308288574
2000-11-02,2.770951747894287
2000-11-03,2.7809596061706543
2000-11-06,2.710186004638672
2000-11-07,2.773810863494873
2000-11-08,2.7023210525512695
2000-11-09,2.773810863494873
2000-11-10,2.7673771381378174
2000-11-13,2.7809596061706543
2000-11-14,2.9503908157348633
2000-11-15,3.0676357746124268
2000-11-16,2.956824541091919
2000-11-17,2.980417013168335
2000-11-20,2.8731815814971924
2000-11-21,2.783104658126831
2000-11-22,2.7859644889831543
2000-11-23,2.7838191986083984
2000-11-24,2.780245780944824
2000-11-27,2.88604998588562
2000-11-28,3.1319756507873535
2000-11-29,2.9925708770751953
2000-11-30,3.0955162048339844
2000-12-01,3.108384132385254
2000-12-04,3.174870729446411
2000-12-05,3.308556079864502
2000-12-06,3.359314441680908
2000-12-07,3.377901315689087
2000-12-08,3.4829916954040527
2000-12-11,3.5580556392669678
2000-12-12,3.5880818367004395
2000-12-13,3.5880818367004395
2000-12-14,3.5158767700195312
2000-12-15,3.3979198932647705
2000-12-18,3.360027313232422
2000-12-19,3.558771848678589
2000-12-20,3.5787878036499023
2000-12-21,3.5473320484161377
2000-12-22,3.5301756858825684
2000-12-25,3.5301756858825684
2000-12-26,3.149848222732544
2000-12-27,3.2999765872955322
2000-12-28,3.35002064704895
2000-12-29,3.4829916954040527
2001-01-01,3.5401840209960938
2001-01-02,3.5301756858825684
2001-01-03,3.7189083099365234
2001-01-04,3.635979652404785
2001-01-05,3.6259706020355225
2001-01-08,3.6502785682678223
2001-01-09,3.7060413360595703
2001-01-10,3.6545684337615967
2001-01-11,3.6316909790039062
2001-01-12,3.871896505355835
2001-01-15,4.2822489738464355
2001-01-16,4.165006160736084
2001-01-17,4.0320329666137695
2001-01-18,4.040613174438477
2001-01-19,4.149277210235596
2001-01-22,4.3094162940979
2001-01-23,4.243643760681152
2001-01-24,4.349452018737793
2001-01-25,4.579648017883301
2001-01-26,4.579648017883301
2001-01-29,4.3151350021362305
2001-01-30,4.362316608428955
2001-01-31,4.42665958404541
2001-02-01,4.3280029296875
2001-02-02,4.888484954833984
2001-02-05,5.448966026306152
2001-02-06,5.050052642822266
2001-02-07,5.383195400238037
2001-02-08,5.5547709465026855
2001-02-09,5.477562427520752
2001-02-12,5.433237552642822
2001-02-13,5.115821838378906
2001-02-14,5.217337608337402
2001-02-15,5.434667587280273
2001-02-16,5.361748218536377
2001-02-19,5.6419901847839355
2001-02-20,5.847879886627197
2001-02-21,5.4889984130859375
2001-02-22,5.314564228057861
2001-02-23,5.14155912399292
2001-02-26,5.000007629394531
2001-02-27,4.786968231201172
2001-02-28,5.0343241691589355
2001-03-01,5.2473649978637695
2001-03-02,5.87504768371582
2001-03-05,5.860748767852783
2001-03-06,5.860748767852783
2001-03-07,5.659146785736084
2001-03-08,5.77209997177124
2001-03-09,5.526175498962402
2001-03-12,5.331722736358643
2001-03-13,5.188742637634277
2001-03-14,4.506728649139404
2001-03-15,4.629689693450928
2001-03-16,4.582508087158203
2001-03-19,4.581078052520752
2001-03-20,4.546762466430664
2001-03-21,4.841298580169678
2001-03-22,4.73120641708374
2001-03-23,4.662576198577881
2001-03-26,4.696890830993652
2001-03-27,5.081509113311768
2001-03-28,5.3631768226623535
2001-03-29,5.860748767852783
2001-03-30,5.477562427520752
2001-04-02,5.06434965133667
2001-04-03,5.337441444396973
2001-04-04,5.144418239593506
2001-04-05,5.144418239593506
2001-04-06,5.4718427658081055
2001-04-09,5.433237552642822
2001-04-10,5.523314952850342
2001-04-11,5.354599475860596
2001-04-12,5.337441444396973
2001-04-13,5.337441444396973
2001-04-16,5.436097145080566
2001-04-17,5.777820110321045
2001-04-18,6.491288661956787
2001-04-19,5.879335403442383
2001-04-20,6.069498062133789
2001-04-23,5.917940139770508
2001-04-24,5.870757579803467
2001-04-25,6.0880866050720215
2001-04-26,5.903642654418945
2001-04-27,5.6362690925598145
2001-04-30,5.577648162841797
2001-05-01,5.577648162841797
2001-05-02,5.71633768081665
2001-05-03,5.71633768081665
2001-05-04,5.70919132232666
2001-05-07,5.746363162994385
2001-05-08,5.70919132232666
2001-05-09,5.71633768081665
2001-05-10,5.529033660888672
2001-05-11,5.513305187225342
2001-05-14,5.500437259674072
2001-05-15,5.7120490074157715
2001-05-16,5.663434982299805
2001-05-17,5.819283485412598
2001-05-18,6.042333602905273
2001-05-21,5.856460094451904
2001-05-22,5.797837734222412
2001-05-23,5.814994812011719
2001-05-24,5.792115688323975
2001-05-25,5.577648162841797
2001-05-28,5.784970760345459
2001-05-29,5.792115688323975
2001-05-30,5.607672691345215
2001-05-31,5.581937789916992
2001-06-01,5.470412731170654
2001-06-04,5.581937789916992
2001-06-05,5.214478969573975
2001-06-06,5.1143927574157715
2001-06-07,4.888484954833984
2001-06-08,5.0614914894104
2001-06-11,5.258802890777588
2001-06-12,5.4532551765441895
2001-06-13,5.423229694366455
2001-06-14,5.357459545135498
2001-06-15,5.417510986328125
2001-06-18,5.454026699066162
2001-06-19,5.512451648712158
2001-06-20,5.537285327911377
2001-06-21,5.534361362457275
2001-06-22,5.48469877243042
2001-06-25,5.275826930999756
2001-06-26,5.554811954498291
2001-06-27,5.4321160316467285
2001-06-28,5.383916854858398
2001-06-29,5.492002487182617
2001-07-02,5.461328983306885
2001-07-03,5.548966884613037
2001-07-04,5.424813270568848
2001-07-05,5.395600318908691
2001-07-06,5.2436957359313965
2001-07-09,5.196953296661377
2001-07-10,5.214481830596924
2001-07-11,5.163358688354492
2001-07-12,5.248074531555176
2001-07-13,5.154595851898193
2001-07-16,5.246615409851074
2001-07-17,5.264143943786621
2001-07-18,5.310884475708008
2001-07-19,5.191112995147705
2001-07-20,5.256840229034424
2001-07-23,5.302119255065918
2001-07-24,5.170663356781006
2001-07-25,5.264143943786621
2001-07-26,5.177964687347412
2001-07-27,5.258301258087158
2001-07-30,5.4014434814453125
2001-07-31,5.437960147857666
2001-08-01,5.151673316955566
2001-08-02,5.385637283325195
2001-08-03,5.400539875030518
2001-08-06,5.448225498199463
2001-08-07,5.4124627113342285
2001-08-08,5.409480094909668
2001-08-09,5.434815406799316
2001-08-10,5.406501293182373
2001-08-13,5.3975605964660645
2001-08-14,5.382655620574951
2001-08-15,5.382655620574951
2001-08-16,5.275362968444824
2001-08-17,5.287283420562744
2001-08-20,5.218733310699463
2001-08-21,5.263439655303955
2001-08-22,5.263439655303955
2001-08-23,5.2708916664123535
2001-08-24,5.251519203186035
2001-08-27,5.340931415557861
2001-08-28,5.4571661949157715
2001-08-29,5.4377946853637695
2001-08-30,5.24555778503418
2001-08-31,5.199361801147461
2001-09-03,4.8983378410339355
2001-09-04,4.890888214111328
2001-09-05,5.0175557136535645
2001-09-06,5.022026062011719
2001-09-07,5.008613586425781
2001-09-10,5.0488481521606445
2001-09-11,4.729944229125977
2001-09-12,4.260526657104492
2001-09-13,3.993776321411133
2001-09-14,3.8417751789093018
2001-09-17,3.664440393447876
2001-09-18,3.8358139991760254
2001-09-19,3.9058523178100586
2001-09-20,4.123425006866455
2001-09-21,4.123425006866455
2001-09-24,4.248603343963623
2001-09-25,4.628609657287598
2001-09-26,4.6181769371032715
2001-09-27,4.548137187957764
2001-09-28,4.786571025848389
2001-10-01,4.762727737426758
2001-10-02,4.762727737426758
2001-10-03,4.765708923339844
2001-10-04,4.959437370300293
2001-10-05,4.911748886108398
2001-10-08,4.777629852294922
2001-10-09,4.919198989868164
2001-10-10,4.8491597175598145
2001-10-11,4.734414100646973
2001-10-12,4.752296447753906
2001-10-15,4.765708923339844
2001-10-16,4.510880947113037
2001-10-17,4.613706588745117
2001-10-18,4.776139736175537
2001-10-19,4.902807235717773
2001-10-22,4.804452896118164
2001-10-23,4.858100891113281
2001-10-24,4.856611251831055
2001-10-25,4.922181129455566
2001-10-26,4.922181129455566
2001-10-29,5.138261318206787
2001-10-30,5.101006507873535
2001-10-31,5.206812381744385
2001-11-01,5.159124851226807
2001-11-02,5.409480094909668
2001-11-05,5.2559895515441895
2001-11-06,5.136772632598877
2001-11-07,5.062262058258057
2001-11-08,5.07269287109375
2001-11-09,5.123359680175781
2001-11-12,5.200850486755371
2001-11-13,5.218733310699463
2001-11-14,5.39457893371582
2001-11-15,5.354341506958008
2001-11-16,5.354341506958008
2001-11-19,5.515286922454834
2001-11-20,5.48101282119751
2001-11-21,5.680701732635498
2001-11-22,5.717955589294434
2001-11-23,5.543601989746094
2001-11-26,5.659836769104004
2001-11-27,5.682191848754883
2001-11-28,5.691130638122559
2001-11-29,5.6076812744140625
2001-11-30,5.6076812744140625
2001-12-03,5.694112777709961
2001-12-04,5.668778896331787
2001-12-05,5.951919078826904
2001-12-06,6.160550117492676
2001-12-07,6.455611705780029
2001-12-10,6.60016393661499
2001-12-11,6.35278844833374
2001-12-12,6.030901908874512
2001-12-13,6.266353607177734
2001-12-14,6.27529764175415
2001-12-17,6.27529764175415
2001-12-18,6.404946327209473
2001-12-19,6.267843246459961
2001-12-20,6.135217189788818
2001-12-21,6.1083903312683105
2001-12-24,5.990666389465332
2001-12-25,5.990666389465332
2001-12-26,5.960861682891846
2001-12-27,5.463128566741943
2001-12-28,5.3975605964660645
2001-12-31,5.680701732635498
2002-01-01,5.728386878967285
2002-01-02,5.613642692565918
2002-01-03,5.543601989746094
2002-01-04,5.549561023712158
2002-01-07,5.683682441711426
2002-01-08,5.713485240936279
2002-01-09,5.782034397125244
2002-01-10,5.814819812774658
2002-01-11,5.963841438293457
2002-01-14,6.419849395751953
2002-01-15,6.381100654602051
2002-01-16,6.255922794342041
2002-01-17,6.413888454437256
2002-01-18,6.458592891693115
2002-01-21,6.513730525970459
2002-01-22,6.479457855224609
2002-01-23,6.272315502166748
2002-01-24,6.214200019836426
2002-01-25,6.160550117492676
2002-01-28,6.398982048034668
2002-01-29,6.469024658203125
2002-01-30,6.272315502166748
2002-01-31,6.4317708015441895
2002-02-01,6.965263366699219
2002-02-04,7.2797017097473145
2002-02-05,7.689509868621826
2002-02-06,8.458462715148926
2002-02-07,9.304905891418457
2002-02-08,8.613447189331055
2002-02-11,8.838468551635742
2002-02-12,8.582148551940918
2002-02-13,8.89956283569336
2002-02-14,9.011331558227539
2002-02-15,9.12756633758545
2002-02-18,8.953211784362793
2002-02-19,8.722230911254883
2002-02-20,8.434618949890137
2002-02-21,8.574699401855469
2002-02-22,8.746073722839355
2002-02-25,8.667091369628906
2002-02-26,9.140979766845703
2002-02-27,8.993448257446289
2002-02-28,8.461441993713379
2002-03-01,9.024744033813477
2002-03-04,9.336197853088379
2002-03-05,9.605927467346191
2002-03-06,9.780282974243164
2002-03-07,9.652125358581543
2002-03-08,9.513534545898438
2002-03-11,9.103728294372559
2002-03-12,9.04858684539795
2002-03-13,9.164826393127441
2002-03-14,9.275097846984863
2002-03-15,9.52247428894043
2002-03-18,9.556751251220703
2002-03-19,9.275097846984863
2002-03-20,9.354080200195312
2002-03-21,9.227413177490234
2002-03-22,9.1558837890625
2002-03-25,9.1558837890625
2002-03-26,9.4390230178833
2002-03-27,9.643182754516602
2002-03-28,9.792202949523926
2002-03-29,9.792202949523926
2002-04-01,10.148365020751953
2002-04-02,9.74749755859375
2002-04-03,9.619340896606445
2002-04-04,9.629769325256348
2002-04-05,9.52098560333252
2002-04-08,9.272117614746094
2002-04-09,9.453927040100098
2002-04-10,9.2706298828125
2002-04-11,9.364513397216797
2002-04-12,9.412200927734375
2002-04-15,9.051568984985352
2002-04-16,9.215492248535156
2002-04-17,8.948741912841797
2002-04-18,8.83399486541748
2002-04-19,8.372029304504395
2002-04-22,8.282615661621094
2002-04-23,8.476343154907227
2002-04-24,8.524030685424805
2002-04-25,8.260263442993164
2002-04-26,8.310928344726562
2002-04-29,8.388420104980469
2002-04-30,8.723718643188477
2002-05-01,8.723718643188477
2002-05-02,8.838468551635742
2002-05-03,8.562773704528809
2002-05-06,8.677525520324707
2002-05-07,8.752034187316895
2002-05-08,8.680501937866211
2002-05-09,9.19611644744873
2002-05-10,8.936821937561035
2002-05-13,8.935330390930176
2002-05-14,8.984506607055664
2002-05-15,8.567245483398438
2002-05-16,8.799721717834473
2002-05-17,8.504658699035645
2002-05-20,8.445050239562988
2002-05-21,8.141043663024902
2002-05-22,8.091869354248047
2002-05-23,8.1484956741333
2002-05-24,8.41822624206543
2002-05-27,7.954770088195801
2002-05-28,7.4823713302612305
2002-05-29,7.747631072998047
2002-05-30,7.476409912109375
2002-05-31,7.649276256561279
2002-06-03,7.688022136688232
2002-06-04,7.400408744812012
2002-06-05,7.342291831970215
2002-06-06,7.404879570007324
2002-06-07,7.489819049835205
2002-06-10,7.6731181144714355
2002-06-11,7.942845344543457
2002-06-12,8.48975658416748
2002-06-13,8.35861587524414
2002-06-14,8.670071601867676
2002-06-17,8.519560813903809
2002-06-18,8.419716835021973
2002-06-19,8.35861587524414
2002-06-20,8.009905815124512
2002-06-21,7.860886573791504
2002-06-24,7.822140216827393
2002-06-25,7.781904697418213
2002-06-26,7.844493389129639
2002-06-27,7.902613162994385
2002-06-28,7.966691017150879
2002-07-01,8.254302978515625
2002-07-02,8.264734268188477
2002-07-03,8.233437538146973
2002-07-04,8.299009323120117
2002-07-05,8.483794212341309
2002-07-08,8.471874237060547
2002-07-09,8.480815887451172
2002-07-10,8.474852561950684
2002-07-11,8.36159610748291
2002-07-12,8.600031852722168
2002-07-15,8.792268753051758
2002-07-16,8.708819389343262
2002-07-17,8.614935874938965
2002-07-18,9.21847152709961
2002-07-19,8.945764541625977
2002-07-22,8.774384498596191
2002-07-23,9.164826393127441
2002-07-24,8.857837677001953
2002-07-25,9.06497859954834
2002-07-26,9.012821197509766
2002-07-29,8.78332805633545
2002-07-30,8.853371620178223
2002-07-31,8.692424774169922
2002-08-01,8.708819389343262
2002-08-02,8.68348503112793
2002-08-05,8.780348777770996
2002-08-06,9.120118141174316
2002-08-07,9.13800048828125
2002-08-08,8.974161148071289
2002-08-09,8.961792945861816
2002-08-12,8.960247993469238
2002-08-13,8.961792945861816
2002-08-14,9.00661849975586
2002-08-15,9.00661849975586
2002-08-16,8.895329475402832
2002-08-19,9.034440994262695
2002-08-20,8.964883804321289
2002-08-21,8.998889923095703
2002-08-22,9.031349182128906
2002-08-23,9.073081970214844
2002-08-26,8.924696922302246
2002-08-27,8.728394508361816
2002-08-28,8.808770179748535
2002-08-29,8.35898208618164
2002-08-30,8.495003700256348
2002-09-02,8.091580390930176
2002-09-03,8.164227485656738
2002-09-04,8.39144229888916
2002-09-05,8.173501968383789
2002-09-06,7.836548805236816
2002-09-09,6.256872653961182
2002-09-10,6.256872653961182
2002-09-11,6.40371036529541
2002-09-12,6.508815765380859
2002-09-13,6.3697052001953125
2002-09-16,6.218228816986084
2002-09-17,6.11776065826416
2002-09-18,5.85344934463501
2002-09-19,5.909096717834473
2002-09-20,5.991015434265137
2002-09-23,5.961648941040039
2002-09-24,5.964741230010986
2002-09-25,5.8998212814331055
2002-09-26,5.842631816864014
2002-09-27,5.766895294189453
2002-09-30,5.317103862762451
2002-10-01,5.42839241027832
2002-10-02,5.42839241027832
2002-10-03,5.5041279792785645
2002-10-04,5.629329681396484
2002-10-07,6.431529998779297
2002-10-08,6.442351818084717
2002-10-09,6.440805435180664
2002-10-10,6.337245941162109
2002-10-11,6.331061840057373
2002-10-14,6.029658317565918
2002-10-15,6.029658317565918
2002-10-16,5.7328877449035645
2002-10-17,5.932278156280518
2002-10-18,5.994108200073242
2002-10-21,5.940008640289307
2002-10-22,5.955466270446777
2002-10-23,5.927643775939941
2002-10-24,5.977104663848877
2002-10-25,5.842631816864014
2002-10-28,5.828720569610596
2002-10-29,5.960100173950195
2002-10-30,6.020383834838867
2002-10-31,5.851905822753906
2002-11-01,5.991015434265137
2002-11-04,5.986379146575928
2002-11-05,5.83181095123291
2002-11-06,5.83181095123291
2002-11-07,5.698885440826416
2002-11-08,5.803988456726074
2002-11-11,5.834902286529541
2002-11-12,5.708158493041992
2002-11-13,5.718979358673096
2002-11-14,5.729798793792725
2002-11-15,5.739071369171143
2002-11-18,5.751438140869141
2002-11-19,5.751438140869141
2002-11-20,5.722070693969727
2002-11-21,5.745253562927246
2002-11-22,5.708158493041992
2002-11-25,5.725160121917725
2002-11-26,5.786988258361816
2002-11-27,5.779260635375977
2002-11-28,5.8163557052612305
2002-11-29,5.893640041351318
2002-12-02,6.20277214050293
2002-12-03,6.014201641082764
2002-12-04,6.102306842803955
2002-12-05,6.029658317565918
2002-12-06,6.6942973136901855
2002-12-09,6.391343593597412
2002-12-10,6.1857709884643555
2002-12-11,6.371248245239258
2002-12-12,6.644834041595459
2002-12-13,6.776217460632324
2002-12-16,6.592280864715576
2002-12-17,6.513452529907227
2002-12-18,6.4794464111328125
2002-12-19,6.583008289337158
2002-12-20,6.511911392211914
2002-12-23,6.527361869812012
2002-12-24,6.5381855964660645
2002-12-25,6.5381855964660645
2002-12-26,6.618556499481201
2002-12-27,6.763852119445801
2002-12-30,6.576825141906738
2002-12-31,6.697387218475342
2003-01-01,6.94005823135376
2003-01-02,7.159542560577393
2003-01-03,7.140995502471924
2003-01-06,7.004976272583008
2003-01-07,7.066802501678467
2003-01-08,7.164180278778076
2003-01-09,7.224459648132324
2003-01-10,7.114717483520508
2003-01-13,6.980245113372803
2003-01-14,6.935419082641602
2003-01-15,6.975607872009277
2003-01-16,7.045163631439209
2003-01-17,7.045163631439209
2003-01-20,7.003430366516113
2003-01-21,6.878230094909668
2003-01-22,6.831862926483154
2003-01-23,6.739120960235596
2003-01-24,6.62937593460083
2003-01-27,6.208956241607666
2003-01-28,6.017292022705078
2003-01-29,6.020383834838867
2003-01-30,5.936918258666992
2003-01-31,5.9978346824646
2003-02-03,6.116539478302002
2003-02-04,6.124350547790527
2003-02-05,6.236811637878418
2003-02-06,6.264922618865967
2003-02-07,6.349268436431885
2003-02-10,6.3648881912231445
2003-02-11,6.485158443450928
2003-02-12,6.533576965332031
2003-02-13,6.533576965332031
2003-02-14,6.444547176361084
2003-02-17,6.663217544555664
2003-02-18,6.813162803649902
2003-02-19,6.770991325378418
2003-02-20,6.930307865142822
2003-02-21,6.961547374725342
2003-02-24,6.933433532714844
2003-02-25,6.886575698852539
2003-02-26,6.677276134490967
2003-02-27,6.908442974090576
2003-02-28,6.99122428894043
2003-03-03,7.019339561462402
2003-03-04,7.038082599639893
2003-03-05,6.908442974090576
2003-03-06,6.831907272338867
2003-03-07,6.719449520111084
2003-03-10,6.5179572105407715
2003-03-11,6.664780616760254
2003-03-12,6.6928935050964355
2003-03-13,6.533576965332031
2003-03-14,6.533576965332031
2003-03-17,6.54138708114624
2003-03-18,6.54138708114624
2003-03-19,6.745999336242676
2003-03-20,7.00996732711792
2003-03-21,7.020901679992676
2003-03-24,6.76162052154541
2003-03-25,6.97716760635376
2003-03-26,7.022463798522949
2003-03-27,7.020901679992676
2003-03-28,7.019339561462402
2003-03-31,6.933433532714844
2003-04-01,7.059948444366455
2003-04-02,7.058385848999023
2003-04-03,7.089627742767334
2003-04-04,7.2426958084106445
2003-04-07,7.312984466552734
2003-04-08,7.362965106964111
2003-04-09,7.223952293395996
2003-04-10,7.2598795890808105
2003-04-11,7.353592872619629
2003-04-15,7.13804817199707
2003-04-16,7.091190338134766
2003-04-17,7.216141700744629
2003-04-18,7.216141700744629
2003-04-21,7.331727027893066
2003-04-22,7.278620719909668
2003-04-23,7.2661261558532715
2003-04-24,7.2598795890808105
2003-04-25,7.109931468963623
2003-04-28,7.178656101226807
2003-04-29,7.1427321434021
2003-04-30,7.217704772949219
2003-05-01,7.217704772949219
2003-05-02,7.24582052230835
2003-05-05,7.33328914642334
2003-05-06,7.687846660614014
2003-05-07,7.825300216674805
2003-05-08,7.676913261413574
2003-05-09,7.56601619720459
2003-05-12,7.76125955581665
2003-05-13,7.6815996170043945
2003-05-14,7.358277320861816
2003-05-15,7.519155979156494
2003-05-16,7.5613322257995605
2003-05-19,7.3551554679870605
2003-05-20,7.445748329162598
2003-05-21,7.516035079956055
2003-05-22,7.600380897521973
2003-05-23,7.853414535522461
2003-05-26,7.965874671936035
2003-05-27,7.8003082275390625
2003-05-28,7.778440475463867
2003-05-29,7.936196804046631
2003-05-30,8.353232383728027
2003-06-02,8.31574535369873
2003-06-03,8.281381607055664
2003-06-04,8.309496879577637
2003-06-05,8.229841232299805
2003-06-06,8.27200984954834
2003-06-09,8.348544120788574
2003-06-10,8.267326354980469
2003-06-11,8.1064453125
2003-06-12,8.059587478637695
2003-06-13,8.070520401000977
2003-06-16,8.064274787902832
2003-06-17,8.264204025268555
2003-06-18,8.348544120788574
2003-06-19,8.473502159118652
2003-06-20,8.696860313415527
2003-06-23,8.699979782104492
2003-06-24,8.734346389770508
2003-06-25,8.98112964630127
2003-06-26,9.134202003479004
2003-06-27,9.071722030639648
2003-06-30,8.879608154296875
2003-07-01,8.798382759094238
2003-07-02,8.82181167602539
2003-07-03,8.840558052062988
2003-07-04,9.085779190063477
2003-07-07,9.231040954589844
2003-07-08,9.171687126159668
2003-07-09,9.142007827758789
2003-07-10,9.19199275970459
2003-07-11,9.240413665771484
2003-07-14,9.246659278869629
2003-07-15,9.213860511779785
2003-07-16,9.112552642822266
2003-07-17,8.798832893371582
2003-07-18,8.468779563903809
2003-07-21,8.184469223022461
2003-07-22,8.305380821228027
2003-07-23,8.42792797088623
2003-07-24,8.648510932922363
2003-07-25,8.775959014892578
2003-07-28,8.684457778930664
2003-07-29,8.573349952697754
2003-07-30,8.717137336730957
2003-07-31,8.624001502990723
2003-08-01,8.942621231079102
2003-08-04,9.01615047454834
2003-08-05,8.824976921081543
2003-08-06,8.583154678344727
2003-08-07,9.037396430969238
2003-08-08,9.256341934204102
2003-08-11,9.311896324157715
2003-08-12,9.166473388671875
2003-08-13,9.357647895812988
2003-08-14,9.393590927124023
2003-08-15,9.393590927124023
2003-08-18,9.369083404541016
2003-08-19,9.465486526489258
2003-08-20,9.581498146057129
2003-08-21,9.798812866210938
2003-08-22,10.205669403076172
2003-08-25,9.805349349975586
2003-08-26,10.109262466430664
2003-08-27,10.264490127563477
2003-08-28,10.641934394836426
2003-08-29,10.895197868347168
2003-09-01,10.72362995147705
2003-09-02,10.954023361206055
2003-09-03,10.816766738891602
2003-09-04,10.872320175170898
2003-09-05,10.895197868347168
2003-09-08,10.89193344116211
2003-09-09,10.824935913085938
2003-09-10,11.22525691986084
2003-09-11,11.726876258850098
2003-09-12,11.342900276184082
2003-09-15,10.802062034606934
2003-09-16,10.561869621276855
2003-09-17,10.362525939941406
2003-09-18,10.341286659240723
2003-09-19,10.413179397583008
2003-09-22,10.310242652893066
2003-09-23,10.530828475952148
2003-09-24,10.944215774536133
2003-09-25,11.320024490356445
2003-09-26,11.35433578491211
2003-09-29,12.110857963562012
2003-09-30,12.007919311523438
2003-10-01,11.803675651550293
2003-10-02,11.803675651550293
2003-10-03,11.9278564453125
2003-10-06,12.48503303527832
2003-10-07,11.98831558227539
2003-10-08,11.854325294494629
2003-10-09,11.800405502319336
2003-10-10,11.494856834411621
2003-10-13,11.798772811889648
2003-10-14,11.27917766571045
2003-10-15,11.096172332763672
2003-10-16,10.777552604675293
2003-10-17,11.158260345458984
2003-10-20,10.460565567016602
2003-10-21,10.655003547668457
2003-10-22,10.486708641052246
2003-10-23,10.434422492980957
2003-10-24,10.604351997375488
2003-10-27,10.71382999420166
2003-10-28,10.360896110534668
2003-10-29,10.468735694885254
2003-10-30,10.797159194946289
2003-10-31,11.228523254394531
2003-11-03,11.383749008178711
2003-11-04,11.493221282958984
2003-11-05,11.592896461486816
2003-11-06,11.444204330444336
2003-11-07,11.7562894821167
2003-11-10,11.630471229553223
2003-11-11,11.965439796447754
2003-11-12,11.723610877990723
2003-11-13,11.614134788513184
2003-11-14,11.548776626586914
2003-11-17,11.723610877990723
2003-11-18,11.648449897766113
2003-11-19,11.364142417907715
2003-11-20,11.284074783325195
2003-11-21,11.249760627746582
2003-11-24,11.215452194213867
2003-11-25,11.517733573913574
2003-11-26,11.517733573913574
2003-11-27,11.658252716064453
2003-11-28,11.704005241394043
2003-12-01,12.074908256530762
2003-12-02,11.9278564453125
2003-12-03,12.239937782287598
2003-12-04,12.323266983032227
2003-12-05,12.306930541992188
2003-12-08,12.511175155639648
2003-12-09,12.491568565368652
2003-12-10,12.382096290588379
2003-12-11,12.792213439941406
2003-12-12,12.865742683410645
2003-12-15,12.661499977111816
2003-12-16,12.7611665725708
2003-12-17,13.172924995422363
2003-12-18,15.014389038085938
2003-12-19,14.112446784973145
2003-12-22,13.826506614685059
2003-12-23,13.908203125
2003-12-24,14.107549667358398
2003-12-25,14.107549667358398
2003-12-26,14.444140434265137
2003-12-29,15.043797492980957
2003-12-30,14.759495735168457
2003-12-31,14.718646049499512
2004-01-01,15.230352401733398
2004-01-02,15.87289047241211
2004-01-05,16.608154296875
2004-01-06,16.972476959228516
2004-01-07,17.048656463623047
2004-01-08,17.318588256835938
2004-01-09,17.199356079101562
2004-01-12,16.851593017578125
2004-01-13,16.04180145263672
2004-01-14,16.823436737060547
2004-01-15,16.03517723083496
2004-01-16,15.415828704833984
2004-01-19,15.857985496520996
2004-01-20,15.742055892944336
2004-01-21,15.150864601135254
2004-01-22,14.667309761047363
2004-01-23,15.174049377441406
2004-01-26,15.174049377441406
2004-01-27,16.003707885742188
2004-01-28,15.544990539550781
2004-01-29,15.167423248291016
2004-01-30,15.386017799377441
2004-02-02,15.386017799377441
2004-02-03,14.362600326538086
2004-02-04,14.4404296875
2004-02-05,14.473549842834473
2004-02-06,15.457230567932129
2004-02-09,15.72384262084961
2004-02-10,16.177595138549805
2004-02-11,16.063323974609375
2004-02-12,16.285232543945312
2004-02-13,16.04180145263672
2004-02-16,15.672511100769043
2004-02-17,15.998744010925293
2004-02-18,16.12790870666504
2004-02-19,15.712255477905273
2004-02-20,15.460543632507324
2004-02-23,14.766674995422363
2004-02-24,14.995199203491211
2004-02-25,14.614316940307617
2004-02-26,14.625909805297852
2004-02-27,15.240288734436035
2004-03-01,16.27364158630371
2004-03-02,16.27364158630371
2004-03-03,16.218994140625
2004-03-04,15.909321784973145
2004-03-05,16.588281631469727
2004-03-08,16.66280174255371
2004-03-09,16.24714469909668
2004-03-10,16.13619613647461
2004-03-11,15.42741870880127
2004-03-12,15.650983810424805
2004-03-15,15.283339500427246
2004-03-16,15.37773323059082
2004-03-17,15.347929954528809
2004-03-18,14.769980430603027
2004-03-19,14.713677406311035
2004-03-22,14.468589782714844
2004-03-23,14.80475902557373
2004-03-24,14.473549842834473
2004-03-25,14.485143661499023
2004-03-26,15.579776763916016
2004-03-29,15.682443618774414
2004-03-30,15.839765548706055
2004-03-31,15.87289047241211
2004-04-01,16.263708114624023
2004-04-02,16.353132247924805
2004-04-05,16.293516159057617
2004-04-06,16.05504608154297
2004-04-07,16.346506118774414
2004-04-08,16.465734481811523
2004-04-09,16.465734481811523
2004-04-12,16.194154739379883
2004-04-13,16.565095901489258
2004-04-14,16.565095901489258
2004-04-15,16.356441497802734
2004-04-16,16.20243263244629
2004-04-19,16.323322296142578
2004-04-20,16.444211959838867
2004-04-21,16.70089340209961
2004-04-22,16.63134002685547
2004-04-23,16.826753616333008
2004-04-27,15.629454612731934
2004-04-28,15.349586486816406
2004-04-29,15.614548683166504
2004-04-30,15.584741592407227
2004-05-03,15.116087913513184
2004-05-04,15.437358856201172
2004-05-05,15.361175537109375
2004-05-06,15.314807891845703
2004-05-07,15.554930686950684
2004-05-10,14.942209243774414
2004-05-11,13.874080657958984
2004-05-12,13.645546913146973
2004-05-13,13.571028709411621
2004-05-14,11.812341690063477
2004-05-17,11.370184898376465
2004-05-18,10.575301170349121
2004-05-19,11.166498184204102
2004-05-20,11.199616432189941
2004-05-21,11.33707046508789
2004-05-24,11.290698051452637
2004-05-25,10.851856231689453
2004-05-26,11.249300956726074
2004-05-27,11.381778717041016
2004-05-28,10.759119987487793
2004-05-31,9.830095291137695
2004-06-01,10.706128120422363
2004-06-02,10.926375389099121
2004-06-03,10.61339282989502
2004-06-04,11.002552032470703
2004-06-07,10.971086502075195
2004-06-08,11.153253555297852
2004-06-09,11.448020935058594
2004-06-10,11.936545372009277
2004-06-11,11.661643981933594
2004-06-14,11.55400276184082
2004-06-15,11.562285423278809
2004-06-16,11.055547714233398
2004-06-17,11.42814826965332
2004-06-18,11.47451400756836
2004-06-21,11.716296195983887
2004-06-22,11.535789489746094
2004-06-23,11.169807434082031
2004-06-24,11.116817474365234
2004-06-25,11.267515182495117
2004-06-28,11.404963493347168
2004-06-29,11.855401039123535
2004-06-30,11.770940780639648
2004-07-01,11.963042259216309
2004-07-02,11.716296195983887
2004-07-05,11.461264610290527
2004-07-06,11.640114784240723
2004-07-07,11.757695198059082
2004-07-08,10.951217651367188
2004-07-09,10.757460594177246
2004-07-12,10.762431144714355
2004-07-13,10.255691528320312
2004-07-14,10.197733879089355
2004-07-15,10.409697532653809
2004-07-16,10.525622367858887
2004-07-19,10.565363883972168
2004-07-20,10.674662590026855
2004-07-21,11.179743766784668
2004-07-22,11.125097274780273
2004-07-23,10.932995796203613
2004-07-26,11.481142044067383
2004-07-27,11.544066429138184
2004-07-28,11.528655052185059
2004-07-29,12.081794738769531
2004-07-30,11.871160507202148
2004-08-02,11.919111251831055
2004-08-03,12.037270545959473
2004-08-04,11.97391128540039
2004-08-05,11.87458324432373
2004-08-06,11.818070411682129
2004-08-09,11.82149600982666
2004-08-10,11.864309310913086
2004-08-11,11.43789291381836
2004-08-12,11.232388496398926
2004-08-13,11.042304992675781
2004-08-16,10.841936111450195
2004-08-17,10.907013893127441
2004-08-18,11.148477554321289
2004-08-19,11.756418228149414
2004-08-20,11.667372703552246
2004-08-23,11.605716705322266
2004-08-24,11.741006851196289
2004-08-25,11.70333194732666
2004-08-26,12.174277305603027
2004-08-27,12.206812858581543
2004-08-30,12.004735946655273
2004-08-31,12.030425071716309
2004-09-01,12.1639986038208
2004-09-02,11.919111251831055
2004-09-03,11.585165977478027
2004-09-06,11.574894905090332
2004-09-07,11.646817207336426
2004-09-08,11.783819198608398
2004-09-09,11.663945198059082
2004-09-10,11.64853286743164
2004-09-13,11.955073356628418
2004-09-14,12.3712158203125
2004-09-15,12.206812858581543
2004-09-16,12.7291259765625
2004-09-17,12.723991394042969
2004-09-20,12.574999809265137
2004-09-21,12.619525909423828
2004-09-22,12.496228218078613
2004-09-23,11.989322662353516
2004-09-24,11.999595642089844
2004-09-27,12.066388130187988
2004-09-28,11.965346336364746
2004-09-29,12.098922729492188
2004-09-30,12.032135009765625
2004-10-01,12.37977409362793
2004-10-04,12.17770004272461
2004-10-05,12.414026260375977
2004-10-06,12.167424201965332
2004-10-07,11.994461059570312
2004-10-08,11.819781303405762
2004-10-11,11.910548210144043
2004-10-12,11.84033203125
2004-10-14,12.069808959960938
2004-10-15,12.158862113952637
2004-10-18,11.967059135437012
2004-10-19,12.302712440490723
2004-10-20,12.040696144104004
2004-10-21,11.972198486328125
2004-10-22,11.972198486328125
2004-10-25,11.60400676727295
2004-10-26,11.62798023223877
2004-10-27,11.77525806427002
2004-10-28,11.980757713317871
2004-10-29,11.859169006347656
2004-11-01,11.860884666442871
2004-11-02,12.064675331115723
2004-11-03,12.09378719329834
2004-11-04,12.181124687194824
2004-11-05,13.592230796813965
2004-11-08,13.374744415283203
2004-11-09,13.480925559997559
2004-11-10,14.003239631652832
2004-11-11,13.975839614868164
2004-11-12,14.018658638000488
2004-11-15,14.018658638000488
2004-11-16,14.155652046203613
2004-11-17,14.647143363952637
2004-11-18,14.58206844329834
2004-11-19,14.052900314331055
2004-11-22,13.62820053100586
2004-11-23,13.874802589416504
2004-11-24,13.838838577270508
2004-11-25,13.513460159301758
2004-11-26,13.513460159301758
2004-11-29,14.020368576049805
2004-11-30,13.45694637298584
2004-12-01,13.696699142456055
2004-12-02,14.796134948730469
2004-12-03,14.660850524902344
2004-12-06,14.864636421203613
2004-12-07,14.626596450805664
2004-12-08,14.587206840515137
2004-12-09,14.845799446105957
2004-12-10,14.38341999053955
2004-12-13,14.539257049560547
2004-12-14,14.672834396362305
2004-12-15,14.785860061645508
2004-12-16,15.116378784179688
2004-12-17,15.073563575744629
2004-12-20,14.996499061584473
2004-12-21,15.112950325012207
2004-12-22,15.010198593139648
2004-12-23,15.114660263061523
2004-12-24,15.507858276367188
2004-12-27,15.535577774047852
2004-12-28,15.83869457244873
2004-12-29,15.894129753112793
2004-12-30,16.06387710571289
2004-12-31,15.909714698791504
2005-01-03,16.14529037475586
2005-01-04,16.2249698638916
2005-01-05,15.791933059692383
2005-01-06,15.713983535766602
2005-01-07,15.83869457244873
2005-01-10,15.447232246398926
2005-01-11,15.11812686920166
2005-01-12,14.795952796936035
2005-01-13,14.548251152038574
2005-01-14,14.013017654418945
2005-01-17,14.227803230285645
2005-01-18,14.544791221618652
2005-01-19,13.89350700378418
2005-01-20,13.692580223083496
2005-01-24,13.399843215942383
2005-01-25,13.493383407592773
2005-01-27,13.625020027160645
2005-01-28,14.340398788452148
2005-01-31,14.718008041381836
2005-02-01,14.870431900024414
2005-02-02,15.133716583251953
2005-02-03,15.597929954528809
2005-02-04,15.78846263885498
2005-02-07,15.334650039672852
2005-02-08,15.291342735290527
2005-02-09,15.662019729614258
2005-02-10,15.60659122467041
2005-02-11,15.662019729614258
2005-02-14,15.5996675491333
2005-02-15,15.37968635559082
2005-02-16,15.511322975158691
2005-02-17,15.301738739013672
2005-02-18,14.944914817810059
2005-02-21,14.828862190246582
2005-02-22,14.671231269836426
2005-02-23,14.53786563873291
2005-02-24,14.385432243347168
2005-02-25,14.321344375610352
2005-02-28,14.834056854248047
2005-03-01,14.141199111938477
2005-03-02,14.063253402709961
2005-03-03,14.194896697998047
2005-03-04,14.130807876586914
2005-03-07,14.075380325317383
2005-03-08,14.265915870666504
2005-03-09,13.950661659240723
2005-03-10,13.955859184265137
2005-03-11,13.85193157196045
2005-03-14,13.6458101272583
2005-03-15,13.477789878845215
2005-03-16,13.614627838134766
2005-03-17,13.396377563476562
2005-03-18,13.295916557312012
2005-03-21,13.4085054397583
2005-03-22,13.16946792602539
2005-03-23,12.918307304382324
2005-03-24,12.923505783081055
2005-03-28,12.655023574829102
2005-03-29,12.22545337677002
2005-03-30,12.168292999267578
2005-03-31,12.246237754821777
2005-04-01,12.750290870666504
2005-04-04,12.443702697753906
2005-04-05,12.57534408569336
2005-04-06,12.674077033996582
2005-04-07,12.691398620605469
2005-04-08,12.616915702819824
2005-04-11,12.509522438049316
2005-04-12,12.648090362548828
2005-04-13,12.682735443115234
2005-04-15,12.596132278442383
2005-04-18,12.96680736541748
2005-04-19,12.741632461547852
2005-04-20,12.726037979125977
2005-04-21,12.784934043884277
2005-04-22,12.608257293701172
2005-04-25,12.564952850341797
2005-04-26,12.533773422241211
2005-04-27,12.360557556152344
2005-04-28,12.277417182922363
2005-04-29,12.00893497467041
2005-05-02,12.611721992492676
2005-05-03,12.462756156921387
2005-05-04,12.630776405334473
2005-05-05,12.655023574829102
2005-05-06,13.107111930847168
2005-05-09,12.87846851348877
2005-05-10,12.57880973815918
2005-05-11,12.57880973815918
2005-05-12,12.940827369689941
2005-05-13,12.900986671447754
2005-05-16,13.022237777709961
2005-05-17,13.030901908874512
2005-05-18,12.970270156860352
2005-05-19,13.022237777709961
2005-05-20,13.159072875976562
2005-05-23,13.780917167663574
2005-05-24,13.779181480407715
2005-05-25,13.825947761535645
2005-05-26,13.410235404968262
2005-05-27,13.666594505310059
2005-05-30,13.791311264038086
2005-05-31,13.538415908813477
2005-06-01,13.560934066772461
2005-06-02,13.605968475341797
2005-06-03,13.486448287963867
2005-06-06,13.126166343688965
2005-06-07,13.24986457824707
2005-06-08,13.081989288330078
2005-06-09,13.210986137390137
2005-06-10,13.322317123413086
2005-06-13,13.21452522277832
2005-06-14,13.00423526763916
2005-06-15,13.126166343688965
2005-06-16,12.956521034240723
2005-06-17,13.013068199157715
2005-06-20,13.138534545898438
2005-06-21,12.896439552307129
2005-06-22,13.046643257141113
2005-06-23,12.882305145263672
2005-06-24,12.963590621948242
2005-06-27,13.228659629821777
2005-06-28,13.016605377197266
2005-06-29,12.983030319213867
2005-06-30,12.9812650680542
2005-07-01,13.120869636535645
2005-07-04,13.00423526763916
2005-07-05,12.903511047363281
2005-07-06,13.161506652832031
2005-07-07,12.804548263549805
2005-07-08,12.725031852722168
2005-07-11,12.521809577941895
2005-07-12,12.338031768798828
2005-07-13,12.216100692749023
2005-07-14,12.027016639709473
2005-07-15,12.060591697692871
2005-07-18,12.111837387084961
2005-07-19,12.170153617858887
2005-07-20,12.170153617858887
2005-07-21,12.20019245147705
2005-07-22,12.431687355041504
2005-07-25,12.509440422058105
2005-07-26,12.535948753356934
2005-07-27,12.73740005493164
2005-07-28,76.42438507080078
2005-07-29,12.956521034240723
2005-08-01,13.152670860290527
2005-08-02,13.691644668579102
2005-08-03,13.681038856506348
2005-08-04,13.203919410705566
2005-08-05,12.9812650680542
2005-08-08,12.719734191894531
2005-08-09,12.449359893798828
2005-08-10,12.804548263549805
2005-08-11,12.81161880493164
2005-08-12,12.72149658203125
2005-08-16,12.511208534240723
2005-08-17,12.788647651672363
2005-08-18,12.629605293273926
2005-08-19,12.680851936340332
2005-08-22,12.74270248413086
2005-08-23,12.733867645263672
2005-08-24,12.815152168273926
2005-08-25,12.594261169433594
2005-08-26,13.122631072998047
2005-08-29,12.627839088439941
2005-08-30,12.650813102722168
2005-08-31,12.709125518798828
2005-09-01,13.036042213439941
2005-09-02,13.582086563110352
2005-09-05,13.127937316894531
2005-09-06,12.956521034240723
2005-09-08,13.60682487487793
2005-09-09,13.246329307556152
2005-09-12,13.210986137390137
2005-09-13,13.467220306396484
2005-09-14,13.368265151977539
2005-09-15,13.525537490844727
2005-09-16,13.716382026672363
2005-09-19,14.499222755432129
2005-09-20,14.352545738220215
2005-09-21,14.251824378967285
2005-09-22,13.986748695373535
2005-09-23,14.098082542419434
2005-09-26,14.09631633758545
2005-09-27,14.168766975402832
2005-09-28,14.72187614440918
2005-09-29,14.543395042419434
2005-09-30,14.310135841369629
2005-10-03,14.50098705291748
2005-10-04,14.368452072143555
2005-10-05,14.612314224243164
2005-10-06,15.004611015319824
2005-10-07,14.709507942199707
2005-10-10,14.45681095123291
2005-10-11,14.568132400512695
2005-10-13,14.43383502960205
2005-10-14,14.082178115844727
2005-10-17,14.166996955871582
2005-10-18,14.262425422668457
2005-10-19,13.875423431396484
2005-10-20,13.940807342529297
2005-10-21,13.98498821258545
2005-10-24,14.340174674987793
2005-10-25,14.280096054077148
2005-10-26,14.211174011230469
2005-10-27,13.610355377197266
2005-10-28,13.417742729187012
2005-10-31,12.991863250732422
2005-11-02,13.368265151977539
2005-11-04,13.368265151977539
2005-11-07,13.737590789794922
2005-11-08,13.967315673828125
2005-11-09,14.110450744628906
2005-11-10,14.734246253967285
2005-11-11,15.375706672668457
2005-11-14,15.38984489440918
2005-11-16,15.559489250183105
2005-11-17,15.540053367614746
2005-11-18,15.464065551757812
2005-11-21,15.458763122558594
2005-11-22,15.140678405761719
2005-11-23,14.93569278717041
2005-11-24,15.016983985900879
2005-11-25,15.126543045043945
2005-11-28,15.37924575805664
2005-11-29,15.39338207244873
2005-11-30,15.515310287475586
2005-12-01,15.67435073852539
2005-12-02,15.522379875183105
2005-12-05,14.857940673828125
2005-12-06,14.474482536315918
2005-12-07,14.29953384399414
2005-12-08,14.63705062866211
2005-12-09,14.451505661010742
2005-12-12,14.414398193359375
2005-12-13,14.493921279907227
2005-12-14,14.624680519104004
2005-12-15,14.451505661010742
2005-12-16,14.797856330871582
2005-12-19,14.87031078338623
2005-12-20,14.82613754272461
2005-12-21,14.900354385375977
2005-12-22,15.057626724243164
2005-12-23,14.886219024658203
2005-12-26,14.661794662475586
2005-12-27,15.061161041259766
2005-12-28,15.469367027282715
2005-12-29,15.502942085266113
2005-12-30,15.37924575805664
2006-01-02,15.527684211730957
2006-01-03,15.552419662475586
2006-01-04,15.981836318969727
2006-01-05,16.285781860351562
2006-01-06,16.44304847717285
2006-01-09,16.487224578857422
2006-01-10,16.246896743774414
2006-01-12,15.831624984741211
2006-01-13,15.720300674438477
2006-01-16,15.639009475708008
2006-01-17,15.33859920501709
2006-01-18,15.490574836730957
2006-01-19,15.158354759216309
2006-01-20,15.529446601867676
2006-01-23,15.354500770568848
2006-01-24,15.303256034851074
2006-01-25,14.981642723083496
2006-01-27,15.22197437286377
2006-01-30,14.866775512695312
2006-01-31,14.640588760375977
2006-02-01,14.631753921508789
2006-02-02,15.303256034851074
2006-02-03,15.365108489990234
2006-02-06,15.573624610900879
2006-02-07,15.525911331176758
2006-02-08,15.124773025512695
2006-02-10,15.333296775817871
2006-02-13,15.684955596923828
2006-02-14,15.711461067199707
2006-02-15,15.897007942199707
2006-02-16,16.091388702392578
2006-02-17,15.67612075805664
2006-02-20,15.55595588684082
2006-02-21,15.557722091674805
2006-02-22,15.75210952758789
2006-02-23,15.7733154296875
2006-02-24,15.881105422973633
2006-02-27,15.861666679382324
2006-02-28,15.39161491394043
2006-03-01,15.502942085266113
2006-03-02,15.062931060791016
2006-03-03,15.024055480957031
2006-03-06,15.018753051757812
2006-03-07,14.898587226867676
2006-03-08,14.83497142791748
2006-03-09,14.806693077087402
2006-03-10,14.665328025817871
2006-03-13,14.684764862060547
2006-03-14,14.54869556427002
2006-03-16,14.658258438110352
2006-03-17,14.553998947143555
2006-03-20,14.785490036010742
2006-03-21,14.783723831176758
2006-03-22,15.092971801757812
2006-03-23,15.510011672973633
2006-03-24,15.381011962890625
2006-03-27,15.130078315734863
2006-03-28,14.83320426940918
2006-03-29,14.741311073303223
2006-03-30,14.808465003967285
2006-03-31,15.031122207641602
2006-04-03,15.462299346923828
2006-04-04,16.199186325073242
2006-04-05,16.2557315826416
2006-04-07,16.105533599853516
2006-04-10,16.077259063720703
2006-04-12,16.23629379272461
2006-04-13,15.911148071289062
2006-04-17,16.156776428222656
2006-04-18,15.859901428222656
2006-04-19,15.2520112991333
2006-04-20,15.183090209960938
2006-04-21,15.092971801757812
2006-04-24,15.34566879272461
2006-04-25,15.119477272033691
2006-04-26,15.817488670349121
2006-04-27,15.400446891784668
2006-04-28,15.554189682006836
2006-05-02,15.610738754272461
2006-05-03,16.034841537475586
2006-05-04,17.019136428833008
2006-05-05,17.11632537841797
2006-05-08,17.08628273010254
2006-05-09,16.674545288085938
2006-05-10,16.402406692504883
2006-05-11,15.881105422973633
2006-05-12,15.220203399658203
2006-05-15,14.787256240844727
2006-05-16,14.672395706176758
2006-05-17,14.808465003967285
2006-05-18,14.403790473937988
2006-05-19,14.154629707336426
2006-05-22,13.910768508911133
2006-05-23,14.736014366149902
2006-05-24,14.152857780456543
2006-05-25,14.937464714050293
2006-05-26,14.863242149353027
2006-05-29,14.589344024658203
2006-05-30,14.573436737060547
2006-05-31,14.00442123413086
2006-06-01,13.16857624053955
2006-06-02,13.666901588439941
2006-06-05,13.225126266479492
2006-06-06,12.537715911865234
2006-06-07,11.966933250427246
2006-06-08,11.238885879516602
2006-06-09,11.422662734985352
2006-06-12,10.782965660095215
2006-06-13,10.526732444763184
2006-06-14,11.24948787689209
2006-06-15,11.541058540344238
2006-06-16,11.965165138244629
2006-06-19,11.836169242858887
2006-06-20,11.703633308410645
2006-06-21,11.489811897277832
2006-06-22,11.724837303161621
2006-06-23,11.894484519958496
2006-06-26,11.482747077941895
2006-06-27,11.705398559570312
2006-06-28,11.827333450317383
2006-06-29,12.011112213134766
2006-06-30,11.822033882141113
2006-07-03,11.875041961669922
2006-07-04,12.094169616699219
2006-07-05,12.186056137084961
2006-07-06,12.346861839294434
2006-07-07,11.933359146118164
2006-07-10,12.339797019958496
2006-07-11,12.495306968688965
2006-07-12,12.041157722473145
2006-07-13,11.608210563659668
2006-07-14,11.154058456420898
2006-07-17,10.738785743713379
2006-07-18,10.954378128051758
2006-07-19,10.7140474319458
2006-07-20,11.138157844543457
2006-07-21,11.08337688446045
2006-07-24,11.118715286254883
2006-07-25,11.23534870147705
2006-07-26,11.288361549377441
2006-07-27,10.961444854736328
2006-07-28,10.957910537719727
2006-07-31,11.042730331420898
2006-08-01,10.940238952636719
2006-08-02,10.931403160095215
2006-08-03,10.894293785095215
2006-08-04,10.8978271484375
2006-08-07,10.779427528381348
2006-08-08,10.687540054321289
2006-08-09,10.850116729736328
2006-08-10,10.827142715454102
2006-08-11,10.797102928161621
2006-08-14,11.488048553466797
2006-08-16,12.265578269958496
2006-08-17,12.270880699157715
2006-08-18,13.235725402832031
2006-08-21,13.11556339263916
2006-08-22,12.463494300842285
2006-08-23,12.346861839294434
2006-08-24,12.396346092224121
2006-08-25,12.2726469039917
2006-08-28,12.650813102722168
2006-08-29,12.463494300842285
2006-08-30,13.209216117858887
2006-08-31,12.778044700622559
2006-09-01,13.120869636535645
2006-09-04,13.53613567352295
2006-09-05,13.354121208190918
2006-09-06,13.675740242004395
2006-09-07,13.311718940734863
2006-09-08,13.704017639160156
2006-09-11,13.62979507446289
2006-09-12,13.426572799682617
2006-09-13,13.59091567993164
2006-09-14,13.698709487915039
2006-09-15,13.599754333496094
2006-09-18,13.635100364685059
2006-09-19,13.263998985290527
2006-09-20,13.225126266479492
2006-09-21,13.228659629821777
2006-09-22,13.009538650512695
2006-09-25,13.54144287109375
2006-09-26,13.38769817352295
2006-09-27,13.225126266479492
2006-09-28,13.05018424987793
2006-09-29,12.945915222167969
2006-10-03,13.028975486755371
2006-10-04,13.073151588439941
2006-10-05,13.281673431396484
2006-10-06,13.937273979187012
2006-10-09,13.8718900680542
2006-10-10,14.00088882446289
2006-10-11,14.198806762695312
2006-10-12,14.589344024658203
2006-10-13,14.34900951385498
2006-10-16,14.31190299987793
2006-10-17,14.018560409545898
2006-10-18,14.082178115844727
2006-10-19,14.267724990844727
2006-10-20,13.866589546203613
2006-10-23,14.181135177612305
2006-10-26,13.726984977722168
2006-10-27,13.866589546203613
2006-10-30,14.121053695678711
2006-10-31,14.168766975402832
2006-11-01,14.460347175598145
2006-11-02,14.624680519104004
2006-11-03,14.564602851867676
2006-11-06,14.248289108276367
2006-11-07,13.824177742004395
2006-11-08,13.362957954406738
2006-11-09,13.150903701782227
2006-11-10,12.85579776763916
2006-11-13,12.839896202087402
2006-11-14,13.021906852722168
2006-11-15,13.089512825012207
2006-11-16,12.865336418151855
2006-11-17,13.461366653442383
2006-11-20,13.194485664367676
2006-11-21,13.521858215332031
2006-11-22,13.137554168701172
2006-11-23,13.372406959533691
2006-11-24,13.40976619720459
2006-11-27,13.221179008483887
2006-11-28,12.813739776611328
2006-11-29,12.607353210449219
2006-11-30,12.251517295837402
2006-12-01,12.16789436340332
2006-12-04,12.075373649597168
2006-12-05,12.045132637023926
2006-12-06,11.950831413269043
2006-12-07,11.934818267822266
2006-12-08,11.819170951843262
2006-12-11,11.550511360168457
2006-12-12,11.319218635559082
2006-12-13,11.456215858459473
2006-12-14,11.484683990478516
2006-12-15,11.57186222076416
2006-12-18,11.660820960998535
2006-12-19,11.409955978393555
2006-12-20,11.425970077514648
2006-12-21,11.361919403076172
2006-12-22,11.404618263244629
2006-12-26,11.312102317810059
2006-12-27,11.559410095214844
2006-12-28,11.917027473449707
2006-12-29,12.029114723205566
2007-01-02,11.895678520202637
2007-01-03,12.025555610656738
2007-01-04,12.292434692382812
2007-01-05,12.532626152038574
2007-01-08,12.527294158935547
2007-01-09,12.285319328308105
2007-01-10,12.276423454284668
2007-01-11,12.619804382324219
2007-01-12,13.089512825012207
2007-01-15,12.72596549987793
2007-01-16,12.574034690856934
2007-01-17,13.020784378051758
2007-01-18,13.237825393676758
2007-01-19,13.232401847839355
2007-01-22,13.281237602233887
2007-01-23,12.924921035766602
2007-01-24,12.778422355651855
2007-01-25,12.980993270874023
2007-01-29,13.134732246398926
2007-01-31,13.037062644958496
2007-02-01,12.94843864440918
2007-02-02,12.749480247497559
2007-02-05,12.975563049316406
2007-02-06,12.843528747558594
2007-02-07,12.508925437927246
2007-02-08,12.646384239196777
2007-02-09,12.451045036315918
2007-02-12,12.004298210144043
2007-02-13,11.888545036315918
2007-02-14,11.734803199768066
2007-02-15,11.859599113464355
2007-02-19,12.136332511901855
2007-02-20,12.004298210144043
2007-02-21,12.154417991638184
2007-02-22,11.903014183044434
2007-02-23,11.477965354919434
2007-02-26,11.41104793548584
2007-02-27,11.18857479095459
2007-02-28,11.259116172790527
2007-03-01,11.210284233093262
2007-03-02,10.853968620300293
2007-03-05,10.457865715026855
2007-03-06,10.97153377532959
2007-03-07,10.853968620300293
2007-03-08,10.85035514831543
2007-03-09,10.736403465270996
2007-03-12,10.989620208740234
2007-03-13,10.986002922058105
2007-03-14,10.687570571899414
2007-03-15,10.680334091186523
2007-03-16,10.897378921508789
2007-03-19,11.114420890808105
2007-03-20,11.548508644104004
2007-03-21,11.286247253417969
2007-03-22,11.353170394897461
2007-03-23,11.127081871032715
2007-03-26,11.090909957885742
2007-03-28,10.843118667602539
2007-03-29,11.309762954711914
2007-03-30,10.951638221740723
2007-04-02,10.595325469970703
2007-04-03,10.749065399169922
2007-04-04,10.843118667602539
2007-04-05,10.97153377532959
2007-04-09,11.306146621704102
2007-04-10,11.913863182067871
2007-04-11,11.54127311706543
2007-04-12,11.342314720153809
2007-04-13,11.42370891571045
2007-04-16,11.655220031738281
2007-04-17,12.047708511352539
2007-04-18,11.59734058380127
2007-04-19,11.530421257019043
2007-04-20,11.70224666595459
2007-04-23,11.660646438598633
2007-04-24,11.695013046264648
2007-04-25,11.886733055114746
2007-04-26,12.281028747558594
2007-04-27,12.261131286621094
2007-04-30,12.054940223693848
2007-05-03,12.536057472229004
2007-05-04,12.116439819335938
2007-05-07,12.648192405700684
2007-05-08,12.405829429626465
2007-05-09,12.680749893188477
2007-05-10,12.843528747558594
2007-05-11,12.939393997192383
2007-05-14,13.226974487304688
2007-05-15,13.554349899291992
2007-05-16,13.310174942016602
2007-05-17,13.726171493530273
2007-05-18,13.586905479431152
2007-05-21,14.234416007995605
2007-05-22,14.107810020446777
2007-05-23,13.908855438232422
2007-05-24,13.422317504882812
2007-05-25,13.196228981018066
2007-05-28,13.127495765686035
2007-05-29,12.93397045135498
2007-05-30,12.772995948791504
2007-05-31,13.066006660461426
2007-06-01,13.056957244873047
2007-06-04,12.86343002319336
2007-06-05,12.657235145568848
2007-06-06,12.333478927612305
2007-06-07,12.445622444152832
2007-06-08,11.982592582702637
2007-06-11,12.237621307373047
2007-06-12,12.528817176818848
2007-06-13,12.1001615524292
2007-06-14,12.111010551452637
2007-06-15,12.103777885437012
2007-06-18,12.082070350646973
2007-06-19,12.015151023864746
2007-06-20,12.045897483825684
2007-06-21,12.566803932189941
2007-06-22,12.736820220947266
2007-06-25,12.41306209564209
2007-06-26,12.14537525177002
2007-06-27,11.919288635253906
2007-06-28,12.181551933288574
2007-06-29,12.31539249420166
2007-07-02,12.409446716308594
2007-07-03,12.295499801635742
2007-07-04,12.300922393798828
2007-07-05,12.299116134643555
2007-07-06,12.203259468078613
2007-07-09,12.221341133117676
2007-07-10,12.205066680908203
2007-07-11,12.139951705932617
2007-07-12,12.026004791259766
2007-07-13,12.21953296661377
2007-07-16,12.062175750732422
2007-07-17,12.033238410949707
2007-07-18,11.97716999053955
2007-07-19,12.020576477050781
2007-07-20,11.752889633178711
2007-07-23,11.488821983337402
2007-07-24,11.222944259643555
2007-07-25,11.374873161315918
2007-07-26,11.483397483825684
2007-07-27,11.246456146240234
2007-07-30,11.022175788879395
2007-07-31,11.622665405273438
2007-08-01,11.134319305419922
2007-08-02,11.074629783630371
2007-08-03,11.14336109161377
2007-08-06,11.262735366821289
2007-08-07,11.452648162841797
2007-08-08,11.709484100341797
2007-08-09,11.514144897460938
2007-08-10,11.400195121765137
2007-08-13,11.572019577026367
2007-08-14,11.751081466674805
2007-08-16,11.43274974822998
2007-08-17,11.12346363067627
2007-08-20,11.22836971282959
2007-08-21,10.890142440795898
2007-08-22,10.877482414245605
2007-08-23,10.848543167114258
2007-08-24,10.86120319366455
2007-08-27,10.881099700927734
2007-08-28,10.891950607299805
2007-08-29,11.235605239868164
2007-08-30,11.307952880859375
2007-08-31,11.259116172790527
2007-09-03,11.231986999511719
2007-09-04,11.441302299499512
2007-09-05,11.439431190490723
2007-09-06,11.4375638961792
2007-09-07,11.377760887145996
2007-09-10,11.779568672180176
2007-09-11,11.987014770507812
2007-09-12,11.588940620422363
2007-09-13,11.618846893310547
2007-09-14,11.443169593811035
2007-09-17,11.433826446533203
2007-09-18,11.62071418762207
2007-09-19,11.613237380981445
2007-09-20,12.041210174560547
2007-09-21,12.043081283569336
2007-09-24,12.183246612548828
2007-09-25,13.063490867614746
2007-09-26,13.65219497680664
2007-09-27,13.579304695129395
2007-09-28,13.358771324157715
2007-10-01,14.106328010559082
2007-10-03,14.201644897460938
2007-10-04,14.018491744995117
2007-10-05,14.145576477050781
2007-10-08,13.982978820800781
2007-10-09,14.147443771362305
2007-10-10,13.90636157989502
2007-10-11,14.057738304138184
2007-10-12,14.085769653320312
2007-10-15,13.463434219360352
2007-10-16,13.127033233642578
2007-10-17,13.257856369018555
2007-10-18,13.076573371887207
2007-10-19,12.086063385009766
2007-10-22,12.777552604675293
2007-10-23,13.15506649017334
2007-10-24,12.882210731506348
2007-10-25,13.446610450744629
2007-10-26,13.498941421508789
2007-10-29,12.981261253356934
2007-10-30,12.697193145751953
2007-10-31,12.828011512756348
2007-11-01,12.805583000183105
2007-11-02,12.824272155761719
2007-11-05,12.921453475952148
2007-11-06,12.852306365966797
2007-11-07,13.016768455505371
2007-11-08,13.020505905151367
2007-11-12,13.130769729614258
2007-11-13,13.523238182067871
2007-11-14,13.525103569030762
2007-11-15,15.935967445373535
2007-11-16,16.229381561279297
2007-11-19,15.558448791503906
2007-11-20,14.799686431884766
2007-11-21,14.21285343170166
2007-11-22,14.771649360656738
2007-11-23,14.795943260192871
2007-11-26,14.732402801513672
2007-11-27,15.208967208862305
2007-11-28,14.371712684631348
2007-11-29,14.289477348327637
2007-11-30,14.440858840942383
2007-12-03,15.057586669921875
2007-12-04,15.676189422607422
2007-12-05,16.05370330810547
2007-12-06,15.838781356811523
2007-12-07,15.7434663772583
2007-12-10,15.947175979614258
2007-12-11,16.420000076293945
2007-12-12,16.44803810119629
2007-12-13,16.008848190307617
2007-12-14,15.655634880065918
2007-12-17,14.89125919342041
2007-12-18,15.650026321411133
2007-12-19,15.790193557739258
2007-12-20,16.171445846557617
2007-12-24,16.862930297851562
2007-12-26,17.702062606811523
2007-12-27,17.752517700195312
2007-12-28,17.726356506347656
2007-12-31,19.57281494140625
2008-01-01,19.434513092041016
2008-01-02,19.477497100830078
2008-01-03,20.269901275634766
2008-01-04,20.086753845214844
2008-01-07,19.451332092285156
2008-01-08,18.34868812561035
2008-01-09,17.294641494750977
2008-01-10,16.341510772705078
2008-01-11,16.240591049194336
2008-01-14,17.455368041992188
2008-01-15,16.494760513305664
2008-01-16,16.6087646484375
2008-01-17,16.569515228271484
2008-01-18,16.420000076293945
2008-01-21,15.235139846801758
2008-01-22,14.685683250427246
2008-01-23,15.033293724060059
2008-01-24,14.898736953735352
2008-01-25,15.336057662963867
2008-01-28,14.674470901489258
2008-01-29,14.222200393676758
2008-01-30,13.4335355758667
2008-01-31,13.513891220092773
2008-02-01,14.431513786315918
2008-02-04,16.15275764465332
2008-02-05,16.107900619506836
2008-02-06,16.066789627075195
2008-02-07,15.95278549194336
2008-02-08,16.371416091918945
2008-02-11,15.795798301696777
2008-02-12,15.625732421875
2008-02-13,15.674320220947266
2008-02-14,17.410511016845703
2008-02-15,17.548805236816406
2008-02-18,17.431068420410156
2008-02-19,16.900306701660156
2008-02-20,16.094820022583008
2008-02-21,15.582742691040039
2008-02-22,15.868684768676758
2008-02-25,16.231252670288086
2008-02-26,17.061031341552734
2008-02-27,16.907785415649414
2008-02-28,17.50208854675293
2008-02-29,17.373138427734375
2008-03-03,17.45723533630371
2008-03-04,16.30040168762207
2008-03-05,16.900306701660156
2008-03-07,16.294795989990234
2008-03-10,16.304134368896484
2008-03-11,16.690998077392578
2008-03-12,16.051836013793945
2008-03-13,15.248215675354004
2008-03-14,15.263169288635254
2008-03-17,14.60718822479248
2008-03-18,15.098701477050781
2008-03-19,14.414695739746094
2008-03-24,14.967880249023438
2008-03-25,15.214573860168457
2008-03-26,15.317368507385254
2008-03-27,15.393988609313965
2008-03-28,16.302263259887695
2008-03-31,15.270642280578613
2008-04-01,15.801405906677246
2008-04-02,15.655634880065918
2008-04-03,15.364086151123047
2008-04-04,15.152902603149414
2008-04-07,14.992179870605469
2008-04-08,14.745487213134766
2008-04-09,14.795943260192871
2008-04-10,14.526826858520508
2008-04-11,14.713714599609375
2008-04-15,15.34352970123291
2008-04-16,15.01834487915039
2008-04-17,15.02208137512207
2008-04-21,15.048245429992676
2008-04-22,14.83706283569336
2008-04-23,14.461417198181152
2008-04-24,14.300695419311523
2008-04-25,14.685683250427246
2008-04-28,14.610926628112793
2008-04-29,14.812767028808594
2008-04-30,15.302413940429688
2008-05-02,15.17719841003418
2008-05-05,15.059460639953613
2008-05-06,14.76230525970459
2008-05-07,14.323119163513184
2008-05-08,14.394136428833008
2008-05-09,14.018491744995117
2008-05-12,13.358771324157715
2008-05-13,13.035460472106934
2008-05-14,12.678499221801758
2008-05-15,12.674764633178711
2008-05-16,13.414841651916504
2008-05-20,13.054145812988281
2008-05-21,13.34755802154541
2008-05-22,12.964438438415527
2008-05-23,13.4335355758667
2008-05-26,12.998083114624023
2008-05-27,13.078441619873047
2008-05-28,13.39802074432373
2008-05-29,13.353168487548828
2008-05-30,13.340085983276367
2008-06-02,13.029850959777832
2008-06-03,13.149459838867188
2008-06-04,12.046821594238281
2008-06-05,11.282447814941406
2008-06-06,11.24880599975586
2008-06-09,10.422760963439941
2008-06-10,10.63768196105957
2008-06-11,10.213446617126465
2008-06-12,10.067671775817871
2008-06-13,9.976097106933594
2008-06-16,10.353611946105957
2008-06-17,10.473217964172363
2008-06-18,10.41154670715332
2008-06-19,10.011605262756348
2008-06-20,9.891999244689941
2008-06-23,9.929375648498535
2008-06-24,9.856488227844238
2008-06-25,10.082624435424805
2008-06-26,10.078886985778809
2008-06-27,9.260313987731934
2008-06-30,8.365118026733398
2008-07-01,8.071704864501953
2008-07-02,8.38941478729248
2008-07-03,8.436136245727539
2008-07-04,8.583780288696289
2008-07-07,8.910835266113281
2008-07-08,9.406086921691895
2008-07-09,10.162981033325195
2008-07-10,10.439579010009766
2008-07-11,9.55933666229248
2008-07-14,9.41356372833252
2008-07-15,9.155659675598145
2008-07-16,9.411693572998047
2008-07-17,10.284462928771973
2008-07-18,10.630208969116211
2008-07-21,10.37416934967041
2008-07-22,10.817093849182129
2008-07-23,11.536615371704102
2008-07-24,11.822553634643555
2008-07-25,11.957111358642578
2008-07-28,12.181382179260254
2008-07-29,11.607633590698242
2008-07-30,12.321545600891113
2008-07-31,12.256134033203125
2008-08-01,12.53085994720459
2008-08-04,12.209413528442383
2008-08-05,12.54394245147705
2008-08-06,12.49347972869873
2008-08-07,12.282297134399414
2008-08-08,11.82815933227539
2008-08-11,11.964590072631836
2008-08-12,12.209413528442383
2008-08-13,12.08045768737793
2008-08-14,11.852455139160156
2008-08-18,11.532877922058105
2008-08-19,11.738457679748535
2008-08-20,11.839369773864746
2008-08-21,11.220771789550781
2008-08-22,10.949786186218262
2008-08-25,11.140411376953125
2008-08-26,11.159099578857422
2008-08-27,11.157231330871582
2008-08-28,10.626468658447266
2008-08-29,11.316086769104004
2008-09-01,11.284314155578613
2008-09-02,11.876749992370605
2008-09-04,12.347708702087402
2008-09-05,13.405495643615723
2008-09-08,12.955095291137695
2008-09-09,13.216737747192383
2008-09-10,13.20917797088623
2008-09-11,13.154362678527832
2008-09-12,13.052286148071289
2008-09-15,13.167593002319336
2008-09-16,13.677963256835938
2008-09-17,12.712039947509766
2008-09-18,13.160033226013184
2008-09-19,13.065516471862793
2008-09-22,12.761183738708496
2008-09-23,13.05795955657959
2008-09-24,13.22052001953125
2008-09-25,12.901062965393066
2008-09-26,12.666669845581055
2008-09-29,12.895395278930664
2008-09-30,13.619365692138672
2008-10-01,13.723333358764648
2008-10-03,14.088150978088379
2008-10-06,14.358461380004883
2008-10-07,14.137301445007324
2008-10-08,12.933201789855957
2008-10-10,12.833016395568848
2008-10-13,13.30180549621582
2008-10-14,13.173264503479004
2008-10-15,13.299911499023438
2008-10-16,13.260218620300293
2008-10-17,13.381193161010742
2008-10-20,13.420889854431152
2008-10-21,13.326373100280762
2008-10-22,12.192220687866211
2008-10-23,11.432332992553711
2008-10-24,10.644087791442871
2008-10-27,10.318961143493652
2008-10-29,11.619464874267578
2008-10-31,10.85390853881836
2008-11-03,11.41531753540039
2008-11-04,12.258374214172363
2008-11-05,11.969164848327637
2008-11-06,11.749894142150879
2008-11-07,12.50411319732666
2008-11-10,12.103372573852539
2008-11-11,11.468244552612305
2008-11-12,11.81794261932373
2008-11-14,11.85196590423584
2008-11-17,12.275386810302734
2008-11-18,12.012640953063965
2008-11-19,11.935140609741211
2008-11-20,11.772579193115234
2008-11-21,12.383129119873047
2008-11-24,12.72715950012207
2008-11-25,12.60051441192627
2008-11-26,13.246984481811523
2008-11-27,13.246984481811523
2008-11-28,13.428448677062988
2008-12-01,13.84242057800293
2008-12-02,13.700648307800293
2008-12-03,13.541866302490234
2008-12-04,13.751687049865723
2008-12-05,12.855696678161621
2008-12-08,12.320754051208496
2008-12-10,12.672341346740723
2008-12-11,12.23190975189209
2008-12-12,12.965335845947266
2008-12-15,13.144911766052246
2008-12-16,13.154362678527832
2008-12-17,13.192167282104492
2008-12-18,13.878331184387207
2008-12-19,14.57016658782959
2008-12-22,13.834856033325195
2008-12-23,13.8594331741333
2008-12-24,14.56639289855957
2008-12-26,14.154312133789062
2008-12-29,14.36413288116455
2008-12-30,14.562606811523438
2008-12-31,14.218581199645996
2009-01-02,13.747903823852539
2009-01-05,13.57778263092041
2009-01-06,14.11839771270752
2009-01-07,13.90668773651123
2009-01-09,14.390593528747559
2009-01-12,13.7913818359375
2009-01-13,14.19211483001709
2009-01-14,14.148641586303711
2009-01-15,14.23559284210205
2009-01-16,14.564496040344238
2009-01-19,14.53992748260498
2009-01-20,14.849929809570312
2009-01-21,14.679805755615234
2009-01-22,14.558829307556152
2009-01-23,13.8594331741333
2009-01-27,14.53614330291748
2009-01-28,14.305537223815918
2009-01-29,14.727060317993164
2009-01-30,14.817790985107422
2009-02-02,14.435957908630371
2009-02-03,14.649561882019043
2009-02-04,14.711938858032227
2009-02-05,14.753523826599121
2009-02-06,14.755417823791504
2009-02-09,15.06731128692627
2009-02-10,15.148591995239258
2009-02-11,15.519083976745605
2009-02-12,15.394325256347656
2009-02-13,15.477499008178711
2009-02-16,15.014386177062988
2009-02-17,14.931209564208984
2009-02-18,15.704331398010254
2009-02-19,15.670305252075195
2009-02-20,15.600366592407227
2009-02-24,15.434021949768066
2009-02-25,15.19584846496582
2009-02-26,14.58718490600586
2009-02-27,14.475658416748047
2009-03-02,14.256383895874023
2009-03-03,14.560718536376953
2009-03-04,14.63632869720459
2009-03-05,14.265838623046875
2009-03-06,14.339561462402344
2009-03-09,13.384969711303711
2009-03-12,13.418999671936035
2009-03-13,13.04472541809082
2009-03-16,13.606135368347168
2009-03-17,13.405762672424316
2009-03-18,12.882165908813477
2009-03-19,12.819784164428711
2009-03-20,12.58727741241455
2009-03-23,12.855696678161621
2009-03-24,13.229973793029785
2009-03-25,13.258325576782227
2009-03-26,13.583452224731445
2009-03-27,13.766807556152344
2009-03-30,13.95772647857666
2009-03-31,14.216691970825195
2009-04-01,13.7913818359375
2009-04-02,14.097606658935547
2009-04-06,14.154312133789062
2009-04-08,14.541814804077148
2009-04-09,14.528586387634277
2009-04-13,13.98040771484375
2009-04-15,13.931262016296387
2009-04-16,14.517241477966309
2009-04-17,14.6779146194458
2009-04-20,14.642004013061523
2009-04-21,14.590963363647461
2009-04-22,14.524801254272461
2009-04-23,14.519137382507324
2009-04-24,14.515352249145508
2009-04-27,14.2885160446167
2009-04-28,14.483217239379883
2009-04-29,14.655231475830078
2009-04-30,14.592849731445312
2009-05-04,14.53425407409668
2009-05-05,14.074922561645508
2009-05-06,13.834856033325195
2009-05-07,13.57778263092041
2009-05-08,13.541866302490234
2009-05-11,13.398205757141113
2009-05-12,13.634490966796875
2009-05-13,13.69119930267334
2009-05-14,13.810282707214355
2009-05-15,13.987969398498535
2009-05-18,16.10317611694336
2009-05-19,15.564452171325684
2009-05-20,15.296034812927246
2009-05-21,16.81958770751953
2009-05-22,16.919771194458008
2009-05-25,17.58892059326172
2009-05-26,16.844158172607422
2009-05-27,17.335630416870117
2009-05-28,16.9481258392334
2009-05-29,17.568134307861328
2009-06-01,17.83087921142578
2009-06-02,17.80630874633789
2009-06-03,17.4036808013916
2009-06-04,17.409351348876953
2009-06-05,17.851673126220703
2009-06-08,17.51331329345703
2009-06-09,16.9481258392334
2009-06-10,16.929222106933594
2009-06-11,16.097505569458008
2009-06-12,15.751585960388184
2009-06-15,16.210920333862305
2009-06-16,16.934890747070312
2009-06-17,16.49068260192871
2009-06-18,16.095611572265625
2009-06-19,15.982200622558594
2009-06-22,15.883907318115234
2009-06-23,16.001102447509766
2009-06-24,16.19768524169922
2009-06-25,15.696770668029785
2009-06-26,15.929272651672363
2009-06-29,16.1334171295166
2009-06-30,16.26007080078125
2009-07-01,17.2127628326416
2009-07-02,17.178739547729492
2009-07-03,17.386667251586914
2009-07-06,16.827150344848633
2009-07-07,16.838489532470703
2009-07-08,17.58892059326172
2009-07-09,17.864904403686523
2009-07-10,17.099346160888672
2009-07-13,16.88007354736328
2009-07-14,17.05398178100586
2009-07-15,17.45282554626465
2009-07-16,17.362089157104492
2009-07-17,17.365873336791992
2009-07-20,17.246784210205078
2009-07-21,17.018062591552734
2009-07-22,16.662696838378906
2009-07-23,17.0766658782959
2009-07-24,17.108795166015625
2009-07-27,17.084226608276367
2009-07-28,17.473621368408203
2009-07-29,17.726913452148438
2009-07-30,18.4093017578125
2009-07-31,17.919723510742188
2009-08-03,17.56245994567871
2009-08-04,18.44710350036621
2009-08-05,18.940467834472656
2009-08-06,19.203214645385742
2009-08-07,19.7381534576416
2009-08-10,18.81192398071289
2009-08-11,18.73631477355957
2009-08-12,19.307178497314453
2009-08-13,19.360103607177734
2009-08-14,19.75139045715332
2009-08-17,19.135156631469727
2009-08-18,19.628520965576172
2009-08-19,19.60016632080078
2009-08-20,19.515108108520508
2009-08-21,20.059505462646484
2009-08-24,19.583154678344727
2009-08-25,19.01040267944336
2009-08-26,19.213603973388672
2009-08-27,18.93564224243164
2009-08-28,18.920305252075195
2009-08-31,19.464723587036133
2009-09-01,19.65450096130371
2009-09-02,20.726076126098633
2009-09-03,21.260908126831055
2009-09-04,21.427684783935547
2009-09-07,22.840476989746094
2009-09-08,22.558677673339844
2009-09-09,21.56570053100586
2009-09-10,22.039188385009766
2009-09-11,21.4506893157959
2009-09-14,21.73247718811035
2009-09-15,21.86091423034668
2009-09-16,21.60978889465332
2009-09-17,20.549718856811523
2009-09-18,20.844928741455078
2009-09-22,21.492856979370117
2009-09-23,21.33566665649414
2009-09-24,21.99317741394043
2009-09-25,22.286476135253906
2009-09-29,21.774646759033203
2009-09-30,22.008512496948242
2009-10-01,21.34908103942871
2009-10-05,21.596370697021484
2009-10-06,21.21681785583496
2009-10-07,21.23790168762207
2009-10-08,21.755481719970703
2009-10-09,21.588703155517578
2009-10-12,21.678804397583008
2009-10-13,21.66154670715332
2009-10-14,20.948442459106445
2009-10-15,20.620641708374023
2009-10-16,20.141408920288086
2009-10-20,20.239171981811523
2009-10-21,20.02639389038086
2009-10-22,20.007225036621094
2009-10-23,19.899869918823242
2009-10-26,19.775266647338867
2009-10-27,19.66408348083496
2009-10-28,19.00848960876465
2009-10-29,19.37845802307129
2009-10-30,19.60849380493164
2009-11-03,19.3420352935791
2009-11-04,19.347787857055664
2009-11-05,19.361204147338867
2009-11-06,19.56248664855957
2009-11-09,19.869199752807617
2009-11-10,20.21616554260254
2009-11-11,19.8653621673584
2009-11-12,19.704345703125
2009-11-13,20.02639389038086
2009-11-16,20.05513572692871
2009-11-17,19.9305419921875
2009-11-18,19.74267578125
2009-11-19,19.472387313842773
2009-11-20,19.966970443725586
2009-11-23,20.210420608520508
2009-11-24,20.703073501586914
2009-11-25,22.115863800048828
2009-11-26,21.903079986572266
2009-11-27,22.29989242553711
2009-11-30,22.623857498168945
2009-12-01,23.218109130859375
2009-12-02,22.794466018676758
2009-12-03,23.129932403564453
2009-12-04,23.680097579956055
2009-12-07,23.906301498413086
2009-12-08,24.46221160888672
2009-12-09,24.347190856933594
2009-12-10,24.306947708129883
2009-12-11,23.86029815673828
2009-12-14,23.793195724487305
2009-12-15,23.595754623413086
2009-12-16,23.367630004882812
2009-12-17,22.957406997680664
2009-12-18,22.827058792114258
2009-12-21,22.761873245239258
2009-12-22,23.313961029052734
2009-12-23,23.41364097595215
2009-12-24,23.5209903717041
2009-12-29,23.584243774414062
2009-12-30,23.758691787719727
2009-12-31,24.36636734008789
2010-01-04,24.949115753173828
2010-01-05,24.573389053344727
2010-01-06,24.203428268432617
2010-01-07,23.733768463134766
2010-01-08,24.136337280273438
2010-01-11,24.073076248168945
2010-01-12,24.059659957885742
2010-01-13,24.145917892456055
2010-01-14,23.99256134033203
2010-01-15,23.66859245300293
2010-01-18,23.70885467529297
2010-01-19,23.218109130859375
2010-01-20,22.140792846679688
2010-01-21,21.97784423828125
2010-01-22,21.920337677001953
2010-01-25,21.84174346923828
2010-01-27,21.257070541381836
2010-01-28,20.78742027282715
2010-01-29,20.735658645629883
2010-02-01,22.391904830932617
2010-02-02,21.686464309692383
2010-02-03,22.23855209350586
2010-02-04,22.351652145385742
2010-02-05,21.782318115234375
2010-02-08,21.972095489501953
2010-02-09,21.490942001342773
2010-02-10,21.95867347717285
2010-02-11,21.709468841552734
2010-02-15,21.377845764160156
2010-02-16,21.84940528869629
2010-02-17,21.62896156311035
2010-02-18,22.666030883789062
2010-02-19,22.35548973083496
2010-02-22,22.70628547668457
2010-02-23,22.2078800201416
2010-02-24,22.311397552490234
2010-02-25,21.736310958862305
2010-02-26,21.621299743652344
2010-03-02,20.7394962310791
2010-03-03,20.77591896057129
2010-03-04,20.50754165649414
2010-03-05,20.71265983581543
2010-03-08,20.77591896057129
2010-03-09,20.566970825195312
2010-03-10,20.59380531311035
2010-03-11,20.321603775024414
2010-03-12,20.19508171081543
2010-03-15,20.250669479370117
2010-03-16,20.904356002807617
2010-03-17,20.62639808654785
2010-03-18,20.193166732788086
2010-03-19,20.035974502563477
2010-03-22,19.8404483795166
2010-03-23,19.61424446105957
2010-03-25,19.366960525512695
2010-03-26,19.556737899780273
2010-03-29,20.200830459594727
2010-03-30,20.016799926757812
2010-03-31,19.861530303955078
2010-04-01,19.623828887939453
2010-04-05,19.4973087310791
2010-04-06,19.434053421020508
2010-04-07,19.376543045043945
2010-04-08,19.508813858032227
2010-04-09,19.395713806152344
2010-04-12,19.188684463500977
2010-04-13,19.468555450439453
2010-04-15,19.480060577392578
2010-04-16,19.15418243408203
2010-04-19,19.14076042175293
2010-04-20,19.209768295288086
2010-04-21,19.156097412109375
2010-04-22,19.138839721679688
2010-04-23,19.121591567993164
2010-04-26,19.25193977355957
2010-04-27,19.305612564086914
2010-04-28,19.365039825439453
2010-04-29,18.835960388183594
2010-04-30,19.8404483795166
2010-05-03,19.90561866760254
2010-05-04,19.775266647338867
2010-05-05,20.187414169311523
2010-05-06,20.676237106323242
2010-05-07,21.082626342773438
2010-05-10,20.69156837463379
2010-05-11,20.766338348388672
2010-05-12,20.720325469970703
2010-05-13,20.597646713256836
2010-05-14,21.048124313354492
2010-05-17,20.804672241210938
2010-05-18,20.867929458618164
2010-05-19,20.867929458618164
2010-05-20,21.381677627563477
2010-05-21,21.42384910583496
2010-05-24,21.460264205932617
2010-05-25,21.057710647583008
2010-05-26,21.28774642944336
2010-05-27,21.95867347717285
2010-05-28,21.607879638671875
2010-05-31,22.280723571777344
2010-06-01,22.108198165893555
2010-06-02,22.062192916870117
2010-06-03,22.232799530029297
2010-06-04,22.22896385192871
2010-06-07,21.604042053222656
2010-06-08,20.84684944152832
2010-06-09,21.19189453125
2010-06-10,21.124805450439453
2010-06-11,20.741413116455078
2010-06-14,21.59062385559082
2010-06-15,20.34269142150879
2010-06-16,20.484540939331055
2010-06-17,20.526710510253906
2010-06-18,20.00147247314453
2010-06-21,20.187414169311523
2010-06-22,21.092212677001953
2010-06-23,21.42384910583496
2010-06-24,21.11521339416504
2010-06-25,23.79703140258789
2010-06-28,24.632822036743164
2010-06-29,24.354869842529297
2010-06-30,25.4091854095459
2010-07-01,25.315258026123047
2010-07-02,25.56255340576172
2010-07-05,25.25583267211914
2010-07-06,25.439861297607422
2010-07-07,25.269250869750977
2010-07-08,26.77981185913086
2010-07-09,27.251380920410156
2010-07-12,26.44818115234375
2010-07-13,26.867996215820312
2010-07-14,26.85840606689453
2010-07-15,25.161897659301758
2010-07-16,25.344017028808594
2010-07-19,25.1312255859375
2010-07-20,24.57723617553711
2010-07-21,24.770843505859375
2010-07-22,24.581066131591797
2010-07-23,24.234098434448242
2010-07-26,23.935054779052734
2010-07-27,24.159337997436523
2010-07-28,24.674991607666016
2010-07-29,24.494802474975586
2010-07-30,24.596405029296875
2010-08-02,24.673078536987305
2010-08-03,25.06605339050293
2010-08-04,24.928035736083984
2010-08-05,24.96445083618164
2010-08-06,24.9242000579834
2010-08-09,24.816850662231445
2010-08-10,24.799602508544922
2010-08-11,25.317176818847656
2010-08-12,25.8692569732666
2010-08-13,25.719728469848633
2010-08-16,25.240495681762695
2010-08-17,25.809831619262695
2010-08-18,26.080121994018555
2010-08-19,25.938264846801758
2010-08-20,26.7874755859375
2010-08-23,29.753002166748047
2010-08-24,29.14340591430664
2010-08-25,28.821369171142578
2010-08-26,29.277597427368164
2010-08-27,29.766416549682617
2010-08-30,29.551719665527344
2010-08-31,29.185577392578125
2010-09-01,29.854597091674805
2010-09-02,29.866098403930664
2010-09-03,29.40220069885254
2010-09-06,29.262258529663086
2010-09-07,29.07056999206543
2010-09-08,29.566633224487305
2010-09-09,29.326406478881836
2010-09-13,29.38500213623047
2010-09-14,30.078317642211914
2010-09-15,29.959184646606445
2010-09-16,29.500225067138672
2010-09-17,29.91621971130371
2010-09-20,31.3321533203125
2010-09-21,31.01186180114746
2010-09-22,30.763818740844727
2010-09-23,30.58415412902832
2010-09-24,30.830228805541992
2010-09-27,30.795066833496094
2010-09-28,30.535327911376953
2010-09-29,29.886924743652344
2010-09-30,29.277584075927734
2010-10-01,29.51390266418457
2010-10-04,29.558815002441406
2010-10-05,29.877159118652344
2010-10-06,29.666234970092773
2010-10-07,29.410390853881836
2010-10-08,29.17993927001953
2010-10-11,29.064706802368164
2010-10-12,29.066667556762695
2010-10-13,29.720918655395508
2010-10-14,28.246395111083984
2010-10-15,27.152711868286133
2010-10-18,27.310901641845703
2010-10-19,27.64486312866211
2010-10-20,27.89876365661621
2010-10-21,28.16046142578125
2010-10-22,28.103824615478516
2010-10-25,28.25225067138672
2010-10-26,27.713224411010742
2010-10-27,27.424171447753906
2010-10-28,28.13116455078125
2010-10-29,28.51591682434082
2010-11-01,29.482646942138672
2010-11-02,30.183780670166016
2010-11-03,29.904497146606445
2010-11-04,29.699430465698242
2010-11-08,28.945568084716797
2010-11-09,29.062755584716797
2010-11-10,29.519758224487305
2010-11-11,29.181880950927734
2010-11-12,28.531538009643555
2010-11-15,28.79909896850586
2010-11-16,28.33622932434082
2010-11-18,28.863542556762695
2010-11-19,27.836261749267578
2010-11-22,28.01007652282715
2010-11-23,27.55307388305664
2010-11-24,27.36363983154297
2010-11-25,26.275806427001953
2010-11-26,26.08051109313965
2010-11-29,26.572668075561523
2010-11-30,26.367597579956055
2010-12-01,27.262083053588867
2010-12-02,26.787498474121094
2010-12-03,26.320724487304688
2010-12-06,26.11175537109375
2010-12-07,25.82076072692871
2010-12-08,26.471111297607422
2010-12-09,26.299240112304688
2010-12-10,26.588285446166992
2010-12-13,26.514076232910156
2010-12-14,26.39689064025879
2010-12-15,27.47300148010254
2010-12-16,27.322622299194336
2010-12-20,27.006229400634766
2010-12-21,26.693756103515625
2010-12-22,27.1859188079834
2010-12-23,26.887102127075195
2010-12-24,26.26603889465332
2010-12-27,26.02972412109375
2010-12-28,25.93598175048828
2010-12-29,26.135190963745117
2010-12-30,25.748491287231445
2010-12-31,25.717247009277344
2011-01-03,25.77779197692871
2011-01-04,25.527801513671875
2011-01-05,24.707536697387695
2011-01-06,24.16851234436035
2011-01-07,24.098196029663086
2011-01-10,23.645103454589844
2011-01-11,23.818918228149414
2011-01-12,24.17437171936035
2011-01-13,23.354101181030273
2011-01-14,23.19590950012207
2011-01-17,22.873661041259766
2011-01-18,23.022090911865234
2011-01-19,22.822887420654297
2011-01-20,22.479148864746094
2011-01-21,23.080677032470703
2011-01-24,23.483001708984375
2011-01-25,24.64504623413086
2011-01-27,24.86964225769043
2011-01-28,24.703638076782227
2011-01-31,23.943906784057617
2011-02-01,22.67445182800293
2011-02-02,23.188098907470703
2011-02-03,23.264266967773438
2011-02-04,22.984981536865234
2011-02-07,23.236919403076172
2011-02-08,23.412696838378906
2011-02-09,22.848276138305664
2011-02-10,22.871707916259766
2011-02-11,22.77014923095703
2011-02-14,23.57869529724121
2011-02-15,23.588464736938477
2011-02-16,23.572837829589844
2011-02-17,24.037656784057617
2011-02-18,23.113880157470703
2011-02-21,23.025997161865234
2011-02-22,22.274089813232422
2011-02-23,21.981128692626953
2011-02-24,21.0788516998291
2011-02-25,21.057357788085938
2011-02-28,21.61787223815918
2011-03-01,22.8248348236084
2011-03-03,22.295568466186523
2011-03-04,22.65492820739746
2011-03-07,21.74091148376465
2011-03-08,21.944028854370117
2011-03-09,21.54170799255371
2011-03-10,21.22336769104004
2011-03-11,21.321022033691406
2011-03-14,22.281896591186523
2011-03-15,22.291662216186523
2011-03-16,22.520172119140625
2011-03-17,22.41861343383789
2011-03-18,21.828798294067383
2011-03-21,22.02410125732422
2011-03-22,22.09636116027832
2011-03-23,22.354156494140625
2011-03-24,22.547508239746094
2011-03-25,23.13926887512207
2011-03-28,22.9908390045166
2011-03-29,23.92243194580078
2011-03-30,23.96539306640625
2011-03-31,23.898990631103516
2011-04-01,23.66658592224121
2011-04-04,23.36581802368164
2011-04-05,23.252540588378906
2011-04-06,23.55331039428711
2011-04-07,23.975160598754883
2011-04-08,23.51815414428711
2011-04-11,22.947874069213867
2011-04-13,23.483001708984375
2011-04-15,23.412696838378906
2011-04-18,23.01232147216797
2011-04-19,23.635339736938477
2011-04-20,24.12554168701172
2011-04-21,24.207571029663086
2011-04-25,24.156789779663086
2011-04-26,24.607933044433594
2011-04-27,24.66457748413086
2011-04-28,24.78957176208496
2011-04-29,24.590364456176758
2011-05-02,24.740737915039062
2011-05-03,24.582542419433594
2011-05-04,25.564910888671875
2011-05-05,25.129390716552734
2011-05-06,26.01605796813965
2011-05-09,25.58443832397461
2011-05-10,25.449682235717773
2011-05-11,25.736774444580078
2011-05-12,25.80318260192871
2011-05-13,25.795364379882812
2011-05-16,25.48093032836914
2011-05-17,25.2016544342041
2011-05-18,24.156789779663086
2011-05-19,24.129440307617188
2011-05-20,24.43997573852539
2011-05-23,24.580591201782227
2011-05-24,24.213430404663086
2011-05-25,23.58260154724121
2011-05-26,24.06890106201172
2011-05-27,24.535673141479492
2011-05-30,24.500526428222656
2011-05-31,24.725114822387695
2011-06-01,24.707536697387695
2011-06-02,24.555198669433594
2011-06-03,24.264209747314453
2011-06-06,23.906808853149414
2011-06-07,23.982975006103516
2011-06-08,24.402873992919922
2011-06-09,23.941959381103516
2011-06-10,23.66658592224121
2011-06-13,24.02202796936035
2011-06-14,24.106006622314453
2011-06-15,24.180221557617188
2011-06-16,24.59621810913086
2011-06-17,24.64309310913086
2011-06-20,24.516143798828125
2011-06-21,24.14897918701172
2011-06-22,24.04937744140625
2011-06-23,24.10795783996582
2011-06-24,24.791519165039062
2011-06-27,25.934032440185547
2011-06-28,25.457500457763672
2011-06-29,25.15087127685547
2011-06-30,25.398908615112305
2011-07-01,25.19969940185547
2011-07-04,25.27000617980957
2011-07-05,25.740680694580078
2011-07-06,25.430150985717773
2011-07-07,25.937936782836914
2011-07-08,26.14104652404785
2011-07-11,26.057065963745117
2011-07-12,26.09808349609375
2011-07-13,26.121517181396484
2011-07-14,26.04925537109375
2011-07-15,26.250417709350586
2011-07-18,26.279714584350586
2011-07-19,26.250417709350586
2011-07-20,26.07269287109375
2011-07-21,25.80708122253418
2011-07-22,26.12933349609375
2011-07-25,26.221120834350586
2011-07-26,25.871530532836914
2011-07-27,25.728965759277344
2011-07-28,25.561006546020508
2011-07-29,25.695762634277344
2011-08-01,25.596162796020508
2011-08-02,25.69966697692871
2011-08-03,26.004344940185547
2011-08-04,26.896869659423828
2011-08-05,27.431991577148438
2011-08-08,27.457380294799805
2011-08-09,27.033573150634766
2011-08-10,27.096067428588867
2011-08-11,26.9476375579834
2011-08-12,26.9847469329834
2011-08-16,26.867578506469727
2011-08-17,26.775772094726562
2011-08-18,26.53360939025879
2011-08-19,26.629297256469727
2011-08-22,26.990612030029297
2011-08-23,26.879281997680664
2011-08-24,26.783594131469727
2011-08-25,26.908580780029297
2011-08-26,26.203542709350586
2011-08-29,26.508216857910156
2011-08-30,26.350025177001953
2011-09-02,26.660552978515625
2011-09-05,26.514997482299805
2011-09-06,26.76024627685547
2011-09-07,26.806108474731445
2011-09-08,26.87588882446289
2011-09-09,26.423276901245117
2011-09-12,26.30164337158203
2011-09-13,26.187992095947266
2011-09-14,26.335538864135742
2011-09-15,26.853954315185547
2011-09-16,26.303640365600586
2011-09-19,26.465145111083984
2011-09-20,26.51897621154785
2011-09-21,26.453187942504883
2011-09-22,26.293672561645508
2011-09-23,26.21391487121582
2011-09-26,26.26775360107422
2011-09-27,26.237842559814453
2011-09-28,25.51604461669922
2011-09-29,26.184001922607422
2011-09-30,25.83308219909668
2011-10-03,27.099210739135742
2011-10-04,26.877880096435547
2011-10-05,26.706411361694336
2011-10-07,26.6884708404541
2011-10-10,26.812084197998047
2011-10-11,26.925743103027344
2011-10-12,26.79413604736328
2011-10-13,26.10025405883789
2011-10-14,26.138141632080078
2011-10-17,25.220951080322266
2011-10-18,25.599790573120117
2011-10-19,25.847034454345703
2011-10-20,25.615737915039062
2011-10-21,25.699487686157227
2011-10-24,25.685529708862305
2011-10-25,26.215913772583008
2011-10-28,25.406381607055664
2011-10-31,24.828140258789062
2011-11-01,25.0833683013916
2011-11-02,25.0773868560791
2011-11-03,25.143184661865234
2011-11-04,24.89793586730957
2011-11-08,24.064481735229492
2011-11-09,22.716596603393555
2011-11-11,22.28192901611328
2011-11-14,21.93299102783203
2011-11-15,21.472400665283203
2011-11-16,20.575145721435547
2011-11-17,20.278047561645508
2011-11-18,20.774532318115234
2011-11-21,20.144453048706055
2011-11-22,20.81241798400879
2011-11-23,19.9570255279541
2011-11-24,20.056724548339844
2011-11-25,20.682811737060547
2011-11-28,21.354759216308594
2011-11-29,21.055675506591797
2011-11-30,21.45245933532715
2011-12-01,20.981897354125977
2011-12-02,22.232074737548828
2011-12-05,22.15631103515625
2011-12-07,21.91305160522461
2011-12-08,21.942960739135742
2011-12-09,22.112443923950195
2011-12-12,21.67776870727539
2011-12-13,21.574087142944336
2011-12-14,20.52330207824707
2011-12-15,21.121471405029297
2011-12-16,21.047698974609375
2011-12-19,20.928068161010742
2011-12-20,19.9630126953125
2011-12-21,20.537260055541992
2011-12-22,20.792482376098633
2011-12-23,20.198287963867188
2011-12-26,19.974979400634766
2011-12-27,20.08662986755371
2011-12-28,19.73969268798828
2011-12-29,19.087682723999023
2011-12-30,19.05379295349121
2012-01-02,19.16145896911621
2012-01-03,18.852405548095703
2012-01-04,18.77065658569336
2012-01-05,18.339969635009766
2012-01-06,19.001941680908203
2012-01-09,18.704862594604492
2012-01-10,19.249195098876953
2012-01-11,20.238168716430664
2012-01-12,20.43556785583496
2012-01-13,20.28403091430664
2012-01-16,20.15043830871582
2012-01-17,20.950000762939453
2012-01-18,21.366722106933594
2012-01-19,21.621946334838867
2012-01-20,22.327783584594727
2012-01-23,21.751541137695312
2012-01-24,22.186216354370117
2012-01-25,23.113388061523438
2012-01-27,23.021663665771484
2012-01-30,22.50723648071289
2012-01-31,22.81629753112793
2012-02-01,22.331771850585938
2012-02-02,22.95785903930664
2012-02-03,22.96384620666504
2012-02-06,22.878110885620117
2012-02-07,22.640830993652344
2012-02-08,23.053569793701172
2012-02-09,23.877052307128906
2012-02-10,23.855119705200195
2012-02-13,23.516157150268555
2012-02-14,23.859106063842773
2012-02-15,24.08641242980957
2012-02-16,24.838119506835938
2012-02-17,24.69256019592285
2012-02-21,24.485193252563477
2012-02-22,24.87001609802246
2012-02-23,26.174034118652344
2012-02-24,26.174034118652344
2012-02-27,26.305635452270508
2012-02-28,26.028486251831055
2012-02-29,26.409317016601562
2012-03-01,26.273733139038086
2012-03-02,26.46913719177246
2012-03-05,26.562843322753906
2012-03-06,26.66852378845215
2012-03-07,26.293672561645508
2012-03-09,26.491069793701172
2012-03-12,26.43922233581543
2012-03-13,26.60871124267578
2012-03-14,27.182952880859375
2012-03-15,26.61469078063965
2012-03-16,26.48907470703125
2012-03-19,26.54092025756836
2012-03-20,27.32851219177246
2012-03-21,27.731281280517578
2012-03-22,27.1071834564209
2012-03-23,27.151050567626953
2012-03-26,26.534936904907227
2012-03-27,26.612703323364258
2012-03-28,26.604721069335938
2012-03-29,27.430200576782227
2012-03-30,27.9246883392334
2012-04-02,27.410261154174805
2012-04-03,28.148006439208984
2012-04-04,27.880821228027344
2012-04-09,27.137096405029297
2012-04-10,26.618680953979492
2012-04-11,26.738311767578125
2012-04-12,27.113170623779297
2012-04-13,27.031417846679688
2012-04-16,27.05533790588379
2012-04-17,27.390317916870117
2012-04-18,27.852903366088867
2012-04-19,27.707351684570312
2012-04-20,27.765172958374023
2012-04-23,26.903804779052734
2012-04-24,27.420225143432617
2012-04-25,27.36639404296875
2012-04-26,26.359464645385742
2012-04-27,26.43125343322754
2012-04-30,26.744287490844727
2012-05-02,26.221887588500977
2012-05-03,26.385385513305664
2012-05-04,26.016515731811523
2012-05-07,27.362407684326172
2012-05-08,27.13111686706543
2012-05-09,27.47207260131836
2012-05-10,28.084197998046875
2012-05-11,27.926679611206055
2012-05-14,28.467031478881836
2012-05-15,29.06121063232422
2012-05-16,29.992368698120117
2012-05-17,29.344350814819336
2012-05-18,28.90768051147461
2012-05-21,28.94356918334961
2012-05-22,29.03529167175293
2012-05-23,28.800018310546875
2012-05-24,28.963512420654297
2012-05-25,29.148944854736328
2012-05-28,28.558744430541992
2012-05-29,27.958581924438477
2012-05-30,27.551828384399414
2012-05-31,27.82100486755371
2012-06-01,27.695384979248047
2012-06-04,28.572711944580078
2012-06-05,28.086198806762695
2012-06-06,28.13404655456543
2012-06-07,27.914716720581055
2012-06-08,28.006446838378906
2012-06-11,28.36334228515625
2012-06-12,29.194805145263672
2012-06-13,29.206771850585938
2012-06-14,29.483922958374023
2012-06-15,29.61153221130371
2012-06-18,29.45002555847168
2012-06-19,29.956485748291016
2012-06-20,30.283475875854492
2012-06-21,30.448984146118164
2012-06-22,30.433021545410156
2012-06-25,29.844823837280273
2012-06-26,29.886690139770508
2012-06-27,29.900653839111328
2012-06-28,29.954490661621094
2012-06-29,29.667367935180664
2012-07-02,29.79497528076172
2012-07-03,30.305416107177734
2012-07-04,30.05617332458496
2012-07-05,30.23961639404297
2012-07-06,30.4549617767334
2012-07-09,30.423059463500977
2012-07-10,30.662324905395508
2012-07-11,30.977357864379883
2012-07-12,31.322311401367188
2012-07-13,31.26770782470703
2012-07-16,31.433536529541016
2012-07-17,30.470943450927734
2012-07-18,30.47499656677246
2012-07-19,31.409265518188477
2012-07-20,30.98863983154297
2012-07-23,30.24041748046875
2012-07-24,30.098859786987305
2012-07-25,29.625654220581055
2012-07-26,29.14031982421875
2012-07-27,28.756093978881836
2012-07-30,29.653974533081055
2012-07-31,29.387033462524414
2012-08-01,29.13223648071289
2012-08-02,28.679244995117188
2012-08-03,28.553876876831055
2012-08-06,27.85823631286621
2012-08-07,27.611513137817383
2012-08-08,28.444673538208008
2012-08-09,27.52658462524414
2012-08-10,28.51747703552246
2012-08-13,28.363788604736328
2012-08-14,28.02405548095703
2012-08-16,27.81373405456543
2012-08-17,27.550853729248047
2012-08-21,27.401206970214844
2012-08-22,28.22222900390625
2012-08-23,28.404232025146484
2012-08-24,28.679244995117188
2012-08-27,28.634763717651367
2012-08-28,28.65498161315918
2012-08-29,28.48512077331543
2012-08-30,28.149431228637695
2012-08-31,27.085742950439453
2012-09-03,27.575119018554688
2012-09-04,28.064495086669922
2012-09-05,27.943164825439453
2012-09-06,28.092805862426758
2012-09-07,27.91485595703125
2012-09-10,27.70453643798828
2012-09-11,28.246498107910156
2012-09-12,28.11302947998047
2012-09-13,28.691390991210938
2012-09-14,28.32738494873047
2012-09-17,27.401206970214844
2012-09-18,27.29605484008789
2012-09-20,27.931028366088867
2012-09-21,28.092805862426758
2012-09-24,27.89463233947754
2012-09-25,28.258634567260742
2012-09-26,28.460859298706055
2012-09-27,28.056407928466797
2012-09-28,28.2060546875
2012-10-01,28.43254280090332
2012-10-03,28.153478622436523
2012-10-04,29.107969284057617
2012-10-05,28.83698272705078
2012-10-08,28.743961334228516
2012-10-09,28.909788131713867
2012-10-10,28.4487247467041
2012-10-11,28.53769302368164
2012-10-12,28.404232025146484
2012-10-15,28.2990779876709
2012-10-16,27.947208404541016
2012-10-17,27.862279891967773
2012-10-18,28.072586059570312
2012-10-19,27.474002838134766
2012-10-22,27.69645118713379
2012-10-23,28.193927764892578
2012-10-25,28.35165786743164
2012-10-29,27.71262550354004
2012-10-30,27.34862518310547
2012-10-31,27.304141998291016
2012-11-01,27.332443237304688
2012-11-02,27.18280792236328
2012-11-05,27.486141204833984
2012-11-06,27.619606018066406
2012-11-07,27.490192413330078
2012-11-08,27.43356704711914
2012-11-09,27.372900009155273
2012-11-12,26.960357666015625
2012-11-15,26.750043869018555
2012-11-16,26.616579055786133
2012-11-19,26.53568458557129
2012-11-20,26.402217864990234
2012-11-21,26.584230422973633
2012-11-22,26.365821838378906
2012-11-23,26.00181770324707
2012-11-26,25.51648712158203
2012-11-27,26.559955596923828
2012-11-29,27.227291107177734
2012-11-30,28.108985900878906
2012-12-03,27.817777633666992
2012-12-04,28.286937713623047
2012-12-05,29.01494598388672
2012-12-06,29.168636322021484
2012-12-07,28.97449493408203
2012-12-10,28.853158950805664
2012-12-11,29.091787338256836
2012-12-12,28.622629165649414
2012-12-13,28.428503036499023
2012-12-14,28.388050079345703
2012-12-17,27.89867401123047
2012-12-18,28.331436157226562
2012-12-19,28.930009841918945
2012-12-20,28.303117752075195
2012-12-21,27.809690475463867
2012-12-24,28.064495086669922
2012-12-26,28.21009635925293
2012-12-27,27.829919815063477
2012-12-28,28.497251510620117
2012-12-31,28.82485008239746
2013-01-01,28.82081413269043
2013-01-02,29.64183807373047
2013-01-03,29.625654220581055
2013-01-04,30.25255012512207
2013-01-07,31.18277931213379
2013-01-08,30.79854393005371
2013-01-09,31.198957443237305
2013-01-10,30.806629180908203
2013-01-11,29.989656448364258
2013-01-14,30.183788299560547
2013-01-15,31.158504486083984
2013-01-16,30.915842056274414
2013-01-17,32.044246673583984
2013-01-18,35.182743072509766
2013-01-21,35.664031982421875
2013-01-22,35.08971405029297
2013-01-23,34.341495513916016
2013-01-24,33.64179611206055
2013-01-25,33.96941375732422
2013-01-28,33.62967300415039
2013-01-29,33.12411117553711
2013-01-30,33.11198043823242
2013-01-31,33.200958251953125
2013-02-01,34.187808990478516
2013-02-04,33.87638473510742
2013-02-05,33.306114196777344
2013-02-06,33.83998489379883
2013-02-07,33.23331069946289
2013-02-08,32.46891403198242
2013-02-11,32.56193161010742
2013-02-12,33.18882369995117
2013-02-13,32.472957611083984
2013-02-14,31.332422256469727
2013-02-15,30.697439193725586
2013-02-18,30.681257247924805
2013-02-19,30.879438400268555
2013-02-20,31.781354904174805
2013-02-21,31.56699562072754
2013-02-22,31.48610496520996
2013-02-25,30.968416213989258
2013-02-26,30.418365478515625
2013-02-27,30.74193000793457
2013-02-28,30.08672332763672
2013-03-01,31.18277931213379
2013-03-04,31.32432746887207
2013-03-05,31.417346954345703
2013-03-06,31.081661224365234
2013-03-07,31.599361419677734
2013-03-08,32.79246520996094
2013-03-11,32.34353256225586
2013-03-12,32.09278106689453
2013-03-13,31.59127426147461
2013-03-14,32.13323211669922
2013-03-15,32.359718322753906
2013-03-18,31.716638565063477
2013-03-19,30.919891357421875
2013-03-20,30.76215362548828
2013-03-21,29.83597183227539
2013-03-22,29.609481811523438
2013-03-25,30.1029052734375
2013-03-26,30.309167861938477
2013-03-28,30.551841735839844
2013-04-01,30.49521827697754
2013-04-02,30.551841735839844
2013-04-03,30.33344078063965
2013-04-04,29.892589569091797
2013-04-05,30.454776763916016
2013-04-08,30.77427864074707
2013-04-09,30.127168655395508
2013-04-10,29.88854217529297
2013-04-11,29.629703521728516
2013-04-12,30.280860900878906
2013-04-15,31.935039520263672
2013-04-16,32.8854866027832
2013-04-17,32.46487045288086
2013-04-18,32.78841781616211
2013-04-22,33.54473114013672
2013-04-23,33.427452087402344
2013-04-25,33.71056365966797
2013-04-26,33.41126251220703
2013-04-29,33.51238250732422
2013-04-30,33.508338928222656
2013-05-02,33.71864700317383
2013-05-03,32.622596740722656
2013-05-06,33.03917694091797
2013-05-07,32.897621154785156
2013-05-08,33.11198043823242
2013-05-09,33.14838409423828
2013-05-10,33.573062896728516
2013-05-13,33.1322021484375
2013-05-14,33.144344329833984
2013-05-15,33.64179611206055
2013-05-16,34.12713623046875
2013-05-17,33.83189392089844
2013-05-20,33.144344329833984
2013-05-21,32.54575729370117
2013-05-22,31.51846694946289
2013-05-23,30.729795455932617
2013-05-24,30.93606185913086
2013-05-27,30.531614303588867
2013-05-28,30.786420822143555
2013-05-29,30.63677406311035
2013-05-30,31.037168502807617
2013-05-31,30.483091354370117
2013-06-03,29.755077362060547
2013-06-04,30.038192749023438
2013-06-05,30.224239349365234
2013-06-06,30.17165756225586
2013-06-07,30.43050765991211
2013-06-10,29.629703521728516
2013-06-11,29.043256759643555
2013-06-12,29.338499069213867
2013-06-13,28.90169906616211
2013-06-14,29.84001350402832
2013-06-17,29.678239822387695
2013-06-18,29.512413024902344
2013-06-19,29.504318237304688
2013-06-20,28.420413970947266
2013-06-21,28.177738189697266
2013-06-24,27.417387008666992
2013-06-25,27.902719497680664
2013-06-26,28.193927764892578
2013-06-27,27.959339141845703
2013-06-28,29.682281494140625
2013-07-01,30.280860900878906
2013-07-02,30.05436897277832
2013-07-03,28.909788131713867
2013-07-04,29.653974533081055
2013-07-05,29.556903839111328
2013-07-08,27.9633846282959
2013-07-09,27.955293655395508
2013-07-10,27.101913452148438
2013-07-11,27.449743270874023
2013-07-12,27.821828842163086
2013-07-15,27.542760848999023
2013-07-16,28.068544387817383
2013-07-17,27.680269241333008
2013-07-18,27.789470672607422
2013-07-19,28.040231704711914
2013-07-22,28.007875442504883
2013-07-23,28.533655166625977
2013-07-24,28.153478622436523
2013-07-25,28.32335090637207
2013-07-26,28.33952522277832
2013-07-29,27.53467559814453
2013-07-30,25.180795669555664
2013-07-31,26.187864303588867
2013-08-01,24.634790420532227
2013-08-02,23.44572639465332
2013-08-05,22.798612594604492
2013-08-06,21.14847755432129
2013-08-07,22.13532257080078
2013-08-08,22.325414657592773
2013-08-12,22.96039581298828
2013-08-13,23.138341903686523
2013-08-14,24.630752563476562
2013-08-16,23.474035263061523
2013-08-19,23.328433990478516
2013-08-20,24.076663970947266
2013-08-21,23.008926391601562
2013-08-22,23.89061164855957
2013-08-23,24.35572624206543
2013-08-26,24.69546127319336
2013-08-27,23.465940475463867
2013-08-28,21.59336280822754
2013-08-29,21.84816551208496
2013-08-30,22.08274269104004
2013-09-02,22.35776710510254
2013-09-03,21.59336280822754
2013-09-04,21.908828735351562
2013-09-05,23.239456176757812
2013-09-06,25.20341682434082
2013-09-10,25.102487564086914
2013-09-11,26.275808334350586
2013-09-12,25.55246925354004
2013-09-13,25.666025161743164
2013-09-16,26.734203338623047
2013-09-17,26.385154724121094
2013-09-18,26.557579040527344
2013-09-19,28.294437408447266
2013-09-20,28.424808502197266
2013-09-23,27.201011657714844
2013-09-24,26.523935317993164
2013-09-25,25.69545555114746
2013-09-26,26.006662368774414
2013-09-27,27.638389587402344
2013-09-30,27.86127281188965
2013-10-01,27.449142456054688
2013-10-03,28.20191764831543
2013-10-04,28.719194412231445
2013-10-07,29.678043365478516
2013-10-08,28.740217208862305
2013-10-09,28.618261337280273
2013-10-10,28.853771209716797
2013-10-11,28.508922576904297
2013-10-14,28.820127487182617
2013-10-15,28.857973098754883
2013-10-17,29.274320602416992
2013-10-18,30.464462280273438
2013-10-21,30.51494026184082
2013-10-22,30.363527297973633
2013-10-23,29.95140266418457
2013-10-24,30.022890090942383
2013-10-25,29.3373966217041
2013-10-28,29.169179916381836
2013-10-29,29.543460845947266
2013-10-30,30.418201446533203
2013-10-31,30.2415771484375
2013-11-01,29.926166534423828
2013-11-05,31.364439010620117
2013-11-06,31.107906341552734
2013-11-07,30.07335090637207
2013-11-08,29.598140716552734
2013-11-11,28.521535873413086
2013-11-12,28.576208114624023
2013-11-13,28.025287628173828
2013-11-14,28.9462890625
2013-11-18,29.648605346679688
2013-11-19,29.059837341308594
2013-11-20,28.222942352294922
2013-11-21,27.84865951538086
2013-11-22,27.995849609375
2013-11-25,29.219655990600586
2013-11-26,27.322975158691406
2013-11-27,27.772958755493164
2013-11-28,28.075759887695312
2013-11-29,28.597232818603516
2013-12-02,29.05142593383789
2013-12-03,29.44253158569336
2013-12-04,29.497201919555664
2013-12-05,30.140647888183594
2013-12-06,30.64109992980957
2013-12-09,30.733619689941406
2013-12-10,30.085969924926758
2013-12-11,29.446739196777344
2013-12-12,29.438329696655273
2013-12-13,28.769662857055664
2013-12-16,28.513120651245117
2013-12-17,28.769662857055664
2013-12-18,29.114503860473633
2013-12-19,28.445842742919922
2013-12-20,28.93366813659668
2013-12-23,29.194406509399414
2013-12-24,29.270111083984375
2013-12-26,29.812618255615234
2013-12-27,29.577106475830078
2013-12-30,29.299545288085938
2013-12-31,29.261701583862305
2014-01-01,29.37104034423828
2014-01-02,28.55097198486328
2014-01-03,27.6972599029541
2014-01-06,27.739322662353516
2014-01-07,27.213632583618164
2014-01-08,26.708974838256836
2014-01-09,27.356618881225586
2014-01-10,27.44493865966797
2014-01-13,27.882307052612305
2014-01-14,27.604745864868164
2014-01-15,27.52903938293457
2014-01-16,27.78557014465332
2014-01-17,28.605649948120117
2014-01-20,28.811710357666016
2014-01-21,28.370141983032227
2014-01-22,28.929468154907227
2014-01-23,29.211231231689453
2014-01-24,28.8621826171875
2014-01-27,28.399581909179688
2014-01-28,28.782272338867188
2014-01-29,29.8504695892334
2014-01-30,29.648605346679688
2014-01-31,30.506519317626953
2014-02-03,29.980838775634766
2014-02-04,29.884111404418945
2014-02-05,29.82523536682129
2014-02-06,29.678043365478516
2014-02-07,29.619165420532227
2014-02-10,29.842058181762695
2014-02-11,30.249982833862305
2014-02-12,30.67894172668457
2014-02-13,29.85887336730957
2014-02-14,29.926166534423828
2014-02-17,30.06915283203125
2014-02-18,29.85887336730957
2014-02-19,29.55607795715332
2014-02-20,29.169179916381836
2014-02-21,30.384553909301758
2014-02-24,30.61585807800293
2014-02-25,31.276119232177734
2014-02-26,31.747133255004883
2014-02-28,31.793399810791016
2014-03-03,31.679845809936523
2014-03-04,31.9742374420166
2014-03-05,32.588226318359375
2014-03-06,33.73632049560547
2014-03-07,35.153568267822266
2014-03-10,35.22506332397461
2014-03-11,34.876014709472656
2014-03-12,34.72881317138672
2014-03-13,37.32779312133789
2014-03-14,37.4077033996582
2014-03-18,37.790401458740234
2014-03-19,37.697879791259766
2014-03-20,36.268028259277344
2014-03-21,36.00728225708008
2014-03-24,36.50353240966797
2014-03-25,37.47499084472656
2014-03-26,37.441349029541016
2014-03-27,38.231971740722656
2014-03-28,38.54317855834961
2014-03-31,38.6945915222168
2014-04-01,37.58855056762695
2014-04-02,37.76096725463867
2014-04-03,36.97454071044922
2014-04-04,37.310977935791016
2014-04-07,36.84837341308594
2014-04-09,37.01239013671875
2014-04-10,38.004878997802734
2014-04-11,37.37405776977539
2014-04-15,37.48760986328125
2014-04-16,36.70118713378906
2014-04-17,37.83245086669922
2014-04-21,39.01420593261719
2014-04-22,40.608070373535156
2014-04-23,39.96043395996094
2014-04-24,39.96043395996094
2014-04-25,38.745052337646484
2014-04-28,38.391788482666016
2014-04-29,38.72822570800781
2014-04-30,38.261409759521484
2014-05-02,38.909061431884766
2014-05-05,39.33381652832031
2014-05-06,39.32119369506836
2014-05-07,39.7291259765625
2014-05-08,38.89643859863281
2014-05-09,40.86039733886719
2014-05-12,42.260826110839844
2014-05-13,42.84538269042969
2014-05-14,43.62339401245117
2014-05-15,43.42994689941406
2014-05-16,46.43686294555664
2014-05-19,48.438663482666016
2014-05-20,46.996192932128906
2014-05-21,47.12655258178711
2014-05-22,47.0718879699707
2014-05-23,46.78171157836914
2014-05-26,46.916290283203125
2014-05-27,46.60508346557617
2014-05-28,45.61258316040039
2014-05-29,45.09109878540039
2014-05-30,43.89674758911133
2014-06-02,46.72704315185547
2014-06-03,48.249420166015625
2014-06-04,48.42184829711914
2014-06-05,52.101627349853516
2014-06-06,52.82918930053711
2014-06-09,51.731563568115234
2014-06-10,51.6474494934082
2014-06-11,51.05867004394531
2014-06-12,50.38580322265625
2014-06-13,47.92140197753906
2014-06-16,49.70451736450195
2014-06-17,51.32781982421875
2014-06-18,49.7675895690918
2014-06-19,47.47561264038086
2014-06-20,46.47470474243164
2014-06-23,46.81956100463867
2014-06-24,49.01482009887695
2014-06-25,48.892860412597656
2014-06-26,47.76157760620117
2014-06-27,47.91718292236328
2014-06-30,50.499351501464844
2014-07-01,49.59097671508789
2014-07-02,50.617095947265625
2014-07-03,50.43205642700195
2014-07-04,50.44466781616211
2014-07-07,49.89796829223633
2014-07-08,48.055965423583984
2014-07-09,49.023223876953125
2014-07-10,48.84659194946289
2014-07-11,47.2022590637207
2014-07-14,47.86252212524414
2014-07-15,48.9559440612793
2014-07-16,49.69191360473633
2014-07-17,49.71712875366211
2014-07-18,49.03583908081055
2014-07-21,48.901283264160156
2014-07-22,49.01482009887695
2014-07-23,50.48673629760742
2014-07-24,50.7180290222168
2014-07-25,49.75497817993164
2014-07-28,48.341941833496094
2014-07-30,48.2284049987793
2014-07-31,48.7961311340332
2014-08-01,48.56062698364258
2014-08-04,50.499351501464844
2014-08-05,49.86433410644531
2014-08-06,48.892860412597656
2014-08-07,49.199859619140625
2014-08-08,47.652244567871094
2014-08-11,48.23259735107422
2014-08-12,49.68347930908203
2014-08-13,50.772705078125
2014-08-14,51.58857345581055
2014-08-18,54.54502868652344
2014-08-19,56.69400405883789
2014-08-20,56.101043701171875
2014-08-21,57.648658752441406
2014-08-22,56.52159118652344
2014-08-25,55.90760040283203
2014-08-26,55.90760040283203
2014-08-27,57.00521469116211
2014-08-28,58.3972282409668
2014-09-01,59.28459930419922
2014-09-02,59.18364715576172
2014-09-03,59.25935363769531
2014-09-04,58.93974304199219
2014-09-05,59.366432189941406
2014-09-08,60.344825744628906
2014-09-09,59.706932067871094
2014-09-10,58.34926223754883
2014-09-11,58.73716735839844
2014-09-12,58.88802719116211
2014-09-15,58.90526580810547
2014-09-16,56.03047561645508
2014-09-17,55.077945709228516
2014-09-18,57.09073257446289
2014-09-19,56.65542221069336
2014-09-22,57.784645080566406
2014-09-23,56.11235427856445
2014-09-24,55.36241149902344
2014-09-25,53.47030258178711
2014-09-26,55.12105178833008
2014-09-29,54.935726165771484
2014-09-30,56.495941162109375
2014-10-01,56.27614212036133
2014-10-07,56.07787322998047
2014-10-08,58.15962600708008
2014-10-09,57.901031494140625
2014-10-10,57.77602767944336
2014-10-13,57.90534210205078
2014-10-14,56.573543548583984
2014-10-15,56.573543548583984
2014-10-16,57.43122100830078
2014-10-17,57.47433853149414
2014-10-20,60.0689697265625
2014-10-21,59.28884506225586
2014-10-22,59.37075424194336
2014-10-27,59.14662170410156
2014-10-28,60.49998092651367
2014-10-29,60.7413330078125
2014-10-30,60.517208099365234
2014-10-31,62.473968505859375
2014-11-03,62.41362380981445
2014-11-05,63.814395904541016
2014-11-07,65.43928527832031
2014-11-10,66.02973175048828
2014-11-11,66.10734558105469
2014-11-12,65.96942138671875
2014-11-13,62.96531677246094
2014-11-14,63.3445930480957
2014-11-17,62.586036682128906
2014-11-18,62.05590057373047
2014-11-19,62.19812774658203
2014-11-20,62.04728317260742
2014-11-21,62.44813919067383
2014-11-24,62.0128059387207
2014-11-25,61.19390869140625
2014-11-26,60.995635986328125
2014-11-27,62.11192321777344
2014-11-28,64.32728576660156
2014-12-01,64.16351318359375
2014-12-02,61.42232894897461
2014-12-03,61.27578353881836
2014-12-04,62.62913513183594
2014-12-05,61.20683670043945
2014-12-08,59.45695877075195
2014-12-09,58.04325866699219
2014-12-10,57.66398620605469
2014-12-11,57.16400146484375
2014-12-12,57.547607421875
2014-12-15,54.85382843017578
2014-12-16,55.810646057128906
2014-12-17,55.84083557128906
2014-12-18,56.3149299621582
2014-12-19,56.35372543334961
2014-12-22,56.483009338378906
2014-12-23,56.09943771362305
2014-12-24,55.1425895690918
2014-12-26,55.65980529785156
2014-12-29,55.780487060546875
2014-12-30,55.89685821533203
2014-12-31,55.6856689453125
2015-01-01,56.39250564575195
2015-01-02,55.54774475097656
2015-01-05,55.65550231933594
2015-01-06,55.09519958496094
2015-01-07,55.595157623291016
2015-01-08,58.40960693359375
2015-01-09,58.560455322265625
2015-01-12,58.306175231933594
2015-01-13,57.71569061279297
2015-01-14,56.17700958251953
2015-01-15,57.146766662597656
2015-01-16,56.83213806152344
2015-01-19,55.61669158935547
2015-01-20,55.827903747558594
2015-01-21,56.38819885253906
2015-01-22,56.63819885253906
2015-01-23,58.163944244384766
2015-01-27,59.65521240234375
2015-01-28,60.87925720214844
2015-01-29,63.25840377807617
2015-01-30,64.55140686035156
2015-02-02,64.53418731689453
2015-02-03,62.70241165161133
2015-02-04,62.15071487426758
2015-02-05,64.65054321289062
2015-02-06,63.00841522216797
2015-02-09,61.357669830322266
2015-02-10,60.1939582824707
2015-02-11,61.4525032043457
2015-02-12,60.844791412353516
2015-02-13,62.486915588378906
2015-02-16,62.56878662109375
2015-02-18,62.8963508605957
2015-02-19,63.97817611694336
2015-02-20,63.94369888305664
2015-02-23,63.75836181640625
2015-02-24,65.27979278564453
2015-02-25,64.81002044677734
2015-02-26,64.28849792480469
2015-02-27,64.1548843383789
2015-03-02,67.1934585571289
2015-03-03,67.3055191040039
2015-03-04,66.41766357421875
2015-03-05,66.92192077636719
2015-03-09,65.85735321044922
2015-03-10,65.87459564208984
2015-03-11,64.72381591796875
2015-03-12,64.60742950439453
2015-03-13,63.04719924926758
2015-03-16,63.49977493286133
2015-03-17,64.7065658569336
2015-03-18,66.58574676513672
2015-03-19,64.94361877441406
2015-03-20,62.67223358154297
2015-03-23,61.66798782348633
2015-03-24,63.85750961303711
2015-03-25,64.53848266601562
2015-03-26,65.71082305908203
2015-03-27,64.61605834960938
2015-03-30,66.314208984375
2015-03-31,69.89153289794922
2015-04-01,69.32261657714844
2015-04-06,69.14158630371094
2015-04-07,68.58992004394531
2015-04-08,70.6544189453125
2015-04-09,69.9820556640625
2015-04-10,70.68891143798828
2015-04-13,70.54666900634766
2015-04-15,69.1674575805664
2015-04-16,69.03816223144531
2015-04-17,68.77525329589844
2015-04-20,69.26227569580078
2015-04-21,68.8873062133789
2015-04-22,69.3958969116211
2015-04-23,69.18037414550781
2015-04-24,67.2796630859375
2015-04-27,63.12479782104492
2015-04-28,65.95647430419922
2015-04-29,65.16343688964844
2015-04-30,65.92200469970703
2015-05-04,67.55550384521484
2015-05-05,67.00381469726562
2015-05-06,64.49539184570312
2015-05-07,62.922210693359375
2015-05-08,64.4824447631836
2015-05-11,64.71949005126953
2015-05-12,62.573089599609375
2015-05-13,63.43081283569336
2015-05-14,65.22806549072266
2015-05-15,66.12025451660156
2015-05-18,68.33992767333984
2015-05-19,67.60723114013672
2015-05-20,67.83567810058594
2015-05-21,66.9736557006836
2015-05-22,67.43482208251953
2015-05-25,68.25372314453125
2015-05-26,67.3874282836914
2015-05-27,68.693359375
2015-05-28,70.486328125
2015-05-29,73.28356170654297
2015-06-01,74.197265625
2015-06-02,72.9904556274414
2015-06-03,72.33964538574219
2015-06-04,74.71015167236328
2015-06-05,73.76195526123047
2015-06-08,72.67151641845703
2015-06-09,73.21891021728516
2015-06-10,72.7447738647461
2015-06-11,72.615478515625
2015-06-12,72.19309997558594
2015-06-15,71.84830474853516
2015-06-16,70.72769927978516
2015-06-17,69.86135864257812
2015-06-18,71.87416076660156
2015-06-19,72.03362274169922
2015-06-22,72.93873596191406
2015-06-23,74.20589447021484
2015-06-24,73.1326904296875
2015-06-25,73.99040222167969
2015-06-26,74.30933380126953
2015-06-29,75.15409851074219
2015-06-30,75.80062103271484
2015-07-01,76.54193115234375
2015-07-02,77.58065032958984
2015-07-03,77.82632446289062
2015-07-06,80.23995208740234
2015-07-07,80.36923217773438
2015-07-08,78.96849822998047
2015-07-09,74.70585632324219
2015-07-10,76.00747680664062
2015-07-13,78.38233184814453
2015-07-14,79.90375518798828
2015-07-15,79.10208129882812
2015-07-16,80.85627746582031
2015-07-17,80.99852752685547
2015-07-20,83.04578399658203
2015-07-21,82.08030700683594
2015-07-22,83.79141235351562
2015-07-23,83.64054107666016
2015-07-24,83.2311019897461
2015-07-27,82.27427673339844
2015-07-28,81.45536041259766
2015-07-29,81.83032989501953
2015-07-30,81.64930725097656
2015-07-31,79.88650512695312
2015-08-03,78.33920288085938
2015-08-04,80.47268676757812
2015-08-05,80.2183837890625
2015-08-06,80.90799713134766
2015-08-07,82.36479949951172
2015-08-10,81.60623168945312
2015-08-11,79.75721740722656
2015-08-12,74.99462890625
2015-08-13,76.30919647216797
2015-08-14,75.31786346435547
2015-08-17,74.57654571533203
2015-08-18,77.2746353149414
2015-08-19,76.46865844726562
2015-08-20,77.75736236572266
2015-08-21,76.6884765625
2015-08-24,70.56390380859375
2015-08-25,74.36969757080078
2015-08-26,72.20603942871094
2015-08-27,75.8738784790039
2015-08-28,76.161376953125
2015-08-31,78.1296615600586
2015-09-01,76.37368774414062
2015-09-02,75.11309814453125
2015-09-03,74.12674713134766
2015-09-04,75.24578857421875
2015-09-07,73.441162109375
2015-09-08,72.64942932128906
2015-09-09,72.56097412109375
2015-09-10,74.28155517578125
2015-09-11,75.24137878417969
2015-09-14,77.8819580078125
2015-09-15,77.81121826171875
2015-09-16,76.28522491455078
2015-09-18,76.92215728759766
2015-09-21,77.0725326538086
2015-09-22,76.20117950439453
2015-09-23,77.55908203125
2015-09-24,77.92619323730469
2015-09-28,78.15620422363281
2015-09-29,74.99810791015625
2015-09-30,75.25463104248047
2015-10-01,75.64385986328125
2015-10-05,76.13926696777344
2015-10-06,77.46176147460938
2015-10-07,76.39137268066406
2015-10-08,75.63060760498047
2015-10-09,75.0600357055664
2015-10-12,75.10868072509766
2015-10-13,76.38694763183594
2015-10-14,76.2807846069336
2015-10-15,79.00542449951172
2015-10-16,80.61100769042969
2015-10-19,81.25235748291016
2015-10-20,80.7171630859375
2015-10-21,79.66889953613281
2015-10-23,80.51811981201172
2015-10-26,79.94755554199219
2015-10-27,80.91178131103516
2015-10-28,80.44735717773438
2015-10-29,77.76697540283203
2015-10-30,77.05928802490234
2015-11-02,77.12118530273438
2015-11-03,77.55464935302734
2015-11-04,78.37735748291016
2015-11-05,78.64273834228516
2015-11-06,79.27080535888672
2015-11-09,79.87236022949219
2015-11-10,77.56792449951172
2015-11-13,80.15100860595703
2015-11-16,79.49637603759766
2015-11-17,77.51483917236328
2015-11-18,78.20042419433594
2015-11-19,80.27043914794922
2015-11-20,81.04006958007812
2015-11-23,80.12004852294922
2015-11-24,80.27043914794922
2015-11-26,80.05370330810547
2015-11-27,79.7352294921875
2015-11-30,79.77063751220703
2015-12-01,82.5085220336914
2015-12-02,82.45986938476562
2015-12-03,81.3806381225586
2015-12-04,80.1908187866211
2015-12-07,80.5667953491211
2015-12-08,80.6773681640625
2015-12-09,78.04561614990234
2015-12-10,79.98292541503906
2015-12-11,78.98773193359375
2015-12-14,78.7356185913086
2015-12-15,78.70023345947266
2015-12-16,79.92984771728516
2015-12-17,79.96522521972656
2015-12-18,79.6821517944336
2015-12-21,79.39464569091797
2015-12-22,79.85466003417969
2015-12-23,79.68657684326172
2015-12-24,79.97850036621094
2015-12-28,79.90775299072266
2015-12-29,79.8458251953125
2015-12-30,78.881591796875
2015-12-31,78.93463897705078
2016-01-01,79.2663803100586
2016-01-04,78.85946655273438
2016-01-05,79.85023498535156
2016-01-06,80.70391082763672
2016-01-07,78.2225341796875
2016-01-08,79.92984771728516
2016-01-11,78.5586929321289
2016-01-12,78.74447631835938
2016-01-13,79.25311279296875
2016-01-14,80.44735717773438
2016-01-15,82.49525451660156
2016-01-18,79.31503295898438
2016-01-19,79.24427795410156
2016-01-20,78.3331069946289
2016-01-21,77.45292663574219
2016-01-22,78.13407135009766
2016-01-25,77.66079711914062
2016-01-27,77.0150375366211
2016-01-28,76.8646469116211
2016-01-29,79.00984191894531
2016-02-01,77.85984802246094
2016-02-02,76.30290985107422
2016-02-03,74.4408950805664
2016-02-04,74.6383056640625
2016-02-05,75.64784240722656
2016-02-08,74.050537109375
2016-02-09,74.02360534667969
2016-02-10,75.15877532958984
2016-02-11,73.38200378417969
2016-02-12,69.34832763671875
2016-02-15,69.97201538085938
2016-02-16,67.3920669555664
2016-02-17,70.07969665527344
2016-02-18,70.86935424804688
2016-02-19,68.72467803955078
2016-02-22,68.14586639404297
2016-02-23,66.05052947998047
2016-02-24,68.99836730957031
2016-02-25,68.5721206665039
2016-02-26,68.62147521972656
2016-02-29,69.02978515625
2016-03-01,71.22383880615234
2016-03-02,70.58671569824219
2016-03-03,71.20415496826172
2016-03-04,73.48011779785156
2016-03-08,73.99390411376953
2016-03-09,72.05146789550781
2016-03-10,71.58272552490234
2016-03-11,72.43902587890625
2016-03-14,72.5381851196289
2016-03-15,73.092529296875
2016-03-16,73.76856994628906
2016-03-17,77.95542907714844
2016-03-18,77.23884582519531
2016-03-21,78.4241714477539
2016-03-22,78.48274993896484
2016-03-23,78.28446197509766
2016-03-28,78.74417114257812
2016-03-29,78.78021240234375
2016-03-30,81.2274398803711
2016-03-31,81.5113754272461
2016-04-01,79.97453308105469
2016-04-04,79.95198822021484
2016-04-05,80.2584457397461
2016-04-06,80.2359390258789
2016-04-07,79.77622985839844
2016-04-08,81.09222412109375
2016-04-11,82.67415618896484
2016-04-12,83.00315856933594
2016-04-13,83.43580627441406
2016-04-18,87.42436981201172
2016-04-20,86.01374053955078
2016-04-21,87.50101470947266
2016-04-22,87.06385803222656
2016-04-25,88.18154907226562
2016-04-26,87.95621490478516
2016-04-27,88.54658508300781
2016-04-28,86.7799072265625
2016-04-29,88.15450286865234
2016-05-02,87.3928451538086
2016-05-03,85.98220825195312
2016-05-04,85.36475372314453
2016-05-05,84.62110900878906
2016-05-06,84.65717315673828
2016-05-09,84.45886993408203
2016-05-10,83.58902740478516
2016-05-11,82.88597106933594
2016-05-12,83.5079345703125
2016-05-13,83.62959289550781
2016-05-16,83.169921875
2016-05-17,85.20703887939453
2016-05-18,84.10731506347656
2016-05-19,85.0222396850586
2016-05-20,82.97160339355469
2016-05-23,83.09779357910156
2016-05-24,80.75872039794922
2016-05-25,82.6921615600586
2016-05-26,83.53946685791016
2016-05-27,91.21919250488281
2016-05-30,90.0879898071289
2016-05-31,88.3798599243164
2016-06-01,88.97476196289062
2016-06-02,90.41693878173828
2016-06-03,91.26425170898438
2016-06-06,90.9668960571289
2016-06-07,89.32002258300781
2016-06-08,89.67684173583984
2016-06-09,91.25968170166016
2016-06-10,90.28986358642578
2016-06-13,92.28440856933594
2016-06-14,90.68328094482422
2016-06-15,92.4994125366211
2016-06-16,92.545166015625
2016-06-17,91.94586181640625
2016-06-20,91.9321517944336
2016-06-21,92.2752456665039
2016-06-22,92.34844970703125
2016-06-23,93.67507934570312
2016-06-24,92.72357177734375
2016-06-27,94.9880142211914
2016-06-28,96.22318267822266
2016-06-29,96.46563720703125
2016-06-30,98.09420776367188
2016-07-01,99.9057846069336
2016-07-04,101.20496368408203
2016-07-05,100.45472717285156
2016-07-07,101.93231964111328
2016-07-08,101.98723602294922
2016-07-11,103.68899536132812
2016-07-12,102.52245330810547
2016-07-13,99.837158203125
2016-07-14,101.26441955566406
2016-07-15,101.511474609375
2016-07-18,101.76763916015625
2016-07-19,104.69542694091797
2016-07-20,105.1254653930664
2016-07-21,105.44564819335938
2016-07-22,106.7174072265625
2016-07-25,108.60218048095703
2016-07-26,107.65978240966797
2016-07-27,107.68724822998047
2016-07-28,106.82719421386719
2016-07-29,108.44662475585938
2016-08-01,108.80345153808594
2016-08-02,106.01293182373047
2016-08-03,104.8326644897461
2016-08-04,104.17391967773438
2016-08-05,107.3304214477539
2016-08-08,111.0267333984375
2016-08-09,108.9955825805664
2016-08-10,106.78146362304688
2016-08-11,109.2151870727539
2016-08-12,106.1227035522461
2016-08-16,109.13285827636719
2016-08-17,107.4768295288086
2016-08-18,107.43106842041016
2016-08-19,108.54728698730469
2016-08-22,109.33412170410156
2016-08-23,105.41818237304688
2016-08-24,106.45209503173828
2016-08-25,109.47138214111328
2016-08-26,109.01387023925781
2016-08-29,109.57199096679688
2016-08-30,111.30122375488281
2016-08-31,110.2673568725586
2016-09-01,107.37617492675781
2016-09-02,107.36701202392578
2016-09-06,109.535400390625
2016-09-07,107.92513275146484
2016-09-08,107.44934844970703
2016-09-09,107.69640350341797
2016-09-12,103.55176544189453
2016-09-14,105.2809829711914
2016-09-15,103.9635009765625
2016-09-16,105.7567367553711
2016-09-19,107.08341979980469
2016-09-20,107.18405151367188
2016-09-21,107.37617492675781
2016-09-22,109.57199096679688
2016-09-23,110.64247131347656
2016-09-26,113.89962005615234
2016-09-27,111.7586898803711
2016-09-28,112.77424621582031
2016-09-29,111.64889526367188
2016-09-30,112.09720611572266
2016-10-03,114.86944580078125
2016-10-04,116.6444091796875
2016-10-05,118.92256164550781
2016-10-06,122.72869110107422
2016-10-07,121.42034149169922
2016-10-10,120.36817932128906
2016-10-13,120.2400894165039
2016-10-14,122.02420043945312
2016-10-17,120.60604095458984
2016-10-18,120.176025390625
2016-10-19,120.88052368164062
2016-10-20,121.16416931152344
2016-10-21,122.28038024902344
2016-10-24,125.56498718261719
2016-10-25,125.427734375
2016-10-26,123.70770263671875
2016-10-27,123.80830383300781
2016-10-28,122.4267807006836
2016-11-01,123.72594451904297
2016-11-02,120.79817962646484
2016-11-03,117.85210418701172
2016-11-04,117.75149536132812
2016-11-07,120.7890396118164
2016-11-08,120.87139129638672
2016-11-09,120.76156616210938
2016-11-10,121.60334777832031
2016-11-11,118.86769104003906
2016-11-15,117.7697525024414
2016-11-16,116.04056549072266
2016-11-17,116.28761291503906
2016-11-18,117.57765197753906
2016-11-21,115.98564147949219
2016-11-22,117.27572631835938
2016-11-23,115.99481201171875
2016-11-24,116.76334381103516
2016-11-25,117.00122833251953
2016-11-28,119.17874145507812
2016-11-29,117.8063735961914
2016-11-30,117.83380889892578
2016-12-01,115.07987213134766
2016-12-02,111.28291320800781
2016-12-05,110.56011199951172
2016-12-06,112.16122436523438
2016-12-07,115.6745834350586
2016-12-08,116.75418853759766
2016-12-09,116.13204193115234
2016-12-12,111.95997619628906
2016-12-13,115.03411865234375
2016-12-14,113.56109619140625
2016-12-15,112.65532684326172
2016-12-16,111.8227310180664
2016-12-19,111.95997619628906
2016-12-20,111.9965591430664
2016-12-21,112.3167953491211
2016-12-22,111.7586898803711
2016-12-23,111.78614807128906
2016-12-26,110.20330810546875
2016-12-27,112.63701629638672
2016-12-28,112.56382751464844
2016-12-29,117.0469741821289
2016-12-30,116.28761291503906
2017-01-02,117.20250701904297
2017-01-03,119.04151153564453
2017-01-04,119.93815612792969
2017-01-05,123.09466552734375
2017-01-06,121.6582260131836
2017-01-09,119.50812530517578
2017-01-10,120.82562255859375
2017-01-11,120.9354248046875
2017-01-12,120.64266204833984
2017-01-13,120.34073638916016
2017-01-16,122.25294494628906
2017-01-17,121.67652893066406
2017-01-18,119.93815612792969
2017-01-19,123.31425476074219
2017-01-20,121.63993835449219
2017-01-23,123.8906478881836
2017-01-24,124.86961364746094
2017-01-25,130.1396484375
2017-01-27,128.95936584472656
2017-01-30,128.94105529785156
2017-01-31,124.73239135742188
2017-02-01,126.76353454589844
2017-02-02,128.43783569335938
2017-02-03,127.83397674560547
2017-02-06,129.0691375732422
2017-02-07,131.1369171142578
2017-02-08,131.8413848876953
2017-02-09,133.00332641601562
2017-02-10,130.93560791015625
2017-02-13,130.75262451171875
2017-02-14,126.63545989990234
2017-02-15,123.46063995361328
2017-02-16,122.49080657958984
2017-02-17,124.24746704101562
2017-02-20,128.1359405517578
2017-02-21,128.81297302246094
2017-02-22,130.70687866210938
2017-02-23,131.3199005126953
2017-02-27,129.49916076660156
2017-02-28,126.08385467529297
2017-03-01,124.08924865722656
2017-03-02,119.51669311523438
2017-03-03,119.07450103759766
2017-03-06,119.96833038330078
2017-03-07,121.53953552246094
2017-03-08,120.24114990234375
2017-03-09,118.92398071289062
2017-03-10,117.29633331298828
2017-03-14,119.8083724975586
2017-03-15,119.77071380615234
2017-03-16,121.88766479492188
2017-03-17,120.82447814941406
2017-03-20,121.10675811767578
2017-03-21,120.78687286376953
2017-03-22,121.37019348144531
2017-03-23,123.26128387451172
2017-03-24,124.53598022460938
2017-03-27,123.28044128417969
2017-03-28,123.81717681884766
2017-03-29,123.27088165283203
2017-03-30,122.80123901367188
2017-03-31,124.56472778320312
2017-04-03,122.36995697021484
2017-04-05,122.24539184570312
2017-04-06,123.86509704589844
2017-04-07,129.45263671875
2017-04-10,134.23513793945312
2017-04-11,136.17112731933594
2017-04-12,137.4937286376953
2017-04-13,140.13893127441406
2017-04-17,138.73004150390625
2017-04-18,138.81629943847656
2017-04-19,138.567138671875
2017-04-20,138.2604522705078
2017-04-21,137.2061767578125
2017-04-24,137.02410888671875
2017-04-25,141.72032165527344
2017-04-26,140.2635040283203
2017-04-27,141.07818603515625
2017-04-28,137.86749267578125
2017-05-02,141.81614685058594
2017-05-03,141.1165008544922
2017-05-04,140.2156219482422
2017-05-05,138.9217529296875
2017-05-08,137.16783142089844
2017-05-09,138.2796173095703
2017-05-10,139.59263610839844
2017-05-11,140.0526580810547
2017-05-12,140.53189086914062
2017-05-15,139.51597595214844
2017-05-16,140.56063842773438
2017-05-17,139.43930053710938
2017-05-18,137.03367614746094
2017-05-19,134.647216796875
2017-05-22,133.334228515625
2017-05-23,134.09136962890625
2017-05-24,136.4586181640625
2017-05-25,139.3242950439453
2017-05-26,143.6946258544922
2017-05-29,144.69140625
2017-05-30,141.60528564453125
2017-05-31,142.35287475585938
2017-06-01,141.65322875976562
2017-06-02,138.9313507080078
2017-06-05,139.650146484375
2017-06-06,139.07508850097656
2017-06-07,137.4937286376953
2017-06-08,135.67977905273438
2017-06-09,135.08477783203125
2017-06-12,134.69126892089844
2017-06-13,134.17298889160156
2017-06-14,132.829345703125
2017-06-15,128.6831817626953
2017-06-16,129.33584594726562
2017-06-19,128.0593719482422
2017-06-20,127.59871673583984
2017-06-21,125.61201477050781
2017-06-22,123.19343566894531
2017-06-23,121.07239532470703
2017-06-27,117.48292541503906
2017-06-28,118.37548828125
2017-06-29,120.17024993896484
2017-06-30,122.7327651977539
2017-07-03,124.64265441894531
2017-07-04,126.14949035644531
2017-07-05,127.09004974365234
2017-07-06,126.69652557373047
2017-07-07,127.44514465332031
2017-07-10,127.57951354980469
2017-07-11,130.19964599609375
2017-07-12,131.23617553710938
2017-07-13,132.0279083251953
2017-07-14,132.67578125
2017-07-17,134.59048461914062
2017-07-18,134.92160034179688
2017-07-19,135.281494140625
2017-07-20,134.51846313476562
2017-07-21,134.50408935546875
2017-07-24,134.23057556152344
2017-07-25,134.43211364746094
2017-07-26,135.727783203125
2017-07-27,137.39772033691406
2017-07-28,136.93707275390625
2017-07-31,135.6558074951172
2017-08-01,139.81631469726562
2017-08-02,140.017822265625
2017-08-03,141.0831756591797
2017-08-04,149.1162872314453
2017-08-07,151.9379425048828
2017-08-08,145.41644287109375
2017-08-09,142.79632568359375
2017-08-10,138.6358184814453
2017-08-11,139.44200134277344
2017-08-14,137.72885131835938
2017-08-16,139.34121704101562
2017-08-17,142.1485137939453
2017-08-18,144.9125518798828
2017-08-21,143.31459045410156
2017-08-22,146.94244384765625
2017-08-23,146.75527954101562
2017-08-24,146.3234100341797
2017-08-28,146.26580810546875
2017-08-29,145.14291381835938
2017-08-30,149.9944610595703
2017-08-31,152.31227111816406
2017-09-01,154.7308349609375
2017-09-04,152.93130493164062
2017-09-05,155.2634735107422
2017-09-06,154.01101684570312
2017-09-07,150.9014129638672
2017-09-08,147.8062286376953
2017-09-11,147.48948669433594
2017-09-12,153.70867919921875
2017-09-13,144.02000427246094
2017-09-14,144.1063995361328
2017-09-15,143.1706085205078
2017-09-18,143.37216186523438
2017-09-19,145.9490966796875
2017-09-20,142.3212432861328
2017-09-21,142.8539276123047
2017-09-22,141.65904235839844
2017-09-25,140.26258850097656
2017-09-26,135.10873413085938
2017-09-27,134.0578155517578
2017-09-28,133.2660369873047
2017-09-29,135.69895935058594
2017-10-03,137.872802734375
2017-10-04,139.97467041015625
2017-10-05,138.23272705078125
2017-10-06,140.96800231933594
2017-10-09,138.56385803222656
2017-10-10,138.8661651611328
2017-10-11,140.89602661132812
2017-10-12,141.54385375976562
2017-10-13,140.70884704589844
2017-10-16,143.50173950195312
2017-10-17,147.63348388671875
2017-10-18,147.87818908691406
2017-10-19,146.3090057373047
2017-10-23,147.2159881591797
2017-10-24,146.7408905029297
2017-10-25,146.7841033935547
2017-10-26,154.45730590820312
2017-10-27,152.0099639892578
2017-10-30,154.3997039794922
2017-10-31,155.94007873535156
2017-11-01,155.42181396484375
2017-11-02,156.2999725341797
2017-11-03,153.4927520751953
2017-11-06,150.93020629882812
2017-11-07,150.12400817871094
2017-11-08,149.7785186767578
2017-11-09,150.33995056152344
2017-11-10,147.44631958007812
2017-11-13,144.1351776123047
2017-11-14,141.96136474609375
2017-11-15,145.315673828125
2017-11-16,143.77529907226562
2017-11-17,145.11412048339844
2017-11-20,145.24368286132812
2017-11-21,147.2735595703125
2017-11-22,146.17945861816406
2017-11-23,145.44525146484375
2017-11-24,147.1295928955078
2017-11-27,146.39541625976562
2017-11-28,146.15066528320312
2017-11-29,146.20822143554688
2017-11-30,145.07093811035156
2017-12-01,142.9259033203125
2017-12-04,142.86831665039062
2017-12-05,144.2215576171875
2017-12-06,141.35671997070312
2017-12-07,143.7032928466797
2017-12-08,148.12290954589844
2017-12-11,148.05099487304688
2017-12-12,143.66012573242188
2017-12-13,145.77635192871094
2017-12-14,147.86378479003906
2017-12-15,150.59909057617188
2017-12-18,151.5636444091797
2017-12-19,153.4783172607422
2017-12-20,153.19041442871094
2017-12-21,154.06857299804688
2017-12-22,154.08297729492188
2017-12-26,155.16270446777344
2017-12-27,153.5791473388672
2017-12-28,151.5060577392578
2017-12-29,149.0587158203125
2018-01-01,146.4385986328125
2018-01-02,143.90481567382812
2018-01-03,142.49400329589844
2018-01-04,141.5150604248047
2018-01-05,140.42098999023438
2018-01-08,143.15623474121094
2018-01-09,142.83949279785156
2018-01-10,142.3212432861328
2018-01-11,141.7742156982422
2018-01-12,141.0543975830078
2018-01-15,140.2769775390625
2018-01-16,138.04559326171875
2018-01-17,138.16073608398438
2018-01-18,135.39666748046875
2018-01-19,137.42654418945312
2018-01-22,135.0799560546875
2018-01-23,138.5350341796875
2018-01-24,138.347900390625
2018-01-25,138.39105224609375
2018-01-29,135.26710510253906
2018-01-30,139.81631469726562
2018-01-31,141.74537658691406
2018-02-01,141.18392944335938
2018-02-02,137.38333129882812
2018-02-05,137.03782653808594
2018-02-06,134.51846313476562
2018-02-07,137.1242218017578
2018-02-08,137.6856689453125
2018-02-09,136.8794708251953
2018-02-12,134.6192626953125
2018-02-14,132.4741973876953
2018-02-15,136.7786865234375
2018-02-16,134.08660888671875
2018-02-19,131.53846740722656
2018-02-20,130.44435119628906
2018-02-21,128.86074829101562
2018-02-22,127.04769897460938
2018-02-23,127.7759017944336
2018-02-26,128.69728088378906
2018-02-27,126.89909362792969
2018-02-28,127.671875
2018-03-01,131.342529296875
2018-03-05,129.0836944580078
2018-03-06,132.32339477539062
2018-03-07,131.78842163085938
2018-03-08,131.4317626953125
2018-03-09,130.59951782226562
2018-03-12,132.78408813476562
2018-03-13,138.69882202148438
2018-03-14,137.55450439453125
2018-03-15,137.3315887451172
2018-03-16,133.02186584472656
2018-03-19,128.0285186767578
2018-03-20,126.28978729248047
2018-03-21,127.99883270263672
2018-03-22,123.25811767578125
2018-03-23,122.88658905029297
2018-03-26,124.69962310791016
2018-03-27,125.05631256103516
2018-03-28,127.04769897460938
2018-04-02,125.84393310546875
2018-04-03,126.6910400390625
2018-04-04,123.33243560791016
2018-04-05,125.56161499023438
2018-04-06,128.97967529296875
2018-04-09,133.8540802001953
2018-04-10,134.09185791015625
2018-04-11,124.03091430664062
2018-04-12,124.43214416503906
2018-04-13,120.49395751953125
2018-04-16,121.326171875
2018-04-17,122.05438995361328
2018-04-18,120.43451690673828
2018-04-19,111.91905212402344
2018-04-20,110.38837432861328
2018-04-23,113.34575653076172
2018-04-24,114.04420471191406
2018-04-25,114.66838836669922
2018-04-26,114.57923889160156
2018-04-27,115.9613037109375
2018-04-30,115.12907409667969
2018-05-02,113.22689056396484
2018-05-03,112.2608871459961
2018-05-04,113.00396728515625
2018-05-07,114.66838836669922
2018-05-08,116.68950653076172
2018-05-09,114.56436920166016
2018-05-10,115.97618865966797
2018-05-11,118.68092346191406
2018-05-14,120.13729095458984
2018-05-15,120.61283111572266
2018-05-16,118.39852142333984
2018-05-17,116.09506225585938
2018-05-18,114.8318862915039
2018-05-21,117.06102752685547
2018-05-22,118.17562866210938
2018-05-23,111.14630889892578
2018-05-24,110.37353515625
2018-05-25,113.10797882080078
2018-05-28,119.48339080810547
2018-05-29,120.47908782958984
2018-05-30,118.9632568359375
2018-05-31,120.06297302246094
2018-06-01,121.63825225830078
2018-06-04,121.41533660888672
2018-06-05,120.47908782958984
2018-06-06,121.86119842529297
2018-06-07,123.65939331054688
2018-06-08,121.81659698486328
2018-06-11,123.16895294189453
2018-06-12,123.37701416015625
2018-06-13,124.80368041992188
2018-06-14,123.74852752685547
2018-06-15,122.5299072265625
2018-06-18,125.7547836303711
2018-06-19,122.9311752319336
2018-06-20,122.06922912597656
2018-06-21,125.41299438476562
2018-06-22,126.72075653076172
2018-06-25,122.45560455322266
2018-06-26,123.42159271240234
2018-06-27,113.77671813964844
2018-06-28,109.06576538085938
2018-06-29,110.9531021118164
2018-07-02,109.73448944091797
2018-07-03,111.13143920898438
2018-07-04,109.33325958251953
2018-07-05,110.43295288085938
2018-07-06,111.32463073730469
2018-07-09,111.84477996826172
2018-07-10,111.53271484375
2018-07-11,108.93201446533203
2018-07-12,112.15687561035156
2018-07-13,114.92102813720703
2018-07-16,113.59841918945312
2018-07-17,116.70438385009766
2018-07-18,119.58739471435547
2018-07-19,118.3836669921875
2018-07-20,115.5749282836914
2018-07-23,115.82756042480469
2018-07-24,117.982421875
2018-07-25,117.59603881835938
2018-07-26,115.58978271484375
2018-07-27,118.05675506591797
2018-07-30,117.62576293945312
2018-07-31,115.8424301147461
2018-08-01,117.70006561279297
2018-08-02,119.42394256591797
2018-08-03,119.1712875366211
2018-08-06,119.1861801147461
2018-08-07,117.13533782958984
2018-08-08,115.1142349243164
2018-08-09,115.60466766357422
2018-08-10,119.36453247070312
2018-08-13,112.8553466796875
2018-08-14,111.94878387451172
2018-08-16,112.43922424316406
2018-08-17,112.23119354248047
2018-08-20,111.7407455444336
2018-08-21,109.60076141357422
2018-08-23,106.33131408691406
2018-08-24,106.09355163574219
2018-08-27,107.46076202392578
2018-08-28,106.56907653808594
2018-08-29,107.50535583496094
2018-08-30,107.9957504272461
2018-08-31,109.73834228515625
2018-09-03,109.1322250366211
2018-09-04,106.46528625488281
2018-09-05,105.79857635498047
2018-09-06,107.16234588623047
2018-09-07,108.17760467529297
2018-09-10,104.28324890136719
2018-09-11,102.44973754882812
2018-09-12,101.26779174804688
2018-09-14,107.43507385253906
2018-09-17,110.31415557861328
2018-09-18,107.61695098876953
2018-09-19,110.63237762451172
2018-09-21,114.10242462158203
2018-09-24,111.34455871582031
2018-09-25,110.374755859375
2018-09-26,111.7234115600586
2018-09-27,112.79927062988281
2018-09-28,113.39022827148438
2018-10-01,111.63250732421875
2018-10-03,114.5115737915039
2018-10-04,100.35861206054688
2018-10-05,80.40206146240234
2018-10-08,80.28084564208984
2018-10-09,77.94725799560547
2018-10-10,80.4323501586914
2018-10-11,84.29638671875
2018-10-12,87.5542984008789
2018-10-15,89.81208801269531
2018-10-16,91.55469512939453
2018-10-17,86.41781616210938
2018-10-19,85.93292236328125
2018-10-22,82.17496490478516
2018-10-23,81.69007110595703
2018-10-24,85.32678985595703
2018-10-25,83.94788360595703
2018-10-26,83.40235900878906
2018-10-29,84.05394744873047
2018-10-30,80.72029113769531
2018-10-31,83.37206268310547
2018-11-01,85.90261840820312
2018-11-02,91.63047790527344
2018-11-05,88.43316650390625
2018-11-06,86.40266418457031
2018-11-07,87.50883483886719
2018-11-09,89.96363830566406
2018-11-12,88.2513427734375
2018-11-13,91.87290954589844
2018-11-14,95.75210571289062
2018-11-15,97.54014587402344
2018-11-16,97.60076141357422
2018-11-19,97.87352752685547
2018-11-20,97.85836029052734
2018-11-21,98.97968292236328
2018-11-22,97.00979614257812
2018-11-26,99.20697784423828
2018-11-27,101.67692565917969
2018-11-28,97.02496337890625
2018-11-29,99.55551147460938
2018-11-30,98.31295013427734
2018-12-03,98.17658233642578
2018-12-04,101.1314468383789
2018-12-05,99.84342193603516
2018-12-06,98.46449279785156
2018-12-07,98.61602020263672
2018-12-10,100.08586120605469
2018-12-11,99.0251693725586
2018-12-12,99.8282699584961
2018-12-13,101.49510192871094
2018-12-14,104.64692687988281
2018-12-17,106.17738342285156
2018-12-18,107.05625915527344
2018-12-19,109.63230895996094
2018-12-20,112.46588897705078
2018-12-21,113.5417709350586
2018-12-24,110.60209655761719
2018-12-26,111.02635955810547
2018-12-27,110.49600219726562
2018-12-28,109.67774963378906
2018-12-31,109.93535614013672
2019-01-01,111.2839584350586
2019-01-02,108.48066711425781
2019-01-03,106.8289566040039
2019-01-04,108.93523406982422
2019-01-07,107.75328826904297
2019-01-08,106.66227722167969
2019-01-09,103.05584716796875
2019-01-10,101.7072525024414
2019-01-11,102.22244262695312
2019-01-14,101.51026153564453
2019-01-15,103.555908203125
2019-01-16,105.23790740966797
2019-01-17,107.64723205566406
2019-01-18,107.34416198730469
2019-01-21,106.54106903076172
2019-01-22,107.22294616699219
2019-01-23,108.23819732666016
2019-01-24,107.26841735839844
2019-01-25,108.32913208007812
2019-01-28,105.67733001708984
2019-01-29,104.52571105957031
2019-01-30,103.8589859008789
2019-01-31,104.6923828125
2019-02-01,103.34376525878906
2019-02-04,102.60126495361328
2019-02-05,102.41943359375
2019-02-06,102.82856750488281
2019-02-07,102.85887145996094
2019-02-08,102.25275421142578
2019-02-11,101.10111999511719
2019-02-12,102.82856750488281
2019-02-14,95.66117858886719
2019-02-15,99.35853576660156
2019-02-18,99.32823181152344
2019-02-19,101.60115051269531
2019-02-20,103.37406158447266
2019-02-21,105.00251007080078
2019-02-22,107.78962707519531
2019-02-25,105.23738098144531
2019-02-26,105.4252700805664
2019-02-27,103.56198120117188
2019-02-28,105.70712280273438
2019-03-01,108.36898040771484
2019-03-05,113.52043914794922
2019-03-06,116.71468353271484
2019-03-07,116.08837890625
2019-03-08,115.03927612304688
2019-03-11,121.20853424072266
2019-03-12,122.19497680664062
2019-03-13,121.8348388671875
2019-03-14,122.22628784179688
2019-03-15,124.105224609375
2019-03-18,127.00198364257812
2019-03-19,127.70660400390625
2019-03-20,121.86614990234375
2019-03-22,118.67192840576172
2019-03-25,120.1594467163086
2019-03-26,120.22208404541016
2019-03-27,118.67192840576172
2019-03-28,120.83273315429688
2019-04-01,122.72735595703125
2019-04-02,119.15733337402344
2019-04-03,113.73967742919922
2019-04-04,110.9525375366211
2019-04-05,112.14254760742188
2019-04-08,109.91912078857422
2019-04-09,111.57884216308594
2019-04-10,112.0329360961914
2019-04-11,113.26995849609375
2019-04-12,113.09767150878906
2019-04-15,112.23651885986328
2019-04-16,111.95464324951172
2019-04-18,113.64571380615234
2019-04-22,106.50568389892578
2019-04-23,105.3313217163086
2019-04-24,109.29280090332031
2019-04-25,112.18951416015625
2019-04-26,116.19794464111328
2019-04-30,118.95378875732422
2019-05-02,118.51533508300781
2019-05-03,119.23565673828125
2019-05-06,122.24197387695312
2019-05-07,118.64061737060547
2019-05-08,118.9381103515625
2019-05-09,115.25846862792969
2019-05-10,113.661376953125
2019-05-13,111.20309448242188
2019-05-14,112.29913330078125
2019-05-15,112.59661865234375
2019-05-16,117.60718536376953
2019-05-17,117.81075286865234
2019-05-20,122.69602966308594
2019-05-21,117.2627182006836
2019-05-22,120.33168029785156
2019-05-23,120.36297607421875
2019-05-24,123.83908081054688
2019-05-27,125.89027404785156
2019-05-28,125.87461853027344
2019-05-29,124.99774932861328
2019-05-30,127.65962982177734
2019-05-31,128.19198608398438
2019-06-03,130.6189727783203
2019-06-04,127.87886810302734
2019-06-06,124.34011840820312
2019-06-07,126.20342254638672
2019-06-10,122.02273559570312
2019-06-11,121.19286346435547
2019-06-12,119.31392669677734
2019-06-13,121.7565689086914
2019-06-14,121.03628540039062
2019-06-17,118.42143249511719
2019-06-18,120.73880767822266
2019-06-19,118.79720306396484
2019-06-20,120.6291732788086
2019-06-21,119.0007553100586
2019-06-24,119.2669448852539
2019-06-25,123.10314178466797
2019-06-26,122.57079315185547
2019-06-27,122.8212890625
2019-06-28,122.89959716796875
2019-07-01,117.81075286865234
2019-07-02,118.531005859375
2019-07-03,119.37653350830078
2019-07-04,119.0007553100586
2019-07-05,115.88481140136719
2019-07-08,113.00374603271484
2019-07-09,112.76886749267578
2019-07-10,109.48068237304688
2019-07-11,109.77819061279297
2019-07-12,108.27501678466797
2019-07-15,108.791748046875
2019-07-16,110.9995346069336
2019-07-17,110.48281860351562
2019-07-18,109.37110900878906
2019-07-19,109.91912078857422
2019-07-22,110.70201110839844
2019-07-23,112.44007110595703
2019-07-24,109.3241195678711
2019-07-25,106.56830596923828
2019-07-26,107.66435241699219
2019-07-29,107.16331481933594
2019-07-30,105.06513214111328
2019-07-31,108.19672393798828
2019-08-01,107.61739349365234
2019-08-02,107.2416000366211
2019-08-05,106.16119384765625
2019-08-06,108.13410949707031
2019-08-07,103.6872329711914
2019-08-08,107.5704116821289
2019-08-09,108.49423217773438
2019-08-13,107.44515991210938
2019-08-14,110.9995346069336
2019-08-16,109.98174285888672
2019-08-19,108.66648864746094
2019-08-20,107.17897033691406
2019-08-21,105.11074829101562
2019-08-22,100.36505889892578
2019-08-23,105.6077651977539
2019-08-26,107.54772186279297
2019-08-27,109.76024627685547
2019-08-28,112.40564727783203
2019-08-29,113.5279312133789
2019-08-30,113.9127197265625
2019-09-03,114.21734619140625
2019-09-04,116.57415008544922
2019-09-05,122.10545349121094
2019-09-06,121.52828979492188
2019-09-09,122.49026489257812
2019-09-11,123.8049545288086
2019-09-12,123.1957015991211
2019-09-13,131.00364685058594
2019-09-16,121.84894561767578
2019-09-17,118.24156188964844
2019-09-18,122.52232360839844
2019-09-19,121.80084991455078
2019-09-20,129.49658203125
2019-09-23,144.56735229492188
2019-09-24,147.91818237304688
2019-09-25,149.16876220703125
2019-09-26,153.9304656982422
2019-09-27,150.6437530517578
2019-09-30,150.73997497558594
2019-10-01,158.37156677246094
2019-10-03,170.46023559570312
2019-10-04,165.313720703125
2019-10-07,157.32943725585938
2019-10-09,158.03489685058594
2019-10-10,157.0889434814453
2019-10-11,156.47970581054688
2019-10-14,155.82235717773438
2019-10-15,157.21717834472656
2019-10-16,164.30368041992188
2019-10-17,164.59225463867188
2019-10-18,166.83685302734375
2019-10-22,171.26185607910156
2019-10-23,169.0172882080078
2019-10-24,164.51211547851562
2019-10-25,168.0713653564453
2019-10-27,168.92111206054688
2019-10-29,167.67056274414062
2019-10-30,168.37599182128906
2019-10-31,168.8569793701172
2019-11-01,166.54827880859375
2019-11-04,167.4460906982422
2019-11-05,165.9390106201172
2019-11-06,167.9912109375
2019-11-07,164.56021118164062
2019-11-08,161.20936584472656
2019-11-11,165.97105407714844
2019-11-13,163.56617736816406
2019-11-14,165.02516174316406
2019-11-15,162.42782592773438
2019-11-18,167.3018035888672
2019-11-19,166.4039764404297
2019-11-20,174.62876892089844
2019-11-21,164.84878540039062
2019-11-22,163.34173583984375
2019-11-25,162.7003936767578
2019-11-26,159.25335693359375
2019-11-27,162.21945190429688
2019-11-28,163.53408813476562
2019-11-29,164.03109741210938
2019-12-02,160.3435516357422
2019-12-03,158.56394958496094
2019-12-04,160.71234130859375
2019-12-05,157.71420288085938
2019-12-06,156.63999938964844
2019-12-09,160.21531677246094
2019-12-10,155.93455505371094
2019-12-11,154.76417541503906
2019-12-12,157.68214416503906
2019-12-13,159.28543090820312
2019-12-16,157.7623291015625
2019-12-17,159.0609893798828
2019-12-18,156.88050842285156
2019-12-19,157.10499572753906
2019-12-20,156.41555786132812
2019-12-23,158.08297729492188
2019-12-24,153.20901489257812
2019-12-26,153.0166015625
2019-12-27,157.42562866210938
2019-12-30,158.09898376464844
2019-12-31,157.61801147460938
2020-01-01,157.6501007080078
2020-01-02,156.33538818359375
2020-01-03,155.03675842285156
2020-01-06,150.4353485107422
2020-01-07,147.82200622558594
2020-01-08,147.4692840576172
2020-01-09,150.88426208496094
2020-01-10,150.78807067871094
2020-01-13,150.94839477539062
2020-01-14,151.78208923339844
2020-01-15,150.05055236816406
2020-01-16,148.07852172851562
2020-01-17,145.5453643798828
2020-01-20,146.5874786376953
2020-01-21,148.73590087890625
2020-01-22,146.0423583984375
2020-01-23,150.3872528076172
2020-01-24,149.4573516845703
2020-01-27,149.98643493652344
2020-01-28,154.2190704345703
2020-01-29,153.60983276367188
2020-01-30,150.59567260742188
2020-01-31,146.52337646484375
2020-02-03,147.5975341796875
2020-02-04,153.4334259033203
2020-02-05,160.87269592285156
2020-02-06,158.7403106689453
2020-02-07,157.56991577148438
2020-02-10,155.66201782226562
2020-02-11,154.235107421875
2020-02-12,152.23101806640625
2020-02-13,150.3872528076172
2020-02-14,152.77615356445312
2020-02-17,148.03045654296875
2020-02-18,150.94839477539062
2020-02-19,152.48753356933594
2020-02-20,151.26905822753906
2020-02-24,148.9923858642578
2020-02-25,146.459228515625
2020-02-26,143.9099884033203
2020-02-27,142.38690185546875
2020-02-28,136.71128845214844
2020-03-02,132.22215270996094
2020-03-03,136.2784423828125
2020-03-04,134.25830078125
2020-03-05,134.16207885742188
2020-03-06,129.25608825683594
2020-03-09,135.90966796875
2020-03-11,129.67294311523438
2020-03-12,110.40155029296875
2020-03-13,120.58234405517578
2020-03-16,116.92687225341797
2020-03-17,114.53800201416016
2020-03-18,106.63384246826172
2020-03-19,96.27668762207031
2020-03-20,101.92022705078125
2020-03-23,91.09744262695312
2020-03-24,88.89905548095703
2020-03-25,92.58556365966797
2020-03-26,95.47728729248047
2020-03-27,94.2766342163086
2020-03-30,92.92378234863281
2020-03-31,107.17943572998047
2020-04-01,102.46135711669922
2020-04-03,107.26396942138672
2020-04-07,118.74629974365234
2020-04-08,115.7699966430664
2020-04-09,116.64937591552734
2020-04-13,118.4080810546875
2020-04-15,119.6763687133789
2020-04-16,120.2005844116211
2020-04-17,121.79019165039062
2020-04-20,124.59735107421875
2020-04-21,120.14985656738281
2020-04-22,120.6402816772461
2020-04-23,120.11602783203125
2020-04-24,118.52642059326172
2020-04-27,120.2005844116211
2020-04-28,121.45198059082031
2020-04-29,122.0100326538086
2020-04-30,125.13848876953125
2020-05-04,117.66400146484375
2020-05-05,117.37654113769531
2020-05-06,116.27733612060547
2020-05-07,111.45781707763672
2020-05-08,109.83438110351562
2020-05-11,106.46916961669922
2020-05-12,105.6913070678711
2020-05-13,107.0610580444336
2020-05-14,104.74429321289062
2020-05-15,107.6191177368164
2020-05-18,99.4512710571289
2020-05-19,99.19762420654297
2020-05-20,104.47371673583984
2020-05-21,105.92803955078125
2020-05-22,106.6044692993164
2020-05-26,105.91111755371094
2020-05-27,111.42400360107422
2020-05-28,110.40936279296875
2020-05-29,115.93911743164062
2020-06-01,117.12287902832031
2020-06-02,115.53326416015625
2020-06-03,118.05292510986328
2020-06-04,120.8263168334961
2020-06-05,125.00318908691406
2020-06-08,133.28941345214844
2020-06-09,129.02793884277344
2020-06-10,128.1654815673828
2020-06-11,125.15538787841797
2020-06-12,126.45751953125
2020-06-15,122.09458923339844
2020-06-16,121.67182159423828
2020-06-17,123.31214141845703
2020-06-18,125.22306060791016
2020-06-19,128.70663452148438
2020-06-22,130.26239013671875
2020-06-23,132.57913208007812
2020-06-24,128.0301971435547
2020-06-25,125.22306060791016
2020-06-26,133.13722229003906
2020-06-29,129.6536407470703
2020-06-30,126.49134826660156
2020-07-01,128.57135009765625
2020-07-02,129.70436096191406
2020-07-03,130.34693908691406
2020-07-06,131.97035217285156
2020-07-07,128.4698944091797
2020-07-08,127.8949203491211
2020-07-09,127.42144012451172
2020-07-10,127.28614044189453
2020-07-13,128.50367736816406
2020-07-14,126.40680694580078
2020-07-15,125.00318908691406
2020-07-16,133.22174072265625
2020-07-17,150.0985565185547
2020-07-20,147.900146484375
2020-07-21,156.99807739257812
2020-07-22,152.39837646484375
2020-07-23,154.7489776611328
2020-07-24,151.654296875
2020-07-27,154.79969787597656
2020-07-28,156.08489990234375
2020-07-29,153.4806671142578
2020-07-30,141.7447052001953
2020-07-31,139.95217895507812
2020-08-03,141.30502319335938
2020-08-04,138.1765594482422
2020-08-05,138.8191680908203
2020-08-06,138.5147705078125
2020-08-07,141.96453857421875
2020-08-10,140.40875244140625
2020-08-11,145.1775665283203
2020-08-12,142.65789794921875
2020-08-13,142.4380340576172
2020-08-14,139.7661590576172
2020-08-17,137.95672607421875
2020-08-18,136.06275939941406
2020-08-19,136.5362548828125
2020-08-20,139.49559020996094
2020-08-21,138.70079040527344
2020-08-24,138.5824432373047
2020-08-25,139.64779663085938
2020-08-26,138.70079040527344
2020-08-27,139.6647186279297
2020-08-28,140.3749542236328
2020-08-31,137.9229278564453
2020-09-01,137.7368927001953
2020-09-02,140.00291442871094
2020-09-03,139.81689453125
2020-09-04,136.4178466796875
2020-09-07,135.35250854492188
2020-09-08,139.37721252441406
2020-09-09,137.29721069335938
2020-09-10,145.5326690673828
2020-09-11,145.00843811035156
2020-09-14,141.08517456054688
2020-09-15,140.15509033203125
2020-09-16,139.6985321044922
2020-09-17,140.56094360351562
2020-09-18,139.3603057861328
2020-09-21,135.77525329589844
2020-09-22,132.62989807128906
2020-09-23,131.10792541503906
2020-09-24,127.59053802490234
2020-09-25,127.08321380615234
2020-09-28,130.26239013671875
2020-09-29,130.7358856201172
2020-09-30,119.40579223632812
2020-10-01,119.49034881591797
2020-10-05,119.77784729003906
2020-10-06,119.06758117675781
2020-10-07,115.75312042236328
2020-10-08,115.00904846191406
2020-10-09,116.68318939208984
2020-10-12,115.53326416015625
2020-10-13,114.687744140625
2020-10-14,112.59081268310547
2020-10-15,110.47699737548828
2020-10-16,114.97520446777344
2020-10-19,117.2412338256836
2020-10-20,116.12513732910156
2020-10-21,118.22203826904297
2020-10-22,118.1543960571289
2020-10-23,118.89847564697266
2020-10-26,117.05521392822266
2020-10-27,117.91764831542969
2020-10-28,116.83538055419922
2020-10-29,115.60090637207031
2020-10-30,119.87930297851562
2020-11-02,117.15668487548828
2020-11-03,118.6617431640625
2020-11-04,117.98531341552734
2020-11-05,123.88711547851562
2020-11-06,122.58497619628906
2020-11-09,127.01555633544922
2020-11-10,129.4676055908203
2020-11-11,133.2555694580078
2020-11-12,133.47540283203125
2020-11-13,133.2555694580078
2020-11-14,139.630859375
2020-11-17,133.47540283203125
2020-11-18,129.55215454101562
2020-11-19,129.77198791503906
2020-11-20,129.63668823242188
2020-11-23,133.40777587890625
2020-11-24,131.8181915283203
2020-11-25,129.2139434814453
2020-11-26,127.84419250488281
2020-11-27,126.15312194824219
2020-12-01,128.2838592529297
2020-12-02,130.04258728027344
2020-12-03,133.22174072265625
2020-12-04,132.68060302734375
2020-12-07,133.5937957763672
2020-12-08,132.054931640625
2020-12-09,133.64453125
2020-12-10,135.04812622070312
2020-12-11,134.40550231933594
2020-12-14,137.12811279296875
2020-12-15,134.81137084960938
2020-12-16,135.14956665039062
2020-12-17,133.72906494140625
2020-12-18,133.20484924316406
2020-12-21,124.24224090576172
2020-12-22,125.9840087890625
2020-12-23,126.62660217285156
2020-12-24,127.69197845458984
2020-12-28,129.45068359375
2020-12-29,129.02793884277344
2020-12-30,129.48451232910156
2020-12-31,128.8926239013672
2021-01-01,129.18011474609375
2021-01-04,133.71217346191406
2021-01-05,132.57913208007812
2021-01-06,130.9895477294922
2021-01-07,132.64678955078125
2021-01-08,135.33558654785156
2021-01-11,135.876708984375
2021-01-12,136.1472930908203
2021-01-13,139.30958557128906
2021-01-14,144.3151092529297
2021-01-15,140.22276306152344
2021-01-18,138.5147705078125
2021-01-19,139.8337860107422
2021-01-20,139.96908569335938
2021-01-21,138.09201049804688
2021-01-22,133.94894409179688
2021-01-25,130.9895477294922
2021-01-27,128.72352600097656
2021-01-28,129.97491455078125
2021-01-29,129.73818969726562
2021-02-01,132.9173583984375
2021-02-02,137.9905548095703
2021-02-03,140.32420349121094
2021-02-04,141.55868530273438
2021-02-05,140.35801696777344
2021-02-08,142.06597900390625
2021-02-09,141.82925415039062
2021-02-10,140.6285858154297
2021-02-11,142.70860290527344
2021-02-12,141.40650939941406
2021-02-15,141.71092224121094
2021-02-16,141.35577392578125
2021-02-17,144.78457641601562
2021-02-18,151.99391174316406
2021-02-19,151.22024536132812
2021-02-22,148.6002655029297
2021-02-23,153.0665283203125
2021-02-24,154.2798309326172
2021-02-25,162.31558227539062
2021-02-26,158.2010040283203
2021-03-01,160.1000213623047
2021-03-02,164.93557739257812
2021-03-03,164.00364685058594
2021-03-04,163.1420440673828
2021-03-05,162.4035186767578
2021-03-08,164.12673950195312
2021-03-09,156.81187438964844
2021-03-10,156.6712188720703
2021-03-12,160.90890502929688
2021-03-15,161.96392822265625
2021-03-16,159.60769653320312
2021-03-17,151.94117736816406
2021-03-18,150.1300506591797
2021-03-19,152.25770568847656
2021-03-22,154.50839233398438
2021-03-23,153.50616455078125
2021-03-24,151.20266723632812
2021-03-25,149.06777954101562
2021-03-26,150.93580627441406
2021-03-30,153.28414916992188
2021-03-31,152.27012634277344
2021-04-01,155.63253784179688
2021-04-05,152.30567932128906
2021-04-06,152.32347106933594
2021-04-07,152.3590545654297
2021-04-08,153.19520568847656
2021-04-09,151.4339599609375
2021-04-12,143.73062133789062
2021-04-13,145.66976928710938
2021-04-15,144.05084228515625
2021-04-16,147.23533630371094
2021-04-19,145.4385223388672
2021-04-20,145.20724487304688
2021-04-22,148.8542938232422
2021-04-23,150.52662658691406
2021-04-26,149.04998779296875
2021-04-27,149.56594848632812
2021-04-28,148.55186462402344
2021-04-29,149.28126525878906
2021-04-30,150.08184814453125
2021-05-03,148.0181121826172
2021-05-04,149.95736694335938
2021-05-05,151.1492919921875
2021-05-06,154.42274475097656
2021-05-07,157.67845153808594
2021-05-10,161.4322967529297
2021-05-11,164.4744873046875
2021-05-12,159.8489227294922
2021-05-14,157.3582305908203
2021-05-17,157.85635375976562
2021-05-18,159.5642547607422
2021-05-19,158.85263061523438
2021-05-20,161.82366943359375
2021-05-21,164.04751586914062
2021-05-24,168.24609375
2021-05-25,168.79762268066406
2021-05-26,168.01483154296875
2021-05-27,166.467041015625
2021-05-28,167.76577758789062
2021-05-31,167.9436492919922
2021-06-01,167.5344696044922
2021-06-02,168.88658142089844
2021-06-03,168.6197052001953
2021-06-04,170.16749572753906
2021-06-07,171.28829956054688
2021-06-08,173.44097900390625
2021-06-09,172.58700561523438
2021-06-10,172.05331420898438
2021-06-11,172.0711212158203
2021-06-14,172.10667419433594
2021-06-15,171.4661865234375
2021-06-16,171.2349090576172
2021-06-17,169.68714904785156
2021-06-18,168.06822204589844
2021-06-21,169.0288848876953
2021-06-22,168.53074645996094
2021-06-23,167.0897216796875
2021-06-24,165.84439086914062
2021-06-25,167.24981689453125
2021-06-28,166.21795654296875
2021-06-29,165.89773559570312
2021-06-30,166.5559844970703
2021-07-01,164.65240478515625
2021-07-02,164.65240478515625
2021-07-05,163.5671844482422
2021-07-06,162.98007202148438
2021-07-07,163.85179138183594
2021-07-08,163.033447265625
2021-07-09,162.57089233398438
2021-07-12,160.47158813476562
2021-07-13,160.20474243164062
2021-07-14,159.65322875976562
2021-07-15,159.06613159179688
2021-07-16,159.40415954589844
2021-07-19,161.50344848632812
2021-07-20,161.4678497314453
2021-07-22,163.99412536621094
2021-07-23,164.1542510986328
2021-07-26,162.2506561279297
2021-07-27,161.28997802734375
2021-07-28,161.3433380126953
2021-07-29,159.79554748535156
2021-07-30,158.51461791992188
2021-08-02,162.89114379882812
2021-08-03,164.8836669921875
2021-08-04,162.65982055664062
2021-08-05,161.36111450195312
2021-08-06,162.10833740234375
2021-08-09,161.0053253173828
2021-08-10,158.22994995117188
2021-08-11,160.11578369140625
2021-08-12,159.45751953125
2021-08-13,161.85926818847656
2021-08-16,165.09715270996094
2021-08-17,165.45298767089844
2021-08-18,164.9192657470703
2021-08-20,161.96600341796875
2021-08-23,160.72064208984375
2021-08-24,162.3929901123047
2021-08-25,163.92298889160156
2021-08-26,166.0756378173828
2021-08-27,167.69459533691406
2021-08-30,168.1393585205078
2021-08-31,167.81912231445312
2021-09-01,169.72271728515625
2021-09-02,170.718994140625
2021-09-03,174.81085205078125
2021-09-06,174.63294982910156
2021-09-07,171.48399353027344
2021-09-08,174.1881561279297
2021-09-09,174.75747680664062
2021-09-13,177.23037719726562
2021-09-14,175.45130920410156
2021-09-15,174.3305206298828
2021-09-16,177.19598388671875
2021-09-17,176.06593322753906
2021-09-20,169.66903686523438
2021-09-21,167.00534057617188
2021-09-22,169.56813049316406
2021-09-23,169.48741149902344
2021-09-24,167.408935546875
2021-09-27,169.749755859375
2021-09-28,173.38209533691406
2021-09-29,176.32826232910156
2021-09-30,174.43141174316406
2021-10-01,174.77442932128906
2021-10-04,175.9044952392578
2021-10-05,179.1332244873047
2021-10-06,180.4852294921875
2021-10-07,181.2924346923828
2021-10-08,181.393310546875
2021-10-11,183.39108276367188
2021-10-12,183.73414611816406
2021-10-13,185.10633850097656
2021-10-14,185.36866760253906
2021-10-18,186.66015625
2021-10-19,182.8462371826172
2021-10-20,178.02334594726562
2021-10-21,182.0390625
2021-10-22,180.50543212890625
2021-10-25,174.22959899902344
2021-10-26,173.96725463867188
2021-10-27,172.615234375
2021-10-28,169.83045959472656
2021-10-29,168.57937622070312
2021-11-01,170.1735382080078
2021-11-02,167.9537811279297
2021-11-03,167.4492950439453
2021-11-04,169.4066925048828
2021-11-08,174.24977111816406
2021-11-09,173.7452850341797
2021-11-10,174.04798889160156
2021-11-11,173.66006469726562
2021-11-12,174.6400604248047
2021-11-15,174.08880615234375
2021-11-16,171.45513916015625
2021-11-17,168.96434020996094
2021-11-18,165.49359130859375
2021-11-22,161.5328826904297
2021-11-23,162.34951782226562
2021-11-24,164.69737243652344
2021-11-25,163.37034606933594
2021-11-26,153.87680053710938
2021-11-29,150.0385284423828
2021-11-30,151.0797576904297
2021-12-01,150.56936645507812
2021-12-02,154.69342041015625
2021-12-03,157.57211303710938
2021-12-06,156.5717010498047
2021-12-07,158.3479461669922
2021-12-08,159.71580505371094
2021-12-09,160.7774658203125
2021-12-10,162.0841064453125
2021-12-13,160.205810546875
2021-12-14,159.9199676513672
2021-12-15,156.91879272460938
2021-12-16,159.6749725341797
2021-12-17,157.08213806152344
2021-12-20,146.99655151367188
2021-12-21,148.71148681640625
2021-12-22,152.08016967773438
2021-12-23,154.08094787597656
2021-12-24,151.95765686035156
2021-12-27,152.8763885498047
2021-12-28,155.32632446289062
2021-12-29,155.6121826171875
2021-12-30,154.32595825195312
2021-12-31,157.38839721679688
2022-01-03,157.65380859375
2022-01-04,157.59254455566406
2022-01-05,161.1653594970703
2022-01-06,161.614501953125
2022-01-07,161.77786254882812
2022-01-10,162.3291015625
2022-01-11,159.71580505371094
2022-01-12,158.71542358398438
2022-01-13,161.08370971679688
2022-01-14,162.6965789794922
2022-01-17,163.55406188964844
2022-01-18,162.5536651611328
2022-01-19,161.02243041992188
2022-01-20,160.49163818359375
2022-01-21,155.85716247558594
2022-01-24,152.3455810546875
2022-01-25,156.20423889160156
2022-01-27,156.0613250732422
2022-01-28,156.18382263183594
2022-01-31,162.1249237060547
2022-02-01,154.69342041015625
2022-02-02,156.0205078125
2022-02-03,153.9584503173828
2022-02-04,153.38681030273438
2022-02-07,152.08016967773438
2022-02-08,154.1013641357422
2022-02-09,153.3663787841797
2022-02-10,152.97323608398438
2022-02-11,152.93185424804688
2022-02-14,149.68328857421875
2022-02-15,152.66285705566406
2022-02-16,154.81480407714844
2022-02-17,154.35955810546875
2022-02-18,154.4216766357422
2022-02-21,152.60079956054688
2022-02-22,147.0347442626953
2022-02-23,147.77964782714844
2022-02-24,137.82696533203125
2022-02-25,139.19261169433594
2022-02-28,144.75863647460938
2022-03-02,141.57215881347656
2022-03-03,143.35162353515625
2022-03-04,144.15859985351562
2022-03-07,139.8754425048828
2022-03-08,141.365234375
2022-03-09,141.7997589111328
2022-03-10,144.42759704589844
2022-03-11,149.80743408203125
2022-03-14,148.83489990234375
2022-03-15,144.96556091308594
2022-03-16,147.44857788085938
2022-03-17,150.71788024902344
2022-03-21,147.82101440429688
2022-03-22,152.45594787597656
2022-03-23,151.71104431152344
2022-03-24,150.05572509765625
2022-03-25,149.10389709472656
2022-03-28,148.85562133789062
2022-03-29,148.33831787109375
2022-03-30,149.00045776367188
2022-03-31,148.71078491210938
2022-04-01,154.93894958496094
2022-04-04,157.33917236328125
2022-04-05,157.2564239501953
2022-04-06,159.65663146972656
2022-04-07,157.58749389648438
2022-04-08,159.13934326171875
2022-04-11,160.7119140625
2022-04-12,157.5047149658203
2022-04-13,156.84259033203125
2022-04-18,153.84230041503906
2022-04-19,155.5390167236328
2022-04-20,161.37403869628906
2022-04-21,164.5812530517578
2022-04-22,162.8017578125
2022-04-25,152.9939422607422
2022-04-26,154.2975311279297
2022-04-27,151.66964721679688
2022-04-28,152.84910583496094
2022-04-29,150.05572509765625
2022-05-02,151.64898681640625
2022-05-04,150.40748596191406
2022-05-05,149.39356994628906
2022-05-06,147.86239624023438
2022-05-09,146.2484588623047
2022-05-10,146.26914978027344
2022-05-11,143.64132690429688
2022-05-12,140.68243408203125
2022-05-13,139.44093322753906
2022-05-16,139.0891571044922
2022-05-17,141.71701049804688
2022-05-18,137.35105895996094
2022-05-19,135.17845153808594
2022-05-20,137.7235107421875
2022-05-23,137.433837890625
2022-05-24,136.60618591308594
2022-05-25,134.97152709960938
2022-05-26,134.22662353515625
2022-05-27,133.39895629882812
2022-05-30,136.2130126953125
2022-05-31,134.99221801757812
2022-06-01,134.9094696044922
2022-06-02,136.2957763671875
2022-06-03,135.7991485595703
2022-06-06,132.157470703125
2022-06-07,132.5299072265625
2022-06-08,134.04039001464844
2022-06-09,137.7442169189453
2022-06-10,136.97862243652344
2022-06-13,131.57810974121094
2022-06-14,130.06761169433594
2022-06-15,129.9434356689453
2022-06-16,128.970947265625
2022-06-17,124.56362915039062
2022-06-20,122.51514434814453
2022-06-21,124.64639282226562
2022-06-22,126.59140014648438
2022-06-23,127.4190902709961
2022-06-24,127.27423858642578
2022-06-27,130.35728454589844
2022-06-28,131.8470916748047
2022-06-29,130.9366455078125
2022-06-30,127.62598419189453
2022-07-01,131.74362182617188
2022-07-04,130.9159698486328
2022-07-05,129.5709991455078
2022-07-06,132.9644012451172
2022-07-07,136.3164825439453
2022-07-08,134.61978149414062
2022-07-11,130.72972106933594
2022-07-12,127.72944641113281
2022-07-13,128.4950408935547
2022-07-14,126.69488525390625
2022-07-15,129.15716552734375
2022-07-18,130.68836975097656
2022-07-19,130.9987030029297
2022-07-20,131.22633361816406
2022-07-21,133.54380798339844
2022-07-22,132.5505828857422
2022-07-25,131.24703979492188
2022-07-26,131.7850341796875
2022-07-27,134.330078125
2022-07-28,134.9301300048828
2022-07-29,136.6889190673828
2022-08-01,138.2821807861328
2022-08-02,138.69602966308594
2022-08-03,138.17874145507812
2022-08-04,138.1994171142578
2022-08-05,139.21331787109375
2022-08-08,134.76461791992188
2022-08-10,135.86126708984375
2022-08-11,135.8819580078125
2022-08-12,138.17874145507812
2022-08-16,143.1447296142578
2022-08-17,146.14500427246094
2022-08-18,143.62063598632812
2022-08-19,142.44151306152344
2022-08-22,140.50439453125
2022-08-23,140.52545166015625
2022-08-24,138.77783203125
2022-08-25,138.88308715820312
2022-08-26,138.58834838867188
2022-08-29,137.36709594726562
2022-08-30,138.39883422851562
2022-09-01,139.53582763671875
2022-09-02,135.57736206054688
2022-09-05,136.7564697265625
2022-09-06,136.54592895507812
2022-09-07,137.6408233642578
2022-09-08,143.11529541015625
2022-09-09,142.5467987060547
2022-09-12,144.2733612060547
2022-09-13,143.62063598632812
2022-09-14,141.5571746826172
2022-09-15,139.556884765625
2022-09-16,135.30360412597656
2022-09-19,135.1352081298828
2022-09-20,135.9774169921875
2022-09-21,134.77725219726562
2022-09-22,133.00857543945312
2022-09-23,131.3662567138672
2022-09-26,128.3973846435547
2022-09-27,130.8187713623047
2022-09-28,128.86062622070312
2022-09-29,127.7025375366211
2022-09-30,128.3552703857422
2022-10-03,130.0397186279297
2022-10-04,131.1556854248047
2022-10-06,131.45046997070312
2022-10-07,129.45016479492188
2022-10-10,128.29209899902344
2022-10-11,126.22864532470703
2022-10-12,127.38671112060547
2022-10-13,126.46025848388672
2022-10-14,125.42853546142578
2022-10-17,124.88106536865234
2022-10-18,124.5442123413086
2022-10-19,123.02816772460938
2022-10-20,125.11270904541016
2022-10-21,125.63909912109375
2022-10-24,126.6497573852539
2022-10-25,127.42884826660156
2022-10-27,128.69216918945312
2022-10-28,127.72359466552734
2022-10-31,127.87098693847656
2022-11-01,128.16578674316406
2022-11-02,128.5237274169922
2022-11-03,128.4816131591797
2022-11-04,126.90243530273438
2022-11-07,130.4397735595703
2022-11-09,129.2185516357422
2022-11-10,128.65003967285156
2022-11-11,130.08184814453125
2022-11-14,129.55543518066406
2022-11-15,130.08184814453125
2022-11-16,129.05014038085938
2022-11-17,128.5237274169922
2022-11-18,128.06048583984375
2022-11-21,130.67138671875
2022-11-22,129.2185516357422
2022-11-23,130.60821533203125
2022-11-24,135.17730712890625
2022-11-25,136.63014221191406
2022-11-28,143.4943084716797
2022-11-29,142.7783966064453
2022-11-30,143.6627197265625
2022-12-01,142.58892822265625
2022-12-02,143.64169311523438
2022-12-05,142.50466918945312
2022-12-06,138.35670471191406
2022-12-07,140.79917907714844
2022-12-08,141.3887176513672
2022-12-09,142.52574157714844
2022-12-12,146.96847534179688
2022-12-13,145.768310546875
2022-12-14,146.8632049560547
2022-12-15,147.03164672851562
2022-12-16,143.91539001464844
2022-12-19,143.7259063720703
2022-12-20,143.28375244140625
2022-12-21,140.6938934326172
2022-12-22,138.0830078125
2022-12-23,136.90386962890625
2022-12-26,136.90386962890625
2022-12-27,137.2828826904297
2022-12-28,136.48275756835938
2022-12-29,137.7882080078125
2022-12-30,139.17787170410156
2023-01-02,140.588623046875
2023-01-03,141.85195922851562
2023-01-04,141.62034606933594
2023-01-05,144.16810607910156
2023-01-06,145.15768432617188
2023-01-09,146.02098083496094
2023-01-10,146.27365112304688
2023-01-11,148.44236755371094
2023-01-12,145.30506896972656
2023-01-13,147.43170166015625
2023-01-16,146.9474334716797
2023-01-17,146.71580505371094
2023-01-18,145.72618103027344
2023-01-19,147.2421875
2023-01-20,145.8525390625
2023-01-23,147.2211456298828
2023-01-24,146.9474334716797
2023-01-25,146.02098083496094
2023-01-27,141.72560119628906
2023-01-30,141.11500549316406
2023-01-31,144.5470733642578
2023-02-01,140.94656372070312
2023-02-02,139.89376831054688
2023-02-03,137.57763671875
2023-02-06,140.5465087890625
2023-02-07,139.8727264404297
2023-02-08,140.73602294921875
2023-02-09,140.52545166015625
2023-02-10,140.6517791748047
2023-02-13,141.03077697753906
2023-02-14,139.4515838623047
2023-02-15,139.4515838623047
2023-02-16,137.1565399169922
2023-02-17,139.68321228027344
2023-02-20,137.34605407714844
2023-02-21,136.1248016357422
2023-02-22,134.94569396972656
2023-02-23,134.98782348632812
2023-02-24,133.72447204589844
2023-02-27,134.94569396972656
2023-02-28,133.64024353027344
2023-03-01,133.0296173095703
2023-03-02,135.1983642578125
2023-03-03,135.34576416015625
2023-03-06,136.6722412109375
2023-03-08,137.3249969482422
2023-03-09,136.79859924316406
2023-03-10,137.30392456054688
2023-03-13,135.85108947753906
2023-03-14,137.36709594726562
2023-03-15,139.09364318847656
2023-03-16,147.76858520507812
2023-03-17,147.97915649414062
2023-03-20,151.45330810546875
2023-03-21,150.99009704589844
2023-03-22,148.1475830078125
2023-03-23,146.6947479248047
2023-03-24,145.45245361328125
2023-03-27,145.2208709716797
2023-03-28,143.11529541015625
2023-03-29,143.11529541015625
2023-03-31,144.98922729492188
2023-04-03,138.94625854492188
2023-04-05,138.14613342285156
2023-04-06,139.80955505371094
2023-04-10,141.4097900390625
2023-04-11,142.79946899414062
2023-04-12,142.0414581298828
2023-04-13,139.91482543945312
2023-04-17,141.36766052246094
2023-04-18,140.98867797851562
2023-04-19,144.02069091796875
2023-04-20,144.73660278320312
2023-04-21,145.78936767578125
2023-04-24,146.21046447753906
2023-04-25,146.33680725097656
2023-04-26,146.96847534179688
2023-04-27,149.7688751220703
2023-04-28,150.59005737304688
2023-05-02,152.06393432617188
2023-05-03,151.93760681152344
2023-05-04,155.1170196533203
2023-05-05,153.8957977294922
2023-05-08,154.84329223632812
2023-05-09,154.56954956054688
2023-05-10,156.7172393798828
2023-05-11,156.88568115234375
2023-05-12,152.40081787109375
2023-05-15,150.33737182617188
2023-05-16,152.56927490234375
2023-05-17,153.60101318359375
2023-05-18,151.89552307128906
2023-05-19,151.72705078125
2023-05-22,152.27450561523438
2023-05-23,154.3800506591797
2023-05-24,152.99038696289062
2023-05-25,152.99038696289062
2023-05-26,153.4114990234375
2023-05-29,152.31661987304688
2023-05-30,151.7691650390625
2023-05-31,153.07461547851562
2023-06-01,153.5167694091797
2023-06-02,151.62179565429688
2023-06-05,150.253173828125
2023-06-06,149.97943115234375
2023-06-07,155.01174926757812
2023-06-08,152.06393432617188
2023-06-09,151.3690948486328
2023-06-12,156.50668334960938
2023-06-13,157.32786560058594
2023-06-14,157.30677795410156
2023-06-15,159.55975341796875
2023-06-16,158.67539978027344
2023-06-19,157.81214904785156
2023-06-20,156.84356689453125
2023-06-21,156.99093627929688
2023-06-22,157.24363708496094
2023-06-23,151.43228149414062
2023-06-26,150.88482666015625
2023-06-27,151.74810791015625
2023-06-28,153.8747100830078
2023-06-30,153.57994079589844
2023-07-03,158.04376220703125
2023-07-04,158.6122589111328
2023-07-05,162.78126525878906
2023-07-06,165.623779296875
2023-07-07,164.928955078125
2023-07-10,162.63389587402344
2023-07-11,164.6131134033203
2023-07-12,162.63389587402344
2023-07-13,159.83348083496094
2023-07-14,159.83348083496094
2023-07-17,160.75990295410156
2023-07-18,159.580810546875
2023-07-19,161.9390411376953
2023-07-20,163.37083435058594
2023-07-21,164.5078582763672
2023-07-24,164.04461669921875
2023-07-25,162.71810913085938
2023-07-26,163.0550079345703
2023-07-27,159.70713806152344
2023-07-28,157.2646942138672
2023-07-31,158.97018432617188
2023-08-01,158.97018432617188
2023-08-02,155.43284606933594
2023-08-03,154.9696502685547
2023-08-04,151.7691650390625
2023-08-07,151.8744354248047
2023-08-08,150.69532775878906
2023-08-09,151.74810791015625
2023-08-10,152.71665954589844
2023-08-11,152.2482452392578
2023-08-14,151.8224639892578
2023-08-16,152.39730834960938
2023-08-17,151.9927978515625
2023-08-18,150.26824951171875
2023-08-21,149.90631103515625
2023-08-22,147.71340942382812
2023-08-23,146.8192138671875
2023-08-24,149.565673828125
2023-08-25,149.13987731933594
2023-08-28,151.2902069091797
2023-08-29,151.92892456054688
2023-08-30,149.86375427246094
2023-08-31,145.00950622558594
2023-09-01,146.563720703125
2023-09-04,146.77662658691406
2023-09-05,149.1185760498047
2023-09-06,150.37469482421875
2023-09-07,150.9921417236328
2023-09-08,154.12184143066406
2023-09-11,154.88829040527344
2023-09-12,148.35211181640625
2023-09-13,151.41793823242188
2023-09-14,152.75924682617188
2023-09-15,149.99147033691406
2023-09-18,153.4405517578125
2023-09-20,150.1192169189453
2023-09-21,151.26890563964844
2023-09-22,149.86375427246094
2023-09-25,149.8424530029297
2023-09-26,149.7360076904297
2023-09-27,148.60760498046875
2023-09-28,146.45724487304688
2023-09-29,147.5856475830078
2023-10-03,145.35015869140625
2023-10-04,145.35015869140625
2023-10-05,146.67018127441406
2023-10-06,147.8411407470703
2023-10-09,144.7753143310547
2023-10-10,144.9456329345703
2023-10-11,145.86111450195312
2023-10-12,148.4798583984375
2023-10-13,148.05404663085938
2023-10-16,147.86244201660156
2023-10-17,151.0347137451172
2023-10-18,149.1185760498047
2023-10-19,150.60891723632812
2023-10-20,147.50048828125
2023-10-23,145.9675750732422
2023-10-25,144.75404357910156
2023-10-26,142.64625549316406
2023-10-27,142.62498474121094
2023-10-30,147.71340942382812
2023-10-31,148.71405029296875
2023-11-01,151.97149658203125
2023-11-02,153.52569580078125
2023-11-03,153.93023681640625
2023-11-06,155.9528045654297
2023-11-07,158.74185180664062
2023-11-08,163.5961151123047
2023-11-09,163.3193359375
2023-11-10,163.5322265625
2023-11-13,164.83096313476562
2023-11-15,167.151611328125
2023-11-16,169.74903869628906
2023-11-17,166.17227172851562
2023-11-20,166.91741943359375
2023-11-21,165.2141876220703
2023-11-22,171.2180938720703
2023-11-23,175.13555908203125
2023-11-24,174.83746337890625
2023-11-28,180.75624084472656
2023-11-29,182.52334594726562
2023-11-30,185.5253143310547
2023-12-01,186.50466918945312
2023-12-04,196.5111846923828
2023-12-05,201.0673828125
2023-12-06,201.34413146972656
2023-12-07,202.1319122314453
2023-12-08,200.3221893310547
2023-12-11,198.21444702148438
2023-12-12,199.5745086669922
2023-12-13,199.5522003173828
2023-12-14,198.7495574951172
2023-12-15,200.22109985351562
2023-12-18,199.44073486328125
2023-12-19,200.55555725097656
2023-12-20,195.9625244140625
2023-12-21,200.46636962890625
2023-12-22,199.17318725585938
2023-12-26,201.38050842285156
2023-12-27,202.7628936767578
2023-12-28,207.7126922607422
2023-12-29,200.95689392089844
2024-01-01,201.58119201660156
2024-01-02,203.45407104492188
2024-01-03,205.5945281982422
2024-01-04,201.84872436523438
2024-01-05,202.04940795898438
2024-01-08,202.8966827392578
2024-01-09,205.10401916503906
2024-01-10,201.2244415283203
2024-01-11,204.54660034179688
2024-01-12,204.34593200683594
2024-01-15,205.10401916503906
2024-01-16,210.85646057128906
2024-01-17,210.3213348388672
2024-01-18,211.01254272460938
2024-01-19,214.4684600830078
2024-01-23,206.48638916015625
2024-01-24,212.77395629882812
2024-01-25,211.54762268066406
2024-01-29,219.68580627441406
2024-01-30,224.83627319335938
2024-01-31,224.0113067626953
2024-02-01,226.73147583007812
2024-02-02,248.983154296875
2024-02-05,256.2964172363281
2024-02-06,271.70318603515625
2024-02-07,268.4701843261719
2024-02-08,276.6976013183594
2024-02-09,273.9328308105469
2024-02-12,263.29742431640625
2024-02-13,260.55499267578125
2024-02-14,278.10223388671875
2024-02-15,291.0787048339844
2024-02-16,291.9036560058594
2024-02-19,290.9895324707031
2024-02-20,293.2414245605469
2024-02-21,282.3608093261719
2024-02-22,279.1055603027344
2024-02-23,275.5604248046875
2024-02-26,279.6629638671875
2024-02-27,278.7265319824219
2024-02-28,271.70318603515625
2024-02-29,269.2728576660156
2024-03-01,277.9461364746094
2024-03-04,285.5937805175781
2024-03-05,287.6673583984375
2024-03-06,284.6573181152344
2024-03-07,278.5704650878906
2024-03-11,279.3285217285156
2024-03-12,278.9049072265625
2024-03-13,266.5527038574219
2024-03-14,271.4579162597656
2024-03-15,261.51373291015625
2024-03-18,259.66314697265625
2024-03-19,248.69334411621094
2024-03-20,252.68441772460938
2024-03-21,262.11572265625
2024-03-22,264.3453674316406
2024-03-26,267.4891662597656
2024-03-27,265.41558837890625
2024-03-28,268.62628173828125
2024-04-01,267.8681945800781
2024-04-02,274.6016845703125
2024-04-03,272.4389953613281
2024-04-04,266.8871765136719
2024-04-05,263.29742431640625
2024-04-08,263.96636962890625
2024-04-09,261.20159912109375
2024-04-10,269.6741943359375
2024-04-12,268.09112548828125
2024-04-15,262.8961181640625
2024-04-16,264.1224060058594
2024-04-18,262.91839599609375
2024-04-19,261.223876953125
2024-04-22,269.0945129394531
2024-04-23,264.4345397949219
2024-04-24,264.590576171875
2024-04-25,269.07220458984375
2024-04-26,271.77008056640625
2024-04-29,275.939453125
2024-04-30,270.8336486816406
2024-05-02,283.0074157714844
2024-05-03,280.866943359375
2024-05-06,272.1268310546875
2024-05-07,269.4735107421875
2024-05-08,276.60833740234375
2024-05-09,264.0555419921875
2024-05-10,275.87261962890625
2024-05-13,270.6329650878906
2024-05-14,270.2093200683594
2024-05-15,278.7265319824219
2024-05-16,275.9172058105469
2024-05-17,280.17578125
2024-05-21,287.1767883300781
2024-05-22,285.6160888671875
2024-05-23,288.71527099609375
2024-05-24,291.6806945800781
2024-05-27,292.55023193359375
2024-05-28,288.2915954589844
2024-05-29,282.51690673828125
2024-05-30,279.0386657714844
2024-05-31,279.9527893066406
2024-06-03,297.0541076660156
2024-06-04,258.7267150878906
2024-06-05,259.1280212402344
2024-06-06,260.48809814453125
2024-06-07,267.4668273925781
2024-06-10,268.7154235839844
2024-06-11,270.7667541503906
2024-06-12,273.5091552734375
2024-06-13,276.1847229003906
2024-06-14,279.44000244140625
2024-06-18,281.335205078125
2024-06-19,274.6016845703125
2024-06-20,279.2615966796875
2024-06-21,274.33416748046875
2024-06-24,272.23828125
2024-06-25,264.25616455078125
2024-06-26,266.12908935546875
2024-06-27,271.881591796875
2024-06-28,271.0788879394531
2024-07-01,271.61395263671875
2024-07-02,271.480224609375
2024-07-03,273.4422912597656
2024-07-04,270.2315979003906
2024-07-05,273.4869079589844
2024-07-08,267.110107421875
2024-07-09,267.73443603515625
2024-07-10,267.8681945800781
2024-07-11,273.4422912597656
2024-07-12,271.61395263671875
2024-07-15,274.4679260253906
2024-07-16,281.7811279296875
2024-07-18,283.7431640625
2024-07-19,270.9450988769531
2024-07-22,274.9138488769531
2024-07-23,272.9071960449219
2024-07-24,280.8892822265625
2024-07-25,290.8780517578125
2024-07-26,293.2414245605469
2024-07-29,301.3572692871094
2024-07-30,310.54339599609375
2024-07-31,312.1933288574219
2024-08-01,311.3460693359375
2024-08-02,309.56231689453125
2024-08-05,304.746337890625
2024-08-06,298.5033874511719
2024-08-07,306.4854431152344
2024-08-08,301.7140197753906
2024-08-09,306.868408203125
2024-08-12,306.868408203125
2024-08-13,296.0994873046875
2024-08-14,299.1828918457031
2024-08-16,306.0400390625
2024-08-19,316.4407653808594
2024-08-20,321.59515380859375
2024-08-21,323.2519226074219
2024-08-22,322.2394714355469
2024-08-23,324.17236328125
2024-08-26,323.2059020996094
2024-08-27,321.2729797363281
2024-08-28,320.44464111328125
2024-08-29,328.0841369628906
2024-08-30,329.1885986328125
2024-09-02,329.9249572753906
2024-09-03,327.11767578125
2024-09-04,328.8204345703125
2024-09-05,331.99591064453125
2024-09-06,324.1263122558594
2024-09-09,320.1224670410156
2024-09-10,318.4197082519531
2024-09-11,313.17327880859375
2024-09-12,316.9009704589844
2024-09-13,315.0601501464844
2024-09-16,313.54144287109375
2024-09-17,311.47052001953125
2024-09-18,309.35357666015625
2024-09-19,298.630615234375
2024-09-20,304.843505859375
2024-09-23,311.19439697265625
2024-09-24,312.1607971191406
2024-09-25,312.75909423828125
2024-09-26,317.6373291015625
2024-09-27,338.0706481933594
2024-09-30,340.509765625
2024-10-01,338.945068359375
2024-10-03,321.08892822265625
2024-10-04,313.17327880859375
2024-10-07,308.3410949707031
2024-10-08,311.1023254394531
2024-10-09,311.88470458984375
2024-10-10,308.7552795410156
2024-10-11,310.7801818847656
2024-10-14,313.63348388671875
2024-10-15,320.99688720703125
2024-10-16,322.8377380371094
2024-10-17,315.4283142089844
2024-10-18,315.2442321777344
2024-10-21,305.2576599121094
2024-10-22,297.2039489746094
2024-10-23,297.342041015625
2024-10-24,295.8693542480469
2024-10-25,281.92498779296875
2024-10-28,285.69873046875
2024-10-29,286.6651611328125
2024-10-30,286.527099609375
2024-10-31,286.0209045410156
2024-11-01,288.0918273925781
2024-11-04,279.30181884765625
2024-11-05,283.4437255859375
2024-11-06,291.7734680175781
2024-11-07,289.93267822265625
2024-11-08,285.7447204589844
2024-11-11,287.6776428222656
2024-11-12,285.1464538574219
2024-11-13,281.51080322265625
2024-11-14,274.4696044921875
2024-11-18,266.185791015625
2024-11-19,264.6210632324219
2024-11-21,259.9269104003906
2024-11-22,263.10235595703125
2024-11-25,272.95086669921875
2024-11-26,270.46575927734375
2024-11-27,270.0975646972656
2024-11-28,267.7965393066406
2024-11-29,268.8550109863281
2024-12-02,270.74188232421875
2024-12-03,270.83392333984375
2024-12-04,270.2816467285156
2024-12-05,273.36505126953125
2024-12-06,276.448486328125
2024-12-09,279.30181884765625
2024-12-10,279.34783935546875
2024-12-11,282.9834899902344
2024-12-12,278.105224609375
2024-12-13,277.6910705566406
2024-12-16,274.239501953125
2024-12-17,269.6833801269531
2024-12-18,265.3573913574219
2024-12-19,271.1100158691406
2024-12-20,266.0476989746094
2024-12-23,266.0937805175781
2024-12-24,268.7629699707031
2024-12-26,272.07647705078125
2024-12-27,270.1896057128906
2024-12-30,269.9595031738281
2024-12-31,269.1771545410156
2025-01-01,271.80035400390625
2025-01-02,273.27301025390625
2025-01-03,272.81280517578125
2025-01-06,262.1819763183594
2025-01-07,260.29510498046875
2025-01-08,263.9767761230469
2025-01-09,257.7178955078125
2025-01-10,255.55490112304688
2025-01-13,244.18772888183594
2025-01-14,248.69781494140625
2025-01-15,245.75244140625
2025-01-16,245.660400390625
2025-01-17,251.8272247314453
2025-01-20,255.23277282714844
2025-01-21,257.9019775390625
2025-01-22,255.5089111328125
2025-01-23,249.66421508789062
2025-01-24,242.80709838867188
2025-01-27,240.50601196289062
2025-01-28,237.51466369628906
2025-01-29,241.22218322753906
2025-01-30,241.3629608154297
2025-01-31,245.07044982910156
2025-02-01,239.95504760742188
2025-02-03,234.22955322265625
2025-02-04,240.2366485595703
2025-02-05,245.21124267578125
2025-02-06,246.4314422607422
2025-02-07,248.07400512695312
2025-02-10,243.9441375732422
2025-02-11,239.48574829101562
2025-02-12,239.90814208984375
2025-02-13,240.04891967773438
2025-02-14,235.5905303955078
2025-02-17,236.8107147216797
2025-02-18,237.2331085205078
2025-02-19,239.90814208984375
2025-02-20,242.7239532470703
2025-02-21,235.87210083007812
2025-02-24,235.5905303955078
2025-02-25,233.1970672607422
2025-02-27,229.72422790527344
2025-02-28,222.73159790039062
2025-03-03,227.52789306640625
2025-03-04,234.57684326171875
2025-03-05,240.13339233398438
2025-03-06,248.76858520507812
2025-03-07,245.2206573486328
2025-03-10,241.15647888183594
2025-03-11,248.33680725097656
2025-03-12,249.97000122070312
2025-03-13,248.17724609375
2025-03-17,245.370849609375
2025-03-18,245.370849609375
2025-03-19,248.97508239746094
2025-03-20,255.42333984375
2025-03-21,262.49102783203125
2025-03-24,263.22314453125
2025-03-25,261.97479248046875
2025-03-26,256.2492980957031
2025-03-27,259.1120300292969
2025-03-28,261.3741149902344
2025-04-01,267.12774658203125
2025-04-02,269.19268798828125
2025-04-03,269.19268798828125
2025-04-04,262.2939147949219
2025-04-07,256.8969421386719
2025-04-08,268.3479309082031
2025-04-09,270.2721252441406
2025-04-11,275.1997985839844
2025-04-15,276.3260803222656
2025-04-16,280.4090576171875
2025-04-17,280.0335998535156
2025-04-21,285.3836669921875
2025-04-22,287.3078308105469
2025-04-23,282.0046691894531
2025-04-24,283.4595031738281
2025-04-25,277.5462951660156
2025-04-28,290.9683837890625
2025-04-29,292.56402587890625
2025-04-30,291.01531982421875
2025-05-02,292.2824401855469
2025-05-05,301.3399963378906
2025-05-06,292.3293762207031
2025-05-07,297.44476318359375
2025-05-08,289.0442810058594
2025-05-09,288.01177978515625
2025-05-12,290.0766906738281
2025-05-13,288.0587158203125
2025-05-14,293.3149108886719
2025-05-15,297.5386047363281
2025-05-16,300.4483337402344
2025-05-19,297.7263488769531
2025-05-20,293.6903381347656
2025-05-21,296.459228515625
2025-05-22,293.8311462402344
2025-05-23,299.3219909667969
2025-05-26,303.12335205078125
2025-05-27,297.5386047363281
2025-05-28,301.9501037597656
2025-05-29,299.5566101074219
2025-05-30,298.8526916503906
2025-06-02,297.1632080078125
2025-06-03,290.7337341308594
2025-06-04,292.4232177734375
2025-06-05,290.7806396484375
2025-06-06,297.2570495605469
2025-06-09,300.7298889160156
2025-06-10,300.4483337402344
2025-06-11,313.35418701171875
2025-06-12,299.0873107910156
2025-06-13,293.1271667480469
2025-06-16,296.9754638671875
2025-06-17,293.5964660644531
2025-06-18,296.459228515625
2025-06-19,294.20660400390625
2025-06-20,294.2535095214844
2025-06-23,294.20660400390625
2025-06-24,299.6505126953125
2025-06-25,299.9790344238281
2025-06-26,309.5058898925781
2025-06-27,312.5563659667969
2025-06-30,311.5708312988281
2025-07-01,311.6646728515625
2025-07-02,311.4300231933594
2025-07-03,311.1484680175781
2025-07-04,324.94598388671875
2025-07-07,328.98199462890625
2025-07-08,333.7688903808594
2025-07-09,327.10479736328125
2025-07-10,329.4043884277344
2025-07-11,323.6788635253906
2025-07-14,323.2564697265625
2025-07-15,326.6824035644531
2025-07-16,326.49468994140625
2025-07-17,325.4621887207031
2025-07-18,322.4117431640625
2025-07-21,321.5669860839844
2025-07-22,319.45513916015625
2025-07-23,323.30340576171875
2025-07-24,320.440673828125
2025-07-25,312.4624938964844
2025-07-28,312.9317932128906
2025-07-29,314.38665771484375
2025-07-30,316.3576965332031
2025-07-31,313.7376403808594
2025-08-01,302.82879638671875
2025-08-04,302.82879638671875
2025-08-05,300.2087707519531
2025-08-06,300.8280334472656
2025-08-07,295.6832275390625
2025-08-08,304.3531799316406
2025-08-11,305.78228759765625
2025-08-12,308.40234375
2025-08-13,307.2590637207031
2025-08-14,303.0193176269531
2025-08-18,299.1607360839844
2025-08-19,306.2586669921875
2025-08-20,304.8295593261719
2025-08-21,304.8295593261719
2025-08-22,301.4949645996094
2025-08-25,300.87567138671875
2025-08-26,297.35052490234375
2025-08-28,296.0167236328125
2025-08-29,293.6348571777344
2025-09-01,299.87530517578125
2025-09-02,300.06585693359375
2025-09-03,299.9705810546875
2025-09-04,298.11273193359375
2025-09-05,297.73162841796875
2025-09-08,301.4949645996094
2025-09-09,299.1131286621094
2025-09-10,302.924072265625
2025-09-11,304.877197265625
2025-09-12,302.9717102050781
2025-09-15,302.7335205078125
2025-09-16,303.2098693847656
2025-09-17,308.2594299316406
2025-09-18,310.3078308105469
2025-09-19,313.9758605957031
2025-09-22,310.02197265625
2025-09-23,314.78570556640625
2025-09-24,314.7380676269531
2025-09-25,314.0711364746094
2025-09-26,309.0216064453125
2025-09-29,322.1217956542969
2025-09-30,323.5985412597656
2025-10-01,323.6462097167969
2025-10-03,325.40875244140625
2025-10-06,327.36187744140625
2025-10-07,325.7422180175781
2025-10-08,328.7909851074219
2025-10-09,327.7429504394531
2025-10-10,322.6934509277344
2025-10-13,321.9788818359375
2025-10-14,316.73883056640625
2025-10-15,321.9312438964844
2025-10-16,320.0257568359375
2025-10-17,319.9781494140625
2025-10-20,321.74072265625
2025-10-21,323.0268859863281
2025-10-23,315.64312744140625
2025-10-24,314.8333435058594
2025-10-27,326.79022216796875
2025-10-28,324.5513000488281
2025-10-29,331.64923095703125
2025-10-30,340.70025634765625
2025-10-31,339.93804931640625
2025-11-03,349.94183349609375
2025-11-04,355.3248596191406
2025-11-06,350.5611572265625
2025-11-07,357.0773010253906
2025-11-10,355.1321716308594
2025-11-11,363.88525390625
2025-11-12,365.14959716796875
2025-11-13,364.663330078125
2025-11-14,360.9675598144531
2025-11-17,363.9825134277344
2025-11-18,361.64837646484375
2025-11-19,355.6184387207031
2025-11-20,355.034912109375
2025-11-21,354.5486145019531
2025-11-24,349.7830505371094
2025-11-25,346.0873107910156
2025-11-26,357.5635681152344
2025-11-27,354.69451904296875
2025-11-28,349.2481689453125
2025-12-01,344.2880859375
2025-12-02,348.9077453613281
2025-12-03,348.5673522949219
2025-12-04,346.23321533203125
2025-12-05,350.41522216796875
2025-12-08,347.74066162109375
2025-12-09,345.30926513671875
2025-12-10,345.4065246582031
2025-12-11,341.6621398925781
2025-12-12,355.034912109375
2025-12-15,356.9314270019531
2025-12-16,358.04986572265625
2025-12-17,358.244384765625
2025-12-18,353.3815612792969
2025-12-19,355.9102478027344
2025-12-22,359.7518615722656
2025-12-23,359.84912109375
2025-12-24,355.8616027832031
2025-12-26,355.9588623046875
2025-12-29,361.40521240234375
2025-12-30,359.3628234863281
2025-12-31,373.46502685546875
2026-01-01,371.0335998535156
2026-01-02,370.9849853515625
2026-01-05,367.5323791503906
2026-01-06,360.6271667480469
2026-01-07,358.0985107421875
2026-01-08,344.8229675292969
2026-01-09,344.4339599609375
2026-01-12,348.9077453613281
2026-01-13,345.35791015625
2026-01-14,347.1084899902344
2026-01-15,347.1084899902344
2026-01-16,353.2356872558594
2026-01-19,351.33917236328125
2026-01-20,345.4551696777344
2026-01-21,342.2943115234375
2026-01-22,344.4339599609375
2026-01-23,339.5711364746094
2026-01-27,347.59478759765625
2026-01-28,352.40899658203125
2026-01-29,356.8828125
2026-01-30,354.5
2026-02-02,366.70001220703125
2026-02-03,373.45001220703125
2026-02-04,382.45001220703125
2026-02-05,382.04998779296875
2026-02-06,386.3500061035156
2026-02-09,388.29998779296875
2026-02-10,386.3500061035156
2026-02-11,387.6000061035156
2026-02-12,377.70001220703125
2026-02-13,374.1000061035156
2026-02-16,374.3500061035156
2026-02-17,374.95001220703125
2026-02-18,380.8999938964844
2026-02-19,367.6499938964844
2026-02-20,366.29998779296875
2026-02-23,372.1000061035156
2026-02-24,374.45001220703125
2026-02-25,381.04998779296875
2026-02-26,386.0
2026-02-27,385.3999938964844
2026-03-02,374.79998779296875
2026-03-04,356.3999938964844
2026-03-05,360.3500061035156
2026-03-06,352.75
2026-03-09,331.1499938964844
2026-03-10,325.8999938964844
2026-03-11,325.04998779296875
2026-03-12,326.3500061035156
2026-03-13,319.29998779296875
2026-03-16,304.95001220703125
2026-03-17,300.04998779296875
2026-03-18,303.70001220703125
2026-03-19,286.0
2026-03-20,287.79998779296875
2026-03-23,271.29998779296875
2026-03-24,282.25
2026-03-25,284.54998779296875
2026-03-27,282.70001220703125
2026-03-30,281.0
2026-04-01,281.25
2026-04-02,278.1499938964844
2026-04-06,278.70001220703125
2026-04-07,277.45001220703125
2026-04-08,298.1000061035156
2026-04-09,297.3500061035156
2026-04-10,299.3500061035156
2026-04-13,292.95001220703125
2026-04-15,310.45001220703125
2026-04-16,307.95001220703125
2026-04-17,312.1000061035156
2026-04-20,316.04998779296875
2026-04-21,318.04998779296875
2026-04-22,314.3999938964844
2026-04-23,309.79998779296875
2026-04-24,308.1000061035156
2026-04-27,312.6499938964844
2026-04-28,307.75
2026-04-29,303.8999938964844
2026-04-30,300.45001220703125
2026-05-01,300.45001220703125
2026-05-04,301.70001220703125
2026-05-05,298.5
2026-05-06,314.04998779296875
2026-05-07,307.6000061035156
2026-05-08,302.75
2026-05-11,294.45001220703125
2026-05-12,287.8500061035156
2026-05-13,297.1000061035156
2026-05-14,295.0
2026-05-15,284.45001220703125
2026-05-18,280.79998779296875
2026-05-19,286.45001220703125
2026-05-20,293.75
2026-05-21,296.3999938964844
2026-05-22,295.6000061035156
2026-05-25,308.25
2026-05-26,304.6000061035156
2026-05-27,307.1499938964844
2026-05-28,307.1499938964844
2026-05-29,298.1000061035156
2026-06-01,296.8500061035156
2026-06-02,294.3999938964844
2026-06-03,292.1000061035156
2026-06-04,295.1499938964844
2026-06-05,295.0
2026-06-08,285.1499938964844
2026-06-09,289.1000061035156
2026-06-10,288.0
2026-06-11,286.3500061035156
2026-06-12,302.3500061035156
2026-06-15,310.6000061035156
2026-06-16,312.1000061035156
2026-06-17,317.95001220703125
2026-06-18,316.29998779296875
2026-06-19,306.6000061035156
2026-06-22,308.6000061035156
2026-06-23,308.54998779296875
2026-06-24,315.70001220703125
2026-06-25,309.75
2026-06-26,309.75
2026-06-29,300.79998779296875
2026-06-30,303.54998779296875
2026-07-01,304.20001220703125
2026-07-02,310.45001220703125
2026-07-03,308.1499938964844
2026-07-06,308.1499938964844
2026-07-07,313.95001220703125
2026-07-08,303.54998779296875
2026-07-09,308.20001220703125
2026-07-10,309.75
2026-07-13,307.54998779296875
2026-07-14,305.3500061035156
2026-07-15,309.6000061035156
2026-07-16,312.0
2026-07-17,315.54998779296875
2026-07-20,317.6000061035156
2026-07-21,319.3500061035156
2026-07-22,314.0
2026-07-23,309.8500061035156
2026-07-24,310.1499938964844
2026-07-27,316.25
2026-07-28,320.04998779296875
2026-07-29,317.3999938964844
2026-07-30,315.79998779296875
2026-07-31,319.75
2026-08-03,329.95001220703125
2026-08-04,324.0
2026-08-05,326.25
2026-08-06,323.70001220703125
2026-08-07,321.0
2026-08-10,318.5
2026-08-11,317.79998779296875
2026-08-12,317.0
2026-08-13,315.0
2026-08-14,319.45001220703125
2026-08-17,316.6499938964844
2026-08-18,310.29998779296875
2026-08-19,307.0
2026-08-20,308.70001220703125
2026-08-21,311.0
2026-08-24,311.8999938964844
2026-08-25,318.1000061035156
2026-08-26,318.0
2026-08-27,318.0
2026-08-28,319.25
2026-08-31,324.04998779296875
2026-09-01,317.6499938964844
2026-09-02,319.6000061035156
2026-09-03,320.04998779296875
2026-09-04,315.70001220703125
2026-09-07,312.8999938964844
2026-09-08,303.8500061035156
2026-09-09,303.54998779296875
2026-09-10,303.0
2026-09-11,304.5
2026-09-14,304.5
2026-09-15,298.6499938964844
2026-09-16,303.3500061035156
2026-09-17,307.0
2026-09-18,314.0
2026-09-21,312.54998779296875
