Date,CHAMBLFERT
2002-07-01,5.422664642333984
2002-07-02,5.7017717361450195
2002-07-03,5.622026443481445
2002-07-04,5.641961097717285
2002-07-05,5.602090358734131
2002-07-08,5.881196975708008
2002-07-09,5.801451683044434
2002-07-10,5.661899566650391
2002-07-11,5.661899566650391
2002-07-12,5.681833744049072
2002-07-15,5.502408027648926
2002-07-16,5.4824724197387695
2002-07-17,5.422664642333984
2002-07-18,5.422664642333984
2002-07-19,5.4625372886657715
2002-07-22,5.36285400390625
2002-07-23,5.283110618591309
2002-07-24,5.1834282875061035
2002-07-25,5.143555641174316
2002-07-26,5.103682994842529
2002-07-29,4.742359638214111
2002-07-30,4.697193622589111
2002-07-31,4.674612045288086
2002-08-01,4.652029514312744
2002-08-02,4.5842814445495605
2002-08-05,4.764942646026611
2002-08-06,4.697193622589111
2002-08-07,4.787525653839111
2002-08-08,4.742359638214111
2002-08-09,4.674612045288086
2002-08-12,4.652029514312744
2002-08-13,4.742359638214111
2002-08-14,4.7197771072387695
2002-08-15,4.7197771072387695
2002-08-16,4.7197771072387695
2002-08-19,4.7197771072387695
2002-08-20,4.764942646026611
2002-08-21,4.7197771072387695
2002-08-22,4.764942646026611
2002-08-23,4.764942646026611
2002-08-26,4.742359638214111
2002-08-27,4.674612045288086
2002-08-28,4.674612045288086
2002-08-29,4.606863021850586
2002-08-30,4.652029514312744
2002-09-02,4.742359638214111
2002-09-03,4.764942646026611
2002-09-04,4.7197771072387695
2002-09-05,4.652029514312744
2002-09-06,4.652029514312744
2002-09-09,4.5842814445495605
2002-09-10,4.5842814445495605
2002-09-11,4.629446506500244
2002-09-12,4.652029514312744
2002-09-13,4.629446506500244
2002-09-16,4.674612045288086
2002-09-17,4.674612045288086
2002-09-18,4.652029514312744
2002-09-19,4.652029514312744
2002-09-20,4.697193622589111
2002-09-23,4.674612045288086
2002-09-24,4.652029514312744
2002-09-25,4.652029514312744
2002-09-26,4.652029514312744
2002-09-27,4.697193622589111
2002-09-30,4.629446506500244
2002-10-01,4.674612045288086
2002-10-02,4.674612045288086
2002-10-03,4.652029514312744
2002-10-04,4.629446506500244
2002-10-07,4.697193622589111
2002-10-08,4.697193622589111
2002-10-09,4.697193622589111
2002-10-10,4.697193622589111
2002-10-11,4.697193622589111
2002-10-14,4.764942646026611
2002-10-15,4.764942646026611
2002-10-16,4.787525653839111
2002-10-17,4.742359638214111
2002-10-18,4.764942646026611
2002-10-21,4.832690715789795
2002-10-22,4.832690715789795
2002-10-23,4.8101091384887695
2002-10-24,4.832690715789795
2002-10-25,4.764942646026611
2002-10-28,4.764942646026611
2002-10-29,4.787525653839111
2002-10-30,4.742359638214111
2002-10-31,4.742359638214111
2002-11-01,4.8101091384887695
2002-11-04,4.855273723602295
2002-11-05,4.855273723602295
2002-11-06,4.855273723602295
2002-11-07,4.855273723602295
2002-11-08,4.697193622589111
2002-11-11,4.742359638214111
2002-11-12,4.652029514312744
2002-11-13,4.652029514312744
2002-11-14,4.674612045288086
2002-11-15,4.697193622589111
2002-11-18,4.8101091384887695
2002-11-19,4.8101091384887695
2002-11-20,4.8101091384887695
2002-11-21,4.832690715789795
2002-11-22,5.013352394104004
2002-11-25,5.103682994842529
2002-11-26,5.103682994842529
2002-11-27,5.103682994842529
2002-11-28,5.126265048980713
2002-11-29,5.1940131187438965
2002-12-02,5.352093696594238
2002-12-03,5.216596603393555
2002-12-04,5.171431064605713
2002-12-05,5.261763095855713
2002-12-06,5.284344673156738
2002-12-09,5.2391791343688965
2002-12-10,5.171431064605713
2002-12-11,5.1940131187438965
2002-12-12,5.148848533630371
2002-12-13,5.148848533630371
2002-12-16,5.171431064605713
2002-12-17,5.1940131187438965
2002-12-18,5.171431064605713
2002-12-19,5.148848533630371
2002-12-20,5.171431064605713
2002-12-23,5.126265048980713
2002-12-24,5.148848533630371
2002-12-25,5.148848533630371
2002-12-26,5.126265048980713
2002-12-27,5.148848533630371
2002-12-30,5.148848533630371
2002-12-31,5.329509735107422
2003-01-01,5.329509735107422
2003-01-02,5.487587928771973
2003-01-03,5.465005397796631
2003-01-06,5.329509735107422
2003-01-07,5.352093696594238
2003-01-08,5.397259712219238
2003-01-09,5.4424238204956055
2003-01-10,5.397259712219238
2003-01-13,5.735997676849365
2003-01-14,5.826328277587891
2003-01-15,5.848910808563232
2003-01-16,5.916658401489258
2003-01-17,5.984408378601074
2003-01-20,6.277980327606201
2003-01-21,6.368312835693359
2003-01-22,6.323148727416992
2003-01-23,6.142487049102783
2003-01-24,6.074736595153809
2003-01-27,6.052154541015625
2003-01-28,6.232816696166992
2003-01-29,5.939242839813232
2003-01-30,5.871494293212891
2003-01-31,6.029572486877441
2003-02-03,6.074736595153809
2003-02-04,6.142487049102783
2003-02-05,6.074736595153809
2003-02-06,6.006990432739258
2003-02-07,6.052154541015625
2003-02-10,5.984408378601074
2003-02-11,6.006990432739258
2003-02-12,6.029572486877441
2003-02-13,6.029572486877441
2003-02-14,6.052154541015625
2003-02-17,6.21023416519165
2003-02-18,6.300564765930176
2003-02-19,6.187651634216309
2003-02-20,6.052154541015625
2003-02-21,6.029572486877441
2003-02-24,6.142487049102783
2003-02-25,6.165067672729492
2003-02-26,6.187651634216309
2003-02-27,6.300564765930176
2003-02-28,6.277980327606201
2003-03-03,6.458643436431885
2003-03-04,6.345729827880859
2003-03-05,6.323148727416992
2003-03-06,6.255400657653809
2003-03-07,6.232816696166992
2003-03-10,6.165067672729492
2003-03-11,6.165067672729492
2003-03-12,6.232816696166992
2003-03-13,6.21023416519165
2003-03-14,6.21023416519165
2003-03-17,6.21023416519165
2003-03-18,6.21023416519165
2003-03-19,6.255400657653809
2003-03-20,6.277980327606201
2003-03-21,6.300564765930176
2003-03-24,6.255400657653809
2003-03-25,6.277980327606201
2003-03-26,6.277980327606201
2003-03-27,6.255400657653809
2003-03-28,6.300564765930176
2003-03-31,6.277980327606201
2003-04-01,6.277980327606201
2003-04-02,6.345729827880859
2003-04-03,6.368312835693359
2003-04-04,6.458643436431885
2003-04-07,6.52639102935791
2003-04-08,6.458643436431885
2003-04-09,6.639304161071777
2003-04-10,6.503808498382568
2003-04-11,6.616722106933594
2003-04-15,6.707053184509277
2003-04-16,6.729635238647461
2003-04-17,6.616722106933594
2003-04-18,6.616722106933594
2003-04-21,6.639304161071777
2003-04-22,6.639304161071777
2003-04-23,6.684470176696777
2003-04-24,6.707053184509277
2003-04-25,6.639304161071777
2003-04-28,6.661886692047119
2003-04-29,6.707053184509277
2003-04-30,6.8425493240356445
2003-05-01,6.8425493240356445
2003-05-02,6.955461025238037
2003-05-05,7.113541603088379
2003-05-06,7.203871726989746
2003-05-07,7.136124134063721
2003-05-08,7.203871726989746
2003-05-09,7.181289196014404
2003-05-12,6.7748003005981445
2003-05-13,6.548974514007568
2003-05-14,6.594139575958252
2003-05-15,6.661886692047119
2003-05-16,6.661886692047119
2003-05-19,6.661886692047119
2003-05-20,6.684470176696777
2003-05-21,6.797384738922119
2003-05-22,6.8425493240356445
2003-05-23,6.93287992477417
2003-05-26,7.090959072113037
2003-05-27,6.978044509887695
2003-05-28,6.865132808685303
2003-05-29,6.955461025238037
2003-05-30,6.910297393798828
2003-06-02,6.819965839385986
2003-06-03,6.819965839385986
2003-06-04,6.819965839385986
2003-06-05,6.865132808685303
2003-06-06,6.93287992477417
2003-06-09,7.1587066650390625
2003-06-10,7.090959072113037
2003-06-11,7.000628471374512
2003-06-12,7.068375587463379
2003-06-13,6.978044509887695
2003-06-16,7.249035835266113
2003-06-17,7.294201374053955
2003-06-18,7.249035835266113
2003-06-19,7.249035835266113
2003-06-20,7.249035835266113
2003-06-23,7.2264533042907715
2003-06-24,7.474863529205322
2003-06-25,7.72327184677124
2003-06-26,7.655524730682373
2003-06-27,7.72327184677124
2003-06-30,7.700690746307373
2003-07-01,7.72327184677124
2003-07-02,7.678107261657715
2003-07-03,7.72327184677124
2003-07-04,7.768437385559082
2003-07-07,7.926517486572266
2003-07-08,7.926517486572266
2003-07-09,7.768437385559082
2003-07-10,7.700690746307373
2003-07-11,7.745854377746582
2003-07-14,7.791019439697266
2003-07-15,7.700690746307373
2003-07-16,7.700690746307373
2003-07-17,7.745854377746582
2003-07-18,7.745854377746582
2003-07-21,7.72327184677124
2003-07-22,7.72327184677124
2003-07-23,7.745854377746582
2003-07-24,7.768437385559082
2003-07-25,7.858768939971924
2003-07-28,7.971681118011475
2003-07-29,7.700200080871582
2003-07-30,7.6508402824401855
2003-07-31,7.527440071105957
2003-08-01,7.453399181365967
2003-08-04,7.379360675811768
2003-08-05,7.305319786071777
2003-08-06,7.255958080291748
2003-08-07,7.255958080291748
2003-08-08,7.502760887145996
2003-08-11,7.823602676391602
2003-08-12,7.749560356140137
2003-08-13,7.848280906677246
2003-08-14,7.872960567474365
2003-08-15,7.872960567474365
2003-08-18,9.42780876159668
2003-08-19,9.723973274230957
2003-08-20,9.625249862670898
2003-08-21,9.378449440002441
2003-08-22,9.082289695739746
2003-08-25,8.564005851745605
2003-08-26,8.8601655960083
2003-08-27,8.8601655960083
2003-08-28,8.687407493591309
2003-08-29,8.539325714111328
2003-09-01,8.736766815185547
2003-09-02,9.181009292602539
2003-09-03,9.477170944213867
2003-09-04,9.304409980773926
2003-09-05,9.20569133758545
2003-09-08,9.181009292602539
2003-09-09,8.958887100219727
2003-09-10,8.958887100219727
2003-09-11,8.810806274414062
2003-09-12,8.71208667755127
2003-09-15,8.415925979614258
2003-09-16,8.465285301208496
2003-09-17,8.489965438842773
2003-09-18,8.415925979614258
2003-09-19,8.243165016174316
2003-09-22,8.14444351196289
2003-09-23,8.243165016174316
2003-09-24,8.564005851745605
2003-09-25,8.415925979614258
2003-09-26,8.514647483825684
2003-09-29,8.514647483825684
2003-09-30,8.539325714111328
2003-10-01,8.391242980957031
2003-10-02,8.391242980957031
2003-10-03,8.489965438842773
2003-10-06,8.736766815185547
2003-10-07,8.71208667755127
2003-10-08,8.71208667755127
2003-10-09,8.98356819152832
2003-10-10,8.909525871276855
2003-10-13,8.736766815185547
2003-10-14,8.662725448608398
2003-10-15,8.514647483825684
2003-10-16,8.539325714111328
2003-10-17,8.564005851745605
2003-10-20,8.489965438842773
2003-10-21,8.415925979614258
2003-10-22,8.341883659362793
2003-10-23,8.317206382751465
2003-10-24,8.36656665802002
2003-10-27,8.36656665802002
2003-10-28,8.292522430419922
2003-10-29,8.341883659362793
2003-10-30,8.391242980957031
2003-10-31,8.391242980957031
2003-11-03,8.465285301208496
2003-11-04,8.36656665802002
2003-11-05,8.292522430419922
2003-11-06,8.440605163574219
2003-11-07,8.662725448608398
2003-11-10,9.378449440002441
2003-11-11,9.42780876159668
2003-11-12,9.329089164733887
2003-11-13,9.008247375488281
2003-11-14,8.810806274414062
2003-11-17,9.156329154968262
2003-11-18,9.032926559448242
2003-11-19,8.8601655960083
2003-11-20,8.786127090454102
2003-11-21,8.76144790649414
2003-11-24,8.76144790649414
2003-11-25,8.810806274414062
2003-11-26,8.810806274414062
2003-11-27,9.230368614196777
2003-11-28,9.10696792602539
2003-12-01,9.329089164733887
2003-12-02,9.279729843139648
2003-12-03,9.378449440002441
2003-12-04,9.970772743225098
2003-12-05,9.748651504516602
2003-12-08,9.649931907653809
2003-12-09,9.798012733459473
2003-12-10,10.020133018493652
2003-12-11,10.489056587219238
2003-12-12,10.661815643310547
2003-12-15,10.711177825927734
2003-12-16,10.365653038024902
2003-12-17,10.242254257202148
2003-12-18,10.340974807739258
2003-12-19,10.982659339904785
2003-12-22,11.871140480041504
2003-12-23,11.99454116821289
2003-12-24,11.969865798950195
2003-12-25,11.969865798950195
2003-12-26,11.969865798950195
2003-12-29,11.969865798950195
2003-12-30,11.55030345916748
2003-12-31,11.352856636047363
2004-01-01,11.747740745544434
2004-01-02,12.586864471435547
2004-01-05,12.241345405578613
2004-01-06,11.72305965423584
2004-01-07,11.352856636047363
2004-01-08,11.920503616333008
2004-01-09,11.673702239990234
2004-01-12,11.451581001281738
2004-01-13,11.500943183898926
2004-01-14,11.500943183898926
2004-01-15,11.4022216796875
2004-01-16,11.032017707824707
2004-01-19,10.957979202270508
2004-01-20,10.661815643310547
2004-01-21,9.798012733459473
2004-01-22,9.551212310791016
2004-01-23,10.0941743850708
2004-01-26,10.0941743850708
2004-01-27,10.365653038024902
2004-01-28,9.995452880859375
2004-01-29,9.847372055053711
2004-01-30,9.674612045288086
2004-02-02,9.674612045288086
2004-02-03,9.329089164733887
2004-02-04,9.42780876159668
2004-02-05,9.378449440002441
2004-02-06,9.452489852905273
2004-02-09,9.42780876159668
2004-02-10,9.452489852905273
2004-02-11,9.378449440002441
2004-02-12,9.452489852905273
2004-02-13,9.625249862670898
2004-02-16,9.551212310791016
2004-02-17,9.57589054107666
2004-02-18,9.42780876159668
2004-02-19,9.304409980773926
2004-02-20,9.304409980773926
2004-02-23,9.156329154968262
2004-02-24,9.181009292602539
2004-02-25,9.057607650756836
2004-02-26,9.057607650756836
2004-02-27,9.032926559448242
2004-03-01,9.20569133758545
2004-03-02,9.20569133758545
2004-03-03,9.181009292602539
2004-03-04,9.131649017333984
2004-03-05,9.131649017333984
2004-03-08,9.156329154968262
2004-03-09,9.748651504516602
2004-03-10,9.329089164733887
2004-03-11,9.20569133758545
2004-03-12,9.156329154968262
2004-03-15,9.032926559448242
2004-03-16,8.98356819152832
2004-03-17,8.958887100219727
2004-03-18,8.909525871276855
2004-03-19,8.8601655960083
2004-03-22,8.588685035705566
2004-03-23,8.539325714111328
2004-03-24,8.588685035705566
2004-03-25,8.71208667755127
2004-03-26,8.934205055236816
2004-03-29,9.131649017333984
2004-03-30,9.255051612854004
2004-03-31,9.255051612854004
2004-04-01,9.42780876159668
2004-04-02,9.477170944213867
2004-04-05,9.477170944213867
2004-04-06,9.378449440002441
2004-04-07,9.329089164733887
2004-04-08,9.378449440002441
2004-04-09,9.378449440002441
2004-04-12,9.501850128173828
2004-04-13,9.403127670288086
2004-04-14,9.403127670288086
2004-04-15,9.42780876159668
2004-04-16,10.020133018493652
2004-04-19,10.439695358276367
2004-04-20,10.489056587219238
2004-04-21,10.735856056213379
2004-04-22,10.661815643310547
2004-04-23,11.130739212036133
2004-04-27,11.007335662841797
2004-04-28,11.352856636047363
2004-04-29,11.377541542053223
2004-04-30,11.55030345916748
2004-05-03,10.957979202270508
2004-05-04,11.130739212036133
2004-05-05,11.303499221801758
2004-05-06,11.599658966064453
2004-05-07,11.426902770996094
2004-05-10,11.574981689453125
2004-05-11,11.032017707824707
2004-05-12,11.229460716247559
2004-05-13,11.303499221801758
2004-05-14,10.661815643310547
2004-05-17,9.798012733459473
2004-05-18,10.834579467773438
2004-05-19,11.081378936767578
2004-05-20,11.180097579956055
2004-05-21,11.155417442321777
2004-05-24,11.895822525024414
2004-05-25,12.093263626098633
2004-05-26,12.093263626098633
2004-05-27,11.969865798950195
2004-05-28,11.4022216796875
2004-05-31,11.229460716247559
2004-06-01,11.056696891784668
2004-06-02,11.081378936767578
2004-06-03,11.056696891784668
2004-06-04,10.957979202270508
2004-06-07,11.056696891784668
2004-06-08,11.081378936767578
2004-06-09,11.081378936767578
2004-06-10,11.081378936767578
2004-06-11,10.859256744384766
2004-06-14,10.760539054870605
2004-06-15,10.735856056213379
2004-06-16,10.735856056213379
2004-06-17,10.661815643310547
2004-06-18,10.612455368041992
2004-06-21,10.612455368041992
2004-06-22,10.489056587219238
2004-06-23,10.29161548614502
2004-06-24,10.29161548614502
2004-06-25,10.513737678527832
2004-06-28,10.760539054870605
2004-06-29,10.80989933013916
2004-06-30,10.661815643310547
2004-07-01,10.982659339904785
2004-07-02,11.377541542053223
2004-07-05,11.451581001281738
2004-07-06,11.500943183898926
2004-07-07,11.500943183898926
2004-07-08,10.982659339904785
2004-07-09,11.303499221801758
2004-07-12,11.4022216796875
2004-07-13,11.352856636047363
2004-07-14,11.303499221801758
2004-07-15,11.599658966064453
2004-07-16,11.871140480041504
2004-07-19,11.606754302978516
2004-07-20,11.421679496765137
2004-07-21,11.289483070373535
2004-07-22,10.97221565246582
2004-07-23,10.840020179748535
2004-07-26,10.707822799682617
2004-07-27,10.496310234069824
2004-07-28,10.23192310333252
2004-07-29,10.707822799682617
2004-07-30,10.707822799682617
2004-08-02,10.919336318969727
2004-08-03,10.760701179504395
2004-08-04,10.628507614135742
2004-08-05,10.654946327209473
2004-08-06,10.628507614135742
2004-08-09,10.628507614135742
2004-08-10,10.628507614135742
2004-08-11,10.549190521240234
2004-08-12,10.496310234069824
2004-08-13,10.443432807922363
2004-08-16,10.416996955871582
2004-08-17,10.443432807922363
2004-08-18,10.892899513244629
2004-08-19,10.866456031799316
2004-08-20,10.602067947387695
2004-08-23,10.390555381774902
2004-08-24,10.496310234069824
2004-08-25,10.469873428344727
2004-08-26,10.496310234069824
2004-08-27,10.628507614135742
2004-08-30,10.866456031799316
2004-08-31,11.1572847366333
2004-09-01,11.183727264404297
2004-09-02,11.02509593963623
2004-09-03,10.945775985717773
2004-09-06,10.945775985717773
2004-09-07,10.919336318969727
2004-09-08,11.448118209838867
2004-09-09,11.738947868347168
2004-09-10,11.844701766967773
2004-09-13,12.135534286499023
2004-09-14,12.0562162399292
2004-09-15,12.135534286499023
2004-09-16,11.553874969482422
2004-09-17,11.606754302978516
2004-09-20,11.553874969482422
2004-09-21,11.474556922912598
2004-09-22,11.315924644470215
2004-09-23,11.183727264404297
2004-09-24,11.342362403869629
2004-09-27,11.263044357299805
2004-09-28,11.130850791931152
2004-09-29,11.1572847366333
2004-09-30,11.077972412109375
2004-10-01,11.210165023803711
2004-10-04,11.104409217834473
2004-10-05,11.104409217834473
2004-10-06,11.104409217834473
2004-10-07,11.130850791931152
2004-10-08,11.130850791931152
2004-10-11,11.23660659790039
2004-10-12,11.130850791931152
2004-10-14,11.104409217834473
2004-10-15,11.02509593963623
2004-10-18,10.892899513244629
2004-10-19,10.919336318969727
2004-10-20,10.813581466674805
2004-10-21,10.707822799682617
2004-10-22,10.707822799682617
2004-10-25,10.575629234313965
2004-10-26,10.602067947387695
2004-10-27,11.051530838012695
2004-10-28,11.051530838012695
2004-10-29,10.892899513244629
2004-11-01,10.892899513244629
2004-11-02,11.104409217834473
2004-11-03,11.104409217834473
2004-11-04,10.998650550842285
2004-11-05,10.892899513244629
2004-11-08,11.077972412109375
2004-11-09,10.892899513244629
2004-11-10,10.97221565246582
2004-11-11,11.130850791931152
2004-11-12,11.23660659790039
2004-11-15,11.23660659790039
2004-11-16,11.263044357299805
2004-11-17,11.976898193359375
2004-11-18,12.55855941772461
2004-11-19,12.029776573181152
2004-11-22,12.955146789550781
2004-11-23,13.193096160888672
2004-11-24,13.113777160644531
2004-11-25,12.981584548950195
2004-11-26,12.981584548950195
2004-11-29,12.82295036315918
2004-11-30,12.717193603515625
2004-12-01,12.532120704650879
2004-12-02,12.611433982849121
2004-12-03,12.532120704650879
2004-12-06,13.113777160644531
2004-12-07,12.902265548706055
2004-12-08,12.849390029907227
2004-12-09,12.902265548706055
2004-12-10,13.193096160888672
2004-12-13,13.40461254119873
2004-12-14,13.721880912780762
2004-12-15,13.589677810668945
2004-12-16,13.431047439575195
2004-12-17,13.431047439575195
2004-12-20,13.325292587280273
2004-12-21,13.906954765319824
2004-12-22,13.669001579284668
2004-12-23,13.563244819641113
2004-12-24,13.880514144897461
2004-12-27,14.039145469665527
2004-12-28,14.620810508728027
2004-12-29,14.356416702270508
2004-12-30,14.065587043762207
2004-12-31,14.039145469665527
2005-01-03,14.224223136901855
2005-01-04,14.356416702270508
2005-01-05,13.906954765319824
2005-01-06,13.589677810668945
2005-01-07,13.774757385253906
2005-01-10,14.99095344543457
2005-01-11,14.515052795410156
2005-01-12,14.118462562561035
2005-01-13,14.329977035522461
2005-01-14,14.01270866394043
2005-01-17,13.854074478149414
2005-01-18,13.906954765319824
2005-01-19,14.382857322692871
2005-01-20,14.197784423828125
2005-01-24,14.382857322692871
2005-01-25,14.30353832244873
2005-01-27,15.176029205322266
2005-01-28,14.938077926635742
2005-01-31,15.387539863586426
2005-02-01,16.154273986816406
2005-02-02,16.418663024902344
2005-02-03,18.295839309692383
2005-02-04,17.5555477142334
2005-02-07,18.16364288330078
2005-02-08,17.872812271118164
2005-02-09,17.846376419067383
2005-02-10,17.529104232788086
2005-02-11,17.634859085083008
2005-02-14,17.4233455657959
2005-02-15,16.7888126373291
2005-02-16,16.656614303588867
2005-02-17,17.529104232788086
2005-02-18,17.476228713989258
2005-02-21,17.714174270629883
2005-02-22,17.158958435058594
2005-02-23,17.132518768310547
2005-02-24,17.106077194213867
2005-02-25,16.7888126373291
2005-02-28,16.762371063232422
2005-03-01,16.471538543701172
2005-03-02,16.841690063476562
2005-03-03,16.70949363708496
2005-03-04,16.418663024902344
2005-03-07,16.260028839111328
2005-03-08,16.44510269165039
2005-03-09,16.022077560424805
2005-03-10,16.36578369140625
2005-03-11,16.101396560668945
2005-03-14,15.889883041381836
2005-03-15,15.572613716125488
2005-03-16,15.361103057861328
2005-03-17,15.625489234924316
2005-03-18,15.25534439086914
2005-03-21,15.493297576904297
2005-03-22,15.123148918151855
2005-03-23,14.938077926635742
2005-03-24,14.753002166748047
2005-03-28,15.361103057861328
2005-03-29,14.911636352539062
2005-03-30,15.070270538330078
2005-03-31,15.75768756866455
2005-04-01,15.863445281982422
2005-04-04,15.493297576904297
2005-04-05,15.413975715637207
2005-04-06,16.23358917236328
2005-04-07,16.154273986816406
2005-04-08,15.784126281738281
2005-04-11,15.67836856842041
2005-04-12,15.704808235168457
2005-04-13,15.651933670043945
2005-04-15,15.281785011291504
2005-04-18,15.387539863586426
2005-04-19,15.413975715637207
2005-04-20,15.440420150756836
2005-04-21,15.94276237487793
2005-04-22,15.94276237487793
2005-04-25,15.837006568908691
2005-04-26,15.837006568908691
2005-04-27,15.837006568908691
2005-04-28,16.022077560424805
2005-04-29,15.863445281982422
2005-05-02,15.123148918151855
2005-05-03,14.832318305969238
2005-05-04,15.017394065856934
2005-05-05,15.228903770446777
2005-05-06,15.202465057373047
2005-05-09,15.228903770446777
2005-05-10,15.176029205322266
2005-05-11,15.202465057373047
2005-05-12,15.704808235168457
2005-05-13,15.94276237487793
2005-05-16,16.392227172851562
2005-05-17,16.154273986816406
2005-05-18,16.497976303100586
2005-05-19,16.339344024658203
2005-05-20,16.36578369140625
2005-05-23,16.392227172851562
2005-05-24,16.55085563659668
2005-05-25,16.471538543701172
2005-05-26,16.44510269165039
2005-05-27,16.86812973022461
2005-05-30,16.921005249023438
2005-05-31,16.921005249023438
2005-06-01,17.05320167541504
2005-06-02,16.497976303100586
2005-06-03,16.656614303588867
2005-06-06,17.344030380249023
2005-06-07,17.370466232299805
2005-06-08,17.21183204650879
2005-06-09,17.74061393737793
2005-06-10,17.370466232299805
2005-06-13,17.26471710205078
2005-06-14,17.106077194213867
2005-06-15,17.02676010131836
2005-06-16,16.60373878479004
2005-06-17,16.418663024902344
2005-06-20,16.60373878479004
2005-06-21,16.630172729492188
2005-06-22,16.5244197845459
2005-06-23,16.55085563659668
2005-06-24,16.735931396484375
2005-06-27,16.7888126373291
2005-06-28,16.471538543701172
2005-06-29,16.36578369140625
2005-06-30,16.154273986816406
2005-07-01,16.36578369140625
2005-07-04,16.762371063232422
2005-07-05,16.68305015563965
2005-07-06,16.947446823120117
2005-07-07,16.841690063476562
2005-07-08,16.947446823120117
2005-07-11,16.947446823120117
2005-07-12,17.02676010131836
2005-07-13,17.74061393737793
2005-07-14,17.767057418823242
2005-07-15,17.952131271362305
2005-07-18,18.32227897644043
2005-07-19,18.269399642944336
2005-07-20,19.08901023864746
2005-07-21,18.798185348510742
2005-07-22,19.009693145751953
2005-07-25,18.613107681274414
2005-07-26,18.560230255126953
2005-07-27,18.85106086730957
2005-07-28,18.85106086730957
2005-07-29,17.846376419067383
2005-08-01,18.32227897644043
2005-08-02,18.560230255126953
2005-08-03,18.216524124145508
2005-08-04,18.216524124145508
2005-08-05,18.110767364501953
2005-08-08,18.269399642944336
2005-08-09,18.216524124145508
2005-08-10,18.401596069335938
2005-08-11,18.533788681030273
2005-08-12,18.507349014282227
2005-08-16,18.586671829223633
2005-08-17,19.08901023864746
2005-08-18,18.93037223815918
2005-08-19,18.85106086730957
2005-08-22,18.98324966430664
2005-08-23,18.533788681030273
2005-08-24,18.45447540283203
2005-08-25,18.42803192138672
2005-08-26,18.639541625976562
2005-08-29,18.98324966430664
2005-08-30,19.274085998535156
2005-08-31,20.754663467407227
2005-09-01,20.5167179107666
2005-09-02,20.305208206176758
2005-09-05,20.62247657775879
2005-09-06,21.891551971435547
2005-09-08,21.94443130493164
2005-09-09,21.917991638183594
2005-09-12,22.341012954711914
2005-09-13,22.261701583862305
2005-09-14,21.81223487854004
2005-09-15,21.970863342285156
2005-09-16,21.759361267089844
2005-09-19,21.759361267089844
2005-09-20,21.494964599609375
2005-09-21,20.9661865234375
2005-09-22,19.617788314819336
2005-09-23,19.77642822265625
2005-09-26,21.257015228271484
2005-09-27,21.230575561523438
2005-09-28,21.20413589477539
2005-09-29,20.539779663085938
2005-09-30,20.622821807861328
2005-10-03,20.899639129638672
2005-10-04,21.065719604492188
2005-10-05,20.816593170166016
2005-10-06,20.512096405029297
2005-10-07,20.539779663085938
2005-10-10,20.45672607421875
2005-10-11,20.484413146972656
2005-10-13,20.26296043395996
2005-10-14,19.76468849182129
2005-10-17,19.460193634033203
2005-10-18,19.5709228515625
2005-10-19,18.851194381713867
2005-10-20,18.186832427978516
2005-10-21,18.851194381713867
2005-10-24,18.795833587646484
2005-10-25,18.989606857299805
2005-10-26,18.795833587646484
2005-10-27,18.574377059936523
2005-10-28,18.21451759338379
2005-10-31,18.87887954711914
2005-11-02,18.93424415588379
2005-11-04,18.93424415588379
2005-11-07,19.2110595703125
2005-11-08,19.404829025268555
2005-11-09,19.37714958190918
2005-11-10,19.543237686157227
2005-11-11,19.79237174987793
2005-11-14,19.79237174987793
2005-11-16,19.903099060058594
2005-11-17,20.42905044555664
2005-11-18,20.179914474487305
2005-11-21,19.709327697753906
2005-11-22,19.958457946777344
2005-11-23,20.124553680419922
2005-11-24,20.373682022094727
2005-11-25,21.121089935302734
2005-11-28,21.010366439819336
2005-11-29,21.121089935302734
2005-11-30,21.259498596191406
2005-12-01,21.287179946899414
2005-12-02,22.36676597595215
2005-12-05,22.33907699584961
2005-12-06,22.33907699584961
2005-12-07,22.283716201782227
2005-12-08,22.33907699584961
2005-12-09,22.034584045410156
2005-12-12,21.75776481628418
2005-12-13,21.53632164001465
2005-12-14,21.5916805267334
2005-12-15,21.259498596191406
2005-12-16,21.31486701965332
2005-12-19,21.31486701965332
2005-12-20,20.899639129638672
2005-12-21,21.09341049194336
2005-12-22,20.98268699645996
2005-12-23,20.761228561401367
2005-12-26,20.346004486083984
2005-12-27,20.78891372680664
2005-12-28,20.955001831054688
2005-12-29,21.425594329833984
2005-12-30,21.5916805267334
2006-01-02,23.252574920654297
2006-01-03,22.809661865234375
2006-01-04,22.671260833740234
2006-01-05,22.72662925720215
2006-01-06,22.532852172851562
2006-01-09,22.920400619506836
2006-01-10,22.36676597595215
2006-01-12,22.3114013671875
2006-01-13,22.089950561523438
2006-01-16,21.425594329833984
2006-01-17,20.761228561401367
2006-01-18,20.816593170166016
2006-01-19,21.31486701965332
2006-01-20,21.397911071777344
2006-01-23,21.121089935302734
2006-01-24,21.2318115234375
2006-01-25,20.78891372680664
2006-01-27,21.121089935302734
2006-01-30,20.955001831054688
2006-01-31,21.03804588317871
2006-02-01,20.761228561401367
2006-02-02,20.539779663085938
2006-02-03,20.539779663085938
2006-02-06,21.03804588317871
2006-02-07,21.923860549926758
2006-02-08,21.5916805267334
2006-02-10,21.84081268310547
2006-02-13,22.532852172851562
2006-02-14,23.390979766845703
2006-02-15,23.28025245666504
2006-02-16,24.027667999267578
2006-02-17,24.304479598999023
2006-02-20,23.91693878173828
2006-02-21,24.055347442626953
2006-02-22,24.442886352539062
2006-02-23,24.858112335205078
2006-02-24,25.051889419555664
2006-02-27,25.02420425415039
2006-02-28,23.16952896118164
2006-03-01,22.97575569152832
2006-03-02,22.477489471435547
2006-03-03,22.172992706298828
2006-03-06,22.3114013671875
2006-03-07,22.61589813232422
2006-03-08,22.089950561523438
2006-03-09,21.923860549926758
2006-03-10,22.809661865234375
2006-03-13,22.477489471435547
2006-03-14,22.33907699584961
2006-03-16,22.172992706298828
2006-03-17,22.089950561523438
2006-03-20,22.145309448242188
2006-03-21,21.951547622680664
2006-03-22,22.36676597595215
2006-03-23,21.951547622680664
2006-03-24,21.979217529296875
2006-03-27,21.397911071777344
2006-03-28,21.03804588317871
2006-03-29,21.204139709472656
2006-03-30,21.09341049194336
2006-03-31,21.619356155395508
2006-04-03,22.117631912231445
2006-04-04,21.979217529296875
2006-04-05,22.72662925720215
2006-04-07,22.200674057006836
2006-04-10,22.643579483032227
2006-04-12,22.200674057006836
2006-04-13,21.619356155395508
2006-04-17,21.619356155395508
2006-04-18,22.33907699584961
2006-04-19,21.979217529296875
2006-04-20,21.923860549926758
2006-04-21,21.75776481628418
2006-04-24,21.84081268310547
2006-04-25,21.674724578857422
2006-04-26,22.089950561523438
2006-04-27,22.25603675842285
2006-04-28,22.892711639404297
2006-05-02,23.197214126586914
2006-05-03,23.667797088623047
2006-05-04,23.474031448364258
2006-05-05,23.252574920654297
2006-05-08,24.359848022460938
2006-05-09,24.193756103515625
2006-05-10,24.359848022460938
2006-05-11,24.996519088745117
2006-05-12,25.245649337768555
2006-05-15,22.560531616210938
2006-05-16,22.50517463684082
2006-05-17,23.33562469482422
2006-05-18,21.204139709472656
2006-05-19,20.235273361206055
2006-05-22,19.100332260131836
2006-05-23,19.51555824279785
2006-05-24,20.041505813598633
2006-05-25,19.598604202270508
2006-05-26,20.67818260192871
2006-05-29,20.955001831054688
2006-05-30,21.176450729370117
2006-05-31,20.595144271850586
2006-06-01,20.179914474487305
2006-06-02,20.1522274017334
2006-06-05,19.79237174987793
2006-06-06,18.574377059936523
2006-06-07,17.05189323425293
2006-06-08,15.7508544921875
2006-06-09,16.99652862548828
2006-06-12,16.858118057250977
2006-06-13,16.027667999267578
2006-06-14,15.72317123413086
2006-06-15,16.885799407958984
2006-06-16,17.384069442749023
2006-06-19,17.74393081665039
2006-06-20,17.605520248413086
2006-06-21,18.103792190551758
2006-06-22,18.463653564453125
2006-06-23,18.60206413269043
2006-06-26,18.076114654541016
2006-06-27,17.96538543701172
2006-06-28,18.131473541259766
2006-06-29,18.15915870666504
2006-06-30,18.463653564453125
2006-07-03,18.712785720825195
2006-07-04,18.740467071533203
2006-07-05,18.93424415588379
2006-07-06,19.044967651367188
2006-07-07,18.740467071533203
2006-07-10,18.740467071533203
2006-07-11,18.906564712524414
2006-07-12,18.851194381713867
2006-07-13,18.961925506591797
2006-07-14,18.989606857299805
2006-07-17,18.08394432067871
2006-07-18,17.295146942138672
2006-07-19,16.973779678344727
2006-07-20,17.35357666015625
2006-07-21,16.973779678344727
2006-07-24,16.886138916015625
2006-07-25,17.967086791992188
2006-07-26,18.113162994384766
2006-07-27,18.230016708374023
2006-07-28,18.376094818115234
2006-07-31,18.843524932861328
2006-08-01,18.668245315551758
2006-08-02,19.45703887939453
2006-08-03,19.573898315429688
2006-08-04,19.369394302368164
2006-08-07,19.895267486572266
2006-08-08,19.895267486572266
2006-08-09,19.836833953857422
2006-08-10,19.92447853088379
2006-08-11,20.099761962890625
2006-08-14,20.391916275024414
2006-08-16,20.391916275024414
2006-08-17,20.21662139892578
2006-08-18,19.982908248901367
2006-08-21,20.684062957763672
2006-08-22,20.800918579101562
2006-08-23,20.85934829711914
2006-08-24,21.209928512573242
2006-08-25,21.8526554107666
2006-08-28,21.502073287963867
2006-08-29,21.268352508544922
2006-08-30,21.005422592163086
2006-08-31,20.71327781677246
2006-09-01,21.093067169189453
2006-09-04,21.2391414642334
2006-09-05,21.268352508544922
2006-09-06,21.58971405029297
2006-09-07,21.297569274902344
2006-09-08,21.998727798461914
2006-09-11,21.06385040283203
2006-09-12,20.976205825805664
2006-09-13,21.18071174621582
2006-09-14,21.18071174621582
2006-09-15,20.94699478149414
2006-09-18,20.976205825805664
2006-09-19,20.654848098754883
2006-09-20,20.771709442138672
2006-09-21,21.18071174621582
2006-09-22,21.034639358520508
2006-09-25,20.71327781677246
2006-09-26,20.567203521728516
2006-09-27,20.596420288085938
2006-09-28,21.151500701904297
2006-09-29,21.356000900268555
2006-10-03,21.297569274902344
2006-10-04,20.917781829833984
2006-10-05,21.18071174621582
2006-10-06,22.40772819519043
2006-10-09,22.232440948486328
2006-10-10,22.290874481201172
2006-10-11,22.320093154907227
2006-10-12,22.52458953857422
2006-10-13,22.320093154907227
2006-10-16,22.08637046813965
2006-10-17,21.91108512878418
2006-10-18,21.677364349365234
2006-10-19,21.58971405029297
2006-10-20,21.58971405029297
2006-10-23,22.845951080322266
2006-10-26,22.40772819519043
2006-10-27,22.232440948486328
2006-10-30,21.297569274902344
2006-10-31,20.71327781677246
2006-11-01,20.83013343811035
2006-11-02,20.888568878173828
2006-11-03,20.888568878173828
2006-11-06,20.742494583129883
2006-11-07,21.2391414642334
2006-11-08,20.71327781677246
2006-11-09,20.654848098754883
2006-11-10,20.596420288085938
2006-11-13,20.596420288085938
2006-11-14,20.42112922668457
2006-11-15,20.362701416015625
2006-11-16,19.982908248901367
2006-11-17,19.92447853088379
2006-11-20,19.690759658813477
2006-11-21,20.070552825927734
2006-11-22,19.92447853088379
2006-11-23,20.42112922668457
2006-11-24,20.625635147094727
2006-11-27,20.83013343811035
2006-11-28,20.83013343811035
2006-11-29,20.94699478149414
2006-11-30,20.771709442138672
2006-12-01,20.94699478149414
2006-12-04,21.034639358520508
2006-12-05,21.706573486328125
2006-12-06,21.18071174621582
2006-12-07,21.18071174621582
2006-12-08,21.47286033630371
2006-12-11,21.06385040283203
2006-12-12,20.245838165283203
2006-12-13,20.42112922668457
2006-12-14,21.005422592163086
2006-12-15,20.85934829711914
2006-12-18,21.735795974731445
2006-12-19,21.648151397705078
2006-12-20,21.648151397705078
2006-12-21,21.093067169189453
2006-12-22,21.151500701904297
2006-12-26,21.151500701904297
2006-12-27,21.443639755249023
2006-12-28,21.06385040283203
2006-12-29,21.47286033630371
2007-01-02,21.96950912475586
2007-01-03,22.261659622192383
2007-01-04,22.320093154907227
2007-01-05,22.115585327148438
2007-01-08,21.998727798461914
2007-01-09,21.4144287109375
2007-01-10,21.385211944580078
2007-01-11,21.998727798461914
2007-01-12,22.758312225341797
2007-01-15,22.729103088378906
2007-01-16,22.729103088378906
2007-01-17,22.992029190063477
2007-01-18,21.998727798461914
2007-01-19,22.320093154907227
2007-01-22,21.96950912475586
2007-01-23,21.881866455078125
2007-01-24,21.8526554107666
2007-01-25,21.91108512878418
2007-01-29,22.583023071289062
2007-01-31,22.232440948486328
2007-02-01,22.729103088378906
2007-02-02,22.55380630493164
2007-02-05,22.37851905822754
2007-02-06,22.758312225341797
2007-02-07,22.261659622192383
2007-02-08,21.735795974731445
2007-02-09,21.531291961669922
2007-02-12,20.625635147094727
2007-02-13,20.42112922668457
2007-02-14,20.479557037353516
2007-02-15,21.005422592163086
2007-02-19,21.2391414642334
2007-02-20,20.888568878173828
2007-02-21,20.83013343811035
2007-02-22,20.45034408569336
2007-02-23,20.1581974029541
2007-02-26,20.42112922668457
2007-02-27,20.83013343811035
2007-02-28,20.30427360534668
2007-03-01,20.12898063659668
2007-03-02,19.661542892456055
2007-03-05,18.142372131347656
2007-03-06,18.405309677124023
2007-03-07,18.668245315551758
2007-03-08,19.573898315429688
2007-03-09,19.281753540039062
2007-03-12,18.989606857299805
2007-03-13,18.989606857299805
2007-03-14,18.259235382080078
2007-03-15,18.288448333740234
2007-03-16,18.08394432067871
2007-03-19,18.200801849365234
2007-03-20,18.259235382080078
2007-03-21,18.31766128540039
2007-03-22,18.60981559753418
2007-03-23,18.492950439453125
2007-03-26,18.113162994384766
2007-03-28,18.08394432067871
2007-03-29,18.113162994384766
2007-03-30,18.288448333740234
2007-04-02,17.996299743652344
2007-04-03,18.113162994384766
2007-04-04,18.346878051757812
2007-04-05,18.405309677124023
2007-04-09,18.639026641845703
2007-04-10,18.81431770324707
2007-04-11,18.901960372924805
2007-04-12,18.755887985229492
2007-04-13,18.843524932861328
2007-04-16,19.31096839904785
2007-04-17,19.19410514831543
2007-04-18,19.223323822021484
2007-04-19,19.077251434326172
2007-04-20,19.31096839904785
2007-04-23,19.223323822021484
2007-04-24,19.223323822021484
2007-04-25,20.12898063659668
2007-04-26,19.866044998168945
2007-04-27,19.573898315429688
2007-04-30,19.92447853088379
2007-05-03,20.742494583129883
2007-05-04,21.297569274902344
2007-05-07,20.53799057006836
2007-05-08,20.041339874267578
2007-05-09,20.099761962890625
2007-05-10,19.895267486572266
2007-05-11,19.749187469482422
2007-05-14,19.836833953857422
2007-05-15,19.866044998168945
2007-05-16,19.836833953857422
2007-05-17,19.807615280151367
2007-05-18,19.60311508178711
2007-05-21,19.719974517822266
2007-05-22,19.953693389892578
2007-05-23,19.719974517822266
2007-05-24,19.690759658813477
2007-05-25,19.836833953857422
2007-05-28,19.895267486572266
2007-05-29,20.01212501525879
2007-05-30,20.01212501525879
2007-05-31,19.866044998168945
2007-06-01,20.362701416015625
2007-06-04,20.508771896362305
2007-06-05,20.654848098754883
2007-06-06,20.1581974029541
2007-06-07,20.01212501525879
2007-06-08,19.866044998168945
2007-06-11,19.719974517822266
2007-06-12,19.515474319458008
2007-06-13,19.778404235839844
2007-06-14,20.041339874267578
2007-06-15,20.041339874267578
2007-06-18,19.778404235839844
2007-06-19,19.92447853088379
2007-06-20,19.982908248901367
2007-06-21,19.953693389892578
2007-06-22,19.982908248901367
2007-06-25,20.275056838989258
2007-06-26,20.362701416015625
2007-06-27,20.30427360534668
2007-06-28,20.275056838989258
2007-06-29,21.356000900268555
2007-07-02,20.94699478149414
2007-07-03,21.297569274902344
2007-07-04,21.151500701904297
2007-07-05,20.976205825805664
2007-07-06,20.888568878173828
2007-07-09,21.122285842895508
2007-07-10,21.18071174621582
2007-07-11,21.443639755249023
2007-07-12,21.58971405029297
2007-07-13,21.560504913330078
2007-07-16,22.08262062072754
2007-07-17,22.205480575561523
2007-07-18,21.929058074951172
2007-07-19,22.08262062072754
2007-07-20,21.990489959716797
2007-07-23,21.898347854614258
2007-07-24,22.021198272705078
2007-07-25,21.80620574951172
2007-07-26,22.266902923583984
2007-07-27,21.560504913330078
2007-07-30,21.284090042114258
2007-07-31,21.499082565307617
2007-08-01,20.792678833007812
2007-08-02,20.393413543701172
2007-08-03,20.608402252197266
2007-08-06,20.393413543701172
2007-08-07,20.424123764038086
2007-08-08,20.823394775390625
2007-08-09,20.454833984375
2007-08-10,20.608402252197266
2007-08-13,20.73125457763672
2007-08-14,22.08262062072754
2007-08-16,21.621931076049805
2007-08-17,22.973304748535156
2007-08-20,27.580249786376953
2007-08-21,26.351736068725586
2007-08-22,30.436552047729492
2007-08-23,27.7645263671875
2007-08-24,28.80876922607422
2007-08-27,29.177316665649414
2007-08-28,28.870197296142578
2007-08-29,29.6072998046875
2007-08-30,28.778057098388672
2007-08-31,30.590116500854492
2007-09-03,30.805110931396484
2007-09-04,31.23508644104004
2007-09-05,30.712966918945312
2007-09-06,30.40584373474121
2007-09-07,30.436552047729492
2007-09-10,30.712966918945312
2007-09-11,30.65154266357422
2007-09-12,32.21791076660156
2007-09-13,32.125755310058594
2007-09-14,30.620824813842773
2007-09-17,30.55940055847168
2007-09-18,30.774389266967773
2007-09-19,30.958677291870117
2007-09-20,31.23508644104004
2007-09-21,33.07787322998047
2007-09-24,33.78427505493164
2007-09-25,35.10493087768555
2007-09-26,35.565616607666016
2007-09-27,33.6921272277832
2007-09-28,35.78060531616211
2007-10-01,35.8420295715332
2007-10-03,34.613521575927734
2007-10-04,35.5349006652832
2007-10-05,34.52138137817383
2007-10-08,29.88371467590332
2007-10-09,31.849349975585938
2007-10-10,31.450088500976562
2007-10-11,32.7707405090332
2007-10-12,31.327232360839844
2007-10-15,32.03363037109375
2007-10-16,31.20437240600586
2007-10-17,29.26946449279785
2007-10-18,27.887372970581055
2007-10-19,25.706754684448242
2007-10-22,26.013885498046875
2007-10-23,27.6109619140625
2007-10-24,27.580249786376953
2007-10-25,27.3038330078125
2007-10-26,28.071651458740234
2007-10-29,28.409500122070312
2007-10-30,29.392309188842773
2007-10-31,30.682254791259766
2007-11-01,29.23874855041504
2007-11-02,29.515167236328125
2007-11-05,29.914424896240234
2007-11-06,30.65154266357422
2007-11-07,30.25226593017578
2007-11-08,29.545873641967773
2007-11-12,28.870197296142578
2007-11-13,32.31004333496094
2007-11-14,33.63070297241211
2007-11-15,34.79780197143555
2007-11-16,46.9908447265625
2007-11-19,44.16524124145508
2007-11-20,45.94660949707031
2007-11-21,39.55830383300781
2007-11-22,37.899810791015625
2007-11-23,39.4661750793457
2007-11-26,38.17622375488281
2007-11-27,38.54478073120117
2007-11-28,37.96123504638672
2007-11-29,36.79414367675781
2007-11-30,38.48334503173828
2007-12-03,42.96744918823242
2007-12-04,50.73782730102539
2007-12-05,49.11003875732422
2007-12-06,54.8226432800293
2007-12-07,52.457763671875
2007-12-10,55.006935119628906
2007-12-11,53.10271453857422
2007-12-12,53.471282958984375
2007-12-13,52.58061218261719
2007-12-14,52.73417282104492
2007-12-17,48.465065002441406
2007-12-18,50.614959716796875
2007-12-19,49.294315338134766
2007-12-20,50.67640686035156
2007-12-24,51.2906608581543
2007-12-26,52.857025146484375
2007-12-27,51.38280487060547
2007-12-28,53.194862365722656
2007-12-31,52.76487731933594
2008-01-01,52.73417282104492
2008-01-02,56.32758712768555
2008-01-03,55.191219329833984
2008-01-04,53.44056701660156
2008-01-07,52.70347213745117
2008-01-08,50.03141403198242
2008-01-09,49.47859191894531
2008-01-10,47.451534271240234
2008-01-11,47.758670806884766
2008-01-14,49.26359558105469
2008-01-15,49.69357681274414
2008-01-16,47.97365188598633
2008-01-17,47.69724655151367
2008-01-18,40.111141204833984
2008-01-21,30.09871482849121
2008-01-22,23.648990631103516
2008-01-23,28.440204620361328
2008-01-24,26.5360107421875
2008-01-25,32.15648651123047
2008-01-28,31.265806198120117
2008-01-29,31.020097732543945
2008-01-30,29.484445571899414
2008-01-31,28.34807586669922
2008-02-01,30.805110931396484
2008-02-04,32.00292205810547
2008-02-05,34.06068801879883
2008-02-06,37.070552825927734
2008-02-07,35.35063171386719
2008-02-08,33.722843170166016
2008-02-11,32.125755310058594
2008-02-12,31.480796813964844
2008-02-13,32.31004333496094
2008-02-14,35.74989318847656
2008-02-15,35.93417739868164
2008-02-18,37.684818267822266
2008-02-19,36.48699951171875
2008-02-20,36.855567932128906
2008-02-21,37.34697341918945
2008-02-22,37.316261291503906
2008-02-25,37.56196212768555
2008-02-26,37.96123504638672
2008-02-27,37.86909103393555
2008-02-28,39.68115997314453
2008-02-29,35.96489334106445
2008-03-03,33.1392936706543
2008-03-04,32.7707405090332
2008-03-05,31.23508644104004
2008-03-07,27.82594871520996
2008-03-10,28.255929946899414
2008-03-11,31.634361267089844
2008-03-12,33.59999465942383
2008-03-13,30.12942123413086
2008-03-14,32.279327392578125
2008-03-17,29.97586441040039
2008-03-18,29.26946449279785
2008-03-19,27.733810424804688
2008-03-24,26.935274124145508
2008-03-25,30.989383697509766
2008-03-26,29.791576385498047
2008-03-27,30.3751220703125
2008-03-28,32.125755310058594
2008-03-31,30.65154266357422
2008-04-01,30.743684768676758
2008-04-02,30.160140991210938
2008-04-03,30.866539001464844
2008-04-04,29.545873641967773
2008-04-07,31.11223602294922
2008-04-08,30.52869415283203
2008-04-09,30.805110931396484
2008-04-10,30.897245407104492
2008-04-11,30.712966918945312
2008-04-15,31.972206115722656
2008-04-16,34.98207092285156
2008-04-17,42.998165130615234
2008-04-21,43.36671829223633
2008-04-22,44.16524124145508
2008-04-23,42.168907165527344
2008-04-24,40.84824752807617
2008-04-25,44.25739669799805
2008-04-28,45.793033599853516
2008-04-29,45.17878341674805
2008-04-30,42.01534652709961
2008-05-02,43.305294036865234
2008-05-05,44.44166946411133
2008-05-06,43.88883590698242
2008-05-07,43.2131462097168
2008-05-08,41.70821762084961
2008-05-09,39.834720611572266
2008-05-12,42.875308990478516
2008-05-13,41.585357666015625
2008-05-14,44.0731086730957
2008-05-15,44.81023025512695
2008-05-16,48.6186408996582
2008-05-20,47.54368591308594
2008-05-21,50.614959716796875
2008-05-22,48.065799713134766
2008-05-23,46.49943923950195
2008-05-26,43.91954803466797
2008-05-27,46.77585983276367
2008-05-28,54.3619499206543
2008-05-29,53.25629806518555
2008-05-30,51.474937438964844
2008-06-02,51.22923278808594
2008-06-03,51.2906608581543
2008-06-04,48.495784759521484
2008-06-05,50.79924774169922
2008-06-06,49.662864685058594
2008-06-09,45.793033599853516
2008-06-10,47.91223907470703
2008-06-11,48.89504623413086
2008-06-12,51.106380462646484
2008-06-13,56.02044677734375
2008-06-16,55.713321685791016
2008-06-17,56.17403030395508
2008-06-18,53.65555953979492
2008-06-19,52.91844940185547
2008-06-20,49.41716384887695
2008-06-23,47.54368591308594
2008-06-24,45.94660949707031
2008-06-25,46.77585983276367
2008-06-26,49.81644058227539
2008-06-27,45.94660949707031
2008-06-30,41.37036895751953
2008-07-01,35.47347640991211
2008-07-02,38.63691711425781
2008-07-03,36.48699951171875
2008-07-04,39.40474319458008
2008-07-07,39.37403106689453
2008-07-08,41.12466812133789
2008-07-09,42.69103240966797
2008-07-10,42.81388473510742
2008-07-11,41.093955993652344
2008-07-14,40.66396713256836
2008-07-15,36.64057159423828
2008-07-16,35.074214935302734
2008-07-17,35.10493087768555
2008-07-18,36.855567932128906
2008-07-21,36.364158630371094
2008-07-22,37.43911361694336
2008-07-23,41.86177444458008
2008-07-24,42.8445930480957
2008-07-25,43.91954803466797
2008-07-28,45.11735534667969
2008-07-29,43.550994873046875
2008-07-30,46.67078399658203
2008-07-31,47.80524444580078
2008-08-01,51.5552978515625
2008-08-04,51.99647521972656
2008-08-05,51.964969635009766
2008-08-06,49.50694274902344
2008-08-07,49.94813919067383
2008-08-08,51.397743225097656
2008-08-11,52.05950164794922
2008-08-12,54.202396392822266
2008-08-13,52.24858474731445
2008-08-14,49.72755432128906
2008-08-18,48.75064468383789
2008-08-19,50.01115798950195
2008-08-20,52.02799987792969
2008-08-21,49.916622161865234
2008-08-22,49.60149383544922
2008-08-25,49.03425979614258
2008-08-26,49.412410736083984
2008-08-27,45.78841781616211
2008-08-28,43.929141998291016
2008-08-29,46.0720329284668
2008-09-01,45.63085174560547
2008-09-02,47.7107048034668
2008-09-04,46.79682922363281
2008-09-05,46.0405387878418
2008-09-08,46.38716125488281
2008-09-09,46.0720329284668
2008-09-10,45.75690460205078
2008-09-11,45.09513473510742
2008-09-12,41.69172286987305
2008-09-15,37.31140899658203
2008-09-16,38.666465759277344
2008-09-17,38.067726135253906
2008-09-18,39.26522445678711
2008-09-19,39.990020751953125
2008-09-22,38.82404708862305
2008-09-23,37.374446868896484
2008-09-24,39.51732635498047
2008-09-25,39.01312255859375
2008-09-26,36.23997497558594
2008-09-29,32.332359313964844
2008-09-30,34.443729400634766
2008-10-01,34.69584274291992
2008-10-03,31.796628952026367
2008-10-06,26.849088668823242
2008-10-07,26.155805587768555
2008-10-08,24.20199966430664
2008-10-10,20.325895309448242
2008-10-13,25.14739227294922
2008-10-14,26.565475463867188
2008-10-15,24.895286560058594
2008-10-16,28.67684555053711
2008-10-17,25.336471557617188
2008-10-20,25.58856964111328
2008-10-21,28.204153060913086
2008-10-22,28.172636032104492
2008-10-23,27.542381286621094
2008-10-24,25.494035720825195
2008-10-27,27.258760452270508
2008-10-29,28.015077590942383
2008-10-31,28.393234252929688
2008-11-03,32.111778259277344
2008-11-04,32.899593353271484
2008-11-05,30.220983505249023
2008-11-06,27.57389259338379
2008-11-07,28.802898406982422
2008-11-10,31.922687530517578
2008-11-11,28.456253051757812
2008-11-12,27.63691520690918
2008-11-14,26.596994400024414
2008-11-17,23.634767532348633
2008-11-18,22.689373016357422
2008-11-19,21.71247100830078
2008-11-20,20.105302810668945
2008-11-21,20.105302810668945
2008-11-24,20.294384002685547
2008-11-25,21.17675018310547
2008-11-26,21.239776611328125
2008-11-27,21.239776611328125
2008-11-28,21.586416244506836
2008-12-01,21.428857803344727
2008-12-02,20.578004837036133
2008-12-03,21.239776611328125
2008-12-04,22.4057559967041
2008-12-05,22.909961700439453
2008-12-08,22.87845230102539
2008-12-10,23.382658004760742
2008-12-11,23.79232406616211
2008-12-12,24.895286560058594
2008-12-15,25.304960250854492
2008-12-16,26.187320709228516
2008-12-17,24.328044891357422
2008-12-18,25.651592254638672
2008-12-19,25.746143341064453
2008-12-22,24.98982048034668
2008-12-23,23.949893951416016
2008-12-24,22.689373016357422
2008-12-26,22.18516731262207
2008-12-29,22.437271118164062
2008-12-30,23.06753158569336
2008-12-31,23.477205276489258
2009-01-02,25.93521499633789
2009-01-05,25.93521499633789
2009-01-06,25.99823760986328
2009-01-07,22.815425872802734
2009-01-09,22.46878433227539
2009-01-12,22.12213897705078
2009-01-13,21.586416244506836
2009-01-14,23.91838264465332
2009-01-15,24.23351287841797
2009-01-16,24.580154418945312
2009-01-19,24.895286560058594
2009-01-20,24.611665725708008
2009-01-21,23.634767532348633
2009-01-22,23.603246688842773
2009-01-23,23.004505157470703
2009-01-27,23.477205276489258
2009-01-28,23.88686752319336
2009-01-29,23.256614685058594
2009-01-30,24.296541213989258
2009-02-02,24.674701690673828
2009-02-03,24.391082763671875
2009-02-04,24.422590255737305
2009-02-05,24.012916564941406
2009-02-06,25.08436393737793
2009-02-09,25.557052612304688
2009-02-10,25.714622497558594
2009-02-11,26.502450942993164
2009-02-12,26.565475463867188
2009-02-13,26.502450942993164
2009-02-16,24.76923370361328
2009-02-17,23.697792053222656
2009-02-18,23.88686752319336
2009-02-19,23.66627311706543
2009-02-20,23.130550384521484
2009-02-24,22.84693717956543
2009-02-25,22.84693717956543
2009-02-26,23.06753158569336
2009-02-27,22.72088623046875
2009-03-02,22.18516731262207
2009-03-03,22.059110641479492
2009-03-04,22.279706954956055
2009-03-05,21.996091842651367
2009-03-06,21.680959701538086
2009-03-09,21.901546478271484
2009-03-12,22.059110641479492
2009-03-13,22.689373016357422
2009-03-16,23.130550384521484
2009-03-17,23.57174301147461
2009-03-18,24.23351287841797
2009-03-19,24.35956382751465
2009-03-20,24.265026092529297
2009-03-23,24.737716674804688
2009-03-24,24.012916564941406
2009-03-25,24.706205368041992
2009-03-26,24.674701690673828
2009-03-27,25.367977142333984
2009-03-30,26.75455093383789
2009-03-31,26.376394271850586
2009-04-01,26.72304344177246
2009-04-02,27.63691520690918
2009-04-06,29.43316078186035
2009-04-08,29.87434196472168
2009-04-09,29.307104110717773
2009-04-13,29.937368392944336
2009-04-15,30.25249671936035
2009-04-16,28.07809829711914
2009-04-17,28.235668182373047
2009-04-20,28.645336151123047
2009-04-21,29.811315536499023
2009-04-22,29.338623046875
2009-04-23,29.307104110717773
2009-04-24,30.347042083740234
2009-04-27,28.582311630249023
2009-04-28,26.975143432617188
2009-04-29,27.76297378540039
2009-04-30,27.85750961303711
2009-05-04,28.582311630249023
2009-05-05,30.031906127929688
2009-05-06,29.779804229736328
2009-05-07,30.75670623779297
2009-05-08,30.284008026123047
2009-05-11,29.023496627807617
2009-05-12,30.000389099121094
2009-05-13,29.464677810668945
2009-05-14,30.094926834106445
2009-05-15,30.157960891723633
2009-05-18,34.16011428833008
2009-05-19,34.16011428833008
2009-05-20,38.22528076171875
2009-05-21,37.18536376953125
2009-05-22,39.737918853759766
2009-05-25,40.588768005371094
2009-05-26,39.10765838623047
2009-05-27,40.02152633666992
2009-05-28,39.48582077026367
2009-05-29,40.17910385131836
2009-06-01,42.95224380493164
2009-06-02,43.83460998535156
2009-06-03,42.889225006103516
2009-06-04,44.90605926513672
2009-06-05,43.17283248901367
2009-06-08,39.76942825317383
2009-06-09,42.85771560668945
2009-06-10,42.85771560668945
2009-06-11,45.2211799621582
2009-06-12,43.046791076660156
2009-06-15,44.74848175048828
2009-06-16,44.118221282958984
2009-06-17,41.3450813293457
2009-06-18,38.634952545166016
2009-06-19,39.45429611206055
2009-06-22,39.170677185058594
2009-06-23,40.11607360839844
2009-06-24,40.7778434753418
2009-06-25,39.89548110961914
2009-06-26,40.998443603515625
2009-06-29,42.006858825683594
2009-06-30,42.25895690917969
2009-07-01,41.565673828125
2009-07-02,41.376590728759766
2009-07-03,44.71697998046875
2009-07-06,40.809356689453125
2009-07-07,37.97319030761719
2009-07-08,34.75886535644531
2009-07-09,33.655906677246094
2009-07-10,31.54452896118164
2009-07-13,31.51302146911621
2009-07-14,33.466827392578125
2009-07-15,34.380706787109375
2009-07-16,35.20003128051758
2009-07-17,36.01937484741211
2009-07-20,36.208457946777344
2009-07-21,35.98786926269531
2009-07-22,34.56977462768555
2009-07-23,34.69584274291992
2009-07-24,35.73576354980469
2009-07-27,35.89332580566406
2009-07-28,36.90174865722656
2009-07-29,36.39753341674805
2009-07-30,36.58660888671875
2009-07-31,36.84678649902344
2009-08-03,37.43217468261719
2009-08-04,36.619136810302734
2009-08-05,37.30209732055664
2009-08-06,36.03374481201172
2009-08-07,34.375160217285156
2009-08-10,31.968568801879883
2009-08-11,32.293785095214844
2009-08-12,31.44822883605957
2009-08-13,33.236900329589844
2009-08-14,33.6596794128418
2009-08-17,32.42387771606445
2009-08-18,32.684043884277344
2009-08-19,31.773447036743164
2009-08-20,30.960399627685547
2009-08-21,31.51326560974121
2009-08-24,32.03361892700195
2009-08-25,32.553955078125
2009-08-26,32.65152359008789
2009-08-27,34.70036697387695
2009-08-28,34.34263229370117
2009-08-31,34.53776168823242
2009-09-01,33.49707794189453
2009-09-02,33.432037353515625
2009-09-03,34.92802429199219
2009-09-04,35.61096954345703
2009-09-07,36.45653533935547
2009-09-08,36.16383743286133
2009-09-09,35.15566635131836
2009-09-10,35.31829071044922
2009-09-11,34.0499382019043
2009-09-14,34.63532638549805
2009-09-15,35.12315368652344
2009-09-16,35.35079574584961
2009-09-17,35.70853042602539
2009-09-18,35.578453063964844
2009-09-22,35.51340866088867
2009-09-23,34.667850494384766
2009-09-24,34.31011962890625
2009-09-25,36.42401123046875
2009-09-29,36.97687530517578
2009-09-30,36.29391860961914
2009-10-01,36.16383743286133
2009-10-05,34.667850494384766
2009-10-06,34.01741409301758
2009-10-07,34.27759552001953
2009-10-08,34.667850494384766
2009-10-09,33.98489761352539
2009-10-12,34.53776168823242
2009-10-13,34.667850494384766
2009-10-14,35.48088836669922
2009-10-15,35.12315368652344
2009-10-16,36.358970642089844
2009-10-20,36.48904800415039
2009-10-21,35.54593276977539
2009-10-22,34.27759552001953
2009-10-23,34.34263229370117
2009-10-26,33.432037353515625
2009-10-27,31.871004104614258
2009-10-28,31.64335823059082
2009-10-29,30.765274047851562
2009-10-30,30.89536476135254
2009-11-03,30.277456283569336
2009-11-04,31.090497970581055
2009-11-05,32.066139221191406
2009-11-06,33.627166748046875
2009-11-09,33.432037353515625
2009-11-10,33.85481262207031
2009-11-11,33.52960205078125
2009-11-12,33.30194854736328
2009-11-13,33.367000579833984
2009-11-16,33.75725173950195
2009-11-17,34.96055221557617
2009-11-18,34.70036697387695
2009-11-19,33.399513244628906
2009-11-20,33.78976821899414
2009-11-23,34.34263229370117
2009-11-24,36.716705322265625
2009-11-25,35.6760139465332
2009-11-26,35.578453063964844
2009-11-27,34.31011962890625
2009-11-30,35.741058349609375
2009-12-01,36.619136810302734
2009-12-02,36.81426239013672
2009-12-03,36.228878021240234
2009-12-04,36.55409240722656
2009-12-07,36.16383743286133
2009-12-08,36.97687530517578
2009-12-09,37.52973556518555
2009-12-10,39.3509407043457
2009-12-11,39.09076690673828
2009-12-14,38.928157806396484
2009-12-15,37.562259674072266
2009-12-16,38.40781784057617
2009-12-17,38.505374908447266
2009-12-18,38.24521255493164
2009-12-21,37.20452117919922
2009-12-22,37.52973556518555
2009-12-23,37.82242202758789
2009-12-24,37.9525146484375
2009-12-29,37.82242202758789
2009-12-30,37.88747024536133
2009-12-31,37.62730026245117
2010-01-04,41.39978790283203
2010-01-05,41.13962173461914
2010-01-06,42.24534606933594
2010-01-07,41.887611389160156
2010-01-08,41.692481994628906
2010-01-11,42.70064163208008
2010-01-12,41.497337341308594
2010-01-13,41.822574615478516
2010-01-14,42.0177001953125
2010-01-15,42.47300720214844
2010-01-18,44.066551208496094
2010-01-19,46.050350189208984
2010-01-20,44.1315803527832
2010-01-21,44.977149963378906
2010-01-22,43.643768310546875
2010-01-25,43.70880889892578
2010-01-27,40.19649887084961
2010-01-28,40.22901916503906
2010-01-29,42.212825775146484
2010-02-01,43.05837631225586
2010-02-02,43.70880889892578
2010-02-03,44.034019470214844
2010-02-04,43.5787239074707
2010-02-05,41.7900390625
2010-02-08,46.79834747314453
2010-02-09,46.99347686767578
2010-02-10,44.78201675415039
2010-02-11,45.59504699707031
2010-02-15,44.6844482421875
2010-02-16,45.302364349365234
2010-02-17,45.17227554321289
2010-02-18,46.37556457519531
2010-02-19,44.32670974731445
2010-02-22,41.92013168334961
2010-02-23,40.359107971191406
2010-02-24,40.294071197509766
2010-02-25,40.26154327392578
2010-02-26,40.456668853759766
2010-03-02,39.773719787597656
2010-03-03,39.09076690673828
2010-03-04,40.32658004760742
2010-03-05,40.22901916503906
2010-03-08,39.806236267089844
2010-03-09,39.871273040771484
2010-03-10,38.635467529296875
2010-03-11,38.602943420410156
2010-03-12,38.14764404296875
2010-03-15,37.562259674072266
2010-03-16,38.40781784057617
2010-03-17,38.24521255493164
2010-03-18,38.212684631347656
2010-03-19,39.7411994934082
2010-03-22,40.781890869140625
2010-03-23,40.26154327392578
2010-03-25,39.123287200927734
2010-03-26,39.22085189819336
2010-03-29,39.93633270263672
2010-03-30,39.93633270263672
2010-03-31,39.96884536743164
2010-04-01,40.294071197509766
2010-04-05,40.846923828125
2010-04-06,40.61927795410156
2010-04-07,40.65179443359375
2010-04-08,40.098934173583984
2010-04-09,40.391624450683594
2010-04-12,40.94449234008789
2010-04-13,41.20465850830078
2010-04-15,40.65179443359375
2010-04-16,40.16397476196289
2010-04-19,39.44850540161133
2010-04-20,40.16397476196289
2010-04-21,40.22901916503906
2010-04-22,41.75751876831055
2010-04-23,41.9526481628418
2010-04-26,42.570560455322266
2010-04-27,43.123435974121094
2010-04-28,41.497337341308594
2010-04-29,42.53804016113281
2010-04-30,42.76569366455078
2010-05-03,42.08273696899414
2010-05-04,40.94449234008789
2010-05-05,41.0745735168457
2010-05-06,40.846923828125
2010-05-07,39.318416595458984
2010-05-10,38.537899017333984
2010-05-11,39.7411994934082
2010-05-12,38.86311340332031
2010-05-13,39.02572250366211
2010-05-14,38.70051193237305
2010-05-17,38.86311340332031
2010-05-18,38.928157806396484
2010-05-19,37.62730026245117
2010-05-20,36.586612701416016
2010-05-21,36.131317138671875
2010-05-24,36.45653533935547
2010-05-25,34.60280990600586
2010-05-26,35.12315368652344
2010-05-27,36.26139450073242
2010-05-28,36.84678649902344
2010-05-31,38.01756286621094
2010-06-01,40.391624450683594
2010-06-02,40.098934173583984
2010-06-03,40.359107971191406
2010-06-04,40.16397476196289
2010-06-07,39.285892486572266
2010-06-08,38.70051193237305
2010-06-09,39.25337600708008
2010-06-10,39.123287200927734
2010-06-11,39.285892486572266
2010-06-14,40.22901916503906
2010-06-15,40.71683120727539
2010-06-16,41.20465850830078
2010-06-17,40.749359130859375
2010-06-18,40.19649887084961
2010-06-21,40.456668853759766
2010-06-22,40.81440353393555
2010-06-23,41.302223205566406
2010-06-24,41.65996551513672
2010-06-25,41.52987289428711
2010-06-28,42.14777755737305
2010-06-29,42.18030548095703
2010-06-30,43.123435974121094
2010-07-01,42.50551986694336
2010-07-02,43.7413330078125
2010-07-05,44.78201675415039
2010-07-06,44.066551208496094
2010-07-07,44.26167678833008
2010-07-08,43.70880889892578
2010-07-09,44.1315803527832
2010-07-12,44.16411209106445
2010-07-13,43.90393829345703
2010-07-14,43.1884651184082
2010-07-15,42.70064163208008
2010-07-16,43.41611862182617
2010-07-19,43.448638916015625
2010-07-20,42.70064163208008
2010-07-21,42.96082305908203
2010-07-22,43.93646240234375
2010-07-23,44.424278259277344
2010-07-26,44.22915267944336
2010-07-27,44.19663619995117
2010-07-28,44.35923385620117
2010-07-29,44.619407653808594
2010-07-30,44.35184097290039
2010-08-02,45.15457534790039
2010-08-03,44.853553771972656
2010-08-04,44.68630599975586
2010-08-05,44.55251693725586
2010-08-06,45.188026428222656
2010-08-09,46.15801239013672
2010-08-10,44.88699722290039
2010-08-11,44.920440673828125
2010-08-12,44.619415283203125
2010-08-13,44.71974563598633
2010-08-16,45.723182678222656
2010-08-17,45.32182312011719
2010-08-18,48.46591567993164
2010-08-19,48.26522445678711
2010-08-20,47.66316604614258
2010-08-23,48.36557388305664
2010-08-24,47.69660568237305
2010-08-25,46.02422332763672
2010-08-26,45.22146224975586
2010-08-27,44.68630599975586
2010-08-30,44.35184097290039
2010-08-31,44.45216751098633
2010-09-01,45.99077606201172
2010-09-02,46.96075439453125
2010-09-03,49.369014739990234
2010-09-06,48.666587829589844
2010-09-07,48.70004653930664
2010-09-08,48.49935531616211
2010-09-09,50.773807525634766
2010-09-13,50.2720947265625
2010-09-14,49.26866149902344
2010-09-15,49.168312072753906
2010-09-16,48.298667907714844
2010-09-17,48.432464599609375
2010-09-20,49.26866149902344
2010-09-21,48.33211898803711
2010-09-22,48.231781005859375
2010-09-23,47.46247863769531
2010-09-24,48.03108596801758
2010-09-27,47.32868576049805
2010-09-28,47.69660568237305
2010-09-29,46.79351806640625
2010-09-30,46.09111404418945
2010-10-01,47.495914459228516
2010-10-04,48.03108596801758
2010-10-05,48.73349380493164
2010-10-06,50.6065673828125
2010-10-07,49.63657760620117
2010-10-08,49.569698333740234
2010-10-11,54.85444641113281
2010-10-12,54.41962432861328
2010-10-13,54.18547821044922
2010-10-14,60.30645751953125
2010-10-15,62.11262893676758
2010-10-18,57.4968147277832
2010-10-19,56.59373092651367
2010-10-20,56.62717819213867
2010-10-21,57.76441192626953
2010-10-22,58.16578674316406
2010-10-25,58.26612854003906
2010-10-26,57.898193359375
2010-10-27,54.92134094238281
2010-10-28,55.188934326171875
2010-10-29,53.549983978271484
2010-11-01,54.88789749145508
2010-11-02,57.69751739501953
2010-11-03,61.84504318237305
2010-11-04,62.78157043457031
2010-11-08,66.15980529785156
2010-11-09,69.33735656738281
2010-11-10,66.46085357666016
2010-11-11,65.7249984741211
2010-11-12,64.5208511352539
2010-11-15,61.91194534301758
2010-11-16,60.373348236083984
2010-11-18,61.376773834228516
2010-11-19,60.07231140136719
2010-11-22,57.1623420715332
2010-11-23,59.30300521850586
2010-11-24,59.60404586791992
2010-11-25,58.5337028503418
2010-11-26,57.028560638427734
2010-11-29,62.547454833984375
2010-11-30,60.975399017333984
2010-12-01,63.182952880859375
2010-12-02,61.64436340332031
2010-12-03,60.373348236083984
2010-12-06,58.132347106933594
2010-12-07,56.158897399902344
2010-12-08,53.18205642700195
2010-12-09,49.40245819091797
2010-12-10,52.88102722167969
2010-12-13,53.34928894042969
2010-12-14,54.85444641113281
2010-12-15,54.386173248291016
2010-12-16,55.42305374145508
2010-12-20,56.09200668334961
2010-12-21,57.22924041748047
2010-12-22,56.56028747558594
2010-12-23,55.92477798461914
2010-12-24,57.12889862060547
2010-12-27,56.961673736572266
2010-12-28,56.7275276184082
2010-12-29,56.5268440246582
2010-12-30,58.734405517578125
2010-12-31,60.373348236083984
2011-01-03,60.87505340576172
2011-01-04,60.30645751953125
2011-01-05,58.06543731689453
2011-01-06,53.18205642700195
2011-01-07,52.88102722167969
2011-01-10,51.777252197265625
2011-01-11,51.04139709472656
2011-01-12,52.74722671508789
2011-01-13,51.844139099121094
2011-01-14,50.372440338134766
2011-01-17,49.569698333740234
2011-01-18,50.2720947265625
2011-01-19,50.372440338134766
2011-01-20,51.10829544067383
2011-01-21,51.409324645996094
2011-01-24,51.944488525390625
2011-01-25,50.87415313720703
2011-01-27,48.80038070678711
2011-01-28,47.66316604614258
2011-01-31,48.06452941894531
2011-02-01,47.73006057739258
2011-02-02,47.69660568237305
2011-02-03,49.40245819091797
2011-02-04,50.338985443115234
2011-02-07,49.90415573120117
2011-02-08,47.29524230957031
2011-02-09,44.853553771972656
2011-02-10,45.42216491699219
2011-02-11,46.760066986083984
2011-02-14,49.168312072753906
2011-02-15,50.23863983154297
2011-02-16,50.372440338134766
2011-02-17,50.4393310546875
2011-02-18,48.231781005859375
2011-02-21,49.9710693359375
2011-02-22,49.168312072753906
2011-02-23,49.569698333740234
2011-02-24,47.495914459228516
2011-02-25,45.622840881347656
2011-02-28,45.02079391479492
2011-03-01,47.261783599853516
2011-03-03,47.93074417114258
2011-03-04,46.96075439453125
2011-03-07,46.15801239013672
2011-03-08,47.261783599853516
2011-03-09,48.53280258178711
2011-03-10,48.231781005859375
2011-03-11,47.02764892578125
2011-03-14,47.79695129394531
2011-03-15,46.69318389892578
2011-03-16,46.994197845458984
2011-03-17,46.760066986083984
2011-03-18,46.05767059326172
2011-03-21,45.589393615722656
2011-03-22,46.12455749511719
2011-03-23,46.525936126708984
2011-03-24,48.36557388305664
2011-03-25,51.30898666381836
2011-03-28,51.61001205444336
2011-03-29,51.04139709472656
2011-03-30,52.47966384887695
2011-03-31,53.01482391357422
2011-04-01,54.72064971923828
2011-04-04,55.757545471191406
2011-04-05,56.32615661621094
2011-04-06,54.58687210083008
2011-04-07,59.43679428100586
2011-04-08,56.827880859375
2011-04-11,56.7275276184082
2011-04-13,57.730960845947266
2011-04-15,58.667503356933594
2011-04-18,55.05514144897461
2011-04-19,56.99509811401367
2011-04-20,57.12889862060547
2011-04-21,57.1623420715332
2011-04-25,58.29957962036133
2011-04-26,57.26268005371094
2011-04-27,57.363037109375
2011-04-28,57.530269622802734
2011-04-29,57.09544372558594
2011-05-02,59.16920852661133
2011-05-03,55.55686569213867
2011-05-04,55.52340316772461
2011-05-05,55.52340316772461
2011-05-06,55.79098129272461
2011-05-09,55.45651626586914
2011-05-10,55.188934326171875
2011-05-11,53.98479080200195
2011-05-12,53.717227935791016
2011-05-13,54.25236511230469
2011-05-16,53.717227935791016
2011-05-17,52.84757995605469
2011-05-18,50.87415313720703
2011-05-19,50.338985443115234
2011-05-20,51.61001205444336
2011-05-23,49.870723724365234
2011-05-24,50.071407318115234
2011-05-25,49.90415573120117
2011-05-26,49.43589401245117
2011-05-27,51.27552795410156
2011-05-30,51.91103744506836
2011-05-31,54.25236511230469
2011-06-01,54.386173248291016
2011-06-02,54.352718353271484
2011-06-03,53.449642181396484
2011-06-06,54.65376281738281
2011-06-07,54.75409698486328
2011-06-08,53.98479080200195
2011-06-09,54.28583526611328
2011-06-10,53.28240203857422
2011-06-13,53.78411865234375
2011-06-14,54.25236511230469
2011-06-15,53.51652526855469
2011-06-16,53.148597717285156
2011-06-17,52.44620132446289
2011-06-20,50.6065673828125
2011-06-21,50.773807525634766
2011-06-22,48.49935531616211
2011-06-23,49.46934127807617
2011-06-24,51.409324645996094
2011-06-27,50.40587615966797
2011-06-28,51.14174270629883
2011-06-29,51.30898666381836
2011-06-30,53.98479080200195
2011-07-01,53.51652526855469
2011-07-04,54.15203857421875
2011-07-05,54.62031173706055
2011-07-06,55.32270050048828
2011-07-07,55.38961410522461
2011-07-08,54.55342483520508
2011-07-11,54.25236511230469
2011-07-12,54.051700592041016
2011-07-13,56.09200668334961
2011-07-14,57.09544372558594
2011-07-15,56.660621643066406
2011-07-18,55.99167251586914
2011-07-19,56.660621643066406
2011-07-20,56.39304733276367
2011-07-21,55.62374496459961
2011-07-22,57.86474609375
2011-07-25,59.10233688354492
2011-07-26,57.86474609375
2011-07-27,59.60404586791992
2011-07-28,58.03199768066406
2011-07-29,57.597164154052734
2011-08-01,59.67092514038086
2011-08-02,61.74470901489258
2011-08-03,62.94882583618164
2011-08-04,62.78157043457031
2011-08-05,62.07918167114258
2011-08-08,65.18982696533203
2011-08-09,62.31330490112305
2011-08-10,68.90253448486328
2011-08-11,71.2438735961914
2011-08-12,70.2070083618164
2011-08-16,67.86564636230469
2011-08-17,68.50115966796875
2011-08-18,68.06632232666016
2011-08-19,69.53803253173828
2011-08-22,69.77653503417969
2011-08-23,72.05927276611328
2011-08-24,69.81060791015625
2011-08-25,70.45794677734375
2011-08-26,66.30136108398438
2011-08-29,69.70841979980469
2011-08-30,72.53627014160156
2011-09-02,76.89729309082031
2011-09-05,77.44242095947266
2011-09-06,77.13578796386719
2011-09-07,75.56853485107422
2011-09-08,79.38444519042969
2011-09-09,78.70303344726562
2011-09-12,76.24993896484375
2011-09-13,74.10350799560547
2011-09-14,75.46632385253906
2011-09-15,73.72872924804688
2011-09-16,72.46812438964844
2011-09-19,74.34197998046875
2011-09-20,75.8070297241211
2011-09-21,74.95528411865234
2011-09-22,72.97916412353516
2011-09-23,67.6641616821289
2011-09-26,65.27922058105469
2011-09-27,65.85842895507812
2011-09-28,63.84825134277344
2011-09-29,64.83631896972656
2011-09-30,63.88231658935547
2011-10-03,62.75799560546875
2011-10-04,62.82612609863281
2011-10-05,61.395179748535156
2011-10-07,60.611541748046875
2011-10-10,60.611541748046875
2011-10-11,65.34736633300781
2011-10-12,65.4495849609375
2011-10-13,68.00487518310547
2011-10-14,68.89070892333984
2011-10-17,69.06106567382812
2011-10-18,60.06642150878906
2011-10-19,59.48722839355469
2011-10-20,59.453163146972656
2011-10-21,61.258888244628906
2011-10-24,60.13456344604492
2011-10-25,61.531455993652344
2011-10-28,61.974369049072266
2011-10-31,61.49739456176758
2011-11-01,61.76993942260742
2011-11-02,63.40534973144531
2011-11-03,63.40534973144531
2011-11-04,63.84825134277344
2011-11-08,63.13277053833008
2011-11-09,61.83809280395508
2011-11-11,63.30313491821289
2011-11-14,61.020416259765625
2011-11-15,60.74784469604492
2011-11-16,60.338993072509766
2011-11-17,60.95225143432617
2011-11-18,58.976158142089844
2011-11-21,57.51112747192383
2011-11-22,57.1363525390625
2011-11-23,57.47704315185547
2011-11-24,56.897857666015625
2011-11-25,59.41908264160156
2011-11-28,60.6456298828125
2011-11-29,61.19074249267578
2011-11-30,59.930137634277344
2011-12-01,61.6677360534668
2011-12-02,62.99649429321289
2011-12-05,63.67789840698242
2011-12-07,62.928348541259766
2011-12-08,62.31508255004883
2011-12-09,62.11067199707031
2011-12-12,56.96599578857422
2011-12-13,57.7496223449707
2011-12-14,53.86558532714844
2011-12-15,56.454952239990234
2011-12-16,53.422664642333984
2011-12-19,52.9456787109375
2011-12-20,51.48063278198242
2011-12-21,52.707176208496094
2011-12-22,51.9916877746582
2011-12-23,52.26426696777344
2011-12-26,53.047889709472656
2011-12-27,51.3784294128418
2011-12-28,50.93551254272461
2011-12-29,52.19611358642578
2011-12-30,51.616920471191406
2012-01-02,52.0257682800293
2012-01-03,54.13814163208008
2012-01-04,54.17221450805664
2012-01-05,53.524879455566406
2012-01-06,53.831512451171875
2012-01-09,56.62530517578125
2012-01-10,56.454952239990234
2012-01-11,55.8416748046875
2012-01-12,55.364681243896484
2012-01-13,55.56910705566406
2012-01-16,55.77353286743164
2012-01-17,53.45673751831055
2012-01-18,52.16205978393555
2012-01-19,53.89965057373047
2012-01-20,53.69523239135742
2012-01-23,53.45673751831055
2012-01-24,55.194332122802734
2012-01-25,56.727508544921875
2012-01-27,56.86379623413086
2012-01-30,56.55717468261719
2012-01-31,57.81776428222656
2012-02-01,59.930137634277344
2012-02-02,59.793861389160156
2012-02-03,60.850040435791016
2012-02-06,60.338993072509766
2012-02-07,58.87395477294922
2012-02-08,62.51951217651367
2012-02-09,62.00843811035156
2012-02-10,59.69164276123047
2012-02-13,62.31508255004883
2012-02-14,60.67969512939453
2012-02-15,61.2929573059082
2012-02-16,62.07659149169922
2012-02-17,60.06642150878906
2012-02-21,60.27084732055664
2012-02-22,59.04429626464844
2012-02-23,60.50934600830078
2012-02-24,60.338993072509766
2012-02-27,58.737667083740234
2012-02-28,61.22481918334961
2012-02-29,59.793861389160156
2012-03-01,59.385005950927734
2012-03-02,58.976158142089844
2012-03-05,57.034141540527344
2012-03-06,53.11602020263672
2012-03-07,52.87753677368164
2012-03-09,54.58106994628906
2012-03-12,55.90981674194336
2012-03-13,57.78369903564453
2012-03-14,55.97795867919922
2012-03-15,54.47885513305664
2012-03-16,54.47885513305664
2012-03-19,53.93372344970703
2012-03-20,55.05805587768555
2012-03-21,55.63726043701172
2012-03-22,52.77531814575195
2012-03-23,52.87753677368164
2012-03-26,51.85542297363281
2012-03-27,51.58283996582031
2012-03-28,50.49258804321289
2012-03-29,50.185951232910156
2012-03-30,52.6731071472168
2012-04-02,52.809391021728516
2012-04-03,55.97795867919922
2012-04-04,56.42087936401367
2012-04-09,56.897857666015625
2012-04-10,57.00008773803711
2012-04-11,56.35273361206055
2012-04-12,56.04609298706055
2012-04-13,54.921775817871094
2012-04-16,54.81955337524414
2012-04-17,54.921775817871094
2012-04-18,55.194332122802734
2012-04-19,54.47885513305664
2012-04-20,54.37664031982422
2012-04-23,52.33240509033203
2012-04-24,52.09390640258789
2012-04-25,51.13993835449219
2012-04-26,51.685062408447266
2012-04-27,50.45852279663086
2012-04-30,51.685062408447266
2012-05-02,50.969581604003906
2012-05-03,49.674896240234375
2012-05-04,47.971378326416016
2012-05-07,48.005435943603516
2012-05-08,47.11960220336914
2012-05-09,45.34794235229492
2012-05-10,47.28995895385742
2012-05-11,47.187740325927734
2012-05-14,47.66473388671875
2012-05-15,49.777122497558594
2012-05-16,48.85720443725586
2012-05-17,48.448368072509766
2012-05-18,47.766944885253906
2012-05-21,48.24394607543945
2012-05-22,47.56252670288086
2012-05-23,47.93729019165039
2012-05-24,49.53861999511719
2012-05-25,50.11781692504883
2012-05-28,50.76515197753906
2012-05-29,50.93551254272461
2012-05-30,50.25410461425781
2012-05-31,48.85720443725586
2012-06-01,47.66473388671875
2012-06-04,48.448368072509766
2012-06-05,48.89128112792969
2012-06-06,50.7310791015625
2012-06-07,51.82135772705078
2012-06-08,51.10586166381836
2012-06-11,50.83331298828125
2012-06-12,51.037723541259766
2012-06-13,52.0257682800293
2012-06-14,50.52666473388672
2012-06-15,49.87932205200195
2012-06-18,49.334190368652344
2012-06-19,49.027565002441406
2012-06-20,48.686859130859375
2012-06-21,49.027565002441406
2012-06-22,48.41429138183594
2012-06-25,48.720924377441406
2012-06-26,48.61871337890625
2012-06-27,48.789058685302734
2012-06-28,48.75498962402344
2012-06-29,49.84525680541992
2012-07-02,50.42445373535156
2012-07-03,50.83331298828125
2012-07-04,52.19611358642578
2012-07-05,53.86558532714844
2012-07-06,55.05805587768555
2012-07-09,52.29833221435547
2012-07-10,53.354522705078125
2012-07-11,54.68328094482422
2012-07-12,53.21824264526367
2012-07-13,53.66115951538086
2012-07-16,52.400550842285156
2012-07-17,50.93551254272461
2012-07-18,51.00364303588867
2012-07-19,51.276222229003906
2012-07-20,51.242149353027344
2012-07-23,49.81117630004883
2012-07-24,49.027565002441406
2012-07-25,48.65279006958008
2012-07-26,47.971378326416016
2012-07-27,47.08554458618164
2012-07-30,48.99348831176758
2012-07-31,48.58464431762695
2012-08-01,49.027565002441406
2012-08-02,48.61871337890625
2012-08-03,48.1757926940918
2012-08-06,48.1757926940918
2012-08-07,48.789058685302734
2012-08-08,48.789058685302734
2012-08-09,48.31207275390625
2012-08-10,47.42624282836914
2012-08-13,48.005435943603516
2012-08-14,48.07358169555664
2012-08-16,48.03856658935547
2012-08-17,47.408321380615234
2012-08-21,47.30328369140625
2012-08-22,47.58338165283203
2012-08-23,46.988162994384766
2012-08-24,47.02317428588867
2012-08-27,46.35791778564453
2012-08-28,45.097434997558594
2012-08-29,44.32713317871094
2012-08-30,44.99238967895508
2012-08-31,46.04279708862305
2012-09-03,47.65342712402344
2012-09-04,48.108585357666016
2012-09-05,47.443328857421875
2012-09-06,46.70805740356445
2012-09-07,47.68843460083008
2012-09-10,48.073585510253906
2012-09-11,48.66880416870117
2012-09-12,49.264034271240234
2012-09-13,49.2990608215332
2012-09-14,49.57917785644531
2012-09-17,49.75423049926758
2012-09-18,50.17438888549805
2012-09-20,49.22903060913086
2012-09-21,51.855045318603516
2012-09-24,51.22479248046875
2012-09-25,50.454505920410156
2012-09-26,50.20940399169922
2012-09-27,52.62533950805664
2012-09-28,51.71498107910156
2012-10-01,52.10013961791992
2012-10-03,51.679988861083984
2012-10-04,51.64496612548828
2012-10-05,50.55955123901367
2012-10-08,50.38446807861328
2012-10-09,49.61417007446289
2012-10-10,48.73883819580078
2012-10-11,49.999332427978516
2012-10-12,49.57917785644531
2012-10-15,49.6842041015625
2012-10-16,48.59877395629883
2012-10-17,48.59877395629883
2012-10-18,48.948917388916016
2012-10-19,47.93352127075195
2012-10-22,47.58338165283203
2012-10-23,47.408321380615234
2012-10-25,46.32290267944336
2012-10-29,47.408321380615234
2012-10-30,46.81308364868164
2012-10-31,46.918128967285156
2012-11-01,47.2332649230957
2012-11-02,47.96855163574219
2012-11-05,47.33829116821289
2012-11-06,48.248653411865234
2012-11-07,47.47835159301758
2012-11-08,46.883113861083984
2012-11-09,46.532981872558594
2012-11-12,45.9377555847168
2012-11-15,46.21785354614258
2012-11-16,46.21785354614258
2012-11-19,45.9377555847168
2012-11-20,45.83271408081055
2012-11-21,45.552608489990234
2012-11-22,46.04279708862305
2012-11-23,45.97277069091797
2012-11-26,45.97277069091797
2012-11-27,46.04279708862305
2012-11-29,46.67304992675781
2012-11-30,47.1982421875
2012-12-03,48.178627014160156
2012-12-04,49.018943786621094
2012-12-05,48.983924865722656
2012-12-06,49.544151306152344
2012-12-07,48.73883819580078
2012-12-10,48.80886459350586
2012-12-11,47.618408203125
2012-12-12,47.58338165283203
2012-12-13,47.758460998535156
2012-12-14,48.14360427856445
2012-12-17,48.70382308959961
2012-12-18,48.45872116088867
2012-12-19,48.42372512817383
2012-12-20,47.93352127075195
2012-12-21,46.778079986572266
2012-12-24,46.60301971435547
2012-12-26,46.988162994384766
2012-12-27,46.1478385925293
2012-12-28,47.058189392089844
2012-12-31,47.408321380615234
2013-01-01,47.373313903808594
2013-01-02,47.443328857421875
2013-01-03,48.073585510253906
2013-01-04,49.123985290527344
2013-01-07,49.894283294677734
2013-01-08,49.474124908447266
2013-01-09,49.6842041015625
2013-01-10,48.80886459350586
2013-01-11,47.758460998535156
2013-01-14,48.42372512817383
2013-01-15,47.93352127075195
2013-01-16,47.47835159301758
2013-01-17,47.373313903808594
2013-01-18,48.77386474609375
2013-01-21,49.57917785644531
2013-01-22,48.00355529785156
2013-01-23,47.093196868896484
2013-01-24,45.62263107299805
2013-01-25,46.46296310424805
2013-01-28,46.21785354614258
2013-01-29,45.65764236450195
2013-01-30,46.638031005859375
2013-01-31,46.67304992675781
2013-02-01,46.70805740356445
2013-02-04,45.79770278930664
2013-02-05,45.65764236450195
2013-02-06,45.79770278930664
2013-02-07,45.447574615478516
2013-02-08,45.20246887207031
2013-02-11,45.83271408081055
2013-02-12,45.58761215209961
2013-02-13,45.342533111572266
2013-02-14,44.67726516723633
2013-02-15,44.257102966308594
2013-02-18,44.88735580444336
2013-02-19,45.41254806518555
2013-02-20,45.1674690246582
2013-02-21,44.467185974121094
2013-02-22,44.39716339111328
2013-02-25,44.152061462402344
2013-02-26,43.206703186035156
2013-02-27,42.4364013671875
2013-02-28,38.970062255859375
2013-03-01,39.985450744628906
2013-03-04,37.39445114135742
2013-03-05,38.30480194091797
2013-03-06,39.285179138183594
2013-03-07,39.70534896850586
2013-03-08,39.81038284301758
2013-03-11,39.81038284301758
2013-03-12,39.425235748291016
2013-03-13,38.72496795654297
2013-03-14,38.514892578125
2013-03-15,37.70957565307617
2013-03-18,37.18437194824219
2013-03-19,36.274017333984375
2013-03-20,34.1381950378418
2013-03-21,34.488338470458984
2013-03-22,35.01353454589844
2013-03-25,35.748817443847656
2013-03-26,34.73342514038086
2013-03-28,34.87348175048828
2013-04-01,35.88887023925781
2013-04-02,36.939273834228516
2013-04-03,36.449092864990234
2013-04-04,35.36366653442383
2013-04-05,36.06394958496094
2013-04-08,36.30903244018555
2013-04-09,35.853851318359375
2013-04-10,36.379058837890625
2013-04-11,36.09894943237305
2013-04-12,36.13397216796875
2013-04-15,36.06394958496094
2013-04-16,36.2390022277832
2013-04-17,36.30903244018555
2013-04-18,36.48410415649414
2013-04-22,37.25439453125
2013-04-23,38.619930267333984
2013-04-25,38.86502456665039
2013-04-26,37.954673767089844
2013-04-29,38.79499816894531
2013-04-30,37.18437194824219
2013-05-02,34.69841384887695
2013-05-03,34.1732063293457
2013-05-06,33.57797622680664
2013-05-07,33.157814025878906
2013-05-08,32.877708435058594
2013-05-09,32.98274612426758
2013-05-10,33.332881927490234
2013-05-13,32.98274612426758
2013-05-14,32.667625427246094
2013-05-15,33.332881927490234
2013-05-16,33.40290451049805
2013-05-17,33.92811584472656
2013-05-20,33.9631233215332
2013-05-21,33.54297637939453
2013-05-22,32.80768585205078
2013-05-23,32.00237274169922
2013-05-24,32.037384033203125
2013-05-27,32.562583923339844
2013-05-28,32.9127311706543
2013-05-29,32.31748962402344
2013-05-30,31.827302932739258
2013-05-31,30.146650314331055
2013-06-03,30.811914443969727
2013-06-04,31.19705581665039
2013-06-05,32.387516021728516
2013-06-06,31.792278289794922
2013-06-07,31.407135009765625
2013-06-10,31.0570125579834
2013-06-11,30.636838912963867
2013-06-12,30.181659698486328
2013-06-13,29.026220321655273
2013-06-14,29.271310806274414
2013-06-17,28.956186294555664
2013-06-18,29.096250534057617
2013-06-19,28.711095809936523
2013-06-20,27.66069221496582
2013-06-21,26.155105590820312
2013-06-24,24.894620895385742
2013-06-25,24.36941909790039
2013-06-26,23.459064483642578
2013-06-27,23.494081497192383
2013-06-28,25.349796295166016
2013-07-01,27.030447006225586
2013-07-02,25.80497169494629
2013-07-03,25.80497169494629
2013-07-04,25.734947204589844
2013-07-05,25.384809494018555
2013-07-08,26.120098114013672
2013-07-09,25.875001907348633
2013-07-10,25.945030212402344
2013-07-11,26.365190505981445
2013-07-12,26.26014518737793
2013-07-15,27.100479125976562
2013-07-16,26.890390396118164
2013-07-17,26.995431900024414
2013-07-18,27.170499801635742
2013-07-19,25.910009384155273
2013-07-22,25.980039596557617
2013-07-23,25.839994430541992
2013-07-24,24.789588928222656
2013-07-25,24.964649200439453
2013-07-26,24.754566192626953
2013-07-29,24.474458694458008
2013-07-30,23.8092041015625
2013-07-31,24.579496383666992
2013-08-01,23.494081497192383
2013-08-02,24.054292678833008
2013-08-05,24.999666213989258
2013-08-06,24.684539794921875
2013-08-07,25.734947204589844
2013-08-08,26.365190505981445
2013-08-12,26.435213088989258
2013-08-13,25.314786911010742
2013-08-14,25.734947204589844
2013-08-16,24.627275466918945
2013-08-19,24.44266128540039
2013-08-20,24.811887741088867
2013-08-21,23.888822555541992
2013-08-22,23.5565242767334
2013-08-23,24.55343246459961
2013-08-26,24.84880828857422
2013-08-27,23.925750732421875
2013-08-28,23.778059005737305
2013-08-29,23.408838272094727
2013-08-30,24.073434829711914
2013-09-02,25.033416748046875
2013-09-03,24.184206008911133
2013-09-04,24.516510009765625
2013-09-05,24.996496200561523
2013-09-06,25.439565658569336
2013-09-10,25.808794021606445
2013-09-11,25.84571075439453
2013-09-12,25.624177932739258
2013-09-13,26.288785934448242
2013-09-16,25.771873474121094
2013-09-17,25.624177932739258
2013-09-18,25.365718841552734
2013-09-19,25.919557571411133
2013-09-20,26.251861572265625
2013-09-23,25.993408203125
2013-09-24,25.771873474121094
2013-09-25,25.58725929260254
2013-09-26,26.10417366027832
2013-09-27,26.214935302734375
2013-09-30,26.436473846435547
2013-10-01,26.399551391601562
2013-10-03,27.1749210357666
2013-10-04,26.95339012145996
2013-10-07,27.027233123779297
2013-10-08,26.91646385192871
2013-10-09,27.064159393310547
2013-10-10,27.396453857421875
2013-10-11,27.691837310791016
2013-10-14,28.171829223632812
2013-10-15,27.285694122314453
2013-10-17,27.470308303833008
2013-10-18,27.581069946289062
2013-10-21,27.544151306152344
2013-10-22,27.507225036621094
2013-10-23,27.65491485595703
2013-10-24,27.507225036621094
2013-10-25,26.990314483642578
2013-10-28,26.436473846435547
2013-10-29,26.325708389282227
2013-10-30,25.95648193359375
2013-10-31,25.513416290283203
2013-11-01,26.288785934448242
2013-11-05,27.83953285217285
2013-11-06,28.688749313354492
2013-11-07,28.799509048461914
2013-11-08,28.061063766479492
2013-11-11,27.691837310791016
2013-11-12,27.691837310791016
2013-11-13,27.470308303833008
2013-11-14,27.1010799407959
2013-11-18,26.768775939941406
2013-11-19,26.6210880279541
2013-11-20,26.51032257080078
2013-11-21,26.5472412109375
2013-11-22,26.6210880279541
2013-11-25,26.879539489746094
2013-11-26,27.617984771728516
2013-11-27,28.245668411254883
2013-11-28,28.504135131835938
2013-11-29,28.799509048461914
2013-12-02,28.356441497802734
2013-12-03,28.467206954956055
2013-12-04,27.802608489990234
2013-12-05,28.208755493164062
2013-12-06,28.245668411254883
2013-12-09,28.467206954956055
2013-12-10,28.688749313354492
2013-12-11,29.316425323486328
2013-12-12,29.316425323486328
2013-12-13,28.57798194885254
2013-12-16,28.09798240661621
2013-12-17,27.913368225097656
2013-12-18,28.356441497802734
2013-12-19,28.245668411254883
2013-12-20,28.83642578125
2013-12-23,28.910280227661133
2013-12-24,28.688749313354492
2013-12-26,29.316425323486328
2013-12-27,29.611804962158203
2013-12-30,29.50103759765625
2013-12-31,29.611804962158203
2014-01-01,30.091800689697266
2014-01-02,29.353349685668945
2014-01-03,29.46411895751953
2014-01-06,29.50103759765625
2014-01-07,29.50103759765625
2014-01-08,29.46411895751953
2014-01-09,29.131813049316406
2014-01-10,28.9841251373291
2014-01-13,28.762590408325195
2014-01-14,28.504135131835938
2014-01-15,28.651817321777344
2014-01-16,28.57798194885254
2014-01-17,28.467206954956055
2014-01-20,28.467206954956055
2014-01-21,28.947206497192383
2014-01-22,30.091800689697266
2014-01-23,29.353349685668945
2014-01-24,28.688749313354492
2014-01-27,28.208755493164062
2014-01-28,28.245668411254883
2014-01-29,28.39336585998535
2014-01-30,28.39336585998535
2014-01-31,28.651817321777344
2014-02-03,28.39336585998535
2014-02-04,27.913368225097656
2014-02-05,28.171829223632812
2014-02-06,27.65491485595703
2014-02-07,27.802608489990234
2014-02-10,27.87644386291504
2014-02-11,27.544151306152344
2014-02-12,27.544151306152344
2014-02-13,27.248769760131836
2014-02-14,27.1010799407959
2014-02-17,27.211849212646484
2014-02-18,27.1749210357666
2014-02-19,27.1749210357666
2014-02-20,26.990314483642578
2014-02-21,26.91646385192871
2014-02-24,26.879539489746094
2014-02-25,26.65801239013672
2014-02-26,28.09798240661621
2014-02-28,28.208755493164062
2014-03-03,27.913368225097656
2014-03-04,29.094894409179688
2014-03-05,28.9841251373291
2014-03-06,29.131813049316406
2014-03-07,28.873355865478516
2014-03-10,28.208755493164062
2014-03-11,28.39336585998535
2014-03-12,28.356441497802734
2014-03-13,28.910280227661133
2014-03-14,28.947206497192383
2014-03-18,29.42719841003418
2014-03-19,29.722570419311523
2014-03-20,29.094894409179688
2014-03-21,29.353349685668945
2014-03-24,28.57798194885254
2014-03-25,29.611804962158203
2014-03-26,29.42719841003418
2014-03-27,29.537961959838867
2014-03-28,29.50103759765625
2014-03-31,29.50103759765625
2014-04-01,29.759496688842773
2014-04-02,31.34716796875
2014-04-03,30.313323974609375
2014-04-04,30.461017608642578
2014-04-07,31.125627517700195
2014-04-09,32.196380615234375
2014-04-10,32.15945053100586
2014-04-11,32.60251235961914
2014-04-15,31.753305435180664
2014-04-16,30.276409149169922
2014-04-17,30.571794509887695
2014-04-21,31.014862060546875
2014-04-22,30.682558059692383
2014-04-23,31.051782608032227
2014-04-24,31.051782608032227
2014-04-25,30.645641326904297
2014-04-28,30.60870933532715
2014-04-29,30.534862518310547
2014-04-30,29.907184600830078
2014-05-02,29.944114685058594
2014-05-05,30.20256233215332
2014-05-06,30.23948097229004
2014-05-07,29.907184600830078
2014-05-08,30.091800689697266
2014-05-09,30.424100875854492
2014-05-12,29.574886322021484
2014-05-13,30.276409149169922
2014-05-14,31.236387252807617
2014-05-15,31.199474334716797
2014-05-16,30.941015243530273
2014-05-19,33.96865463256836
2014-05-20,35.40863037109375
2014-05-21,37.40243911743164
2014-05-22,38.03012466430664
2014-05-23,38.76856231689453
2014-05-26,35.70400619506836
2014-05-27,35.777862548828125
2014-05-28,37.734745025634766
2014-05-29,36.66399383544922
2014-05-30,34.227115631103516
2014-06-02,35.48247528076172
2014-06-03,36.81168746948242
2014-06-04,39.10087585449219
2014-06-05,40.171627044677734
2014-06-06,40.68854522705078
2014-06-09,44.49155044555664
2014-06-10,42.53466796875
2014-06-11,42.64542770385742
2014-06-12,42.16543197631836
2014-06-13,39.137794494628906
2014-06-16,40.13470458984375
2014-06-17,43.79003143310547
2014-06-18,44.38079071044922
2014-06-19,42.97773361206055
2014-06-20,42.12851333618164
2014-06-23,42.202362060546875
2014-06-24,42.239288330078125
2014-06-25,42.05467224121094
2014-06-26,42.42390060424805
2014-06-27,41.57468032836914
2014-06-30,42.46082305908203
2014-07-01,42.830039978027344
2014-07-02,43.1623420715332
2014-07-03,45.599220275878906
2014-07-04,47.2607421875
2014-07-07,46.37459945678711
2014-07-08,43.53157043457031
2014-07-09,41.83314514160156
2014-07-10,43.310035705566406
2014-07-11,40.20854568481445
2014-07-14,39.21164321899414
2014-07-15,41.279300689697266
2014-07-16,41.57468032836914
2014-07-17,44.12232208251953
2014-07-18,43.346954345703125
2014-07-21,43.82695388793945
2014-07-22,43.19926452636719
2014-07-23,43.0885009765625
2014-07-24,42.46082305908203
2014-07-25,41.39006423950195
2014-07-28,41.39006423950195
2014-07-30,42.09159851074219
2014-07-31,42.202362060546875
2014-08-01,41.05776596069336
2014-08-04,41.24238204956055
2014-08-05,41.72237014770508
2014-08-06,41.205448150634766
2014-08-07,41.72237014770508
2014-08-08,41.35314178466797
2014-08-11,42.12851333618164
2014-08-12,41.98082733154297
2014-08-13,40.356239318847656
2014-08-14,41.16853713989258
2014-08-18,42.94081497192383
2014-08-19,43.5684928894043
2014-08-20,44.82386016845703
2014-08-21,44.196170806884766
2014-08-22,45.04539108276367
2014-08-25,43.93771743774414
2014-08-26,44.12232208251953
2014-08-27,43.86387252807617
2014-08-28,42.98659133911133
2014-09-01,42.30002212524414
2014-09-02,41.99488830566406
2014-09-03,42.338172912597656
2014-09-04,42.147457122802734
2014-09-05,43.25359344482422
2014-09-08,44.28343200683594
2014-09-09,45.38957214355469
2014-09-10,45.08442306518555
2014-09-11,47.144126892089844
2014-09-12,48.05955505371094
2014-09-15,49.85224533081055
2014-09-16,47.67811965942383
2014-09-17,48.17396926879883
2014-09-18,49.81410598754883
2014-09-19,48.9749641418457
2014-09-22,47.563690185546875
2014-09-23,44.81743240356445
2014-09-24,44.66487121582031
2014-09-25,43.635013580322266
2014-09-26,42.567020416259766
2014-09-29,44.39786911010742
2014-09-30,44.474151611328125
2014-10-01,44.6267204284668
2014-10-07,46.266849517822266
2014-10-08,46.800846099853516
2014-10-09,46.41941452026367
2014-10-10,46.8389892578125
2014-10-13,47.41112518310547
2014-10-14,47.41112518310547
2014-10-15,47.41112518310547
2014-10-16,46.53384780883789
2014-10-17,45.65656661987305
2014-10-20,45.88542175292969
2014-10-21,46.991554260253906
2014-10-22,46.228702545166016
2014-10-27,46.800846099853516
2014-10-28,47.44926834106445
2014-10-29,47.144126892089844
2014-10-30,46.800846099853516
2014-10-31,47.06784439086914
2014-11-03,48.09768295288086
2014-11-05,49.77595901489258
2014-11-07,49.54710388183594
2014-11-10,49.81410598754883
2014-11-11,52.14078903198242
2014-11-12,51.072792053222656
2014-11-13,50.72952651977539
2014-11-14,52.40778350830078
2014-11-17,53.85721206665039
2014-11-18,52.29336166381836
2014-11-19,50.386234283447266
2014-11-20,50.157386779785156
2014-11-21,49.432682037353516
2014-11-24,49.85224533081055
2014-11-25,47.3348388671875
2014-11-26,47.90697479248047
2014-11-27,49.661529541015625
2014-11-28,50.386234283447266
2014-12-01,50.4625244140625
2014-12-02,50.50065994262695
2014-12-03,50.653236389160156
2014-12-04,50.195533752441406
2014-12-05,49.432682037353516
2014-12-08,49.77595901489258
2014-12-09,48.9749641418457
2014-12-10,49.127532958984375
2014-12-11,49.0512580871582
2014-12-12,48.82240295410156
2014-12-15,48.212120056152344
2014-12-16,46.38127899169922
2014-12-17,45.58027648925781
2014-12-18,46.41941452026367
2014-12-19,46.190555572509766
2014-12-22,46.45756530761719
2014-12-23,45.77099609375
2014-12-24,45.88542175292969
2014-12-26,45.732852935791016
2014-12-29,45.694705963134766
2014-12-30,46.152427673339844
2014-12-31,46.343135833740234
2015-01-01,46.68642044067383
2015-01-02,47.22040557861328
2015-01-05,46.87712478637695
2015-01-06,45.65656661987305
2015-01-07,45.99985122680664
2015-01-08,46.72455978393555
2015-01-09,47.60183334350586
2015-01-12,47.105979919433594
2015-01-13,46.38127899169922
2015-01-14,45.99985122680664
2015-01-15,46.30499267578125
2015-01-16,45.542144775390625
2015-01-19,46.87712478637695
2015-01-20,46.991554260253906
2015-01-21,46.571983337402344
2015-01-22,49.0512580871582
2015-01-23,49.7378044128418
2015-01-27,48.63167953491211
2015-01-28,48.51725387573242
2015-01-29,47.25856018066406
2015-01-30,46.152427673339844
2015-02-02,46.45756530761719
2015-02-03,46.53384780883789
2015-02-04,45.77099609375
2015-02-05,45.542144775390625
2015-02-06,46.49570846557617
2015-02-09,46.49570846557617
2015-02-10,46.953407287597656
2015-02-11,47.41112518310547
2015-02-12,48.55540084838867
2015-02-13,49.77595901489258
2015-02-16,49.928524017333984
2015-02-18,53.094356536865234
2015-02-19,54.77263259887695
2015-02-20,52.17893600463867
2015-02-23,52.102657318115234
2015-02-24,50.50065994262695
2015-02-25,49.81410598754883
2015-02-26,51.263519287109375
2015-02-27,50.4625244140625
2015-03-02,48.25026321411133
2015-03-03,48.82240295410156
2015-03-04,49.394535064697266
2015-03-05,48.4028205871582
2015-03-09,49.28010559082031
2015-03-10,50.61509323120117
2015-03-11,50.348087310791016
2015-03-12,50.4625244140625
2015-03-13,50.0429573059082
2015-03-16,50.27181625366211
2015-03-17,50.72952651977539
2015-03-18,51.60679626464844
2015-03-19,50.4625244140625
2015-03-20,50.195533752441406
2015-03-23,49.661529541015625
2015-03-24,50.348087310791016
2015-03-25,49.0512580871582
2015-03-26,50.08110046386719
2015-03-27,49.585235595703125
2015-03-30,49.31825256347656
2015-03-31,51.530517578125
2015-04-01,55.421043395996094
2015-04-06,53.81905746459961
2015-04-07,57.213741302490234
2015-04-08,56.87046813964844
2015-04-09,55.34476852416992
2015-04-10,55.154056549072266
2015-04-13,54.848915100097656
2015-04-15,53.36134719848633
2015-04-16,55.878761291503906
2015-04-17,53.742774963378906
2015-04-20,53.094356536865234
2015-04-21,52.48408508300781
2015-04-22,52.522216796875
2015-04-23,52.369651794433594
2015-04-24,50.50065994262695
2015-04-27,49.50896072387695
2015-04-28,50.30995559692383
2015-04-29,50.27181625366211
2015-04-30,49.24196243286133
2015-05-04,50.30995559692383
2015-05-05,49.35638427734375
2015-05-06,48.59354782104492
2015-05-07,47.52555847167969
2015-05-08,47.67811965942383
2015-05-11,48.09768295288086
2015-05-12,47.86883544921875
2015-05-13,48.63167953491211
2015-05-14,48.707969665527344
2015-05-15,48.13582992553711
2015-05-18,46.800846099853516
2015-05-19,47.41112518310547
2015-05-20,46.87712478637695
2015-05-21,47.06784439086914
2015-05-22,47.60183334350586
2015-05-25,48.28840255737305
2015-05-26,47.79254913330078
2015-05-27,48.51725387573242
2015-05-28,47.63997268676758
2015-05-29,47.105979919433594
2015-06-01,47.144126892089844
2015-06-02,46.45756530761719
2015-06-03,46.343135833740234
2015-06-04,45.38957214355469
2015-06-05,45.77099609375
2015-06-08,44.7030029296875
2015-06-09,45.542144775390625
2015-06-10,46.53384780883789
2015-06-11,45.3514404296875
2015-06-12,44.6267204284668
2015-06-15,44.55044174194336
2015-06-16,45.3514404296875
2015-06-17,45.12257766723633
2015-06-18,45.08442306518555
2015-06-19,44.7030029296875
2015-06-22,45.427711486816406
2015-06-23,45.275142669677734
2015-06-24,45.3514404296875
2015-06-25,45.12257766723633
2015-06-26,45.275142669677734
2015-06-29,44.16900634765625
2015-06-30,43.978302001953125
2015-07-01,44.51229476928711
2015-07-02,45.04629135131836
2015-07-03,45.275142669677734
2015-07-06,44.66487121582031
2015-07-07,44.7030029296875
2015-07-08,44.28343200683594
2015-07-09,44.51229476928711
2015-07-10,44.20714569091797
2015-07-13,44.7030029296875
2015-07-14,44.779293060302734
2015-07-15,45.16072463989258
2015-07-16,46.800846099853516
2015-07-17,47.86883544921875
2015-07-20,48.63167953491211
2015-07-21,48.82240295410156
2015-07-22,49.28010559082031
2015-07-23,47.71626281738281
2015-07-24,47.105979919433594
2015-07-27,45.84728240966797
2015-07-28,44.89371871948242
2015-07-29,45.237003326416016
2015-07-30,45.809139251708984
2015-07-31,46.03799057006836
2015-08-03,46.343135833740234
2015-08-04,46.991554260253906
2015-08-05,47.94511795043945
2015-08-06,48.13582992553711
2015-08-07,47.90697479248047
2015-08-10,52.90363693237305
2015-08-11,51.530517578125
2015-08-12,51.37794494628906
2015-08-13,50.195533752441406
2015-08-14,49.585235595703125
2015-08-17,50.157386779785156
2015-08-18,50.99650955200195
2015-08-19,50.30995559692383
2015-08-20,49.7378044128418
2015-08-21,48.74611282348633
2015-08-24,44.39786911010742
2015-08-25,46.114280700683594
2015-08-26,45.732852935791016
2015-08-27,46.953407287597656
2015-08-28,47.425697326660156
2015-08-31,47.89798355102539
2015-09-01,46.36305618286133
2015-09-02,45.457828521728516
2015-09-03,44.631317138671875
2015-09-04,44.31646728515625
2015-09-07,43.48995590209961
2015-09-08,44.04096221923828
2015-09-09,43.96224594116211
2015-09-10,43.057037353515625
2015-09-11,43.33252716064453
2015-09-14,43.450599670410156
2015-09-15,43.135746002197266
2015-09-16,43.37187957763672
2015-09-18,43.64738845825195
2015-09-21,44.51325225830078
2015-09-22,45.7726936340332
2015-09-23,45.22168731689453
2015-09-24,44.631317138671875
2015-09-28,45.89076232910156
2015-09-29,46.520477294921875
2015-09-30,46.16626739501953
2015-10-01,47.3076286315918
2015-10-05,47.583133697509766
2015-10-06,47.38634490966797
2015-10-07,46.91405487060547
2015-10-08,46.40241241455078
2015-10-09,46.520477294921875
2015-10-12,46.32368850708008
2015-10-13,46.28433609008789
2015-10-14,46.59918975830078
2015-10-15,46.87469482421875
2015-10-16,46.481117248535156
2015-10-19,46.71726989746094
2015-10-20,46.638553619384766
2015-10-21,46.71726989746094
2015-10-23,46.24497604370117
2015-10-26,46.8353385925293
2015-10-27,46.67790603637695
2015-10-28,45.96947479248047
2015-10-29,45.497188568115234
2015-10-30,45.26103973388672
2015-11-02,45.457828521728516
2015-11-03,45.53654479980469
2015-11-04,44.86747360229492
2015-11-05,44.08031463623047
2015-11-06,43.450599670410156
2015-11-09,42.8602294921875
2015-11-10,43.09638214111328
2015-11-13,44.119667053222656
2015-11-16,44.23774337768555
2015-11-17,44.2771110534668
2015-11-18,44.39517593383789
2015-11-19,45.10361099243164
2015-11-20,45.57590103149414
2015-11-23,47.425697326660156
2015-11-24,49.82650375366211
2015-11-26,49.551002502441406
2015-11-27,49.472286224365234
2015-11-30,49.70843505859375
2015-12-01,50.45621871948242
2015-12-02,49.86585998535156
2015-12-03,49.905216217041016
2015-12-04,48.17348861694336
2015-12-07,48.09477615356445
2015-12-08,46.795982360839844
2015-12-09,45.73332977294922
2015-12-10,45.73332977294922
2015-12-11,45.81204605102539
2015-12-14,45.930118560791016
2015-12-15,46.559837341308594
2015-12-16,46.71726989746094
2015-12-17,47.15019607543945
2015-12-18,46.559837341308594
2015-12-21,46.8353385925293
2015-12-22,45.3004035949707
2015-12-23,47.22892379760742
2015-12-24,46.992774963378906
2015-12-28,46.91405487060547
2015-12-29,47.268272399902344
2015-12-30,47.62248611450195
2015-12-31,49.118072509765625
2016-01-01,49.39357376098633
2016-01-04,48.842567443847656
2016-01-05,50.4168701171875
2016-01-06,51.20401382446289
2016-01-07,49.314857482910156
2016-01-08,50.88915252685547
2016-01-11,50.731719970703125
2016-01-12,51.40080261230469
2016-01-13,49.314857482910156
2016-01-14,48.40963363647461
2016-01-15,46.953407287597656
2016-01-18,45.26103973388672
2016-01-19,45.7726936340332
2016-01-20,45.615257263183594
2016-01-21,42.506019592285156
2016-01-22,43.21445083618164
2016-01-25,44.78876495361328
2016-01-27,44.59196090698242
2016-01-28,44.71003341674805
2016-01-29,45.497188568115234
2016-02-01,45.457828521728516
2016-02-02,44.906829833984375
2016-02-03,44.59196090698242
2016-02-04,44.670684814453125
2016-02-05,45.10361099243164
2016-02-08,44.51325225830078
2016-02-09,43.56867980957031
2016-02-10,43.56867980957031
2016-02-11,42.26988220214844
2016-02-12,41.08916091918945
2016-02-15,42.26988220214844
2016-02-16,42.23051452636719
2016-02-17,42.62409591674805
2016-02-18,42.23051452636719
2016-02-19,43.84417724609375
2016-02-22,45.89076232910156
2016-02-23,45.497188568115234
2016-02-24,44.00160598754883
2016-02-25,43.56867980957031
2016-02-26,44.08031463623047
2016-02-29,42.58473587036133
2016-03-01,41.955013275146484
2016-03-02,43.17509841918945
2016-03-03,44.04096221923828
2016-03-04,43.4112434387207
2016-03-08,44.119667053222656
2016-03-09,43.293174743652344
2016-03-10,43.135746002197266
2016-03-11,43.09638214111328
2016-03-14,43.52932357788086
2016-03-15,43.09638214111328
2016-03-16,42.62409591674805
2016-03-17,42.309242248535156
2016-03-18,41.71887969970703
2016-03-21,42.387943267822266
2016-03-22,42.23051452636719
2016-03-23,42.58473587036133
2016-03-28,42.07309341430664
2016-03-29,42.4666633605957
2016-03-30,42.663455963134766
2016-03-31,43.21445083618164
2016-04-01,43.64738845825195
2016-04-04,44.749393463134766
2016-04-05,44.47389221191406
2016-04-06,44.51325225830078
2016-04-07,45.18233108520508
2016-04-08,44.78876495361328
2016-04-11,45.41847610473633
2016-04-12,47.34699249267578
2016-04-13,47.89798355102539
2016-04-18,46.67790603637695
2016-04-20,47.54377746582031
2016-04-21,46.32368850708008
2016-04-22,46.4417610168457
2016-04-25,47.15019607543945
2016-04-26,47.38634490966797
2016-04-27,48.72450256347656
2016-04-28,48.56707000732422
2016-04-29,47.89798355102539
2016-05-02,49.98393630981445
2016-05-03,48.99999237060547
2016-05-04,49.39357376098633
2016-05-05,48.3309211730957
2016-05-06,48.842567443847656
2016-05-09,49.944580078125
2016-05-10,49.1967887878418
2016-05-11,50.06264877319336
2016-05-12,50.613651275634766
2016-05-13,52.26666259765625
2016-05-16,52.42409133911133
2016-05-17,52.77831268310547
2016-05-18,52.77831268310547
2016-05-19,53.48674392700195
2016-05-20,51.12529373168945
2016-05-23,49.35421371459961
2016-05-24,50.88915252685547
2016-05-25,51.912452697753906
2016-05-26,51.63694381713867
2016-05-27,51.1646614074707
2016-05-30,52.06987762451172
2016-05-31,51.833736419677734
2016-06-01,51.833736419677734
2016-06-02,52.69959259033203
2016-06-03,52.14858627319336
2016-06-06,50.6923713684082
2016-06-07,51.00722885131836
2016-06-08,52.030513763427734
2016-06-09,51.912452697753906
2016-06-10,51.63694381713867
2016-06-13,52.857025146484375
2016-06-14,52.81767272949219
2016-06-15,52.89637756347656
2016-06-16,53.13253402709961
2016-06-17,53.09317398071289
2016-06-20,54.66746520996094
2016-06-21,54.864253997802734
2016-06-22,54.3132438659668
2016-06-23,53.28995132446289
2016-06-24,51.715660095214844
2016-06-27,52.69959259033203
2016-06-28,53.68353271484375
2016-06-29,54.3919677734375
2016-06-30,55.848201751708984
2016-07-01,55.179115295410156
2016-07-04,55.179115295410156
2016-07-05,54.037742614746094
2016-07-07,54.54939651489258
2016-07-08,53.80160140991211
2016-07-11,53.88031005859375
2016-07-12,54.273895263671875
2016-07-13,53.13253402709961
2016-07-14,52.77831268310547
2016-07-15,52.187950134277344
2016-07-18,51.99116134643555
2016-07-19,52.06987762451172
2016-07-20,51.20401382446289
2016-07-21,50.92852020263672
2016-07-22,50.771080017089844
2016-07-25,51.085941314697266
2016-07-26,51.322078704833984
2016-07-27,50.96786880493164
2016-07-28,51.04658508300781
2016-07-29,50.65300369262695
2016-08-01,50.338157653808594
2016-08-02,49.944580078125
2016-08-03,48.64577865600586
2016-08-04,48.72450256347656
2016-08-05,50.731719970703125
2016-08-08,51.28273010253906
2016-08-09,51.51887130737305
2016-08-10,51.912452697753906
2016-08-11,51.833736419677734
2016-08-12,51.79438400268555
2016-08-16,51.59758758544922
2016-08-17,51.79438400268555
2016-08-18,51.79438400268555
2016-08-19,52.502811431884766
2016-08-22,53.48674392700195
2016-08-23,53.56546401977539
2016-08-24,54.470672607421875
2016-08-25,53.6441764831543
2016-08-26,53.01445007324219
2016-08-29,53.28995132446289
2016-08-30,53.56546401977539
2016-08-31,53.48674392700195
2016-09-01,52.35303497314453
2016-09-02,52.474510192871094
2016-09-06,52.069610595703125
2016-09-07,52.15058898925781
2016-09-08,52.43402099609375
2016-09-09,52.110103607177734
2016-09-12,50.12610626220703
2016-09-14,50.00464630126953
2016-09-15,50.00464630126953
2016-09-16,49.154361724853516
2016-09-19,49.316322326660156
2016-09-20,48.54701232910156
2016-09-21,48.425540924072266
2016-09-22,48.58750534057617
2016-09-23,48.54701232910156
2016-09-26,47.818206787109375
2016-09-27,47.939674377441406
2016-09-28,48.18260192871094
2016-09-29,47.00840759277344
2016-09-30,47.17036437988281
2016-10-03,48.62799835205078
2016-10-04,48.18260192871094
2016-10-05,48.425540924072266
2016-10-06,47.939674377441406
2016-10-07,48.22309875488281
2016-10-10,47.45379638671875
2016-10-13,46.7249870300293
2016-10-14,46.15813446044922
2016-10-17,45.955684661865234
2016-10-18,46.92742919921875
2016-10-19,51.17884063720703
2016-10-20,50.97639465332031
2016-10-21,50.28806686401367
2016-10-24,50.45002746582031
2016-10-25,50.04512023925781
2016-10-26,50.571495056152344
2016-10-27,50.89541244506836
2016-10-28,51.01688003540039
2016-11-01,53.405765533447266
2016-11-02,51.8266716003418
2016-11-03,50.531009674072266
2016-11-04,51.74570083618164
2016-11-07,50.490516662597656
2016-11-08,49.72121810913086
2016-11-09,48.14211654663086
2016-11-10,49.883174896240234
2016-11-11,48.50652313232422
2016-11-15,47.21085739135742
2016-11-16,46.84645080566406
2016-11-17,44.53854751586914
2016-11-18,45.834205627441406
2016-11-21,46.036659240722656
2016-11-22,47.00840759277344
2016-11-23,47.17036437988281
2016-11-24,50.2475700378418
2016-11-25,51.30030059814453
2016-11-28,50.490516662597656
2016-11-29,49.842681884765625
2016-11-30,51.13834762573242
2016-12-01,51.46226501464844
2016-12-02,51.7052001953125
2016-12-05,54.90388107299805
2016-12-06,54.05360412597656
2016-12-07,56.60444641113281
2016-12-08,58.952842712402344
2016-12-09,58.30500411987305
2016-12-12,57.859622955322266
2016-12-13,57.495216369628906
2016-12-14,57.495216369628906
2016-12-15,57.6166877746582
2016-12-16,55.83514404296875
2016-12-19,57.13081359863281
2016-12-20,55.83514404296875
2016-12-21,55.83514404296875
2016-12-22,54.37751388549805
2016-12-23,53.324790954589844
2016-12-26,55.18731689453125
2016-12-27,56.685420989990234
2016-12-28,56.442481994628906
2016-12-29,57.69765853881836
2016-12-30,57.535709381103516
2017-01-02,57.77863693237305
2017-01-03,57.333251953125
2017-01-04,63.73060607910156
2017-01-05,67.33418273925781
2017-01-06,69.60159301757812
2017-01-09,69.8850326538086
2017-01-10,67.6985855102539
2017-01-11,66.56488800048828
2017-01-12,65.0667724609375
2017-01-13,67.61760711669922
2017-01-16,68.79179382324219
2017-01-17,70.28993225097656
2017-01-18,69.07524871826172
2017-01-19,70.24944305419922
2017-01-20,66.88877868652344
2017-01-23,67.41516876220703
2017-01-24,66.72683715820312
2017-01-25,66.52437591552734
2017-01-27,66.88877868652344
2017-01-30,66.36241912841797
2017-01-31,65.18824005126953
2017-02-01,63.40669250488281
2017-02-02,63.44719314575195
2017-02-03,64.17599487304688
2017-02-06,68.06298828125
2017-02-07,66.6458740234375
2017-02-08,65.39068603515625
2017-02-09,65.39068603515625
2017-02-10,64.82383728027344
2017-02-13,64.86432647705078
2017-02-14,64.45942687988281
2017-02-15,64.98577880859375
2017-02-16,64.86432647705078
2017-02-17,65.63362884521484
2017-02-20,66.28144836425781
2017-02-21,68.14396667480469
2017-02-22,68.34642028808594
2017-02-23,66.44342803955078
2017-02-27,66.84832763671875
2017-02-28,66.80782318115234
2017-03-01,67.25320434570312
2017-03-02,66.48391723632812
2017-03-03,65.59313201904297
2017-03-06,63.487693786621094
2017-03-07,64.05453491210938
2017-03-08,62.353965759277344
2017-03-09,62.47542953491211
2017-03-10,64.09500885009766
2017-03-14,65.91703796386719
2017-03-15,66.68634796142578
2017-03-16,66.40292358398438
2017-03-17,65.43118286132812
2017-03-20,68.2249526977539
2017-03-21,67.09124755859375
2017-03-22,66.0790023803711
2017-03-23,65.83607482910156
2017-03-24,65.59313201904297
2017-03-27,65.87654876708984
2017-03-28,66.68634796142578
2017-03-29,66.96977996826172
2017-03-30,67.82006072998047
2017-03-31,70.24944305419922
2017-04-03,70.57334899902344
2017-04-05,71.82853698730469
2017-04-06,70.53286743164062
2017-04-07,69.8850326538086
2017-04-10,70.16844940185547
2017-04-11,69.60159301757812
2017-04-12,69.15621948242188
2017-04-13,67.90103149414062
2017-04-17,68.42740631103516
2017-04-18,68.95377349853516
2017-04-19,68.14396667480469
2017-04-20,74.5818099975586
2017-04-21,75.35111999511719
2017-04-24,77.7804946899414
2017-04-25,77.7400131225586
2017-04-26,79.5620346069336
2017-04-27,80.49329376220703
2017-04-28,81.0601577758789
2017-05-02,81.62699890136719
2017-05-03,82.1938705444336
2017-05-04,91.7898941040039
2017-05-05,92.15431213378906
2017-05-08,96.36520385742188
2017-05-09,97.7823486328125
2017-05-10,104.26068878173828
2017-05-11,105.19195556640625
2017-05-12,103.00550079345703
2017-05-15,105.19195556640625
2017-05-16,101.46690368652344
2017-05-17,98.63264465332031
2017-05-18,95.67689514160156
2017-05-19,94.46220397949219
2017-05-22,92.55919647216797
2017-05-23,91.1420669555664
2017-05-24,85.51400756835938
2017-05-25,93.49044799804688
2017-05-26,99.56387329101562
2017-05-29,96.48667907714844
2017-05-30,95.59590911865234
2017-05-31,99.52340698242188
2017-06-01,99.15899658203125
2017-06-02,101.10249328613281
2017-06-05,100.21173858642578
2017-06-06,98.06578063964844
2017-06-07,98.87557983398438
2017-06-08,103.85578918457031
2017-06-09,102.80305480957031
2017-06-12,102.64109802246094
2017-06-13,102.80305480957031
2017-06-14,103.16747283935547
2017-06-15,100.21173858642578
2017-06-16,99.96878814697266
2017-06-19,98.34921264648438
2017-06-20,96.16276550292969
2017-06-21,98.99703979492188
2017-06-22,99.40193176269531
2017-06-23,95.35297393798828
2017-06-27,91.7898941040039
2017-06-28,95.47444915771484
2017-06-29,99.48292541503906
2017-06-30,95.029052734375
2017-07-03,97.86333465576172
2017-07-04,103.77481842041016
2017-07-05,110.9009780883789
2017-07-06,107.90474700927734
2017-07-07,106.12320709228516
2017-07-10,106.6900634765625
2017-07-11,105.19195556640625
2017-07-12,102.56012725830078
2017-07-13,103.08649444580078
2017-07-14,101.50740051269531
2017-07-17,107.09495544433594
2017-07-18,105.51586151123047
2017-07-19,104.50363159179688
2017-07-20,104.54410552978516
2017-07-21,103.45088958740234
2017-07-24,109.20042419433594
2017-07-25,109.7267837524414
2017-07-26,111.34635162353516
2017-07-27,106.52809143066406
2017-07-28,108.43111419677734
2017-07-31,109.68628692626953
2017-08-01,109.48382568359375
2017-08-02,114.50454711914062
2017-08-03,112.0751724243164
2017-08-04,113.81623077392578
2017-08-07,114.58553314208984
2017-08-08,113.16839599609375
2017-08-09,109.88873291015625
2017-08-10,100.90005493164062
2017-08-11,107.66181182861328
2017-08-14,111.46781921386719
2017-08-16,113.73526000976562
2017-08-17,114.38307189941406
2017-08-18,113.6137924194336
2017-08-21,113.4923095703125
2017-08-22,114.58553314208984
2017-08-23,116.69099426269531
2017-08-24,118.12705993652344
2017-08-28,122.14804077148438
2017-08-29,121.28641510009766
2017-08-30,120.1785888671875
2017-08-31,119.80931854248047
2017-09-01,119.02971649169922
2017-09-04,122.84556579589844
2017-09-05,121.73777770996094
2017-09-06,123.13282012939453
2017-09-07,121.40950012207031
2017-09-08,121.53258514404297
2017-09-11,121.49156951904297
2017-09-12,120.09650421142578
2017-09-13,121.04022216796875
2017-09-14,120.95816802978516
2017-09-15,122.72249603271484
2017-09-18,123.871337890625
2017-09-19,126.1690444946289
2017-09-20,124.60987854003906
2017-09-21,126.29212951660156
2017-09-22,120.50684356689453
2017-09-25,113.16236877441406
2017-09-26,113.94194793701172
2017-09-27,111.35701751708984
2017-09-28,111.93144226074219
2017-09-29,115.5010986328125
2017-10-03,115.25491333007812
2017-10-04,118.537353515625
2017-10-05,118.86560821533203
2017-10-06,117.9629135131836
2017-10-09,118.08602142333984
2017-10-10,122.31219482421875
2017-10-11,125.63568115234375
2017-10-12,124.52783203125
2017-10-13,121.36847686767578
2017-10-16,118.66045379638672
2017-10-17,119.02971649169922
2017-10-18,119.07076263427734
2017-10-19,119.5221176147461
2017-10-23,119.9323959350586
2017-10-24,121.86084747314453
2017-10-25,115.87036895751953
2017-10-26,117.71674346923828
2017-10-27,119.02971649169922
2017-10-30,122.5993881225586
2017-10-31,123.62513732910156
2017-11-01,121.94290161132812
2017-11-02,123.5020980834961
2017-11-03,123.66616821289062
2017-11-06,121.20435333251953
2017-11-07,117.38849639892578
2017-11-08,115.04976654052734
2017-11-09,112.34173583984375
2017-11-10,112.99822998046875
2017-11-13,112.2186508178711
2017-11-14,114.7215347290039
2017-11-15,114.5573959350586
2017-11-16,116.60894775390625
2017-11-17,115.82933807373047
2017-11-20,117.10127258300781
2017-11-21,122.84556579589844
2017-11-22,119.72725677490234
2017-11-23,119.72725677490234
2017-11-24,118.90663146972656
2017-11-27,116.52686309814453
2017-11-28,115.62417602539062
2017-11-29,114.47533416748047
2017-11-30,117.18336486816406
2017-12-01,119.44002532958984
2017-12-04,118.98869323730469
2017-12-05,117.67570495605469
2017-12-06,118.98869323730469
2017-12-07,120.8761215209961
2017-12-08,118.25016784667969
2017-12-11,118.98869323730469
2017-12-12,117.06025695800781
2017-12-13,117.18336486816406
2017-12-14,120.79402923583984
2017-12-15,119.27592468261719
2017-12-18,122.02495574951172
2017-12-19,121.86084747314453
2017-12-20,120.58890533447266
2017-12-21,121.32743072509766
2017-12-22,120.21961975097656
2017-12-26,121.61463928222656
2017-12-27,120.09650421142578
2017-12-28,123.9123306274414
2017-12-29,125.10222625732422
2018-01-01,128.8770751953125
2018-01-02,129.3694305419922
2018-01-03,131.46200561523438
2018-01-04,131.83126831054688
2018-01-05,130.600341796875
2018-01-08,128.63087463378906
2018-01-09,126.62039184570312
2018-01-10,126.74346923828125
2018-01-11,126.78453063964844
2018-01-12,126.37420654296875
2018-01-15,128.5078125
2018-01-16,125.22535705566406
2018-01-17,127.64613342285156
2018-01-18,129.16429138183594
2018-01-19,126.70242309570312
2018-01-22,127.72820281982422
2018-01-23,130.2310791015625
2018-01-24,127.56411743164062
2018-01-25,126.45626831054688
2018-01-29,128.09747314453125
2018-01-30,127.97440338134766
2018-01-31,131.58509826660156
2018-02-01,126.57937622070312
2018-02-02,118.537353515625
2018-02-05,116.73202514648438
2018-02-06,116.11656188964844
2018-02-07,129.61563110351562
2018-02-08,128.5078125
2018-02-09,127.23584747314453
2018-02-12,127.35894775390625
2018-02-14,128.8770751953125
2018-02-15,129.90283203125
2018-02-16,128.13848876953125
2018-02-19,126.62039184570312
2018-02-20,129.0001678466797
2018-02-21,129.57455444335938
2018-02-22,126.41522216796875
2018-02-23,129.24635314941406
2018-02-26,139.75015258789062
2018-02-27,134.49827575683594
2018-02-28,138.47824096679688
2018-03-01,134.3341522216797
2018-03-05,134.25205993652344
2018-03-06,127.64613342285156
2018-03-07,125.18431091308594
2018-03-08,124.93814086914062
2018-03-09,125.67669677734375
2018-03-12,130.2310791015625
2018-03-13,132.20057678222656
2018-03-14,133.7186737060547
2018-03-15,136.50875854492188
2018-03-16,135.1547393798828
2018-03-19,135.85226440429688
2018-03-20,137.20628356933594
2018-03-21,139.17578125
2018-03-22,139.5450439453125
2018-03-23,134.66238403320312
2018-03-26,132.89805603027344
2018-03-27,135.64712524414062
2018-03-28,135.11370849609375
2018-04-02,133.80072021484375
2018-04-03,135.89332580566406
2018-04-04,134.37518310546875
2018-04-05,135.44195556640625
2018-04-06,136.18048095703125
2018-04-09,136.7959442138672
2018-04-10,136.59083557128906
2018-04-11,137.0421600341797
2018-04-12,136.54977416992188
2018-04-13,153.0030975341797
2018-04-16,146.19198608398438
2018-04-17,146.06890869140625
2018-04-18,146.4381561279297
2018-04-19,156.24449157714844
2018-04-20,165.6405029296875
2018-04-23,161.53744506835938
2018-04-24,160.8398895263672
2018-04-25,165.6405029296875
2018-04-26,170.23590087890625
2018-04-27,166.8303680419922
2018-04-30,160.4706268310547
2018-05-02,158.09083557128906
2018-05-03,163.99923706054688
2018-05-04,158.2549591064453
2018-05-07,155.05459594726562
2018-05-08,150.4181671142578
2018-05-09,147.95628356933594
2018-05-10,150.0898895263672
2018-05-11,141.35035705566406
2018-05-14,140.4887237548828
2018-05-15,140.16049194335938
2018-05-16,137.7806854248047
2018-05-17,137.65760803222656
2018-05-18,135.1547393798828
2018-05-21,131.7081756591797
2018-05-22,135.31887817382812
2018-05-23,130.10800170898438
2018-05-24,131.7081756591797
2018-05-25,133.96487426757812
2018-05-28,140.52975463867188
2018-05-29,143.56602478027344
2018-05-30,140.0784454345703
2018-05-31,138.68341064453125
2018-06-01,135.31887817382812
2018-06-04,132.89805603027344
2018-06-05,131.21580505371094
2018-06-06,133.63662719726562
2018-06-07,135.11370849609375
2018-06-08,136.7549285888672
2018-06-11,138.06793212890625
2018-06-12,137.28836059570312
2018-06-13,137.4524688720703
2018-06-14,133.3494110107422
2018-06-15,132.93910217285156
2018-06-18,134.41619873046875
2018-06-19,134.9085693359375
2018-06-20,132.61085510253906
2018-06-21,131.17474365234375
2018-06-22,131.42098999023438
2018-06-25,132.8160400390625
2018-06-26,131.33892822265625
2018-06-27,129.08221435546875
2018-06-28,129.24635314941406
2018-06-29,126.90760803222656
2018-07-02,126.70242309570312
2018-07-03,126.62039184570312
2018-07-04,126.8255615234375
2018-07-05,123.58413696289062
2018-07-06,123.2558822631836
2018-07-09,124.73300170898438
2018-07-10,125.10222625732422
2018-07-11,126.57937622070312
2018-07-12,124.36372375488281
2018-07-13,119.5221176147461
2018-07-16,113.16236877441406
2018-07-17,114.59843444824219
2018-07-18,115.58316040039062
2018-07-19,114.80355834960938
2018-07-20,117.26541900634766
2018-07-23,118.61941528320312
2018-07-24,119.80931854248047
2018-07-25,117.18336486816406
2018-07-26,118.90663146972656
2018-07-27,123.7892837524414
2018-07-30,121.90186309814453
2018-07-31,120.21961975097656
2018-08-01,120.1785888671875
2018-08-02,117.75776672363281
2018-08-03,118.86560821533203
2018-08-06,117.9629135131836
2018-08-07,116.48582458496094
2018-08-08,115.66520690917969
2018-08-09,114.80355834960938
2018-08-10,113.90090942382812
2018-08-13,113.32650756835938
2018-08-14,113.20337677001953
2018-08-16,116.44480895996094
2018-08-17,125.22535705566406
2018-08-20,122.8865966796875
2018-08-21,125.59461975097656
2018-08-23,122.96867370605469
2018-08-24,122.6362075805664
2018-08-27,126.37638092041016
2018-08-28,133.9813995361328
2018-08-29,135.18655395507812
2018-08-30,141.6695556640625
2018-08-31,137.26446533203125
2018-09-03,138.7189483642578
2018-09-04,134.3554229736328
2018-09-05,133.81517028808594
2018-09-06,134.68788146972656
2018-09-07,136.64111328125
2018-09-10,131.61260986328125
2018-09-11,134.4801025390625
2018-09-12,132.02822875976562
2018-09-14,135.51904296875
2018-09-17,133.56582641601562
2018-09-18,134.89566040039062
2018-09-19,134.978759765625
2018-09-21,134.4801025390625
2018-09-24,132.27755737304688
2018-09-25,129.11920166015625
2018-09-26,130.57369995117188
2018-09-27,128.86984252929688
2018-09-28,125.9608154296875
2018-10-01,123.1348876953125
2018-10-03,125.71146392822266
2018-10-04,122.09595489501953
2018-10-05,119.18694305419922
2018-10-08,114.20002746582031
2018-10-09,114.24159240722656
2018-10-10,116.5272445678711
2018-10-11,114.44937896728516
2018-10-12,115.11429595947266
2018-10-15,121.34793853759766
2018-10-16,121.59725952148438
2018-10-17,120.64147186279297
2018-10-19,119.5193862915039
2018-10-22,118.0233383178711
2018-10-23,119.5193862915039
2018-10-24,118.35577392578125
2018-10-25,118.7713623046875
2018-10-26,118.23110961914062
2018-10-29,118.7713623046875
2018-10-30,120.14273834228516
2018-10-31,119.5193862915039
2018-11-01,117.8986587524414
2018-11-02,120.5583267211914
2018-11-05,118.48045349121094
2018-11-06,117.73240661621094
2018-11-07,119.06227111816406
2018-11-09,118.14801025390625
2018-11-12,118.23110961914062
2018-11-13,118.18954467773438
2018-11-14,117.8986587524414
2018-11-15,118.93759155273438
2018-11-16,119.60250091552734
2018-11-19,118.48045349121094
2018-11-20,119.18694305419922
2018-11-21,120.05961608886719
2018-11-22,125.2127685546875
2018-11-26,123.92451477050781
2018-11-27,124.34005737304688
2018-11-28,123.1348876953125
2018-11-29,123.59200286865234
2018-11-30,127.24907684326172
2018-12-03,129.7841339111328
2018-12-04,128.0386962890625
2018-12-05,125.54520416259766
2018-12-06,121.51415252685547
2018-12-07,121.34793853759766
2018-12-10,117.35839080810547
2018-12-11,117.19217681884766
2018-12-12,121.51415252685547
2018-12-13,121.55571746826172
2018-12-14,119.81027221679688
2018-12-17,119.85184478759766
2018-12-18,120.72456359863281
2018-12-19,121.97129821777344
2018-12-20,122.30371856689453
2018-12-21,120.22586822509766
2018-12-24,119.56095123291016
2018-12-26,117.06748962402344
2018-12-27,118.89604187011719
2018-12-28,122.7193374633789
2018-12-31,123.17640686035156
2019-01-01,122.38687133789062
2019-01-02,128.6620635986328
2019-01-03,126.21014404296875
2019-01-04,129.03607177734375
2019-01-07,130.57369995117188
2019-01-08,130.1581268310547
2019-01-09,131.57107543945312
2019-01-10,136.05926513671875
2019-01-11,140.2981414794922
2019-01-14,139.30076599121094
2019-01-15,140.46437072753906
2019-01-16,135.93460083007812
2019-01-17,139.84103393554688
2019-01-18,135.89305114746094
2019-01-21,134.68788146972656
2019-01-22,134.68788146972656
2019-01-23,136.51641845703125
2019-01-24,138.42807006835938
2019-01-25,135.47747802734375
2019-01-28,133.60740661621094
2019-01-29,136.93199157714844
2019-01-30,141.17088317871094
2019-01-31,146.32400512695312
2019-02-01,143.7890167236328
2019-02-04,137.18136596679688
2019-02-05,134.31387329101562
2019-02-06,141.87733459472656
2019-02-07,141.4202117919922
2019-02-08,141.33712768554688
2019-02-11,141.33712768554688
2019-02-12,139.6748046875
2019-02-14,136.1008758544922
2019-02-15,134.10609436035156
2019-02-18,133.52427673339844
2019-02-19,132.98402404785156
2019-02-20,133.3580322265625
2019-02-21,130.69834899902344
2019-02-22,132.4438018798828
2019-02-25,132.4438018798828
2019-02-26,129.9918975830078
2019-02-27,130.11659240722656
2019-02-28,131.44639587402344
2019-03-01,133.4827117919922
2019-03-05,137.4722442626953
2019-03-06,136.1008758544922
2019-03-07,137.13978576660156
2019-03-08,135.3112335205078
2019-03-11,140.00721740722656
2019-03-12,140.96310424804688
2019-03-13,139.09300231933594
2019-03-14,137.4722442626953
2019-03-15,137.76316833496094
2019-03-18,135.89305114746094
2019-03-19,134.3554229736328
2019-03-20,133.52427673339844
2019-03-22,132.4438018798828
2019-03-25,132.98402404785156
2019-03-26,136.93199157714844
2019-03-27,141.5032958984375
2019-03-28,140.71376037597656
2019-04-01,138.1371612548828
2019-04-02,135.89305114746094
2019-04-03,137.26446533203125
2019-04-04,137.8878173828125
2019-04-05,135.0618896484375
2019-04-08,135.3943328857422
2019-04-09,135.22811889648438
2019-04-10,137.18136596679688
2019-04-11,140.46437072753906
2019-04-12,137.72157287597656
2019-04-15,141.5032958984375
2019-04-16,140.17347717285156
2019-04-18,138.09561157226562
2019-04-22,134.8541259765625
2019-04-23,133.15025329589844
2019-04-24,132.5269012451172
2019-04-25,132.56846618652344
2019-04-26,132.15286254882812
2019-04-30,128.9945068359375
2019-05-02,128.78671264648438
2019-05-03,128.82826232910156
2019-05-06,125.62834930419922
2019-05-07,124.42317199707031
2019-05-08,120.01809692382812
2019-05-09,118.10643768310547
2019-05-10,117.8986587524414
2019-05-13,114.36626434326172
2019-05-14,115.36363220214844
2019-05-15,115.48832702636719
2019-05-16,118.64668273925781
2019-05-17,135.10348510742188
2019-05-20,139.7578887939453
2019-05-21,134.0645294189453
2019-05-22,137.30599975585938
2019-05-23,135.14501953125
2019-05-24,141.4202117919922
2019-05-27,144.03831481933594
2019-05-28,152.05892944335938
2019-05-29,155.1341552734375
2019-05-30,156.50558471679688
2019-05-31,157.4198455810547
2019-06-03,151.22776794433594
2019-06-04,150.02259826660156
2019-06-06,152.931640625
2019-06-07,158.87437438964844
2019-06-10,156.87960815429688
2019-06-11,155.42507934570312
2019-06-12,150.39662170410156
2019-06-13,145.61752319335938
2019-06-14,140.75527954101562
2019-06-17,145.40972900390625
2019-06-18,146.9888916015625
2019-06-19,145.4928741455078
2019-06-20,146.7811279296875
2019-06-21,144.9110565185547
2019-06-24,142.12667846679688
2019-06-25,142.66693115234375
2019-06-26,142.08511352539062
2019-06-27,144.03831481933594
2019-06-28,145.53439331054688
2019-07-01,152.14205932617188
2019-07-02,148.3603057861328
2019-07-03,153.8459014892578
2019-07-04,152.3083038330078
2019-07-05,150.39662170410156
2019-07-08,142.45912170410156
2019-07-09,137.80470275878906
2019-07-10,131.82041931152344
2019-07-11,133.6489715576172
2019-07-12,134.8541259765625
2019-07-15,136.474853515625
2019-07-16,134.77101135253906
2019-07-17,134.60475158691406
2019-07-18,134.68788146972656
2019-07-19,134.68788146972656
2019-07-22,130.407470703125
2019-07-23,130.1996612548828
2019-07-24,127.87245178222656
2019-07-25,128.2880401611328
2019-07-26,128.7451629638672
2019-07-29,126.08549499511719
2019-07-30,123.01022338867188
2019-07-31,124.54786682128906
2019-08-01,122.51151275634766
2019-08-02,121.26480865478516
2019-08-05,118.18954467773438
2019-08-06,119.89339447021484
2019-08-07,121.80506896972656
2019-08-08,124.58941650390625
2019-08-09,122.92709350585938
2019-08-13,121.47261810302734
2019-08-14,121.51415252685547
2019-08-16,121.88814544677734
2019-08-19,121.92973327636719
2019-08-20,119.18694305419922
2019-08-21,116.90126037597656
2019-08-22,112.87018585205078
2019-08-23,123.92451477050781
2019-08-26,124.21538543701172
2019-08-27,123.05180358886719
2019-08-28,126.79195404052734
2019-08-29,128.08023071289062
2019-08-30,128.7451629638672
2019-09-03,126.79195404052734
2019-09-04,131.15548706054688
2019-09-05,134.3554229736328
2019-09-06,132.63021850585938
2019-09-09,131.36788940429688
2019-09-11,134.1029815673828
2019-09-12,133.5980224609375
2019-09-13,134.14503479003906
2019-09-16,134.7761993408203
2019-09-17,129.6847381591797
2019-09-18,131.2837371826172
2019-09-19,127.91749572753906
2019-09-20,143.69674682617188
2019-09-23,141.50868225097656
2019-09-24,140.7933807373047
2019-09-25,134.7761993408203
2019-09-26,135.57568359375
2019-09-27,133.85049438476562
2019-09-30,129.4322967529297
2019-10-01,130.2317657470703
2019-10-03,125.47696685791016
2019-10-04,126.44475555419922
2019-10-07,122.32109069824219
2019-10-09,123.70966339111328
2019-10-10,124.17253112792969
2019-10-11,124.76161193847656
2019-10-14,123.246826171875
2019-10-15,122.4893798828125
2019-10-16,127.83332061767578
2019-10-17,130.10556030273438
2019-10-18,130.7787628173828
2019-10-22,131.45201110839844
2019-10-23,134.86038208007812
2019-10-24,132.92478942871094
2019-10-25,134.73414611816406
2019-10-27,134.27127075195312
2019-10-29,134.3975067138672
2019-10-30,134.7761993408203
2019-10-31,143.36016845703125
2019-11-01,143.23391723632812
2019-11-04,143.7809295654297
2019-11-05,138.1845245361328
2019-11-06,138.01622009277344
2019-11-07,138.52117919921875
2019-11-08,141.50868225097656
2019-11-11,145.12741088867188
2019-11-13,138.73155212402344
2019-11-14,135.1549072265625
2019-11-15,131.07330322265625
2019-11-18,133.26138305664062
2019-11-19,133.2193145751953
2019-11-20,133.89254760742188
2019-11-21,128.29617309570312
2019-11-22,127.16007995605469
2019-11-25,126.69720458984375
2019-11-26,127.66502380371094
2019-11-27,127.7491683959961
2019-11-28,127.16007995605469
2019-11-29,125.3507080078125
2019-12-02,125.98188018798828
2019-12-03,123.6676025390625
2019-12-04,124.08837127685547
2019-12-05,122.65770721435547
2019-12-06,122.86811828613281
2019-12-09,122.02652740478516
2019-12-10,121.18495178222656
2019-12-11,120.68004608154297
2019-12-12,122.9522476196289
2019-12-13,122.9522476196289
2019-12-16,122.44732666015625
2019-12-17,125.98188018798828
2019-12-18,124.2566909790039
2019-12-19,121.68992614746094
2019-12-20,120.42757415771484
2019-12-23,120.97457885742188
2019-12-24,120.8062744140625
2019-12-26,123.58344268798828
2019-12-27,124.08837127685547
2019-12-30,126.90762329101562
2019-12-31,128.1278839111328
2020-01-01,128.8431854248047
2020-01-02,129.9372100830078
2020-01-03,129.17984008789062
2020-01-06,127.24421691894531
2020-01-07,129.5164337158203
2020-01-08,127.07588958740234
2020-01-09,131.1575164794922
2020-01-10,132.71437072753906
2020-01-13,132.88267517089844
2020-01-14,133.26138305664062
2020-01-15,145.2957305908203
2020-01-16,146.72640991210938
2020-01-17,147.44174194335938
2020-01-20,141.71908569335938
2020-01-21,144.2017059326172
2020-01-22,142.855224609375
2020-01-23,145.12741088867188
2020-01-24,143.27597045898438
2020-01-27,150.26097106933594
2020-01-28,150.513427734375
2020-01-29,149.20899963378906
2020-01-30,152.02821350097656
2020-01-31,152.2806854248047
2020-02-03,142.64480590820312
2020-02-04,145.96902465820312
2020-02-05,142.98141479492188
2020-02-06,140.2042694091797
2020-02-07,137.55335998535156
2020-02-10,137.00633239746094
2020-02-11,138.1424560546875
2020-02-12,136.7538604736328
2020-02-13,134.69207763671875
2020-02-14,137.09048461914062
2020-02-17,136.1227264404297
2020-02-18,129.81100463867188
2020-02-19,129.64268493652344
2020-02-20,127.7491683959961
2020-02-24,125.56108093261719
2020-02-25,130.6104736328125
2020-02-26,126.40264129638672
2020-02-27,125.64525604248047
2020-02-28,118.57612609863281
2020-03-02,116.47220611572266
2020-03-03,117.60832977294922
2020-03-04,113.56883239746094
2020-03-05,113.27430725097656
2020-03-06,109.40309143066406
2020-03-09,109.36103057861328
2020-03-11,116.0093765258789
2020-03-12,108.55564880371094
2020-03-13,111.41580200195312
2020-03-16,106.82221984863281
2020-03-17,103.3553695678711
2020-03-18,97.37506866455078
2020-03-19,91.8281021118164
2020-03-20,93.4315414428711
2020-03-23,85.54444122314453
2020-03-24,85.71778869628906
2020-03-25,89.61798858642578
2020-03-26,93.821533203125
2020-03-27,95.72830200195312
2020-03-30,90.57137298583984
2020-03-31,93.99488830566406
2020-04-01,91.87145233154297
2020-04-03,90.70137786865234
2020-04-07,97.80841064453125
2020-04-08,98.50179290771484
2020-04-09,103.78872680664062
2020-04-13,103.87541961669922
2020-04-15,111.7624740600586
2020-04-16,117.22276306152344
2020-04-17,112.10916900634766
2020-04-20,114.92597961425781
2020-04-21,110.28907012939453
2020-04-22,111.0257797241211
2020-04-23,111.11244201660156
2020-04-24,111.45913696289062
2020-04-27,112.45585632324219
2020-04-28,112.45585632324219
2020-04-29,113.84259796142578
2020-04-30,112.23916625976562
2020-05-04,110.41908264160156
2020-05-05,111.1557846069336
2020-05-06,112.3691635131836
2020-05-07,111.50244903564453
2020-05-08,108.98900604248047
2020-05-11,110.15904998779297
2020-05-12,111.28577423095703
2020-05-13,118.7828369140625
2020-05-14,123.67974853515625
2020-05-15,117.8294448852539
2020-05-18,112.54253387451172
2020-05-19,116.3127212524414
2020-05-20,117.26610565185547
2020-05-21,122.81304931640625
2020-05-22,120.64629364013672
2020-05-26,115.27266693115234
2020-05-27,113.84259796142578
2020-05-28,114.66596221923828
2020-05-29,112.4991683959961
2020-06-01,118.73949432373047
2020-06-02,116.9627456665039
2020-06-03,117.439453125
2020-06-04,117.35275268554688
2020-06-05,119.6062240600586
2020-06-08,118.69615936279297
2020-06-09,119.30284881591797
2020-06-10,118.52284240722656
2020-06-11,119.34620666503906
2020-06-12,117.61279296875
2020-06-15,120.77627563476562
2020-06-16,120.64629364013672
2020-06-17,123.41974639892578
2020-06-18,126.236572265625
2020-06-19,127.79662322998047
2020-06-22,129.66009521484375
2020-06-23,129.74673461914062
2020-06-24,124.4598159790039
2020-06-25,125.6298599243164
2020-06-26,125.10984802246094
2020-06-29,124.15644836425781
2020-06-30,123.02970886230469
2020-07-01,130.1800994873047
2020-07-02,127.70997619628906
2020-07-03,127.05995178222656
2020-07-06,133.12692260742188
2020-07-07,133.90696716308594
2020-07-08,133.43028259277344
2020-07-09,132.21688842773438
2020-07-10,134.03697204589844
2020-07-13,133.90696716308594
2020-07-14,131.1768341064453
2020-07-15,132.3468780517578
2020-07-16,133.30027770996094
2020-07-17,132.60687255859375
2020-07-20,133.69029235839844
2020-07-21,136.33375549316406
2020-07-22,136.20376586914062
2020-07-23,139.4539031982422
2020-07-24,136.24705505371094
2020-07-27,140.36398315429688
2020-07-28,142.44406127929688
2020-07-29,142.66073608398438
2020-07-30,135.7703857421875
2020-07-31,137.15713500976562
2020-08-03,134.73033142089844
2020-08-04,134.9903106689453
2020-08-05,135.987060546875
2020-08-06,135.64039611816406
2020-08-07,134.773681640625
2020-08-10,131.69683837890625
2020-08-11,132.3468780517578
2020-08-12,133.51693725585938
2020-08-13,134.64366149902344
2020-08-14,132.65023803710938
2020-08-17,132.39022827148438
2020-08-18,133.12692260742188
2020-08-19,131.7835235595703
2020-08-20,129.83343505859375
2020-08-21,131.9568634033203
2020-08-24,135.6837158203125
2020-08-25,135.64039611816406
2020-08-26,135.64039611816406
2020-08-27,134.73033142089844
2020-08-28,133.08358764648438
2020-08-31,128.6199951171875
2020-09-01,127.10326385498047
2020-09-02,127.75330352783203
2020-09-03,128.3600311279297
2020-09-04,126.3232421875
2020-09-07,122.98638916015625
2020-09-08,121.90300750732422
2020-09-09,117.26610565185547
2020-09-10,122.29303741455078
2020-09-11,123.63642120361328
2020-09-14,128.75003051757812
2020-09-15,127.88331604003906
2020-09-16,133.08358764648438
2020-09-17,132.7802276611328
2020-09-18,135.8570556640625
2020-09-21,132.1735382080078
2020-09-22,128.05662536621094
2020-09-23,128.57669067382812
2020-09-24,126.7999038696289
2020-09-25,130.7868194580078
2020-09-28,133.21360778808594
2020-09-29,134.38365173339844
2020-09-30,136.76710510253906
2020-10-01,139.58392333984375
2020-10-05,141.44735717773438
2020-10-06,143.39749145507812
2020-10-07,144.95755004882812
2020-10-08,145.60757446289062
2020-10-09,144.95755004882812
2020-10-12,143.18075561523438
2020-10-13,144.30747985839844
2020-10-14,143.61412048339844
2020-10-15,138.58717346191406
2020-10-16,138.28387451171875
2020-10-19,140.49398803710938
2020-10-20,142.44406127929688
2020-10-21,144.177490234375
2020-10-22,149.85443115234375
2020-10-23,145.86756896972656
2020-10-26,145.47756958007812
2020-10-27,145.04421997070312
2020-10-28,144.87086486816406
2020-10-29,140.49398803710938
2020-10-30,140.9273681640625
2020-11-02,135.8570556640625
2020-11-03,140.10394287109375
2020-11-04,140.1472930908203
2020-11-05,143.35411071777344
2020-11-06,142.7474365234375
2020-11-09,147.9910125732422
2020-11-10,148.5110626220703
2020-11-11,145.56422424316406
2020-11-12,151.3885498046875
2020-11-13,160.0809326171875
2020-11-14,162.06649780273438
2020-11-17,164.3168182373047
2020-11-18,163.47848510742188
2020-11-19,158.360107421875
2020-11-20,164.05206298828125
2020-11-23,164.2285614013672
2020-11-24,165.33164978027344
2020-11-25,167.53785705566406
2020-11-26,170.3617706298828
2020-11-27,179.89251708984375
2020-12-01,176.31846618652344
2020-12-02,174.9506378173828
2020-12-03,173.8475341796875
2020-12-04,174.59765625
2020-12-07,182.31932067871094
2020-12-08,183.24591064453125
2020-12-09,186.8640899658203
2020-12-10,191.71768188476562
2020-12-11,207.07273864746094
2020-12-14,203.41049194335938
2020-12-15,204.42532348632812
2020-12-16,202.39559936523438
2020-12-17,202.88099670410156
2020-12-18,197.7626190185547
2020-12-21,195.8653106689453
2020-12-22,193.04139709472656
2020-12-23,199.9688262939453
2020-12-24,203.14572143554688
2020-12-28,207.95521545410156
2020-12-29,208.1758270263672
2020-12-30,204.9989013671875
2020-12-31,200.98365783691406
2021-01-01,200.98365783691406
2021-01-04,205.30776977539062
2021-01-05,211.83810424804688
2021-01-06,216.1622314453125
2021-01-07,212.54409790039062
2021-01-08,211.79397583007812
2021-01-11,206.23439025878906
2021-01-12,205.26365661621094
2021-01-13,204.91064453125
2021-01-14,205.1312713623047
2021-01-15,202.52796936035156
2021-01-18,199.43931579589844
2021-01-19,200.01295471191406
2021-01-20,199.17457580566406
2021-01-21,211.7498321533203
2021-01-22,213.16180419921875
2021-01-25,205.48426818847656
2021-01-27,203.93997192382812
2021-01-28,210.82322692871094
2021-01-29,209.80841064453125
2021-02-01,206.76390075683594
2021-02-02,207.3374786376953
2021-02-03,212.36758422851562
2021-02-04,231.6937713623047
2021-02-05,217.8389129638672
2021-02-08,208.6611785888672
2021-02-09,206.41087341308594
2021-02-10,206.01376342773438
2021-02-11,214.1325225830078
2021-02-12,213.47067260742188
2021-02-15,210.337890625
2021-02-16,208.13168334960938
2021-02-17,204.95480346679688
2021-02-18,205.83724975585938
2021-02-19,207.24925231933594
2021-02-22,205.74900817871094
2021-02-23,202.4397430419922
2021-02-24,204.2488250732422
2021-02-25,215.41212463378906
2021-02-26,215.588623046875
2021-03-01,227.6785125732422
2021-03-02,218.45664978027344
2021-03-03,214.08840942382812
2021-03-04,213.5589141845703
2021-03-05,210.3820037841797
2021-03-08,206.94036865234375
2021-03-09,208.61709594726562
2021-03-10,206.98451232910156
2021-03-12,207.29336547851562
2021-03-15,211.3527374267578
2021-03-16,207.381591796875
2021-03-17,199.35108947753906
2021-03-18,191.54116821289062
2021-03-19,189.99685668945312
2021-03-22,195.07107543945312
2021-03-23,200.18942260742188
2021-03-24,198.8216094970703
2021-03-25,199.2628173828125
2021-03-26,200.41004943847656
2021-03-30,199.30697631835938
2021-03-31,202.13087463378906
2021-04-01,203.27810668945312
2021-04-05,196.5271453857422
2021-04-06,195.68881225585938
2021-04-07,196.83604431152344
2021-04-08,201.0718994140625
2021-04-09,204.95480346679688
2021-04-12,198.86570739746094
2021-04-13,198.9098358154297
2021-04-15,203.80758666992188
2021-04-16,200.01295471191406
2021-04-19,192.42364501953125
2021-04-20,191.01168823242188
2021-04-22,188.2760009765625
2021-04-23,186.77581787109375
2021-04-26,193.92381286621094
2021-04-27,198.24798583984375
2021-04-28,198.55682373046875
2021-04-29,193.65911865234375
2021-04-30,191.80592346191406
2021-05-03,192.86489868164062
2021-05-04,188.18775939941406
2021-05-05,191.01168823242188
2021-05-06,195.77706909179688
2021-05-07,193.30615234375
2021-05-10,197.32138061523438
2021-05-11,203.49871826171875
2021-05-12,225.64883422851562
2021-05-14,238.6653594970703
2021-05-17,248.9902801513672
2021-05-18,248.1078338623047
2021-05-19,251.1082305908203
2021-05-20,258.16802978515625
2021-05-21,252.5643310546875
2021-05-24,247.31358337402344
2021-05-25,259.71234130859375
2021-05-26,263.72760009765625
2021-05-27,262.97747802734375
2021-05-28,250.7552490234375
2021-05-31,253.79978942871094
2021-06-01,247.75486755371094
2021-06-02,249.78448486328125
2021-06-03,253.93215942382812
2021-06-04,255.43235778808594
2021-06-07,255.3882293701172
2021-06-08,251.7259979248047
2021-06-09,249.34327697753906
2021-06-10,251.15235900878906
2021-06-11,254.15277099609375
2021-06-14,250.57876586914062
2021-06-15,256.0500793457031
2021-06-16,273.611328125
2021-06-17,266.94866943359375
2021-06-18,274.44970703125
2021-06-21,274.89093017578125
2021-06-22,271.0962829589844
2021-06-23,264.78662109375
2021-06-24,258.5210266113281
2021-06-25,259.5359191894531
2021-06-28,260.1977233886719
2021-06-29,273.7878723144531
2021-06-30,270.5668029785156
2021-07-01,264.6983337402344
2021-07-02,260.2418212890625
2021-07-05,261.1684875488281
2021-07-06,259.97711181640625
2021-07-07,260.2418212890625
2021-07-08,260.2418212890625
2021-07-09,264.87481689453125
2021-07-12,265.448486328125
2021-07-13,268.9342041015625
2021-07-14,270.03729248046875
2021-07-15,269.4195556640625
2021-07-16,265.3601989746094
2021-07-19,268.8018798828125
2021-07-20,269.9049377441406
2021-07-22,268.9783020019531
2021-07-23,268.27239990234375
2021-07-26,278.9503479003906
2021-07-27,268.75775146484375
2021-07-28,266.0220642089844
2021-07-29,264.6100769042969
2021-07-30,269.1107482910156
2021-08-02,273.7878723144531
2021-08-03,281.641845703125
2021-08-04,280.671142578125
2021-08-05,282.2154846191406
2021-08-06,281.9066467285156
2021-08-09,280.9358825683594
2021-08-10,278.50909423828125
2021-08-11,288.039794921875
2021-08-12,285.9218444824219
2021-08-13,292.71697998046875
2021-08-16,283.1861877441406
2021-08-17,291.7020568847656
2021-08-18,296.0703125
2021-08-20,297.7911682128906
2021-08-23,286.7900085449219
2021-08-24,298.193603515625
2021-08-25,290.412353515625
2021-08-26,294.0793762207031
2021-08-27,288.4893493652344
2021-08-30,288.4446716308594
2021-08-31,287.1030578613281
2021-09-01,283.3465576171875
2021-09-02,283.39129638671875
2021-09-03,282.5863037109375
2021-09-06,281.46832275390625
2021-09-07,278.0695495605469
2021-09-08,279.8583679199219
2021-09-09,273.5528564453125
2021-09-13,282.0943603515625
2021-09-14,286.4769287109375
2021-09-15,289.9651794433594
2021-09-16,286.2086181640625
2021-09-17,279.590087890625
2021-09-20,273.7316589355469
2021-09-21,271.6298828125
2021-09-22,273.64227294921875
2021-09-23,274.3130798339844
2021-09-24,305.1252136230469
2021-09-27,297.47808837890625
2021-09-28,296.7625732421875
2021-09-29,299.5351867675781
2021-09-30,303.1576232910156
2021-10-01,303.9625244140625
2021-10-04,300.4743957519531
2021-10-05,308.6581115722656
2021-10-06,305.661865234375
2021-10-07,336.16094970703125
2021-10-08,388.57293701171875
2021-10-11,362.1881103515625
2021-10-12,344.03173828125
2021-10-13,343.6739501953125
2021-10-14,342.8690185546875
2021-10-18,344.836669921875
2021-10-19,328.7821350097656
2021-10-20,306.8692932128906
2021-10-21,309.32891845703125
2021-10-22,295.91290283203125
2021-10-25,288.7576904296875
2021-10-26,301.1898193359375
2021-10-27,306.3773498535156
2021-10-28,320.4195251464844
2021-10-29,330.6604309082031
2021-11-01,324.7573547363281
2021-11-02,327.97723388671875
2021-11-03,316.2605895996094
2021-11-04,314.2033996582031
2021-11-08,317.3785400390625
2021-11-09,319.1673583984375
2021-11-10,314.8741455078125
2021-11-11,314.6506042480469
2021-11-12,308.8370056152344
2021-11-15,318.4071044921875
2021-11-16,336.4293212890625
2021-11-17,318.1387939453125
2021-11-18,326.7698059082031
2021-11-22,322.92376708984375
2021-11-23,327.7088928222656
2021-11-24,339.3360900878906
2021-11-25,357.7160949707031
2021-11-26,330.43682861328125
2021-11-29,325.7859191894531
2021-11-30,325.56231689453125
2021-12-01,355.39068603515625
2021-12-02,355.3012390136719
2021-12-03,362.5906066894531
2021-12-06,352.1708068847656
2021-12-07,356.37445068359375
2021-12-08,367.06256103515625
2021-12-09,358.6552429199219
2021-12-10,357.89495849609375
2021-12-13,353.7359924316406
2021-12-14,357.7160949707031
2021-12-15,367.1967468261719
2021-12-16,361.20428466796875
2021-12-17,345.9099426269531
2021-12-20,334.774658203125
2021-12-21,339.6938171386719
2021-12-22,341.1248779296875
2021-12-23,351.3210754394531
2021-12-24,340.5435791015625
2021-12-27,345.8652648925781
2021-12-28,347.117431640625
2021-12-29,347.5645751953125
2021-12-30,346.4466552734375
2021-12-31,353.1098937988281
2022-01-03,358.02911376953125
2022-01-04,364.2452392578125
2022-01-05,383.787841796875
2022-01-06,381.7755126953125
2022-01-07,378.4662170410156
2022-01-10,387.0971374511719
2022-01-11,380.9258117675781
2022-01-12,405.7008056640625
2022-01-13,403.822509765625
2022-01-14,419.38507080078125
2022-01-17,420.9503479003906
2022-01-18,416.5229797363281
2022-01-19,431.8619689941406
2022-01-20,426.71923828125
2022-01-21,417.8646240234375
2022-01-24,394.2971496582031
2022-01-25,404.31439208984375
2022-01-27,406.952880859375
2022-01-28,386.4710998535156
2022-01-31,386.7841796875
2022-02-01,377.03509521484375
2022-02-02,360.8912048339844
2022-02-03,364.1110534667969
2022-02-04,359.001220703125
2022-02-07,357.4185485839844
2022-02-08,353.0321960449219
2022-02-09,365.4676513671875
2022-02-10,368.4974365234375
2022-02-11,350.8163757324219
2022-02-14,337.4765319824219
2022-02-15,347.2892150878906
2022-02-16,352.037353515625
2022-02-17,355.79058837890625
2022-02-18,346.7466125488281
2022-02-21,336.88861083984375
2022-02-22,331.73358154296875
2022-02-23,343.9429016113281
2022-02-24,319.7955322265625
2022-02-25,333.40673828125
2022-02-28,341.591552734375
2022-03-02,349.7311096191406
2022-03-03,352.1730041503906
2022-03-04,353.1225891113281
2022-03-07,343.3098449707031
2022-03-08,356.8758850097656
2022-03-09,357.7350158691406
2022-03-10,374.82818603515625
2022-03-11,382.5608215332031
2022-03-14,380.7971496582031
2022-03-15,367.5477600097656
2022-03-16,363.74932861328125
2022-03-17,378.1744689941406
2022-03-21,390.38385009765625
2022-03-22,394.5440368652344
2022-03-23,376.7274169921875
2022-03-24,375.596923828125
2022-03-25,370.6679992675781
2022-03-28,376.410888671875
2022-03-29,386.31402587890625
2022-03-30,381.4302673339844
2022-03-31,381.7468566894531
2022-04-01,389.11767578125
2022-04-04,419.2342224121094
2022-04-05,418.01324462890625
2022-04-06,423.3944091796875
2022-04-07,413.12945556640625
2022-04-08,420.3194274902344
2022-04-11,430.6748046875
2022-04-12,414.53131103515625
2022-04-13,429.2729797363281
2022-04-18,458.5303039550781
2022-04-19,412.858154296875
2022-04-20,409.3762512207031
2022-04-21,431.7149353027344
2022-04-22,424.34405517578125
2022-04-25,406.48211669921875
2022-04-26,415.8879089355469
2022-04-27,418.9176330566406
2022-04-28,420.1385803222656
2022-04-29,413.80780029296875
2022-05-02,417.28973388671875
2022-05-04,405.21600341796875
2022-05-05,407.7935485839844
2022-05-06,406.030029296875
2022-05-09,389.6151123046875
2022-05-10,386.58538818359375
2022-05-11,369.4469909667969
2022-05-12,374.6021423339844
2022-05-13,353.8913269042969
2022-05-16,348.0579528808594
2022-05-17,367.0956115722656
2022-05-18,371.6175842285156
2022-05-19,362.2569885253906
2022-05-20,358.1872253417969
2022-05-23,365.69378662109375
2022-05-24,362.9805908203125
2022-05-25,324.1366271972656
2022-05-26,312.6959228515625
2022-05-27,316.630126953125
2022-05-30,326.6236877441406
2022-05-31,328.6585998535156
2022-06-01,323.36785888671875
2022-06-02,330.0604553222656
2022-06-03,318.2127685546875
2022-06-06,320.4737548828125
2022-06-07,313.32904052734375
2022-06-08,305.4607849121094
2022-06-09,301.526611328125
2022-06-10,298.1351318359375
2022-06-13,289.76947021484375
2022-06-14,280.7707214355469
2022-06-15,289.3625183105469
2022-06-16,270.6866455078125
2022-06-17,271.27447509765625
2022-06-20,253.2317352294922
2022-06-21,264.4462890625
2022-06-22,250.83505249023438
2022-06-23,253.59349060058594
2022-06-24,257.4824523925781
2022-06-27,257.5728759765625
2022-06-28,244.1425323486328
2022-06-29,246.6748504638672
2022-06-30,240.70582580566406
2022-07-01,245.31822204589844
2022-07-04,248.75498962402344
2022-07-05,253.00563049316406
2022-07-06,255.22142028808594
2022-07-07,263.90362548828125
2022-07-08,269.55615234375
2022-07-11,274.3946228027344
2022-07-12,272.26934814453125
2022-07-13,268.7873840332031
2022-07-14,270.46051025390625
2022-07-15,274.5303649902344
2022-07-18,274.3494873046875
2022-07-19,274.3494873046875
2022-07-20,284.07171630859375
2022-07-21,280.4541320800781
2022-07-22,289.6338195800781
2022-07-25,285.92572021484375
2022-07-26,284.29779052734375
2022-07-27,290.08599853515625
2022-07-28,290.628662109375
2022-07-29,291.35211181640625
2022-08-01,303.5615539550781
2022-08-02,298.8134460449219
2022-08-03,289.8147277832031
2022-08-04,289.5885925292969
2022-08-05,290.9452209472656
2022-08-08,298.4516906738281
2022-08-10,298.0899353027344
2022-08-11,306.3652038574219
2022-08-12,310.118408203125
2022-08-16,309.033203125
2022-08-17,308.21917724609375
2022-08-18,309.7566833496094
2022-08-19,309.2548522949219
2022-08-22,294.0179138183594
2022-08-23,294.2916259765625
2022-08-24,296.70947265625
2022-08-25,298.76239013671875
2022-08-26,317.64886474609375
2022-08-29,315.8240966796875
2022-08-30,319.56488037109375
2022-09-01,321.70904541015625
2022-09-02,315.5047302246094
2022-09-05,315.3678894042969
2022-09-06,312.4482421875
2022-09-07,313.1781311035156
2022-09-08,317.3751220703125
2022-09-09,320.7510070800781
2022-09-12,332.4295959472656
2022-09-13,330.01177978515625
2022-09-14,324.35491943359375
2022-09-15,323.30572509765625
2022-09-16,311.9464111328125
2022-09-19,312.67633056640625
2022-09-20,320.477294921875
2022-09-21,313.3606262207031
2022-09-22,315.7327880859375
2022-09-23,300.6327819824219
2022-09-26,288.680419921875
2022-09-27,289.59283447265625
2022-09-28,276.6825256347656
2022-09-29,282.24810791015625
2022-09-30,291.4632568359375
2022-10-03,285.2134094238281
2022-10-04,292.37567138671875
2022-10-06,293.470458984375
2022-10-07,292.5124816894531
2022-10-10,290.64208984375
2022-10-11,291.9650573730469
2022-10-12,291.7825622558594
2022-10-13,290.5508728027344
2022-10-14,297.393798828125
2022-10-17,298.94482421875
2022-10-18,300.13092041015625
2022-10-19,294.3829040527344
2022-10-20,298.76239013671875
2022-10-21,296.0251770019531
2022-10-24,298.76239013671875
2022-10-25,298.12371826171875
2022-10-27,295.7970886230469
2022-10-28,288.81732177734375
2022-10-31,297.8043518066406
2022-11-01,297.5306396484375
2022-11-02,281.0619812011719
2022-11-03,283.1148376464844
2022-11-04,280.65142822265625
2022-11-07,282.8410949707031
2022-11-09,282.5674133300781
2022-11-10,272.62237548828125
2022-11-11,261.3087463378906
2022-11-14,265.5513610839844
2022-11-15,269.2921142578125
2022-11-16,261.85614013671875
2022-11-17,261.4911804199219
2022-11-18,257.704833984375
2022-11-21,261.1262512207031
2022-11-22,260.12261962890625
2022-11-23,270.8888244628906
2022-11-24,271.5731201171875
2022-11-25,276.5
2022-11-28,281.4725646972656
2022-11-29,279.60211181640625
2022-11-30,278.0966796875
2022-12-01,276.8650207519531
2022-12-02,275.587646484375
2022-12-05,282.33935546875
2022-12-06,280.5602111816406
2022-12-07,281.70068359375
2022-12-08,284.7572326660156
2022-12-09,278.8722839355469
2022-12-12,283.84478759765625
2022-12-13,286.4450988769531
2022-12-14,285.6695251464844
2022-12-15,286.5362854003906
2022-12-16,287.63116455078125
2022-12-19,278.1423645019531
2022-12-20,278.96343994140625
2022-12-21,275.3139343261719
2022-12-22,269.200927734375
2022-12-23,252.73223876953125
2022-12-26,263.5440979003906
2022-12-27,269.3377685546875
2022-12-28,277.00189208984375
2022-12-29,277.6861267089844
2022-12-30,283.0236511230469
2023-01-02,286.6275329589844
2023-01-03,286.9925231933594
2023-01-04,288.7716979980469
2023-01-05,290.00341796875
2023-01-06,285.85205078125
2023-01-09,286.71881103515625
2023-01-10,281.70068359375
2023-01-11,281.6550598144531
2023-01-12,280.377685546875
2023-01-13,279.8758850097656
2023-01-16,273.9909362792969
2023-01-17,276.27191162109375
2023-01-18,279.4653015136719
2023-01-19,281.974365234375
2023-01-20,276.9106140136719
2023-01-23,278.3704528808594
2023-01-24,273.1697998046875
2023-01-25,269.8395690917969
2023-01-27,266.23565673828125
2023-01-30,264.41082763671875
2023-01-31,285.3045959472656
2023-02-01,271.116943359375
2023-02-02,270.4326477050781
2023-02-03,268.1060791015625
2023-02-06,268.3797302246094
2023-02-07,264.5021057128906
2023-02-08,270.2045593261719
2023-02-09,270.7519226074219
2023-02-10,272.0749206542969
2023-02-13,275.13140869140625
2023-02-14,274.4471740722656
2023-02-15,277.09307861328125
2023-02-16,278.01922607421875
2023-02-17,271.58270263671875
2023-02-20,269.6841735839844
2023-02-21,265.4703369140625
2023-02-22,259.1728210449219
2023-02-23,256.9038391113281
2023-02-24,253.9402618408203
2023-02-27,251.11563110351562
2023-02-28,254.3107147216797
2023-03-01,260.83978271484375
2023-03-02,259.2190856933594
2023-03-03,262.1363220214844
2023-03-06,268.6654968261719
2023-03-08,270.9807434082031
2023-03-09,268.758056640625
2023-03-10,265.146240234375
2023-03-13,254.40330505371094
2023-03-14,256.25555419921875
2023-03-15,255.83876037597656
2023-03-16,255.56094360351562
2023-03-17,254.12548828125
2023-03-20,249.54122924804688
2023-03-21,249.8653564453125
2023-03-22,250.37472534179688
2023-03-23,248.80030822753906
2023-03-24,242.45645141601562
2023-03-27,236.11256408691406
2023-03-28,232.40811157226562
2023-03-29,239.95596313476562
2023-03-31,244.5865020751953
2023-04-03,251.8101348876953
2023-04-05,252.4584197998047
2023-04-06,252.4584197998047
2023-04-10,257.9225769042969
2023-04-11,258.4319152832031
2023-04-12,264.0811462402344
2023-04-13,268.1560974121094
2023-04-17,264.12750244140625
2023-04-18,262.6920471191406
2023-04-19,261.2102355957031
2023-04-20,256.34814453125
2023-04-21,256.7186279296875
2023-04-24,254.63487243652344
2023-04-25,254.86636352539062
2023-04-26,262.27532958984375
2023-04-27,263.8033447265625
2023-04-28,264.54425048828125
2023-05-02,266.58172607421875
2023-05-03,272.138427734375
2023-05-04,279.2694091796875
2023-05-05,278.1117858886719
2023-05-08,278.4359130859375
2023-05-09,278.0655212402344
2023-05-10,275.00933837890625
2023-05-11,273.0644836425781
2023-05-12,268.619140625
2023-05-15,270.2398681640625
2023-05-16,274.036865234375
2023-05-17,278.9453430175781
2023-05-18,273.0644836425781
2023-05-19,269.1285095214844
2023-05-22,271.02703857421875
2023-05-23,269.8694152832031
2023-05-24,267.7393493652344
2023-05-25,263.9422912597656
2023-05-26,265.42401123046875
2023-05-29,264.68316650390625
2023-05-30,259.3580017089844
2023-05-31,259.4969177246094
2023-06-01,259.4969177246094
2023-06-02,260.00628662109375
2023-06-05,260.7471923828125
2023-06-06,258.4319152832031
2023-06-07,260.14520263671875
2023-06-08,258.3393249511719
2023-06-09,254.1717987060547
2023-06-12,257.876220703125
2023-06-13,259.26544189453125
2023-06-14,258.2929992675781
2023-06-15,256.57965087890625
2023-06-16,257.7373046875
2023-06-19,257.78363037109375
2023-06-20,258.38555908203125
2023-06-21,258.4319152832031
2023-06-22,253.24571228027344
2023-06-23,248.10572814941406
2023-06-26,252.4584197998047
2023-06-27,252.9678497314453
2023-06-28,251.8101348876953
2023-06-30,252.50474548339844
2023-07-03,253.84764099121094
2023-07-04,252.08802795410156
2023-07-05,253.01412963867188
2023-07-06,257.6910095214844
2023-07-07,254.0328369140625
2023-07-10,253.61610412597656
2023-07-11,252.273193359375
2023-07-12,250.93038940429688
2023-07-13,245.60523986816406
2023-07-14,246.62393188476562
2023-07-17,247.7815704345703
2023-07-18,245.69781494140625
2023-07-19,246.20721435546875
2023-07-20,249.8653564453125
2023-07-21,248.7077178955078
2023-07-24,249.81906127929688
2023-07-25,249.9579620361328
2023-07-26,255.32943725585938
2023-07-27,252.7826385498047
2023-07-28,254.54225158691406
2023-07-31,256.6260070800781
2023-08-01,259.0801696777344
2023-08-02,253.66241455078125
2023-08-03,248.6614227294922
2023-08-04,251.43971252441406
2023-08-07,253.52349853515625
2023-08-08,254.72744750976562
2023-08-09,253.10671997070312
2023-08-10,249.07815551757812
2023-08-11,246.06829833984375
2023-08-14,235.83473205566406
2023-08-16,236.76083374023438
2023-08-17,244.216064453125
2023-08-18,240.9746856689453
2023-08-21,244.58175659179688
2023-08-22,247.3925323486328
2023-08-23,252.8734893798828
2023-08-24,255.12208557128906
2023-08-25,252.77980041503906
2023-08-28,257.41754150390625
2023-08-29,261.35260009765625
2023-08-30,262.1488952636719
2023-08-31,257.8391418457031
2023-09-01,261.35260009765625
2023-09-04,261.7273254394531
2023-09-05,264.6318054199219
2023-09-06,267.4893798828125
2023-09-07,269.6442565917969
2023-09-08,265.5686950683594
2023-09-11,266.1308288574219
2023-09-12,261.35260009765625
2023-09-13,266.5055847167969
2023-09-14,266.59930419921875
2023-09-15,268.56683349609375
2023-09-18,264.163330078125
2023-09-20,264.4444274902344
2023-09-21,262.0084228515625
2023-09-22,261.86785888671875
2023-09-25,263.320068359375
2023-09-26,262.0084228515625
2023-09-27,262.24261474609375
2023-09-28,255.63735961914062
2023-09-29,259.3850402832031
2023-10-03,258.2138977050781
2023-10-04,254.4193878173828
2023-10-05,255.68418884277344
2023-10-06,257.136474609375
2023-10-09,255.68418884277344
2023-10-10,266.2713928222656
2023-10-11,266.5524597167969
2023-10-12,272.6892395019531
2023-10-13,272.8298034667969
2023-10-16,276.7179870605469
2023-10-17,276.57745361328125
2023-10-18,275.2657775878906
2023-10-19,276.95220947265625
2023-10-20,270.8622741699219
2023-10-23,259.8066711425781
2023-10-25,258.3544616699219
2023-10-26,252.96717834472656
2023-10-27,262.0084228515625
2023-10-30,263.9290771484375
2023-10-31,270.3469543457031
2023-11-01,267.3488464355469
2023-11-02,267.9578552246094
2023-11-03,268.8010559082031
2023-11-06,272.0334167480469
2023-11-07,271.7991943359375
2023-11-08,281.2620544433594
2023-11-09,287.8672790527344
2023-11-10,288.382568359375
2023-11-13,281.8710021972656
2023-11-15,289.860595703125
2023-11-16,293.95050048828125
2023-11-17,291.9055480957031
2023-11-20,289.7654724121094
2023-11-21,295.4248046875
2023-11-22,296.994140625
2023-11-23,295.7577209472656
2023-11-24,293.570068359375
2023-11-28,299.1342468261719
2023-11-29,303.4619140625
2023-11-30,302.7010498046875
2023-12-01,304.5557861328125
2023-12-04,309.07373046875
2023-12-05,312.3075866699219
2023-12-06,334.659423828125
2023-12-07,332.4717712402344
2023-12-08,325.1955261230469
2023-12-11,331.14019775390625
2023-12-12,335.75323486328125
2023-12-13,342.1258850097656
2023-12-14,334.84967041015625
2023-12-15,332.9473571777344
2023-12-18,336.32391357421875
2023-12-19,331.6632995605469
2023-12-20,313.1636047363281
2023-12-21,328.0965270996094
2023-12-22,342.2209777832031
2023-12-26,353.01641845703125
2023-12-27,348.546142578125
2023-12-28,362.813232421875
2023-12-29,355.156494140625
2024-01-01,361.57672119140625
2024-01-02,361.5292053222656
2024-01-03,367.8067321777344
2024-01-04,367.7591857910156
2024-01-05,354.58587646484375
2024-01-08,359.9598083496094
2024-01-09,360.8158264160156
2024-01-10,356.1552734375
2024-01-11,361.62432861328125
2024-01-12,365.0008544921875
2024-01-15,366.8079833984375
2024-01-16,367.9018249511719
2024-01-17,366.1422424316406
2024-01-18,363.90704345703125
2024-01-19,355.0614013671875
2024-01-23,334.80206298828125
2024-01-24,351.3044128417969
2024-01-25,350.5910339355469
2024-01-29,352.6360168457031
2024-01-30,340.12847900390625
2024-01-31,348.9266052246094
2024-02-01,345.16949462890625
2024-02-02,341.9356384277344
2024-02-05,330.52197265625
2024-02-06,340.6515808105469
2024-02-07,359.1988830566406
2024-02-08,344.83660888671875
2024-02-09,344.3135070800781
2024-02-12,337.6079406738281
2024-02-13,340.8418273925781
2024-02-14,338.2261962890625
2024-02-15,345.3597717285156
2024-02-16,350.6385803222656
2024-02-19,347.7851867675781
2024-02-20,350.8763732910156
2024-02-21,348.11810302734375
2024-02-22,352.92132568359375
2024-02-23,349.63995361328125
2024-02-26,339.7004699707031
2024-02-27,337.37017822265625
2024-02-28,328.0014343261719
2024-02-29,333.8984680175781
2024-03-01,336.942138671875
2024-03-04,337.2750549316406
2024-03-05,339.938232421875
2024-03-06,340.7467041015625
2024-03-07,354.53826904296875
2024-03-11,354.4907531738281
2024-03-12,341.3174133300781
2024-03-13,321.2483215332031
2024-03-14,330.0463562011719
2024-03-15,329.9988098144531
2024-03-18,327.1453857421875
2024-03-19,324.2444152832031
2024-03-20,321.1532287597656
2024-03-21,327.0502624511719
2024-03-22,327.0502624511719
2024-03-26,326.6222229003906
2024-03-27,327.1929626464844
2024-03-28,325.2906799316406
2024-04-01,339.9858093261719
2024-04-02,344.3610534667969
2024-04-03,355.82232666015625
2024-04-04,351.2568054199219
2024-04-05,362.14739990234375
2024-04-08,358.8659362792969
2024-04-09,356.01251220703125
2024-04-10,362.38519287109375
2024-04-12,355.1089782714844
2024-04-15,348.02294921875
2024-04-16,355.25164794921875
2024-04-18,347.5949401855469
2024-04-19,351.44708251953125
2024-04-22,354.1578369140625
2024-04-23,361.8145446777344
2024-04-24,382.5494384765625
2024-04-25,388.8745422363281
2024-04-26,402.1905212402344
2024-04-29,405.8524169921875
2024-04-30,403.6647644042969
2024-05-02,395.1044921875
2024-05-03,385.87841796875
2024-05-06,381.55072021484375
2024-05-07,370.0419006347656
2024-05-08,384.9272766113281
2024-05-09,368.0920715332031
2024-05-10,374.1318054199219
2024-05-13,373.13311767578125
2024-05-14,379.2679748535156
2024-05-15,380.6471862792969
2024-05-16,384.1188049316406
2024-05-17,385.16510009765625
2024-05-21,382.8822937011719
2024-05-22,378.1266174316406
2024-05-23,375.8438720703125
2024-05-24,386.1162414550781
2024-05-27,389.15985107421875
2024-05-28,385.83087158203125
2024-05-29,384.1663818359375
2024-05-30,379.1728515625
2024-05-31,370.13702392578125
2024-06-03,387.21002197265625
2024-06-04,334.7545471191406
2024-06-05,371.51617431640625
2024-06-06,382.6921081542969
2024-06-07,387.970947265625
2024-06-10,404.7585754394531
2024-06-11,402.57098388671875
2024-06-12,406.61334228515625
2024-06-13,413.604248046875
2024-06-14,405.8524169921875
2024-06-18,416.9332275390625
2024-06-19,444.8016662597656
2024-06-20,530.5946655273438
2024-06-21,491.8356628417969
2024-06-24,496.3060302734375
2024-06-25,481.94378662109375
2024-06-26,495.1170959472656
2024-06-27,474.3822326660156
2024-06-28,482.03887939453125
2024-07-01,497.5900573730469
2024-07-02,483.2754211425781
2024-07-03,490.1711120605469
2024-07-04,492.7868347167969
2024-07-05,492.35882568359375
2024-07-08,508.1952819824219
2024-07-09,487.6506652832031
2024-07-10,476.141845703125
2024-07-11,472.1470031738281
2024-07-12,480.279296875
2024-07-15,482.8949890136719
2024-07-16,480.707275390625
2024-07-18,486.6519470214844
2024-07-19,466.72552490234375
2024-07-22,484.892333984375
2024-07-23,462.3978271484375
2024-07-24,469.911865234375
2024-07-25,463.6818542480469
2024-07-26,471.2434387207031
2024-07-29,479.7086181640625
2024-07-30,491.4552307128906
2024-07-31,492.69171142578125
2024-08-01,496.3060302734375
2024-08-02,499.7777099609375
2024-08-05,476.2930908203125
2024-08-06,470.6491394042969
2024-08-07,494.75555419921875
2024-08-08,490.88134765625
2024-08-09,499.8255615234375
2024-08-12,504.3694152832031
2024-08-13,468.6402587890625
2024-08-14,464.95733642578125
2024-08-16,469.7403564453125
2024-08-19,475.3843078613281
2024-08-20,483.4198303222656
2024-08-21,501.0212707519531
2024-08-22,499.44293212890625
2024-08-23,486.8635559082031
2024-08-26,482.41534423828125
2024-08-27,493.3684997558594
2024-08-28,492.7945251464844
2024-08-29,486.81573486328125
2024-08-30,497.6253967285156
2024-09-02,505.89996337890625
2024-09-03,505.5173645019531
2024-09-04,508.1958312988281
2024-09-05,491.4074401855469
2024-09-06,479.5455627441406
2024-09-09,482.08056640625
2024-09-10,489.54205322265625
2024-09-11,480.50213623046875
2024-09-12,485.6678466796875
2024-09-13,485.6199645996094
2024-09-16,492.22052001953125
2024-09-17,496.764404296875
2024-09-18,498.6297607421875
2024-09-19,458.0697937011719
2024-09-20,460.1264953613281
2024-09-23,470.3621826171875
2024-09-24,479.5933837890625
2024-09-25,493.2728271484375
2024-09-26,486.0504455566406
2024-09-27,502.4562072753906
2024-09-30,506.4739685058594
2024-10-01,523.74072265625
2024-10-03,508.1002502441406
2024-10-04,476.6278991699219
2024-10-07,458.7394104003906
2024-10-08,474.1885986328125
2024-10-09,473.9015808105469
2024-10-10,476.1496276855469
2024-10-11,475.91046142578125
2024-10-14,480.0716857910156
2024-10-15,482.2240295410156
2024-10-16,479.83251953125
2024-10-17,478.58892822265625
2024-10-18,471.653564453125
2024-10-21,466.10528564453125
2024-10-22,460.4134521484375
2024-10-23,449.4603271484375
2024-10-24,451.27789306640625
2024-10-25,438.7942199707031
2024-10-28,425.4974060058594
2024-10-29,440.56390380859375
2024-10-30,453.143310546875
2024-10-31,462.6136474609375
2024-11-01,463.1876525878906
2024-11-04,456.395751953125
2024-11-05,463.0920104980469
2024-11-06,481.55438232421875
2024-11-07,493.2728271484375
2024-11-08,461.7048645019531
2024-11-11,458.9785461425781
2024-11-12,462.9484558105469
2024-11-13,441.9031982421875
2024-11-14,449.4603271484375
2024-11-18,444.15118408203125
2024-11-19,448.212646484375
2024-11-21,440.3798522949219
2024-11-22,448.6961975097656
2024-11-25,463.39483642578125
2024-11-26,463.97503662109375
2024-11-27,473.01666259765625
2024-11-28,481.57476806640625
2024-11-29,498.30419921875
2024-12-02,507.4908447265625
2024-12-03,507.78094482421875
2024-12-04,516.725830078125
2024-12-05,527.024658203125
2024-12-06,524.7521362304688
2024-12-09,510.7303771972656
2024-12-10,519.0950317382812
2024-12-11,516.387451171875
2024-12-12,512.4710083007812
2024-12-13,510.44024658203125
2024-12-16,514.4050903320312
2024-12-17,512.1325073242188
2024-12-18,506.86236572265625
2024-12-19,509.95672607421875
2024-12-20,492.3570251464844
2024-12-23,491.0032043457031
2024-12-24,486.3615417480469
2024-12-26,483.8956298828125
2024-12-27,483.12200927734375
2024-12-30,474.1770935058594
2024-12-31,477.65838623046875
2025-01-01,487.0384216308594
2025-01-02,489.60101318359375
2025-01-03,483.7989196777344
2025-01-06,463.7816467285156
2025-01-07,485.587890625
2025-01-08,483.9923400878906
2025-01-09,475.7726745605469
2025-01-10,465.52227783203125
2025-01-13,439.41278076171875
2025-01-14,459.3817138671875
2025-01-15,469.29364013671875
2025-01-16,480.2209777832031
2025-01-17,484.3307800292969
2025-01-20,481.4780578613281
2025-01-21,476.69134521484375
2025-01-22,481.1396179199219
2025-01-23,492.5020751953125
2025-01-24,479.6890869140625
2025-01-27,462.8146667480469
2025-01-28,452.08074951171875
2025-01-29,474.6606140136719
2025-01-30,477.7066955566406
2025-01-31,487.4736022949219
2025-02-01,475.04742431640625
2025-02-03,478.4319763183594
2025-02-04,495.8382873535156
2025-02-05,500.7217102050781
2025-02-06,502.7041015625
2025-02-07,537.4200439453125
2025-02-10,529.248779296875
2025-02-11,509.08642578125
2025-02-12,511.84246826171875
2025-02-13,517.59619140625
2025-02-14,510.7303771972656
2025-02-17,524.8971557617188
2025-02-18,519.2884521484375
2025-02-19,519.0950317382812
2025-02-20,542.8353881835938
2025-02-21,531.8596801757812
2025-02-24,520.1104125976562
2025-02-25,545.5913696289062
2025-02-27,555.7933959960938
2025-02-28,516.0973510742188
2025-03-03,527.363037109375
2025-03-04,518.5148315429688
2025-03-05,552.2637329101562
2025-03-06,557.8724975585938
2025-03-07,552.3604736328125
2025-03-10,555.116455078125
2025-03-11,545.0111083984375
2025-03-12,546.703369140625
2025-03-13,538.193603515625
2025-03-17,559.8065185546875
2025-03-18,559.8065185546875
2025-03-19,567.5910034179688
2025-03-20,560.4351196289062
2025-03-21,577.35791015625
2025-03-24,599.0673828125
2025-03-25,594.0872192382812
2025-03-26,597.6652221679688
2025-03-27,598.92236328125
2025-03-28,604.8695068359375
2025-04-01,600.90478515625
2025-04-02,613.2825927734375
2025-04-03,608.5441284179688
2025-04-04,603.9992065429688
2025-04-07,592.58837890625
2025-04-08,610.8167114257812
2025-04-09,617.0055541992188
2025-04-11,623.9680786132812
2025-04-15,642.0997314453125
2025-04-16,633.15478515625
2025-04-17,651.383056640625
2025-04-21,667.3388671875
2025-04-22,662.116943359375
2025-04-23,665.8883056640625
2025-04-24,665.5499267578125
2025-04-25,654.52587890625
2025-04-28,668.1608276367188
2025-04-29,668.7893676757812
2025-04-30,669.8047485351562
2025-05-02,670.5300903320312
2025-05-05,668.0641479492188
2025-05-06,702.6834106445312
2025-05-07,686.2924194335938
2025-05-08,668.257568359375
2025-05-09,671.0135498046875
2025-05-12,666.6135864257812
2025-05-13,635.8624267578125
2025-05-14,626.5791625976562
2025-05-15,615.119873046875
2025-05-16,611.2518310546875
2025-05-19,601.2432250976562
2025-05-20,583.4984741210938
2025-05-21,583.93359375
2025-05-22,571.6041259765625
2025-05-23,574.6986083984375
2025-05-26,567.4459228515625
2025-05-27,574.5051879882812
2025-05-28,562.9976806640625
2025-05-29,566.6240234375
2025-05-30,532.8267211914062
2025-06-02,537.1299438476562
2025-06-03,543.3672485351562
2025-06-04,540.8529663085938
2025-06-05,534.3739013671875
2025-06-06,522.23779296875
2025-06-09,533.745361328125
2025-06-10,546.3649291992188
2025-06-11,546.1232299804688
2025-06-12,526.5411376953125
2025-06-13,531.327880859375
2025-06-16,539.8375244140625
2025-06-17,537.1299438476562
2025-06-18,532.8267211914062
2025-06-19,525.8157958984375
2025-06-20,532.6815795898438
2025-06-23,544.7210693359375
2025-06-24,544.1891479492188
2025-06-25,541.8199462890625
2025-06-26,539.4992065429688
2025-06-27,541.7716674804688
2025-06-30,546.606689453125
2025-07-01,540.3694458007812
2025-07-02,531.7630004882812
2025-07-03,546.5100708007812
2025-07-04,544.7210693359375
2025-07-07,539.3057861328125
2025-07-08,535.776123046875
2025-07-09,536.5497436523438
2025-07-10,532.48828125
2025-07-11,517.5478515625
2025-07-14,526.7828369140625
2025-07-15,535.1475830078125
2025-07-16,533.8904418945312
2025-07-17,536.59814453125
2025-07-18,530.5542602539062
2025-07-21,533.503662109375
2025-07-22,532.0531005859375
2025-07-23,540.4661865234375
2025-07-24,536.1629028320312
2025-07-25,520.2554931640625
2025-07-28,512.4226684570312
2025-07-29,515.1303100585938
2025-07-30,520.4489135742188
2025-07-31,497.91741943359375
2025-08-01,501.20526123046875
2025-08-04,514.5985107421875
2025-08-05,553.9876708984375
2025-08-06,555.9400634765625
2025-08-07,548.2769775390625
2025-08-08,517.9174194335938
2025-08-11,509.81512451171875
2025-08-12,523.872314453125
2025-08-13,514.7448120117188
2025-08-14,516.0138549804688
2025-08-18,522.0174560546875
2025-08-19,536.7579345703125
2025-08-20,549.5460205078125
2025-08-21,549.2532348632812
2025-08-22,548.1793823242188
2025-08-25,542.4686889648438
2025-08-26,539.5401000976562
2025-08-28,528.8507690429688
2025-08-29,527.2400512695312
2025-09-01,531.876953125
2025-09-02,545.7388916015625
2025-09-03,556.18408203125
2025-09-04,544.3722534179688
2025-09-05,540.2234497070312
2025-09-08,536.465087890625
2025-09-09,525.0924682617188
2025-09-10,532.1210327148438
2025-09-11,530.3150634765625
2025-09-12,526.4103393554688
2025-09-15,526.0686645507812
2025-09-16,532.4627075195312
2025-09-17,541.00439453125
2025-09-18,534.5614624023438
2025-09-19,530.2662963867188
2025-09-22,526.8984375
2025-09-23,524.3115234375
2025-09-24,520.1138916015625
2025-09-25,515.33056640625
2025-09-26,507.3258361816406
2025-09-29,496.29486083984375
2025-09-30,498.58892822265625
2025-10-01,498.4424743652344
2025-10-03,507.3258361816406
2025-10-06,504.64129638671875
2025-10-07,498.4913024902344
2025-10-08,498.1984558105469
2025-10-09,494.9770202636719
2025-10-10,486.4841613769531
2025-10-13,487.21630859375
2025-10-14,471.69488525390625
2025-10-15,473.5008239746094
2025-10-16,478.5770263671875
2025-10-17,472.62225341796875
2025-10-20,471.5484619140625
2025-10-21,477.01513671875
2025-10-23,482.87225341796875
2025-10-24,476.380615234375
2025-10-27,475.25799560546875
2025-10-28,475.7948913574219
2025-10-29,483.6044006347656
2025-10-30,473.0615539550781
2025-10-31,469.4008483886719
2025-11-03,476.6734313964844
2025-11-04,470.0353698730469
2025-11-06,473.1591796875
2025-11-07,468.4246520996094
2025-11-10,457.68658447265625
2025-11-11,457.8345947265625
2025-11-12,460.4000244140625
2025-11-13,459.90667724609375
2025-11-14,457.3905334472656
2025-11-17,463.06414794921875
2025-11-18,457.8345947265625
2025-11-19,451.17425537109375
2025-11-20,451.42095947265625
2025-11-21,453.04901123046875
2025-11-24,434.5975036621094
2025-11-25,440.76446533203125
2025-11-26,436.27490234375
2025-11-27,436.71893310546875
2025-11-28,434.3014831542969
2025-12-01,435.8309020996094
2025-12-02,433.117431640625
2025-12-03,428.57855224609375
2025-12-04,427.64117431640625
2025-12-05,426.1117858886719
2025-12-08,415.3072814941406
2025-12-09,414.271240234375
2025-12-10,421.17822265625
2025-12-11,422.5102844238281
2025-12-12,427.7398376464844
2025-12-15,430.9466552734375
2025-12-16,439.87640380859375
2025-12-17,436.0282287597656
2025-12-18,434.350830078125
2025-12-19,439.4324035644531
2025-12-22,459.7586669921875
2025-12-23,462.6694641113281
2025-12-24,467.2083435058594
2025-12-26,467.2083435058594
2025-12-29,468.83642578125
2025-12-30,465.87628173828125
2025-12-31,475.694091796875
2026-01-01,473.86865234375
2026-01-02,473.5233154296875
2026-01-05,477.1247863769531
2026-01-06,467.8497009277344
2026-01-07,461.9787902832031
2026-01-08,447.96746826171875
2026-01-09,444.56329345703125
2026-01-12,430.7492980957031
2026-01-13,437.1629333496094
2026-01-14,440.17242431640625
2026-01-15,440.17242431640625
2026-01-16,434.3014831542969
2026-01-19,432.92010498046875
2026-01-20,426.1117858886719
2026-01-21,414.9619140625
2026-01-22,420.9808654785156
2026-01-23,429.7626037597656
2026-01-27,433.7587890625
2026-01-28,435.48553466796875
2026-01-29,429.4665832519531
2026-01-30,435.4361877441406
2026-02-02,424.77972412109375
2026-02-03,424.9770812988281
2026-02-04,432.1800537109375
2026-02-05,421.770263671875
2026-02-06,422.36224365234375
2026-02-09,438.8896789550781
2026-02-10,447.72076416015625
2026-02-11,459.26531982421875
2026-02-12,453.8877258300781
2026-02-13,447.6221008300781
2026-02-16,441.1591491699219
2026-02-17,447.72076416015625
2026-02-18,453.4930419921875
2026-02-19,452.6050109863281
2026-02-20,448.36212158203125
2026-02-23,448.7074890136719
2026-02-24,451.914306640625
2026-02-25,452.8516845703125
2026-02-26,452.70367431640625
2026-02-27,455.1211242675781
2026-03-02,442.1951904296875
2026-03-04,425.5197448730469
2026-03-05,427.54248046875
2026-03-06,421.96759033203125
2026-03-09,406.772216796875
2026-03-10,425.81573486328125
2026-03-11,426.0130920410156
2026-03-12,428.3318786621094
2026-03-13,410.0283508300781
2026-03-16,407.5615539550781
2026-03-17,422.95428466796875
2026-03-18,433.0680847167969
2026-03-19,421.17822265625
2026-03-20,422.8556213378906
2026-03-23,408.49896240234375
2026-03-24,414.6659240722656
2026-03-25,426.6051330566406
2026-03-27,414.3699035644531
2026-03-30,421.03021240234375
2026-04-01,440.2711181640625
2026-04-02,446.3887023925781
2026-04-06,440.9124755859375
2026-04-07,442.8858947753906
2026-04-08,458.77197265625
2026-04-09,449.1021728515625
2026-04-10,450.631591796875
2026-04-13,451.17425537109375
2026-04-15,449.7435302734375
2026-04-16,447.2274169921875
2026-04-17,448.4114990234375
2026-04-20,444.7606506347656
2026-04-21,445.4020080566406
2026-04-22,446.2900390625
2026-04-23,441.0111389160156
2026-04-24,434.9428405761719
2026-04-27,440.0244445800781
2026-04-28,442.54052734375
2026-04-29,444.56329345703125
2026-04-30,432.2293701171875
2026-05-01,432.2293701171875
2026-05-04,435.682861328125
2026-05-05,436.6695861816406
2026-05-06,446.6353759765625
2026-05-07,447.9181213378906
2026-05-08,449.7435302734375
2026-05-11,446.2900390625
2026-05-12,428.134521484375
2026-05-13,422.90496826171875
2026-05-14,418.9581298828125
2026-05-15,443.92193603515625
2026-05-18,451.2236022949219
2026-05-19,447.2274169921875
2026-05-20,438.2976989746094
2026-05-21,440.5177917480469
2026-05-22,448.6581726074219
2026-05-25,457.2919006347656
2026-05-26,471.5992431640625
2026-05-27,471.79656982421875
2026-05-28,471.79656982421875
2026-05-29,460.20269775390625
2026-06-01,463.2121887207031
2026-06-02,463.3108215332031
2026-06-03,455.1211242675781
2026-06-04,456.5518798828125
2026-06-05,461.48541259765625
2026-06-08,442.7378845214844
2026-06-09,448.7074890136719
2026-06-10,471.3031921386719
2026-06-11,459.1172790527344
2026-06-12,463.95220947265625
2026-06-15,467.8003845214844
2026-06-16,483.4891052246094
2026-06-17,478.6542053222656
2026-06-18,475.64471435546875
2026-06-19,477.76617431640625
2026-06-22,480.726318359375
2026-06-23,473.96734619140625
2026-06-24,471.7472229003906
2026-06-25,462.8174743652344
2026-06-26,462.8174743652344
2026-06-29,467.9483947753906
2026-06-30,461.73211669921875
2026-07-01,466.1229553222656
2026-07-02,470.7111511230469
2026-07-03,475.1513671875
2026-07-06,469.7244567871094
2026-07-07,457.53857421875
2026-07-08,445.00732421875
2026-07-09,447.8194580078125
2026-07-10,447.72076416015625
2026-07-13,450.18756103515625
2026-07-14,448.164794921875
2026-07-15,447.72076416015625
2026-07-16,450.3355712890625
2026-07-17,448.2634582519531
2026-07-20,437.31097412109375
2026-07-21,433.4134521484375
2026-07-22,429.9599609375
2026-07-23,426.1117858886719
2026-07-24,425.2730712890625
2026-07-27,433.85748291015625
2026-07-28,432.5747375488281
2026-07-29,445.45135498046875
2026-07-30,439.9257507324219
2026-07-31,433.0680847167969
2026-08-03,448.95416259765625
2026-08-04,448.5594787597656
2026-08-05,452.5556640625
2026-08-06,453.64105224609375
2026-08-07,444.7113037109375
2026-08-10,445.54998779296875
2026-08-11,444.3500061035156
2026-08-12,442.29998779296875
2026-08-13,443.29998779296875
2026-08-14,442.70001220703125
2026-08-17,439.04998779296875
2026-08-18,434.3999938964844
2026-08-19,434.8500061035156
2026-08-20,433.95001220703125
2026-08-21,431.1499938964844
2026-08-24,430.95001220703125
2026-08-25,427.6000061035156
2026-08-26,427.54998779296875
2026-08-27,424.75
2026-08-28,421.54998779296875
2026-08-31,409.54998779296875
2026-09-01,412.29998779296875
2026-09-02,411.45001220703125
2026-09-03,418.29998779296875
2026-09-04,419.04998779296875
2026-09-07,418.04998779296875
2026-09-08,418.6499938964844
2026-09-09,415.6000061035156
2026-09-10,417.75
2026-09-11,418.79998779296875
2026-09-14,418.79998779296875
2026-09-15,416.6499938964844
2026-09-16,409.1000061035156
2026-09-17,413.8999938964844
2026-09-18,414.8999938964844
2026-09-21,417.75
