Date,FSL
2007-02-22,61.6593017578125
2007-02-23,62.04685592651367
2007-02-26,63.44203186035156
2007-02-27,64.02336120605469
2007-02-28,60.76793670654297
2007-03-01,60.49665069580078
2007-03-02,61.23299026489258
2007-03-05,54.83840560913086
2007-03-06,54.95466613769531
2007-03-07,50.11029052734375
2007-03-08,50.691619873046875
2007-03-09,49.64522933959961
2007-03-12,53.90829086303711
2007-03-13,60.49665069580078
2007-03-14,56.001060485839844
2007-03-15,57.62876892089844
2007-03-16,56.58238220214844
2007-03-19,56.969940185546875
2007-03-20,55.962303161621094
2007-03-21,58.59764099121094
2007-03-22,59.76029968261719
2007-03-23,57.31873321533203
2007-03-26,54.17957305908203
2007-03-28,55.18720626831055
2007-03-29,57.124961853027344
2007-03-30,56.001060485839844
2007-04-02,54.41210174560547
2007-04-03,55.07094192504883
2007-04-04,55.26471710205078
2007-04-05,55.10969161987305
2007-04-09,55.88479232788086
2007-04-10,56.81492614746094
2007-04-11,57.202476501464844
2007-04-12,57.55126190185547
2007-04-13,58.44261932373047
2007-04-16,59.37274932861328
2007-04-17,61.03921890258789
2007-04-18,59.992828369140625
2007-04-19,60.57415771484375
2007-04-20,60.806678771972656
2007-04-23,66.96874237060547
2007-04-24,65.34103393554688
2007-04-25,66.3099136352539
2007-04-26,65.767333984375
2007-04-27,63.86833953857422
2007-04-30,63.28700637817383
2007-05-03,69.10027313232422
2007-05-04,68.20890045166016
2007-05-07,68.55770111083984
2007-05-08,65.99987030029297
2007-05-09,66.77497100830078
2007-05-10,66.42617797851562
2007-05-11,65.92234802246094
2007-05-14,67.7825927734375
2007-05-15,71.19305419921875
2007-05-16,69.44906616210938
2007-05-17,69.68159484863281
2007-05-18,69.10027313232422
2007-05-21,68.79022979736328
2007-05-22,66.15487670898438
2007-05-23,63.48078918457031
2007-05-24,64.87596130371094
2007-05-25,65.57356262207031
2007-05-28,65.26351928710938
2007-05-29,64.68218994140625
2007-05-30,63.7520751953125
2007-05-31,63.9846076965332
2007-06-01,66.03861999511719
2007-06-04,65.5348129272461
2007-06-05,65.5348129272461
2007-06-06,65.26351928710938
2007-06-07,65.49604034423828
2007-06-08,64.21713256835938
2007-06-11,63.82957458496094
2007-06-12,63.32576370239258
2007-06-13,63.09323501586914
2007-06-14,64.41090393066406
2007-06-15,65.61231231689453
2007-06-18,64.52717590332031
2007-06-19,64.44965362548828
2007-06-20,66.03861999511719
2007-06-21,67.82135772705078
2007-06-22,66.54243469238281
2007-06-25,64.7984619140625
2007-06-26,64.91472625732422
2007-06-27,64.44965362548828
2007-06-28,64.7984619140625
2007-06-29,65.26351928710938
2007-07-02,66.50367736816406
2007-07-03,65.61231231689453
2007-07-04,65.10848999023438
2007-07-05,63.86833953857422
2007-07-06,63.51953887939453
2007-07-09,64.10086059570312
2007-07-10,63.6745719909668
2007-07-11,62.97697830200195
2007-07-12,62.78319549560547
2007-07-13,62.55066680908203
2007-07-16,62.08560562133789
2007-07-17,60.806678771972656
2007-07-18,61.155479431152344
2007-07-19,61.93058395385742
2007-07-20,63.82957458496094
2007-07-23,63.55829620361328
2007-07-24,62.82194519042969
2007-07-25,61.46551513671875
2007-07-26,63.209503173828125
2007-07-27,59.91532516479492
2007-07-30,61.19424057006836
2007-07-31,63.40327835083008
2007-08-01,61.23299026489258
2007-08-02,60.535404205322266
2007-08-03,60.806678771972656
2007-08-06,62.04685592651367
2007-08-07,61.34926223754883
2007-08-08,64.2558822631836
2007-08-09,61.77555847167969
2007-08-10,60.41913986206055
2007-08-13,60.806678771972656
2007-08-14,60.535404205322266
2007-08-16,59.5665283203125
2007-08-17,58.21010208129883
2007-08-20,57.512508392333984
2007-08-21,54.140811920166016
2007-08-22,54.45085525512695
2007-08-23,54.60587692260742
2007-08-24,54.76089859008789
2007-08-27,56.737403869628906
2007-08-28,56.001060485839844
2007-08-29,61.62053680419922
2007-08-30,62.43439483642578
2007-08-31,64.99224090576172
2007-09-03,62.74443435668945
2007-09-04,64.95347595214844
2007-09-05,64.29463195800781
2007-09-06,62.93821334838867
2007-09-07,62.93821334838867
2007-09-10,62.705684661865234
2007-09-11,62.58941650390625
2007-09-12,63.248268127441406
2007-09-13,62.666934967041016
2007-09-14,62.00810241699219
2007-09-17,60.49665069580078
2007-09-18,61.03921890258789
2007-09-19,60.10908889770508
2007-09-20,59.72154998779297
2007-09-21,57.59001541137695
2007-09-24,55.5359992980957
2007-09-25,55.49724197387695
2007-09-26,57.396244049072266
2007-09-27,56.62113952636719
2007-09-28,59.29523468017578
2007-10-01,58.28760528564453
2007-10-03,58.59764099121094
2007-10-04,59.837799072265625
2007-10-05,57.27997589111328
2007-10-08,55.61350631713867
2007-10-09,56.69865036010742
2007-10-10,57.396244049072266
2007-10-11,55.57475280761719
2007-10-12,55.1484489440918
2007-10-15,55.458499908447266
2007-10-16,54.76089859008789
2007-10-17,55.419734954833984
2007-10-18,56.4273681640625
2007-10-19,56.58238220214844
2007-10-22,56.039817810058594
2007-10-23,55.69101333618164
2007-10-24,56.659889221191406
2007-10-25,59.76029968261719
2007-10-26,59.023956298828125
2007-10-29,58.05507278442383
2007-10-30,57.35749435424805
2007-10-31,55.5359992980957
2007-11-01,54.373348236083984
2007-11-02,53.59824752807617
2007-11-05,53.2882080078125
2007-11-06,52.745635986328125
2007-11-07,51.50546646118164
2007-11-08,50.9629020690918
2007-11-12,51.31169891357422
2007-11-13,52.3968391418457
2007-11-14,53.86953353881836
2007-11-15,54.140811920166016
2007-11-16,52.82314682006836
2007-11-19,53.40447235107422
2007-11-20,53.44322204589844
2007-11-21,52.125553131103516
2007-11-22,52.358089447021484
2007-11-23,51.970542907714844
2007-11-26,52.164306640625
2007-11-27,51.42795944213867
2007-11-28,50.80788803100586
2007-11-29,50.45907974243164
2007-11-30,50.84663772583008
2007-12-03,51.31169891357422
2007-12-04,54.33458709716797
2007-12-05,55.92354202270508
2007-12-06,54.48961639404297
2007-12-07,55.846046447753906
2007-12-10,56.349853515625
2007-12-11,56.15608596801758
2007-12-12,55.729774475097656
2007-12-13,54.915916442871094
2007-12-14,55.458499908447266
2007-12-17,53.86953353881836
2007-12-18,53.714515686035156
2007-12-19,54.257080078125
2007-12-20,54.17957305908203
2007-12-24,56.349853515625
2007-12-26,58.6751594543457
2007-12-27,57.82255172729492
2007-12-28,56.969940185546875
2007-12-31,59.217735290527344
2008-01-01,60.10908889770508
2008-01-02,60.57415771484375
2008-01-03,65.26351928710938
2008-01-04,62.55066680908203
2008-01-07,61.62053680419922
2008-01-08,56.19483947753906
2008-01-09,58.558895111083984
2008-01-10,56.19483947753906
2008-01-11,54.17957305908203
2008-01-14,53.01692581176758
2008-01-15,53.83076858520508
2008-01-16,52.97816848754883
2008-01-17,52.164306640625
2008-01-18,49.60647201538086
2008-01-21,43.8707275390625
2008-01-22,42.78558349609375
2008-01-23,46.467315673828125
2008-01-24,41.700439453125
2008-01-25,42.281768798828125
2008-01-28,41.700439453125
2008-01-29,41.97172546386719
2008-01-30,40.92534637451172
2008-01-31,42.04924011230469
2008-02-01,41.6229362487793
2008-02-04,41.39039993286133
2008-02-05,41.42915344238281
2008-02-06,40.576541900634766
2008-02-07,39.22011947631836
2008-02-08,39.607669830322266
2008-02-11,38.44501495361328
2008-02-12,37.24361038208008
2008-02-13,36.35224151611328
2008-02-14,37.24361038208008
2008-02-15,38.56128692626953
2008-02-18,38.716304779052734
2008-02-19,38.91007995605469
2008-02-20,39.723934173583984
2008-02-21,43.48316955566406
2008-02-22,41.855464935302734
2008-02-25,41.235382080078125
2008-02-26,41.89421844482422
2008-02-27,41.6229362487793
2008-02-28,41.46791076660156
2008-02-29,39.685176849365234
2008-03-03,36.894813537597656
2008-03-04,33.91067886352539
2008-03-05,32.67051696777344
2008-03-07,30.34521484375
2008-03-10,28.21368408203125
2008-03-11,27.244808197021484
2008-03-12,27.244808197021484
2008-03-13,24.95825958251953
2008-03-14,26.430946350097656
2008-03-17,25.539583206176758
2008-03-18,25.113279342651367
2008-03-19,25.96588897705078
2008-03-24,23.640586853027344
2008-03-25,24.72572898864746
2008-03-26,27.32231330871582
2008-03-27,27.361072540283203
2008-03-28,29.221309661865234
2008-03-31,28.368701934814453
2008-04-01,28.833765029907227
2008-04-02,30.19019317626953
2008-04-03,29.608867645263672
2008-04-04,28.833765029907227
2008-04-07,29.64761734008789
2008-04-08,30.34521484375
2008-04-09,32.321720123291016
2008-04-10,31.89541244506836
2008-04-11,31.50786018371582
2008-04-15,32.321720123291016
2008-04-16,32.94179916381836
2008-04-17,34.41448974609375
2008-04-21,34.4532470703125
2008-04-22,33.91067886352539
2008-04-23,33.484371185302734
2008-04-24,32.94179916381836
2008-04-25,32.63175964355469
2008-04-28,34.02694320678711
2008-04-29,34.64701843261719
2008-04-30,34.53075408935547
2008-05-02,33.71689987182617
2008-05-05,33.98818588256836
2008-05-06,33.60063171386719
2008-05-07,33.75564956665039
2008-05-08,33.13557434082031
2008-05-09,31.77914810180664
2008-05-12,30.887779235839844
2008-05-13,30.926536560058594
2008-05-14,31.081558227539062
2008-05-15,31.352842330932617
2008-05-16,31.93416976928711
2008-05-20,31.54661750793457
2008-05-21,33.949432373046875
2008-05-22,33.36811065673828
2008-05-23,32.55424499511719
2008-05-26,31.430347442626953
2008-05-27,33.71689987182617
2008-05-28,32.864288330078125
2008-05-29,32.24420928955078
2008-05-30,31.585369110107422
2008-06-02,31.004051208496094
2008-06-03,29.95766258239746
2008-06-04,29.45384979248047
2008-06-05,28.562480926513672
2008-06-06,28.63998794555664
2008-06-09,27.438583374023438
2008-06-10,27.244808197021484
2008-06-11,28.1749267578125
2008-06-12,28.40746307373047
2008-06-13,28.40746307373047
2008-06-16,28.91127586364746
2008-06-17,28.988786697387695
2008-06-18,28.833765029907227
2008-06-19,28.329944610595703
2008-06-20,27.32231330871582
2008-06-23,26.89600944519043
2008-06-24,25.26829719543457
2008-06-25,26.0821533203125
2008-06-26,26.663480758666992
2008-06-27,26.12091064453125
2008-06-30,25.07452392578125
2008-07-01,23.87311363220215
2008-07-02,24.91950225830078
2008-07-03,24.415685653686523
2008-07-04,23.87311363220215
2008-07-07,25.152034759521484
2008-07-08,24.80323600769043
2008-07-09,25.810871124267578
2008-07-10,26.159666061401367
2008-07-11,25.500831604003906
2008-07-14,24.91950225830078
2008-07-15,24.493194580078125
2008-07-16,25.38456153869629
2008-07-17,24.80323600769043
2008-07-18,25.19078826904297
2008-07-21,24.91950225830078
2008-07-22,25.539583206176758
2008-07-23,26.585969924926758
2008-07-24,26.19841957092285
2008-07-25,25.96588897705078
2008-07-28,26.89600944519043
2008-07-29,26.818498611450195
2008-07-30,27.1285400390625
2008-07-31,26.12091064453125
2008-08-01,26.353439331054688
2008-08-04,26.97351837158203
2008-08-05,26.857257843017578
2008-08-06,26.818498611450195
2008-08-07,27.1285400390625
2008-08-08,26.97351837158203
2008-08-11,31.352842330932617
2008-08-12,29.68637466430664
2008-08-13,31.93416976928711
2008-08-14,32.24420928955078
2008-08-18,32.05043029785156
2008-08-19,31.430347442626953
2008-08-20,32.786781311035156
2008-08-21,31.469106674194336
2008-08-22,30.500232696533203
2008-08-25,30.500232696533203
2008-08-26,37.476139068603516
2008-08-27,34.336978912353516
2008-08-28,32.67051696777344
2008-08-29,33.484371185302734
2008-09-01,34.06570053100586
2008-09-02,33.60063171386719
2008-09-04,34.22071838378906
2008-09-05,34.60826873779297
2008-09-08,34.918312072753906
2008-09-09,35.30585861206055
2008-09-10,34.95706558227539
2008-09-11,34.10445022583008
2008-09-12,33.36811065673828
2008-09-15,31.120317459106445
2008-09-16,29.49260139465332
2008-09-17,28.484970092773438
2008-09-18,28.252437591552734
2008-09-19,28.988786697387695
2008-09-22,28.91127586364746
2008-09-23,27.63235855102539
2008-09-24,27.089786529541016
2008-09-25,26.19841957092285
2008-09-26,24.72572898864746
2008-09-29,23.13677406311035
2008-09-30,22.206645965576172
2008-10-01,22.322914123535156
2008-10-03,21.74158477783203
2008-10-06,22.16789436340332
2008-10-07,20.540180206298828
2008-10-08,18.602428436279297
2008-10-10,15.88957405090332
2008-10-13,16.703428268432617
2008-10-14,17.556041717529297
2008-10-15,16.12210464477539
2008-10-16,16.160860061645508
2008-10-17,14.881941795349121
2008-10-20,16.974716186523438
2008-10-21,16.199615478515625
2008-10-22,15.695798873901367
2008-10-23,15.036961555480957
2008-10-24,13.486759185791016
2008-10-27,11.975313186645508
2008-10-29,11.161457061767578
2008-10-31,11.704028129577637
2008-11-03,12.634148597717285
2008-11-04,14.02933120727539
2008-11-05,12.634148597717285
2008-11-06,12.130332946777344
2008-11-07,13.060455322265625
2008-11-10,14.804433822631836
2008-11-11,13.215473175048828
2008-11-12,12.440372467041016
2008-11-14,11.626516342163086
2008-11-17,10.812662124633789
2008-11-18,9.882538795471191
2008-11-19,9.727519989013672
2008-11-20,9.107439041137695
2008-11-21,9.494989395141602
2008-11-24,9.960049629211426
2008-11-25,9.146193504333496
2008-11-26,9.068683624267578
2008-11-27,9.068683624267578
2008-11-28,8.487358093261719
2008-12-01,8.642377853393555
2008-12-02,8.487358093261719
2008-12-03,8.603622436523438
2008-12-04,8.991174697875977
2008-12-05,8.95241928100586
2008-12-08,9.029929161071777
2008-12-10,9.494989395141602
2008-12-11,9.650009155273438
2008-12-12,10.23133659362793
2008-12-15,11.045191764831543
2008-12-16,10.851415634155273
2008-12-17,9.727519989013672
2008-12-18,10.076314926147461
2008-12-19,10.076314926147461
2008-12-22,10.192581176757812
2008-12-23,9.921294212341309
2008-12-24,9.61125373840332
2008-12-26,9.262458801269531
2008-12-29,9.41748046875
2008-12-30,9.960049629211426
2008-12-31,10.03756046295166
2009-01-02,10.928927421569824
2009-01-05,10.928927421569824
2009-01-06,11.355231285095215
2009-01-07,9.921294212341309
2009-01-09,9.262458801269531
2009-01-12,9.184948921203613
2009-01-13,8.75864315032959
2009-01-14,8.913662910461426
2009-01-15,8.797398567199707
2009-01-16,8.797398567199707
2009-01-19,9.107439041137695
2009-01-20,8.719888687133789
2009-01-21,8.371092796325684
2009-01-22,7.983542442321777
2009-01-23,7.63474702835083
2009-01-27,7.5184807777404785
2009-01-28,7.5184807777404785
2009-01-29,7.595992088317871
2009-01-30,8.874907493591309
2009-02-02,8.681133270263672
2009-02-03,8.603622436523438
2009-02-04,9.572498321533203
2009-02-05,11.393985748291016
2009-02-06,10.696395874023438
2009-02-09,10.812662124633789
2009-02-10,10.463866233825684
2009-02-11,10.23133659362793
2009-02-12,11.432741165161133
2009-02-13,11.200211524963379
2009-02-16,10.42510986328125
2009-02-17,9.99880599975586
2009-02-18,10.03756046295166
2009-02-19,10.657639503479004
2009-02-20,10.735151290893555
2009-02-24,10.735151290893555
2009-02-25,10.541377067565918
2009-02-26,10.696395874023438
2009-02-27,10.308845520019531
2009-03-02,9.84378433227539
2009-03-03,9.146193504333496
2009-03-04,9.029929161071777
2009-03-05,8.448602676391602
2009-03-06,8.254827499389648
2009-03-09,8.332337379455566
2009-03-12,8.487358093261719
2009-03-13,8.95241928100586
2009-03-16,9.184948921203613
2009-03-17,9.146193504333496
2009-03-18,9.61125373840332
2009-03-19,11.200211524963379
2009-03-20,12.285354614257812
2009-03-23,12.285354614257812
2009-03-24,11.161457061767578
2009-03-25,11.549006462097168
2009-03-26,11.277722358703613
2009-03-27,11.936556816101074
2009-03-30,11.47149658203125
2009-03-31,11.975313186645508
2009-04-01,13.099209785461426
2009-04-02,13.060455322265625
2009-04-06,13.292984962463379
2009-04-08,13.409249305725098
2009-04-09,13.913065910339355
2009-04-13,14.804433822631836
2009-04-15,14.84318733215332
2009-04-16,13.486759185791016
2009-04-17,13.641780853271484
2009-04-20,14.106842041015625
2009-04-21,13.990575790405273
2009-04-22,12.98294448852539
2009-04-23,13.176719665527344
2009-04-24,13.331740379333496
2009-04-27,12.672904968261719
2009-04-28,12.014068603515625
2009-04-29,12.130332946777344
2009-04-30,12.207842826843262
2009-05-04,12.672904968261719
2009-05-05,12.94419002532959
2009-05-06,12.672904968261719
2009-05-07,13.099209785461426
2009-05-08,12.672904968261719
2009-05-11,12.09157943725586
2009-05-12,12.750415802001953
2009-05-13,13.176719665527344
2009-05-14,12.827924728393555
2009-05-15,12.556639671325684
2009-05-18,14.14559555053711
2009-05-19,13.254231452941895
2009-05-20,16.277122497558594
2009-05-21,16.35463523864746
2009-05-22,19.300018310546875
2009-05-25,19.455039978027344
2009-05-26,18.563674926757812
2009-05-27,19.067487716674805
2009-05-28,18.8349609375
2009-05-29,20.152629852294922
2009-06-01,20.7727108001709
2009-06-02,21.974119186401367
2009-06-03,21.85785484313965
2009-06-04,22.245403289794922
2009-06-05,21.547813415527344
2009-06-08,19.493793487548828
2009-06-09,20.695199966430664
2009-06-10,23.059261322021484
2009-06-11,22.400423049926758
2009-06-12,21.509057998657227
2009-06-15,20.695199966430664
2009-06-16,21.47030258178711
2009-06-17,20.036367416381836
2009-06-18,18.563674926757812
2009-06-19,18.563674926757812
2009-06-22,18.17612075805664
2009-06-23,19.067487716674805
2009-06-24,18.757450103759766
2009-06-25,19.72632598876953
2009-06-26,19.99761199951172
2009-06-29,20.57893943786621
2009-06-30,19.067487716674805
2009-07-01,20.036367416381836
2009-07-02,19.37752914428711
2009-07-03,18.91246795654297
2009-07-06,17.207244873046875
2009-07-07,17.943592071533203
2009-07-08,16.703428268432617
2009-07-09,16.58716583251953
2009-07-10,15.618287086486816
2009-07-13,14.339373588562012
2009-07-14,15.463268280029297
2009-07-15,16.47089958190918
2009-07-16,16.12210464477539
2009-07-17,17.090980529785156
2009-07-20,18.137367248535156
2009-07-21,17.749814987182617
2009-07-22,16.858449935913086
2009-07-23,17.8660831451416
2009-07-24,20.191381454467773
2009-07-27,21.082754135131836
2009-07-28,20.617691040039062
2009-07-29,20.346403121948242
2009-07-30,20.57893943786621
2009-07-31,20.81146812438965
2009-08-03,20.927732467651367
2009-08-04,20.927732467651367
2009-08-05,23.29178810119629
2009-08-06,21.896608352661133
2009-08-07,22.477933883666992
2009-08-10,22.16789436340332
2009-08-11,22.555444717407227
2009-08-12,22.63295555114746
2009-08-13,25.42331886291504
2009-08-14,25.22953987121582
2009-08-17,24.33817481994629
2009-08-18,26.74098777770996
2009-08-19,25.61709213256836
2009-08-20,26.004642486572266
2009-08-21,26.004642486572266
2009-08-24,26.159666061401367
2009-08-25,27.32231330871582
2009-08-26,28.09741973876953
2009-08-27,27.864887237548828
2009-08-28,27.32231330871582
2009-08-31,27.787376403808594
2009-09-01,26.430946350097656
2009-09-02,26.043397903442383
2009-09-03,26.353439331054688
2009-09-04,26.585969924926758
2009-09-07,27.28356170654297
2009-09-08,26.39219093322754
2009-09-09,26.275928497314453
2009-09-10,25.84962272644043
2009-09-11,25.61709213256836
2009-09-14,25.539583206176758
2009-09-15,25.88838005065918
2009-09-16,25.810871124267578
2009-09-17,27.671110153198242
2009-09-18,28.019908905029297
2009-09-22,29.066295623779297
2009-09-23,27.94239616394043
2009-09-24,27.981151580810547
2009-09-25,27.864887237548828
2009-09-29,28.13616943359375
2009-09-30,28.872516632080078
2009-10-01,28.484970092773438
2009-10-05,27.012277603149414
2009-10-06,26.585969924926758
2009-10-07,26.353439331054688
2009-10-08,26.314685821533203
2009-10-09,26.0821533203125
2009-10-12,26.39219093322754
2009-10-13,26.39219093322754
2009-10-14,26.39219093322754
2009-10-15,27.63235855102539
2009-10-16,27.32231330871582
2009-10-20,26.89600944519043
2009-10-21,27.748620986938477
2009-10-22,27.1285400390625
2009-10-23,27.0510311126709
2009-10-26,26.043397903442383
2009-10-27,24.105649948120117
2009-10-28,23.679340362548828
2009-10-29,24.37693214416504
2009-10-30,26.89600944519043
2009-11-03,24.80323600769043
2009-11-04,26.043397903442383
2009-11-05,27.709867477416992
2009-11-06,27.438583374023438
2009-11-09,28.329944610595703
2009-11-10,27.516094207763672
2009-11-11,28.1749267578125
2009-11-12,29.64761734008789
2009-11-13,29.918899536132812
2009-11-16,29.802640914916992
2009-11-17,30.577739715576172
2009-11-18,30.19019317626953
2009-11-19,28.91127586364746
2009-11-20,29.49260139465332
2009-11-23,28.717496871948242
2009-11-24,28.63998794555664
2009-11-25,28.368701934814453
2009-11-26,27.593603134155273
2009-11-27,26.93476676940918
2009-11-30,27.593603134155273
2009-12-01,28.446212768554688
2009-12-02,28.988786697387695
2009-12-03,28.91127586364746
2009-12-04,28.523719787597656
2009-12-07,27.94239616394043
2009-12-08,28.368701934814453
2009-12-09,28.05866241455078
2009-12-10,28.446212768554688
2009-12-11,27.709867477416992
2009-12-14,27.438583374023438
2009-12-15,26.818498611450195
2009-12-16,26.97351837158203
2009-12-17,26.89600944519043
2009-12-18,26.50846290588379
2009-12-21,26.237173080444336
2009-12-22,25.88838005065918
2009-12-23,26.469707489013672
2009-12-24,26.585969924926758
2009-12-29,26.70223617553711
2009-12-30,26.624725341796875
2009-12-31,26.430946350097656
2010-01-04,27.206050872802734
2010-01-05,27.709867477416992
2010-01-06,27.981151580810547
2010-01-07,27.477333068847656
2010-01-08,27.361072540283203
2010-01-11,27.787376403808594
2010-01-12,27.554845809936523
2010-01-13,29.027536392211914
2010-01-14,28.756254196166992
2010-01-15,28.562480926513672
2010-01-18,28.562480926513672
2010-01-19,28.40746307373047
2010-01-20,27.82613182067871
2010-01-21,26.430946350097656
2010-01-22,26.0821533203125
2010-01-25,25.733362197875977
2010-01-27,24.415685653686523
2010-01-28,23.640586853027344
2010-01-29,24.299421310424805
2010-02-01,24.72572898864746
2010-02-02,24.221912384033203
2010-02-03,24.91950225830078
2010-02-04,24.066890716552734
2010-02-05,23.56307601928711
2010-02-08,24.105649948120117
2010-02-09,24.02813720703125
2010-02-10,23.679340362548828
2010-02-11,24.299421310424805
2010-02-15,23.91187286376953
2010-02-16,24.144399642944336
2010-02-17,23.950626373291016
2010-02-18,23.446809768676758
2010-02-19,22.826730728149414
2010-02-22,22.439178466796875
2010-02-23,21.66407585144043
2010-02-24,21.121505737304688
2010-02-25,20.617691040039062
2010-02-26,21.35403823852539
2010-03-02,21.85785484313965
2010-03-03,21.93536376953125
2010-03-04,21.78034210205078
2010-03-05,23.56307601928711
2010-03-08,23.408056259155273
2010-03-09,23.214279174804688
2010-03-10,22.71046257019043
2010-03-11,22.71046257019043
2010-03-12,22.439178466796875
2010-03-15,21.896608352661133
2010-03-16,22.555444717407227
2010-03-17,22.400423049926758
2010-03-18,22.439178466796875
2010-03-19,22.671710968017578
2010-03-22,22.28415870666504
2010-03-23,22.71046257019043
2010-03-25,22.361669540405273
2010-03-26,22.477933883666992
2010-03-29,22.322914123535156
2010-03-30,22.477933883666992
2010-03-31,22.245403289794922
2010-04-01,22.826730728149414
2010-04-05,23.60183334350586
2010-04-06,23.33054542541504
2010-04-07,23.60183334350586
2010-04-08,23.75684928894043
2010-04-09,23.87311363220215
2010-04-12,23.75684928894043
2010-04-13,24.260665893554688
2010-04-15,24.997013092041016
2010-04-16,24.72572898864746
2010-04-19,23.75684928894043
2010-04-20,24.260665893554688
2010-04-21,24.221912384033203
2010-04-22,23.950626373291016
2010-04-23,23.87311363220215
2010-04-26,23.87311363220215
2010-04-27,23.834360122680664
2010-04-28,23.059261322021484
2010-04-29,23.098012924194336
2010-04-30,23.950626373291016
2010-05-03,23.718093872070312
2010-05-04,23.60183334350586
2010-05-05,23.640586853027344
2010-05-06,23.13677406311035
2010-05-07,22.439178466796875
2010-05-10,23.098012924194336
2010-05-11,22.749217987060547
2010-05-12,22.78797149658203
2010-05-13,22.749217987060547
2010-05-14,22.439178466796875
2010-05-17,22.012874603271484
2010-05-18,22.090383529663086
2010-05-19,20.96648597717285
2010-05-20,20.73395538330078
2010-05-21,20.385162353515625
2010-05-24,20.385162353515625
2010-05-25,19.106243133544922
2010-05-26,19.648815155029297
2010-05-27,19.881343841552734
2010-05-28,20.113876342773438
2010-05-31,20.46267318725586
2010-06-01,19.92009925842285
2010-06-02,20.191381454467773
2010-06-03,20.385162353515625
2010-06-04,20.385162353515625
2010-06-07,19.765077590942383
2010-06-08,18.989978790283203
2010-06-09,19.106243133544922
2010-06-10,19.493793487548828
2010-06-11,19.53255271911621
2010-06-14,20.46267318725586
2010-06-15,20.656444549560547
2010-06-16,20.617691040039062
2010-06-17,20.57893943786621
2010-06-18,20.423917770385742
2010-06-21,20.656444549560547
2010-06-22,20.346403121948242
2010-06-23,21.392791748046875
2010-06-24,21.121505737304688
2010-06-25,21.315279006958008
2010-06-28,22.012874603271484
2010-06-29,21.93536376953125
2010-06-30,21.974119186401367
2010-07-01,21.74158477783203
2010-07-02,21.702831268310547
2010-07-05,21.74158477783203
2010-07-06,22.12913703918457
2010-07-07,21.78034210205078
2010-07-08,21.896608352661133
2010-07-09,21.974119186401367
2010-07-12,22.400423049926758
2010-07-13,22.090383529663086
2010-07-14,22.12913703918457
2010-07-15,22.16789436340332
2010-07-16,21.93536376953125
2010-07-19,21.47030258178711
2010-07-20,21.23777198791504
2010-07-21,21.27652931213379
2010-07-22,21.509057998657227
2010-07-23,20.96648597717285
2010-07-26,20.191381454467773
2010-07-27,20.230140686035156
2010-07-28,19.9588565826416
2010-07-29,19.455039978027344
2010-07-30,19.455039978027344
2010-08-02,19.72632598876953
2010-08-03,19.68756866455078
2010-08-04,21.0052433013916
2010-08-05,20.695199966430664
2010-08-06,20.501428604125977
2010-08-09,20.57893943786621
2010-08-10,20.152629852294922
2010-08-11,20.191381454467773
2010-08-12,19.92009925842285
2010-08-13,20.113876342773438
2010-08-16,19.72632598876953
2010-08-17,19.842588424682617
2010-08-18,20.07512092590332
2010-08-19,20.46267318725586
2010-08-20,20.46267318725586
2010-08-23,20.88897705078125
2010-08-24,20.46267318725586
2010-08-25,20.113876342773438
2010-08-26,19.648815155029297
2010-08-27,19.648815155029297
2010-08-30,19.61005973815918
2010-08-31,19.300018310546875
2010-09-01,19.648815155029297
2010-09-02,20.07512092590332
2010-09-03,20.423917770385742
2010-09-06,20.81146812438965
2010-09-07,20.656444549560547
2010-09-08,20.656444549560547
2010-09-09,20.81146812438965
2010-09-13,20.656444549560547
2010-09-14,20.385162353515625
2010-09-15,20.73395538330078
2010-09-16,20.152629852294922
2010-09-17,20.385162353515625
2010-09-20,21.819093704223633
2010-09-21,21.199016571044922
2010-09-22,22.16789436340332
2010-09-23,21.702831268310547
2010-09-24,21.625324249267578
2010-09-27,21.547813415527344
2010-09-28,21.431547164916992
2010-09-29,21.121505737304688
2010-09-30,20.8502197265625
2010-10-01,22.322914123535156
2010-10-04,22.322914123535156
2010-10-05,22.555444717407227
2010-10-06,22.555444717407227
2010-10-07,22.555444717407227
2010-10-08,22.322914123535156
2010-10-11,23.020505905151367
2010-10-12,23.175525665283203
2010-10-13,23.175525665283203
2010-10-14,22.78797149658203
2010-10-15,22.0516300201416
2010-10-18,21.974119186401367
2010-10-19,21.509057998657227
2010-10-20,21.27652931213379
2010-10-21,21.547813415527344
2010-10-22,21.47030258178711
2010-10-25,21.509057998657227
2010-10-26,22.361669540405273
2010-10-27,22.439178466796875
2010-10-28,21.431547164916992
2010-10-29,21.082754135131836
2010-11-01,21.27652931213379
2010-11-02,21.66407585144043
2010-11-03,21.547813415527344
2010-11-04,21.625324249267578
2010-11-08,21.74158477783203
2010-11-09,21.702831268310547
2010-11-10,21.547813415527344
2010-11-11,21.0052433013916
2010-11-12,20.307653427124023
2010-11-15,19.72632598876953
2010-11-16,18.873714447021484
2010-11-18,18.64118194580078
2010-11-19,17.982349395751953
2010-11-22,17.943592071533203
2010-11-23,17.478532791137695
2010-11-24,17.478532791137695
2010-11-25,17.594797134399414
2010-11-26,16.160860061645508
2010-11-29,15.88957405090332
2010-11-30,16.47089958190918
2010-12-01,17.439777374267578
2010-12-02,17.78857421875
2010-12-03,16.974716186523438
2010-12-06,16.935962677001953
2010-12-07,17.207244873046875
2010-12-08,16.664674758911133
2010-12-09,15.424514770507812
2010-12-10,15.85081958770752
2010-12-13,16.315879821777344
2010-12-14,16.742185592651367
2010-12-15,16.58716583251953
2010-12-16,16.625919342041016
2010-12-20,17.12973403930664
2010-12-21,18.17612075805664
2010-12-22,18.09861183166504
2010-12-23,18.8349609375
2010-12-24,18.8349609375
2010-12-27,18.48616600036621
2010-12-28,18.873714447021484
2010-12-29,18.8349609375
2010-12-30,19.22250747680664
2010-12-31,19.22250747680664
2011-01-03,19.68756866455078
2011-01-04,19.300018310546875
2011-01-05,19.028736114501953
2011-01-06,18.67993927001953
2011-01-07,17.7110652923584
2011-01-10,17.013471603393555
2011-01-11,16.742185592651367
2011-01-12,17.51728630065918
2011-01-13,17.12973403930664
2011-01-14,17.013471603393555
2011-01-17,16.509654998779297
2011-01-18,16.664674758911133
2011-01-19,16.780941009521484
2011-01-20,16.703428268432617
2011-01-21,16.974716186523438
2011-01-24,17.05222511291504
2011-01-25,16.935962677001953
2011-01-27,15.85081958770752
2011-01-28,15.463268280029297
2011-01-31,15.26949405670166
2011-02-01,14.84318733215332
2011-02-02,14.84318733215332
2011-02-03,15.26949405670166
2011-02-04,14.920697212219238
2011-02-07,14.959449768066406
2011-02-08,13.719291687011719
2011-02-09,12.324108123779297
2011-02-10,12.789168357849121
2011-02-11,13.448004722595215
2011-02-14,14.14559555053711
2011-02-15,14.068084716796875
2011-02-16,14.223106384277344
2011-02-17,14.533147811889648
2011-02-18,13.913065910339355
2011-02-21,14.14559555053711
2011-02-22,13.758047103881836
2011-02-23,13.641780853271484
2011-02-24,12.401618003845215
2011-02-25,12.556639671325684
2011-02-28,12.556639671325684
2011-03-01,13.331740379333496
2011-03-03,13.254231452941895
2011-03-04,13.292984962463379
2011-03-07,12.905435562133789
2011-03-08,13.176719665527344
2011-03-09,13.254231452941895
2011-03-10,13.137964248657227
2011-03-11,12.905435562133789
2011-03-14,13.137964248657227
2011-03-15,12.750415802001953
2011-03-16,12.98294448852539
2011-03-17,12.750415802001953
2011-03-18,12.517884254455566
2011-03-21,12.440372467041016
2011-03-22,12.750415802001953
2011-03-23,12.789168357849121
2011-03-24,13.292984962463379
2011-03-25,13.486759185791016
2011-03-28,14.068084716796875
2011-03-29,14.184350967407227
2011-03-30,14.106842041015625
2011-03-31,13.913065910339355
2011-04-01,14.45563793182373
2011-04-04,14.998207092285156
2011-04-05,15.153226852416992
2011-04-06,15.502025604248047
2011-04-07,15.424514770507812
2011-04-08,15.036961555480957
2011-04-11,14.881941795349121
2011-04-13,15.424514770507812
2011-04-15,15.036961555480957
2011-04-18,14.571901321411133
2011-04-19,14.533147811889648
2011-04-20,14.959449768066406
2011-04-21,14.84318733215332
2011-04-25,15.153226852416992
2011-04-26,15.153226852416992
2011-04-27,14.998207092285156
2011-04-28,15.308247566223145
2011-04-29,14.998207092285156
2011-05-02,14.726924896240234
2011-05-03,14.14559555053711
2011-05-04,14.02933120727539
2011-05-05,13.719291687011719
2011-05-06,14.02933120727539
2011-05-09,14.106842041015625
2011-05-10,14.068084716796875
2011-05-11,14.571901321411133
2011-05-12,14.106842041015625
2011-05-13,14.261859893798828
2011-05-16,14.14559555053711
2011-05-17,13.835555076599121
2011-05-18,13.603025436401367
2011-05-19,13.641780853271484
2011-05-20,13.486759185791016
2011-05-23,12.750415802001953
2011-05-24,12.789168357849121
2011-05-25,12.789168357849121
2011-05-26,12.324108123779297
2011-05-27,12.827924728393555
2011-05-30,13.021698951721191
2011-05-31,13.52551555633545
2011-06-01,15.036961555480957
2011-06-02,14.571901321411133
2011-06-03,14.223106384277344
2011-06-06,14.261859893798828
2011-06-07,14.688167572021484
2011-06-08,14.45563793182373
2011-06-09,14.45563793182373
2011-06-10,14.261859893798828
2011-06-13,14.261859893798828
2011-06-14,14.223106384277344
2011-06-15,15.23073673248291
2011-06-16,14.726924896240234
2011-06-17,14.339373588562012
2011-06-20,13.099209785461426
2011-06-21,12.98294448852539
2011-06-22,12.905435562133789
2011-06-23,12.905435562133789
2011-06-24,13.37049388885498
2011-06-27,13.56427001953125
2011-06-28,13.486759185791016
2011-06-29,13.641780853271484
2011-06-30,13.796801567077637
2011-07-01,14.571901321411133
2011-07-04,14.45563793182373
2011-07-05,14.998207092285156
2011-07-06,14.610654830932617
2011-07-07,14.688167572021484
2011-07-08,14.339373588562012
2011-07-11,13.951821327209473
2011-07-12,13.796801567077637
2011-07-13,13.990575790405273
2011-07-14,13.990575790405273
2011-07-15,13.874310493469238
2011-07-18,13.913065910339355
2011-07-19,14.223106384277344
2011-07-20,14.339373588562012
2011-07-21,14.223106384277344
2011-07-22,14.339373588562012
2011-07-25,14.571901321411133
2011-07-26,14.223106384277344
2011-07-27,14.106842041015625
2011-07-28,13.641780853271484
2011-07-29,13.56427001953125
2011-08-01,13.680536270141602
2011-08-02,12.827924728393555
2011-08-03,12.750415802001953
2011-08-04,12.556639671325684
2011-08-05,11.820293426513672
2011-08-08,11.08394718170166
2011-08-09,10.38635540008545
2011-08-10,10.735151290893555
2011-08-11,10.696395874023438
2011-08-12,10.580131530761719
2011-08-16,9.766276359558105
2011-08-17,9.146193504333496
2011-08-18,8.913662910461426
2011-08-19,9.029929161071777
2011-08-22,9.339969635009766
2011-08-23,9.650009155273438
2011-08-24,9.61125373840332
2011-08-25,9.184948921203613
2011-08-26,8.681133270263672
2011-08-29,9.339969635009766
2011-08-30,9.378725051879883
2011-09-02,9.146193504333496
2011-09-05,9.766276359558105
2011-09-06,9.882538795471191
2011-09-07,9.960049629211426
2011-09-08,10.03756046295166
2011-09-09,9.882538795471191
2011-09-12,9.378725051879883
2011-09-13,9.650009155273438
2011-09-14,9.960049629211426
2011-09-15,9.960049629211426
2011-09-16,9.960049629211426
2011-09-19,9.766276359558105
2011-09-20,9.921294212341309
2011-09-21,9.882538795471191
2011-09-22,9.223703384399414
2011-09-23,9.068683624267578
2011-09-26,8.797398567199707
2011-09-27,9.029929161071777
2011-09-28,8.913662910461426
2011-09-29,8.797398567199707
2011-09-30,8.75864315032959
2011-10-03,8.56486701965332
2011-10-04,8.52611255645752
2011-10-05,8.254827499389648
2011-10-07,8.448602676391602
2011-10-10,8.56486701965332
2011-10-11,8.642377853393555
2011-10-12,8.874907493591309
2011-10-13,8.719888687133789
2011-10-14,8.874907493591309
2011-10-17,8.75864315032959
2011-10-18,8.448602676391602
2011-10-19,8.487358093261719
2011-10-20,8.332337379455566
2011-10-21,8.254827499389648
2011-10-24,8.17731761932373
2011-10-25,8.099807739257812
2011-10-28,8.603622436523438
2011-10-31,8.603622436523438
2011-11-01,8.371092796325684
2011-11-02,8.332337379455566
2011-11-03,8.254827499389648
2011-11-04,8.487358093261719
2011-11-08,8.332337379455566
2011-11-09,8.719888687133789
2011-11-11,8.293582916259766
2011-11-14,7.828522205352783
2011-11-15,7.402216911315918
2011-11-16,7.208441257476807
2011-11-17,7.169686794281006
2011-11-18,7.014665603637695
2011-11-21,6.743379592895508
2011-11-22,6.859645843505859
2011-11-23,6.317074298858643
2011-11-24,6.239564895629883
2011-11-25,6.200809001922607
2011-11-28,6.510849475860596
2011-11-29,6.317074298858643
2011-11-30,6.162054061889648
2011-12-01,6.162054061889648
2011-12-02,6.433340549468994
2011-12-05,6.665870189666748
2011-12-07,6.472095012664795
2011-12-08,6.200809001922607
2011-12-09,6.084543704986572
2011-12-12,6.0070343017578125
2011-12-13,5.813258171081543
2011-12-14,5.619483470916748
2011-12-15,5.425707817077637
2011-12-16,5.076913356781006
2011-12-19,5.076913356781006
2011-12-20,4.99940299987793
2011-12-21,5.30944299697876
2011-12-22,5.348197937011719
2011-12-23,5.30944299697876
2011-12-26,5.425707817077637
2011-12-27,5.270688533782959
2011-12-28,4.99940299987793
2011-12-29,4.456831455230713
2011-12-30,4.728116989135742
2012-01-02,4.80562686920166
2012-01-03,5.0381574630737305
2012-01-04,5.115668296813965
2012-01-05,5.193177700042725
2012-01-06,5.154422760009766
2012-01-09,5.774503231048584
2012-01-10,6.0070343017578125
2012-01-11,6.278319835662842
2012-01-12,6.278319835662842
2012-01-13,6.278319835662842
2012-01-16,6.35582971572876
2012-01-17,6.472095012664795
2012-01-18,6.278319835662842
2012-01-19,6.317074298858643
2012-01-20,6.200809001922607
2012-01-23,6.123298645019531
2012-01-24,6.278319835662842
2012-01-25,6.472095012664795
2012-01-27,6.743379592895508
2012-01-30,6.35582971572876
2012-01-31,6.510849475860596
2012-02-01,6.704624652862549
2012-02-02,6.549604892730713
2012-02-03,6.782135009765625
2012-02-06,6.937155246734619
2012-02-07,6.627115726470947
2012-02-08,7.092175483703613
2012-02-09,7.208441257476807
2012-02-10,7.169686794281006
2012-02-13,6.975910663604736
2012-02-14,7.014665603637695
2012-02-15,7.402216911315918
2012-02-16,7.595992088317871
2012-02-17,7.595992088317871
2012-02-21,9.107439041137695
2012-02-22,9.378725051879883
2012-02-23,11.238966941833496
2012-02-24,10.735151290893555
2012-02-27,9.688764572143555
2012-02-28,9.882538795471191
2012-02-29,9.80502986907959
2012-03-01,9.494989395141602
2012-03-02,9.456233978271484
2012-03-05,8.719888687133789
2012-03-06,8.448602676391602
2012-03-07,8.332337379455566
2012-03-09,8.719888687133789
2012-03-12,8.719888687133789
2012-03-13,8.75864315032959
2012-03-14,8.642377853393555
2012-03-15,8.371092796325684
2012-03-16,8.138561248779297
2012-03-19,7.828522205352783
2012-03-20,7.828522205352783
2012-03-21,7.906033515930176
2012-03-22,8.17731761932373
2012-03-23,7.828522205352783
2012-03-26,7.402216911315918
2012-03-27,7.169686794281006
2012-03-28,6.898400783538818
2012-03-29,7.363462448120117
2012-03-30,7.402216911315918
2012-04-02,8.138561248779297
2012-04-03,8.254827499389648
2012-04-04,8.371092796325684
2012-04-09,8.022297859191895
2012-04-10,7.906033515930176
2012-04-11,7.828522205352783
2012-04-12,7.828522205352783
2012-04-13,7.712257385253906
2012-04-16,7.63474702835083
2012-04-17,7.63474702835083
2012-04-18,7.63474702835083
2012-04-19,7.557236194610596
2012-04-20,7.5184807777404785
2012-04-23,7.208441257476807
2012-04-24,7.208441257476807
2012-04-25,7.014665603637695
2012-04-26,6.937155246734619
2012-04-27,6.820890426635742
2012-04-30,6.975910663604736
2012-05-02,7.363462448120117
2012-05-03,7.130929946899414
2012-05-04,6.898400783538818
2012-05-07,6.975910663604736
2012-05-08,6.820890426635742
2012-05-09,6.665870189666748
2012-05-10,6.588359832763672
2012-05-11,6.433340549468994
2012-05-14,6.627115726470947
2012-05-15,6.704624652862549
2012-05-16,7.014665603637695
2012-05-17,6.937155246734619
2012-05-18,6.549604892730713
2012-05-21,6.627115726470947
2012-05-22,6.549604892730713
2012-05-23,6.472095012664795
2012-05-24,6.510849475860596
2012-05-25,6.549604892730713
2012-05-28,6.743379592895508
2012-05-29,6.782135009765625
2012-05-30,6.665870189666748
2012-05-31,6.665870189666748
2012-06-01,6.510849475860596
2012-06-04,6.3945841789245605
2012-06-05,6.433340549468994
2012-06-06,6.549604892730713
2012-06-07,6.665870189666748
2012-06-08,6.627115726470947
2012-06-11,6.549604892730713
2012-06-12,6.588359832763672
2012-06-13,6.588359832763672
2012-06-14,6.433340549468994
2012-06-15,6.472095012664795
2012-06-18,6.433340549468994
2012-06-19,6.35582971572876
2012-06-20,6.35582971572876
2012-06-21,6.433340549468994
2012-06-22,6.433340549468994
2012-06-25,6.588359832763672
2012-06-26,6.472095012664795
2012-06-27,6.3945841789245605
2012-06-28,6.472095012664795
2012-06-29,6.704624652862549
2012-07-02,6.782135009765625
2012-07-03,7.595992088317871
2012-07-04,7.751012802124023
2012-07-05,7.94478702545166
2012-07-06,7.828522205352783
2012-07-09,7.324705123901367
2012-07-10,7.479724884033203
2012-07-11,7.208441257476807
2012-07-12,6.975910663604736
2012-07-13,6.898400783538818
2012-07-16,6.937155246734619
2012-07-17,6.937155246734619
2012-07-18,6.859645843505859
2012-07-19,6.898400783538818
2012-07-20,6.859645843505859
2012-07-23,6.820890426635742
2012-07-24,6.820890426635742
2012-07-25,6.665870189666748
2012-07-26,6.472095012664795
2012-07-27,6.239564895629883
2012-07-30,6.588359832763672
2012-07-31,7.208441257476807
2012-08-01,7.130929946899414
2012-08-02,7.0534210205078125
2012-08-03,6.937155246734619
2012-08-06,7.0534210205078125
2012-08-07,7.0534210205078125
2012-08-08,7.402216911315918
2012-08-09,7.324705123901367
2012-08-10,7.324705123901367
2012-08-13,7.169686794281006
2012-08-14,7.324705123901367
2012-08-16,7.169686794281006
2012-08-17,7.5184807777404785
2012-08-21,7.402216911315918
2012-08-22,7.324705123901367
2012-08-23,7.94478702545166
2012-08-24,7.828522205352783
2012-08-27,7.402216911315918
2012-08-28,7.169686794281006
2012-08-29,7.092175483703613
2012-08-30,7.0534210205078125
2012-08-31,7.285950660705566
2012-09-03,7.324705123901367
2012-09-04,7.092175483703613
2012-09-05,7.130929946899414
2012-09-06,7.130929946899414
2012-09-07,7.169686794281006
2012-09-10,7.0534210205078125
2012-09-11,7.0534210205078125
2012-09-12,7.0534210205078125
2012-09-13,6.937155246734619
2012-09-14,7.092175483703613
2012-09-17,7.285950660705566
2012-09-18,7.285950660705566
2012-09-20,6.937155246734619
2012-09-21,7.285950660705566
2012-09-24,7.247196674346924
2012-09-25,7.324705123901367
2012-09-26,7.363462448120117
2012-09-27,7.363462448120117
2012-09-28,7.363462448120117
2012-10-01,8.52611255645752
2012-10-03,8.874907493591309
2012-10-04,8.913662910461426
2012-10-05,8.797398567199707
2012-10-08,8.448602676391602
2012-10-09,8.56486701965332
2012-10-10,9.41748046875
2012-10-11,9.650009155273438
2012-10-12,9.223703384399414
2012-10-15,9.301214218139648
2012-10-16,9.068683624267578
2012-10-17,9.688764572143555
2012-10-18,9.80502986907959
2012-10-19,9.84378433227539
2012-10-22,10.192581176757812
2012-10-23,10.23133659362793
2012-10-25,11.045191764831543
2012-10-29,9.339969635009766
2012-10-30,9.029929161071777
2012-10-31,9.146193504333496
2012-11-01,9.223703384399414
2012-11-02,9.184948921203613
2012-11-05,9.146193504333496
2012-11-06,9.146193504333496
2012-11-07,9.184948921203613
2012-11-08,9.107439041137695
2012-11-09,9.029929161071777
2012-11-12,9.146193504333496
2012-11-15,9.107439041137695
2012-11-16,9.068683624267578
2012-11-19,9.068683624267578
2012-11-20,9.107439041137695
2012-11-21,9.146193504333496
2012-11-22,9.146193504333496
2012-11-23,9.146193504333496
2012-11-26,9.146193504333496
2012-11-27,9.184948921203613
2012-11-29,9.262458801269531
2012-11-30,9.301214218139648
2012-12-03,9.41748046875
2012-12-04,9.301214218139648
2012-12-05,9.456233978271484
2012-12-06,9.41748046875
2012-12-07,9.41748046875
2012-12-10,9.41748046875
2012-12-11,9.41748046875
2012-12-12,9.378725051879883
2012-12-13,9.378725051879883
2012-12-14,9.339969635009766
2012-12-17,9.339969635009766
2012-12-18,9.339969635009766
2012-12-19,9.301214218139648
2012-12-20,9.301214218139648
2012-12-21,9.262458801269531
2012-12-24,9.339969635009766
2012-12-26,9.339969635009766
2012-12-27,9.339969635009766
2012-12-28,9.339969635009766
2012-12-31,9.339969635009766
2013-01-01,9.378725051879883
2013-01-02,9.378725051879883
2013-01-03,9.378725051879883
2013-01-04,9.339969635009766
2013-01-07,9.339969635009766
2013-01-08,9.339969635009766
2013-01-09,9.339969635009766
2013-01-10,9.339969635009766
2013-01-11,9.339969635009766
2013-01-14,9.378725051879883
2013-01-15,9.378725051879883
2013-01-16,9.068683624267578
2013-01-17,9.184948921203613
2013-01-18,8.95241928100586
2013-01-21,8.603622436523438
2013-01-22,8.487358093261719
2013-01-23,8.17731761932373
2013-01-24,7.78976583480835
2013-01-25,8.254827499389648
2013-01-28,8.448602676391602
2013-01-29,8.603622436523438
2013-01-30,8.52611255645752
2013-01-31,8.371092796325684
2013-02-01,8.991174697875977
2013-02-04,8.75864315032959
2013-02-05,8.681133270263672
2013-02-06,8.719888687133789
2013-02-07,8.487358093261719
2013-02-08,8.448602676391602
2013-02-11,8.293582916259766
2013-02-12,8.216072082519531
2013-02-13,8.138561248779297
2013-02-14,8.487358093261719
2013-02-15,8.52611255645752
2013-02-18,8.75864315032959
2013-02-19,8.52611255645752
2013-02-20,8.487358093261719
2013-02-21,8.603622436523438
2013-02-22,8.448602676391602
2013-02-25,8.332337379455566
2013-02-26,8.17731761932373
2013-02-27,8.17731761932373
2013-02-28,7.983542442321777
2013-03-01,7.94478702545166
2013-03-04,7.557236194610596
2013-03-05,8.099807739257812
2013-03-06,8.061052322387695
2013-03-07,7.983542442321777
2013-03-08,8.099807739257812
2013-03-11,8.099807739257812
2013-03-12,8.138561248779297
2013-03-13,8.371092796325684
2013-03-14,8.642377853393555
2013-03-15,8.448602676391602
2013-03-18,8.487358093261719
2013-03-19,8.293582916259766
2013-03-20,8.061052322387695
2013-03-21,8.254827499389648
2013-03-22,8.061052322387695
2013-03-25,7.906033515930176
2013-03-26,7.867276668548584
2013-03-28,7.906033515930176
2013-04-01,8.022297859191895
2013-04-02,8.254827499389648
2013-04-03,8.409849166870117
2013-04-04,8.448602676391602
2013-04-05,8.448602676391602
2013-04-08,8.371092796325684
2013-04-09,8.293582916259766
2013-04-10,8.216072082519531
2013-04-11,8.371092796325684
2013-04-12,8.332337379455566
2013-04-15,8.332337379455566
2013-04-16,8.332337379455566
2013-04-17,8.332337379455566
2013-04-18,8.371092796325684
2013-04-22,8.293582916259766
2013-04-23,8.293582916259766
2013-04-25,8.332337379455566
2013-04-26,8.293582916259766
2013-04-29,8.216072082519531
2013-04-30,8.293582916259766
2013-05-02,8.17731761932373
2013-05-03,8.099807739257812
2013-05-06,8.409849166870117
2013-05-07,8.52611255645752
2013-05-08,8.603622436523438
2013-05-09,8.448602676391602
2013-05-10,8.293582916259766
2013-05-13,8.061052322387695
2013-05-14,7.983542442321777
2013-05-15,8.371092796325684
2013-05-16,8.409849166870117
2013-05-17,8.409849166870117
2013-05-20,8.487358093261719
2013-05-21,8.332337379455566
2013-05-22,8.099807739257812
2013-05-23,7.906033515930176
2013-05-24,7.983542442321777
2013-05-27,8.061052322387695
2013-05-28,7.906033515930176
2013-05-29,8.487358093261719
2013-05-30,8.138561248779297
2013-05-31,8.022297859191895
2013-06-03,8.138561248779297
2013-06-04,8.293582916259766
2013-06-05,8.409849166870117
2013-06-06,8.254827499389648
2013-06-07,8.293582916259766
2013-06-10,8.138561248779297
2013-06-11,8.061052322387695
2013-06-12,8.099807739257812
2013-06-13,7.983542442321777
2013-06-14,7.983542442321777
2013-06-17,7.983542442321777
2013-06-18,8.022297859191895
2013-06-19,7.983542442321777
2013-06-20,7.828522205352783
2013-06-21,7.906033515930176
2013-06-24,7.78976583480835
2013-06-25,7.673501968383789
2013-06-26,7.479724884033203
2013-06-27,7.402216911315918
2013-06-28,7.324705123901367
2013-07-01,7.402216911315918
2013-07-02,7.867276668548584
2013-07-03,7.5184807777404785
2013-07-04,8.991174697875977
2013-07-05,9.727519989013672
2013-07-08,8.913662910461426
2013-07-09,8.719888687133789
2013-07-10,9.766276359558105
2013-07-11,9.572498321533203
2013-07-12,9.650009155273438
2013-07-15,10.270090103149414
2013-07-16,11.277722358703613
2013-07-17,10.89017105102539
2013-07-18,10.657639503479004
2013-07-19,10.5026216506958
2013-07-22,10.347599983215332
2013-07-23,10.463866233825684
2013-07-24,10.115070343017578
2013-07-25,9.882538795471191
2013-07-26,9.533743858337402
2013-07-29,9.80502986907959
2013-07-30,9.378725051879883
2013-07-31,9.146193504333496
2013-08-01,8.874907493591309
2013-08-02,8.603622436523438
2013-08-05,9.029929161071777
2013-08-06,9.262458801269531
2013-08-07,9.456233978271484
2013-08-08,9.184948921203613
2013-08-12,9.921294212341309
2013-08-13,10.153826713562012
2013-08-14,9.960049629211426
2013-08-16,9.84378433227539
2013-08-19,9.456233978271484
2013-08-20,9.80502986907959
2013-08-21,9.456233978271484
2013-08-22,9.882538795471191
2013-08-23,9.921294212341309
2013-08-26,9.921294212341309
2013-08-27,9.572498321533203
2013-08-28,9.494989395141602
2013-08-29,9.688764572143555
2013-08-30,9.921294212341309
2013-09-02,9.80502986907959
2013-09-03,9.960049629211426
2013-09-04,10.657639503479004
2013-09-05,10.657639503479004
2013-09-06,10.657639503479004
2013-09-10,10.42510986328125
2013-09-11,11.277722358703613
2013-09-12,11.045191764831543
2013-09-13,10.928927421569824
2013-09-16,11.200211524963379
2013-09-17,11.587762832641602
2013-09-18,12.130332946777344
2013-09-19,12.246597290039062
2013-09-20,11.975313186645508
2013-09-23,11.820293426513672
2013-09-24,12.09157943725586
2013-09-25,12.672904968261719
2013-09-26,12.98294448852539
2013-09-27,13.409249305725098
2013-09-30,13.990575790405273
2013-10-01,14.998207092285156
2013-10-03,14.300619125366211
2013-10-04,13.796801567077637
2013-10-07,14.998207092285156
2013-10-08,14.610654830932617
2013-10-09,14.571901321411133
2013-10-10,14.300619125366211
2013-10-11,15.075719833374023
2013-10-14,15.075719833374023
2013-10-15,14.378127098083496
2013-10-17,14.300619125366211
2013-10-18,14.494393348693848
2013-10-21,14.533147811889648
2013-10-22,15.114472389221191
2013-10-23,15.191984176635742
2013-10-24,14.881941795349121
2013-10-25,14.881941795349121
2013-10-28,14.920697212219238
2013-10-29,14.881941795349121
2013-10-30,15.191984176635742
2013-10-31,16.04459571838379
2013-11-01,16.199615478515625
2013-11-05,16.897205352783203
2013-11-06,17.7110652923584
2013-11-07,16.54840850830078
2013-11-08,17.090980529785156
2013-11-11,16.432144165039062
2013-11-12,16.819698333740234
2013-11-13,16.04459571838379
2013-11-14,16.199615478515625
2013-11-18,16.858449935913086
2013-11-19,16.703428268432617
2013-11-20,16.819698333740234
2013-11-21,16.897205352783203
2013-11-22,16.625919342041016
2013-11-25,17.013471603393555
2013-11-26,16.625919342041016
2013-11-27,17.013471603393555
2013-11-28,16.819698333740234
2013-11-29,16.703428268432617
2013-12-02,16.664674758911133
2013-12-03,16.703428268432617
2013-12-04,16.664674758911133
2013-12-05,16.703428268432617
2013-12-06,16.58716583251953
2013-12-09,16.509654998779297
2013-12-10,16.12210464477539
2013-12-11,15.734553337097168
2013-12-12,15.463268280029297
2013-12-13,15.385757446289062
2013-12-16,15.424514770507812
2013-12-17,15.153226852416992
2013-12-18,15.424514770507812
2013-12-19,16.005840301513672
2013-12-20,15.928326606750488
2013-12-23,15.967084884643555
2013-12-24,15.88957405090332
2013-12-26,17.12973403930664
2013-12-27,17.12973403930664
2013-12-30,17.05222511291504
2013-12-31,17.090980529785156
2014-01-01,17.12973403930664
2014-01-02,16.897205352783203
2014-01-03,17.28475570678711
2014-01-06,17.82732582092285
2014-01-07,18.67993927001953
2014-01-08,19.106243133544922
2014-01-09,18.796199798583984
2014-01-10,19.803834915161133
2014-01-13,20.656444549560547
2014-01-14,21.47030258178711
2014-01-15,20.423917770385742
2014-01-16,20.656444549560547
2014-01-17,19.37752914428711
2014-01-20,20.113876342773438
2014-01-21,20.07512092590332
2014-01-22,20.152629852294922
2014-01-23,20.230140686035156
2014-01-24,19.53255271911621
2014-01-27,18.602428436279297
2014-01-28,18.331140518188477
2014-01-29,17.478532791137695
2014-01-30,18.137367248535156
2014-01-31,18.796199798583984
2014-02-03,19.57130241394043
2014-02-04,19.300018310546875
2014-02-05,19.61005973815918
2014-02-06,19.338775634765625
2014-02-07,20.113876342773438
2014-02-10,20.191381454467773
2014-02-11,21.23777198791504
2014-02-12,21.47030258178711
2014-02-13,21.702831268310547
2014-02-14,22.516687393188477
2014-02-17,22.826730728149414
2014-02-18,22.400423049926758
2014-02-19,21.974119186401367
2014-02-20,21.509057998657227
2014-02-21,21.702831268310547
2014-02-24,21.431547164916992
2014-02-25,21.043994903564453
2014-02-26,21.58656883239746
2014-02-28,21.819093704223633
2014-03-03,21.27652931213379
2014-03-04,21.66407585144043
2014-03-05,22.0516300201416
2014-03-06,21.819093704223633
2014-03-07,21.043994903564453
2014-03-10,21.35403823852539
2014-03-11,21.160263061523438
2014-03-12,20.88897705078125
2014-03-13,20.540180206298828
2014-03-14,20.230140686035156
2014-03-18,20.07512092590332
2014-03-19,20.927732467651367
2014-03-20,20.7727108001709
2014-03-21,20.73395538330078
2014-03-24,20.423917770385742
2014-03-25,20.113876342773438
2014-03-26,20.346403121948242
2014-03-27,20.268892288208008
2014-03-28,19.92009925842285
2014-03-31,19.57130241394043
2014-04-01,20.57893943786621
2014-04-02,21.199016571044922
2014-04-03,21.74158477783203
2014-04-04,21.974119186401367
2014-04-07,21.392791748046875
2014-04-09,21.27652931213379
2014-04-10,20.695199966430664
2014-04-11,20.8502197265625
2014-04-15,21.702831268310547
2014-04-16,21.47030258178711
2014-04-17,21.974119186401367
2014-04-21,22.322914123535156
2014-04-22,23.214279174804688
2014-04-23,23.408056259155273
2014-04-24,23.408056259155273
2014-04-25,23.75684928894043
2014-04-28,24.84198760986328
2014-04-29,26.12091064453125
2014-04-30,24.72572898864746
2014-05-02,25.38456153869629
2014-05-05,22.322914123535156
2014-05-06,22.400423049926758
2014-05-07,22.400423049926758
2014-05-08,22.9429931640625
2014-05-09,23.214279174804688
2014-05-12,22.245403289794922
2014-05-13,22.516687393188477
2014-05-14,22.206645965576172
2014-05-15,22.28415870666504
2014-05-16,21.547813415527344
2014-05-19,20.152629852294922
2014-05-20,21.66407585144043
2014-05-21,23.29178810119629
2014-05-22,24.299421310424805
2014-05-23,23.834360122680664
2014-05-26,22.826730728149414
2014-05-27,23.79560661315918
2014-05-28,24.648216247558594
2014-05-29,24.299421310424805
2014-05-30,24.609464645385742
2014-06-02,24.415685653686523
2014-06-03,25.927133560180664
2014-06-04,25.96588897705078
2014-06-05,25.65584945678711
2014-06-06,25.113279342651367
2014-06-09,26.004642486572266
2014-06-10,27.012277603149414
2014-06-11,27.438583374023438
2014-06-12,27.0510311126709
2014-06-13,26.77974510192871
2014-06-16,27.94239616394043
2014-06-17,28.484970092773438
2014-06-18,28.368701934814453
2014-06-19,29.027536392211914
2014-06-20,30.771514892578125
2014-06-23,30.61649513244629
2014-06-24,30.306453704833984
2014-06-25,30.11268424987793
2014-06-26,30.383968353271484
2014-06-27,30.887779235839844
2014-06-30,31.817903518676758
2014-07-01,30.887779235839844
2014-07-02,31.081558227539062
2014-07-03,30.267702102661133
2014-07-04,30.267702102661133
2014-07-07,31.50786018371582
2014-07-08,30.383968353271484
2014-07-09,29.49260139465332
2014-07-10,29.802640914916992
2014-07-11,28.09741973876953
2014-07-14,27.709867477416992
2014-07-15,29.802640914916992
2014-07-16,31.391597747802734
2014-07-17,30.96529197692871
2014-07-18,30.500232696533203
2014-07-21,30.577739715576172
2014-07-22,30.383968353271484
2014-07-23,30.306453704833984
2014-07-24,30.073923110961914
2014-07-25,28.91127586364746
2014-07-28,29.260068893432617
2014-07-30,29.918899536132812
2014-07-31,29.841394424438477
2014-08-01,28.833765029907227
2014-08-04,29.531356811523438
2014-08-05,30.383968353271484
2014-08-06,30.732757568359375
2014-08-07,29.725130081176758
2014-08-08,30.151439666748047
2014-08-11,29.49260139465332
2014-08-12,29.49260139465332
2014-08-13,28.09741973876953
2014-08-14,28.833765029907227
2014-08-18,29.37633514404297
2014-08-19,29.531356811523438
2014-08-20,29.570110321044922
2014-08-21,29.221309661865234
2014-08-22,28.988786697387695
2014-08-25,29.18256187438965
2014-08-26,29.33757972717285
2014-08-27,28.678747177124023
2014-08-28,28.91127586364746
2014-09-01,28.988786697387695
2014-09-02,28.950027465820312
2014-09-03,30.46147346496582
2014-09-04,30.035171508789062
2014-09-05,30.577739715576172
2014-09-08,31.004051208496094
2014-09-09,33.019309997558594
2014-09-10,33.21308898925781
2014-09-11,32.94179916381836
2014-09-12,32.864288330078125
2014-09-15,32.43798065185547
2014-09-16,30.655250549316406
2014-09-17,30.267702102661133
2014-09-18,31.972929000854492
2014-09-19,33.05806350708008
2014-09-22,33.56188201904297
2014-09-23,32.43798065185547
2014-09-24,31.50786018371582
2014-09-25,29.531356811523438
2014-09-26,30.073923110961914
2014-09-29,30.887779235839844
2014-09-30,31.197824478149414
2014-10-01,31.972929000854492
2014-10-07,31.89541244506836
2014-10-08,30.81026840209961
2014-10-09,31.50786018371582
2014-10-10,30.96529197692871
2014-10-13,31.430347442626953
2014-10-14,31.314088821411133
2014-10-15,31.314088821411133
2014-10-16,30.46147346496582
2014-10-17,30.4227237701416
2014-10-20,30.81026840209961
2014-10-21,30.81026840209961
2014-10-22,30.849029541015625
2014-10-27,30.34521484375
2014-10-28,29.95766258239746
2014-10-29,29.33757972717285
2014-10-30,29.570110321044922
2014-10-31,30.228944778442383
2014-11-03,30.46147346496582
2014-11-05,30.306453704833984
2014-11-07,32.1279411315918
2014-11-10,32.74802017211914
2014-11-11,31.004051208496094
2014-11-12,30.849029541015625
2014-11-13,30.849029541015625
2014-11-14,31.004051208496094
2014-11-17,29.918899536132812
2014-11-18,30.035171508789062
2014-11-19,29.725130081176758
2014-11-20,29.68637466430664
2014-11-21,28.91127586364746
2014-11-24,28.13616943359375
2014-11-25,27.399824142456055
2014-11-26,27.167293548583984
2014-11-27,27.244808197021484
2014-11-28,27.167293548583984
2014-12-01,26.818498611450195
2014-12-02,26.0821533203125
2014-12-03,29.066295623779297
2014-12-04,29.105051040649414
2014-12-05,28.523719787597656
2014-12-08,27.28356170654297
2014-12-09,27.361072540283203
2014-12-10,26.97351837158203
2014-12-11,26.74098777770996
2014-12-12,26.314685821533203
2014-12-15,26.004642486572266
2014-12-16,25.810871124267578
2014-12-17,24.88074493408203
2014-12-18,26.547216415405273
2014-12-19,26.004642486572266
2014-12-22,25.810871124267578
2014-12-23,25.22953987121582
2014-12-24,25.462072372436523
2014-12-26,26.353439331054688
2014-12-29,26.19841957092285
2014-12-30,26.12091064453125
2014-12-31,26.89600944519043
2015-01-01,27.1285400390625
2015-01-02,27.32231330871582
2015-01-05,26.93476676940918
2015-01-06,26.93476676940918
2015-01-07,26.93476676940918
2015-01-08,26.93476676940918
2015-01-09,26.93476676940918
2015-01-12,26.93476676940918
2015-01-13,26.93476676940918
2015-01-14,26.93476676940918
2015-01-15,26.93476676940918
2015-01-16,26.93476676940918
2015-01-19,26.93476676940918
2015-01-20,26.93476676940918
2015-01-21,26.93476676940918
2015-01-22,26.93476676940918
2015-01-23,26.93476676940918
2015-01-27,26.93476676940918
2015-01-28,26.93476676940918
2015-01-29,26.93476676940918
2015-01-30,26.93476676940918
2015-02-02,26.93476676940918
2015-02-03,26.93476676940918
2015-02-04,26.93476676940918
2015-02-05,26.93476676940918
2015-02-06,26.93476676940918
2015-02-09,26.93476676940918
2015-02-10,26.93476676940918
2015-02-11,26.93476676940918
2015-02-12,26.93476676940918
2015-02-13,26.93476676940918
2015-02-16,26.93476676940918
2015-02-18,26.93476676940918
2015-02-19,26.93476676940918
2015-02-20,26.93476676940918
2015-02-23,26.93476676940918
2015-02-24,26.93476676940918
2015-02-25,26.93476676940918
2015-02-26,26.93476676940918
2015-02-27,26.93476676940918
2015-03-02,26.93476676940918
2015-03-03,26.93476676940918
2015-03-04,26.93476676940918
2015-03-05,26.93476676940918
2015-03-09,26.93476676940918
2015-03-10,26.93476676940918
2015-03-11,26.93476676940918
2015-03-12,26.93476676940918
2015-03-13,26.93476676940918
2015-03-16,26.93476676940918
2015-03-17,26.93476676940918
2015-03-18,26.93476676940918
2015-03-19,26.93476676940918
2015-03-20,26.93476676940918
2015-03-23,26.93476676940918
2015-03-24,26.93476676940918
2015-03-25,26.93476676940918
2015-03-26,26.93476676940918
2015-03-27,26.93476676940918
2015-03-30,26.93476676940918
2015-03-31,26.93476676940918
2015-04-01,26.93476676940918
2015-04-06,26.93476676940918
2015-04-07,26.93476676940918
2015-04-08,26.93476676940918
2015-04-09,26.93476676940918
2015-04-10,26.93476676940918
2015-04-13,26.93476676940918
2015-04-15,26.93476676940918
2015-04-16,26.93476676940918
2015-04-17,26.93476676940918
2015-04-20,26.93476676940918
2015-04-21,26.93476676940918
2015-04-22,26.93476676940918
2015-04-23,26.93476676940918
2015-04-24,26.93476676940918
2015-04-27,26.93476676940918
2015-04-28,26.93476676940918
2015-04-29,26.93476676940918
2015-04-30,26.93476676940918
2015-05-04,26.93476676940918
2015-05-05,26.93476676940918
2015-05-06,26.93476676940918
2015-05-07,26.93476676940918
2015-05-08,26.93476676940918
2015-05-11,26.93476676940918
2015-05-12,26.93476676940918
2015-05-13,26.93476676940918
2015-05-14,26.93476676940918
2015-05-15,26.93476676940918
2015-05-18,26.93476676940918
2015-05-19,26.93476676940918
2015-05-20,26.93476676940918
2015-05-21,26.93476676940918
2015-05-22,26.93476676940918
2015-05-25,26.93476676940918
2015-05-26,26.93476676940918
2015-05-27,26.93476676940918
2015-05-28,26.93476676940918
2015-05-29,26.93476676940918
2015-06-01,26.93476676940918
2015-06-02,26.93476676940918
2015-06-03,26.93476676940918
2015-06-04,26.93476676940918
2015-06-05,26.93476676940918
2015-06-08,26.93476676940918
2015-06-09,26.93476676940918
2015-06-10,26.93476676940918
2015-06-11,26.93476676940918
2015-06-12,26.93476676940918
2015-06-15,26.93476676940918
2015-06-16,26.93476676940918
2015-06-17,26.93476676940918
2015-06-18,26.93476676940918
2015-06-19,26.93476676940918
2015-06-22,26.93476676940918
2015-06-23,26.93476676940918
2015-06-24,26.93476676940918
2015-06-25,26.93476676940918
2015-06-26,26.93476676940918
2015-06-29,26.93476676940918
2015-06-30,26.93476676940918
2015-07-01,26.93476676940918
2015-07-02,26.93476676940918
2015-07-03,26.93476676940918
2015-07-06,26.93476676940918
2015-07-07,26.93476676940918
2015-07-08,26.93476676940918
2015-07-09,26.93476676940918
2015-07-10,26.93476676940918
2015-07-13,26.93476676940918
2015-07-14,26.93476676940918
2015-07-15,26.93476676940918
2015-07-16,26.93476676940918
2015-07-17,26.93476676940918
2015-07-20,26.93476676940918
2015-07-21,26.93476676940918
2015-07-22,26.93476676940918
2015-07-23,26.93476676940918
2015-07-24,26.93476676940918
2015-07-27,26.93476676940918
2015-07-28,26.93476676940918
2015-07-29,26.93476676940918
2015-07-30,26.93476676940918
2015-07-31,26.93476676940918
2015-08-03,26.93476676940918
2015-08-04,26.93476676940918
2015-08-05,26.93476676940918
2015-08-06,26.93476676940918
2015-08-07,26.93476676940918
2015-08-10,26.93476676940918
2015-08-11,26.93476676940918
2015-08-12,26.93476676940918
2015-08-13,26.93476676940918
2015-08-14,26.93476676940918
2015-08-17,26.93476676940918
2015-08-18,26.93476676940918
2015-08-19,26.93476676940918
2015-08-20,26.93476676940918
2015-08-21,26.93476676940918
2015-08-24,26.93476676940918
2015-08-25,26.93476676940918
2015-08-26,26.93476676940918
2015-08-27,26.93476676940918
2015-08-28,26.93476676940918
2015-08-31,26.93476676940918
2015-09-01,26.93476676940918
2015-09-02,26.93476676940918
2015-09-03,26.93476676940918
2015-09-04,26.93476676940918
2015-09-07,26.93476676940918
2015-09-08,26.93476676940918
2015-09-09,26.93476676940918
2015-09-10,26.93476676940918
2015-09-11,26.93476676940918
2015-09-14,26.93476676940918
2015-09-15,26.93476676940918
2015-09-16,26.93476676940918
2015-09-18,26.93476676940918
2015-09-21,26.93476676940918
2015-09-22,26.93476676940918
2015-09-23,26.93476676940918
2015-09-24,26.93476676940918
2015-09-28,26.93476676940918
2015-09-29,26.93476676940918
2015-09-30,26.93476676940918
2015-10-01,26.93476676940918
2015-10-05,26.93476676940918
2015-10-06,26.93476676940918
2015-10-07,26.93476676940918
2015-10-08,26.93476676940918
2015-10-09,26.93476676940918
2015-10-12,26.93476676940918
2015-10-13,26.93476676940918
2015-10-14,26.93476676940918
2015-10-15,26.93476676940918
2015-10-16,26.93476676940918
2015-10-19,26.93476676940918
2015-10-20,26.93476676940918
2015-10-21,26.93476676940918
2015-10-23,26.93476676940918
2015-10-26,26.93476676940918
2015-10-27,26.93476676940918
2015-10-28,26.93476676940918
2015-10-29,26.93476676940918
2015-10-30,26.93476676940918
2015-11-02,26.93476676940918
2015-11-03,26.93476676940918
2015-11-04,26.93476676940918
2015-11-05,26.93476676940918
2015-11-06,26.93476676940918
2015-11-09,26.93476676940918
2015-11-10,26.93476676940918
2015-11-13,26.93476676940918
2015-11-16,26.93476676940918
2015-11-17,26.93476676940918
2015-11-18,26.93476676940918
2015-11-19,26.93476676940918
2015-11-20,26.93476676940918
2015-11-23,26.93476676940918
2015-11-24,26.93476676940918
2015-11-26,26.93476676940918
2015-11-27,26.93476676940918
2015-11-30,26.93476676940918
2015-12-01,26.93476676940918
2015-12-02,26.93476676940918
2015-12-03,26.93476676940918
2015-12-04,26.93476676940918
2015-12-07,26.93476676940918
2015-12-08,26.93476676940918
2015-12-09,26.93476676940918
2015-12-10,26.93476676940918
2015-12-11,26.93476676940918
2015-12-14,26.93476676940918
2015-12-15,26.93476676940918
2015-12-16,26.93476676940918
2015-12-17,26.93476676940918
2015-12-18,26.93476676940918
2015-12-21,26.93476676940918
2015-12-22,26.93476676940918
2015-12-23,26.93476676940918
2015-12-24,26.93476676940918
2015-12-28,26.93476676940918
2015-12-29,26.93476676940918
2015-12-30,26.93476676940918
2015-12-31,26.93476676940918
2016-01-01,26.93476676940918
2016-01-04,26.93476676940918
2016-01-05,26.93476676940918
2016-01-06,26.93476676940918
2016-01-07,26.93476676940918
2016-01-08,26.93476676940918
2016-01-11,26.93476676940918
2016-01-12,26.93476676940918
2016-01-13,26.93476676940918
2016-01-14,26.93476676940918
2016-01-15,26.93476676940918
2016-01-18,26.93476676940918
2016-01-19,26.93476676940918
2016-01-20,26.93476676940918
2016-01-21,26.93476676940918
2016-01-22,26.93476676940918
2016-01-25,26.93476676940918
2016-01-27,26.93476676940918
2016-01-28,26.93476676940918
2016-01-29,26.93476676940918
2016-02-01,26.93476676940918
2016-02-02,26.93476676940918
2016-02-03,26.93476676940918
2016-02-04,26.93476676940918
2016-02-05,26.93476676940918
2016-02-08,26.93476676940918
2016-02-09,26.93476676940918
2016-02-10,26.93476676940918
2016-02-11,26.93476676940918
2016-02-12,26.93476676940918
2016-02-15,26.93476676940918
2016-02-16,26.93476676940918
2016-02-17,26.93476676940918
2016-02-18,26.93476676940918
2016-02-19,26.93476676940918
2016-02-22,26.93476676940918
2016-02-23,26.93476676940918
2016-02-24,26.93476676940918
2016-02-25,26.93476676940918
2016-02-26,26.93476676940918
2016-02-29,26.93476676940918
2016-03-01,26.93476676940918
2016-03-02,26.93476676940918
2016-03-03,26.93476676940918
2016-03-04,26.93476676940918
2016-03-08,26.93476676940918
2016-03-09,26.93476676940918
2016-03-10,26.93476676940918
2016-03-11,26.93476676940918
2016-03-14,26.93476676940918
2016-03-15,26.93476676940918
2016-03-16,26.93476676940918
2016-03-17,26.93476676940918
2016-03-18,26.93476676940918
2016-03-21,26.93476676940918
2016-03-22,26.93476676940918
2016-03-23,26.93476676940918
2016-03-28,26.93476676940918
2016-03-29,26.93476676940918
2016-03-30,26.93476676940918
2016-03-31,26.93476676940918
2016-04-01,26.93476676940918
2016-04-04,26.93476676940918
2016-04-05,26.93476676940918
2016-04-06,26.93476676940918
2016-04-07,26.93476676940918
2016-04-08,26.93476676940918
2016-04-11,26.93476676940918
2016-04-12,26.93476676940918
2016-04-13,26.93476676940918
2016-04-18,26.93476676940918
2016-04-20,26.93476676940918
2016-04-21,26.93476676940918
2016-04-22,26.93476676940918
2016-04-25,26.93476676940918
2016-04-26,26.93476676940918
2016-04-27,26.93476676940918
2016-04-28,26.93476676940918
2016-04-29,26.93476676940918
2016-05-02,26.93476676940918
2016-05-03,26.93476676940918
2016-05-04,26.93476676940918
2016-05-05,26.93476676940918
2016-05-06,26.93476676940918
2016-05-09,26.93476676940918
2016-05-10,26.93476676940918
2016-05-11,26.93476676940918
2016-05-12,26.93476676940918
2016-05-13,26.93476676940918
2016-05-16,26.93476676940918
2016-05-17,26.93476676940918
2016-05-18,26.93476676940918
2016-05-19,26.93476676940918
2016-05-20,26.93476676940918
2016-05-23,26.93476676940918
2016-05-24,26.93476676940918
2016-05-25,26.93476676940918
2016-05-26,26.93476676940918
2016-05-27,26.93476676940918
2016-05-30,26.93476676940918
2016-05-31,26.93476676940918
2016-06-01,26.93476676940918
2016-06-02,26.93476676940918
2016-06-03,26.93476676940918
2016-06-06,26.93476676940918
2016-06-07,26.93476676940918
2016-06-08,26.93476676940918
2016-06-09,26.93476676940918
2016-06-10,26.93476676940918
2016-06-13,26.93476676940918
2016-06-14,26.93476676940918
2016-06-15,26.93476676940918
2016-06-16,26.93476676940918
2016-06-17,26.93476676940918
2016-06-20,26.93476676940918
2016-06-21,26.93476676940918
2016-06-22,26.93476676940918
2016-06-23,26.93476676940918
2016-06-24,26.93476676940918
2016-06-27,26.93476676940918
2016-06-28,26.93476676940918
2016-06-29,26.93476676940918
2016-06-30,26.93476676940918
2016-07-01,26.93476676940918
2016-07-04,26.93476676940918
2016-07-05,26.93476676940918
2016-07-07,26.93476676940918
2016-07-08,26.93476676940918
2016-07-11,26.93476676940918
2016-07-12,26.93476676940918
2016-07-13,26.93476676940918
2016-07-14,26.93476676940918
2016-07-15,26.93476676940918
2016-07-18,26.93476676940918
2016-07-19,26.93476676940918
2016-07-20,26.93476676940918
2016-07-21,26.93476676940918
2016-07-22,26.93476676940918
2016-07-25,26.93476676940918
2016-07-26,26.93476676940918
2016-07-27,26.93476676940918
2016-07-28,26.93476676940918
2016-07-29,26.93476676940918
2016-08-01,26.93476676940918
2016-08-02,26.93476676940918
2016-08-03,26.93476676940918
2016-08-04,26.93476676940918
2016-08-05,26.93476676940918
2016-08-08,26.93476676940918
2016-08-09,26.93476676940918
2016-08-10,26.93476676940918
2016-08-11,26.93476676940918
2016-08-12,26.93476676940918
2016-08-16,26.93476676940918
2016-08-17,26.93476676940918
2016-08-18,26.93476676940918
2016-08-19,26.93476676940918
2016-08-22,26.93476676940918
2016-08-23,26.93476676940918
2016-08-24,26.93476676940918
2016-08-25,26.93476676940918
2016-08-26,26.93476676940918
2016-08-29,26.93476676940918
2016-08-30,26.93476676940918
2016-08-31,26.93476676940918
2016-09-01,26.93476676940918
2016-09-02,26.93476676940918
2016-09-06,26.93476676940918
2016-09-07,26.93476676940918
2016-09-08,26.93476676940918
2016-09-09,26.93476676940918
2016-09-12,26.93476676940918
2016-09-14,26.93476676940918
2016-09-15,26.93476676940918
2016-09-16,26.93476676940918
2016-09-19,26.93476676940918
2016-09-20,26.93476676940918
2016-09-21,26.93476676940918
2016-09-22,26.93476676940918
2016-09-23,26.93476676940918
2016-09-26,26.93476676940918
2016-09-27,26.93476676940918
2016-09-28,26.93476676940918
2016-09-29,26.93476676940918
2016-09-30,26.93476676940918
2016-10-03,26.93476676940918
2016-10-04,26.93476676940918
2016-10-05,26.93476676940918
2016-10-06,26.93476676940918
2016-10-07,26.93476676940918
2016-10-10,26.93476676940918
2016-10-13,26.93476676940918
2016-10-14,26.93476676940918
2016-10-17,26.93476676940918
2016-10-18,26.93476676940918
2016-10-19,26.93476676940918
2016-10-20,26.93476676940918
2016-10-21,26.93476676940918
2016-10-24,26.93476676940918
2016-10-25,26.93476676940918
2016-10-26,26.93476676940918
2016-10-27,26.93476676940918
2016-10-28,26.93476676940918
2016-11-01,26.93476676940918
2016-11-02,26.93476676940918
2016-11-03,26.93476676940918
2016-11-04,26.93476676940918
2016-11-07,26.93476676940918
2016-11-08,26.93476676940918
2016-11-09,26.93476676940918
2016-11-10,26.93476676940918
2016-11-11,26.93476676940918
2016-11-15,26.93476676940918
2016-11-16,26.93476676940918
2016-11-17,26.93476676940918
2016-11-18,26.93476676940918
2016-11-21,26.93476676940918
2016-11-22,26.93476676940918
2016-11-23,26.93476676940918
2016-11-24,26.93476676940918
2016-11-25,26.93476676940918
2016-11-28,26.93476676940918
2016-11-29,26.93476676940918
2016-11-30,26.93476676940918
2016-12-01,26.93476676940918
2016-12-02,26.93476676940918
2016-12-05,26.93476676940918
2016-12-06,26.93476676940918
2016-12-07,26.93476676940918
2016-12-08,26.93476676940918
2016-12-09,26.93476676940918
2016-12-12,26.93476676940918
2016-12-13,26.93476676940918
2016-12-14,26.93476676940918
2016-12-15,26.93476676940918
2016-12-16,26.93476676940918
2016-12-19,26.93476676940918
2016-12-20,26.93476676940918
2016-12-21,26.93476676940918
2016-12-22,26.93476676940918
2016-12-23,26.93476676940918
2016-12-26,26.93476676940918
2016-12-27,26.93476676940918
2016-12-28,26.93476676940918
2016-12-29,26.93476676940918
2016-12-30,26.93476676940918
2017-01-02,26.93476676940918
2017-01-03,26.93476676940918
2017-01-04,26.93476676940918
2017-01-05,26.93476676940918
2017-01-06,26.93476676940918
2017-01-09,26.93476676940918
2017-01-10,26.93476676940918
2017-01-11,26.93476676940918
2017-01-12,26.93476676940918
2017-01-13,26.93476676940918
2017-01-16,26.93476676940918
2017-01-17,26.93476676940918
2017-01-18,26.93476676940918
2017-01-19,26.93476676940918
2017-01-20,26.93476676940918
2017-01-23,26.93476676940918
2017-01-24,26.93476676940918
2017-01-25,26.93476676940918
2017-01-27,26.93476676940918
2017-01-30,26.93476676940918
2017-01-31,26.93476676940918
2017-02-01,26.93476676940918
2017-02-02,26.93476676940918
2017-02-03,26.93476676940918
2017-02-06,26.93476676940918
2017-02-07,26.93476676940918
2017-02-08,26.93476676940918
2017-02-09,26.93476676940918
2017-02-10,26.93476676940918
2017-02-13,26.93476676940918
2017-02-14,26.93476676940918
2017-02-15,26.93476676940918
2017-02-16,26.93476676940918
2017-02-17,26.93476676940918
2017-02-20,26.93476676940918
2017-02-21,26.93476676940918
2017-02-22,26.93476676940918
2017-02-23,26.93476676940918
2017-02-27,33.794410705566406
2017-02-28,33.98818588256836
2017-03-01,35.4221305847168
2017-03-02,34.18196105957031
2017-03-03,35.2671012878418
2017-03-06,35.073326110839844
2017-03-07,34.879554748535156
2017-03-08,34.25946807861328
2017-03-09,33.871925354003906
2017-03-10,33.09681701660156
2017-03-14,32.67051696777344
2017-03-15,33.75564956665039
2017-03-16,33.25183868408203
2017-03-17,32.94179916381836
2017-03-20,31.817903518676758
2017-03-21,32.24420928955078
2017-03-22,31.89541244506836
2017-03-23,32.67051696777344
2017-03-24,31.740394592285156
2017-03-27,31.89541244506836
2017-03-28,31.352842330932617
2017-03-29,32.47673797607422
2017-03-30,32.360477447509766
2017-03-31,32.321720123291016
2017-04-03,32.903045654296875
2017-04-05,33.56188201904297
2017-04-06,32.825531005859375
2017-04-07,31.93416976928711
2017-04-10,31.54661750793457
2017-04-11,32.011680603027344
2017-04-12,31.585369110107422
2017-04-13,31.54661750793457
2017-04-17,31.391597747802734
2017-04-18,31.004051208496094
2017-04-19,31.004051208496094
2017-04-20,32.515499114990234
2017-04-21,33.871925354003906
2017-04-24,33.60063171386719
2017-04-25,33.05806350708008
2017-04-26,33.60063171386719
2017-04-27,33.63939666748047
2017-04-28,33.56188201904297
2017-05-02,33.29059982299805
2017-05-03,33.44561004638672
2017-05-04,32.321720123291016
2017-05-05,30.81026840209961
2017-05-08,30.073923110961914
2017-05-09,30.500232696533203
2017-05-10,30.306453704833984
2017-05-11,30.073923110961914
2017-05-12,29.68637466430664
2017-05-15,29.29882049560547
2017-05-16,30.11268424987793
2017-05-17,29.49260139465332
2017-05-18,28.601238250732422
2017-05-19,28.05866241455078
2017-05-22,27.554845809936523
2017-05-23,26.004642486572266
2017-05-24,25.035768508911133
2017-05-25,25.96588897705078
2017-05-26,26.430946350097656
2017-05-29,25.61709213256836
2017-05-30,25.345809936523438
2017-05-31,26.0821533203125
2017-06-01,25.84962272644043
2017-06-02,25.65584945678711
2017-06-05,25.307050704956055
2017-06-06,24.531949996948242
2017-06-07,24.144399642944336
2017-06-08,24.37693214416504
2017-06-09,24.415685653686523
2017-06-12,24.609464645385742
2017-06-13,24.45444107055664
2017-06-14,24.221912384033203
2017-06-15,23.679340362548828
2017-06-16,25.61709213256836
2017-06-19,26.547216415405273
2017-06-20,26.663480758666992
2017-06-21,26.275928497314453
2017-06-22,26.275928497314453
2017-06-23,25.345809936523438
2017-06-27,24.609464645385742
2017-06-28,24.84198760986328
2017-06-29,25.88838005065918
2017-06-30,26.430946350097656
2017-07-03,26.97351837158203
2017-07-04,27.167293548583984
2017-07-05,27.167293548583984
2017-07-06,27.206050872802734
2017-07-07,27.167293548583984
2017-07-10,27.63235855102539
2017-07-11,27.089786529541016
2017-07-12,27.361072540283203
2017-07-13,26.93476676940918
2017-07-14,26.353439331054688
2017-07-17,26.004642486572266
2017-07-18,25.500831604003906
2017-07-19,25.152034759521484
2017-07-20,25.500831604003906
2017-07-21,25.42331886291504
2017-07-24,25.307050704956055
2017-07-25,25.77211570739746
2017-07-26,25.84962272644043
2017-07-27,25.462072372436523
2017-07-28,27.438583374023438
2017-07-31,28.252437591552734
2017-08-01,27.593603134155273
2017-08-02,27.28356170654297
2017-08-03,26.275928497314453
2017-08-04,26.469707489013672
2017-08-07,27.593603134155273
2017-08-08,26.74098777770996
2017-08-09,27.516094207763672
2017-08-10,26.39219093322754
2017-08-11,25.96588897705078
2017-08-14,26.97351837158203
2017-08-16,27.244808197021484
2017-08-17,26.74098777770996
2017-08-18,26.430946350097656
2017-08-21,26.159666061401367
2017-08-22,26.004642486572266
2017-08-23,26.004642486572266
2017-08-24,26.043397903442383
2017-08-28,29.37633514404297
2017-08-29,28.05866241455078
2017-08-30,29.570110321044922
2017-08-31,29.531356811523438
2017-09-01,29.608867645263672
2017-09-04,29.29882049560547
2017-09-05,29.18256187438965
2017-09-06,30.53898811340332
2017-09-07,31.54661750793457
2017-09-08,31.624134063720703
2017-09-11,31.624134063720703
2017-09-12,31.314088821411133
2017-09-13,30.887779235839844
2017-09-14,31.120317459106445
2017-09-15,31.314088821411133
2017-09-18,32.08919143676758
2017-09-19,33.91067886352539
2017-09-20,34.60826873779297
2017-09-21,34.72453308105469
2017-09-22,33.406856536865234
2017-09-25,32.980552673339844
2017-09-26,32.980552673339844
2017-09-27,31.624134063720703
2017-09-28,32.360477447509766
2017-09-29,32.24420928955078
2017-10-03,32.05043029785156
2017-10-04,31.856653213500977
2017-10-05,32.282962799072266
2017-10-06,32.786781311035156
2017-10-09,34.375736236572266
2017-10-10,34.14320373535156
2017-10-11,32.55424499511719
2017-10-12,32.94179916381836
2017-10-13,32.321720123291016
2017-10-16,32.24420928955078
2017-10-17,31.77914810180664
2017-10-18,31.70163917541504
2017-10-19,31.54661750793457
2017-10-23,31.740394592285156
2017-10-24,31.77914810180664
2017-10-25,31.50786018371582
2017-10-26,31.624134063720703
2017-10-27,31.54661750793457
2017-10-30,32.5930061340332
2017-10-31,33.98818588256836
2017-11-01,32.321720123291016
2017-11-02,32.282962799072266
2017-11-03,31.89541244506836
2017-11-06,30.771514892578125
2017-11-07,30.81026840209961
2017-11-08,30.11268424987793
2017-11-09,29.68637466430664
2017-11-10,30.151439666748047
2017-11-13,29.415090560913086
2017-11-14,29.105051040649414
2017-11-15,28.09741973876953
2017-11-16,31.042802810668945
2017-11-17,31.120317459106445
2017-11-20,32.70927047729492
2017-11-21,33.63939666748047
2017-11-22,33.13557434082031
2017-11-23,32.980552673339844
2017-11-24,33.05806350708008
2017-11-27,34.4532470703125
2017-11-28,33.67814254760742
2017-11-29,32.825531005859375
2017-11-30,33.05806350708008
2017-12-01,31.624134063720703
2017-12-04,30.96529197692871
2017-12-05,31.352842330932617
2017-12-06,30.61649513244629
2017-12-07,30.46147346496582
2017-12-08,30.500232696533203
2017-12-11,30.53898811340332
2017-12-12,29.802640914916992
2017-12-13,30.267702102661133
2017-12-14,29.841394424438477
2017-12-15,30.4227237701416
2017-12-18,30.383968353271484
2017-12-19,31.042802810668945
2017-12-20,31.236574172973633
2017-12-21,31.275333404541016
2017-12-22,31.1590633392334
2017-12-26,31.042802810668945
2017-12-27,31.120317459106445
2017-12-28,31.391597747802734
2017-12-29,31.66288185119629
2018-01-01,31.740394592285156
2018-01-02,31.197824478149414
2018-01-03,31.197824478149414
2018-01-04,31.391597747802734
2018-01-05,32.08919143676758
2018-01-08,32.16669464111328
2018-01-09,32.24420928955078
2018-01-10,32.74802017211914
2018-01-11,33.871925354003906
2018-01-12,35.80967712402344
2018-01-15,35.30585861206055
2018-01-16,33.44561004638672
2018-01-17,33.484371185302734
2018-01-18,34.60826873779297
2018-01-19,34.64701843261719
2018-01-22,33.98818588256836
2018-01-23,33.36811065673828
2018-01-24,34.18196105957031
2018-01-25,33.406856536865234
2018-01-29,33.13557434082031
2018-01-30,32.282962799072266
2018-01-31,31.77914810180664
2018-02-01,31.817903518676758
2018-02-02,29.37633514404297
2018-02-05,31.197824478149414
2018-02-06,30.887779235839844
2018-02-07,31.314088821411133
2018-02-08,31.972929000854492
2018-02-09,34.14320373535156
2018-02-12,36.85606002807617
2018-02-14,37.476139068603516
2018-02-15,35.887184143066406
2018-02-16,36.39100646972656
2018-02-19,35.848426818847656
2018-02-20,35.499629974365234
2018-02-21,37.476139068603516
2018-02-22,38.94883346557617
2018-02-23,40.188995361328125
2018-02-26,39.76268768310547
2018-02-27,39.37513732910156
2018-02-28,39.87895202636719
2018-03-01,41.274139404296875
2018-03-05,41.351646423339844
2018-03-06,40.227752685546875
2018-03-07,37.74742889404297
2018-03-08,38.6387939453125
2018-03-09,37.708675384521484
2018-03-12,38.25123977661133
2018-03-13,38.4837760925293
2018-03-14,39.22011947631836
2018-03-15,39.45265197753906
2018-03-16,38.52253341674805
2018-03-19,37.32112121582031
2018-03-20,38.32875442504883
2018-03-21,38.79380798339844
2018-03-22,38.6387939453125
2018-03-23,37.553653717041016
2018-03-26,38.91007995605469
2018-03-27,40.80907440185547
2018-03-28,41.080360412597656
2018-04-02,42.281768798828125
2018-04-03,44.33578872680664
2018-04-04,42.47554397583008
2018-04-05,43.793216705322266
2018-04-06,43.90947723388672
2018-04-09,43.98699188232422
2018-04-10,43.211891174316406
2018-04-11,43.13438034057617
2018-04-12,44.7620964050293
2018-04-13,44.37454605102539
2018-04-16,44.955867767333984
2018-04-17,44.7620964050293
2018-04-18,45.304664611816406
2018-04-19,45.808475494384766
2018-04-20,46.2735481262207
2018-04-23,47.12615203857422
2018-04-24,46.506065368652344
2018-04-25,45.498435974121094
2018-04-26,46.62234115600586
2018-04-27,46.544822692871094
2018-04-30,49.49020767211914
2018-05-02,49.45145797729492
2018-05-03,49.2576789855957
2018-05-04,48.75386428833008
2018-05-07,48.637596130371094
2018-05-08,49.95526885986328
2018-05-09,56.001060485839844
2018-05-10,55.38097381591797
2018-05-11,54.95466613769531
2018-05-14,52.745635986328125
2018-05-15,53.44322204589844
2018-05-16,52.706878662109375
2018-05-17,55.419734954833984
2018-05-18,54.877166748046875
2018-05-21,52.513099670410156
2018-05-22,53.210693359375
2018-05-23,53.40447235107422
2018-05-24,54.60587692260742
2018-05-25,55.69101333618164
2018-05-28,56.039817810058594
2018-05-29,56.776161193847656
2018-05-30,56.69865036010742
2018-05-31,56.31110763549805
2018-06-01,58.24885177612305
2018-06-04,59.140220642089844
2018-06-05,57.202476501464844
2018-06-06,58.946441650390625
2018-06-07,61.31050109863281
2018-06-08,61.4267578125
2018-06-11,61.54302978515625
2018-06-12,63.945858001708984
2018-06-13,64.10086059570312
2018-06-14,64.29463195800781
2018-06-15,63.79082489013672
2018-06-18,61.4267578125
2018-06-19,57.66753005981445
2018-06-20,55.88479232788086
2018-06-21,58.32636260986328
2018-06-22,57.59001541137695
2018-06-25,56.31110763549805
2018-06-26,55.768531799316406
2018-06-27,54.95466613769531
2018-06-28,52.90065383911133
2018-06-29,54.64462661743164
2018-07-02,53.24945068359375
2018-07-03,53.171939849853516
2018-07-04,50.57535171508789
2018-07-05,53.59824752807617
2018-07-06,54.02455520629883
2018-07-09,56.001060485839844
2018-07-10,57.66753005981445
2018-07-11,56.776161193847656
2018-07-12,56.62113952636719
2018-07-13,57.55126190185547
2018-07-16,57.745033264160156
2018-07-17,57.24121856689453
2018-07-18,56.81492614746094
2018-07-19,54.21832275390625
2018-07-20,54.9934196472168
2018-07-23,56.001060485839844
2018-07-24,57.59001541137695
2018-07-25,57.47376251220703
2018-07-26,57.473758697509766
2018-07-27,57.75063705444336
2018-07-30,57.94841766357422
2018-07-31,57.03864288330078
2018-08-01,56.88042449951172
2018-08-02,56.959537506103516
2018-08-03,57.75063705444336
2018-08-06,54.94221115112305
2018-08-07,51.65913009643555
2018-08-08,53.043575286865234
2018-08-09,50.78891372680664
2018-08-10,47.86183166503906
2018-08-13,51.10536193847656
2018-08-14,51.540470123291016
2018-08-16,51.540470123291016
2018-08-17,51.26358413696289
2018-08-20,51.30313491821289
2018-08-21,53.83467102050781
2018-08-23,56.01021194458008
2018-08-24,55.85198974609375
2018-08-27,56.04976272583008
2018-08-28,57.4341926574707
2018-08-29,57.71107864379883
2018-08-30,58.73952102661133
2018-08-31,59.60972595214844
2018-09-03,60.04484558105469
2018-09-04,57.71107864379883
2018-09-05,59.33285140991211
2018-09-06,59.72840118408203
2018-09-07,59.45151138305664
2018-09-10,59.6492805480957
2018-09-11,58.14619445800781
2018-09-12,57.11775588989258
2018-09-14,57.5528564453125
2018-09-17,58.46263122558594
2018-09-18,57.275978088378906
2018-09-19,55.100440979003906
2018-09-21,51.85691452026367
2018-09-24,50.86802673339844
2018-09-25,50.67025375366211
2018-09-26,51.77779769897461
2018-09-27,50.9866943359375
2018-09-28,48.96937942504883
2018-10-01,48.89026641845703
2018-10-03,49.088035583496094
2018-10-04,47.50583267211914
2018-10-05,45.21162796020508
2018-10-08,43.352535247802734
2018-10-09,45.68629837036133
2018-10-10,49.879154205322266
2018-10-11,48.494712829589844
2018-10-12,49.60226058959961
2018-10-15,48.96937942504883
2018-10-16,49.00893020629883
2018-10-17,49.16715621948242
2018-10-19,47.34761428833008
2018-10-22,46.160953521728516
2018-10-23,45.6467399597168
2018-10-24,46.55651092529297
2018-10-25,45.528072357177734
2018-10-26,45.92362594604492
2018-10-29,46.042293548583984
2018-10-30,48.296939849853516
2018-10-31,48.33649444580078
2018-11-01,47.70360565185547
2018-11-02,46.87295150756836
2018-11-05,45.884071350097656
2018-11-06,45.13251876831055
2018-11-07,45.96317672729492
2018-11-09,45.6467399597168
2018-11-12,45.21162796020508
2018-11-13,44.97429656982422
2018-11-14,43.787635803222656
2018-11-15,42.75920486450195
2018-11-16,41.84944152832031
2018-11-19,43.312984466552734
2018-11-20,41.88898849487305
2018-11-21,40.70233154296875
2018-11-22,41.0978889465332
2018-11-26,39.357460021972656
2018-11-27,37.81480026245117
2018-11-28,41.176998138427734
2018-11-29,41.33522033691406
2018-11-30,41.3747673034668
2018-12-03,41.730770111083984
2018-12-04,42.56142807006836
2018-12-05,42.68009567260742
2018-12-06,41.88898849487305
2018-12-07,40.939666748046875
2018-12-10,39.041011810302734
2018-12-11,39.47612380981445
2018-12-12,39.990333557128906
2018-12-13,39.79256057739258
2018-12-14,41.176998138427734
2018-12-17,40.62322235107422
2018-12-18,40.54411315917969
2018-12-19,39.67389678955078
2018-12-20,39.23878860473633
2018-12-21,39.08056640625
2018-12-24,37.893917083740234
2018-12-26,37.73569869995117
2018-12-27,37.26102828979492
2018-12-28,37.102806091308594
2018-12-31,37.102806091308594
2019-01-01,38.447689056396484
2019-01-02,38.289466857910156
2019-01-03,37.063255310058594
2019-01-04,37.02369689941406
2019-01-07,37.063255310058594
2019-01-08,37.26102828979492
2019-01-09,37.458805084228516
2019-01-10,37.22147750854492
2019-01-11,38.48724365234375
2019-01-14,38.92234802246094
2019-01-15,42.04721450805664
2019-01-16,41.532989501953125
2019-01-17,39.832115173339844
2019-01-18,39.08056640625
2019-01-21,39.79256057739258
2019-01-22,39.041011810302734
2019-01-23,38.88279342651367
2019-01-24,38.685020446777344
2019-01-25,37.9334716796875
2019-01-28,37.379695892333984
2019-01-29,37.34013748168945
2019-01-30,37.18191909790039
2019-01-31,38.80368423461914
2019-02-01,40.148563385009766
2019-02-04,38.685020446777344
2019-02-05,37.57747268676758
2019-02-06,36.74681091308594
2019-02-07,37.14236831665039
2019-02-08,35.95570755004883
2019-02-11,34.17572021484375
2019-02-12,34.29438400268555
2019-02-14,33.81972122192383
2019-02-15,33.93838882446289
2019-02-18,32.94950866699219
2019-02-19,32.79128646850586
2019-02-20,31.40685272216797
2019-02-21,32.079288482666016
2019-02-22,33.42416763305664
2019-02-25,35.00638198852539
2019-02-26,33.89883804321289
2019-02-27,33.50327682495117
2019-02-28,34.25483322143555
2019-03-01,35.36237335205078
2019-03-05,36.94458770751953
2019-03-06,37.22147750854492
2019-03-07,37.30058288574219
2019-03-08,36.23258972167969
2019-03-11,36.390811920166016
2019-03-12,35.99525833129883
2019-03-13,35.32282257080078
2019-03-14,35.12504577636719
2019-03-15,34.96682357788086
2019-03-18,35.36237335205078
2019-03-19,37.30058288574219
2019-03-20,38.526798248291016
2019-03-22,37.419246673583984
2019-03-25,36.23258972167969
2019-03-26,36.94458770751953
2019-03-27,38.210350036621094
2019-03-28,37.81480026245117
2019-04-01,38.32902145385742
2019-04-02,39.12012481689453
2019-04-03,37.9730224609375
2019-04-04,37.30058288574219
2019-04-05,37.77525329589844
2019-04-08,38.48724365234375
2019-04-09,40.58366775512695
2019-04-10,41.3747673034668
2019-04-11,42.00766372680664
2019-04-12,42.00766372680664
2019-04-15,40.78144454956055
2019-04-16,40.62322235107422
2019-04-18,39.871681213378906
2019-04-22,40.30678176879883
2019-04-23,40.148563385009766
2019-04-24,40.62322235107422
2019-04-25,40.109004974365234
2019-04-26,40.97922134399414
2019-04-30,39.990333557128906
2019-05-02,39.634342193603516
2019-05-03,38.64545822143555
2019-05-06,40.0298957824707
2019-05-07,40.26722717285156
2019-05-08,39.51567840576172
2019-05-09,39.594783782958984
2019-05-10,40.148563385009766
2019-05-13,40.504554748535156
2019-05-14,40.97922134399414
2019-05-15,40.30678176879883
2019-05-16,40.662776947021484
2019-05-17,40.2276725769043
2019-05-20,41.1374397277832
2019-05-21,40.900115966796875
2019-05-22,40.188114166259766
2019-05-23,39.95077896118164
2019-05-24,42.75920486450195
2019-05-27,44.81607437133789
2019-05-28,45.40940475463867
2019-05-29,44.10408401489258
2019-05-30,44.14364242553711
2019-05-31,43.23387145996094
2019-06-03,42.36365509033203
2019-06-04,42.36365509033203
2019-06-06,41.0978889465332
2019-06-07,41.41432571411133
2019-06-10,40.58366775512695
2019-06-11,41.61210632324219
2019-06-12,40.662776947021484
2019-06-13,40.54411315917969
2019-06-14,40.188114166259766
2019-06-17,39.43656539916992
2019-06-18,39.95077896118164
2019-06-19,37.81480026245117
2019-06-20,39.67389678955078
2019-06-21,38.685020446777344
2019-06-24,39.43656539916992
2019-06-25,39.1596794128418
2019-06-26,39.555233001708984
2019-06-27,39.51567840576172
2019-06-28,39.041011810302734
2019-07-01,40.188114166259766
2019-07-02,41.0978889465332
2019-07-03,40.78144454956055
2019-07-04,41.018775939941406
2019-07-05,39.91122817993164
2019-07-08,39.00145721435547
2019-07-09,40.504554748535156
2019-07-10,40.97922134399414
2019-07-11,41.33522033691406
2019-07-12,41.256107330322266
2019-07-15,40.86055374145508
2019-07-16,41.29566192626953
2019-07-17,42.12632369995117
2019-07-18,42.08676528930664
2019-07-19,40.78144454956055
2019-07-22,40.148563385009766
2019-07-23,39.91122817993164
2019-07-24,39.555233001708984
2019-07-25,40.87373733520508
2019-07-26,41.82141876220703
2019-07-29,42.068641662597656
2019-07-30,40.42050552368164
2019-07-31,40.54411697387695
2019-08-01,40.70892333984375
2019-08-02,40.37929916381836
2019-08-05,39.596435546875
2019-08-06,39.43162536621094
2019-08-07,39.060791015625
2019-08-08,39.34921646118164
2019-08-09,39.596435546875
2019-08-13,38.772369384765625
2019-08-14,38.64876174926758
2019-08-16,40.00846862792969
2019-08-19,41.53299331665039
2019-08-20,41.61540222167969
2019-08-21,40.296897888183594
2019-08-22,38.36033630371094
2019-08-23,38.97838592529297
2019-08-26,39.47283172607422
2019-08-27,40.626522064208984
2019-08-28,39.43162536621094
2019-08-29,39.43162536621094
2019-08-30,39.802452087402344
2019-09-03,39.30801773071289
2019-09-04,39.92607116699219
2019-09-05,39.802452087402344
2019-09-06,39.72004699707031
2019-09-09,40.25568771362305
2019-09-11,41.36818313598633
2019-09-12,41.32698059082031
2019-09-13,44.08760452270508
2019-09-16,45.28250503540039
2019-09-17,42.10984420776367
2019-09-18,43.2635383605957
2019-09-19,41.86262130737305
2019-09-20,44.00519561767578
2019-09-23,42.7278938293457
2019-09-24,42.52187728881836
2019-09-25,41.36818313598633
2019-09-26,39.596435546875
2019-09-27,38.731163024902344
2019-09-30,38.68996047973633
2019-10-01,38.03070831298828
2019-10-03,37.74228286743164
2019-10-04,37.37145233154297
2019-10-07,37.783485412597656
2019-10-09,38.36033630371094
2019-10-10,38.483943939208984
2019-10-11,38.483943939208984
2019-10-14,37.907100677490234
2019-10-15,37.659881591796875
2019-10-16,38.11311721801758
2019-10-17,39.96726989746094
2019-10-18,41.53299331665039
2019-10-22,42.7278938293457
2019-10-23,42.23344802856445
2019-10-24,41.40938949584961
2019-10-25,41.49178695678711
2019-10-27,41.244571685791016
2019-10-29,41.61540222167969
2019-10-30,40.37929916381836
2019-10-31,40.502906799316406
2019-11-01,40.87373733520508
2019-11-04,41.32698059082031
2019-11-05,40.54411697387695
2019-11-06,37.74228286743164
2019-11-07,38.15431594848633
2019-11-08,37.165435791015625
2019-11-11,36.13535690307617
2019-11-13,34.28120422363281
2019-11-14,33.580745697021484
2019-11-15,33.992774963378906
2019-11-18,33.53954315185547
2019-11-19,33.580745697021484
2019-11-20,33.910377502441406
2019-11-21,33.12751007080078
2019-11-22,32.67427062988281
2019-11-25,32.96269607543945
2019-11-26,32.92148971557617
2019-11-27,32.96269607543945
2019-11-28,32.839080810546875
2019-11-29,34.48721694946289
2019-12-02,33.910377502441406
2019-12-03,33.53954315185547
2019-12-04,33.292320251464844
2019-12-05,33.045101165771484
2019-12-06,32.756675720214844
2019-12-09,32.17982482910156
2019-12-10,31.067338943481445
2019-12-11,30.572898864746094
2019-12-12,30.696504592895508
2019-12-13,32.303443908691406
2019-12-16,32.0974235534668
2019-12-17,33.12751007080078
2019-12-18,34.198795318603516
2019-12-19,35.55850601196289
2019-12-20,34.36361312866211
2019-12-23,33.82796096801758
2019-12-24,33.333518981933594
2019-12-26,33.16870880126953
2019-12-27,33.292320251464844
2019-12-30,33.869163513183594
2019-12-31,33.869163513183594
2020-01-01,34.07518005371094
2020-01-02,34.69322967529297
2020-01-03,34.73443603515625
2020-01-06,33.869163513183594
2020-01-07,33.910377502441406
2020-01-08,33.333518981933594
2020-01-09,33.49833297729492
2020-01-10,33.78676223754883
2020-01-13,34.157596588134766
2020-01-14,34.899253845214844
2020-01-15,35.434898376464844
2020-01-16,35.2288818359375
2020-01-17,35.51729965209961
2020-01-20,34.94045639038086
2020-01-21,35.1464729309082
2020-01-22,35.59971237182617
2020-01-23,36.01173782348633
2020-01-24,35.970542907714844
2020-01-27,35.1464729309082
2020-01-28,34.899253845214844
2020-01-29,36.38257598876953
2020-01-30,37.124237060546875
2020-01-31,36.17655563354492
2020-02-03,34.23999786376953
2020-02-04,35.1464729309082
2020-02-05,35.18767166137695
2020-02-06,35.1464729309082
2020-02-07,35.06406784057617
2020-02-10,34.446014404296875
2020-02-11,34.69322967529297
2020-02-12,34.404815673828125
2020-02-13,34.899253845214844
2020-02-14,34.48721694946289
2020-02-17,34.81684494018555
2020-02-18,36.95941925048828
2020-02-19,39.060791015625
2020-02-20,39.72004699707031
2020-02-24,38.27792739868164
2020-02-25,37.82469177246094
2020-02-26,37.61867904663086
2020-02-27,37.00840377807617
2020-02-28,34.872467041015625
2020-03-02,35.48273468017578
2020-03-03,36.79045486450195
2020-03-04,36.5724983215332
2020-03-05,36.005821228027344
2020-03-06,35.04682922363281
2020-03-09,34.436561584472656
2020-03-11,34.48015594482422
2020-03-12,31.864715576171875
2020-03-13,31.777538299560547
2020-03-16,30.5570011138916
2020-03-17,29.55441665649414
2020-03-18,27.113344192504883
2020-03-19,25.674856185913086
2020-03-20,26.023578643798828
2020-03-23,21.795291900634766
2020-03-24,22.492740631103516
2020-03-25,24.192773818969727
2020-03-26,24.454317092895508
2020-03-27,23.931232452392578
2020-03-30,23.538915634155273
2020-03-31,23.931232452392578
2020-04-01,24.32354736328125
2020-04-03,24.279956817626953
2020-04-07,24.933815002441406
2020-04-08,25.674856185913086
2020-04-09,28.813377380371094
2020-04-13,28.94414710998535
2020-04-15,30.38263511657715
2020-04-16,33.3032112121582
2020-04-17,34.13142776489258
2020-04-20,32.082664489746094
2020-04-21,30.251867294311523
2020-04-22,30.339046478271484
2020-04-23,31.08008575439453
2020-04-24,29.38005828857422
2020-04-27,31.515995025634766
2020-04-28,29.990324020385742
2020-04-29,30.03391456604004
2020-04-30,30.73135757446289
2020-05-04,28.813377380371094
2020-05-05,28.856966018676758
2020-05-06,28.639013290405273
2020-05-07,28.42106056213379
2020-05-08,28.42106056213379
2020-05-11,27.37488555908203
2020-05-12,26.677438735961914
2020-05-13,27.680023193359375
2020-05-14,26.764619827270508
2020-05-15,26.32871437072754
2020-05-18,25.58767318725586
2020-05-19,26.32871437072754
2020-05-20,26.372303009033203
2020-05-21,26.503076553344727
2020-05-22,25.936397552490234
2020-05-26,26.15435028076172
2020-05-27,26.590255737304688
2020-05-28,27.069751739501953
2020-05-29,27.549251556396484
2020-06-01,29.07491683959961
2020-06-02,30.73135757446289
2020-06-03,31.777538299560547
2020-06-04,30.687768936157227
2020-06-05,32.649349212646484
2020-06-08,34.48015594482422
2020-06-09,32.78011703491211
2020-06-10,33.564754486083984
2020-06-11,33.12884521484375
2020-06-12,32.823707580566406
2020-06-15,32.998069763183594
2020-06-16,32.95448303222656
2020-06-17,32.91089630126953
2020-06-18,33.259613037109375
2020-06-19,34.82887649536133
2020-06-22,35.96223449707031
2020-06-23,36.65968322753906
2020-06-24,34.523738861083984
2020-06-25,33.73911666870117
2020-06-26,33.390384674072266
2020-06-29,32.60576248168945
2020-06-30,31.12367820739746
2020-07-01,31.42880630493164
2020-07-02,31.864715576171875
2020-07-03,32.03907775878906
2020-07-06,33.346797943115234
2020-07-07,32.867305755615234
2020-07-08,34.087833404541016
2020-07-09,35.221187591552734
2020-07-10,37.836631774902344
2020-07-13,37.26994705200195
2020-07-14,35.65709686279297
2020-07-15,36.65968322753906
2020-07-16,36.96481704711914
2020-07-17,37.052001953125
2020-07-20,36.92122268676758
2020-07-21,36.746864318847656
2020-07-22,36.0930061340332
2020-07-23,38.795616149902344
2020-07-24,38.839210510253906
2020-07-27,39.318702697753906
2020-07-28,39.44948196411133
2020-07-29,40.84437561035156
2020-07-30,41.803375244140625
2020-07-31,42.58800506591797
2020-08-03,44.68034744262695
2020-08-04,50.39071273803711
2020-08-05,47.7752799987793
2020-08-06,47.38296127319336
2020-08-07,47.252197265625
2020-08-10,46.423973083496094
2020-08-11,48.95222473144531
2020-08-12,47.68810272216797
2020-08-13,47.42655563354492
2020-08-14,45.50857162475586
2020-08-17,46.16243362426758
2020-08-18,48.298370361328125
2020-08-19,49.257362365722656
2020-08-20,49.213768005371094
2020-08-21,52.09074401855469
2020-08-24,53.26769256591797
2020-08-25,55.57799530029297
2020-08-26,57.75752639770508
2020-08-27,55.36004638671875
2020-08-28,56.84212112426758
2020-08-31,53.87795639038086
2020-09-01,53.48564529418945
2020-09-02,55.44722366333008
2020-09-03,55.75236129760742
2020-09-04,54.48823165893555
2020-09-07,53.660011291503906
2020-09-08,55.31645584106445
2020-09-09,55.18568420410156
2020-09-10,56.23185348510742
2020-09-11,56.01390075683594
2020-09-14,60.28577423095703
2020-09-15,63.860206604003906
2020-09-16,62.5960807800293
2020-09-17,63.947391510009766
2020-09-18,64.73201751708984
2020-09-21,62.465309143066406
2020-09-22,62.81403350830078
2020-09-23,65.34228515625
2020-09-24,61.72426986694336
2020-09-25,63.11917495727539
2020-09-28,64.03457641601562
2020-09-29,62.770442962646484
2020-09-30,63.42429733276367
2020-10-01,62.98839569091797
2020-10-05,62.24735641479492
2020-10-06,61.37553787231445
2020-10-07,60.242183685302734
2020-10-08,61.419132232666016
2020-10-09,61.288360595703125
2020-10-12,61.157596588134766
2020-10-13,62.72684860229492
2020-10-14,61.81144714355469
2020-10-15,60.50373458862305
2020-10-16,61.244781494140625
2020-10-19,61.1140022277832
2020-10-20,61.50632095336914
2020-10-21,63.51148986816406
2020-10-22,64.86279296875
2020-10-23,64.03457641601562
2020-10-26,65.25509643554688
2020-10-27,65.51665496826172
2020-10-28,64.29611206054688
2020-10-29,61.98580551147461
2020-10-30,61.02682113647461
2020-11-02,59.93706130981445
2020-11-03,60.50373458862305
2020-11-04,61.419132232666016
2020-11-05,63.29352951049805
2020-11-06,64.29611206054688
2020-11-09,64.68843078613281
2020-11-10,63.42429733276367
2020-11-11,63.72943115234375
2020-11-12,64.81919860839844
2020-11-13,64.64485168457031
2020-11-14,64.64485168457031
2020-11-17,66.17050170898438
2020-11-18,66.86795043945312
2020-11-19,64.64485168457031
2020-11-20,66.21410369873047
2020-11-23,66.73719787597656
2020-11-24,68.5679931640625
2020-11-25,67.43463897705078
2020-11-26,67.47823333740234
2020-11-27,68.96031188964844
2020-12-01,68.0013198852539
2020-12-02,67.34744262695312
2020-12-03,65.95254516601562
2020-12-04,66.17050170898438
2020-12-07,64.99356079101562
2020-12-08,64.55764770507812
2020-12-09,66.65000915527344
2020-12-10,65.47305297851562
2020-12-11,65.38587951660156
2020-12-14,68.5679931640625
2020-12-15,68.61157989501953
2020-12-16,69.74493408203125
2020-12-17,68.87312316894531
2020-12-18,67.47823333740234
2020-12-21,62.68326950073242
2020-12-22,65.86537170410156
2020-12-23,69.5269775390625
2020-12-24,80.11949157714844
2020-12-28,94.98387908935547
2020-12-29,90.66841888427734
2020-12-30,86.48371887207031
2020-12-31,88.48887634277344
2021-01-01,87.35553741455078
2021-01-04,88.4452896118164
2021-01-05,87.79143524169922
2021-01-06,88.75044250488281
2021-01-07,87.00679779052734
2021-01-08,88.57606506347656
2021-01-11,86.0914077758789
2021-01-12,86.35295867919922
2021-01-13,85.00164031982422
2021-01-14,83.0400619506836
2021-01-15,78.98613739013672
2021-01-18,79.7707748413086
2021-01-19,80.1630859375
2021-01-20,83.60675048828125
2021-01-21,85.17601013183594
2021-01-22,82.952880859375
2021-01-25,80.11949157714844
2021-01-27,78.02714538574219
2021-01-28,76.23992156982422
2021-01-29,75.84761810302734
2021-02-01,77.67842102050781
2021-02-02,80.51181030273438
2021-02-03,81.34003448486328
2021-02-04,84.9144515991211
2021-02-05,85.08882141113281
2021-02-08,89.09915161132812
2021-02-09,84.47856140136719
2021-02-10,85.74267578125
2021-02-11,85.56832885742188
2021-02-12,84.95805358886719
2021-02-15,85.6554946899414
2021-02-16,85.00164031982422
2021-02-17,84.95667266845703
2021-02-18,85.36144256591797
2021-02-19,87.20538330078125
2021-02-22,92.0626220703125
2021-02-23,93.95154571533203
2021-02-24,91.65785217285156
2021-02-25,91.83775329589844
2021-02-26,89.58903503417969
2021-03-01,89.45410919189453
2021-03-02,90.84832000732422
2021-03-03,91.4329833984375
2021-03-04,97.09976196289062
2021-03-05,94.89601135253906
2021-03-08,95.16586303710938
2021-03-09,92.24252319335938
2021-03-10,93.007080078125
2021-03-12,93.09703826904297
2021-03-15,94.62615966796875
2021-03-16,104.4755630493164
2021-03-17,103.30622863769531
2021-03-18,99.79821014404297
2021-03-19,100.29293823242188
2021-03-22,100.38289642333984
2021-03-23,103.03638458251953
2021-03-24,102.13689422607422
2021-03-25,98.80879211425781
2021-03-26,96.29021453857422
2021-03-30,99.66329956054688
2021-03-31,102.45172119140625
2021-04-01,106.22956085205078
2021-04-05,107.39889526367188
2021-04-06,106.45443725585938
2021-04-07,110.09736633300781
2021-04-08,108.6581802368164
2021-04-09,108.9729995727539
2021-04-12,100.56278991699219
2021-04-13,104.700439453125
2021-04-15,103.62105560302734
2021-04-16,104.92530822753906
2021-04-19,101.6871566772461
2021-04-20,100.65274047851562
2021-04-22,99.66329956054688
2021-04-23,99.21355438232422
2021-04-26,102.49668884277344
2021-04-27,103.39617156982422
2021-04-28,101.64217376708984
2021-04-29,102.04693603515625
2021-04-30,101.46227264404297
2021-05-03,110.99685668945312
2021-05-04,111.53653717041016
2021-05-05,114.77469635009766
2021-05-06,117.83294677734375
2021-05-07,117.69803619384766
2021-05-10,113.83024597167969
2021-05-11,110.77197265625
2021-05-12,115.08951568603516
2021-05-14,112.57096099853516
2021-05-17,114.27998352050781
2021-05-18,116.79855346679688
2021-05-19,123.58966827392578
2021-05-20,126.78287506103516
2021-05-21,124.6690673828125
2021-05-24,124.80398559570312
2021-05-25,122.51029205322266
2021-05-26,124.98388671875
2021-05-27,126.78287506103516
2021-05-28,127.1876449584961
2021-05-31,128.0871124267578
2021-06-01,125.56857299804688
2021-06-02,131.77505493164062
2021-06-03,133.75389099121094
2021-06-04,133.30413818359375
2021-06-07,136.9920654296875
2021-06-08,140.67996215820312
2021-06-09,144.95254516601562
2021-06-10,153.00296020507812
2021-06-11,146.70654296875
2021-06-14,150.3494415283203
2021-06-15,147.92083740234375
2021-06-16,148.41555786132812
2021-06-17,147.8758544921875
2021-06-18,147.42611694335938
2021-06-21,147.9658203125
2021-06-22,149.1801300048828
2021-06-23,148.64044189453125
2021-06-24,147.83090209960938
2021-06-25,151.33889770507812
2021-06-28,156.42098999023438
2021-06-29,169.50857543945312
2021-06-30,168.15931701660156
2021-07-01,172.74673461914062
2021-07-02,170.27313232421875
2021-07-05,171.172607421875
2021-07-06,168.8339385986328
2021-07-07,168.654052734375
2021-07-08,174.32081604003906
2021-07-09,175.13035583496094
2021-07-12,177.15420532226562
2021-07-13,176.38966369628906
2021-07-14,177.0642547607422
2021-07-15,184.66494750976562
2021-07-16,206.61245727539062
2021-07-19,204.183837890625
2021-07-20,194.91909790039062
2021-07-22,202.92454528808594
2021-07-23,198.65199279785156
2021-07-26,193.43495178222656
2021-07-27,193.34498596191406
2021-07-28,183.7654571533203
2021-07-29,180.97702026367188
2021-07-30,175.22030639648438
2021-08-02,178.72830200195312
2021-08-03,186.8236846923828
2021-08-04,181.11196899414062
2021-08-05,181.69664001464844
2021-08-06,177.87379455566406
2021-08-09,175.98486328125
2021-08-10,169.82337951660156
2021-08-11,162.17771911621094
2021-08-12,181.78659057617188
2021-08-13,180.8870849609375
2021-08-16,181.4717559814453
2021-08-17,181.38180541992188
2021-08-18,182.50616455078125
2021-08-20,171.172607421875
2021-08-23,162.2676544189453
2021-08-24,165.50584411621094
2021-08-25,164.60633850097656
2021-08-26,162.40260314941406
2021-08-27,163.57196044921875
2021-08-30,161.548095703125
2021-08-31,163.1221923828125
2021-09-01,161.4581298828125
2021-09-02,171.71229553222656
2021-09-03,171.26255798339844
2021-09-06,173.42135620117188
2021-09-07,171.44244384765625
2021-09-08,170.36306762695312
2021-09-09,172.16204833984375
2021-09-13,181.87652587890625
2021-09-14,182.2812957763672
2021-09-15,181.78659057617188
2021-09-16,182.05642700195312
2021-09-17,186.91366577148438
2021-09-20,183.31570434570312
2021-09-21,176.70445251464844
2021-09-22,180.79713439941406
2021-09-23,179.17807006835938
2021-09-24,177.9637451171875
2021-09-27,175.58010864257812
2021-09-28,175.7150421142578
2021-09-29,175.8049774169922
2021-09-30,175.84996032714844
2021-10-01,175.53512573242188
2021-10-04,176.20974731445312
2021-10-05,174.50071716308594
2021-10-06,174.09596252441406
2021-10-07,185.87925720214844
2021-10-08,190.1518096923828
2021-10-11,184.7548828125
2021-10-12,187.13853454589844
2021-10-13,187.00360107421875
2021-10-14,195.7286376953125
2021-10-18,193.92967224121094
2021-10-19,193.03018188476562
2021-10-20,183.99032592773438
2021-10-21,184.3051300048828
2021-10-22,180.66221618652344
2021-10-25,179.49288940429688
2021-10-26,180.66221618652344
2021-10-27,187.76817321777344
2021-10-28,184.125244140625
2021-10-29,177.78384399414062
2021-11-01,183.63052368164062
2021-11-02,181.0669708251953
2021-11-03,179.49288940429688
2021-11-04,180.39234924316406
2021-11-08,181.65164184570312
2021-11-09,178.77328491210938
2021-11-10,161.95286560058594
2021-11-11,161.0533905029297
2021-11-12,159.7041473388672
2021-11-15,151.02406311035156
2021-11-16,156.96070861816406
2021-11-17,160.10890197753906
2021-11-18,156.10618591308594
2021-11-22,152.41827392578125
2021-11-23,152.91299438476562
2021-11-24,157.5453643798828
2021-11-25,154.66700744628906
2021-11-26,149.4949188232422
2021-11-29,147.11129760742188
2021-11-30,152.55320739746094
2021-12-01,151.87860107421875
2021-12-02,155.92628479003906
2021-12-03,155.4315643310547
2021-12-06,151.92356872558594
2021-12-07,152.0585174560547
2021-12-08,154.3072052001953
2021-12-09,160.24383544921875
2021-12-10,157.23056030273438
2021-12-13,157.63531494140625
2021-12-14,154.8918914794922
2021-12-15,152.95797729492188
2021-12-16,152.1934051513672
2021-12-17,150.21453857421875
2021-12-20,138.97093200683594
2021-12-21,140.8148956298828
2021-12-22,144.0530548095703
2021-12-23,157.45541381835938
2021-12-24,165.01112365722656
2021-12-27,166.13548278808594
2021-12-28,162.58251953125
2021-12-29,164.066650390625
2021-12-30,164.78623962402344
2021-12-31,164.69630432128906
2022-01-03,169.28369140625
2022-01-04,167.16990661621094
2022-01-05,162.13275146484375
2022-01-06,162.8523406982422
2022-01-07,163.5269775390625
2022-01-10,163.57196044921875
2022-01-11,164.7412567138672
2022-01-12,165.19100952148438
2022-01-13,163.3920440673828
2022-01-14,160.19886779785156
2022-01-17,160.288818359375
2022-01-18,150.3494415283203
2022-01-19,152.91299438476562
2022-01-20,151.15899658203125
2022-01-21,147.38116455078125
2022-01-24,139.6455535888672
2022-01-25,139.3307342529297
2022-01-27,134.6983642578125
2022-01-28,136.13755798339844
2022-01-31,142.7038116455078
2022-02-01,144.45782470703125
2022-02-02,150.1245880126953
2022-02-03,146.66156005859375
2022-02-04,137.53176879882812
2022-02-07,131.19036865234375
2022-02-08,131.64010620117188
2022-02-09,129.97605895996094
2022-02-10,135.55287170410156
2022-02-11,129.34642028808594
2022-02-14,124.30928039550781
2022-02-15,126.87281036376953
2022-02-16,121.29600524902344
2022-02-17,122.58882904052734
2022-02-18,117.60216522216797
2022-02-21,114.32390594482422
2022-02-22,112.29229736328125
2022-02-23,117.55599212646484
2022-02-24,111.7844009399414
2022-02-25,116.07846069335938
2022-02-28,117.1866226196289
2022-03-02,117.14044189453125
2022-03-03,119.4952392578125
2022-03-04,116.77105712890625
2022-03-07,117.00192260742188
2022-03-08,117.60216522216797
2022-03-09,119.95697784423828
2022-03-10,118.525634765625
2022-03-11,114.64710235595703
2022-03-14,115.24736022949219
2022-03-15,113.44661712646484
2022-03-16,115.84759521484375
2022-03-17,116.03229522705078
2022-03-21,113.95452117919922
2022-03-22,115.98611450195312
2022-03-23,116.17081451416016
2022-03-24,123.28143310546875
2022-03-25,121.896240234375
2022-03-28,117.55599212646484
2022-03-29,116.95574951171875
2022-03-30,117.37130737304688
2022-03-31,115.47821807861328
2022-04-01,118.57179260253906
2022-04-04,122.40414428710938
2022-04-05,122.77352142333984
2022-04-06,122.54264831542969
2022-04-07,125.86710357666016
2022-04-08,124.94364929199219
2022-04-11,123.6046371459961
2022-04-12,119.07969665527344
2022-04-13,121.61920166015625
2022-04-18,117.69451141357422
2022-04-19,115.61673736572266
2022-04-20,118.06389617919922
2022-04-21,119.03352355957031
2022-04-22,118.2024154663086
2022-04-25,114.73945617675781
2022-04-26,115.1550064086914
2022-04-27,112.43081665039062
2022-04-28,114.92414093017578
2022-04-29,115.43204498291016
2022-05-02,113.12340545654297
2022-05-04,108.64463806152344
2022-05-05,106.01280212402344
2022-05-06,103.8426742553711
2022-05-09,104.67377471923828
2022-05-10,103.28858947753906
2022-05-11,100.287353515625
2022-05-12,101.3493423461914
2022-05-13,100.74909210205078
2022-05-16,102.27279663085938
2022-05-17,106.15130615234375
2022-05-18,106.19747924804688
2022-05-19,100.01033020019531
2022-05-20,100.51822662353516
2022-05-23,99.31774139404297
2022-05-24,96.13180541992188
2022-05-25,94.00785827636719
2022-05-26,95.02366638183594
2022-05-27,99.45625305175781
2022-05-30,102.3189697265625
2022-05-31,102.5498275756836
2022-06-01,101.3493423461914
2022-06-02,102.45747375488281
2022-06-03,103.75032043457031
2022-06-06,104.3967514038086
2022-06-07,103.79649353027344
2022-06-08,104.16587829589844
2022-06-09,103.15007781982422
2022-06-10,96.77823638916016
2022-06-13,94.60810089111328
2022-06-14,92.8535385131836
2022-06-15,93.82316589355469
2022-06-16,90.40637969970703
2022-06-17,90.49872589111328
2022-06-20,87.08193969726562
2022-06-21,90.91426849365234
2022-06-22,88.83650207519531
2022-06-23,92.20712280273438
2022-06-24,92.34563446044922
2022-06-27,96.8705825805664
2022-06-28,95.39305114746094
2022-06-29,96.59353637695312
2022-06-30,95.02366638183594
2022-07-01,95.85476684570312
2022-07-04,94.05403137207031
2022-07-05,93.36143493652344
2022-07-06,95.43921661376953
2022-07-07,97.47081756591797
2022-07-08,96.63970947265625
2022-07-11,97.60933685302734
2022-07-12,94.05403137207031
2022-07-13,95.71625518798828
2022-07-14,94.10020446777344
2022-07-15,94.97748565673828
2022-07-18,98.53279876708984
2022-07-19,97.00909423828125
2022-07-20,102.41131591796875
2022-07-21,101.02613067626953
2022-07-22,100.0564956665039
2022-07-25,102.08810424804688
2022-07-26,100.37969970703125
2022-07-27,101.48786163330078
2022-07-28,101.25698852539062
2022-07-29,103.01155853271484
2022-08-01,101.25698852539062
2022-08-02,97.74785614013672
2022-08-03,95.71625518798828
2022-08-04,97.28612518310547
2022-08-05,97.10143280029297
2022-08-08,95.30069732666016
2022-08-10,93.91551208496094
2022-08-11,96.27032470703125
2022-08-12,97.19378662109375
2022-08-16,98.2557601928711
2022-08-17,102.08810424804688
2022-08-18,102.45747375488281
2022-08-19,101.48786163330078
2022-08-22,96.8705825805664
2022-08-23,97.70169067382812
2022-08-24,99.68711853027344
2022-08-25,98.39427947998047
2022-08-26,98.85600280761719
2022-08-29,97.42464447021484
2022-08-30,99.22537994384766
2022-09-01,97.28612518310547
2022-09-02,96.7320556640625
2022-09-05,98.11724090576172
2022-09-06,98.85600280761719
2022-09-07,105.32020568847656
2022-09-08,104.62760925292969
2022-09-09,107.5826644897461
2022-09-12,108.92167663574219
2022-09-13,106.84390258789062
2022-09-14,104.62760925292969
2022-09-15,104.35057067871094
2022-09-16,99.96415710449219
2022-09-19,98.4404525756836
2022-09-20,98.7636489868164
2022-09-21,97.70169067382812
2022-09-22,98.90217590332031
2022-09-23,96.916748046875
2022-09-26,96.08563995361328
2022-09-27,95.39305114746094
2022-09-28,95.06982421875
2022-09-29,95.90093231201172
2022-09-30,96.77823638916016
2022-10-03,95.34687042236328
2022-10-04,97.10143280029297
2022-10-06,98.02489471435547
2022-10-07,97.42464447021484
2022-10-10,96.8705825805664
2022-10-11,94.97748565673828
2022-10-12,96.22415161132812
2022-10-13,95.30069732666016
2022-10-14,95.80859375
2022-10-17,96.82440185546875
2022-10-18,95.90093231201172
2022-10-19,94.28489685058594
2022-10-20,96.177978515625
2022-10-21,96.177978515625
2022-10-24,95.90093231201172
2022-10-25,97.56316375732422
2022-10-27,95.16218566894531
2022-10-28,92.99205017089844
2022-10-31,95.90093231201172
2022-11-01,97.42464447021484
2022-11-02,96.68587493896484
2022-11-03,95.71625518798828
2022-11-04,95.16218566894531
2022-11-07,96.22415161132812
2022-11-09,96.08563995361328
2022-11-10,94.6542739868164
2022-11-11,100.56439971923828
2022-11-14,102.08810424804688
2022-11-15,102.04192352294922
2022-11-16,100.8414306640625
2022-11-17,98.11724090576172
2022-11-18,96.77823638916016
2022-11-21,95.9932861328125
2022-11-22,96.5011978149414
2022-11-23,96.77823638916016
2022-11-24,99.31774139404297
2022-11-25,100.8414306640625
2022-11-28,100.8414306640625
2022-11-29,100.74909210205078
2022-11-30,101.48786163330078
2022-12-01,103.75032043457031
2022-12-02,104.85847473144531
2022-12-05,104.81230163574219
2022-12-06,103.56563568115234
2022-12-07,102.45747375488281
2022-12-08,102.36514282226562
2022-12-09,98.2557601928711
2022-12-12,98.6251449584961
2022-12-13,98.94834899902344
2022-12-14,100.14884948730469
2022-12-15,98.2557601928711
2022-12-16,97.23995971679688
2022-12-19,96.27032470703125
2022-12-20,95.90093231201172
2022-12-21,94.93132019042969
2022-12-22,94.93132019042969
2022-12-23,89.89847564697266
2022-12-26,93.4076156616211
2022-12-27,94.28489685058594
2022-12-28,93.36143493652344
2022-12-29,93.86933898925781
2022-12-30,94.46958923339844
2023-01-02,95.43921661376953
2023-01-03,95.9471206665039
2023-01-04,94.37723541259766
2023-01-05,94.46958923339844
2023-01-06,93.49996185302734
2023-01-09,95.90093231201172
2023-01-10,95.62390899658203
2023-01-11,95.30069732666016
2023-01-12,95.53156280517578
2023-01-13,96.36267852783203
2023-01-16,96.22415161132812
2023-01-17,96.40885162353516
2023-01-18,96.8705825805664
2023-01-19,95.9932861328125
2023-01-20,94.79280090332031
2023-01-23,96.916748046875
2023-01-24,98.4404525756836
2023-01-25,96.45501708984375
2023-01-27,95.53156280517578
2023-01-30,98.90217590332031
2023-01-31,99.77946472167969
2023-02-01,99.91797637939453
2023-02-02,102.96538543701172
2023-02-03,107.351806640625
2023-02-06,108.45994567871094
2023-02-07,109.24488830566406
2023-02-08,111.09181213378906
2023-02-09,110.72241973876953
2023-02-10,111.87673950195312
2023-02-13,110.3068618774414
2023-02-14,109.15253448486328
2023-02-15,110.53773498535156
2023-02-16,111.50735473632812
2023-02-17,112.31572723388672
2023-02-20,113.59960174560547
2023-02-21,112.26818084716797
2023-02-22,111.69755554199219
2023-02-23,110.65143585205078
2023-02-24,110.41368103027344
2023-02-27,107.60816955566406
2023-02-28,107.13265228271484
2023-03-01,107.98857879638672
2023-03-02,105.18305206298828
2023-03-03,104.6124496459961
2023-03-06,110.08081817626953
2023-03-08,109.03469848632812
2023-03-09,110.46123504638672
2023-03-10,108.22632598876953
2023-03-13,108.03612518310547
2023-03-14,106.65714263916016
2023-03-15,106.41938781738281
2023-03-16,106.51448059082031
2023-03-17,106.60958862304688
2023-03-20,105.08795166015625
2023-03-21,105.27816009521484
2023-03-22,106.2767333984375
2023-03-23,105.2306137084961
2023-03-24,104.66000366210938
2023-03-27,105.3732681274414
2023-03-28,102.04468536376953
2023-03-29,99.572021484375
2023-03-31,100.33283996582031
2023-04-03,99.52447509765625
2023-04-05,100.90345764160156
2023-04-06,106.22918701171875
2023-04-10,107.7983627319336
2023-04-11,107.7983627319336
2023-04-12,108.27388000488281
2023-04-13,108.17877197265625
2023-04-17,107.13265228271484
2023-04-18,106.56204223632812
2023-04-19,108.08367156982422
2023-04-20,108.70184326171875
2023-04-21,109.3675537109375
2023-04-24,109.31999969482422
2023-04-25,109.93816375732422
2023-04-26,109.60531616210938
2023-04-27,109.89061737060547
2023-04-28,111.07939910888672
2023-05-02,113.31429290771484
2023-05-03,112.1730728149414
2023-05-04,110.74653625488281
2023-05-05,107.8459243774414
2023-05-08,109.46265411376953
2023-05-09,121.20777893066406
2023-05-10,123.72799682617188
2023-05-11,124.29859924316406
2023-05-12,124.10840606689453
2023-05-15,123.2049331665039
2023-05-16,125.8677978515625
2023-05-17,125.962890625
2023-05-18,126.58106994628906
2023-05-19,127.5320816040039
2023-05-22,127.48453521728516
2023-05-23,122.77696990966797
2023-05-24,121.9210433959961
2023-05-25,123.6804428100586
2023-05-26,124.2035140991211
2023-05-29,122.20635986328125
2023-05-30,121.9210433959961
2023-05-31,128.00759887695312
2023-06-01,127.5320816040039
2023-06-02,124.86922454833984
2023-06-05,123.6804428100586
2023-06-06,123.3000259399414
2023-06-07,124.10840606689453
2023-06-08,122.39656066894531
2023-06-09,123.06226348876953
2023-06-12,126.39083862304688
2023-06-13,126.05799865722656
2023-06-14,124.39370727539062
2023-06-15,123.82308197021484
2023-06-16,122.58676147460938
2023-06-19,123.58533477783203
2023-06-20,123.15737915039062
2023-06-21,124.10840606689453
2023-06-22,123.06226348876953
2023-06-23,120.82737731933594
2023-06-26,122.15880584716797
2023-06-27,123.2049331665039
2023-06-28,124.06085205078125
2023-06-30,121.06512451171875
2023-07-03,123.53778076171875
2023-07-04,122.96717834472656
2023-07-05,124.29859924316406
2023-07-06,122.63431549072266
2023-07-07,121.11267852783203
2023-07-10,121.017578125
2023-07-11,119.82880401611328
2023-07-12,120.11410522460938
2023-07-13,121.06512451171875
2023-07-14,126.29574584960938
2023-07-17,131.90676879882812
2023-07-18,131.2886199951172
2023-07-19,131.14596557617188
2023-07-20,130.099853515625
2023-07-21,132.2871856689453
2023-07-24,131.6690216064453
2023-07-25,131.2886199951172
2023-07-26,130.57534790039062
2023-07-27,130.57534790039062
2023-07-28,133.9514923095703
2023-07-31,137.42271423339844
2023-08-01,139.6100616455078
2023-08-02,137.70803833007812
2023-08-03,136.8045654296875
2023-08-04,141.7974090576172
2023-08-07,140.32333374023438
2023-08-08,139.65762329101562
2023-08-09,141.74984741210938
2023-08-10,141.17926025390625
2023-08-11,140.56109619140625
2023-08-14,139.75271606445312
2023-08-16,140.98904418945312
2023-08-17,140.56109619140625
2023-08-18,141.65475463867188
2023-08-21,147.64620971679688
2023-08-22,150.5468292236328
2023-08-23,149.2153778076172
2023-08-24,148.88253784179688
2023-08-25,159.96194458007812
2023-08-28,155.8249969482422
2023-08-29,153.39988708496094
2023-08-30,152.40130615234375
2023-08-31,155.20681762695312
2023-09-01,159.58152770996094
2023-09-04,162.29193115234375
2023-09-05,159.91439819335938
2023-09-06,159.8192901611328
2023-09-07,158.39276123046875
2023-09-08,160.91294860839844
2023-09-11,162.67236328125
2023-09-12,150.07130432128906
2023-09-13,155.77745056152344
2023-09-14,157.01377868652344
2023-09-15,161.1031494140625
2023-09-18,158.535400390625
2023-09-20,155.72988891601562
2023-09-21,153.0194854736328
2023-09-22,154.06561279296875
2023-09-25,156.2053985595703
2023-09-26,155.44456481933594
2023-09-27,156.68092346191406
2023-09-28,155.72988891601562
2023-09-29,159.34378051757812
2023-10-03,155.8249969482422
2023-10-04,153.49497985839844
2023-10-05,155.15927124023438
2023-10-06,155.5872344970703
2023-10-09,152.4964141845703
2023-10-10,154.1131591796875
2023-10-11,158.2976531982422
2023-10-12,161.626220703125
2023-10-13,159.2962188720703
2023-10-16,156.39559936523438
2023-10-17,155.25437927246094
2023-10-18,158.34519958496094
2023-10-19,162.52969360351562
2023-10-20,158.6780548095703
2023-10-23,152.0684356689453
2023-10-25,149.3580322265625
2023-10-26,145.60150146484375
2023-10-27,148.40701293945312
2023-10-30,148.54966735839844
2023-10-31,148.40701293945312
2023-11-01,148.2643585205078
2023-11-02,149.31048583984375
2023-11-03,152.7341766357422
2023-11-06,151.735595703125
2023-11-07,151.0223388671875
2023-11-08,152.54396057128906
2023-11-09,153.25723266601562
2023-11-10,150.26150512695312
2023-11-13,151.92579650878906
2023-11-15,155.49212646484375
2023-11-16,157.63192749023438
2023-11-17,156.39559936523438
2023-11-20,158.2976531982422
2023-11-21,157.2039794921875
2023-11-22,159.24867248535156
2023-11-23,161.72132873535156
2023-11-24,162.0066375732422
2023-11-28,160.58010864257812
2023-11-29,167.0946044921875
2023-11-30,168.85400390625
2023-12-01,167.8554229736328
2023-12-04,168.66380310058594
2023-12-05,164.43173217773438
2023-12-06,165.19256591796875
2023-12-07,165.04991149902344
2023-12-08,167.23727416992188
2023-12-11,169.3770751953125
2023-12-12,166.66664123535156
2023-12-13,167.95053100585938
2023-12-14,172.32522583007812
2023-12-15,178.6970672607422
2023-12-18,179.79075622558594
2023-12-19,177.93626403808594
2023-12-20,170.42318725585938
2023-12-21,174.41746520996094
2023-12-22,175.93911743164062
2023-12-26,177.08033752441406
2023-12-27,174.84544372558594
2023-12-28,176.03421020507812
2023-12-29,175.7964630126953
2024-01-01,176.08175659179688
2024-01-02,175.1307373046875
2024-01-03,176.89013671875
2024-01-04,179.88584899902344
2024-01-05,183.7850341796875
2024-01-08,178.93482971191406
2024-01-09,181.07461547851562
2024-01-10,181.21728515625
2024-01-11,180.78932189941406
2024-01-12,199.61956787109375
2024-01-15,198.8112030029297
2024-01-16,191.96383666992188
2024-01-17,190.15689086914062
2024-01-18,188.06463623046875
2024-01-19,194.7218017578125
2024-01-23,181.21728515625
2024-01-24,185.78221130371094
2024-01-25,185.25912475585938
2024-01-29,185.68710327148438
2024-01-30,191.6309814453125
2024-01-31,194.5791473388672
2024-02-01,192.1064910888672
2024-02-02,189.7289276123047
2024-02-05,191.72608947753906
2024-02-06,199.6671142578125
2024-02-07,196.5762939453125
2024-02-08,206.03895568847656
2024-02-09,195.76792907714844
2024-02-12,189.49118041992188
2024-02-13,188.06463623046875
2024-02-14,189.3009796142578
2024-02-15,190.82260131835938
2024-02-16,193.0487823486328
2024-02-19,191.8389129638672
2024-02-20,196.92041015625
2024-02-21,192.32284545898438
2024-02-22,194.1134796142578
2024-02-23,195.08140563964844
2024-02-26,198.85621643066406
2024-02-27,200.30809020996094
2024-02-28,198.46905517578125
2024-02-29,199.0981903076172
2024-03-01,198.7594451904297
2024-03-04,199.24339294433594
2024-03-05,195.75892639160156
2024-03-06,189.8063201904297
2024-03-07,191.5485382080078
2024-03-11,187.24136352539062
2024-03-12,183.41812133789062
2024-03-13,176.2072296142578
2024-03-14,188.0156707763672
2024-03-15,188.0640869140625
2024-03-18,184.0956573486328
2024-03-19,179.49810791015625
2024-03-20,180.94996643066406
2024-03-21,185.11195373535156
2024-03-22,186.27345275878906
2024-03-26,188.69320678710938
2024-03-27,191.6937255859375
2024-03-28,191.30654907226562
2024-04-01,193.726318359375
2024-04-02,194.16189575195312
2024-04-03,195.5653533935547
2024-04-04,196.77523803710938
2024-04-05,195.80731201171875
2024-04-08,192.56483459472656
2024-04-09,197.985107421875
2024-04-10,197.9367218017578
2024-04-12,196.96881103515625
2024-04-15,195.61373901367188
2024-04-16,192.85520935058594
2024-04-18,191.50013732910156
2024-04-19,190.82260131835938
2024-04-22,193.48434448242188
2024-04-23,196.96881103515625
2024-04-24,194.69422912597656
2024-04-25,208.72885131835938
2024-04-26,210.80987548828125
2024-04-29,210.80987548828125
2024-04-30,204.66366577148438
2024-05-02,203.55056762695312
2024-05-03,201.3243865966797
2024-05-06,191.2097625732422
2024-05-07,184.773193359375
2024-05-08,185.40232849121094
2024-05-09,179.49810791015625
2024-05-10,179.88526916503906
2024-05-13,178.14303588867188
2024-05-14,184.67640686035156
2024-05-15,188.35446166992188
2024-05-16,192.85520935058594
2024-05-17,192.03248596191406
2024-05-21,190.2418670654297
2024-05-22,193.00038146972656
2024-05-23,190.53224182128906
2024-05-24,188.9835968017578
2024-05-27,188.0640869140625
2024-05-28,187.09616088867188
2024-05-29,187.19296264648438
2024-05-30,182.15985107421875
2024-05-31,177.4171142578125
2024-06-03,185.45074462890625
2024-06-04,176.06204223632812
2024-06-05,179.1593475341797
2024-06-06,183.36972045898438
2024-06-07,190.62901306152344
2024-06-10,191.6066131591797
2024-06-11,190.59031677246094
2024-06-12,193.2714080810547
2024-06-13,197.71409606933594
2024-06-14,196.88169860839844
2024-06-18,193.61016845703125
2024-06-19,192.17767333984375
2024-06-20,195.36207580566406
2024-06-21,199.2627410888672
2024-06-24,207.09310913085938
2024-06-25,205.74771118164062
2024-06-26,202.27291870117188
2024-06-27,204.38296508789062
2024-06-28,203.22149658203125
2024-07-01,207.07374572753906
2024-07-02,219.1338348388672
2024-07-03,216.96572875976562
2024-07-04,225.14454650878906
2024-07-05,228.14505004882812
2024-07-08,242.09255981445312
2024-07-09,240.78590393066406
2024-07-10,232.09410095214844
2024-07-11,232.47158813476562
2024-07-12,241.42471313476562
2024-07-15,244.86077880859375
2024-07-16,245.85772705078125
2024-07-18,237.29176330566406
2024-07-19,236.83685302734375
2024-07-22,236.720703125
2024-07-23,232.6845245361328
2024-07-24,240.0019073486328
2024-07-25,239.44052124023438
2024-07-26,248.04518127441406
2024-07-29,258.6147155761719
2024-07-30,262.5734558105469
2024-07-31,264.66412353515625
2024-08-01,291.339599609375
2024-08-02,287.8067626953125
2024-08-05,266.7064208984375
2024-08-06,280.7894592285156
2024-08-07,279.4827575683594
2024-08-08,274.2076721191406
2024-08-09,275.2239990234375
2024-08-12,276.5306396484375
2024-08-13,268.1098937988281
2024-08-14,281.0798034667969
2024-08-16,297.8246154785156
2024-08-19,326.5229797363281
2024-08-20,310.7945251464844
2024-08-21,316.65032958984375
2024-08-22,307.74560546875
2024-08-23,312.9722900390625
2024-08-26,305.1806640625
2024-08-27,298.6957092285156
2024-08-28,296.1307678222656
2024-08-29,298.93768310546875
2024-08-30,293.51739501953125
2024-09-02,304.9386901855469
2024-09-03,302.1317443847656
2024-09-04,303.00286865234375
2024-09-05,309.39105224609375
2024-09-06,305.3742370605469
2024-09-09,300.8250732421875
2024-09-10,318.198974609375
2024-09-11,309.1006774902344
2024-09-12,308.2295837402344
2024-09-13,301.06707763671875
2024-09-16,297.8246154785156
2024-09-17,299.47003173828125
2024-09-18,292.2591247558594
2024-09-19,298.5505065917969
2024-09-20,301.3090515136719
2024-09-23,304.5515441894531
2024-09-24,322.7965393066406
2024-09-25,331.4593200683594
2024-09-26,318.8765563964844
2024-09-27,309.0522766113281
2024-09-30,301.1638488769531
2024-10-01,302.27691650390625
2024-10-03,297.4858093261719
2024-10-04,294.1949462890625
2024-10-07,289.69415283203125
2024-10-08,306.2937927246094
2024-10-09,303.53521728515625
2024-10-10,300.2443542480469
2024-10-11,305.8581848144531
2024-10-14,307.79400634765625
2024-10-15,325.7002868652344
2024-10-16,326.6197814941406
2024-10-17,327.3457336425781
2024-10-18,321.2478942871094
2024-10-21,317.1343078613281
2024-10-22,303.09967041015625
2024-10-23,339.63812255859375
2024-10-24,322.26422119140625
2024-10-25,321.9738464355469
2024-10-28,360.59326171875
2024-10-29,332.2820129394531
2024-10-30,327.4425048828125
2024-10-31,329.2815246582031
2024-11-01,328.55560302734375
2024-11-04,347.6233215332031
2024-11-05,357.9315185546875
2024-11-06,368.23974609375
2024-11-07,368.7236633300781
2024-11-08,356.2376708984375
2024-11-11,347.09100341796875
2024-11-12,345.30035400390625
2024-11-13,338.2346496582031
2024-11-14,329.2331237792969
2024-11-18,328.2168273925781
2024-11-19,328.99114990234375
2024-11-21,328.55560302734375
2024-11-22,333.3467102050781
2024-11-25,344.9615783691406
2024-11-26,346.80059814453125
2024-11-27,350.33349609375
2024-11-28,349.2687683105469
2024-11-29,354.9310302734375
2024-12-02,354.15667724609375
2024-12-03,356.77001953125
2024-12-04,360.73846435546875
2024-12-05,363.787353515625
2024-12-06,363.7389221191406
2024-12-09,363.4969482421875
2024-12-10,369.06243896484375
2024-12-11,370.2239074707031
2024-12-12,371.38543701171875
2024-12-13,360.2060852050781
2024-12-16,359.3349914550781
2024-12-17,354.25347900390625
2024-12-18,358.5122375488281
2024-12-19,353.8663330078125
2024-12-20,345.8326721191406
2024-12-23,343.6549072265625
2024-12-24,346.99420166015625
2024-12-26,351.20458984375
2024-12-27,356.77001953125
2024-12-30,365.4327697753906
2024-12-31,363.93255615234375
2025-01-01,371.6274108886719
2025-01-02,381.83880615234375
2025-01-03,388.3721618652344
2025-01-06,378.4511413574219
2025-01-07,393.6956481933594
2025-01-08,383.87139892578125
2025-01-09,382.32275390625
2025-01-10,366.6426696777344
2025-01-13,350.33349609375
2025-01-14,358.2218933105469
2025-01-15,367.75579833984375
2025-01-16,371.28863525390625
2025-01-17,378.54791259765625
2025-01-20,375.5957946777344
2025-01-21,349.9947204589844
2025-01-22,339.5897216796875
2025-01-23,343.9936828613281
2025-01-24,357.0604248046875
2025-01-27,340.50921630859375
2025-01-28,314.3757629394531
2025-01-29,335.3793029785156
2025-01-30,330.2978210449219
2025-01-31,324.3935852050781
2025-02-01,332.8627624511719
2025-02-03,320.7639465332031
2025-02-04,323.03851318359375
2025-02-05,340.2672424316406
2025-02-06,341.0899353027344
2025-02-07,343.17095947265625
2025-02-10,340.50921630859375
2025-02-11,345.7359313964844
2025-02-12,344.5260314941406
2025-02-13,350.0915222167969
2025-02-14,341.0899353027344
2025-02-17,333.68548583984375
2025-02-18,338.5250244140625
2025-02-19,342.3482360839844
2025-02-20,352.9468078613281
2025-02-21,360.188720703125
2025-02-24,352.55535888671875
2025-02-25,346.4877624511719
2025-02-27,349.1300964355469
2025-02-28,338.6097106933594
2025-03-03,344.5794372558594
2025-03-04,346.29205322265625
2025-03-05,353.4361267089844
2025-03-06,347.90679931640625
2025-03-07,345.7537841796875
2025-03-10,332.78680419921875
2025-03-11,324.27264404296875
2025-03-12,300.2469787597656
2025-03-13,296.1856384277344
2025-03-17,273.040771484375
2025-03-18,273.040771484375
2025-03-19,288.6501159667969
2025-03-20,300.05126953125
2025-03-21,310.71844482421875
2025-03-24,313.8990478515625
2025-03-25,320.89630126953125
2025-03-26,317.7646789550781
2025-03-27,348.4450378417969
2025-03-28,332.9825439453125
2025-04-01,327.061767578125
2025-04-02,328.7254333496094
2025-04-03,338.65863037109375
2025-04-04,317.177490234375
2025-04-07,304.4551696777344
2025-04-08,313.2139892578125
2025-04-09,305.3848571777344
2025-04-11,314.192626953125
2025-04-15,323.0982666015625
2025-04-16,330.9273681640625
2025-04-17,330.43804931640625
2025-04-21,333.17828369140625
2025-04-22,338.65863037109375
2025-04-23,347.22174072265625
2025-04-24,347.1728210449219
2025-04-25,341.790283203125
2025-04-28,346.9770812988281
2025-04-29,344.18798828125
2025-04-30,333.4229431152344
2025-05-02,329.01904296875
2025-05-05,329.16583251953125
2025-05-06,311.40350341796875
2025-05-07,307.14642333984375
2025-05-08,317.4221496582031
2025-05-09,318.1561279296875
2025-05-12,337.190673828125
2025-05-13,353.1425476074219
2025-05-14,366.8924255371094
2025-05-15,365.6202087402344
2025-05-16,360.873779296875
2025-05-19,366.8924255371094
2025-05-20,362.1460266113281
2025-05-21,366.5988464355469
2025-05-22,365.5223388671875
2025-05-23,378.83184814453125
2025-05-26,380.5444641113281
2025-05-27,378.2446594238281
2025-05-28,378.14678955078125
2025-05-29,386.3184509277344
2025-05-30,363.5161437988281
2025-06-02,369.73046875
2025-06-03,372.813232421875
2025-06-04,372.7153625488281
2025-06-05,366.01165771484375
2025-06-06,365.6202087402344
2025-06-09,366.64776611328125
2025-06-10,379.7126159667969
2025-06-11,378.5871887207031
2025-06-12,373.0089416503906
2025-06-13,372.0792541503906
2025-06-16,379.0765075683594
2025-06-17,377.4617614746094
2025-06-18,374.91729736328125
2025-06-19,363.9565124511719
2025-06-20,367.62640380859375
2025-06-23,368.94757080078125
2025-06-24,378.2935791015625
2025-06-25,380.5444641113281
2025-06-26,375.1619567871094
2025-06-27,374.57476806640625
2025-06-30,366.64776611328125
2025-07-01,350.2555236816406
2025-07-02,357.0570983886719
2025-07-03,360.2376708984375
2025-07-04,363.8097229003906
2025-07-07,362.1460266113281
2025-07-08,357.644287109375
2025-07-09,358.8186340332031
2025-07-10,353.2893371582031
2025-07-11,346.4388427734375
2025-07-14,341.1541748046875
2025-07-15,351.33203125
2025-07-16,347.3196105957031
2025-07-17,349.22796630859375
2025-07-18,345.60699462890625
2025-07-21,344.775146484375
2025-07-22,343.2093505859375
2025-07-23,340.5669860839844
2025-07-24,338.1203918457031
2025-07-25,331.2209777832031
2025-07-28,324.076904296875
2025-07-29,322.95147705078125
2025-07-30,326.9149475097656
2025-07-31,334.4015808105469
2025-08-01,331.75921630859375
2025-08-04,336.5545654296875
2025-08-05,348.59185791015625
2025-08-06,343.8943786621094
2025-08-07,361.9503173828125
2025-08-08,360.4823303222656
2025-08-11,358.42718505859375
2025-08-12,359.0143737792969
2025-08-13,359.2100830078125
2025-08-14,351.52777099609375
2025-08-18,351.52777099609375
2025-08-19,359.259033203125
2025-08-20,362.73321533203125
2025-08-21,363.3204040527344
2025-08-22,360.2865905761719
2025-08-25,364.1033020019531
2025-08-26,346.3899230957031
2025-08-28,339.34368896484375
2025-08-29,343.5029296875
2025-09-01,350.989501953125
2025-09-02,358.91650390625
2025-09-03,361.1184387207031
2025-09-04,353.87652587890625
2025-09-05,342.4264221191406
2025-09-08,336.8970947265625
2025-09-09,343.9433288574219
2025-09-10,348.7386474609375
2025-09-11,357.5464172363281
2025-09-12,360.38446044921875
2025-09-15,359.9930114746094
2025-09-16,357.2528076171875
2025-09-17,363.9565124511719
2025-09-18,366.5498962402344
2025-09-19,367.773193359375
2025-09-22,357.4974670410156
2025-09-23,354.0722351074219
2025-09-24,349.22796630859375
2025-09-25,347.5153503417969
2025-09-26,344.0901184082031
2025-09-29,319.3794250488281
2025-09-30,321.7770690917969
2025-10-01,319.28155517578125
2025-10-03,314.5841064453125
2025-10-06,321.3367004394531
2025-10-07,319.3794250488281
2025-10-08,319.134765625
2025-10-09,321.3856201171875
2025-10-10,327.061767578125
2025-10-13,321.1899108886719
2025-10-14,317.9114685058594
2025-10-15,316.3945617675781
2025-10-16,318.4007873535156
2025-10-17,319.8687438964844
2025-10-20,311.6481628417969
2025-10-21,314.9266052246094
2025-10-23,314.2415771484375
2025-10-24,319.3794250488281
2025-10-27,345.11767578125
2025-10-28,336.3588562011719
2025-10-29,341.44775390625
2025-10-30,345.60699462890625
2025-10-31,346.3409729003906
2025-11-03,346.7813720703125
2025-11-04,345.0198059082031
2025-11-06,343.7965087890625
2025-11-07,333.17828369140625
2025-11-10,343.35614013671875
2025-11-11,345.5580749511719
2025-11-12,358.5250549316406
2025-11-13,356.7145690917969
2025-11-14,354.9530334472656
2025-11-17,355.5891418457031
2025-11-18,351.13629150390625
2025-11-19,359.3569030761719
2025-11-20,349.2768859863281
2025-11-21,351.9681701660156
2025-11-24,334.5972900390625
2025-11-25,342.9157409667969
2025-11-26,345.0687561035156
2025-11-27,342.37750244140625
2025-11-28,338.4139709472656
2025-12-01,339.8819274902344
2025-12-02,337.8268127441406
2025-12-03,340.66485595703125
2025-12-04,343.01361083984375
2025-12-05,339.5883483886719
2025-12-08,331.1720275878906
2025-12-09,333.76544189453125
2025-12-10,330.8784484863281
2025-12-11,333.3250732421875
2025-12-12,333.4229431152344
2025-12-15,335.8205871582031
2025-12-16,335.42913818359375
2025-12-17,331.3188171386719
2025-12-18,335.0376892089844
2025-12-19,339.0990295410156
2025-12-22,348.6407775878906
2025-12-23,347.7110595703125
2025-12-24,342.9157409667969
2025-12-26,335.3312683105469
2025-12-29,332.83575439453125
2025-12-30,320.60272216796875
2025-12-31,328.6275634765625
2026-01-01,326.86602783203125
2026-01-02,333.276123046875
2026-01-05,329.50836181640625
2026-01-06,328.48077392578125
2026-01-07,329.94873046875
2026-01-08,325.1044921875
2026-01-09,311.69708251953125
2026-01-12,304.7976989746094
2026-01-13,315.1712646484375
2026-01-14,313.1650390625
2026-01-15,313.1650390625
2026-01-16,319.4283447265625
2026-01-19,313.1161193847656
2026-01-20,310.6695251464844
2026-01-21,303.6722412109375
2026-01-22,306.2167053222656
2026-01-23,306.9017639160156
2026-01-27,305.3359375
2026-01-28,313.1161193847656
2026-01-29,311.99066162109375
2026-01-30,313.01824951171875
2026-02-02,298.3875732421875
2026-02-03,303.13397216796875
2026-02-04,298.093994140625
2026-02-05,292.4178466796875
2026-02-06,284.1483459472656
2026-02-09,286.6928405761719
2026-02-10,286.7906799316406
2026-02-11,279.2551574707031
2026-02-12,267.95184326171875
2026-02-13,248.7215576171875
2026-02-16,242.458251953125
2026-02-17,246.91107177734375
2026-02-18,254.39768981933594
2026-02-19,252.0
2026-02-20,243.14999389648438
2026-02-23,240.1999969482422
2026-02-24,227.89999389648438
2026-02-25,218.64999389648438
2026-02-26,219.64999389648438
2026-02-27,213.14999389648438
2026-03-02,210.41000366210938
2026-03-04,216.75
2026-03-05,223.11000061035156
2026-03-06,219.5
2026-03-09,211.4499969482422
2026-03-10,213.77000427246094
2026-03-11,218.0
2026-03-12,222.05999755859375
2026-03-13,225.2100067138672
2026-03-16,217.72000122070312
2026-03-17,216.97999572753906
2026-03-18,227.7100067138672
2026-03-19,220.22000122070312
2026-03-20,216.97000122070312
2026-03-23,207.17999267578125
2026-03-24,216.0500030517578
2026-03-25,224.36000061035156
2026-03-27,212.8699951171875
2026-03-30,204.38999938964844
2026-04-01,214.88999938964844
2026-04-02,217.77999877929688
2026-04-06,223.5800018310547
2026-04-07,227.39999389648438
2026-04-08,222.39999389648438
2026-04-09,219.0399932861328
2026-04-10,220.38999938964844
2026-04-13,216.0500030517578
2026-04-15,220.36000061035156
2026-04-16,244.22000122070312
2026-04-17,239.27999877929688
2026-04-20,233.0399932861328
2026-04-21,230.97999572753906
2026-04-22,224.33999633789062
2026-04-23,225.00999450683594
2026-04-24,209.27000427246094
2026-04-27,214.14999389648438
2026-04-28,212.02999877929688
2026-04-29,214.47999572753906
2026-04-30,213.94000244140625
2026-05-01,213.94000244140625
2026-05-04,215.52999877929688
2026-05-05,218.6300048828125
2026-05-06,243.41000366210938
2026-05-07,235.17999267578125
2026-05-08,274.260009765625
2026-05-11,260.9599914550781
2026-05-12,249.08999633789062
2026-05-13,242.8000030517578
2026-05-14,239.8300018310547
2026-05-15,237.60000610351562
2026-05-18,233.9199981689453
2026-05-19,242.05999755859375
2026-05-20,247.32000732421875
2026-05-21,253.77000427246094
2026-05-22,268.6000061035156
2026-05-25,280.2900085449219
2026-05-26,277.7200012207031
2026-05-27,264.9700012207031
2026-05-28,264.9700012207031
2026-05-29,262.7300109863281
2026-06-01,267.25
2026-06-02,270.75
2026-06-03,267.45001220703125
2026-06-04,265.6000061035156
2026-06-05,268.0
2026-06-08,252.0
2026-06-09,251.0
2026-06-10,250.25
2026-06-11,247.0
2026-06-12,247.5500030517578
2026-06-15,246.5500030517578
2026-06-16,243.0
2026-06-17,243.85000610351562
2026-06-18,240.0
2026-06-19,244.6999969482422
2026-06-22,244.3000030517578
2026-06-23,242.35000610351562
2026-06-24,244.0
2026-06-25,243.4499969482422
2026-06-26,243.4499969482422
2026-06-29,235.35000610351562
2026-06-30,228.4499969482422
2026-07-01,229.69000244140625
2026-07-02,238.75
2026-07-03,240.3300018310547
2026-07-06,249.32000732421875
2026-07-07,243.75
2026-07-08,237.19000244140625
2026-07-09,242.94000244140625
2026-07-10,259.7099914550781
2026-07-13,265.05999755859375
2026-07-14,264.1499938964844
2026-07-15,261.8399963378906
2026-07-16,265.44000244140625
2026-07-17,266.3800048828125
2026-07-20,266.6499938964844
2026-07-21,266.04998779296875
2026-07-22,264.05999755859375
2026-07-23,255.94000244140625
2026-07-24,253.5800018310547
2026-07-27,262.2300109863281
2026-07-28,263.05999755859375
2026-07-29,293.5799865722656
2026-07-30,299.6199951171875
2026-07-31,302.1199951171875
2026-08-03,324.3500061035156
2026-08-04,330.70001220703125
2026-08-05,339.45001220703125
2026-08-06,293.95001220703125
2026-08-07,279.8500061035156
2026-08-10,279.70001220703125
2026-08-11,279.6000061035156
2026-08-12,274.5
2026-08-13,272.20001220703125
2026-08-14,267.1000061035156
2026-08-17,267.75
2026-08-18,263.8500061035156
2026-08-19,273.04998779296875
2026-08-20,272.25
2026-08-21,276.04998779296875
2026-08-24,272.5
2026-08-25,275.3999938964844
2026-08-26,270.04998779296875
2026-08-27,268.5
2026-08-28,269.29998779296875
2026-08-31,264.79998779296875
2026-09-01,266.0
2026-09-02,270.3999938964844
2026-09-03,265.29998779296875
2026-09-04,264.3999938964844
2026-09-07,259.6000061035156
2026-09-08,257.79998779296875
2026-09-09,254.75
2026-09-10,251.35000610351562
2026-09-11,247.60000610351562
2026-09-14,247.60000610351562
2026-09-15,283.3500061035156
2026-09-16,277.75
2026-09-17,273.1000061035156
2026-09-18,273.45001220703125
2026-09-21,269.3999938964844
