Date,GESHIP
2002-07-01,14.861836433410645
2002-07-02,14.71076774597168
2002-07-03,14.654108047485352
2002-07-04,14.42750358581543
2002-07-05,14.559685707092285
2002-07-08,14.975144386291504
2002-07-09,14.918488502502441
2002-07-10,14.8429594039917
2002-07-11,14.672992706298828
2002-07-12,14.748533248901367
2002-07-15,12.784578323364258
2002-07-16,12.38801383972168
2002-07-17,12.123635292053223
2002-07-18,12.255824089050293
2002-07-19,12.16140079498291
2002-07-22,11.745954513549805
2002-07-23,11.897024154663086
2002-07-24,11.934791564941406
2002-07-25,12.180288314819336
2002-07-26,11.519341468811035
2002-07-29,11.066120147705078
2002-07-30,10.726202964782715
2002-07-31,10.348522186279297
2002-08-01,10.27298641204834
2002-08-02,10.348522186279297
2002-08-05,10.650670051574707
2002-08-06,10.971701622009277
2002-08-07,11.236077308654785
2002-08-08,10.952814102172852
2002-08-09,10.990585327148438
2002-08-12,11.009469032287598
2002-08-13,11.122766494750977
2002-08-14,10.990585327148438
2002-08-15,10.990585327148438
2002-08-16,10.990585327148438
2002-08-19,10.933929443359375
2002-08-20,11.028350830078125
2002-08-21,10.89616584777832
2002-08-22,10.933929443359375
2002-08-23,10.933929443359375
2002-08-26,10.839512825012207
2002-08-27,10.745086669921875
2002-08-28,10.612899780273438
2002-08-29,10.386290550231934
2002-08-30,10.424060821533203
2002-09-02,10.55624771118164
2002-09-03,10.46182632446289
2002-09-04,10.499591827392578
2002-09-05,10.57513427734375
2002-09-06,10.480711936950684
2002-09-09,10.27298641204834
2002-09-10,10.27298641204834
2002-09-11,10.291869163513184
2002-09-12,10.40517520904541
2002-09-13,10.480711936950684
2002-09-16,10.63178539276123
2002-09-17,10.763978958129883
2002-09-18,10.612899780273438
2002-09-19,10.40517520904541
2002-09-20,10.537362098693848
2002-09-23,10.499591827392578
2002-09-24,10.367406845092773
2002-09-25,10.291869163513184
2002-09-26,10.386290550231934
2002-09-27,10.424060821533203
2002-09-30,10.310755729675293
2002-10-01,10.235213279724121
2002-10-02,10.235213279724121
2002-10-03,10.235213279724121
2002-10-04,10.291869163513184
2002-10-07,10.424060821533203
2002-10-08,10.27298641204834
2002-10-09,10.310755729675293
2002-10-10,10.235213279724121
2002-10-11,10.178569793701172
2002-10-14,10.178569793701172
2002-10-15,10.178569793701172
2002-10-16,10.178569793701172
2002-10-17,10.008609771728516
2002-10-18,10.19744873046875
2002-10-21,10.21633529663086
2002-10-22,10.21633529663086
2002-10-23,10.159682273864746
2002-10-24,10.10302734375
2002-10-25,10.027491569519043
2002-10-28,10.159682273864746
2002-10-29,10.782857894897461
2002-10-30,10.70732307434082
2002-10-31,10.763978958129883
2002-11-01,10.839512825012207
2002-11-04,11.236077308654785
2002-11-05,11.141655921936035
2002-11-06,11.141655921936035
2002-11-07,11.066120147705078
2002-11-08,10.933929443359375
2002-11-11,10.839512825012207
2002-11-12,10.858396530151367
2002-11-13,10.839512825012207
2002-11-14,10.952814102172852
2002-11-15,10.990585327148438
2002-11-18,11.028350830078125
2002-11-19,11.028350830078125
2002-11-20,11.368268013000488
2002-11-21,11.878141403198242
2002-11-22,12.029216766357422
2002-11-25,12.029216766357422
2002-11-26,12.029216766357422
2002-11-27,11.897024154663086
2002-11-28,11.783717155456543
2002-11-29,12.010329246520996
2002-12-02,12.16140079498291
2002-12-03,12.029216766357422
2002-12-04,11.821484565734863
2002-12-05,11.934791564941406
2002-12-06,11.953676223754883
2002-12-09,11.878141403198242
2002-12-10,11.934791564941406
2002-12-11,12.104751586914062
2002-12-12,12.048097610473633
2002-12-13,12.406898498535156
2002-12-16,12.350242614746094
2002-12-17,12.255824089050293
2002-12-18,12.255824089050293
2002-12-19,12.123635292053223
2002-12-20,12.444669723510742
2002-12-23,12.350242614746094
2002-12-24,12.236934661865234
2002-12-25,12.236934661865234
2002-12-26,12.38801383972168
2002-12-27,12.463550567626953
2002-12-30,12.274704933166504
2002-12-31,12.293594360351562
2003-01-01,12.31247329711914
2003-01-02,12.765693664550781
2003-01-03,12.803462982177734
2003-01-06,13.294450759887695
2003-01-07,13.218920707702637
2003-01-08,13.218920707702637
2003-01-09,13.200032234191895
2003-01-10,13.181147575378418
2003-01-13,12.992300987243652
2003-01-14,12.8978853225708
2003-01-15,12.860116004943848
2003-01-16,12.992300987243652
2003-01-17,12.8978853225708
2003-01-20,12.671271324157715
2003-01-21,12.709041595458984
2003-01-22,13.237799644470215
2003-01-23,13.086723327636719
2003-01-24,12.878998756408691
2003-01-27,12.822347640991211
2003-01-28,12.841236114501953
2003-01-29,12.860116004943848
2003-01-30,12.727931022644043
2003-01-31,12.935653686523438
2003-02-03,13.011192321777344
2003-02-04,13.162263870239258
2003-02-05,13.162263870239258
2003-02-06,13.294450759887695
2003-02-07,13.162263870239258
2003-02-10,12.992300987243652
2003-02-11,12.916767120361328
2003-02-12,13.313338279724121
2003-02-13,13.313338279724121
2003-02-14,13.143377304077148
2003-02-17,13.691021919250488
2003-02-18,13.728788375854492
2003-02-19,13.709901809692383
2003-02-20,13.53994369506836
2003-02-21,13.898746490478516
2003-02-24,14.219771385192871
2003-02-25,14.72964859008789
2003-02-26,14.351960182189941
2003-02-27,14.408613204956055
2003-02-28,13.993167877197266
2003-03-03,13.993167877197266
2003-03-04,13.84209156036377
2003-03-05,13.74767017364502
2003-03-06,13.63436508178711
2003-03-07,13.577713012695312
2003-03-10,13.521060943603516
2003-03-11,13.766557693481445
2003-03-12,13.63436508178711
2003-03-13,13.709901809692383
2003-03-14,13.709901809692383
2003-03-17,13.653244972229004
2003-03-18,13.653244972229004
2003-03-19,13.879864692687988
2003-03-20,14.125353813171387
2003-03-21,14.182007789611816
2003-03-24,14.182007789611816
2003-03-25,14.25754165649414
2003-03-26,14.540804862976074
2003-03-27,14.31419563293457
2003-03-28,14.25754165649414
2003-03-31,14.31419563293457
2003-04-01,14.295312881469727
2003-04-02,14.238662719726562
2003-04-03,14.52192497253418
2003-04-04,14.503037452697754
2003-04-07,14.71076774597168
2003-04-08,15.107335090637207
2003-04-09,15.069561004638672
2003-04-10,14.786304473876953
2003-04-11,14.805184364318848
2003-04-14,14.805184364318848
2003-04-15,15.466129302978516
2003-04-16,15.466129302978516
2003-04-17,15.258402824401855
2003-04-18,15.258402824401855
2003-04-21,15.296175956726074
2003-04-22,15.182869911193848
2003-04-23,15.239522933959961
2003-04-24,15.107335090637207
2003-04-25,15.088446617126465
2003-04-28,15.447247505187988
2003-04-29,15.485014915466309
2003-04-30,15.900467872619629
2003-05-01,15.900467872619629
2003-05-02,16.334808349609375
2003-05-05,16.05154037475586
2003-05-06,16.20261573791504
2003-05-07,16.10819435119629
2003-05-08,16.127073287963867
2003-05-09,16.18372917175293
2003-05-12,16.05154037475586
2003-05-13,16.278152465820312
2003-05-14,16.48587417602539
2003-05-15,16.65583038330078
2003-05-16,16.920207977294922
2003-05-19,16.712486267089844
2003-05-20,16.920207977294922
2003-05-21,16.957979202270508
2003-05-22,16.882442474365234
2003-05-23,16.957979202270508
2003-05-26,17.127939224243164
2003-05-27,17.430084228515625
2003-05-28,17.448965072631836
2003-05-29,17.845537185668945
2003-05-30,18.582015991210938
2003-06-02,18.506486892700195
2003-06-03,18.242103576660156
2003-06-04,18.29875946044922
2003-06-05,17.78888702392578
2003-06-06,17.52450942993164
2003-06-09,17.618921279907227
2003-06-10,17.618921279907227
2003-06-11,17.581159591674805
2003-06-12,17.67557716369629
2003-06-13,17.770002365112305
2003-06-16,17.958845138549805
2003-06-17,18.09103012084961
2003-06-18,18.072147369384766
2003-06-19,18.01548957824707
2003-06-20,18.16656494140625
2003-06-23,18.336523056030273
2003-06-24,18.525365829467773
2003-06-25,18.90304946899414
2003-06-26,19.28073501586914
2003-06-27,19.394033432006836
2003-06-30,19.18631362915039
2003-07-01,19.28073501586914
2003-07-02,19.696189880371094
2003-07-03,20.073862075805664
2003-07-04,20.678163528442383
2003-07-07,20.678163528442383
2003-07-08,20.86699676513672
2003-07-09,20.772581100463867
2003-07-10,20.470426559448242
2003-07-11,20.79146385192871
2003-07-14,21.093610763549805
2003-07-15,18.82750701904297
2003-07-16,18.865276336669922
2003-07-17,18.03437614440918
2003-07-18,17.52450942993164
2003-07-21,17.845537185668945
2003-07-22,18.16656494140625
2003-07-23,18.714204788208008
2003-07-24,21.131372451782227
2003-07-25,20.734813690185547
2003-07-28,20.885883331298828
2003-07-29,20.753694534301758
2003-07-30,20.527088165283203
2003-07-31,20.319364547729492
2003-08-01,21.62236785888672
2003-08-04,22.32108497619629
2003-08-05,22.339969635009766
2003-08-06,22.037817001342773
2003-08-07,22.037817001342773
2003-08-08,23.0953311920166
2003-08-11,25.965721130371094
2003-08-12,25.229246139526367
2003-08-13,25.7957706451416
2003-08-14,26.28675651550293
2003-08-15,26.28675651550293
2003-08-18,28.288484573364258
2003-08-19,27.04212188720703
2003-08-20,26.211227416992188
2003-08-21,25.946847915649414
2003-08-22,26.362295150756836
2003-08-25,26.494474411010742
2003-08-26,27.32538604736328
2003-08-27,27.608642578125
2003-08-28,26.758859634399414
2003-08-29,26.456714630126953
2003-09-01,29.157161712646484
2003-09-02,31.291067123413086
2003-09-03,29.02495574951172
2003-09-04,28.53397560119629
2003-09-05,28.3073673248291
2003-09-08,29.062726974487305
2003-09-09,27.98633575439453
2003-09-10,27.287607192993164
2003-09-11,27.419803619384766
2003-09-12,26.437841415405273
2003-09-15,25.946847915649414
2003-09-16,27.589771270751953
2003-09-17,27.419803619384766
2003-09-18,26.248992919921875
2003-09-19,27.55199432373047
2003-09-22,27.929676055908203
2003-09-23,28.099637985229492
2003-09-24,27.835254669189453
2003-09-25,28.005224227905273
2003-09-26,28.345130920410156
2003-09-29,29.232683181762695
2003-09-30,30.51680564880371
2003-10-01,31.045564651489258
2003-10-02,31.045564651489258
2003-10-03,32.499656677246094
2003-10-06,32.02754211425781
2003-10-07,32.7640266418457
2003-10-08,31.895353317260742
2003-10-09,32.1974983215332
2003-10-10,32.02754211425781
2003-10-13,33.08506393432617
2003-10-14,32.36745834350586
2003-10-15,32.51853561401367
2003-10-16,31.177762985229492
2003-10-17,31.27219009399414
2003-10-20,31.97089195251465
2003-10-21,31.98976707458496
2003-10-22,31.8198184967041
2003-10-23,31.328819274902344
2003-10-24,31.64986228942871
2003-10-27,31.3099422454834
2003-10-28,30.13912582397461
2003-10-29,30.573463439941406
2003-10-30,32.85844802856445
2003-10-31,36.18206024169922
2003-11-03,37.50394821166992
2003-11-04,36.805240631103516
2003-11-05,40.48764419555664
2003-11-06,43.131431579589844
2003-11-07,44.3777961730957
2003-11-10,44.20782470703125
2003-11-11,46.28508377075195
2003-11-12,48.40010452270508
2003-11-13,45.15205764770508
2003-11-14,44.01897430419922
2003-11-17,49.19324493408203
2003-11-18,51.19497299194336
2003-11-19,49.06106948852539
2003-11-20,46.58722686767578
2003-11-21,49.92972946166992
2003-11-24,48.81557846069336
2003-11-25,53.27223205566406
2003-11-26,53.27223205566406
2003-11-27,53.442195892333984
2003-11-28,52.365779876708984
2003-12-01,52.497989654541016
2003-12-02,52.06365203857422
2003-12-03,51.780391693115234
2003-12-04,51.11943054199219
2003-12-05,49.77867889404297
2003-12-08,49.85420227050781
2003-12-09,50.38294982910156
2003-12-10,53.158912658691406
2003-12-11,52.78123474121094
2003-12-12,53.19669723510742
2003-12-15,54.877384185791016
2003-12-16,54.15977478027344
2003-12-17,52.365779876708984
2003-12-18,53.95205307006836
2003-12-19,53.68769454956055
2003-12-22,55.63274383544922
2003-12-23,56.482540130615234
2003-12-24,55.746070861816406
2003-12-25,55.746070861816406
2003-12-26,55.538326263427734
2003-12-29,57.74776840209961
2003-12-30,58.44648361206055
2003-12-31,57.766666412353516
2004-01-01,62.71430969238281
2004-01-02,65.20700073242188
2004-01-05,63.45077896118164
2004-01-06,60.46710968017578
2004-01-07,61.354637145996094
2004-01-08,63.39414978027344
2004-01-09,62.60101318359375
2004-01-12,62.846519470214844
2004-01-13,62.24220275878906
2004-01-14,64.14949035644531
2004-01-15,62.75209045410156
2004-01-16,61.37354278564453
2004-01-19,61.54351806640625
2004-01-20,59.9383430480957
2004-01-21,52.95119857788086
2004-01-22,52.17695236206055
2004-01-23,57.03016662597656
2004-01-26,57.03016662597656
2004-01-27,59.277408599853516
2004-01-28,58.616432189941406
2004-01-29,57.766666412353516
2004-01-30,53.668785095214844
2004-02-02,53.668785095214844
2004-02-03,55.14175796508789
2004-02-04,57.086822509765625
2004-02-05,58.068817138671875
2004-02-06,57.82332992553711
2004-02-09,58.408714294433594
2004-02-10,59.20186233520508
2004-02-11,58.88082504272461
2004-02-12,60.59926986694336
2004-02-13,60.48598861694336
2004-02-16,60.58039093017578
2004-02-17,58.84307098388672
2004-02-18,59.06967544555664
2004-02-19,56.55806350708008
2004-02-20,55.55722427368164
2004-02-23,54.10314178466797
2004-02-24,54.63188171386719
2004-02-25,53.38554000854492
2004-02-26,52.158084869384766
2004-02-27,53.36664581298828
2004-03-01,54.15977478027344
2004-03-02,54.15977478027344
2004-03-03,53.59327697753906
2004-03-04,52.214725494384766
2004-03-05,52.89455032348633
2004-03-08,53.442195892333984
2004-03-09,52.365779876708984
2004-03-10,51.89369583129883
2004-03-11,50.66620635986328
2004-03-12,49.89196014404297
2004-03-15,46.8704833984375
2004-03-16,46.22843933105469
2004-03-17,46.39839172363281
2004-03-18,44.79323959350586
2004-03-19,44.67993927001953
2004-03-22,43.490234375
2004-03-23,42.03617477416992
2004-03-24,41.771766662597656
2004-03-25,46.73831558227539
2004-03-26,49.19324493408203
2004-03-29,49.41987228393555
2004-03-30,49.495391845703125
2004-03-31,47.98466110229492
2004-04-01,51.76148986816406
2004-04-02,52.214725494384766
2004-04-05,52.214725494384766
2004-04-06,51.47822189331055
2004-04-07,50.0241584777832
2004-04-08,49.17437744140625
2004-04-09,49.17437744140625
2004-04-12,49.85420227050781
2004-04-13,51.70484924316406
2004-04-14,51.70484924316406
2004-04-15,52.87568283081055
2004-04-16,52.6679573059082
2004-04-19,52.00699234008789
2004-04-20,50.93060302734375
2004-04-21,51.79926300048828
2004-04-22,53.59327697753906
2004-04-23,54.48080825805664
2004-04-26,54.48080825805664
2004-04-27,50.401851654052734
2004-04-28,48.64560317993164
2004-04-29,49.58982467651367
2004-04-30,48.834442138671875
2004-05-03,46.4361686706543
2004-05-04,47.51256561279297
2004-05-05,46.794960021972656
2004-05-06,47.22929000854492
2004-05-07,45.81298065185547
2004-05-10,44.6232795715332
2004-05-11,42.338294982910156
2004-05-12,44.67993927001953
2004-05-13,43.71684646606445
2004-05-14,39.222412109375
2004-05-17,35.55889129638672
2004-05-18,39.48678207397461
2004-05-19,41.18635559082031
2004-05-20,43.33916473388672
2004-05-21,44.13228988647461
2004-05-24,45.62413787841797
2004-05-25,47.51256561279297
2004-05-26,47.55033493041992
2004-05-27,46.568363189697266
2004-05-28,43.773494720458984
2004-05-31,44.0567741394043
2004-06-01,42.41384506225586
2004-06-02,41.922855377197266
2004-06-03,42.37608337402344
2004-06-04,44.15117263793945
2004-06-07,46.8704833984375
2004-06-08,46.45504379272461
2004-06-09,48.11686706542969
2004-06-10,48.40010452270508
2004-06-11,45.454200744628906
2004-06-14,43.41470718383789
2004-06-15,44.83100891113281
2004-06-16,46.39839172363281
2004-06-17,46.15290832519531
2004-06-18,45.81298065185547
2004-06-21,45.718563079833984
2004-06-22,45.038734436035156
2004-06-23,43.131431579589844
2004-06-24,44.0567741394043
2004-06-25,45.52971267700195
2004-06-28,47.89025115966797
2004-06-29,50.59067916870117
2004-06-30,51.25161361694336
2004-07-01,50.38294982910156
2004-07-02,50.55291748046875
2004-07-05,49.94860076904297
2004-07-06,51.32717514038086
2004-07-07,51.572662353515625
2004-07-08,52.214725494384766
2004-07-09,53.27223205566406
2004-07-12,52.5924072265625
2004-07-13,53.29111099243164
2004-07-14,54.23532485961914
2004-07-15,54.178688049316406
2004-07-16,54.32975387573242
2004-07-19,54.4052619934082
2004-07-20,54.42417907714844
2004-07-21,53.47995376586914
2004-07-22,54.48080825805664
2004-07-23,54.877384185791016
2004-07-26,56.331451416015625
2004-07-27,54.896278381347656
2004-07-28,52.25249099731445
2004-07-29,53.215579986572266
2004-07-30,52.06365203857422
2004-08-02,51.96921157836914
2004-08-03,54.42417907714844
2004-08-04,54.612979888916016
2004-08-05,57.35120391845703
2004-08-06,57.804420471191406
2004-08-09,58.97523498535156
2004-08-10,58.50312423706055
2004-08-11,56.425872802734375
2004-08-12,56.74690628051758
2004-08-13,55.4061393737793
2004-08-16,54.95292282104492
2004-08-17,56.16151428222656
2004-08-18,55.63274383544922
2004-08-19,57.1057014465332
2004-08-20,55.25506591796875
2004-08-23,55.273963928222656
2004-08-24,54.70743179321289
2004-08-25,53.34776306152344
2004-08-26,54.008724212646484
2004-08-27,53.42330551147461
2004-08-30,55.198421478271484
2004-08-31,54.83960723876953
2004-09-01,55.840484619140625
2004-09-02,54.99068069458008
2004-09-03,54.36749267578125
2004-09-06,54.7829704284668
2004-09-07,54.7829704284668
2004-09-08,56.199275970458984
2004-09-09,54.29197311401367
2004-09-10,53.91428756713867
2004-09-13,53.763214111328125
2004-09-14,53.46107864379883
2004-09-15,55.273963928222656
2004-09-16,59.16411209106445
2004-09-17,60.50486373901367
2004-09-20,59.031883239746094
2004-09-21,59.65507888793945
2004-09-22,58.88082504272461
2004-09-23,58.12545394897461
2004-09-24,59.40958023071289
2004-09-27,61.37354278564453
2004-09-28,60.08940887451172
2004-09-29,60.73147964477539
2004-09-30,61.24135208129883
2004-10-01,61.69456100463867
2004-10-04,62.80872344970703
2004-10-05,63.6396369934082
2004-10-06,64.94264221191406
2004-10-07,66.39673614501953
2004-10-08,68.3984375
2004-10-11,68.11517333984375
2004-10-12,64.73491668701172
2004-10-13,64.73491668701172
2004-10-14,61.8078727722168
2004-10-15,63.35637283325195
2004-10-18,65.05593872070312
2004-10-19,66.26453399658203
2004-10-20,65.20700073242188
2004-10-21,63.56410217285156
2004-10-22,63.56410217285156
2004-10-25,63.054222106933594
2004-10-26,63.148643493652344
2004-10-27,65.9057388305664
2004-10-28,65.58470153808594
2004-10-29,64.81046295166016
2004-11-01,65.49028015136719
2004-11-02,64.69713592529297
2004-11-03,64.64051055908203
2004-11-04,65.03707122802734
2004-11-05,64.11173248291016
2004-11-08,63.016475677490234
2004-11-09,62.50660705566406
2004-11-10,62.54438018798828
2004-11-11,64.73491668701172
2004-11-12,63.6963005065918
2004-11-15,63.6963005065918
2004-11-16,64.94264221191406
2004-11-17,68.49286651611328
2004-11-18,71.98641967773438
2004-11-19,69.83362579345703
2004-11-22,69.17268371582031
2004-11-23,74.19589233398438
2004-11-24,72.8551025390625
2004-11-25,72.43966674804688
2004-11-26,72.43966674804688
2004-11-29,73.44049072265625
2004-11-30,72.7984390258789
2004-12-01,71.7787094116211
2004-12-02,70.55126953125
2004-12-03,69.34266662597656
2004-12-06,68.70059967041016
2004-12-07,70.34352111816406
2004-12-08,68.3984375
2004-12-09,67.81305694580078
2004-12-10,66.67999267578125
2004-12-13,67.9074478149414
2004-12-14,68.62506103515625
2004-12-15,68.6439437866211
2004-12-16,68.5873031616211
2004-12-17,66.81216430664062
2004-12-20,65.58470153808594
2004-12-21,65.64134979248047
2004-12-22,64.64051055908203
2004-12-23,64.073974609375
2004-12-24,64.7538070678711
2004-12-27,64.58386993408203
2004-12-28,63.375282287597656
2004-12-29,63.6963005065918
2004-12-30,63.5074348449707
2004-12-31,63.33747863769531
2005-01-03,64.54608917236328
2005-01-04,62.48771667480469
2005-01-05,61.77009582519531
2005-01-06,62.22330856323242
2005-01-07,61.07140350341797
2005-01-10,59.994998931884766
2005-01-11,57.87997817993164
2005-01-12,57.086822509765625
2005-01-13,60.86366271972656
2005-01-14,59.82502365112305
2005-01-17,58.52201461791992
2005-01-18,59.3151741027832
2005-01-19,58.182106018066406
2005-01-20,57.464508056640625
2005-01-24,59.957237243652344
2005-01-25,61.1847038269043
2005-01-27,63.073116302490234
2005-01-28,63.16753005981445
2005-01-31,63.582984924316406
2005-02-01,63.8284797668457
2005-02-02,64.7726821899414
2005-02-03,64.11173248291016
2005-02-04,65.49028015136719
2005-02-07,64.7538070678711
2005-02-08,63.6396369934082
2005-02-09,63.6963005065918
2005-02-10,63.073116302490234
2005-02-11,62.959800720214844
2005-02-14,63.29972457885742
2005-02-15,64.11173248291016
2005-02-16,64.62162017822266
2005-02-17,62.336639404296875
2005-02-18,63.582984924316406
2005-02-21,62.431034088134766
2005-02-22,62.638771057128906
2005-02-23,64.64051055908203
2005-02-24,67.09541320800781
2005-02-25,68.81389617919922
2005-02-28,67.18984985351562
2005-03-01,66.83106231689453
2005-03-02,67.98298645019531
2005-03-03,69.94695281982422
2005-03-04,67.2276382446289
2005-03-07,67.2276382446289
2005-03-08,67.5486831665039
2005-03-09,63.84737777709961
2005-03-10,63.318599700927734
2005-03-11,63.148643493652344
2005-03-14,63.488563537597656
2005-03-15,62.75209045410156
2005-03-16,62.52544021606445
2005-03-17,61.95895767211914
2005-03-18,63.11087417602539
2005-03-21,62.44992446899414
2005-03-22,60.42934036254883
2005-03-23,59.3718376159668
2005-03-24,57.974388122558594
2005-03-28,59.50399398803711
2005-03-29,57.93663024902344
2005-03-30,57.38898468017578
2005-03-31,58.12545394897461
2005-04-01,60.01388168334961
2005-04-04,61.86451721191406
2005-04-05,60.58039093017578
2005-04-06,62.71430969238281
2005-04-07,61.69456100463867
2005-04-08,61.78899002075195
2005-04-11,60.56153106689453
2005-04-12,60.07051467895508
2005-04-13,59.84391403198242
2005-04-15,56.86023712158203
2005-04-18,56.59584426879883
2005-04-19,57.01129150390625
2005-04-20,57.974388122558594
2005-04-21,59.06967544555664
2005-04-22,61.014732360839844
2005-04-25,61.20358657836914
2005-04-26,60.788124084472656
2005-04-27,60.27825164794922
2005-04-28,60.08940887451172
2005-04-29,61.354637145996094
2005-05-02,59.9383430480957
2005-05-03,58.95635986328125
2005-05-04,58.46536636352539
2005-05-05,58.86193084716797
2005-05-06,59.3151741027832
2005-05-09,58.88082504272461
2005-05-10,58.97523498535156
2005-05-11,58.38983917236328
2005-05-12,58.08769989013672
2005-05-13,57.72890090942383
2005-05-16,57.87997817993164
2005-05-17,57.78553009033203
2005-05-18,57.483394622802734
2005-05-19,57.93663024902344
2005-05-20,57.974388122558594
2005-05-23,57.483394622802734
2005-05-24,57.71001434326172
2005-05-25,58.352081298828125
2005-05-26,57.78553009033203
2005-05-27,57.974388122558594
2005-05-30,57.95549392700195
2005-05-31,59.16411209106445
2005-06-01,59.20186233520508
2005-06-02,58.52201461791992
2005-06-03,58.86193084716797
2005-06-06,58.352081298828125
2005-06-07,58.370948791503906
2005-06-08,60.27825164794922
2005-06-09,58.616432189941406
2005-06-10,57.37008285522461
2005-06-13,56.652469635009766
2005-06-14,54.42417907714844
2005-06-15,53.215579986572266
2005-06-16,53.12115478515625
2005-06-17,53.253353118896484
2005-06-20,50.47737121582031
2005-06-21,51.00613021850586
2005-06-22,52.02586364746094
2005-06-23,53.10227966308594
2005-06-24,51.6481819152832
2005-06-27,52.932308197021484
2005-06-28,51.96921157836914
2005-06-29,51.55377197265625
2005-06-30,49.92972946166992
2005-07-01,52.497989654541016
2005-07-04,53.95205307006836
2005-07-05,52.63017654418945
2005-07-06,54.19752883911133
2005-07-07,54.63188171386719
2005-07-08,55.7271728515625
2005-07-11,55.311710357666016
2005-07-12,54.896278381347656
2005-07-13,55.916011810302734
2005-07-14,58.635353088378906
2005-07-15,58.44648361206055
2005-07-18,57.74776840209961
2005-07-19,57.93663024902344
2005-07-20,57.898841857910156
2005-07-21,58.068817138671875
2005-07-22,59.107425689697266
2005-07-25,61.77009582519531
2005-07-26,59.031883239746094
2005-07-27,58.46536636352539
2005-07-28,58.46536636352539
2005-07-29,58.67308807373047
2005-08-01,58.44648361206055
2005-08-02,61.279117584228516
2005-08-03,60.90140914916992
2005-08-04,65.69800567626953
2005-08-05,64.8293228149414
2005-08-08,62.355525970458984
2005-08-09,65.3958740234375
2005-08-10,64.50829315185547
2005-08-11,65.1881332397461
2005-08-12,64.24391174316406
2005-08-16,67.05767059326172
2005-08-17,68.19071197509766
2005-08-18,67.83191680908203
2005-08-19,67.62419128417969
2005-08-22,65.3958740234375
2005-08-23,64.3949966430664
2005-08-24,63.073116302490234
2005-08-25,63.6396369934082
2005-08-26,64.16838836669922
2005-08-29,68.43620300292969
2005-08-30,72.00531768798828
2005-08-31,73.0628433227539
2005-09-01,73.44049072265625
2005-09-02,72.02420806884766
2005-09-05,73.40277099609375
2005-09-06,77.97270965576172
2005-09-08,77.50060272216797
2005-09-09,78.31265258789062
2005-09-12,81.40965270996094
2005-09-13,81.97618103027344
2005-09-14,81.12637329101562
2005-09-15,79.59675598144531
2005-09-16,76.9907455444336
2005-09-19,78.7658920288086
2005-09-20,77.31179809570312
2005-09-21,75.78215789794922
2005-09-22,73.70489501953125
2005-09-23,74.27139282226562
2005-09-26,75.55555725097656
2005-09-27,75.00789642333984
2005-09-28,74.989013671875
2005-09-29,74.15813446044922
2005-09-30,75.2911605834961
2005-10-03,77.57613372802734
2005-10-04,79.80448150634766
2005-10-05,79.63451385498047
2005-10-06,78.08602905273438
2005-10-07,77.23622131347656
2005-10-10,75.89546203613281
2005-10-11,75.98988342285156
2005-10-13,76.4430923461914
2005-10-14,75.8576889038086
2005-10-17,75.02679443359375
2005-10-18,75.38558959960938
2005-10-19,75.44224548339844
2005-10-20,76.78302764892578
2005-10-21,76.51863098144531
2005-10-24,77.51947021484375
2005-10-25,75.70662689208984
2005-10-26,75.31004333496094
2005-10-27,73.0439453125
2005-10-28,74.08256530761719
2005-10-31,73.81820678710938
2005-11-02,75.47999572753906
2005-11-04,75.47999572753906
2005-11-07,76.06542205810547
2005-11-08,76.49974822998047
2005-11-09,76.17871856689453
2005-11-10,75.97099304199219
2005-11-11,79.7667007446289
2005-11-14,83.54353332519531
2005-11-16,86.56500244140625
2005-11-17,85.67742919921875
2005-11-18,85.07315826416016
2005-11-21,83.33580017089844
2005-11-22,83.10919952392578
2005-11-23,83.99674224853516
2005-11-24,83.09032440185547
2005-11-25,86.6405258178711
2005-11-28,87.54698944091797
2005-11-29,87.75472259521484
2005-11-30,85.45085144042969
2005-12-01,88.64226531982422
2005-12-02,87.62251281738281
2005-12-05,88.1135482788086
2005-12-06,88.13240814208984
2005-12-07,88.58563232421875
2005-12-08,87.5658950805664
2005-12-09,88.13240814208984
2005-12-12,87.2448501586914
2005-12-13,86.11183166503906
2005-12-14,85.37531280517578
2005-12-15,82.42937469482422
2005-12-16,82.7881851196289
2005-12-19,83.75128173828125
2005-12-20,83.60018157958984
2005-12-21,84.05341339111328
2005-12-22,84.18559265136719
2005-12-23,84.35555267333984
2005-12-26,81.08860778808594
2005-12-27,82.76934051513672
2005-12-28,81.6928939819336
2005-12-29,86.3572998046875
2005-12-30,87.16932678222656
2006-01-02,87.45254516601562
2006-01-03,89.34099578857422
2006-01-04,89.86971282958984
2006-01-05,89.26544952392578
2006-01-06,92.41907501220703
2006-01-09,93.8731689453125
2006-01-10,92.116943359375
2006-01-12,91.26716613769531
2006-01-13,91.77706146240234
2006-01-16,94.0809097290039
2006-01-17,92.07917785644531
2006-01-18,92.8723373413086
2006-01-19,93.13672637939453
2006-01-20,92.3813247680664
2006-01-23,90.79505920410156
2006-01-24,91.53157043457031
2006-01-25,90.4928970336914
2006-01-27,94.5718765258789
2006-01-30,91.30494689941406
2006-01-31,88.9066390991211
2006-02-01,85.50749206542969
2006-02-02,86.88603210449219
2006-02-03,85.3941879272461
2006-02-06,87.54698944091797
2006-02-07,85.90408325195312
2006-02-08,86.22512817382812
2006-02-10,87.15043640136719
2006-02-13,87.83024597167969
2006-02-14,87.7924575805664
2006-02-15,89.51094818115234
2006-02-16,91.32381439208984
2006-02-17,91.98475646972656
2006-02-20,92.6834716796875
2006-02-21,91.15385437011719
2006-02-22,96.5169906616211
2006-02-23,95.42170715332031
2006-02-24,95.2706298828125
2006-02-27,93.6087875366211
2006-02-28,92.7401351928711
2006-03-01,95.93157958984375
2006-03-02,95.62940979003906
2006-03-03,94.15645599365234
2006-03-06,95.53495788574219
2006-03-07,97.93328857421875
2006-03-08,95.34615325927734
2006-03-09,94.38304901123047
2006-03-10,97.46116638183594
2006-03-13,97.59337615966797
2006-03-14,101.82344818115234
2006-03-16,101.03028869628906
2006-03-17,101.1247329711914
2006-03-20,98.63199615478516
2006-03-21,98.1598892211914
2006-03-22,96.8380126953125
2006-03-23,98.08435821533203
2006-03-24,100.8414306640625
2006-03-27,100.19937896728516
2006-03-28,99.08524322509766
2006-03-29,97.93328857421875
2006-03-30,98.51869201660156
2006-03-31,98.8208236694336
2006-04-03,103.56078338623047
2006-04-04,102.61653900146484
2006-04-05,103.90069580078125
2006-04-07,99.25520324707031
2006-04-10,97.29120635986328
2006-04-12,95.4594497680664
2006-04-13,92.7401351928711
2006-04-17,95.98822784423828
2006-04-18,98.93412780761719
2006-04-19,101.44571685791016
2006-04-20,102.50322723388672
2006-04-21,100.18052673339844
2006-04-24,100.67149353027344
2006-04-25,98.2920913696289
2006-04-26,102.27664184570312
2006-04-27,97.08348846435547
2006-04-28,100.1049575805664
2006-05-02,107.0543441772461
2006-05-03,108.86722564697266
2006-05-04,107.11096954345703
2006-05-05,111.00110626220703
2006-05-08,111.24662017822266
2006-05-09,108.79167175292969
2006-05-10,106.94100952148438
2006-05-11,106.60112762451172
2006-05-12,103.82515716552734
2006-05-15,98.8208236694336
2006-05-16,98.17878723144531
2006-05-17,101.35130310058594
2006-05-18,92.02255249023438
2006-05-19,88.51007080078125
2006-05-22,79.14352416992188
2006-05-23,86.90493774414062
2006-05-24,89.88861846923828
2006-05-25,87.88690185546875
2006-05-26,90.17184448242188
2006-05-29,95.34615325927734
2006-05-30,92.89119720458984
2006-05-31,89.51094818115234
2006-06-01,86.62165069580078
2006-06-02,83.3547134399414
2006-06-05,86.75384521484375
2006-06-06,85.52637481689453
2006-06-07,78.02936553955078
2006-06-08,73.44049072265625
2006-06-09,75.76326751708984
2006-06-12,76.74526977539062
2006-06-13,72.17528533935547
2006-06-14,71.26885986328125
2006-06-15,76.6885986328125
2006-06-16,77.06627655029297
2006-06-19,77.46282958984375
2006-06-20,78.1804428100586
2006-06-21,78.72807312011719
2006-06-22,81.201904296875
2006-06-23,81.42855834960938
2006-06-26,79.33236694335938
2006-06-27,78.21819305419922
2006-06-28,85.82854461669922
2006-06-29,85.2619857788086
2006-06-30,87.9057846069336
2006-07-03,86.92379760742188
2006-07-04,87.96245574951172
2006-07-05,88.45342254638672
2006-07-06,87.05602264404297
2006-07-07,86.82941436767578
2006-07-10,87.13152313232422
2006-07-11,87.77361297607422
2006-07-12,87.03712463378906
2006-07-13,87.03712463378906
2006-07-14,85.80962371826172
2006-07-17,84.43109130859375
2006-07-18,80.8808822631836
2006-07-19,79.33236694335938
2006-07-20,80.31434631347656
2006-07-21,76.78302764892578
2006-07-24,77.91604614257812
2006-07-25,77.99160766601562
2006-07-26,83.29804992675781
2006-07-27,81.90065002441406
2006-07-28,82.07058715820312
2006-07-31,81.27745819091797
2006-08-01,84.60107421875
2006-08-02,84.2233657836914
2006-08-03,83.31693267822266
2006-08-04,84.44998168945312
2006-08-07,84.56329345703125
2006-08-08,87.86800384521484
2006-08-09,89.96416473388672
2006-08-10,90.41738891601562
2006-08-11,96.34703826904297
2006-08-14,95.62940979003906
2006-08-16,96.74356842041016
2006-08-17,94.42081451416016
2006-08-18,94.13755798339844
2006-08-21,97.3289794921875
2006-08-22,96.98908233642578
2006-08-23,97.23458099365234
2006-08-24,98.14100646972656
2006-08-25,97.17790222167969
2006-08-28,100.42599487304688
2006-08-29,101.35130310058594
2006-08-30,103.27753448486328
2006-08-31,102.219970703125
2006-09-01,104.1650619506836
2006-09-04,105.9968032836914
2006-09-05,104.58049011230469
2006-09-06,106.46893310546875
2006-09-07,103.95732116699219
2006-09-08,105.09036254882812
2006-09-11,99.87834930419922
2006-09-12,102.4843521118164
2006-09-13,104.63713836669922
2006-09-14,109.64147186279297
2006-09-15,109.41485595703125
2006-09-18,109.90584564208984
2006-09-19,106.77107238769531
2006-09-20,111.60545349121094
2006-09-21,111.47320556640625
2006-09-22,110.90669250488281
2006-09-25,108.86722564697266
2006-09-26,112.4552001953125
2006-09-27,114.06033325195312
2006-09-28,112.73847961425781
2006-09-29,116.74189758300781
2006-10-03,114.55137634277344
2006-10-04,115.34449005126953
2006-10-05,115.30675506591797
2006-10-06,114.66468048095703
2006-10-09,113.73934936523438
2006-10-10,113.2294692993164
2006-10-11,108.9994125366211
2006-10-12,111.2088623046875
2006-10-13,113.55046844482422
2006-10-16,92.20005798339844
2006-10-17,91.83747100830078
2006-10-18,91.23316192626953
2006-10-19,89.0426025390625
2006-10-20,89.05772399902344
2006-10-23,89.07284545898438
2006-10-26,91.65616607666016
2006-10-27,94.45103454589844
2006-10-30,97.36674499511719
2006-10-31,101.41548919677734
2006-11-01,100.040771484375
2006-11-02,99.30047607421875
2006-11-03,102.51834869384766
2006-11-06,102.59391784667969
2006-11-07,101.70258331298828
2006-11-08,101.70258331298828
2006-11-09,101.70258331298828
2006-11-10,101.70258331298828
2006-11-13,101.70258331298828
2006-11-14,101.70258331298828
2006-11-15,101.70258331298828
2006-11-16,101.70258331298828
2006-11-17,101.70258331298828
2006-11-20,101.70258331298828
2006-11-21,101.70258331298828
2006-11-22,101.70258331298828
2006-11-23,101.70258331298828
2006-11-24,101.70258331298828
2006-11-27,118.69740295410156
2006-11-28,120.1890869140625
2006-11-29,114.06244659423828
2006-11-30,116.43315124511719
2006-12-01,115.66073608398438
2006-12-04,117.44541931152344
2006-12-05,120.69518280029297
2006-12-06,122.69302368164062
2006-12-07,120.90830993652344
2006-12-08,118.67076873779297
2006-12-11,114.22225189208984
2006-12-12,107.18990325927734
2006-12-13,109.34758758544922
2006-12-14,115.9537124633789
2006-12-15,111.8248519897461
2006-12-18,111.26548767089844
2006-12-19,109.29429626464844
2006-12-20,111.50524139404297
2006-12-21,109.8803482055664
2006-12-22,111.05235290527344
2006-12-26,108.65499877929688
2006-12-27,108.49515533447266
2006-12-28,107.21656799316406
2006-12-29,107.05673217773438
2007-01-02,113.18338012695312
2007-01-03,117.68513488769531
2007-01-04,119.84284210205078
2007-01-05,119.84284210205078
2007-01-08,118.85723876953125
2007-01-09,121.49434661865234
2007-01-10,119.92276000976562
2007-01-11,119.78956604003906
2007-01-12,118.53759765625
2007-01-15,119.31005096435547
2007-01-16,117.3122329711914
2007-01-17,114.46202087402344
2007-01-18,114.27552032470703
2007-01-19,112.54405975341797
2007-01-22,111.47859954833984
2007-01-23,110.12008666992188
2007-01-24,110.2532730102539
2007-01-25,114.51528930664062
2007-01-29,111.71832275390625
2007-01-31,111.4519271850586
2007-02-01,112.15460205078125
2007-02-02,111.04657745361328
2007-02-05,111.64115905761719
2007-02-06,110.01959228515625
2007-02-07,109.96553802490234
2007-02-08,114.69497680664062
2007-02-09,114.04637908935547
2007-02-12,111.88434600830078
2007-02-13,111.88434600830078
2007-02-14,110.85739135742188
2007-02-15,116.15432739257812
2007-02-19,115.5057601928711
2007-02-20,112.5870361328125
2007-02-21,113.20854949951172
2007-02-22,111.91142272949219
2007-02-23,112.28975677490234
2007-02-26,112.5870361328125
2007-02-27,112.37081146240234
2007-02-28,112.66808319091797
2007-03-01,110.8303451538086
2007-03-02,109.88448333740234
2007-03-05,107.61437225341797
2007-03-06,107.8846206665039
2007-03-07,106.29011535644531
2007-03-08,105.26317596435547
2007-03-09,105.7496109008789
2007-03-12,106.83065032958984
2007-03-13,107.58736419677734
2007-03-14,106.45231628417969
2007-03-15,107.64140319824219
2007-03-16,104.6686019897461
2007-03-19,103.37139129638672
2007-03-20,104.80374145507812
2007-03-21,104.29024505615234
2007-03-22,105.56044006347656
2007-03-23,106.83065032958984
2007-03-26,107.560302734375
2007-03-28,108.77648162841797
2007-03-29,109.04670715332031
2007-03-30,109.69530487060547
2007-04-02,108.72240447998047
2007-04-03,108.4521484375
2007-04-04,110.31693267822266
2007-04-05,112.77620697021484
2007-04-09,113.93827056884766
2007-04-10,112.50593566894531
2007-04-11,118.42445373535156
2007-04-12,123.42410278320312
2007-04-13,122.18095397949219
2007-04-16,124.1268310546875
2007-04-17,129.74801635742188
2007-04-18,129.55880737304688
2007-04-19,129.53179931640625
2007-04-20,130.42367553710938
2007-04-23,130.9371337890625
2007-04-24,132.18028259277344
2007-04-25,131.47763061523438
2007-04-26,131.1533660888672
2007-04-27,129.7209930419922
2007-04-30,133.5585479736328
2007-05-03,140.72021484375
2007-05-04,138.74740600585938
2007-05-07,138.4771728515625
2007-05-08,138.4231414794922
2007-05-09,138.90956115722656
2007-05-10,141.58505249023438
2007-05-11,140.9094696044922
2007-05-14,141.0175323486328
2007-05-15,140.3959197998047
2007-05-16,140.3959197998047
2007-05-17,139.31497192382812
2007-05-18,138.4501190185547
2007-05-21,136.26112365722656
2007-05-22,135.315185546875
2007-05-23,138.0988311767578
2007-05-24,141.96343994140625
2007-05-25,137.9636993408203
2007-05-28,142.1796112060547
2007-05-29,156.5840606689453
2007-05-30,154.25985717773438
2007-05-31,163.0160675048828
2007-06-01,157.90830993652344
2007-06-04,161.7729034423828
2007-06-05,159.74598693847656
2007-06-06,157.8271942138672
2007-06-07,159.17845153808594
2007-06-08,155.1246337890625
2007-06-11,157.20558166503906
2007-06-12,155.98948669433594
2007-06-13,157.1785888671875
2007-06-14,160.31349182128906
2007-06-15,161.42153930664062
2007-06-18,164.4753875732422
2007-06-19,167.6374053955078
2007-06-20,169.31292724609375
2007-06-21,174.96121215820312
2007-06-22,184.77133178710938
2007-06-25,188.01438903808594
2007-06-26,181.6905059814453
2007-06-27,183.47409057617188
2007-06-28,183.4470672607422
2007-06-29,192.63571166992188
2007-07-02,189.60882568359375
2007-07-03,188.0684051513672
2007-07-04,189.68984985351562
2007-07-05,184.85240173339844
2007-07-06,183.28500366210938
2007-07-09,182.25802612304688
2007-07-10,182.88796997070312
2007-07-11,180.72406005859375
2007-07-12,189.90003967285156
2007-07-13,190.22874450683594
2007-07-16,188.5031280517578
2007-07-17,184.44921875
2007-07-18,182.6688690185547
2007-07-19,184.86012268066406
2007-07-20,180.66929626464844
2007-07-23,184.96966552734375
2007-07-24,186.50363159179688
2007-07-25,183.02493286132812
2007-07-26,184.12057495117188
2007-07-27,180.94320678710938
2007-07-30,183.02493286132812
2007-07-31,186.9418487548828
2007-08-01,180.7788543701172
2007-08-02,184.23011779785156
2007-08-03,184.1753387451172
2007-08-06,184.53143310546875
2007-08-07,186.64053344726562
2007-08-08,190.72166442871094
2007-08-09,186.85963439941406
2007-08-10,184.77792358398438
2007-08-13,185.21620178222656
2007-08-14,182.28536987304688
2007-08-16,171.90431213378906
2007-08-17,163.00228881835938
2007-08-20,158.20892333984375
2007-08-21,152.23773193359375
2007-08-22,155.14114379882812
2007-08-23,156.31895446777344
2007-08-24,158.7567596435547
2007-08-27,164.1801300048828
2007-08-28,165.30316162109375
2007-08-29,167.7682647705078
2007-08-30,170.58949279785156
2007-08-31,174.23251342773438
2007-09-03,174.7803192138672
2007-09-04,175.43772888183594
2007-09-05,173.9038543701172
2007-09-06,176.61550903320312
2007-09-07,182.80575561523438
2007-09-10,183.02493286132812
2007-09-11,182.1210174560547
2007-09-12,181.90191650390625
2007-09-13,185.62704467773438
2007-09-14,179.24497985839844
2007-09-17,178.45068359375
2007-09-18,179.0532989501953
2007-09-19,185.10658264160156
2007-09-20,185.0792236328125
2007-09-21,184.284912109375
2007-09-24,186.3391571044922
2007-09-25,186.06527709960938
2007-09-26,187.29786682128906
2007-09-27,182.58668518066406
2007-09-28,184.31234741210938
2007-10-01,189.35223388671875
2007-10-03,207.40267944335938
2007-10-04,204.03363037109375
2007-10-05,197.59681701660156
2007-10-08,194.93994140625
2007-10-09,198.77459716796875
2007-10-10,198.4459686279297
2007-10-11,202.85577392578125
2007-10-12,209.64874267578125
2007-10-15,223.67279052734375
2007-10-16,229.15090942382812
2007-10-17,226.74058532714844
2007-10-18,221.4814910888672
2007-10-19,218.24935913085938
2007-10-22,219.26292419433594
2007-10-23,230.41090393066406
2007-10-24,248.4339141845703
2007-10-25,250.9488067626953
2007-10-26,270.70745849609375
2007-10-29,268.3584899902344
2007-10-30,275.5987243652344
2007-10-31,267.4741516113281
2007-11-01,257.1942138671875
2007-11-02,261.6986083984375
2007-11-05,260.26153564453125
2007-11-06,265.8161315917969
2007-11-07,265.48443603515625
2007-11-08,263.38427734375
2007-11-12,264.65545654296875
2007-11-13,278.61083984375
2007-11-14,284.99444580078125
2007-11-15,289.0014343261719
2007-11-16,285.2154541015625
2007-11-19,286.68011474609375
2007-11-20,287.8684387207031
2007-11-21,261.56036376953125
2007-11-22,246.4167022705078
2007-11-23,256.5032958984375
2007-11-26,264.2962646484375
2007-11-27,276.261962890625
2007-11-28,270.2929382324219
2007-11-29,261.7539367675781
2007-11-30,273.2774353027344
2007-12-03,280.020263671875
2007-12-04,276.4830322265625
2007-12-05,274.1064453125
2007-12-06,268.5796203613281
2007-12-07,270.21002197265625
2007-12-10,272.89056396484375
2007-12-11,274.54864501953125
2007-12-12,272.3378601074219
2007-12-13,292.7597351074219
2007-12-14,289.58172607421875
2007-12-17,280.2966003417969
2007-12-18,278.5556335449219
2007-12-19,274.1617431640625
2007-12-20,276.9251403808594
2007-12-24,283.1982116699219
2007-12-26,297.1812744140625
2007-12-27,307.544189453125
2007-12-28,310.58404541015625
2007-12-31,308.0693359375
2008-01-01,304.3662109375
2008-01-02,301.02239990234375
2008-01-03,296.3245544433594
2008-01-04,298.1208190917969
2008-01-07,292.34527587890625
2008-01-08,288.2276916503906
2008-01-09,286.2933349609375
2008-01-10,270.37591552734375
2008-01-11,272.3930969238281
2008-01-14,274.9907531738281
2008-01-15,276.86993408203125
2008-01-16,262.85919189453125
2008-01-17,261.0353088378906
2008-01-18,248.68272399902344
2008-01-21,204.43994140625
2008-01-22,179.45834350585938
2008-01-23,202.5332794189453
2008-01-24,180.01104736328125
2008-01-25,215.5490264892578
2008-01-28,225.7737274169922
2008-01-29,227.2383575439453
2008-01-30,221.65625
2008-01-31,221.49044799804688
2008-02-01,221.62857055664062
2008-02-04,231.41119384765625
2008-02-05,247.96449279785156
2008-02-06,242.61390686035156
2008-02-07,232.4701690673828
2008-02-08,228.62445068359375
2008-02-11,221.68544006347656
2008-02-12,207.9188995361328
2008-02-13,208.6156005859375
2008-02-14,212.51702880859375
2008-02-15,219.7347412109375
2008-02-18,236.9288787841797
2008-02-19,242.58602905273438
2008-02-20,235.1732940673828
2008-02-21,244.3137969970703
2008-02-22,238.12718200683594
2008-02-25,243.6728057861328
2008-02-26,236.78956604003906
2008-02-27,244.648193359375
2008-02-28,234.6995086669922
2008-02-29,230.93746948242188
2008-03-03,228.56871032714844
2008-03-04,222.96739196777344
2008-03-05,224.10992431640625
2008-03-07,228.65228271484375
2008-03-10,225.97703552246094
2008-03-11,225.1131134033203
2008-03-12,218.480712890625
2008-03-13,205.96826171875
2008-03-14,207.89114379882812
2008-03-17,194.73760986328125
2008-03-18,194.37535095214844
2008-03-19,191.53280639648438
2008-03-24,184.42660522460938
2008-03-25,193.09349060058594
2008-03-26,199.00137329101562
2008-03-27,188.077392578125
2008-03-28,202.1504364013672
2008-03-31,210.20404052734375
2008-04-01,210.8171844482422
2008-04-02,212.1269989013672
2008-04-03,209.6188201904297
2008-04-04,211.8482666015625
2008-04-07,212.26625061035156
2008-04-08,216.61351013183594
2008-04-09,216.19557189941406
2008-04-10,214.13331604003906
2008-04-11,218.7593994140625
2008-04-15,215.69390869140625
2008-04-16,219.5675506591797
2008-04-17,223.74765014648438
2008-04-21,235.31265258789062
2008-04-22,225.97703552246094
2008-04-23,234.25364685058594
2008-04-24,232.88812255859375
2008-04-25,236.4273223876953
2008-04-28,235.61920166015625
2008-04-29,249.8037109375
2008-04-30,246.01373291015625
2008-05-02,244.00729370117188
2008-05-05,251.6707305908203
2008-05-06,252.56260681152344
2008-05-07,255.32147216796875
2008-05-08,265.5490417480469
2008-05-09,256.3697509765625
2008-05-12,261.61102294921875
2008-05-13,264.0757141113281
2008-05-14,271.2718811035156
2008-05-15,278.0997619628906
2008-05-16,291.0755310058594
2008-05-20,288.4972839355469
2008-05-21,291.4154357910156
2008-05-22,290.25384521484375
2008-05-23,282.8594665527344
2008-05-26,268.325439453125
2008-05-27,275.3233642578125
2008-05-28,291.61376953125
2008-05-29,287.98736572265625
2008-05-30,286.62750244140625
2008-06-02,278.4964904785156
2008-06-03,275.2383117675781
2008-06-04,272.06524658203125
2008-06-05,264.7557067871094
2008-06-06,259.76953125
2008-06-09,259.6844787597656
2008-06-10,243.36557006835938
2008-06-11,249.0602264404297
2008-06-12,256.11474609375
2008-06-13,245.4337615966797
2008-06-16,245.91542053222656
2008-06-17,249.57015991210938
2008-06-18,255.09487915039062
2008-06-19,247.64364624023438
2008-06-20,236.1694793701172
2008-06-23,222.82542419433594
2008-06-24,228.91664123535156
2008-06-25,229.76663208007812
2008-06-26,241.4107666015625
2008-06-27,226.28187561035156
2008-06-30,210.5579376220703
2008-07-01,189.33795166015625
2008-07-02,198.54551696777344
2008-07-03,198.88555908203125
2008-07-04,203.3335418701172
2008-07-07,201.97369384765625
2008-07-08,207.1865234375
2008-07-09,218.7457275390625
2008-07-10,218.7174072265625
2008-07-11,212.34286499023438
2008-07-14,214.41104125976562
2008-07-15,207.49826049804688
2008-07-16,190.41444396972656
2008-07-17,194.18255615234375
2008-07-18,203.90016174316406
2008-07-21,213.0511932373047
2008-07-22,226.65023803710938
2008-07-23,247.19033813476562
2008-07-24,244.7254638671875
2008-07-25,235.85791015625
2008-07-28,249.08859252929688
2008-07-29,235.68788146972656
2008-07-30,242.03402709960938
2008-07-31,231.09820556640625
2008-08-01,238.37936401367188
2008-08-04,240.44749450683594
2008-08-05,238.97427368164062
2008-08-06,238.71932983398438
2008-08-07,235.63124084472656
2008-08-08,235.85791015625
2008-08-11,232.4297332763672
2008-08-12,223.73204040527344
2008-08-13,219.68075561523438
2008-08-14,217.75413513183594
2008-08-18,219.90736389160156
2008-08-19,218.1224822998047
2008-08-20,221.94723510742188
2008-08-21,218.32081604003906
2008-08-22,217.1025390625
2008-08-25,220.70062255859375
2008-08-26,220.98394775390625
2008-08-27,219.79396057128906
2008-08-28,217.0458221435547
2008-08-29,217.72579956054688
2008-09-01,212.9095001220703
2008-09-02,218.23577880859375
2008-09-04,206.25167846679688
2008-09-05,208.63150024414062
2008-09-08,205.2883758544922
2008-09-09,202.88023376464844
2008-09-10,192.2560272216797
2008-09-11,190.41444396972656
2008-09-12,190.61285400390625
2008-09-15,182.0567626953125
2008-09-16,177.268798828125
2008-09-17,173.67076110839844
2008-09-18,175.1156005859375
2008-09-19,182.76499938964844
2008-09-22,187.60971069335938
2008-09-23,180.6968231201172
2008-09-24,181.4901580810547
2008-09-25,172.53741455078125
2008-09-26,165.99295043945312
2008-09-29,161.7432403564453
2008-09-30,171.97084045410156
2008-10-01,178.77032470703125
2008-10-03,169.5909881591797
2008-10-06,149.81573486328125
2008-10-07,153.75384521484375
2008-10-08,145.6510772705078
2008-10-10,129.47389221191406
2008-10-13,127.74571990966797
2008-10-14,131.62710571289062
2008-10-15,123.63763427734375
2008-10-16,119.01968383789062
2008-10-17,113.89173889160156
2008-10-20,105.84565734863281
2008-10-21,110.91692352294922
2008-10-22,99.81108093261719
2008-10-23,96.09968566894531
2008-10-24,92.52996826171875
2008-10-27,86.24037170410156
2008-10-29,107.6021728515625
2008-10-31,126.37797546386719
2008-11-03,121.66966247558594
2008-11-04,121.0380630493164
2008-11-05,121.75586700439453
2008-11-06,115.35367584228516
2008-11-07,117.33462524414062
2008-11-10,125.83252716064453
2008-11-11,125.20094299316406
2008-11-12,116.12882232666016
2008-11-14,109.15248107910156
2008-11-17,99.0468521118164
2008-11-18,91.55370330810547
2008-11-19,93.07532501220703
2008-11-20,91.29532623291016
2008-11-21,93.2188491821289
2008-11-24,92.24274444580078
2008-11-25,88.82635498046875
2008-11-26,93.13272094726562
2008-11-27,93.13272094726562
2008-11-28,94.05142974853516
2008-12-01,91.92695617675781
2008-12-02,90.31922149658203
2008-12-03,90.08955383300781
2008-12-04,91.92695617675781
2008-12-05,88.13733673095703
2008-12-08,83.71610260009766
2008-12-10,95.97494506835938
2008-12-11,110.90371704101562
2008-12-12,112.94207763671875
2008-12-15,129.65084838867188
2008-12-16,127.03829956054688
2008-12-17,121.72714233398438
2008-12-18,120.7509994506836
2008-12-19,125.25839233398438
2008-12-22,121.9854965209961
2008-12-23,113.40145874023438
2008-12-24,108.00409698486328
2008-12-26,107.45862579345703
2008-12-29,112.19566345214844
2008-12-30,120.3777847290039
2008-12-31,116.81782531738281
2009-01-02,129.7657012939453
2009-01-05,139.78518676757812
2009-01-06,134.0433807373047
2009-01-07,126.0047836303711
2009-01-09,120.11939239501953
2009-01-12,113.02822875976562
2009-01-13,106.31026458740234
2009-01-14,110.24342346191406
2009-01-15,107.11412048339844
2009-01-16,102.40581512451172
2009-01-19,102.204833984375
2009-01-20,97.5252456665039
2009-01-21,93.79307556152344
2009-01-22,89.14214324951172
2009-01-23,86.6157455444336
2009-01-27,87.85023498535156
2009-01-28,95.22848510742188
2009-01-29,93.41981506347656
2009-01-30,98.21427917480469
2009-02-02,102.26226043701172
2009-02-03,102.66419982910156
2009-02-04,102.00389099121094
2009-02-05,108.95149993896484
2009-02-06,120.11939239501953
2009-02-09,124.19613647460938
2009-02-10,125.53213500976562
2009-02-11,123.76042175292969
2009-02-12,116.38304138183594
2009-02-13,115.56977844238281
2009-02-16,110.19644927978516
2009-02-17,103.05139923095703
2009-02-18,96.22583770751953
2009-02-19,97.35858917236328
2009-02-20,99.943603515625
2009-02-24,98.63658142089844
2009-02-25,97.47474670410156
2009-02-26,98.57846069335938
2009-02-27,97.38762664794922
2009-03-02,93.8441390991211
2009-03-03,91.66578674316406
2009-03-04,90.62015533447266
2009-03-05,91.11394500732422
2009-03-06,88.58702087402344
2009-03-09,85.0145034790039
2009-03-12,89.02271270751953
2009-03-13,94.91881561279297
2009-03-16,99.33366394042969
2009-03-17,95.64494323730469
2009-03-18,99.33366394042969
2009-03-19,98.985107421875
2009-03-20,98.1137466430664
2009-03-23,103.5161361694336
2009-03-24,100.20499420166016
2009-03-25,99.27554321289062
2009-03-26,98.78178405761719
2009-03-27,106.88533782958984
2009-03-30,105.2588119506836
2009-03-31,110.2254638671875
2009-04-01,109.93505096435547
2009-04-02,114.98885345458984
2009-04-06,109.44127655029297
2009-04-08,111.15495300292969
2009-04-09,117.08013916015625
2009-04-13,123.64424896240234
2009-04-15,127.33292388916016
2009-04-16,115.39549255371094
2009-04-17,117.89338684082031
2009-04-20,114.95979309082031
2009-04-21,118.44518280029297
2009-04-22,119.69413757324219
2009-04-23,121.0882797241211
2009-04-24,121.90152740478516
2009-04-27,125.38691711425781
2009-04-28,119.75225830078125
2009-04-29,119.11324310302734
2009-04-30,119.28752899169922
2009-05-04,129.68565368652344
2009-05-05,138.86383056640625
2009-05-06,133.46145629882812
2009-05-07,139.7642364501953
2009-05-08,138.6023712158203
2009-05-11,132.44483947753906
2009-05-12,134.85557556152344
2009-05-13,136.06202697753906
2009-05-14,144.0068359375
2009-05-15,142.47671508789062
2009-05-18,158.6605682373047
2009-05-19,144.9190216064453
2009-05-20,154.92359924316406
2009-05-21,150.0389862060547
2009-05-22,151.36314392089844
2009-05-25,154.2761993408203
2009-05-26,144.9190216064453
2009-05-27,154.7175750732422
2009-05-28,164.54562377929688
2009-05-29,166.63475036621094
2009-06-01,172.99066162109375
2009-06-02,168.78282165527344
2009-06-03,181.20022583007812
2009-06-04,176.757080078125
2009-06-05,179.4936065673828
2009-06-08,164.33966064453125
2009-06-09,160.80862426757812
2009-06-10,162.4858856201172
2009-06-11,158.7488555908203
2009-06-12,156.45372009277344
2009-06-15,156.39479064941406
2009-06-16,155.924072265625
2009-06-17,144.9190216064453
2009-06-18,139.35765075683594
2009-06-19,140.71121215820312
2009-06-22,142.80035400390625
2009-06-23,138.76918029785156
2009-06-24,140.475830078125
2009-06-25,141.6234130859375
2009-06-26,142.7121124267578
2009-06-29,152.15760803222656
2009-06-30,147.6849822998047
2009-07-01,151.0394287109375
2009-07-02,149.71530151367188
2009-07-03,151.0394287109375
2009-07-06,138.5631561279297
2009-07-07,138.94570922851562
2009-07-08,133.4137725830078
2009-07-09,130.17701721191406
2009-07-10,133.9140167236328
2009-07-13,126.38117218017578
2009-07-14,132.50157165527344
2009-07-15,145.86062622070312
2009-07-16,145.18385314941406
2009-07-17,147.1259002685547
2009-07-20,146.53741455078125
2009-07-21,142.38844299316406
2009-07-22,140.4464111328125
2009-07-23,143.5654296875
2009-07-24,149.95068359375
2009-07-27,150.0978240966797
2009-07-28,152.83436584472656
2009-07-29,148.30291748046875
2009-07-30,148.39112854003906
2009-07-31,151.8339080810547
2009-08-03,153.5405731201172
2009-08-04,161.1616973876953
2009-08-05,162.54470825195312
2009-08-06,160.072998046875
2009-08-07,153.45233154296875
2009-08-10,146.18429565429688
2009-08-11,149.18563842773438
2009-08-12,150.892333984375
2009-08-13,154.4527587890625
2009-08-14,152.6283721923828
2009-08-17,145.8900146484375
2009-08-18,152.01046752929688
2009-08-19,149.59762573242188
2009-08-20,152.77552795410156
2009-08-21,149.4799346923828
2009-08-24,154.5115966796875
2009-08-25,152.86378479003906
2009-08-26,163.42742919921875
2009-08-27,171.46054077148438
2009-08-28,173.4908447265625
2009-08-31,166.8407745361328
2009-09-01,158.98423767089844
2009-09-02,156.42425537109375
2009-09-03,156.7479248046875
2009-09-04,160.6320343017578
2009-09-07,158.92539978027344
2009-09-08,158.01321411132812
2009-09-09,155.5120849609375
2009-09-10,154.5115966796875
2009-09-11,160.36721801757812
2009-09-14,155.54151916503906
2009-09-15,159.2785186767578
2009-09-16,159.74932861328125
2009-09-17,158.48397827148438
2009-09-18,167.48812866210938
2009-09-22,165.66375732421875
2009-09-23,159.30789184570312
2009-09-24,156.9833221435547
2009-09-25,157.718994140625
2009-09-29,160.072998046875
2009-09-30,161.98562622070312
2009-10-01,161.22056579589844
2009-10-05,154.12908935546875
2009-10-06,154.15850830078125
2009-10-07,154.21737670898438
2009-10-08,163.63340759277344
2009-10-09,163.6922149658203
2009-10-12,163.54513549804688
2009-10-13,163.92767333984375
2009-10-14,167.31153869628906
2009-10-15,168.0177764892578
2009-10-16,173.2260284423828
2009-10-20,176.874755859375
2009-10-21,177.52215576171875
2009-10-22,172.99066162109375
2009-10-23,170.75428771972656
2009-10-26,166.22286987304688
2009-10-27,153.45233154296875
2009-10-28,150.36265563964844
2009-10-29,147.5966796875
2009-10-30,141.59397888183594
2009-11-03,136.7976531982422
2009-11-04,143.0652313232422
2009-11-05,146.59625244140625
2009-11-06,147.44955444335938
2009-11-09,150.39210510253906
2009-11-10,145.27207946777344
2009-11-11,153.74655151367188
2009-11-12,151.45138549804688
2009-11-13,153.09921264648438
2009-11-16,157.07162475585938
2009-11-17,159.2785186767578
2009-11-18,166.8113555908203
2009-11-19,163.57455444335938
2009-11-20,170.1658172607422
2009-11-23,164.2513427734375
2009-11-24,165.19296264648438
2009-11-25,170.46009826660156
2009-11-26,163.51571655273438
2009-11-27,157.98382568359375
2009-11-30,159.89645385742188
2009-12-01,166.6054229736328
2009-12-02,162.1621551513672
2009-12-03,164.5749969482422
2009-12-04,164.5161590576172
2009-12-07,161.4853515625
2009-12-08,161.6913604736328
2009-12-09,160.36721801757812
2009-12-10,163.2214813232422
2009-12-11,160.16122436523438
2009-12-14,157.9249725341797
2009-12-15,157.7483673095703
2009-12-16,157.98382568359375
2009-12-17,159.3667755126953
2009-12-18,158.30743408203125
2009-12-21,157.89547729492188
2009-12-22,159.77871704101562
2009-12-23,162.0444793701172
2009-12-24,165.9285888671875
2009-12-29,165.2223663330078
2009-12-30,165.51663208007812
2009-12-31,165.2223663330078
2010-01-04,168.19430541992188
2010-01-05,169.60670471191406
2010-01-06,172.6081085205078
2010-01-07,176.72763061523438
2010-01-08,177.90463256835938
2010-01-11,189.6453399658203
2010-01-12,184.1427459716797
2010-01-13,184.49588012695312
2010-01-14,182.4655303955078
2010-01-15,187.32066345214844
2010-01-18,190.38092041015625
2010-01-19,185.2609100341797
2010-01-20,187.70323181152344
2010-01-21,181.84765625
2010-01-22,181.05313110351562
2010-01-25,175.7566375732422
2010-01-27,166.75250244140625
2010-01-28,165.9580078125
2010-01-29,167.95889282226562
2010-02-01,167.135009765625
2010-02-02,164.63389587402344
2010-02-03,163.80995178222656
2010-02-04,158.7488555908203
2010-02-05,153.805419921875
2010-02-08,157.48358154296875
2010-02-09,159.83755493164062
2010-02-10,158.10147094726562
2010-02-11,158.92539978027344
2010-02-15,157.36585998535156
2010-02-16,157.66009521484375
2010-02-17,162.80955505371094
2010-02-18,164.5749969482422
2010-02-19,162.25045776367188
2010-02-22,158.04266357421875
2010-02-23,157.7483673095703
2010-02-24,155.83575439453125
2010-02-25,154.8941650390625
2010-02-26,154.83531188964844
2010-03-02,160.89688110351562
2010-03-03,165.81089782714844
2010-03-04,168.87110900878906
2010-03-05,172.40213012695312
2010-03-08,170.54837036132812
2010-03-09,170.46009826660156
2010-03-10,170.98965454101562
2010-03-11,168.87110900878906
2010-03-12,168.90054321289062
2010-03-15,169.01824951171875
2010-03-16,170.69546508789062
2010-03-17,170.25405883789062
2010-03-18,170.66604614257812
2010-03-19,170.4306182861328
2010-03-22,166.54649353027344
2010-03-23,168.63568115234375
2010-03-25,170.19529724121094
2010-03-26,174.57960510253906
2010-03-29,174.6383819580078
2010-03-30,174.19705200195312
2010-03-31,173.13780212402344
2010-04-01,173.5791473388672
2010-04-05,177.05126953125
2010-04-06,186.7616729736328
2010-04-07,187.37950134277344
2010-04-08,181.81822204589844
2010-04-09,183.78964233398438
2010-04-12,184.43699645996094
2010-04-13,181.61219787597656
2010-04-15,183.05401611328125
2010-04-16,190.76345825195312
2010-04-19,185.58462524414062
2010-04-20,196.44248962402344
2010-04-21,195.88345336914062
2010-04-22,194.76522827148438
2010-04-23,194.76522827148438
2010-04-26,195.53038024902344
2010-04-27,197.11923217773438
2010-04-28,195.3242950439453
2010-04-29,197.85496520996094
2010-04-30,194.47105407714844
2010-05-03,191.29312133789062
2010-05-04,187.26182556152344
2010-05-05,184.43699645996094
2010-05-06,180.99424743652344
2010-05-07,168.75340270996094
2010-05-10,177.08071899414062
2010-05-11,173.19656372070312
2010-05-12,175.93319702148438
2010-05-13,183.9368438720703
2010-05-14,181.20022583007812
2010-05-17,177.551513671875
2010-05-18,176.58045959472656
2010-05-19,165.13412475585938
2010-05-20,166.3699951171875
2010-05-21,161.83848571777344
2010-05-24,168.37088012695312
2010-05-25,167.0172882080078
2010-05-26,167.1939239501953
2010-05-27,170.57774353027344
2010-05-28,174.66787719726562
2010-05-31,176.02146911621094
2010-06-01,170.46009826660156
2010-06-02,173.7262420654297
2010-06-03,178.3754425048828
2010-06-04,178.55201721191406
2010-06-07,173.16717529296875
2010-06-08,172.1961212158203
2010-06-09,172.54928588867188
2010-06-10,172.90234375
2010-06-11,174.4618682861328
2010-06-14,174.02053833007812
2010-06-15,171.48995971679688
2010-06-16,172.75518798828125
2010-06-17,172.9317626953125
2010-06-18,175.63893127441406
2010-06-21,180.99424743652344
2010-06-22,179.05221557617188
2010-06-23,178.75794982910156
2010-06-24,175.90371704101562
2010-06-25,174.0499267578125
2010-06-28,175.25636291503906
2010-06-29,172.66697692871094
2010-06-30,172.31381225585938
2010-07-01,170.98965454101562
2010-07-02,170.8131561279297
2010-07-05,172.0489959716797
2010-07-06,174.66787719726562
2010-07-07,174.66787719726562
2010-07-08,176.2863006591797
2010-07-09,176.72763061523438
2010-07-12,175.63893127441406
2010-07-13,175.99200439453125
2010-07-14,172.43153381347656
2010-07-15,172.16673278808594
2010-07-16,171.87242126464844
2010-07-19,170.8131561279297
2010-07-20,172.50767517089844
2010-07-21,173.14317321777344
2010-07-22,170.0566864013672
2010-07-23,171.81175231933594
2010-07-26,171.23680114746094
2010-07-27,171.47891235351562
2010-07-28,170.90394592285156
2010-07-29,172.32611083984375
2010-07-30,174.44427490234375
2010-08-02,179.52783203125
2010-08-03,183.61280822753906
2010-08-04,184.27845764160156
2010-08-05,190.7842254638672
2010-08-06,186.09410095214844
2010-08-09,188.1516876220703
2010-08-10,189.72512817382812
2010-08-11,185.307373046875
2010-08-12,188.1214141845703
2010-08-13,185.9125518798828
2010-08-16,183.4615020751953
2010-08-17,182.06961059570312
2010-08-18,185.9427490234375
2010-08-19,184.82318115234375
2010-08-20,184.70216369628906
2010-08-23,185.3981170654297
2010-08-24,183.098388671875
2010-08-25,182.039306640625
2010-08-26,181.82752990722656
2010-08-27,181.76698303222656
2010-08-30,180.3448028564453
2010-08-31,179.8606719970703
2010-09-01,184.36927795410156
2010-09-02,186.82029724121094
2010-09-03,185.33753967285156
2010-09-06,191.11708068847656
2010-09-07,191.1776123046875
2010-09-08,191.96435546875
2010-09-09,190.23959350585938
2010-09-13,188.1214141845703
2010-09-14,185.73095703125
2010-09-15,185.12576293945312
2010-09-16,182.09982299804688
2010-09-17,183.00755310058594
2010-09-20,189.54359436035156
2010-09-21,188.45423889160156
2010-09-22,185.9730224609375
2010-09-23,184.85342407226562
2010-09-24,186.27560424804688
2010-09-27,188.9989013671875
2010-09-28,194.77845764160156
2010-09-29,190.6027069091797
2010-09-30,190.0579833984375
2010-10-01,193.6890869140625
2010-10-04,197.62278747558594
2010-10-05,196.07955932617188
2010-10-06,202.55503845214844
2010-10-07,195.71646118164062
2010-10-08,195.41395568847656
2010-10-11,198.5911407470703
2010-10-12,201.3749542236328
2010-10-13,199.4988555908203
2010-10-14,198.77268981933594
2010-10-15,192.20640563964844
2010-10-18,191.1776123046875
2010-10-19,192.23667907714844
2010-10-20,193.74966430664062
2010-10-21,194.80873107910156
2010-10-22,197.86492919921875
2010-10-25,203.16021728515625
2010-10-26,199.9527587890625
2010-10-27,199.77122497558594
2010-10-28,197.62278747558594
2010-10-29,192.1761474609375
2010-11-01,198.25827026367188
2010-11-02,221.47300720214844
2010-11-03,215.50880432128906
2010-11-04,225.32687377929688
2010-11-08,223.09410095214844
2010-11-09,223.43052673339844
2010-11-10,238.08116149902344
2010-11-11,229.88409423828125
2010-11-12,228.96652221679688
2010-11-15,229.7312469482422
2010-11-16,224.40921020507812
2010-11-18,231.8111114501953
2010-11-19,224.89862060546875
2010-11-22,225.23504638671875
2010-11-23,226.15267944335938
2010-11-24,227.92666625976562
2010-11-25,229.2113037109375
2010-11-26,227.4984130859375
2010-11-29,230.4040985107422
2010-11-30,226.3667755126953
2010-12-01,225.81626892089844
2010-12-02,225.08212280273438
2010-12-03,223.73634338378906
2010-12-06,221.25888061523438
2010-12-07,221.16714477539062
2010-12-08,217.61929321289062
2010-12-09,199.87930297851562
2010-12-10,209.23863220214844
2010-12-13,209.02452087402344
2010-12-14,210.5844268798828
2010-12-15,205.8435821533203
2010-12-16,205.66004943847656
2010-12-20,201.6839141845703
2010-12-21,205.14015197753906
2010-12-22,206.1494598388672
2010-12-23,202.7544403076172
2010-12-24,201.89796447753906
2010-12-27,201.9591522216797
2010-12-28,201.98968505859375
2010-12-29,201.1333465576172
2010-12-30,207.55638122558594
2010-12-31,210.5844268798828
2011-01-03,210.82911682128906
2011-01-04,213.58184814453125
2011-01-05,208.65745544433594
2011-01-06,204.742431640625
2011-01-07,196.2090301513672
2011-01-10,194.0679473876953
2011-01-11,195.23020935058594
2011-01-12,198.9923095703125
2011-01-13,202.72378540039062
2011-01-14,195.0467529296875
2011-01-17,191.8963623046875
2011-01-18,191.28465270996094
2011-01-19,191.9881591796875
2011-01-20,194.31260681152344
2011-01-21,195.9949188232422
2011-01-24,201.867431640625
2011-01-25,200.85801696777344
2011-01-27,199.60401916503906
2011-01-28,191.34585571289062
2011-01-31,187.6754913330078
2011-02-01,180.05958557128906
2011-02-02,179.50904846191406
2011-02-03,181.89483642578125
2011-02-04,179.72320556640625
2011-02-07,177.30691528320312
2011-02-08,172.5966339111328
2011-02-09,170.7002410888672
2011-02-10,170.6697540283203
2011-02-11,169.9662628173828
2011-02-14,177.551513671875
2011-02-15,173.69775390625
2011-02-16,172.35194396972656
2011-02-17,173.66712951660156
2011-02-18,168.74276733398438
2011-02-21,166.0512237548828
2011-02-22,157.91534423828125
2011-02-23,154.21449279785156
2011-02-24,149.9630126953125
2011-02-25,150.69712829589844
2011-02-28,156.04959106445312
2011-03-01,161.37156677246094
2011-03-03,163.0537567138672
2011-03-04,163.20672607421875
2011-03-07,159.7811279296875
2011-03-08,159.81170654296875
2011-03-09,161.64682006835938
2011-03-10,162.41151428222656
2011-03-11,162.7479248046875
2011-03-14,162.3502960205078
2011-03-15,158.6799774169922
2011-03-16,158.16004943847656
2011-03-17,158.61878967285156
2011-03-18,157.05894470214844
2011-03-21,154.21449279785156
2011-03-22,154.82618713378906
2011-03-23,157.7012481689453
2011-03-24,156.08016967773438
2011-03-25,159.19993591308594
2011-03-28,160.3010711669922
2011-03-29,160.51515197753906
2011-03-30,162.56443786621094
2011-03-31,160.97393798828125
2011-04-01,165.83714294433594
2011-04-04,170.6697540283203
2011-04-05,174.4929656982422
2011-04-06,174.64585876464844
2011-04-07,178.3773956298828
2011-04-08,174.0035858154297
2011-04-11,169.38514709472656
2011-04-13,172.01548767089844
2011-04-15,170.42498779296875
2011-04-18,172.71896362304688
2011-04-19,171.6790771484375
2011-04-20,171.15904235839844
2011-04-21,177.39862060546875
2011-04-25,177.42919921875
2011-04-26,177.5821075439453
2011-04-27,176.6951904296875
2011-04-28,175.930419921875
2011-04-29,174.30941772460938
2011-05-02,172.84129333496094
2011-05-03,174.584716796875
2011-05-04,172.6884002685547
2011-05-05,175.5328826904297
2011-05-06,174.15650939941406
2011-05-09,165.95944213867188
2011-05-10,167.70289611816406
2011-05-11,172.56607055664062
2011-05-12,172.07666015625
2011-05-13,174.0341796875
2011-05-16,176.32809448242188
2011-05-17,175.65521240234375
2011-05-18,174.33999633789062
2011-05-19,171.31199645996094
2011-05-20,172.13783264160156
2011-05-23,169.20159912109375
2011-05-24,171.3425750732422
2011-05-25,169.50743103027344
2011-05-26,166.938232421875
2011-05-27,170.91441345214844
2011-05-30,174.1259307861328
2011-05-31,177.21514892578125
2011-06-01,176.81744384765625
2011-06-02,179.4479217529297
2011-06-03,181.5277557373047
2011-06-06,179.4479217529297
2011-06-07,179.0502471923828
2011-06-08,179.41726684570312
2011-06-09,176.51158142089844
2011-06-10,174.85997009277344
2011-06-13,174.2788543701172
2011-06-14,174.9517822265625
2011-06-15,174.2788543701172
2011-06-16,174.40118408203125
2011-06-17,170.5779571533203
2011-06-20,163.8184356689453
2011-06-21,160.0258026123047
2011-06-22,161.98330688476562
2011-06-23,162.0750732421875
2011-06-24,167.947509765625
2011-06-27,171.06732177734375
2011-06-28,171.55673217773438
2011-06-29,173.4530487060547
2011-06-30,175.930419921875
2011-07-01,175.5940399169922
2011-07-04,178.8361358642578
2011-07-05,175.41053771972656
2011-07-06,173.5142364501953
2011-07-07,171.28146362304688
2011-07-08,168.10044860839844
2011-07-11,166.29592895507812
2011-07-12,163.2678680419922
2011-07-13,166.29592895507812
2011-07-14,166.3571319580078
2011-07-15,171.2508544921875
2011-07-18,168.3451690673828
2011-07-19,169.4462890625
2011-07-20,168.5592498779297
2011-07-21,168.19223022460938
2011-07-22,172.16844177246094
2011-07-25,172.50486755371094
2011-07-26,169.9662628173828
2011-07-27,173.1062774658203
2011-07-28,168.90919494628906
2011-07-29,168.69158935546875
2011-08-01,169.40660095214844
2011-08-02,166.4841766357422
2011-08-03,162.69126892089844
2011-08-04,164.9608154296875
2011-08-05,157.748046875
2011-08-08,158.46310424804688
2011-08-09,153.48883056640625
2011-08-10,147.17764282226562
2011-08-11,147.9548797607422
2011-08-12,148.11032104492188
2011-08-16,149.57151794433594
2011-08-17,149.1673583984375
2011-08-18,140.36907958984375
2011-08-19,139.3119659423828
2011-08-22,142.04786682128906
2011-08-23,145.03248596191406
2011-08-24,146.15167236328125
2011-08-25,141.05308532714844
2011-08-26,136.85592651367188
2011-08-29,140.77316284179688
2011-08-30,148.26577758789062
2011-09-02,149.94459533691406
2011-09-05,151.43687438964844
2011-09-06,149.2295379638672
2011-09-07,152.33848571777344
2011-09-08,152.5561065673828
2011-09-09,152.15194702148438
2011-09-12,151.53012084960938
2011-09-13,151.87216186523438
2011-09-14,152.74264526367188
2011-09-15,152.36956787109375
2011-09-16,157.18846130371094
2011-09-19,157.81024169921875
2011-09-20,157.81024169921875
2011-09-21,162.84674072265625
2011-09-22,158.0279083251953
2011-09-23,155.85157775878906
2011-09-26,155.13658142089844
2011-09-27,154.85671997070312
2011-09-28,150.5352783203125
2011-09-29,153.14683532714844
2011-09-30,155.75833129882812
2011-10-03,146.0583953857422
2011-10-04,142.73184204101562
2011-10-05,143.13595581054688
2011-10-07,148.8564910888672
2011-10-10,149.78915405273438
2011-10-11,150.34878540039062
2011-10-12,151.90322875976562
2011-10-13,152.58721923828125
2011-10-14,153.3955078125
2011-10-17,150.19329833984375
2011-10-18,145.25009155273438
2011-10-19,150.4420166015625
2011-10-20,146.33824157714844
2011-10-21,145.15684509277344
2011-10-24,143.60235595703125
2011-10-25,144.3485107421875
2011-10-28,147.51963806152344
2011-10-31,145.59207153320312
2011-11-01,144.13084411621094
2011-11-02,144.5039520263672
2011-11-03,141.5193328857422
2011-11-04,143.8199920654297
2011-11-08,143.26039123535156
2011-11-09,143.0738067626953
2011-11-11,142.91836547851562
2011-11-14,139.77833557128906
2011-11-15,137.66427612304688
2011-11-16,137.291259765625
2011-11-17,134.64857482910156
2011-11-18,127.156005859375
2011-11-21,125.6637191772461
2011-11-22,128.71046447753906
2011-11-23,128.46176147460938
2011-11-24,133.9956817626953
2011-11-25,131.25975036621094
2011-11-28,133.684814453125
2011-11-29,134.6174774169922
2011-11-30,134.92837524414062
2011-12-01,138.6902313232422
2011-12-02,140.12034606933594
2011-12-05,141.23956298828125
2011-12-07,138.22386169433594
2011-12-08,133.3739013671875
2011-12-09,134.67962646484375
2011-12-12,135.30142211914062
2011-12-13,138.37930297851562
2011-12-14,139.68505859375
2011-12-15,138.2549591064453
2011-12-16,129.7364501953125
2011-12-19,123.73614501953125
2011-12-20,121.87078094482422
2011-12-21,123.39421844482422
2011-12-22,124.29576873779297
2011-12-23,123.48744201660156
2011-12-26,122.77236938476562
2011-12-27,119.7256088256836
2011-12-28,117.14519500732422
2011-12-29,115.96379089355469
2011-12-30,117.82914733886719
2012-01-02,122.1506118774414
2012-01-03,131.07327270507812
2012-01-04,130.8556671142578
2012-01-05,128.21304321289062
2012-01-06,129.11465454101562
2012-01-09,130.1716766357422
2012-01-10,134.7418212890625
2012-01-11,138.16171264648438
2012-01-12,141.08412170410156
2012-01-13,140.1824951171875
2012-01-16,141.861328125
2012-01-17,141.67481994628906
2012-01-18,140.0892333984375
2012-01-19,139.93382263183594
2012-01-20,140.24468994140625
2012-01-23,137.1357421875
2012-01-24,142.60748291015625
2012-01-25,154.63909912109375
2012-01-27,145.12571716308594
2012-01-30,145.99624633789062
2012-01-31,144.65940856933594
2012-02-01,144.90805053710938
2012-02-02,149.0430145263672
2012-02-03,152.68045043945312
2012-02-06,152.33848571777344
2012-02-07,153.30224609375
2012-02-08,156.8153533935547
2012-02-09,157.748046875
2012-02-10,156.5977783203125
2012-02-13,159.45799255371094
2012-02-14,160.39071655273438
2012-02-15,163.37522888183594
2012-02-16,167.75889587402344
2012-02-17,168.72267150878906
2012-02-21,164.68104553222656
2012-02-22,156.44227600097656
2012-02-23,152.70018005371094
2012-02-24,148.92672729492188
2012-02-27,143.14073181152344
2012-02-28,146.25387573242188
2012-02-29,151.7882537841797
2012-03-01,147.7632293701172
2012-03-02,148.89523315429688
2012-03-05,147.4487762451172
2012-03-06,147.9204864501953
2012-03-07,148.20347595214844
2012-03-09,154.1781463623047
2012-03-12,161.2220001220703
2012-03-13,163.2030792236328
2012-03-14,164.27224731445312
2012-03-15,155.40455627441406
2012-03-16,151.94552612304688
2012-03-19,149.58712768554688
2012-03-20,149.49273681640625
2012-03-21,153.10903930664062
2012-03-22,153.51780700683594
2012-03-23,158.3918914794922
2012-03-26,151.7882537841797
2012-03-27,151.3480224609375
2012-03-28,153.20333862304688
2012-03-29,150.27890014648438
2012-03-30,153.73793029785156
2012-04-02,157.95166015625
2012-04-03,160.71885681152344
2012-04-04,158.6119842529297
2012-04-09,153.32916259765625
2012-04-10,154.3982696533203
2012-04-11,151.3480224609375
2012-04-12,152.54298400878906
2012-04-13,155.3416290283203
2012-04-16,151.56814575195312
2012-04-17,153.42347717285156
2012-04-18,155.37303161621094
2012-04-19,165.2156219482422
2012-04-20,161.34774780273438
2012-04-23,158.45477294921875
2012-04-24,159.8069305419922
2012-04-25,161.12767028808594
2012-04-26,162.69993591308594
2012-04-27,161.5364532470703
2012-04-30,159.68118286132812
2012-05-02,158.9578857421875
2012-05-03,159.27235412597656
2012-05-04,156.5365447998047
2012-05-07,157.8258514404297
2012-05-08,153.89512634277344
2012-05-09,153.32916259765625
2012-05-10,152.03985595703125
2012-05-11,152.22853088378906
2012-05-14,152.51150512695312
2012-05-15,151.1907958984375
2012-05-16,151.2537078857422
2012-05-17,150.970703125
2012-05-18,154.83853149414062
2012-05-21,156.66238403320312
2012-05-22,153.0775604248047
2012-05-23,151.7253875732422
2012-05-24,152.6058807373047
2012-05-25,153.23480224609375
2012-05-28,158.7692108154297
2012-05-29,155.3416290283203
2012-05-30,154.49261474609375
2012-05-31,155.02719116210938
2012-06-01,150.93923950195312
2012-06-04,146.5997772216797
2012-06-05,147.9204864501953
2012-06-06,150.84487915039062
2012-06-07,155.6560821533203
2012-06-08,158.9578857421875
2012-06-11,163.23451232910156
2012-06-12,163.14013671875
2012-06-13,162.54270935058594
2012-06-14,159.8069305419922
2012-06-15,161.44212341308594
2012-06-18,158.2032012939453
2012-06-19,155.9391326904297
2012-06-20,155.12152099609375
2012-06-21,157.73153686523438
2012-06-22,158.29757690429688
2012-06-25,157.5114288330078
2012-06-26,155.12152099609375
2012-06-27,154.52410888671875
2012-06-28,152.7630615234375
2012-06-29,156.5051727294922
2012-07-02,158.89501953125
2012-07-03,158.10890197753906
2012-07-04,161.91383361816406
2012-07-05,161.5364532470703
2012-07-06,161.25344848632812
2012-07-09,159.36671447753906
2012-07-10,161.19052124023438
2012-07-11,166.25328063964844
2012-07-12,164.99546813964844
2012-07-13,164.39804077148438
2012-07-16,163.5803680419922
2012-07-17,163.45465087890625
2012-07-18,163.76904296875
2012-07-19,163.76904296875
2012-07-20,162.4798126220703
2012-07-23,161.81944274902344
2012-07-24,163.14013671875
2012-07-25,164.17787170410156
2012-07-26,160.81321716308594
2012-07-27,166.6935272216797
2012-07-30,163.6980743408203
2012-07-31,165.80123901367188
2012-08-01,163.79371643066406
2012-08-02,164.78152465820312
2012-08-03,163.6343536376953
2012-08-06,165.89691162109375
2012-08-07,166.8847198486328
2012-08-08,165.9925079345703
2012-08-09,168.1275177001953
2012-08-10,167.10781860351562
2012-08-13,167.61764526367188
2012-08-14,166.1199493408203
2012-08-16,165.32327270507812
2012-08-17,165.5145263671875
2012-08-21,166.1199493408203
2012-08-22,166.0880584716797
2012-08-23,165.41885375976562
2012-08-24,163.47503662109375
2012-08-27,164.59036254882812
2012-08-28,163.5706329345703
2012-08-29,163.9530487060547
2012-08-30,162.61460876464844
2012-08-31,160.41586303710938
2012-09-03,158.5675506591797
2012-09-04,156.55999755859375
2012-09-05,157.5797119140625
2012-09-06,158.089599609375
2012-09-07,158.12144470214844
2012-09-10,158.4719696044922
2012-09-11,158.5038604736328
2012-09-12,160.54330444335938
2012-09-13,156.81492614746094
2012-09-14,158.7906494140625
2012-09-17,161.02134704589844
2012-09-18,163.12449645996094
2012-09-20,160.766357421875
2012-09-21,161.81797790527344
2012-09-24,159.8422393798828
2012-09-25,160.03346252441406
2012-09-26,155.76333618164062
2012-09-27,155.15786743164062
2012-09-28,157.54783630371094
2012-10-01,159.04559326171875
2012-10-03,160.67076110839844
2012-10-04,160.3520965576172
2012-10-05,161.02134704589844
2012-10-08,160.67076110839844
2012-10-09,161.27627563476562
2012-10-10,161.88168334960938
2012-10-11,160.03346252441406
2012-10-12,160.09715270996094
2012-10-15,161.5311279296875
2012-10-16,161.81797790527344
2012-10-17,163.72994995117188
2012-10-18,159.87413024902344
2012-10-19,162.48715209960938
2012-10-22,161.65859985351562
2012-10-23,161.88168334960938
2012-10-25,163.72994995117188
2012-10-29,163.98487854003906
2012-10-30,163.82554626464844
2012-10-31,163.82554626464844
2012-11-01,163.18826293945312
2012-11-02,162.7421112060547
2012-11-05,163.72994995117188
2012-11-06,162.48715209960938
2012-11-07,163.34751892089844
2012-11-08,164.4310302734375
2012-11-09,163.25196838378906
2012-11-12,162.55087280273438
2012-11-15,163.12449645996094
2012-11-16,163.72994995117188
2012-11-19,163.22010803222656
2012-11-20,162.99700927734375
2012-11-21,162.455322265625
2012-11-22,159.5554656982422
2012-11-23,161.46743774414062
2012-11-26,162.04104614257812
2012-11-27,161.84983825683594
2012-11-29,161.46743774414062
2012-11-30,161.65859985351562
2012-12-03,163.09262084960938
2012-12-04,164.33543395996094
2012-12-05,164.30352783203125
2012-12-06,164.4947509765625
2012-12-07,164.7178192138672
2012-12-10,164.74966430664062
2012-12-11,164.8771209716797
2012-12-12,164.4310302734375
2012-12-13,163.85743713378906
2012-12-14,164.462890625
2012-12-17,165.06834411621094
2012-12-18,166.75726318359375
2012-12-19,174.97877502441406
2012-12-20,177.91050720214844
2012-12-21,174.40524291992188
2012-12-24,170.83616638183594
2012-12-26,170.7406005859375
2012-12-27,168.0956573486328
2012-12-28,170.5812530517578
2012-12-31,168.54180908203125
2013-01-01,169.84832763671875
2013-01-02,170.9317626953125
2013-01-03,173.28985595703125
2013-01-04,178.22921752929688
2013-01-07,177.4644012451172
2013-01-08,174.0228271484375
2013-01-09,173.990966796875
2013-01-10,168.22312927246094
2013-01-11,163.92117309570312
2013-01-14,162.07284545898438
2013-01-15,168.98789978027344
2013-01-16,166.15184020996094
2013-01-17,164.5585174560547
2013-01-18,161.37179565429688
2013-01-21,158.5038604736328
2013-01-22,156.5918731689453
2013-01-23,155.4127960205078
2013-01-24,154.48867797851562
2013-01-25,156.36878967285156
2013-01-28,158.1533203125
2013-01-29,156.27320861816406
2013-01-30,155.47653198242188
2013-01-31,156.05015563964844
2013-02-01,152.67230224609375
2013-02-04,154.52056884765625
2013-02-05,148.40220642089844
2013-02-06,152.79977416992188
2013-02-07,152.95909118652344
2013-02-08,158.18521118164062
2013-02-11,156.46441650390625
2013-02-12,156.81492614746094
2013-02-13,156.43258666992188
2013-02-14,152.8634796142578
2013-02-15,163.18826293945312
2013-02-18,158.73855590820312
2013-02-19,156.64259338378906
2013-02-20,156.28794860839844
2013-02-21,154.90147399902344
2013-02-22,153.385986328125
2013-02-25,154.41783142089844
2013-02-26,151.09661865234375
2013-02-27,152.547607421875
2013-02-28,152.96681213378906
2013-03-01,150.64523315429688
2013-03-04,150.64523315429688
2013-03-05,147.74322509765625
2013-03-06,153.35374450683594
2013-03-07,153.9986572265625
2013-03-08,153.96636962890625
2013-03-11,154.96595764160156
2013-03-12,152.96681213378906
2013-03-13,152.7410888671875
2013-03-14,148.03343200683594
2013-03-15,149.58114624023438
2013-03-18,149.1297607421875
2013-03-19,148.38812255859375
2013-03-20,147.96893310546875
2013-03-21,148.1946563720703
2013-03-22,148.6460723876953
2013-03-25,148.3236083984375
2013-03-26,148.51710510253906
2013-03-28,148.38812255859375
2013-04-01,144.80899047851562
2013-04-02,151.29014587402344
2013-04-03,150.09706115722656
2013-04-04,148.3558349609375
2013-04-05,148.16236877441406
2013-04-08,148.2268829345703
2013-04-09,150.12928771972656
2013-04-10,146.5502166748047
2013-04-11,145.90528869628906
2013-04-12,144.35757446289062
2013-04-15,140.2303009033203
2013-04-16,140.971923828125
2013-04-17,136.81243896484375
2013-04-18,133.97491455078125
2013-04-22,138.39239501953125
2013-04-23,134.91000366210938
2013-04-25,134.71658325195312
2013-04-26,135.7805938720703
2013-04-29,139.19845581054688
2013-04-30,140.00465393066406
2013-05-02,142.58416748046875
2013-05-03,146.77590942382812
2013-05-06,149.74232482910156
2013-05-07,148.83953857421875
2013-05-08,148.93624877929688
2013-05-09,152.0962371826172
2013-05-10,154.321044921875
2013-05-13,154.83697509765625
2013-05-14,156.12673950195312
2013-05-15,156.70712280273438
2013-05-16,156.73939514160156
2013-05-17,157.57774353027344
2013-05-20,159.3188934326172
2013-05-21,156.73939514160156
2013-05-22,156.44920349121094
2013-05-23,155.80426025390625
2013-05-24,156.4169158935547
2013-05-27,157.2552947998047
2013-05-28,158.6417999267578
2013-05-29,162.349853515625
2013-05-30,159.0287322998047
2013-05-31,158.12586975097656
2013-06-03,162.2531280517578
2013-06-04,157.8034210205078
2013-06-05,157.5454864501953
2013-06-06,156.1912384033203
2013-06-07,154.22433471679688
2013-06-10,155.19161987304688
2013-06-11,153.09573364257812
2013-06-12,149.1942138671875
2013-06-13,149.5166778564453
2013-06-14,146.58241271972656
2013-06-17,146.71142578125
2013-06-18,142.3584747314453
2013-06-19,144.61553955078125
2013-06-20,145.77633666992188
2013-06-21,141.6490478515625
2013-06-24,130.00885009765625
2013-06-25,133.00755310058594
2013-06-26,132.78192138671875
2013-06-27,132.9430694580078
2013-06-28,137.48956298828125
2013-07-01,137.2315673828125
2013-07-02,138.52139282226562
2013-07-03,135.8773193359375
2013-07-04,139.61766052246094
2013-07-05,137.74746704101562
2013-07-08,139.23072814941406
2013-07-09,137.3605499267578
2013-07-10,137.3605499267578
2013-07-11,138.58584594726562
2013-07-12,138.58584594726562
2013-07-15,137.90870666503906
2013-07-16,138.10220336914062
2013-07-17,138.10220336914062
2013-07-18,138.7793426513672
2013-07-19,138.90830993652344
2013-07-22,138.327880859375
2013-07-23,139.2630157470703
2013-07-24,139.2630157470703
2013-07-25,140.68173217773438
2013-07-26,144.73129272460938
2013-07-29,144.73129272460938
2013-07-30,144.89593505859375
2013-07-31,145.12635803222656
2013-08-01,145.52149963378906
2013-08-02,151.579345703125
2013-08-05,149.27474975585938
2013-08-06,152.46832275390625
2013-08-07,155.36558532714844
2013-08-08,157.76901245117188
2013-08-12,160.13951110839844
2013-08-13,160.96255493164062
2013-08-14,162.3124237060547
2013-08-16,161.3576202392578
2013-08-19,161.88441467285156
2013-08-20,162.1807403564453
2013-08-21,165.04507446289062
2013-08-22,163.4318084716797
2013-08-23,164.61705017089844
2013-08-26,165.2425994873047
2013-08-27,165.2425994873047
2013-08-28,166.06568908691406
2013-08-29,168.4032440185547
2013-08-30,166.46078491210938
2013-09-02,169.22634887695312
2013-09-03,167.87646484375
2013-09-04,167.8435516357422
2013-09-05,168.995849609375
2013-09-06,169.98355102539062
2013-09-10,173.1442413330078
2013-09-11,174.62579345703125
2013-09-12,176.8316192626953
2013-09-13,178.6094970703125
2013-09-16,178.6094970703125
2013-09-17,178.18154907226562
2013-09-18,179.43260192871094
2013-09-19,182.72491455078125
2013-09-20,178.11566162109375
2013-09-23,176.469482421875
2013-09-24,175.086669921875
2013-09-25,180.7824249267578
2013-09-26,195.8614044189453
2013-09-27,189.83639526367188
2013-09-30,190.59364318847656
2013-10-01,186.9721221923828
2013-10-03,188.5852813720703
2013-10-04,189.73760986328125
2013-10-07,191.51551818847656
2013-10-08,192.47024536132812
2013-10-09,192.108154296875
2013-10-10,192.27273559570312
2013-10-11,183.5809326171875
2013-10-14,184.4040069580078
2013-10-15,184.4699249267578
2013-10-17,190.3631591796875
2013-10-18,188.32191467285156
2013-10-21,184.30526733398438
2013-10-22,185.75390625
2013-10-23,184.7661590576172
2013-10-24,184.4369354248047
2013-10-25,183.91018676757812
2013-10-28,182.9553680419922
2013-10-29,183.9759979248047
2013-10-30,183.81141662597656
2013-10-31,183.5150909423828
2013-11-01,184.30526733398438
2013-11-05,190.69236755371094
2013-11-06,190.09974670410156
2013-11-07,195.36756896972656
2013-11-08,190.79116821289062
2013-11-11,190.65945434570312
2013-11-12,189.80345153808594
2013-11-13,189.60589599609375
2013-11-14,188.35479736328125
2013-11-18,188.45362854003906
2013-11-19,197.44168090820312
2013-11-20,198.82447814941406
2013-11-21,194.6432342529297
2013-11-22,192.99708557128906
2013-11-25,194.21519470214844
2013-11-26,186.84034729003906
2013-11-27,187.00498962402344
2013-11-28,188.9803924560547
2013-11-29,196.32229614257812
2013-12-02,197.37588500976562
2013-12-03,192.63485717773438
2013-12-04,190.1985626220703
2013-12-05,189.37545776367188
2013-12-06,192.40438842773438
2013-12-09,193.88592529296875
2013-12-10,190.42901611328125
2013-12-11,191.5813446044922
2013-12-12,193.0959014892578
2013-12-13,190.4619903564453
2013-12-16,191.8116912841797
2013-12-17,188.48658752441406
2013-12-18,189.60589599609375
2013-12-19,189.7047119140625
2013-12-20,190.95574951171875
2013-12-23,204.84947204589844
2013-12-24,204.1251678466797
2013-12-26,203.56546020507812
2013-12-27,205.80422973632812
2013-12-30,210.4464111328125
2013-12-31,209.36001586914062
2014-01-01,210.11717224121094
2014-01-02,208.89901733398438
2014-01-03,205.63955688476562
2014-01-06,203.9276580810547
2014-01-07,204.25686645507812
2014-01-08,206.0018310546875
2014-01-09,202.8411102294922
2014-01-10,201.65594482421875
2014-01-13,197.21124267578125
2014-01-14,202.6764678955078
2014-01-15,200.50357055664062
2014-01-16,197.935546875
2014-01-17,196.28939819335938
2014-01-20,195.6967315673828
2014-01-21,195.6967315673828
2014-01-22,195.6967315673828
2014-01-23,196.84906005859375
2014-01-24,194.61029052734375
2014-01-27,194.0835418701172
2014-01-28,193.82008361816406
2014-01-29,193.39215087890625
2014-01-30,196.1576690673828
2014-01-31,193.2933349609375
2014-02-03,193.06288146972656
2014-02-04,192.9311981201172
2014-02-05,191.8776397705078
2014-02-06,190.92283630371094
2014-02-07,190.95574951171875
2014-02-10,189.80345153808594
2014-02-11,188.19020080566406
2014-02-12,187.63052368164062
2014-02-13,189.60589599609375
2014-02-14,189.8692626953125
2014-02-17,193.77552795410156
2014-02-18,197.38131713867188
2014-02-19,200.35264587402344
2014-02-20,203.19058227539062
2014-02-21,210.56895446777344
2014-02-24,216.3114471435547
2014-02-25,215.91078186035156
2014-02-26,210.23516845703125
2014-02-28,207.36387634277344
2014-03-03,201.85508728027344
2014-03-04,207.6643524169922
2014-03-05,207.7310791015625
2014-03-06,209.09996032714844
2014-03-07,210.16830444335938
2014-03-10,210.80262756347656
2014-03-11,213.54039001464844
2014-03-12,209.2001190185547
2014-03-13,209.09996032714844
2014-03-14,206.46240234375
2014-03-18,209.5339813232422
2014-03-19,213.90762329101562
2014-03-20,225.4593963623047
2014-03-21,228.26382446289062
2014-03-24,227.6962890625
2014-03-25,227.96334838867188
2014-03-26,230.30043029785156
2014-03-27,224.3909912109375
2014-03-28,226.16043090820312
2014-03-31,227.39581298828125
2014-04-01,226.9283447265625
2014-04-02,225.3926239013672
2014-04-03,227.92996215820312
2014-04-04,225.9601593017578
2014-04-07,225.65968322753906
2014-04-09,230.66769409179688
2014-04-10,227.99676513671875
2014-04-11,233.4387664794922
2014-04-15,233.5389404296875
2014-04-16,233.4387664794922
2014-04-17,230.7677459716797
2014-04-21,231.06826782226562
2014-04-22,229.96656799316406
2014-04-23,231.93637084960938
2014-04-24,231.93637084960938
2014-04-25,225.49278259277344
2014-04-28,219.04913330078125
2014-04-29,227.6629180908203
2014-04-30,223.62310791015625
2014-05-02,229.16525268554688
2014-05-05,225.65968322753906
2014-05-06,225.79324340820312
2014-05-07,226.5611114501953
2014-05-08,227.12869262695312
2014-05-09,225.2590789794922
2014-05-12,225.9267578125
2014-05-13,229.43238830566406
2014-05-14,230.3671417236328
2014-05-15,229.0317840576172
2014-05-16,230.30043029785156
2014-05-19,223.62310791015625
2014-05-20,231.03497314453125
2014-05-21,236.57711791992188
2014-05-22,241.18446350097656
2014-05-23,242.45310974121094
2014-05-26,239.91574096679688
2014-05-27,242.55328369140625
2014-05-28,244.02232360839844
2014-05-29,243.75515747070312
2014-05-30,246.02545166015625
2014-06-02,240.3497314453125
2014-06-03,238.21304321289062
2014-06-04,240.58338928222656
2014-06-05,251.467529296875
2014-06-06,244.72349548339844
2014-06-09,244.1224365234375
2014-06-10,249.63121032714844
2014-06-11,252.30218505859375
2014-06-12,251.73464965820312
2014-06-13,253.67103576660156
2014-06-16,251.1669464111328
2014-06-17,252.96987915039062
2014-06-18,248.3959503173828
2014-06-19,248.7965850830078
2014-06-20,249.19717407226562
2014-06-23,246.1256103515625
2014-06-24,241.2846221923828
2014-06-25,241.6518096923828
2014-06-26,246.02545166015625
2014-06-27,242.88717651367188
2014-06-30,243.6216583251953
2014-07-01,241.2846221923828
2014-07-02,244.32281494140625
2014-07-03,245.05738830566406
2014-07-04,250.09861755371094
2014-07-07,250.39920043945312
2014-07-08,249.1637725830078
2014-07-09,244.85694885253906
2014-07-10,245.79183959960938
2014-07-11,236.0094757080078
2014-07-14,235.77587890625
2014-07-15,238.680419921875
2014-07-16,239.81564331054688
2014-07-17,240.18284606933594
2014-07-18,241.11767578125
2014-07-21,246.22581481933594
2014-07-22,241.518310546875
2014-07-23,241.6184539794922
2014-07-24,241.71856689453125
2014-07-25,246.05886840820312
2014-07-28,244.3561553955078
2014-07-30,246.22581481933594
2014-07-31,245.22422790527344
2014-08-01,236.2766876220703
2014-08-04,237.3783416748047
2014-08-05,240.71702575683594
2014-08-06,238.0127410888672
2014-08-07,238.71380615234375
2014-08-08,239.68197631835938
2014-08-11,237.81234741210938
2014-08-12,243.55490112304688
2014-08-13,243.1835479736328
2014-08-14,242.575927734375
2014-08-18,245.95164489746094
2014-08-19,243.65618896484375
2014-08-20,245.20901489257812
2014-08-21,247.40309143066406
2014-08-22,248.11207580566406
2014-08-25,248.75343322753906
2014-08-26,245.2427215576172
2014-08-27,248.5172119140625
2014-08-28,248.95596313476562
2014-09-01,256.5849609375
2014-09-02,268.97369384765625
2014-09-03,269.074951171875
2014-09-04,263.4376525878906
2014-09-05,267.8258972167969
2014-09-08,267.8934631347656
2014-09-09,267.28582763671875
2014-09-10,272.92327880859375
2014-09-11,284.2318115234375
2014-09-12,285.14324951171875
2014-09-15,308.23272705078125
2014-09-16,293.98748779296875
2014-09-17,289.3090515136719
2014-09-18,285.9966125488281
2014-09-19,296.07049560546875
2014-09-22,294.6022033691406
2014-09-23,290.0262145996094
2014-09-24,283.059814453125
2014-09-25,278.6888122558594
2014-09-26,277.2545471191406
2014-09-29,289.1383056640625
2014-09-30,294.9436340332031
2014-10-01,300.8854675292969
2014-10-07,288.2504577636719
2014-10-08,283.9476013183594
2014-10-09,286.7137756347656
2014-10-10,278.6888122558594
2014-10-13,277.32281494140625
2014-10-14,281.3182373046875
2014-10-15,281.3182373046875
2014-10-16,272.0297546386719
2014-10-17,266.2586364746094
2014-10-20,267.82940673828125
2014-10-21,267.21466064453125
2014-10-22,270.4930725097656
2014-10-27,267.5221252441406
2014-10-28,263.7315368652344
2014-10-29,269.9466247558594
2014-10-30,268.6831359863281
2014-10-31,272.20050048828125
2014-11-03,271.141845703125
2014-11-05,268.6148681640625
2014-11-07,272.4737243652344
2014-11-10,272.6785583496094
2014-11-11,273.08837890625
2014-11-12,268.64898681640625
2014-11-13,267.96600341796875
2014-11-14,272.23468017578125
2014-11-17,272.6443786621094
2014-11-18,272.5079040527344
2014-11-19,278.0399169921875
2014-11-20,280.5328063964844
2014-11-21,271.8248291015625
2014-11-24,274.1811218261719
2014-11-25,262.775390625
2014-11-26,261.10211181640625
2014-11-27,259.6677551269531
2014-11-28,272.5420227050781
2014-12-01,269.29779052734375
2014-12-02,268.4782409667969
2014-12-03,273.15667724609375
2014-12-04,275.1031494140625
2014-12-05,275.75189208984375
2014-12-08,272.0980224609375
2014-12-09,272.7127685546875
2014-12-10,274.7275390625
2014-12-11,268.4440612792969
2014-12-12,266.7708740234375
2014-12-15,257.7554626464844
2014-12-16,243.9252471923828
2014-12-17,258.3019714355469
2014-12-18,259.4288330078125
2014-12-19,252.29168701171875
2014-12-22,244.0960235595703
2014-12-23,237.43698120117188
2014-12-24,243.78858947753906
2014-12-26,239.8615264892578
2014-12-29,241.46649169921875
2014-12-30,242.11532592773438
2014-12-31,247.16934204101562
2015-01-01,250.37937927246094
2015-01-02,256.66265869140625
2015-01-05,258.5068054199219
2015-01-06,254.23817443847656
2015-01-07,245.70095825195312
2015-01-08,244.6082305908203
2015-01-09,239.1785888671875
2015-01-12,239.7248992919922
2015-01-13,239.0419464111328
2015-01-14,240.88597106933594
2015-01-15,239.24681091308594
2015-01-16,239.0760498046875
2015-01-19,237.7784423828125
2015-01-20,239.7248992919922
2015-01-21,240.13470458984375
2015-01-22,239.5200653076172
2015-01-23,243.3788299560547
2015-01-27,254.5113525390625
2015-01-28,248.3987579345703
2015-01-29,239.3834228515625
2015-01-30,245.8034210205078
2015-02-02,243.3447265625
2015-02-03,240.78358459472656
2015-02-04,237.81251525878906
2015-02-05,226.20201110839844
2015-02-06,236.0709991455078
2015-02-09,231.97314453125
2015-02-10,232.62191772460938
2015-02-11,240.9883575439453
2015-02-12,238.8711700439453
2015-02-13,239.8615264892578
2015-02-16,242.45681762695312
2015-02-18,234.7733612060547
2015-02-19,238.5638885498047
2015-02-20,236.7198486328125
2015-02-23,233.7830352783203
2015-02-24,241.56893920898438
2015-02-25,242.8665771484375
2015-02-26,248.12551879882812
2015-02-27,251.33554077148438
2015-03-02,248.9451446533203
2015-03-03,254.5454864501953
2015-03-04,253.17958068847656
2015-03-05,250.58425903320312
2015-03-09,247.23765563964844
2015-03-10,243.9935760498047
2015-03-11,240.40785217285156
2015-03-12,239.65658569335938
2015-03-13,234.73924255371094
2015-03-16,232.28045654296875
2015-03-17,236.1051483154297
2015-03-18,236.61740112304688
2015-03-19,231.5633087158203
2015-03-20,228.72898864746094
2015-03-23,230.98284912109375
2015-03-24,236.61740112304688
2015-03-25,235.25144958496094
2015-03-26,232.04141235351562
2015-03-27,231.4608917236328
2015-03-30,243.51544189453125
2015-03-31,249.83294677734375
2015-04-01,247.23765563964844
2015-04-06,242.3884735107422
2015-04-07,240.23715209960938
2015-04-08,238.49549865722656
2015-04-09,236.6857147216797
2015-04-10,237.71017456054688
2015-04-13,238.0858154296875
2015-04-15,233.85130310058594
2015-04-16,234.29527282714844
2015-04-17,235.04647827148438
2015-04-20,232.92935180664062
2015-04-21,235.4563446044922
2015-04-22,231.0511016845703
2015-04-23,236.34417724609375
2015-04-24,235.04647827148438
2015-04-27,233.2708282470703
2015-04-28,230.8120880126953
2015-04-29,224.9385223388672
2015-04-30,232.51953125
2015-05-04,237.43698120117188
2015-05-05,242.1494903564453
2015-05-06,238.7687530517578
2015-05-07,239.69076538085938
2015-05-08,242.11532592773438
2015-05-11,238.5979766845703
2015-05-12,239.28103637695312
2015-05-13,241.70558166503906
2015-05-14,238.83712768554688
2015-05-15,239.0419464111328
2015-05-18,239.0760498046875
2015-05-19,236.1734619140625
2015-05-20,235.35386657714844
2015-05-21,238.73451232910156
2015-05-22,236.44668579101562
2015-05-25,234.19287109375
2015-05-26,235.59292602539062
2015-05-27,238.90541076660156
2015-05-28,237.74423217773438
2015-05-29,232.55368041992188
2015-06-01,234.0220947265625
2015-06-02,229.4119415283203
2015-06-03,228.55828857421875
2015-06-04,226.7825164794922
2015-06-05,227.02162170410156
2015-06-08,227.63621520996094
2015-06-09,228.72898864746094
2015-06-10,237.8467559814453
2015-06-11,242.11532592773438
2015-06-12,237.67599487304688
2015-06-15,237.57357788085938
2015-06-16,240.9883575439453
2015-06-17,241.2616424560547
2015-06-18,239.69076538085938
2015-06-19,242.08123779296875
2015-06-22,239.5541229248047
2015-06-23,240.6127471923828
2015-06-24,237.74423217773438
2015-06-25,237.197998046875
2015-06-26,231.97314453125
2015-06-29,229.92416381835938
2015-06-30,228.14854431152344
2015-07-01,233.30491638183594
2015-07-02,233.578125
2015-07-03,232.758544921875
2015-07-06,233.7147674560547
2015-07-07,233.578125
2015-07-08,232.45123291015625
2015-07-09,232.55368041992188
2015-07-10,236.3782958984375
2015-07-13,237.9832763671875
2015-07-14,237.2321319580078
2015-07-15,237.8467559814453
2015-07-16,239.75909423828125
2015-07-17,239.79319763183594
2015-07-20,241.2958221435547
2015-07-21,245.5985565185547
2015-07-22,246.04241943359375
2015-07-23,242.73001098632812
2015-07-24,240.92007446289062
2015-07-27,239.14439392089844
2015-07-28,237.43698120117188
2015-07-29,235.14898681640625
2015-07-30,235.763671875
2015-07-31,237.2321319580078
2015-08-03,247.47669982910156
2015-08-04,248.3472442626953
2015-08-05,249.63565063476562
2015-08-06,252.83926391601562
2015-08-07,258.4107360839844
2015-08-10,262.3803405761719
2015-08-11,266.5589294433594
2015-08-12,266.5589294433594
2015-08-13,273.14019775390625
2015-08-14,281.88043212890625
2015-08-17,274.3937683105469
2015-08-18,274.950927734375
2015-08-19,281.9500732421875
2015-08-20,271.259765625
2015-08-21,272.2000732421875
2015-08-24,247.26773071289062
2015-08-25,259.6990051269531
2015-08-26,261.30084228515625
2015-08-27,257.5401611328125
2015-08-28,254.197265625
2015-08-31,256.2517395019531
2015-09-01,252.0731658935547
2015-09-02,253.50088500976562
2015-09-03,258.0624084472656
2015-09-04,249.11337280273438
2015-09-07,243.12405395507812
2015-09-08,239.084716796875
2015-09-09,241.83563232421875
2015-09-10,248.24282836914062
2015-09-11,254.3714141845703
2015-09-14,258.1669616699219
2015-09-15,257.6794738769531
2015-09-16,256.04290771484375
2015-09-18,258.5500183105469
2015-09-21,254.61514282226562
2015-09-22,245.6659698486328
2015-09-23,250.99362182617188
2015-09-24,257.6446228027344
2015-09-28,254.75439453125
2015-09-29,250.74990844726562
2015-09-30,257.1222839355469
2015-10-01,251.20265197753906
2015-10-05,250.5758819580078
2015-10-06,248.59097290039062
2015-10-07,250.78477478027344
2015-10-08,250.36688232421875
2015-10-09,250.95884704589844
2015-10-12,251.3766632080078
2015-10-13,250.29733276367188
2015-10-14,252.63026428222656
2015-10-15,248.97409057617188
2015-10-16,257.6794738769531
2015-10-19,258.8285827636719
2015-10-20,259.1767578125
2015-10-21,254.12767028808594
2015-10-23,254.7892608642578
2015-10-26,255.9384002685547
2015-10-27,254.33648681640625
2015-10-28,254.30172729492188
2015-10-29,260.674072265625
2015-10-30,263.0071105957031
2015-11-02,266.6285705566406
2015-11-03,260.3606872558594
2015-11-04,263.5990905761719
2015-11-05,258.4802551269531
2015-11-06,259.83831787109375
2015-11-09,281.6714782714844
2015-11-10,277.1098937988281
2015-11-13,278.6072082519531
2015-11-16,276.62237548828125
2015-11-17,280.3830871582031
2015-11-18,274.9857482910156
2015-11-19,273.1750183105469
2015-11-20,268.2303466796875
2015-11-23,267.986572265625
2015-11-24,260.8133850097656
2015-11-26,262.9723205566406
2015-11-27,265.58392333984375
2015-11-30,263.564208984375
2015-12-01,266.4544372558594
2015-12-02,263.87762451171875
2015-12-03,258.4107360839844
2015-12-04,254.44100952148438
2015-12-07,254.44100952148438
2015-12-08,251.6553192138672
2015-12-09,248.80003356933594
2015-12-10,252.31690979003906
2015-12-11,248.83474731445312
2015-12-14,248.76510620117188
2015-12-15,260.95263671875
2015-12-16,260.4999084472656
2015-12-17,262.20623779296875
2015-12-18,255.45086669921875
2015-12-21,262.6241149902344
2015-12-22,254.2669219970703
2015-12-23,255.48558044433594
2015-12-24,257.40087890625
2015-12-28,261.16162109375
2015-12-29,254.58029174804688
2015-12-30,254.89376831054688
2015-12-31,256.4259033203125
2016-01-01,257.7839050292969
2016-01-04,254.82408142089844
2016-01-05,256.3214416503906
2016-01-06,257.2964782714844
2016-01-07,255.31158447265625
2016-01-08,257.2615661621094
2016-01-11,256.8436584472656
2016-01-12,255.45086669921875
2016-01-13,249.63565063476562
2016-01-14,244.65615844726562
2016-01-15,239.5722198486328
2016-01-18,230.4141845703125
2016-01-19,231.98117065429688
2016-01-20,226.4794158935547
2016-01-21,227.38465881347656
2016-01-22,232.5034637451172
2016-01-25,234.45343017578125
2016-01-27,229.71774291992188
2016-01-28,234.03558349609375
2016-01-29,234.27935791015625
2016-02-01,234.90611267089844
2016-02-02,233.51333618164062
2016-02-03,232.5382843017578
2016-02-04,234.13999938964844
2016-02-05,229.75253295898438
2016-02-08,230.4141845703125
2016-02-09,227.14097595214844
2016-02-10,220.42037963867188
2016-02-11,210.6007080078125
2016-02-12,200.78102111816406
2016-02-15,213.72547912597656
2016-02-16,214.1166229248047
2016-02-17,208.92466735839844
2016-02-18,211.09393310546875
2016-02-19,209.70701599121094
2016-02-22,210.34719848632812
2016-02-23,208.07118225097656
2016-02-24,206.50650024414062
2016-02-25,201.17214965820312
2016-02-26,198.7540283203125
2016-02-29,201.20779418945312
2016-03-01,198.86073303222656
2016-03-02,197.75830078125
2016-03-03,210.24041748046875
2016-03-04,214.18775939941406
2016-03-08,219.27305603027344
2016-03-09,217.2816619873047
2016-03-10,225.31858825683594
2016-03-11,222.0824432373047
2016-03-14,220.48219299316406
2016-03-15,223.3271026611328
2016-03-16,225.78086853027344
2016-03-17,225.67161560058594
2016-03-18,221.6652069091797
2016-03-21,224.54249572753906
2016-03-22,219.18846130371094
2016-03-23,222.2115020751953
2016-03-28,222.46649169921875
2016-03-29,222.10223388671875
2016-03-30,225.96299743652344
2016-03-31,227.12847900390625
2016-04-01,244.4654083251953
2016-04-04,249.49176025390625
2016-04-05,239.73057556152344
2016-04-06,238.89285278320312
2016-04-07,242.20726013183594
2016-04-08,243.29989624023438
2016-04-11,235.83335876464844
2016-04-12,239.69412231445312
2016-04-13,239.1841583251953
2016-04-18,246.06802368164062
2016-04-20,239.83982849121094
2016-04-21,243.7734832763672
2016-04-22,240.82321166992188
2016-04-25,243.95550537109375
2016-04-26,242.20726013183594
2016-04-27,243.2635498046875
2016-04-28,239.32984924316406
2016-04-29,239.1841583251953
2016-05-02,241.66090393066406
2016-05-03,239.3663330078125
2016-05-04,236.56179809570312
2016-05-05,228.18475341796875
2016-05-06,223.74127197265625
2016-05-09,227.23777770996094
2016-05-10,225.63522338867188
2016-05-11,224.1419677734375
2016-05-12,223.44981384277344
2016-05-13,223.48629760742188
2016-05-16,223.1948699951172
2016-05-17,223.66839599609375
2016-05-18,223.74127197265625
2016-05-19,223.1948699951172
2016-05-20,228.5489501953125
2016-05-23,225.0888671875
2016-05-24,227.01927185058594
2016-05-25,227.0556182861328
2016-05-26,226.18148803710938
2016-05-27,226.3272247314453
2016-05-30,226.50930786132812
2016-05-31,223.9961700439453
2016-06-01,227.01927185058594
2016-06-02,225.8901824951172
2016-06-03,223.63197326660156
2016-06-06,222.32081604003906
2016-06-07,224.9431610107422
2016-06-08,223.63197326660156
2016-06-09,228.658203125
2016-06-10,223.15850830078125
2016-06-13,224.97958374023438
2016-06-14,225.12527465820312
2016-06-15,224.61541748046875
2016-06-16,225.63522338867188
2016-06-17,225.78086853027344
2016-06-20,223.74127197265625
2016-06-21,228.40328979492188
2016-06-22,228.1118621826172
2016-06-23,224.9431610107422
2016-06-24,219.95333862304688
2016-06-27,223.59561157226562
2016-06-28,224.4696502685547
2016-06-29,227.5655517578125
2016-06-30,228.25762939453125
2016-07-01,226.65499877929688
2016-07-04,230.95285034179688
2016-07-05,239.76693725585938
2016-07-07,234.6678924560547
2016-07-08,231.20777893066406
2016-07-11,231.97267150878906
2016-07-12,232.19119262695312
2016-07-13,235.94264221191406
2016-07-14,237.72732543945312
2016-07-15,237.5088348388672
2016-07-18,236.4889678955078
2016-07-19,236.9988555908203
2016-07-20,241.26031494140625
2016-07-21,243.2270965576172
2016-07-22,244.538330078125
2016-07-25,243.4092254638672
2016-07-26,244.3561553955078
2016-07-27,247.2335205078125
2016-07-28,250.51153564453125
2016-07-29,244.17404174804688
2016-08-01,255.64703369140625
2016-08-02,257.6866455078125
2016-08-03,254.91859436035156
2016-08-04,259.32562255859375
2016-08-05,264.4247741699219
2016-08-08,266.0272521972656
2016-08-09,264.7161560058594
2016-08-10,256.7396545410156
2016-08-11,253.13388061523438
2016-08-12,248.58119201660156
2016-08-16,247.88906860351562
2016-08-17,254.22657775878906
2016-08-18,255.06422424316406
2016-08-19,253.17034912109375
2016-08-22,253.7894744873047
2016-08-23,248.76327514648438
2016-08-24,248.94532775878906
2016-08-25,250.51153564453125
2016-08-26,248.58119201660156
2016-08-29,248.87249755859375
2016-08-30,262.85858154296875
2016-08-31,268.6861572265625
2016-09-01,261.6930847167969
2016-09-02,269.45098876953125
2016-09-06,264.86181640625
2016-09-07,261.5474548339844
2016-09-08,266.57373046875
2016-09-09,263.47772216796875
2016-09-12,260.0176696777344
2016-09-14,263.1135559082031
2016-09-15,267.2292175292969
2016-09-16,265.6994934082031
2016-09-19,265.8816223144531
2016-09-20,271.23577880859375
2016-09-21,270.5801086425781
2016-09-22,272.91107177734375
2016-09-23,270.7986145019531
2016-09-26,269.7059631347656
2016-09-27,269.4874267578125
2016-09-28,269.66961669921875
2016-09-29,255.31930541992188
2016-09-30,256.5211181640625
2016-10-03,267.411376953125
2016-10-04,267.4842224121094
2016-10-05,269.997314453125
2016-10-06,271.8548889160156
2016-10-07,273.96728515625
2016-10-10,279.32147216796875
2016-10-13,272.4012145996094
2016-10-14,270.10662841796875
2016-10-17,268.2491149902344
2016-10-18,274.2223205566406
2016-10-19,271.9277038574219
2016-10-20,280.59619140625
2016-10-21,279.212158203125
2016-10-24,272.1098327636719
2016-10-25,267.8848876953125
2016-10-26,263.8055725097656
2016-10-27,265.99090576171875
2016-10-28,271.7820129394531
2016-11-01,281.6888732910156
2016-11-02,269.8152160644531
2016-11-03,265.99090576171875
2016-11-04,259.94488525390625
2016-11-07,259.0706787109375
2016-11-08,263.65985107421875
2016-11-09,261.83880615234375
2016-11-10,263.7691345214844
2016-11-11,263.5870056152344
2016-11-15,261.87518310546875
2016-11-16,255.7198944091797
2016-11-17,261.474609375
2016-11-18,254.88218688964844
2016-11-21,258.96148681640625
2016-11-22,262.4215393066406
2016-11-23,258.63360595703125
2016-11-24,253.2795867919922
2016-11-25,263.5142517089844
2016-11-28,260.92822265625
2016-11-29,258.30584716796875
2016-11-30,264.53399658203125
2016-12-01,256.81256103515625
2016-12-02,259.6535339355469
2016-12-05,264.4247741699219
2016-12-06,270.9078674316406
2016-12-07,265.444580078125
2016-12-08,274.1495361328125
2016-12-09,272.2555236816406
2016-12-12,273.12969970703125
2016-12-13,268.50390625
2016-12-14,269.2689514160156
2016-12-15,267.3385314941406
2016-12-16,266.1365966796875
2016-12-19,265.8088684082031
2016-12-20,264.86181640625
2016-12-21,262.9678955078125
2016-12-22,264.8982849121094
2016-12-23,261.0739440917969
2016-12-26,256.5575256347656
2016-12-27,254.91859436035156
2016-12-28,257.3223571777344
2016-12-29,262.4580078125
2016-12-30,264.3883056640625
2017-01-02,266.9014587402344
2017-01-03,270.6165771484375
2017-01-04,273.4210205078125
2017-01-05,278.04669189453125
2017-01-06,280.3047790527344
2017-01-09,280.6325988769531
2017-01-10,280.52337646484375
2017-01-11,279.5763854980469
2017-01-12,281.6523742675781
2017-01-13,278.37445068359375
2017-01-16,281.0332946777344
2017-01-17,280.4869079589844
2017-01-18,281.3973693847656
2017-01-19,292.9433288574219
2017-01-20,284.12908935546875
2017-01-23,281.8710021972656
2017-01-24,285.44036865234375
2017-01-25,285.58599853515625
2017-01-27,291.195068359375
2017-01-30,289.8110656738281
2017-01-31,283.1092834472656
2017-02-01,288.3177490234375
2017-02-02,281.3245544433594
2017-02-03,284.34765625
2017-02-06,282.56298828125
2017-02-07,278.8114929199219
2017-02-08,273.7852478027344
2017-02-09,268.50390625
2017-02-10,264.24261474609375
2017-02-13,260.4546813964844
2017-02-14,259.8661193847656
2017-02-15,263.8396911621094
2017-02-16,260.3075866699219
2017-02-17,264.3179931640625
2017-02-20,271.0510559082031
2017-02-21,274.0311584472656
2017-02-22,273.22174072265625
2017-02-23,272.0076599121094
2017-02-27,272.11798095703125
2017-02-28,272.30194091796875
2017-03-01,275.135009765625
2017-03-02,274.0679931640625
2017-03-03,275.4293518066406
2017-03-06,273.22174072265625
2017-03-07,275.8340759277344
2017-03-08,275.72369384765625
2017-03-09,272.3387756347656
2017-03-10,273.25860595703125
2017-03-14,275.4661865234375
2017-03-15,276.71710205078125
2017-03-16,289.5208740234375
2017-03-17,285.7312316894531
2017-03-20,294.26708984375
2017-03-21,292.90582275390625
2017-03-22,280.21240234375
2017-03-23,281.2057800292969
2017-03-24,286.135986328125
2017-03-27,288.4170837402344
2017-03-28,294.3407287597656
2017-03-29,296.0331726074219
2017-03-30,297.54168701171875
2017-03-31,306.8502197265625
2017-04-03,316.45306396484375
2017-04-05,314.1719665527344
2017-04-06,309.13134765625
2017-04-07,310.27191162109375
2017-04-10,322.3767395019531
2017-04-11,319.2125244140625
2017-04-12,312.2219543457031
2017-04-13,311.00775146484375
2017-04-17,317.7039794921875
2017-04-18,312.14837646484375
2017-04-19,333.193603515625
2017-04-20,336.5786437988281
2017-04-21,344.5258483886719
2017-04-24,334.22381591796875
2017-04-25,329.40411376953125
2017-04-26,324.3634948730469
2017-04-27,323.6275634765625
2017-04-28,323.7012634277344
2017-05-02,324.7682800292969
2017-05-03,321.1993103027344
2017-05-04,324.841796875
2017-05-05,314.4294738769531
2017-05-08,305.3050231933594
2017-05-09,303.538818359375
2017-05-10,310.97100830078125
2017-05-11,307.07098388671875
2017-05-12,313.9880065917969
2017-05-15,314.09832763671875
2017-05-16,312.1115417480469
2017-05-17,309.0577392578125
2017-05-18,303.1709899902344
2017-05-19,302.43511962890625
2017-05-22,301.8832092285156
2017-05-23,295.7756652832031
2017-05-24,281.8680419921875
2017-05-25,295.07666015625
2017-05-26,290.6614685058594
2017-05-29,289.7049255371094
2017-05-30,288.233154296875
2017-05-31,289.1161193847656
2017-06-01,289.4840393066406
2017-06-02,306.7398681640625
2017-06-05,297.9096374511719
2017-06-06,292.2803649902344
2017-06-07,287.5340576171875
2017-06-08,283.37652587890625
2017-06-09,284.3330993652344
2017-06-12,284.55389404296875
2017-06-13,290.1463928222656
2017-06-14,294.5614929199219
2017-06-15,298.2775573730469
2017-06-16,297.8728332519531
2017-06-19,295.1133728027344
2017-06-20,294.5614929199219
2017-06-21,296.8795166015625
2017-06-22,291.91241455078125
2017-06-23,291.8756103515625
2017-06-27,292.6850280761719
2017-06-28,291.50775146484375
2017-06-29,293.6416931152344
2017-06-30,298.9766540527344
2017-07-03,305.7832336425781
2017-07-04,303.1709899902344
2017-07-05,302.6190490722656
2017-07-06,303.428466796875
2017-07-07,304.0171203613281
2017-07-10,308.43231201171875
2017-07-11,303.428466796875
2017-07-12,304.0540466308594
2017-07-13,304.3851623535156
2017-07-14,301.1473388671875
2017-07-17,300.2276306152344
2017-07-18,299.71240234375
2017-07-19,300.4483642578125
2017-07-20,299.7492370605469
2017-07-21,297.3945007324219
2017-07-24,298.5350646972656
2017-07-25,296.62188720703125
2017-07-26,293.7151794433594
2017-07-27,291.2133483886719
2017-07-28,289.2265319824219
2017-07-31,292.57476806640625
2017-08-01,290.55108642578125
2017-08-02,291.0
2017-08-03,290.2518615722656
2017-08-04,289.0921325683594
2017-08-07,288.1943664550781
2017-08-08,290.0648498535156
2017-08-09,290.28924560546875
2017-08-10,280.78753662109375
2017-08-11,275.512939453125
2017-08-14,285.8002624511719
2017-08-16,282.0594177246094
2017-08-17,291.67340087890625
2017-08-18,288.6806640625
2017-08-21,292.1970520019531
2017-08-22,291.710693359375
2017-08-23,290.9625549316406
2017-08-24,291.4114685058594
2017-08-28,292.2718505859375
2017-08-29,289.61590576171875
2017-08-30,290.850341796875
2017-08-31,298.33209228515625
2017-09-01,297.2472229003906
2017-09-04,300.0528259277344
2017-09-05,293.35675048828125
2017-09-06,294.89044189453125
2017-09-07,291.03729248046875
2017-09-08,314.8291015625
2017-09-11,307.4222717285156
2017-09-12,314.60467529296875
2017-09-13,309.89129638671875
2017-09-14,309.33013916015625
2017-09-15,311.38763427734375
2017-09-18,298.10760498046875
2017-09-19,294.47894287109375
2017-09-20,296.68609619140625
2017-09-21,293.88043212890625
2017-09-22,286.3239440917969
2017-09-25,284.9398193359375
2017-09-26,288.1569519042969
2017-09-27,279.6651916503906
2017-09-28,280.8997802734375
2017-09-29,288.7180480957031
2017-10-03,289.8403015136719
2017-10-04,287.1095275878906
2017-10-05,286.7728576660156
2017-10-06,285.9498291015625
2017-10-09,288.7554931640625
2017-10-10,290.3265380859375
2017-10-11,288.1569519042969
2017-10-12,288.94244384765625
2017-10-13,293.76824951171875
2017-10-16,293.35675048828125
2017-10-17,299.45428466796875
2017-10-18,296.0127868652344
2017-10-19,300.5765686035156
2017-10-23,293.8056335449219
2017-10-24,293.39410400390625
2017-10-25,293.2818908691406
2017-10-26,289.91510009765625
2017-10-27,284.3787841796875
2017-10-30,289.80291748046875
2017-10-31,292.2345275878906
2017-11-01,289.72808837890625
2017-11-02,289.2418212890625
2017-11-03,300.6888427734375
2017-11-06,302.78375244140625
2017-11-07,294.51641845703125
2017-11-08,290.0648498535156
2017-11-09,291.0748291015625
2017-11-10,289.7655334472656
2017-11-13,278.7674255371094
2017-11-14,275.1388854980469
2017-11-15,275.2884216308594
2017-11-16,278.9544982910156
2017-11-17,277.4581604003906
2017-11-20,280.78753662109375
2017-11-21,287.5584411621094
2017-11-22,286.1742858886719
2017-11-23,287.37139892578125
2017-11-24,290.1021423339844
2017-11-27,290.9251708984375
2017-11-28,293.2445068359375
2017-11-29,292.04742431640625
2017-11-30,298.5564880371094
2017-12-01,296.5364685058594
2017-12-04,297.3968200683594
2017-12-05,297.6587219238281
2017-12-06,293.16973876953125
2017-12-07,293.39410400390625
2017-12-08,295.302001953125
2017-12-11,290.1769714355469
2017-12-12,291.03729248046875
2017-12-13,291.1871032714844
2017-12-14,289.1295471191406
2017-12-15,298.7061462402344
2017-12-18,292.60858154296875
2017-12-19,296.274658203125
2017-12-20,291.37408447265625
2017-12-21,290.8877258300781
2017-12-22,292.9078674316406
2017-12-26,301.17510986328125
2017-12-27,301.69879150390625
2017-12-28,302.40960693359375
2017-12-29,298.7809753417969
2018-01-01,301.9981384277344
2018-01-02,300.0528259277344
2018-01-03,302.9333190917969
2018-01-04,304.8785400390625
2018-01-05,307.9834289550781
2018-01-08,306.8611755371094
2018-01-09,318.0088806152344
2018-01-10,348.5341796875
2018-01-11,340.22943115234375
2018-01-12,341.3516845703125
2018-01-15,332.18670654296875
2018-01-16,327.8098449707031
2018-01-17,328.109130859375
2018-01-18,334.1693115234375
2018-01-19,337.3864440917969
2018-01-22,342.1747741699219
2018-01-23,326.4631652832031
2018-01-24,321.52520751953125
2018-01-25,310.4150390625
2018-01-29,304.16778564453125
2018-01-30,302.1103210449219
2018-01-31,300.2024841308594
2018-02-01,296.9853515625
2018-02-02,284.4909973144531
2018-02-05,289.5036926269531
2018-02-06,286.997314453125
2018-02-07,289.72808837890625
2018-02-08,291.2244567871094
2018-02-09,295.638671875
2018-02-12,291.1122131347656
2018-02-14,297.8831481933594
2018-02-15,297.2098083496094
2018-02-16,291.8604431152344
2018-02-19,286.8102722167969
2018-02-20,287.9324645996094
2018-02-21,292.1222839355469
2018-02-22,287.1095275878906
2018-02-23,283.817626953125
2018-02-26,277.9818115234375
2018-02-27,277.7947692871094
2018-02-28,273.53021240234375
2018-03-01,273.1936340332031
2018-03-05,269.7145690917969
2018-03-06,266.2730407714844
2018-03-07,265.8240966796875
2018-03-08,266.6846008300781
2018-03-09,263.2803955078125
2018-03-12,265.63702392578125
2018-03-13,268.6297607421875
2018-03-14,269.1534729003906
2018-03-15,267.3953552246094
2018-03-16,261.8962097167969
2018-03-19,260.13812255859375
2018-03-20,260.25030517578125
2018-03-21,258.1554260253906
2018-03-22,255.12535095214844
2018-03-23,248.46658325195312
2018-03-26,246.97030639648438
2018-03-27,248.24220275878906
2018-03-28,247.04507446289062
2018-04-02,245.92288208007812
2018-04-03,245.92288208007812
2018-04-04,244.91285705566406
2018-04-05,249.55148315429688
2018-04-06,254.6016082763672
2018-04-09,254.93829345703125
2018-04-10,253.70376586914062
2018-04-11,255.53688049316406
2018-04-12,261.0732727050781
2018-04-13,255.46200561523438
2018-04-16,257.07061767578125
2018-04-17,255.53688049316406
2018-04-18,248.878173828125
2018-04-19,260.2128601074219
2018-04-20,264.8141174316406
2018-04-23,282.47088623046875
2018-04-24,284.07940673828125
2018-04-25,278.7674255371094
2018-04-26,278.3933410644531
2018-04-27,271.697265625
2018-04-30,274.7647705078125
2018-05-02,268.6297607421875
2018-05-03,266.49749755859375
2018-05-04,259.5021667480469
2018-05-07,260.7740173339844
2018-05-08,258.75396728515625
2018-05-09,260.66180419921875
2018-05-10,262.71929931640625
2018-05-11,269.9390869140625
2018-05-14,271.51019287109375
2018-05-15,262.0833435058594
2018-05-16,261.37249755859375
2018-05-17,257.07061767578125
2018-05-18,257.66912841796875
2018-05-21,247.23216247558594
2018-05-22,251.08523559570312
2018-05-23,249.6636962890625
2018-05-24,246.70840454101562
2018-05-25,246.22218322753906
2018-05-28,251.23486328125
2018-05-29,252.05787658691406
2018-05-30,248.0551300048828
2018-05-31,245.99771118164062
2018-06-01,245.6609649658203
2018-06-04,245.96022033691406
2018-06-05,236.45851135253906
2018-06-06,230.51065063476562
2018-06-07,238.067138671875
2018-06-08,240.3489990234375
2018-06-11,239.82534790039062
2018-06-12,239.7505340576172
2018-06-13,238.74044799804688
2018-06-14,236.87001037597656
2018-06-15,238.70306396484375
2018-06-18,242.9676055908203
2018-06-19,237.58082580566406
2018-06-20,235.8974151611328
2018-06-21,232.56808471679688
2018-06-22,229.53797912597656
2018-06-25,227.40573120117188
2018-06-26,225.16122436523438
2018-06-27,218.65216064453125
2018-06-28,209.52447509765625
2018-06-29,210.90863037109375
2018-07-02,205.8958740234375
2018-07-03,203.1650390625
2018-07-04,200.35943603515625
2018-07-05,201.96798706054688
2018-07-06,204.77366638183594
2018-07-09,202.4169158935547
2018-07-10,202.7535858154297
2018-07-11,202.49172973632812
2018-07-12,206.41958618164062
2018-07-13,202.8657989501953
2018-07-16,201.40687561035156
2018-07-17,203.72618103027344
2018-07-18,202.22987365722656
2018-07-19,202.26727294921875
2018-07-20,203.1276397705078
2018-07-23,207.9907684326172
2018-07-24,216.59471130371094
2018-07-25,218.65216064453125
2018-07-26,220.0363311767578
2018-07-27,223.25335693359375
2018-07-30,225.49789428710938
2018-07-31,225.9093780517578
2018-08-01,229.05169677734375
2018-08-02,231.2736053466797
2018-08-03,247.63169860839844
2018-08-06,235.52598571777344
2018-08-07,234.9513397216797
2018-08-08,245.48643493652344
2018-08-09,246.3291778564453
2018-08-10,250.81141662597656
2018-08-13,240.08480834960938
2018-08-14,239.0503692626953
2018-08-16,229.16659545898438
2018-08-17,232.2313995361328
2018-08-20,218.01856994628906
2018-08-21,224.8760223388672
2018-08-23,227.55767822265625
2018-08-24,220.66192626953125
2018-08-27,227.17453002929688
2018-08-28,228.17054748535156
2018-08-29,225.9869384765625
2018-08-30,231.31192016601562
2018-08-31,233.53382873535156
2018-09-03,233.41891479492188
2018-09-04,230.6223907470703
2018-09-05,229.2431640625
2018-09-06,236.2538604736328
2018-09-07,232.65277099609375
2018-09-10,226.9447021484375
2018-09-11,226.71478271484375
2018-09-12,226.71478271484375
2018-09-14,225.6038360595703
2018-09-17,228.17054748535156
2018-09-18,226.37005615234375
2018-09-19,235.25784301757812
2018-09-21,230.8139190673828
2018-09-24,219.97239685058594
2018-09-25,221.5047607421875
2018-09-26,214.07269287109375
2018-09-27,217.9803009033203
2018-09-28,220.43209838867188
2018-10-01,214.6473846435547
2018-10-03,214.6090545654297
2018-10-04,216.17974853515625
2018-10-05,217.9419708251953
2018-10-08,217.09922790527344
2018-10-09,228.7451934814453
2018-10-10,248.24472045898438
2018-10-11,241.19578552246094
2018-10-12,227.67257690429688
2018-10-15,222.99880981445312
2018-10-16,218.93800354003906
2018-10-17,216.8692626953125
2018-10-19,214.11105346679688
2018-10-22,210.70147705078125
2018-10-23,213.0000762939453
2018-10-24,225.37400817871094
2018-10-25,220.2788543701172
2018-10-26,227.55767822265625
2018-10-29,231.19708251953125
2018-10-30,235.67926025390625
2018-10-31,240.0081329345703
2018-11-01,236.44544982910156
2018-11-02,238.13099670410156
2018-11-05,235.7940673828125
2018-11-06,229.28150939941406
2018-11-07,234.6831817626953
2018-11-09,226.9829559326172
2018-11-12,224.339599609375
2018-11-13,222.80728149414062
2018-11-14,217.40567016601562
2018-11-15,216.9076385498047
2018-11-16,214.83895874023438
2018-11-19,215.64341735839844
2018-11-20,219.474365234375
2018-11-21,217.17579650878906
2018-11-22,218.4400177001953
2018-11-26,213.6896514892578
2018-11-27,220.20216369628906
2018-11-28,218.32508850097656
2018-11-29,217.9419708251953
2018-11-30,217.71209716796875
2018-12-03,219.35943603515625
2018-12-04,224.30133056640625
2018-12-05,223.45846557617188
2018-12-06,231.19708251953125
2018-12-07,233.7254180908203
2018-12-10,234.0701904296875
2018-12-11,238.97378540039062
2018-12-12,251.73081970214844
2018-12-13,261.2315673828125
2018-12-14,267.2077331542969
2018-12-17,263.10870361328125
2018-12-18,263.4151306152344
2018-12-19,267.0928649902344
2018-12-20,260.08221435546875
2018-12-21,252.6502227783203
2018-12-24,243.0729217529297
2018-12-26,244.5286407470703
2018-12-27,239.16529846191406
2018-12-28,237.40318298339844
2018-12-31,241.92364501953125
2019-01-01,240.85098266601562
2019-01-02,245.1416473388672
2019-01-03,243.45606994628906
2019-01-04,244.7586212158203
2019-01-07,236.98165893554688
2019-01-08,241.54052734375
2019-01-09,243.2261962890625
2019-01-10,248.97259521484375
2019-01-11,245.90785217285156
2019-01-14,241.6937713623047
2019-01-15,242.07687377929688
2019-01-16,233.7254180908203
2019-01-17,236.4070587158203
2019-01-18,234.45330810546875
2019-01-21,237.90110778808594
2019-01-22,228.24716186523438
2019-01-23,222.7306671142578
2019-01-24,222.99880981445312
2019-01-25,222.11764526367188
2019-01-28,217.3290252685547
2019-01-29,215.18368530273438
2019-01-30,231.5801239013672
2019-01-31,231.9631805419922
2019-02-01,230.2009735107422
2019-02-04,229.9328155517578
2019-02-05,224.2246856689453
2019-02-06,229.6263427734375
2019-02-07,232.3080291748047
2019-02-08,227.25115966796875
2019-02-11,217.55894470214844
2019-02-12,215.2986602783203
2019-02-14,209.39895629882812
2019-02-15,200.28135681152344
2019-02-18,198.9788818359375
2019-02-19,206.10440063476562
2019-02-20,209.85870361328125
2019-02-21,215.72000122070312
2019-02-22,215.1453399658203
2019-02-25,214.18760681152344
2019-02-26,210.39503479003906
2019-02-27,208.44122314453125
2019-02-28,205.98947143554688
2019-03-01,213.22988891601562
2019-03-05,216.8692626953125
2019-03-06,219.39773559570312
2019-03-07,219.12957763671875
2019-03-08,220.7386016845703
2019-03-11,225.29737854003906
2019-03-12,231.61834716796875
2019-03-13,225.68043518066406
2019-03-14,221.31320190429688
2019-03-15,218.056884765625
2019-03-18,224.5311737060547
2019-03-19,222.1942901611328
2019-03-20,219.43606567382812
2019-03-22,220.12557983398438
2019-03-25,217.9803009033203
2019-03-26,214.5707244873047
2019-03-27,215.41354370117188
2019-03-28,217.86534118652344
2019-04-01,218.36338806152344
2019-04-02,223.07542419433594
2019-04-03,218.976318359375
2019-04-04,219.39773559570312
2019-04-05,222.80728149414062
2019-04-08,220.31712341308594
2019-04-09,230.16261291503906
2019-04-10,232.00148010253906
2019-04-11,230.27757263183594
2019-04-12,228.13230895996094
2019-04-15,226.9829559326172
2019-04-16,230.73728942871094
2019-04-18,223.22865295410156
2019-04-22,221.00669860839844
2019-04-23,222.11764526367188
2019-04-24,219.43606567382812
2019-04-25,218.8231201171875
2019-04-26,216.94590759277344
2019-04-30,221.27484130859375
2019-05-02,222.80728149414062
2019-05-03,215.41354370117188
2019-05-06,213.6129913330078
2019-05-07,212.3488006591797
2019-05-08,205.6063690185547
2019-05-09,207.0238037109375
2019-05-10,203.23117065429688
2019-05-13,196.2971954345703
2019-05-14,187.0646209716797
2019-05-15,186.98802185058594
2019-05-16,187.21788024902344
2019-05-17,184.91929626464844
2019-05-20,190.43582153320312
2019-05-21,190.97219848632812
2019-05-22,192.35133361816406
2019-05-23,194.61158752441406
2019-05-24,198.48080444335938
2019-05-27,209.24578857421875
2019-05-28,212.65525817871094
2019-05-29,216.79269409179688
2019-05-30,214.2642364501953
2019-05-31,214.76226806640625
2019-06-03,215.22203063964844
2019-06-04,213.1915740966797
2019-06-06,209.39895629882812
2019-06-07,206.832275390625
2019-06-10,207.36862182617188
2019-06-11,207.52186584472656
2019-06-12,205.7595672607422
2019-06-13,202.54161071777344
2019-06-14,209.43731689453125
2019-06-17,206.2959442138672
2019-06-18,205.3382110595703
2019-06-19,203.88243103027344
2019-06-20,204.3038330078125
2019-06-21,204.15061950683594
2019-06-24,203.84414672851562
2019-06-25,203.00131225585938
2019-06-26,202.96298217773438
2019-06-27,202.733154296875
2019-06-28,202.50323486328125
2019-07-01,204.11228942871094
2019-07-02,207.6367645263672
2019-07-03,206.25758361816406
2019-07-04,210.39503479003906
2019-07-05,204.3038330078125
2019-07-08,193.6155548095703
2019-07-09,190.3592071533203
2019-07-10,184.76609802246094
2019-07-11,188.0606689453125
2019-07-12,195.49267578125
2019-07-15,192.5812225341797
2019-07-16,191.2020721435547
2019-07-17,199.82162475585938
2019-07-18,197.9061737060547
2019-07-19,198.86386108398438
2019-07-22,191.66177368164062
2019-07-23,189.63133239746094
2019-07-24,182.88890075683594
2019-07-25,183.50184631347656
2019-07-26,185.4939422607422
2019-07-29,183.693359375
2019-07-30,183.4635467529297
2019-07-31,184.40415954589844
2019-08-01,185.1488494873047
2019-08-02,178.7211456298828
2019-08-05,170.13783264160156
2019-08-06,178.5251922607422
2019-08-07,186.0110626220703
2019-08-08,180.64161682128906
2019-08-09,177.81973266601562
2019-08-13,180.7983856201172
2019-08-14,183.77708435058594
2019-08-16,185.1488494873047
2019-08-19,187.0301055908203
2019-08-20,189.5776824951172
2019-08-21,191.14541625976562
2019-08-22,186.16787719726562
2019-08-23,186.59896850585938
2019-08-26,186.5597686767578
2019-08-27,187.8923797607422
2019-08-28,187.26528930664062
2019-08-29,188.08834838867188
2019-08-30,188.04913330078125
2019-09-03,188.08834838867188
2019-09-04,190.20477294921875
2019-09-05,189.65603637695312
2019-09-06,192.51719665527344
2019-09-09,193.5361785888672
2019-09-11,194.35926818847656
2019-09-12,193.65374755859375
2019-09-13,197.18118286132812
2019-09-16,203.8048553466797
2019-09-17,200.27743530273438
2019-09-18,195.61346435546875
2019-09-19,195.73106384277344
2019-09-20,208.7431640625
2019-09-23,211.80026245117188
2019-09-24,211.6434783935547
2019-09-25,212.30978393554688
2019-09-26,216.6602325439453
2019-09-27,222.1081085205078
2019-09-30,219.63890075683594
2019-10-01,220.30516052246094
2019-10-03,219.48216247558594
2019-10-04,216.46421813964844
2019-10-07,227.9478759765625
2019-10-09,229.55487060546875
2019-10-10,230.4170379638672
2019-10-11,229.0060577392578
2019-10-14,228.1830291748047
2019-10-15,227.0856170654297
2019-10-16,227.20323181152344
2019-10-17,218.81582641601562
2019-10-18,227.28160095214844
2019-10-22,238.4908905029297
2019-10-23,243.7819061279297
2019-10-24,247.7404022216797
2019-10-25,234.76747131347656
2019-10-27,239.31387329101562
2019-10-29,232.84706115722656
2019-10-30,230.4170379638672
2019-10-31,235.08099365234375
2019-11-01,231.00494384765625
2019-11-04,229.2020263671875
2019-11-05,229.55487060546875
2019-11-06,229.04527282714844
2019-11-07,229.2412567138672
2019-11-08,234.57151794433594
2019-11-11,236.84471130371094
2019-11-13,237.51100158691406
2019-11-14,236.648681640625
2019-11-15,236.53118896484375
2019-11-18,235.08099365234375
2019-11-19,232.14154052734375
2019-11-20,234.8458709716797
2019-11-21,233.47413635253906
2019-11-22,234.14044189453125
2019-11-25,240.6856689453125
2019-11-26,245.03610229492188
2019-11-27,249.46495056152344
2019-11-28,248.60269165039062
2019-11-29,252.05166625976562
2019-12-02,238.29495239257812
2019-12-03,245.15367126464844
2019-12-04,243.19407653808594
2019-12-05,240.568115234375
2019-12-06,232.7686767578125
2019-12-09,234.1796112060547
2019-12-10,235.27694702148438
2019-12-11,231.71044921875
2019-12-12,233.3173065185547
2019-12-13,235.19857788085938
2019-12-16,230.76976013183594
2019-12-17,234.76747131347656
2019-12-18,235.43377685546875
2019-12-19,230.9656982421875
2019-12-20,232.2591094970703
2019-12-23,231.98475646972656
2019-12-24,235.39459228515625
2019-12-26,234.92428588867188
2019-12-27,233.39573669433594
2019-12-30,239.35308837890625
2019-12-31,234.3363494873047
2020-01-01,236.33518981933594
2020-01-02,235.90408325195312
2020-01-03,236.53118896484375
2020-01-06,233.5525360107422
2020-01-07,235.6297149658203
2020-01-08,237.94210815429688
2020-01-09,238.29495239257812
2020-01-10,247.3485565185547
2020-01-13,249.97445678710938
2020-01-14,251.97337341308594
2020-01-15,261.1837463378906
2020-01-16,267.84661865234375
2020-01-17,272.6281433105469
2020-01-20,270.8252868652344
2020-01-21,269.923828125
2020-01-22,267.9641418457031
2020-01-23,266.94512939453125
2020-01-24,268.9048156738281
2020-01-27,257.9306640625
2020-01-28,251.42466735839844
2020-01-29,246.9565887451172
2020-01-30,248.05404663085938
2020-01-31,238.53004455566406
2020-02-03,235.82569885253906
2020-02-04,236.53118896484375
2020-02-05,241.19522094726562
2020-02-06,251.111083984375
2020-02-07,251.0718994140625
2020-02-10,246.9565887451172
2020-02-11,252.9139404296875
2020-02-12,256.8725280761719
2020-02-13,223.4014434814453
2020-02-14,223.36224365234375
2020-02-17,217.8359832763672
2020-02-18,214.77899169921875
2020-02-19,217.1304931640625
2020-02-20,213.9167022705078
2020-02-24,205.0198211669922
2020-02-25,201.37484741210938
2020-02-26,202.66822814941406
2020-02-27,200.23826599121094
2020-02-28,189.49928283691406
2020-03-02,191.69412231445312
2020-03-03,195.1431121826172
2020-03-04,189.0681610107422
2020-03-05,185.0704803466797
2020-03-06,175.86004638671875
2020-03-09,168.1781463623047
2020-03-11,176.09518432617188
2020-03-12,158.57582092285156
2020-03-13,184.83531188964844
2020-03-16,169.35401916503906
2020-03-17,168.7660675048828
2020-03-18,158.75587463378906
2020-03-19,158.67550659179688
2020-03-20,157.46945190429688
2020-03-23,141.46923828125
2020-03-24,148.26324462890625
2020-03-25,158.67550659179688
2020-03-26,159.80113220214844
2020-03-27,160.32374572753906
2020-03-30,153.4492950439453
2020-03-31,165.4695587158203
2020-04-01,163.09768676757812
2020-04-03,161.9720001220703
2020-04-07,160.7659454345703
2020-04-08,160.00213623046875
2020-04-09,159.11773681640625
2020-04-13,150.5145721435547
2020-04-15,154.69552612304688
2020-04-16,157.4292449951172
2020-04-17,160.44436645507812
2020-04-20,162.57505798339844
2020-04-21,165.59019470214844
2020-04-22,177.44960021972656
2020-04-23,180.46473693847656
2020-04-24,174.27366638183594
2020-04-27,184.68588256835938
2020-04-28,180.62551879882812
2020-04-29,183.84164428710938
2020-04-30,188.82664489746094
2020-05-04,183.47984313964844
2020-05-05,182.1129608154297
2020-05-06,181.30892944335938
2020-05-07,180.58534240722656
2020-05-08,180.06271362304688
2020-05-11,172.3842315673828
2020-05-12,165.95193481445312
2020-05-13,170.5349578857422
2020-05-14,164.82630920410156
2020-05-15,164.50473022460938
2020-05-18,165.7911834716797
2020-05-19,160.72573852539062
2020-05-20,160.6855926513672
2020-05-21,160.20314025878906
2020-05-22,161.650390625
2020-05-26,157.1076202392578
2020-05-27,161.36900329589844
2020-05-28,168.92686462402344
2020-05-29,158.03228759765625
2020-06-01,160.04237365722656
2020-06-02,165.42935180664062
2020-06-03,172.4646453857422
2020-06-04,173.4696502685547
2020-06-05,183.84164428710938
2020-06-08,188.50502014160156
2020-06-09,181.67250061035156
2020-06-10,191.10791015625
2020-06-11,179.3136444091797
2020-06-12,180.49302673339844
2020-06-15,172.3590850830078
2020-06-16,173.2944793701172
2020-06-17,173.3351593017578
2020-06-18,177.97152709960938
2020-06-19,173.98587036132812
2020-06-22,178.94761657714844
2020-06-23,178.6628875732422
2020-06-24,175.53135681152344
2020-06-25,174.7586212158203
2020-06-26,178.29689025878906
2020-06-29,173.25379943847656
2020-06-30,172.64376831054688
2020-07-01,170.6509552001953
2020-07-02,172.5624542236328
2020-07-03,173.09112548828125
2020-07-06,176.91409301757812
2020-07-07,173.98587036132812
2020-07-08,171.8710479736328
2020-07-09,171.66769409179688
2020-07-10,170.16290283203125
2020-07-13,174.47393798828125
2020-07-14,177.32083129882812
2020-07-15,173.8231658935547
2020-07-16,176.26339721679688
2020-07-17,175.4093017578125
2020-07-20,182.28253173828125
2020-07-21,182.8519287109375
2020-07-22,179.3136444091797
2020-07-23,172.8064727783203
2020-07-24,174.96197509765625
2020-07-27,175.32798767089844
2020-07-28,174.7586212158203
2020-07-29,172.928466796875
2020-07-30,181.22511291503906
2020-07-31,184.11265563964844
2020-08-03,203.91893005371094
2020-08-04,225.79931640625
2020-08-05,219.21078491210938
2020-08-06,224.6605682373047
2020-08-07,221.93572998046875
2020-08-10,218.23471069335938
2020-08-11,213.96434020996094
2020-08-12,214.7777862548828
2020-08-13,214.81846618652344
2020-08-14,210.9954833984375
2020-08-17,213.96434020996094
2020-08-18,213.31370544433594
2020-08-19,215.26580810546875
2020-08-20,213.23231506347656
2020-08-21,226.93812561035156
2020-08-24,225.35195922851562
2020-08-25,221.89501953125
2020-08-26,222.05775451660156
2020-08-27,225.59596252441406
2020-08-28,221.0816192626953
2020-08-31,206.88784790039062
2020-09-01,210.466796875
2020-09-02,210.3448028564453
2020-09-03,193.71078491210938
2020-09-04,200.82798767089844
2020-09-07,209.3686981201172
2020-09-08,211.40220642089844
2020-09-09,210.67013549804688
2020-09-10,210.58880615234375
2020-09-11,211.48353576660156
2020-09-14,214.33042907714844
2020-09-15,214.69642639160156
2020-09-16,210.87347412109375
2020-09-17,208.88064575195312
2020-09-18,204.93569946289062
2020-09-21,198.9978790283203
2020-09-22,202.4954833984375
2020-09-23,202.45480346679688
2020-09-24,194.76821899414062
2020-09-25,197.2083740234375
2020-09-28,197.41172790527344
2020-09-29,194.93084716796875
2020-09-30,191.06723022460938
2020-10-01,192.32797241210938
2020-10-05,192.083984375
2020-10-06,193.18206787109375
2020-10-07,190.86390686035156
2020-10-08,188.78973388671875
2020-10-09,185.25144958496094
2020-10-12,176.83274841308594
2020-10-13,175.77536010742188
2020-10-14,181.02175903320312
2020-10-15,182.40457153320312
2020-10-16,191.18922424316406
2020-10-19,190.2538604736328
2020-10-20,181.91650390625
2020-10-21,178.21556091308594
2020-10-22,186.715576171875
2020-10-23,182.892578125
2020-10-26,185.04811096191406
2020-10-27,188.54571533203125
2020-10-28,185.37344360351562
2020-10-29,184.15333557128906
2020-10-30,182.77059936523438
2020-11-02,179.02894592285156
2020-11-03,177.32083129882812
2020-11-04,179.02894592285156
2020-11-05,184.84475708007812
2020-11-06,181.87583923339844
2020-11-09,181.46913146972656
2020-11-10,184.68206787109375
2020-11-11,185.98350524902344
2020-11-12,191.392578125
2020-11-13,195.8663330078125
2020-11-14,195.09356689453125
2020-11-17,202.1294403076172
2020-11-18,203.14617919921875
2020-11-19,201.478759765625
2020-11-20,201.072021484375
2020-11-23,205.05767822265625
2020-11-24,205.95237731933594
2020-11-25,202.33277893066406
2020-11-26,201.478759765625
2020-11-27,205.383056640625
2020-12-01,212.62229919433594
2020-12-02,213.8423614501953
2020-12-03,214.37110900878906
2020-12-04,230.72042846679688
2020-12-07,230.63905334472656
2020-12-08,224.94529724121094
2020-12-09,230.72042846679688
2020-12-10,238.9763641357422
2020-12-11,231.53379821777344
2020-12-14,232.30654907226562
2020-12-15,232.71322631835938
2020-12-16,233.16061401367188
2020-12-17,229.09356689453125
2020-12-18,218.43804931640625
2020-12-21,204.20364379882812
2020-12-22,204.5696563720703
2020-12-23,209.57205200195312
2020-12-24,209.24668884277344
2020-12-28,213.43565368652344
2020-12-29,213.47634887695312
2020-12-30,214.85914611816406
2020-12-31,214.08641052246094
2021-01-01,220.146240234375
2021-01-04,227.1007843017578
2021-01-05,229.37831115722656
2021-01-06,226.93812561035156
2021-01-07,226.20603942871094
2021-01-08,226.16537475585938
2021-01-11,228.48355102539062
2021-01-12,228.84957885742188
2021-01-13,227.466796875
2021-01-14,227.466796875
2021-01-15,224.741943359375
2021-01-18,218.68211364746094
2021-01-19,219.7801971435547
2021-01-20,220.3089141845703
2021-01-21,216.36395263671875
2021-01-22,209.89739990234375
2021-01-25,209.77537536621094
2021-01-27,206.6844940185547
2021-01-28,204.69168090820312
2021-01-29,212.0122833251953
2021-02-01,217.2179718017578
2021-02-02,213.8423614501953
2021-02-03,210.3448028564453
2021-02-04,212.7443084716797
2021-02-05,212.98831176757812
2021-02-08,208.1892852783203
2021-02-09,209.12469482421875
2021-02-10,209.3686981201172
2021-02-11,207.49789428710938
2021-02-12,208.63662719726562
2021-02-15,209.3686981201172
2021-02-16,209.89739990234375
2021-02-17,216.8519744873047
2021-02-18,223.11514282226562
2021-02-19,216.81126403808594
2021-02-22,219.5361785888672
2021-02-23,228.7682647705078
2021-02-24,230.55775451660156
2021-02-25,249.83529663085938
2021-02-26,255.5289764404297
2021-03-01,250.5673065185547
2021-03-02,271.8783874511719
2021-03-03,266.5099792480469
2021-03-04,262.1990051269531
2021-03-05,250.16065979003906
2021-03-08,253.12950134277344
2021-03-09,253.57687377929688
2021-03-10,256.9525146484375
2021-03-12,259.6367492675781
2021-03-15,263.7850036621094
2021-03-16,271.5936584472656
2021-03-17,259.06732177734375
2021-03-18,256.0985107421875
2021-03-19,245.03619384765625
2021-03-22,248.5745391845703
2021-03-23,259.9213562011719
2021-03-24,252.3162078857422
2021-03-25,257.0338134765625
2021-03-26,249.79464721679688
2021-03-30,257.6032409667969
2021-03-31,254.349609375
2021-04-01,256.3017578125
2021-04-05,245.68687438964844
2021-04-06,244.01951599121094
2021-04-07,244.75148010253906
2021-04-08,251.21804809570312
2021-04-09,249.38792419433594
2021-04-12,228.72756958007812
2021-04-13,234.095947265625
2021-04-15,239.05770874023438
2021-04-16,243.20606994628906
2021-04-19,238.44766235351562
2021-04-20,234.3400115966797
2021-04-22,235.15342712402344
2021-04-23,239.30178833007812
2021-04-26,250.16065979003906
2021-04-27,252.5194549560547
2021-04-28,247.80174255371094
2021-04-29,248.12709045410156
2021-04-30,256.13909912109375
2021-05-03,265.7372131347656
2021-05-04,281.88311767578125
2021-05-05,326.1726379394531
2021-05-06,316.0458679199219
2021-05-07,312.792236328125
2021-05-10,319.9908447265625
2021-05-11,318.40478515625
2021-05-12,307.5458679199219
2021-05-14,323.6104736328125
2021-05-17,331.0936584472656
2021-05-18,325.2779541015625
2021-05-19,327.3520812988281
2021-05-20,325.1558837890625
2021-05-21,328.5315246582031
2021-05-24,333.2085876464844
2021-05-25,330.19903564453125
2021-05-26,334.7133483886719
2021-05-27,334.42864990234375
2021-05-28,337.1128845214844
2021-05-31,334.3473205566406
2021-06-01,345.4502258300781
2021-06-02,349.2731628417969
2021-06-03,350.6153564453125
2021-06-04,344.84014892578125
2021-06-07,339.6343994140625
2021-06-08,337.3975524902344
2021-06-09,336.58416748046875
2021-06-10,333.8186950683594
2021-06-11,325.39996337890625
2021-06-14,326.7827453613281
2021-06-15,328.57220458984375
2021-06-16,333.8186950683594
2021-06-17,329.1009216308594
2021-06-18,328.4502258300781
2021-06-21,326.9047546386719
2021-06-22,325.84735107421875
2021-06-23,326.62005615234375
2021-06-24,320.31622314453125
2021-06-25,311.0434875488281
2021-06-28,313.11767578125
2021-06-29,313.8089599609375
2021-06-30,316.2898864746094
2021-07-01,315.8018493652344
2021-07-02,312.2635498046875
2021-07-05,307.057861328125
2021-07-06,308.5219421386719
2021-07-07,307.2611999511719
2021-07-08,302.2587890625
2021-07-09,300.50994873046875
2021-07-12,302.3400573730469
2021-07-13,300.3879699707031
2021-07-14,308.3592224121094
2021-07-15,313.03631591796875
2021-07-16,309.41668701171875
2021-07-19,310.8807678222656
2021-07-20,303.3836975097656
2021-07-22,302.92547607421875
2021-07-23,301.551025390625
2021-07-26,308.3400573730469
2021-07-27,307.59039306640625
2021-07-28,299.5934753417969
2021-07-29,285.6821594238281
2021-07-30,283.2247314453125
2021-08-02,286.9316711425781
2021-08-03,283.7245788574219
2021-08-04,274.72802734375
2021-08-05,270.937744140625
2021-08-06,264.73187255859375
2021-08-09,265.52313232421875
2021-08-10,258.109375
2021-08-11,253.4861297607422
2021-08-12,260.7750244140625
2021-08-13,259.4837646484375
2021-08-16,258.0260925292969
2021-08-17,256.94317626953125
2021-08-18,251.90335083007812
2021-08-20,247.61343383789062
2021-08-23,244.8644561767578
2021-08-24,251.94505310058594
2021-08-25,281.8919372558594
2021-08-26,289.01422119140625
2021-08-27,278.7264709472656
2021-08-30,296.5946044921875
2021-08-31,299.7600402832031
2021-09-01,296.5113525390625
2021-09-02,297.71917724609375
2021-09-03,299.63507080078125
2021-09-06,297.4693298339844
2021-09-07,298.6355285644531
2021-09-08,299.8016357421875
2021-09-09,294.76202392578125
2021-09-13,302.4673767089844
2021-09-14,306.3409118652344
2021-09-15,306.8406677246094
2021-09-16,307.54876708984375
2021-09-17,313.37982177734375
2021-09-20,301.6343688964844
2021-09-21,304.79974365234375
2021-09-22,306.5074462890625
2021-09-23,303.5086975097656
2021-09-24,302.5090637207031
2021-09-27,294.9285583496094
2021-09-28,294.55377197265625
2021-09-29,303.96685791015625
2021-09-30,307.13226318359375
2021-10-01,305.9244079589844
2021-10-04,308.21514892578125
2021-10-05,310.1310119628906
2021-10-06,305.6327819824219
2021-10-07,307.5071105957031
2021-10-08,307.632080078125
2021-10-11,311.08905029296875
2021-10-12,308.92327880859375
2021-10-13,301.9259033203125
2021-10-14,298.59381103515625
2021-10-18,287.47308349609375
2021-10-19,279.9343566894531
2021-10-20,277.4769287109375
2021-10-21,268.06390380859375
2021-10-22,264.398681640625
2021-10-25,262.066162109375
2021-10-26,262.1077575683594
2021-10-27,272.85369873046875
2021-10-28,263.77386474609375
2021-10-29,268.1888122558594
2021-11-01,275.1028137207031
2021-11-02,285.0157470703125
2021-11-03,285.9320373535156
2021-11-04,285.5571594238281
2021-11-08,289.5556640625
2021-11-09,288.63934326171875
2021-11-10,284.84912109375
2021-11-11,284.7225341796875
2021-11-12,281.6414489746094
2021-11-15,271.6808776855469
2021-11-16,270.7100830078125
2021-11-17,274.00213623046875
2021-11-18,269.4439392089844
2021-11-22,264.2525329589844
2021-11-23,264.9278564453125
2021-11-24,265.56097412109375
2021-11-25,267.24920654296875
2021-11-26,260.9604797363281
2021-11-29,254.3762664794922
2021-11-30,247.8765411376953
2021-12-01,252.56143188476562
2021-12-02,253.7431640625
2021-12-03,250.45118713378906
2021-12-06,248.8051300048828
2021-12-07,253.44781494140625
2021-12-08,253.700927734375
2021-12-09,253.0256805419922
2021-12-10,256.90869140625
2021-12-13,253.110107421875
2021-12-14,253.57431030273438
2021-12-15,248.17198181152344
2021-12-16,242.9806365966797
2021-12-17,234.11734008789062
2021-12-20,226.68902587890625
2021-12-21,229.30587768554688
2021-12-22,231.5428009033203
2021-12-23,248.9317169189453
2021-12-24,249.1427764892578
2021-12-27,247.49668884277344
2021-12-28,249.05831909179688
2021-12-29,250.7044219970703
2021-12-30,252.94126892089844
2021-12-31,251.7173309326172
2022-01-03,255.00936889648438
2022-01-04,253.23675537109375
2022-01-05,249.90235900878906
2022-01-06,253.82765197753906
2022-01-07,258.09033203125
2022-01-10,261.5513610839844
2022-01-11,262.4377136230469
2022-01-12,264.9278564453125
2022-01-13,264.6745910644531
2022-01-14,265.01220703125
2022-01-17,263.7881774902344
2022-01-18,265.8985595703125
2022-01-19,270.456787109375
2022-01-20,271.00555419921875
2022-01-21,265.8563537597656
2022-01-24,258.4280700683594
2022-01-25,260.7916564941406
2022-01-27,269.908203125
2022-01-28,263.1551208496094
2022-01-31,265.0965881347656
2022-02-01,264.63238525390625
2022-02-02,268.4730529785156
2022-02-03,269.2328186035156
2022-02-04,268.51531982421875
2022-02-07,269.8237609863281
2022-02-08,270.20355224609375
2022-02-09,270.921142578125
2022-02-10,271.42755126953125
2022-02-11,271.4696960449219
2022-02-14,262.5220642089844
2022-02-15,259.4410095214844
2022-02-16,263.95703125
2022-02-17,265.8985595703125
2022-02-18,267.5867919921875
2022-02-21,266.74267578125
2022-02-22,265.8985595703125
2022-02-23,265.8563537597656
2022-02-24,260.7494201660156
2022-02-25,270.2457580566406
2022-02-28,274.67742919921875
2022-03-02,265.68743896484375
2022-03-03,265.8563537597656
2022-03-04,264.1681213378906
2022-03-07,268.135498046875
2022-03-08,273.9176940917969
2022-03-09,286.79058837890625
2022-03-10,285.4822082519531
2022-03-11,289.5340270996094
2022-03-14,296.455810546875
2022-03-15,293.54351806640625
2022-03-16,304.89697265625
2022-03-17,291.5599365234375
2022-03-21,287.33929443359375
2022-03-22,283.7939453125
2022-03-23,282.4433898925781
2022-03-24,288.39434814453125
2022-03-25,292.2774353027344
2022-03-28,289.78717041015625
2022-03-29,293.54351806640625
2022-03-30,294.6831359863281
2022-03-31,291.5177307128906
2022-04-01,294.89410400390625
2022-04-04,296.87786865234375
2022-04-05,300.0433349609375
2022-04-06,302.78668212890625
2022-04-07,304.6859436035156
2022-04-08,308.1468811035156
2022-04-11,313.16943359375
2022-04-12,308.7377624511719
2022-04-13,305.2346496582031
2022-04-18,313.16943359375
2022-04-19,315.32196044921875
2022-04-20,315.1531066894531
2022-04-21,333.6815490722656
2022-04-22,348.36932373046875
2022-04-25,351.2393493652344
2022-04-26,331.52911376953125
2022-04-27,327.3507080078125
2022-04-28,328.6590576171875
2022-04-29,327.097412109375
2022-05-02,322.4969787597656
2022-05-04,315.6173400878906
2022-05-05,314.9421081542969
2022-05-06,320.5133361816406
2022-05-09,314.477783203125
2022-05-10,311.1435546875
2022-05-11,308.8643493652344
2022-05-12,309.11767578125
2022-05-13,319.5425109863281
2022-05-16,332.2887878417969
2022-05-17,340.41943359375
2022-05-18,377.3499755859375
2022-05-19,357.9646911621094
2022-05-20,363.65618896484375
2022-05-23,357.23724365234375
2022-05-24,365.710205078125
2022-05-25,350.261962890625
2022-05-26,347.3519287109375
2022-05-27,347.9083251953125
2022-05-30,344.48480224609375
2022-05-31,339.9059143066406
2022-06-01,334.2145080566406
2022-06-02,347.26641845703125
2022-06-03,349.7911376953125
2022-06-06,347.1379699707031
2022-06-07,340.6333923339844
2022-06-08,351.8023986816406
2022-06-09,347.394775390625
2022-06-10,338.06585693359375
2022-06-13,324.7572021484375
2022-06-14,325.2279357910156
2022-06-15,338.365478515625
2022-06-16,327.3676452636719
2022-06-17,338.9217224121094
2022-06-20,316.6693115234375
2022-06-21,320.3495178222656
2022-06-22,314.3584289550781
2022-06-23,321.16259765625
2022-06-24,316.9260559082031
2022-06-27,312.5184020996094
2022-06-28,335.7978820800781
2022-06-29,337.8518981933594
2022-06-30,338.57940673828125
2022-07-01,334.64239501953125
2022-07-04,339.69195556640625
2022-07-05,344.9983215332031
2022-07-06,348.1650085449219
2022-07-07,341.7460632324219
2022-07-08,347.4375915527344
2022-07-11,350.261962890625
2022-07-12,346.4961242675781
2022-07-13,338.4081726074219
2022-07-14,333.7438049316406
2022-07-15,336.1829528808594
2022-07-18,353.2574462890625
2022-07-19,377.4355773925781
2022-07-20,386.2081604003906
2022-07-21,389.760009765625
2022-07-22,392.7983093261719
2022-07-25,397.37713623046875
2022-07-26,387.5775451660156
2022-07-27,387.3635559082031
2022-07-28,387.2779846191406
2022-07-29,405.8502197265625
2022-08-01,431.3548889160156
2022-08-02,441.4541320800781
2022-08-03,440.5982666015625
2022-08-04,439.7423400878906
2022-08-05,434.0509033203125
2022-08-08,444.8775634765625
2022-08-10,451.96929931640625
2022-08-11,449.9368896484375
2022-08-12,453.13677978515625
2022-08-16,442.5857849121094
2022-08-17,444.7478942871094
2022-08-18,447.6449890136719
2022-08-19,447.55859375
2022-08-22,449.8936462402344
2022-08-23,475.363525390625
2022-08-24,472.72564697265625
2022-08-25,467.7096252441406
2022-08-26,476.44451904296875
2022-08-29,480.855224609375
2022-08-30,492.660400390625
2022-09-01,494.95220947265625
2022-09-02,490.195556640625
2022-09-05,464.1636657714844
2022-09-06,464.8555908203125
2022-09-07,482.5417785644531
2022-09-08,464.336669921875
2022-09-09,457.28814697265625
2022-09-12,444.3586730957031
2022-09-13,458.32586669921875
2022-09-14,466.6717224121094
2022-09-15,474.4986267089844
2022-09-16,469.95819091796875
2022-09-19,458.58544921875
2022-09-20,466.62841796875
2022-09-21,462.13128662109375
2022-09-22,466.7149963378906
2022-09-23,453.0071105957031
2022-09-26,424.1645202636719
2022-09-27,453.4828186035156
2022-09-28,447.8180847167969
2022-09-29,453.8287353515625
2022-09-30,467.40679931640625
2022-10-03,462.2610168457031
2022-10-04,466.7149963378906
2022-10-06,463.947509765625
2022-10-07,480.6391296386719
2022-10-10,459.5799865722656
2022-10-11,457.98004150390625
2022-10-12,440.4236145019531
2022-10-13,441.3749084472656
2022-10-14,444.5316467285156
2022-10-17,450.84503173828125
2022-10-18,449.5909118652344
2022-10-19,444.0992126464844
2022-10-20,437.5263671875
2022-10-21,447.73162841796875
2022-10-24,441.3316955566406
2022-10-25,453.9151916503906
2022-10-27,459.3205261230469
2022-10-28,474.75811767578125
2022-10-31,481.8498840332031
2022-11-01,479.08221435546875
2022-11-02,486.174072265625
2022-11-03,479.9039611816406
2022-11-04,479.60125732421875
2022-11-07,521.3299560546875
2022-11-09,504.1628112792969
2022-11-10,492.27117919921875
2022-11-11,501.8709716796875
2022-11-14,526.1300659179688
2022-11-15,531.57861328125
2022-11-16,521.5030517578125
2022-11-17,530.9299926757812
2022-11-18,539.3621826171875
2022-11-21,545.5025634765625
2022-11-22,552.4139404296875
2022-11-23,559.412353515625
2022-11-24,560.8121337890625
2022-11-25,583.032958984375
2022-11-28,606.1286010742188
2022-11-29,600.7044677734375
2022-11-30,580.58349609375
2022-12-01,594.099609375
2022-12-02,607.0909423828125
2022-12-05,604.5538330078125
2022-12-06,596.6803588867188
2022-12-07,598.7361450195312
2022-12-08,604.5100708007812
2022-12-09,594.5370483398438
2022-12-12,601.5794067382812
2022-12-13,624.9812622070312
2022-12-14,628.0431518554688
2022-12-15,599.698486328125
2022-12-16,612.2525024414062
2022-12-19,620.0822143554688
2022-12-20,634.9105834960938
2022-12-21,627.9556884765625
2022-12-22,627.8244018554688
2022-12-23,569.1231689453125
2022-12-26,581.7645263671875
2022-12-27,595.23681640625
2022-12-28,576.9091796875
2022-12-29,581.8081665039062
2022-12-30,586.9259643554688
2023-01-02,591.69384765625
2023-01-03,579.052490234375
2023-01-04,581.283203125
2023-01-05,568.248291015625
2023-01-06,566.8047485351562
2023-01-09,565.66748046875
2023-01-10,577.0841064453125
2023-01-11,566.5861206054688
2023-01-12,562.0807495117188
2023-01-13,544.3653564453125
2023-01-16,547.383544921875
2023-01-17,555.5631713867188
2023-01-18,568.1607666015625
2023-01-19,569.5604248046875
2023-01-20,553.857177734375
2023-01-23,555.869384765625
2023-01-24,555.5194091796875
2023-01-25,553.4198608398438
2023-01-27,548.4771118164062
2023-01-30,546.5524291992188
2023-01-31,561.2496337890625
2023-02-01,550.8829345703125
2023-02-02,558.931396484375
2023-02-03,563.0430297851562
2023-02-06,533.604736328125
2023-02-07,544.015380859375
2023-02-08,549.351806640625
2023-02-09,539.3348999023438
2023-02-10,548.4522094726562
2023-02-13,503.79534912109375
2023-02-14,502.7774353027344
2023-02-15,503.1756591796875
2023-02-16,508.6195068359375
2023-02-17,521.80859375
2023-02-20,530.6602783203125
2023-02-21,523.8888549804688
2023-02-22,504.1495056152344
2023-02-23,503.22003173828125
2023-02-24,507.91131591796875
2023-02-27,492.02252197265625
2023-02-28,487.9064636230469
2023-03-01,502.1578063964844
2023-03-02,524.9952392578125
2023-03-03,513.2224731445312
2023-03-06,515.5680541992188
2023-03-08,537.2548828125
2023-03-09,548.1425170898438
2023-03-10,536.76806640625
2023-03-13,513.355224609375
2023-03-14,517.4271240234375
2023-03-15,521.9413452148438
2023-03-16,523.2692260742188
2023-03-17,526.5885620117188
2023-03-20,521.45458984375
2023-03-21,535.26318359375
2023-03-22,537.2105102539062
2023-03-23,532.1649780273438
2023-03-24,552.745361328125
2023-03-27,561.375732421875
2023-03-28,562.7478637695312
2023-03-29,575.5828247070312
2023-03-31,570.5372924804688
2023-04-03,571.6437377929688
2023-04-05,564.9163818359375
2023-04-06,572.3075561523438
2023-04-10,570.6700439453125
2023-04-11,574.830322265625
2023-04-12,572.79443359375
2023-04-13,573.546875
2023-04-17,571.510986328125
2023-04-18,581.646240234375
2023-04-19,567.6604614257812
2023-04-20,573.3255615234375
2023-04-21,566.0228881835938
2023-04-24,571.4666137695312
2023-04-25,563.4116821289062
2023-04-26,574.5648193359375
2023-04-27,588.417724609375
2023-04-28,599.7921142578125
2023-05-02,591.648681640625
2023-05-03,592.401123046875
2023-05-04,595.4107055664062
2023-05-05,580.3185424804688
2023-05-08,591.0289306640625
2023-05-09,577.0875854492188
2023-05-10,602.3148803710938
2023-05-11,602.1821899414062
2023-05-12,599.0398559570312
2023-05-15,638.6513061523438
2023-05-16,627.0112915039062
2023-05-17,624.2670288085938
2023-05-18,604.4835815429688
2023-05-19,602.8019409179688
2023-05-22,592.7993774414062
2023-05-23,600.7216796875
2023-05-24,601.70849609375
2023-05-25,606.8666381835938
2023-05-26,603.81640625
2023-05-29,614.4915771484375
2023-05-30,616.3306274414062
2023-05-31,616.4203491210938
2023-06-01,613.1459350585938
2023-06-02,616.1063842773438
2023-06-05,635.124267578125
2023-06-06,637.7705078125
2023-06-07,640.0580444335938
2023-06-08,642.0316162109375
2023-06-09,646.920654296875
2023-06-12,649.9706420898438
2023-06-13,648.0867919921875
2023-06-14,647.3692016601562
2023-06-15,676.1651000976562
2023-06-16,677.2415771484375
2023-06-19,671.4554443359375
2023-06-20,649.6566772460938
2023-06-21,653.648681640625
2023-06-22,641.94189453125
2023-06-23,629.7866821289062
2023-06-26,652.258056640625
2023-06-27,672.1731567382812
2023-06-28,674.0121459960938
2023-06-30,666.0731201171875
2023-07-03,657.0126342773438
2023-07-04,651.0471801757812
2023-07-05,654.6353759765625
2023-07-06,663.0679321289062
2023-07-07,665.176025390625
2023-07-10,680.5158081054688
2023-07-11,690.3836059570312
2023-07-12,676.3445434570312
2023-07-13,684.5975952148438
2023-07-14,707.5624389648438
2023-07-17,716.8919677734375
2023-07-18,702.8529052734375
2023-07-19,700.9241943359375
2023-07-20,692.4019775390625
2023-07-21,685.763671875
2023-07-24,697.5601806640625
2023-07-25,697.2461547851562
2023-07-26,689.396728515625
2023-07-27,683.745361328125
2023-07-28,688.9931030273438
2023-07-31,708.5941772460938
2023-08-01,709.356689453125
2023-08-02,708.369873046875
2023-08-03,720.61474609375
2023-08-04,718.1029663085938
2023-08-07,693.6129760742188
2023-08-08,675.9407348632812
2023-08-09,679.0804443359375
2023-08-10,681.5474243164062
2023-08-11,684.8665771484375
2023-08-14,668.8068237304688
2023-08-16,686.281005859375
2023-08-17,703.6638793945312
2023-08-18,711.2374877929688
2023-08-21,707.2225341796875
2023-08-22,699.922607421875
2023-08-23,712.0587768554688
2023-08-24,699.7858276367188
2023-08-25,694.5390625
2023-08-28,695.132080078125
2023-08-29,686.3265380859375
2023-08-30,692.4859008789062
2023-08-31,697.5957641601562
2023-09-01,700.9719848632812
2023-09-04,699.9682006835938
2023-09-05,702.2039184570312
2023-09-06,704.0288696289062
2023-09-07,744.132568359375
2023-09-08,752.7100830078125
2023-09-11,756.5880126953125
2023-09-12,731.9052734375
2023-09-13,747.1893920898438
2023-09-14,741.1213989257812
2023-09-15,763.0665893554688
2023-09-18,756.6337280273438
2023-09-20,745.5469970703125
2023-09-21,720.45361328125
2023-09-22,740.1632690429688
2023-09-25,750.793701171875
2023-09-26,776.6170654296875
2023-09-27,781.2708129882812
2023-09-28,768.9522705078125
2023-09-29,773.0584106445312
2023-10-03,779.76513671875
2023-10-04,766.94482421875
2023-10-05,754.26123046875
2023-10-06,763.3860473632812
2023-10-09,773.6514892578125
2023-10-10,776.2977905273438
2023-10-11,781.5444946289062
2023-10-12,789.3007202148438
2023-10-13,788.5250244140625
2023-10-16,802.577392578125
2023-10-17,796.2811889648438
2023-10-18,791.6275024414062
2023-10-19,802.988037109375
2023-10-20,784.053955078125
2023-10-23,756.086181640625
2023-10-25,747.873779296875
2023-10-26,728.8484497070312
2023-10-27,755.3104858398438
2023-10-30,727.9815673828125
2023-10-31,724.7422485351562
2023-11-01,728.711669921875
2023-11-02,720.3622436523438
2023-11-03,719.6780395507812
2023-11-06,710.5074462890625
2023-11-07,703.70947265625
2023-11-08,703.3875122070312
2023-11-09,674.6373901367188
2023-11-10,697.0394287109375
2023-11-13,711.7134399414062
2023-11-15,728.5035400390625
2023-11-16,720.8215942382812
2023-11-17,718.2455444335938
2023-11-20,717.4635009765625
2023-11-21,732.45947265625
2023-11-22,735.1275024414062
2023-11-23,753.4815673828125
2023-11-24,760.8416137695312
2023-11-28,750.7214965820312
2023-11-29,747.5015258789062
2023-11-30,805.5076293945312
2023-12-01,799.8037109375
2023-12-04,820.2276611328125
2023-12-05,828.4157104492188
2023-12-06,816.86962890625
2023-12-07,820.08984375
2023-12-08,821.4237670898438
2023-12-11,808.5897216796875
2023-12-12,808.3135375976562
2023-12-13,788.7176513671875
2023-12-14,789.1317138671875
2023-12-15,827.2657470703125
2023-12-18,849.1618041992188
2023-12-19,903.6259155273438
2023-12-20,888.3538818359375
2023-12-21,917.931884765625
2023-12-22,934.8600463867188
2023-12-26,916.8738403320312
2023-12-27,903.5338745117188
2023-12-28,896.587890625
2023-12-29,898.6578979492188
2024-01-01,894.8399658203125
2024-01-02,900.0838623046875
2024-01-03,915.81591796875
2024-01-04,896.9098510742188
2024-01-05,897.0020141601562
2024-01-08,892.2179565429688
2024-01-09,887.893798828125
2024-01-10,892.2179565429688
2024-01-11,896.0819702148438
2024-01-12,883.7537841796875
2024-01-15,877.2677612304688
2024-01-16,898.15185546875
2024-01-17,875.3357543945312
2024-01-18,882.557861328125
2024-01-19,889.3658447265625
2024-01-23,881.5918579101562
2024-01-24,895.4378051757812
2024-01-25,927.0859985351562
2024-01-29,948.8440551757812
2024-01-30,911.537841796875
2024-01-31,911.3079833984375
2024-02-01,908.6858520507812
2024-02-02,887.5718383789062
2024-02-05,892.263916015625
2024-02-06,933.47998046875
2024-02-07,918.9898681640625
2024-02-08,914.7119750976562
2024-02-09,883.5238647460938
2024-02-12,860.279296875
2024-02-13,867.8732299804688
2024-02-14,868.79931640625
2024-02-15,882.9681396484375
2024-02-16,877.365478515625
2024-02-19,856.7138671875
2024-02-20,863.1964721679688
2024-02-21,852.0834350585938
2024-02-22,854.8154296875
2024-02-23,885.7927856445312
2024-02-26,888.2930908203125
2024-02-27,881.0233764648438
2024-02-28,883.1998291015625
2024-02-29,931.5409545898438
2024-03-01,924.9657592773438
2024-03-04,922.7432250976562
2024-03-05,945.524658203125
2024-03-06,921.724609375
2024-03-07,933.3467407226562
2024-03-11,897.5076293945312
2024-03-12,870.3734741210938
2024-03-13,842.4522705078125
2024-03-14,897.785400390625
2024-03-15,923.1599731445312
2024-03-18,939.4588623046875
2024-03-19,925.4287719726562
2024-03-20,905.7959594726562
2024-03-21,910.889404296875
2024-03-22,921.4003295898438
2024-03-26,898.3873291015625
2024-03-27,923.2525634765625
2024-03-28,927.2347412109375
2024-04-01,923.6229858398438
2024-04-02,921.5856323242188
2024-04-03,946.4970092773438
2024-04-04,948.8123779296875
2024-04-05,964.0925903320312
2024-04-08,913.7139282226562
2024-04-09,915.2882690429688
2024-04-10,910.9357299804688
2024-04-12,886.3946533203125
2024-04-15,886.348388671875
2024-04-16,923.3914794921875
2024-04-18,946.913818359375
2024-04-19,934.3192138671875
2024-04-22,954.831787109375
2024-04-23,944.644775390625
2024-04-24,989.0503540039062
2024-04-25,1005.9512939453125
2024-04-26,1009.609130859375
2024-04-29,1003.9138793945312
2024-04-30,1009.4705200195312
2024-05-02,985.9942016601562
2024-05-03,963.814697265625
2024-05-06,930.6148681640625
2024-05-07,910.9357299804688
2024-05-08,920.3353881835938
2024-05-09,897.461181640625
2024-05-10,918.6685180664062
2024-05-13,927.7439575195312
2024-05-14,971.4086303710938
2024-05-15,962.3329467773438
2024-05-16,981.41015625
2024-05-17,947.9324951171875
2024-05-21,970.2510375976562
2024-05-22,959.1158447265625
2024-05-23,958.5076293945312
2024-05-24,947.6064453125
2024-05-27,938.3895874023438
2024-05-28,945.3607177734375
2024-05-29,988.2167358398438
2024-05-30,963.74755859375
2024-05-31,1008.0540161132812
2024-06-03,996.5916137695312
2024-06-04,923.5115966796875
2024-06-05,984.9885864257812
2024-06-06,1001.0830688476562
2024-06-07,1083.3798828125
2024-06-10,1111.4984130859375
2024-06-11,1098.1641845703125
2024-06-12,1084.876953125
2024-06-13,1111.9661865234375
2024-06-14,1137.6517333984375
2024-06-18,1148.2723388671875
2024-06-19,1115.2413330078125
2024-06-20,1103.404296875
2024-06-21,1092.5496826171875
2024-06-24,1121.5103759765625
2024-06-25,1113.2293701171875
2024-06-26,1115.709228515625
2024-06-27,1114.39892578125
2024-06-28,1146.26025390625
2024-07-01,1140.2718505859375
2024-07-02,1136.71630859375
2024-07-03,1158.2843017578125
2024-07-04,1159.68798828125
2024-07-05,1186.3092041015625
2024-07-08,1256.86279296875
2024-07-09,1299.765869140625
2024-07-10,1274.9691162109375
2024-07-11,1360.5875244140625
2024-07-12,1347.6278076171875
2024-07-15,1306.5029296875
2024-07-16,1273.8929443359375
2024-07-18,1251.9501953125
2024-07-19,1211.480224609375
2024-07-22,1278.6651611328125
2024-07-23,1237.8206787109375
2024-07-24,1243.7626953125
2024-07-25,1256.81591796875
2024-07-26,1258.640625
2024-07-29,1284.513427734375
2024-07-30,1288.537109375
2024-07-31,1298.455810546875
2024-08-01,1274.9691162109375
2024-08-02,1247.645751953125
2024-08-05,1179.5721435546875
2024-08-06,1209.374755859375
2024-08-07,1254.2427978515625
2024-08-08,1271.2261962890625
2024-08-09,1247.13134765625
2024-08-12,1259.5765380859375
2024-08-13,1290.1920166015625
2024-08-14,1289.297119140625
2024-08-16,1299.9891357421875
2024-08-19,1307.5252685546875
2024-08-20,1278.4639892578125
2024-08-21,1299.5181884765625
2024-08-22,1294.7137451171875
2024-08-23,1241.065673828125
2024-08-26,1201.9718017578125
2024-08-27,1233.1998291015625
2024-08-28,1233.011474609375
2024-08-29,1226.0404052734375
2024-08-30,1254.7249755859375
2024-09-02,1241.3482666015625
2024-09-03,1240.029296875
2024-09-04,1254.206787109375
2024-09-05,1254.819091796875
2024-09-06,1219.6817626953125
2024-09-09,1199.8521728515625
2024-09-10,1216.8558349609375
2024-09-11,1204.468017578125
2024-09-12,1205.033203125
2024-09-13,1186.758056640625
2024-09-16,1187.464599609375
2024-09-17,1182.2838134765625
2024-09-18,1163.6317138671875
2024-09-19,1136.878173828125
2024-09-20,1152.7509765625
2024-09-23,1167.3055419921875
2024-09-24,1151.0556640625
2024-09-25,1137.3021240234375
2024-09-26,1136.171630859375
2024-09-27,1139.562744140625
2024-09-30,1130.8963623046875
2024-10-01,1131.508544921875
2024-10-03,1161.511962890625
2024-10-04,1161.935791015625
2024-10-07,1132.921630859375
2024-10-08,1198.9573974609375
2024-10-09,1219.16357421875
2024-10-10,1198.7689208984375
2024-10-11,1198.0625
2024-10-14,1203.5732421875
2024-10-15,1205.8341064453125
2024-10-16,1262.967529296875
2024-10-17,1240.6417236328125
2024-10-18,1194.5299072265625
2024-10-21,1179.316162109375
2024-10-22,1159.3924560546875
2024-10-23,1144.0845947265625
2024-10-24,1180.06982421875
2024-10-25,1174.6060791015625
2024-10-28,1173.5225830078125
2024-10-29,1167.776611328125
2024-10-30,1213.2760009765625
2024-10-31,1214.64208984375
2024-11-01,1209.696533203125
2024-11-04,1218.457275390625
2024-11-05,1218.692626953125
2024-11-06,1185.0152587890625
2024-11-07,1216.71435546875
2024-11-08,1134.0048828125
2024-11-11,1112.2913818359375
2024-11-12,1059.679443359375
2024-11-13,1022.5167846679688
2024-11-14,1047.6217041015625
2024-11-18,1006.031494140625
2024-11-19,1007.785888671875
2024-11-21,1019.3568115234375
2024-11-22,1032.3974609375
2024-11-25,1041.0279541015625
2024-11-26,1054.2581787109375
2024-11-27,1049.9432373046875
2024-11-28,1046.1966552734375
2024-11-29,1044.0628662109375
2024-12-02,1021.1112670898438
2024-12-03,1052.5985107421875
2024-12-04,1028.8880615234375
2024-12-05,1021.25341796875
2024-12-06,1044.2525634765625
2024-12-09,1050.4173583984375
2024-12-10,1023.3399658203125
2024-12-11,1027.8924560546875
2024-12-12,1028.4139404296875
2024-12-13,1017.50732421875
2024-12-16,1015.0888061523438
2024-12-17,996.1204223632812
2024-12-18,976.4881591796875
2024-12-19,971.7935180664062
2024-12-20,942.060791015625
2024-12-23,901.6583251953125
2024-12-24,919.5359497070312
2024-12-26,914.7938232421875
2024-12-27,932.3395385742188
2024-12-30,897.8171997070312
2024-12-31,912.3753662109375
2025-01-01,919.915283203125
2025-01-02,927.976806640625
2025-01-03,933.9044189453125
2025-01-06,896.5368041992188
2025-01-07,930.158203125
2025-01-08,914.4619750976562
2025-01-09,903.1757202148438
2025-01-10,889.4710693359375
2025-01-13,850.4439086914062
2025-01-14,884.8240356445312
2025-01-15,866.329833984375
2025-01-16,937.3187255859375
2025-01-17,903.0335083007812
2025-01-20,909.862060546875
2025-01-21,899.7615356445312
2025-01-22,898.5759887695312
2025-01-23,915.5052490234375
2025-01-24,889.7557373046875
2025-01-27,865.0020141601562
2025-01-28,862.0145263671875
2025-01-29,883.2117309570312
2025-01-30,899.2398681640625
2025-01-31,933.2406005859375
2025-02-01,948.4625854492188
2025-02-03,912.989013671875
2025-02-04,897.26025390625
2025-02-05,883.9218139648438
2025-02-06,859.1095581054688
2025-02-07,873.1172485351562
2025-02-10,872.878173828125
2025-02-11,845.7232666015625
2025-02-12,853.8506469726562
2025-02-13,871.9698486328125
2025-02-14,862.9341430664062
2025-02-17,863.07763671875
2025-02-18,855.3327026367188
2025-02-19,862.98193359375
2025-02-20,871.6830444335938
2025-02-21,865.372314453125
2025-02-24,852.6076049804688
2025-02-25,844.3367919921875
2025-02-27,801.2140502929688
2025-02-28,775.15869140625
2025-03-03,785.8677368164062
2025-03-04,785.628662109375
2025-03-05,810.154052734375
2025-03-06,834.297119140625
2025-03-07,866.7588500976562
2025-03-10,853.8027954101562
2025-03-11,865.4678955078125
2025-03-12,856.6234741210938
2025-03-13,857.7708740234375
2025-03-17,853.5638427734375
2025-03-18,853.5638427734375
2025-03-19,889.4197998046875
2025-03-20,911.17236328125
2025-03-21,900.9415283203125
2025-03-24,903.9534301757812
2025-03-25,884.3042602539062
2025-03-26,875.4597778320312
2025-03-27,879.7147827148438
2025-03-28,890.8062133789062
2025-04-01,882.7744140625
2025-04-02,887.6508178710938
2025-04-03,895.0610961914062
2025-04-04,866.8543090820312
2025-04-07,834.6318359375
2025-04-08,826.6956787109375
2025-04-09,822.6798706054688
2025-04-11,825.1179809570312
2025-04-15,841.5161743164062
2025-04-16,850.4562377929688
2025-04-17,839.6994018554688
2025-04-21,867.0934448242188
2025-04-22,871.778564453125
2025-04-23,883.7305908203125
2025-04-24,876.89404296875
2025-04-25,847.826904296875
2025-04-28,868.38427734375
2025-04-29,861.2130737304688
2025-04-30,831.9067993164062
2025-05-02,834.7274169921875
2025-05-05,889.993408203125
2025-05-06,848.6873168945312
2025-05-07,834.297119140625
2025-05-08,825.978515625
2025-05-09,837.1655883789062
2025-05-12,872.7825927734375
2025-05-13,856.1931762695312
2025-05-14,881.1011962890625
2025-05-15,874.6572265625
2025-05-16,935.5869140625
2025-05-19,925.680419921875
2025-05-20,882.4957885742188
2025-05-21,875.7152099609375
2025-05-22,876.9655151367188
2025-05-23,888.0260620117188
2025-05-26,896.2013549804688
2025-05-27,898.6058349609375
2025-05-28,905.386474609375
2025-05-29,901.1065673828125
2025-05-30,895.2395629882812
2025-06-02,934.7212524414062
2025-06-03,939.289794921875
2025-06-04,952.6587524414062
2025-06-05,961.7958374023438
2025-06-06,947.561279296875
2025-06-09,949.629150390625
2025-06-10,944.14697265625
2025-06-11,929.76806640625
2025-06-12,937.7509765625
2025-06-13,951.64892578125
2025-06-16,966.7491455078125
2025-06-17,940.9729614257812
2025-06-18,925.8246459960938
2025-06-19,919.669189453125
2025-06-20,926.0650634765625
2025-06-23,956.5540161132812
2025-06-24,935.538818359375
2025-06-25,948.3307495117188
2025-06-26,950.2061767578125
2025-06-27,936.5968017578125
2025-06-30,941.453857421875
2025-07-01,942.3676147460938
2025-07-02,961.7958374023438
2025-07-03,961.7478637695312
2025-07-04,993.53515625
2025-07-07,984.3980712890625
2025-07-08,976.6075439453125
2025-07-09,989.2070922851562
2025-07-10,967.8070678710938
2025-07-11,954.1014404296875
2025-07-14,956.7944946289062
2025-07-15,950.4466552734375
2025-07-16,952.5626831054688
2025-07-17,957.131103515625
2025-07-18,953.716796875
2025-07-21,952.5626831054688
2025-07-22,952.3222045898438
2025-07-23,951.8412475585938
2025-07-24,938.7608642578125
2025-07-25,925.1033325195312
2025-07-28,898.125
2025-07-29,921.544677734375
2025-07-30,910.8206176757812
2025-07-31,903.991943359375
2025-08-01,893.748779296875
2025-08-04,894.9510498046875
2025-08-05,889.1802978515625
2025-08-06,903.4781494140625
2025-08-07,911.135986328125
2025-08-08,902.3148803710938
2025-08-11,917.8244018554688
2025-08-12,944.0936279296875
2025-08-13,929.4564819335938
2025-08-14,941.0402221679688
2025-08-18,944.1905517578125
2025-08-19,952.381591796875
2025-08-20,952.187744140625
2025-08-21,950.1036376953125
2025-08-22,938.1806640625
2025-08-25,925.2399291992188
2025-08-26,918.3575439453125
2025-08-28,906.0469360351562
2025-08-29,898.9221801757812
2025-09-01,927.0816650390625
2025-09-02,931.1528930664062
2025-09-03,929.4080810546875
2025-09-04,941.2340698242188
2025-09-05,941.3795166015625
2025-09-08,922.7196655273438
2025-09-09,945.2568969726562
2025-09-10,957.470703125
2025-09-11,956.3074951171875
2025-09-12,961.59033203125
2025-09-15,965.177001953125
2025-09-16,1025.7125244140625
2025-09-17,1015.5828247070312
2025-09-18,1027.16650390625
2025-09-19,1022.0775756835938
2025-09-22,1015.7281494140625
2025-09-23,1010.0576782226562
2025-09-24,997.4075927734375
2025-09-25,986.7933349609375
2025-09-26,964.5953369140625
2025-09-29,946.080810546875
2025-09-30,963.2866821289062
2025-10-01,964.110595703125
2025-10-03,1021.8351440429688
2025-10-06,1029.0084228515625
2025-10-07,1016.1160888671875
2025-10-08,1008.6036376953125
2025-10-09,1018.006103515625
2025-10-10,1017.5700073242188
2025-10-13,1013.8865356445312
2025-10-14,997.64990234375
2025-10-15,1000.6065063476562
2025-10-16,1012.9656372070312
2025-10-17,1002.7875366210938
2025-10-20,1001.7696533203125
2025-10-21,1004.2415771484375
2025-10-23,988.0050048828125
2025-10-24,991.4461669921875
2025-10-27,1020.2357788085938
2025-10-28,1025.61572265625
2025-10-29,1039.0411376953125
2025-10-30,1050.4310302734375
2025-10-31,1065.8919677734375
2025-11-03,1051.3516845703125
2025-11-04,1021.108154296875
2025-11-06,1017.32763671875
2025-11-07,1051.9332275390625
2025-11-10,1056.198486328125
2025-11-11,1074.8099365234375
2025-11-12,1123.4710693359375
2025-11-13,1108.0595703125
2025-11-14,1105.328369140625
2025-11-17,1105.5235595703125
2025-11-18,1103.475341796875
2025-11-19,1089.7220458984375
2025-11-20,1073.5302734375
2025-11-21,1069.628662109375
2025-11-24,1061.337646484375
2025-11-25,1037.8304443359375
2025-11-26,1066.9951171875
2025-11-27,1068.0679931640625
2025-11-28,1079.67529296875
2025-12-01,1097.330078125
2025-12-02,1070.1163330078125
2025-12-03,1077.822021484375
2025-12-04,1076.8465576171875
2025-12-05,1064.1663818359375
2025-12-08,1045.0484619140625
2025-12-09,1050.315673828125
2025-12-10,1059.1917724609375
2025-12-11,1068.848388671875
2025-12-12,1082.11376953125
2025-12-15,1101.036865234375
2025-12-16,1077.9195556640625
2025-12-17,1084.64990234375
2025-12-18,1084.454833984375
2025-12-19,1066.019775390625
2025-12-22,1084.844970703125
2025-12-23,1081.8211669921875
2025-12-24,1082.40625
2025-12-26,1069.7261962890625
2025-12-29,1075.4810791015625
2025-12-30,1075.0908203125
2025-12-31,1101.231689453125
2026-01-01,1087.1859130859375
2026-01-02,1086.6007080078125
2026-01-05,1098.2081298828125
2026-01-06,1066.8975830078125
2026-01-07,1080.8458251953125
2026-01-08,1057.923828125
2026-01-09,1060.06982421875
2026-01-12,1072.9449462890625
2026-01-13,1079.090087890625
2026-01-14,1094.8916015625
2026-01-15,1094.8916015625
2026-01-16,1094.013671875
2026-01-19,1086.9908447265625
2026-01-20,1055.972900390625
2026-01-21,1068.262939453125
2026-01-22,1086.9908447265625
2026-01-23,1081.5286865234375
2026-01-27,1090.112060546875
2026-01-28,1144.7347412109375
2026-01-29,1157.4150390625
2026-01-30,1172.826416015625
2026-02-02,1186.4820556640625
2026-02-03,1197.1141357421875
2026-02-04,1217.257568359375
2026-02-05,1244.082763671875
2026-02-06,1252.0418701171875
2026-02-09,1290.3636474609375
2026-02-10,1319.3507080078125
2026-02-11,1325.44287109375
2026-02-12,1316.9925537109375
2026-02-13,1277.491455078125
2026-02-16,1289.0863037109375
2026-02-17,1295.178466796875
2026-02-18,1268.3533935546875
2026-02-19,1270.416748046875
2026-02-20,1264.8157958984375
2026-02-23,1276.6070556640625
2026-02-24,1300.1898193359375
2026-02-25,1323.3795166015625
2026-02-26,1323.182861328125
2026-02-27,1315.6168212890625
2026-03-02,1303.334228515625
2026-03-04,1331.0438232421875
2026-03-05,1365.2386474609375
2026-03-06,1390.688232421875
2026-03-09,1315.2237548828125
2026-03-10,1366.9090576171875
2026-03-11,1402.184814453125
2026-03-12,1460.6500244140625
2026-03-13,1434.5126953125
2026-03-16,1349.5169677734375
2026-03-17,1401.59521484375
2026-03-18,1415.9412841796875
2026-03-19,1416.236083984375
2026-03-20,1404.8377685546875
2026-03-23,1336.349853515625
2026-03-24,1374.376953125
2026-03-25,1391.8673095703125
2026-03-27,1390.3934326171875
2026-03-30,1390.0986328125
2026-04-01,1434.7091064453125
2026-04-02,1414.565673828125
2026-04-06,1437.5587158203125
2026-04-07,1399.7281494140625
2026-04-08,1365.4351806640625
2026-04-09,1367.0072021484375
2026-04-10,1349.025634765625
2026-04-13,1312.0794677734375
2026-04-15,1376.04736328125
2026-04-16,1357.3778076171875
2026-04-17,1399.5318603515625
2026-04-20,1398.8438720703125
2026-04-21,1420.4613037109375
2026-04-22,1423.900390625
2026-04-23,1389.803955078125
2026-04-24,1379.977783203125
2026-04-27,1399.433349609375
2026-04-28,1448.760498046875
2026-04-29,1527.5657958984375
2026-04-30,1549.3797607421875
2026-05-01,1549.3797607421875
2026-05-04,1510.075439453125
2026-05-05,1497.301513671875
2026-05-06,1547.709228515625
2026-05-07,1525.404052734375
2026-05-08,1560.6798095703125
2026-05-11,1554.7841796875
2026-05-12,1484.2327880859375
2026-05-13,1472.34326171875
2026-05-14,1459.0780029296875
2026-05-15,1507.225830078125
2026-05-18,1666.9981689453125
2026-05-19,1686.060791015625
2026-05-20,1647.673828125
2026-05-21,1701.296875
2026-05-22,1648.3663330078125
2026-05-25,1631.0526123046875
2026-05-26,1633.1302490234375
2026-05-27,1495.214111328125
2026-05-28,1495.214111328125
2026-05-29,1403.797607421875
2026-06-01,1452.078125
2026-06-02,1501.0511474609375
2026-06-03,1464.445068359375
2026-06-04,1476.1195068359375
2026-06-05,1448.41748046875
2026-06-08,1417.2528076171875
2026-06-09,1426.8494873046875
2026-06-10,1353.241455078125
2026-06-11,1374.71044921875
2026-06-12,1374.314697265625
2026-06-15,1369.466796875
2026-06-16,1403.500732421875
2026-06-17,1389.451904296875
2026-06-18,1397.0699462890625
2026-06-19,1422.3973388671875
2026-06-22,1457.6185302734375
2026-06-23,1454.6505126953125
2026-06-24,1481.2640380859375
2026-06-25,1483.044921875
2026-06-26,1483.044921875
2026-06-29,1506.9873046875
2026-06-30,1467.314208984375
2026-07-01,1405.875244140625
2026-07-02,1406.765625
2026-07-03,1425.0687255859375
2026-07-06,1395.0911865234375
2026-07-07,1370.159423828125
2026-07-08,1360.4637451171875
2026-07-09,1399.1474609375
2026-07-10,1405.7762451171875
2026-07-13,1387.077392578125
2026-07-14,1403.6986083984375
2026-07-15,1378.37109375
2026-07-16,1362.7392578125
2026-07-17,1331.079833984375
2026-07-20,1372.3359375
2026-07-21,1393.904052734375
2026-07-22,1419.9239501953125
2026-07-23,1426.552734375
2026-07-24,1422.5953369140625
2026-07-27,1383.713623046875
2026-07-28,1362.7392578125
2026-07-29,1356.1104736328125
2026-07-30,1356.7042236328125
2026-07-31,1336.026611328125
2026-08-03,1383.5157470703125
2026-08-04,1419.6273193359375
2026-08-05,1389.7486572265625
2026-08-06,1338.5
2026-08-07,1341.800048828125
2026-08-10,1329.5999755859375
2026-08-11,1292.5999755859375
2026-08-12,1281.9000244140625
2026-08-13,1298.800048828125
2026-08-14,1284.5
2026-08-17,1274.9000244140625
2026-08-18,1302.9000244140625
2026-08-19,1315.5
2026-08-20,1299.0
2026-08-21,1311.300048828125
2026-08-24,1333.0
2026-08-25,1342.5999755859375
2026-08-26,1332.199951171875
2026-08-27,1317.199951171875
2026-08-28,1339.5999755859375
2026-08-31,1301.800048828125
2026-09-01,1325.5999755859375
2026-09-02,1305.5999755859375
2026-09-03,1353.5999755859375
2026-09-04,1369.699951171875
2026-09-07,1376.699951171875
2026-09-08,1383.800048828125
2026-09-09,1393.4000244140625
2026-09-10,1400.199951171875
2026-09-11,1412.199951171875
2026-09-14,1412.199951171875
2026-09-15,1390.4000244140625
2026-09-16,1391.5999755859375
2026-09-17,1425.0999755859375
2026-09-18,1432.0999755859375
2026-09-21,1487.0999755859375
