Date,HINDALCO
1996-01-01,57.75780487060547
1996-01-02,57.88351821899414
1996-01-03,57.632144927978516
1996-01-04,57.00678253173828
1996-01-05,56.85279846191406
1996-01-08,56.58570861816406
1996-01-09,56.563697814941406
1996-01-10,56.563697814941406
1996-01-11,56.87793731689453
1996-01-12,57.00364303588867
1996-01-15,56.563697814941406
1996-01-16,55.71524429321289
1996-01-17,57.00678253173828
1996-01-18,56.62968826293945
1996-01-19,56.82139587402344
1996-01-22,56.73338317871094
1996-01-23,56.56999588012695
1996-01-24,56.47256851196289
1996-01-25,56.85594177246094
1996-01-26,56.85594177246094
1996-01-29,56.9407844543457
1996-01-30,57.236183166503906
1996-01-31,56.9407844543457
1996-02-01,58.41774368286133
1996-02-02,60.96308898925781
1996-02-05,63.12822723388672
1996-02-06,63.08739471435547
1996-02-07,63.18791580200195
1996-02-08,65.111083984375
1996-02-09,68.24723815917969
1996-02-12,69.35337829589844
1996-02-13,70.28040313720703
1996-02-14,76.52440643310547
1996-02-15,72.5995101928711
1996-02-16,72.45182800292969
1996-02-19,70.44066619873047
1996-02-20,70.27726745605469
1996-02-21,70.27726745605469
1996-02-22,70.76748657226562
1996-02-23,71.77620697021484
1996-02-26,72.27269744873047
1996-02-27,70.6574935913086
1996-02-28,72.3355484008789
1996-02-29,70.92774963378906
1996-03-01,70.63549041748047
1996-03-04,72.15013885498047
1996-03-05,72.15013885498047
1996-03-06,72.19099426269531
1996-03-07,71.5248031616211
1996-03-08,71.01886749267578
1996-03-11,69.35337829589844
1996-03-12,68.91344451904297
1996-03-13,68.88200378417969
1996-03-14,69.43824768066406
1996-03-15,69.0737075805664
1996-03-18,68.61807250976562
1996-03-19,69.62049102783203
1996-03-20,69.62049102783203
1996-03-21,69.13026428222656
1996-03-22,69.13341522216797
1996-03-25,67.37995147705078
1996-03-26,67.83245086669922
1996-03-27,70.55064392089844
1996-03-28,70.70465087890625
1996-03-29,70.86175537109375
1996-04-01,71.3331069946289
1996-04-02,70.82089233398438
1996-04-03,71.08173370361328
1996-04-04,71.22942352294922
1996-04-05,71.22942352294922
1996-04-08,71.710205078125
1996-04-09,72.57122802734375
1996-04-10,72.9043197631836
1996-04-11,72.5900650024414
1996-04-12,73.53282165527344
1996-04-15,76.20072937011719
1996-04-16,75.46854400634766
1996-04-17,77.8945083618164
1996-04-18,78.70838928222656
1996-04-19,80.46499633789062
1996-04-22,79.5505599975586
1996-04-23,78.72724914550781
1996-04-24,80.32989501953125
1996-04-25,80.21674346923828
1996-04-26,79.28662109375
1996-04-29,79.50341796875
1996-04-30,82.21220397949219
1996-05-01,82.91608428955078
1996-05-02,83.41573333740234
1996-05-03,83.06695556640625
1996-05-06,82.5327377319336
1996-05-07,83.44717407226562
1996-05-08,84.83926391601562
1996-05-09,84.00968170166016
1996-05-10,85.48974609375
1996-05-13,82.52330780029297
1996-05-14,83.17692565917969
1996-05-15,83.89026641845703
1996-05-16,85.15979766845703
1996-05-17,85.03096771240234
1996-05-20,83.83368682861328
1996-05-21,83.27433776855469
1996-05-22,82.83440399169922
1996-05-23,82.70870971679688
1996-05-24,84.27047729492188
1996-05-27,82.76839447021484
1996-05-28,83.24919128417969
1996-05-29,82.96009063720703
1996-05-30,83.27433776855469
1996-05-31,83.85882568359375
1996-06-03,83.94367980957031
1996-06-04,83.33721160888672
1996-06-05,83.58857727050781
1996-06-06,83.44717407226562
1996-06-07,83.50687408447266
1996-06-10,83.21147918701172
1996-06-11,82.64583587646484
1996-06-12,84.21707916259766
1996-06-13,83.27433776855469
1996-06-14,83.80226135253906
1996-06-17,84.02852630615234
1996-06-18,83.2806167602539
1996-06-19,83.15807342529297
1996-06-20,82.81867980957031
1996-06-21,83.37489318847656
1996-06-24,80.06592559814453
1996-06-25,79.89620971679688
1996-06-26,77.00519561767578
1996-06-27,77.70282745361328
1996-06-28,78.36902618408203
1996-07-01,77.05233764648438
1996-07-02,76.44271850585938
1996-07-03,73.9224624633789
1996-07-04,74.26498413085938
1996-07-05,75.2611312866211
1996-07-08,74.85262298583984
1996-07-09,74.03244018554688
1996-07-10,73.65850067138672
1996-07-11,74.70809173583984
1996-07-12,73.53282165527344
1996-07-15,73.78421020507812
1996-07-16,72.11872100830078
1996-07-17,72.15013885498047
1996-07-18,72.25070190429688
1996-07-19,71.77305603027344
1996-07-22,71.53739166259766
1996-07-23,69.05797576904297
1996-07-24,66.62889099121094
1996-07-25,64.89742279052734
1996-07-26,64.5768814086914
1996-07-29,63.668739318847656
1996-07-30,62.11323928833008
1996-07-31,63.932701110839844
1996-08-01,63.79127502441406
1996-08-02,63.07166290283203
1996-08-05,63.1313591003418
1996-08-06,62.930267333984375
1996-08-07,63.22564697265625
1996-08-08,62.0943717956543
1996-08-09,60.969383239746094
1996-08-12,61.14848709106445
1996-08-13,61.04480743408203
1996-08-14,60.57656478881836
1996-08-15,60.57656478881836
1996-08-16,60.177494049072266
1996-08-19,59.32590103149414
1996-08-20,60.048641204833984
1996-08-21,60.083221435546875
1996-08-22,61.01967239379883
1996-08-23,63.081092834472656
1996-08-26,62.5971565246582
1996-08-27,63.24449920654297
1996-08-28,63.34819793701172
1996-08-29,63.12196350097656
1996-08-30,63.602752685546875
1996-09-02,64.67117309570312
1996-09-03,65.12997436523438
1996-09-04,42.78102493286133
1996-09-05,43.23666763305664
1996-09-06,43.74887466430664
1996-09-09,43.679744720458984
1996-09-10,42.84071350097656
1996-09-11,42.42905044555664
1996-09-12,42.51076889038086
1996-09-13,42.347354888916016
1996-09-16,42.381927490234375
1996-09-17,42.5359001159668
1996-09-18,43.51634216308594
1996-09-19,43.18010711669922
1996-09-20,43.667171478271484
1996-09-23,43.91228103637695
1996-09-24,44.80473709106445
1996-09-25,44.015987396240234
1996-09-26,43.522621154785156
1996-09-27,43.010414123535156
1996-09-30,43.016685485839844
1996-10-01,42.686744689941406
1996-10-02,42.686744689941406
1996-10-03,42.058250427246094
1996-10-04,40.078529357910156
1996-10-07,38.07679748535156
1996-10-08,37.919673919677734
1996-10-09,36.54642868041992
1996-10-10,37.822261810302734
1996-10-11,38.017086029052734
1996-10-14,37.190635681152344
1996-10-15,37.121498107910156
1996-10-16,35.946231842041016
1996-10-17,35.961944580078125
1996-10-18,36.03107833862305
1996-10-21,36.03107833862305
1996-10-22,37.162353515625
1996-10-23,37.143489837646484
1996-10-24,36.89524459838867
1996-10-25,37.06179428100586
1996-10-28,37.262908935546875
1996-10-29,37.52058792114258
1996-10-30,37.52058792114258
1996-10-31,36.910953521728516
1996-11-01,36.687835693359375
1996-11-04,36.609283447265625
1996-11-05,36.61557388305664
1996-11-06,36.20391082763672
1996-11-07,36.558998107910156
1996-11-08,36.73812484741211
1996-11-11,37.1497802734375
1996-11-12,37.1497802734375
1996-11-13,36.89210510253906
1996-11-14,36.94866943359375
1996-11-15,36.57472610473633
1996-11-18,35.628849029541016
1996-11-19,35.05377960205078
1996-11-20,34.13618850708008
1996-11-21,35.7576789855957
1996-11-22,35.820526123046875
1996-11-25,36.57158279418945
1996-11-26,37.3351936340332
1996-11-27,35.66341018676758
1996-11-28,36.13791275024414
1996-11-29,36.77268981933594
1996-12-02,36.6846923828125
1996-12-03,36.90153884887695
1996-12-04,35.59113693237305
1996-12-05,36.20076370239258
1996-12-06,36.23847961425781
1996-12-09,36.43330764770508
1996-12-10,36.471004486083984
1996-12-11,36.89524459838867
1996-12-12,36.76641082763672
1996-12-13,36.82925033569336
1996-12-16,37.771976470947266
1996-12-17,38.84354782104492
1996-12-18,39.90883255004883
1996-12-19,39.28349685668945
1996-12-20,40.977256774902344
1996-12-23,41.10923385620117
1996-12-24,42.03939437866211
1996-12-25,42.03939437866211
1996-12-26,41.98283386230469
1996-12-27,41.98283386230469
1996-12-30,41.98283386230469
1996-12-31,41.37320327758789
1997-01-01,42.42905044555664
1997-01-02,42.66160202026367
1997-01-03,42.74330520629883
1997-01-06,42.80302047729492
1997-01-07,43.327796936035156
1997-01-08,44.6256103515625
1997-01-09,45.2509651184082
1997-01-10,46.89760208129883
1997-01-13,48.08228302001953
1997-01-14,48.97160339355469
1997-01-15,51.177581787109375
1997-01-16,49.54037094116211
1997-01-17,49.021881103515625
1997-01-20,47.45380401611328
1997-01-21,47.67376708984375
1997-01-22,48.64479064941406
1997-01-23,48.64479064941406
1997-01-24,49.084720611572266
1997-01-27,49.21670913696289
1997-01-28,50.17200469970703
1997-01-29,48.67620849609375
1997-01-30,47.01072311401367
1997-01-31,46.47965621948242
1997-02-03,45.87945556640625
1997-02-04,45.51177978515625
1997-02-05,45.01841735839844
1997-02-06,44.40564727783203
1997-02-07,44.69475173950195
1997-02-10,45.15040588378906
1997-02-11,45.74117660522461
1997-02-12,46.47649002075195
1997-02-13,46.83159255981445
1997-02-14,47.22126007080078
1997-02-17,47.136417388916016
1997-02-18,46.533077239990234
1997-02-19,46.67762756347656
1997-02-20,46.724754333496094
1997-02-21,46.074283599853516
1997-02-24,46.19368362426758
1997-02-25,45.95486068725586
1997-02-26,46.18739700317383
1997-02-27,46.501644134521484
1997-02-28,51.10844802856445
1997-03-03,55.429290771484375
1997-03-04,56.71455764770508
1997-03-05,59.54273223876953
1997-03-06,62.1697883605957
1997-03-07,62.1697883605957
1997-03-10,59.680992126464844
1997-03-11,58.304603576660156
1997-03-12,59.04621505737305
1997-03-13,58.134910583496094
1997-03-14,58.992794036865234
1997-03-17,59.69983673095703
1997-03-18,60.03607940673828
1997-03-19,59.50815200805664
1997-03-20,59.44845199584961
1997-03-21,59.56786346435547
1997-03-24,59.56786346435547
1997-03-25,60.19633865356445
1997-03-26,60.49803924560547
1997-03-27,61.528743743896484
1997-03-28,61.528743743896484
1997-03-31,56.953369140625
1997-04-01,57.32416534423828
1997-04-02,59.096519470214844
1997-04-03,59.20331954956055
1997-04-04,59.24420166015625
1997-04-07,58.69740676879883
1997-04-08,58.69740676879883
1997-04-09,59.17192077636719
1997-04-10,58.49000549316406
1997-04-11,58.980224609375
1997-04-14,58.980224609375
1997-04-15,57.72324752807617
1997-04-16,57.72324752807617
1997-04-17,58.97708511352539
1997-04-18,58.97708511352539
1997-04-21,59.9229736328125
1997-04-22,59.86954116821289
1997-04-23,59.706119537353516
1997-04-24,60.256046295166016
1997-04-25,59.960662841796875
1997-04-28,59.26620101928711
1997-04-29,58.380027770996094
1997-04-30,58.93938446044922
1997-05-01,58.93938446044922
1997-05-02,58.57170867919922
1997-05-05,57.110477447509766
1997-05-06,56.30917739868164
1997-05-07,55.92578125
1997-05-08,56.24946212768555
1997-05-09,56.61397933959961
1997-05-12,56.88423156738281
1997-05-13,57.028778076171875
1997-05-14,57.41844177246094
1997-05-15,57.50956344604492
1997-05-16,57.49386215209961
1997-05-19,57.52529525756836
1997-05-20,57.025638580322266
1997-05-21,56.73338317871094
1997-05-22,56.29973220825195
1997-05-23,57.20789337158203
1997-05-26,57.50956344604492
1997-05-27,58.153778076171875
1997-05-28,57.877227783203125
1997-05-29,58.18205261230469
1997-05-30,58.41774368286133
1997-06-02,58.74768829345703
1997-06-03,58.33603286743164
1997-06-04,58.845088958740234
1997-06-05,58.860816955566406
1997-06-06,58.823116302490234
1997-06-09,59.741981506347656
1997-06-10,58.826263427734375
1997-06-11,61.10921859741211
1997-06-12,61.46601486206055
1997-06-13,61.554439544677734
1997-06-16,60.88502502441406
1997-06-17,61.24182891845703
1997-06-18,60.34823226928711
1997-06-19,60.31034851074219
1997-06-20,60.29138946533203
1997-06-23,60.095619201660156
1997-06-24,60.05141830444336
1997-06-25,59.05677032470703
1997-06-26,59.123077392578125
1997-06-27,59.843021392822266
1997-06-30,61.532344818115234
1997-07-01,62.86799621582031
1997-07-02,64.32366180419922
1997-07-03,63.39216232299805
1997-07-04,64.42784881591797
1997-07-07,66.13926696777344
1997-07-08,67.06446838378906
1997-07-09,68.0875015258789
1997-07-10,67.34864807128906
1997-07-11,65.86457061767578
1997-07-14,65.33724212646484
1997-07-15,63.218482971191406
1997-07-16,62.39119338989258
1997-07-17,62.018592834472656
1997-07-18,62.018592834472656
1997-07-21,60.93238067626953
1997-07-22,61.576541900634766
1997-07-23,63.780548095703125
1997-07-24,66.34136962890625
1997-07-25,65.98141479492188
1997-07-28,65.62775421142578
1997-07-29,66.49923706054688
1997-07-30,69.8241958618164
1997-07-31,72.78290557861328
1997-08-01,72.77972412109375
1997-08-04,72.5555419921875
1997-08-05,73.75859069824219
1997-08-06,73.54071807861328
1997-08-07,72.61238861083984
1997-08-08,72.51449584960938
1997-08-11,70.70518493652344
1997-08-12,68.11279296875
1997-08-13,67.62336730957031
1997-08-14,65.67827606201172
1997-08-15,65.67827606201172
1997-08-18,64.69943237304688
1997-08-19,64.04264831542969
1997-08-20,63.164833068847656
1997-08-21,61.27656555175781
1997-08-22,60.499820709228516
1997-08-25,61.1944694519043
1997-08-26,61.29867172241211
1997-08-27,63.15219497680664
1997-08-28,61.1944694519043
1997-08-29,60.75242233276367
1997-09-01,61.58600997924805
1997-09-02,60.99552917480469
1997-09-03,61.76283645629883
1997-09-04,61.320777893066406
1997-09-05,61.89229965209961
1997-09-08,62.70698165893555
1997-09-09,61.91124725341797
1997-09-10,62.04703140258789
1997-09-11,62.4764518737793
1997-09-12,61.57337951660156
1997-09-15,61.47866439819336
1997-09-16,61.46601486206055
1997-09-17,61.84492492675781
1997-09-18,61.57337951660156
1997-09-19,61.77548599243164
1997-09-22,61.48180389404297
1997-09-23,61.47866439819336
1997-09-24,61.58916091918945
1997-09-25,61.26394271850586
1997-09-26,61.57337951660156
1997-09-29,62.96590042114258
1997-09-30,67.12762451171875
1997-10-01,64.72783660888672
1997-10-02,64.72783660888672
1997-10-03,64.72783660888672
1997-10-06,64.72783660888672
1997-10-07,64.72783660888672
1997-10-08,64.72783660888672
1997-10-09,64.05525970458984
1997-10-10,64.11841583251953
1997-10-13,63.90053939819336
1997-10-14,61.43443298339844
1997-10-15,62.757469177246094
1997-10-16,63.49953079223633
1997-10-17,63.32902145385742
1997-10-20,63.32902145385742
1997-10-21,63.53740310668945
1997-10-22,63.15219497680664
1997-10-23,62.564884185791016
1997-10-24,62.015438079833984
1997-10-27,62.04703140258789
1997-10-28,57.05799865722656
1997-10-29,60.13352584838867
1997-10-30,59.33778381347656
1997-10-31,59.33778381347656
1997-11-03,59.42620849609375
1997-11-04,60.80923843383789
1997-11-05,61.63654327392578
1997-11-06,60.45874786376953
1997-11-07,58.47576141357422
1997-11-10,56.74224090576172
1997-11-11,55.98756408691406
1997-11-12,55.35289001464844
1997-11-13,55.3276481628418
1997-11-14,55.3276481628418
1997-11-17,54.945560455322266
1997-11-18,53.59410095214844
1997-11-19,54.2540397644043
1997-11-20,54.35507583618164
1997-11-21,54.13088607788086
1997-11-24,53.50569534301758
1997-11-25,54.01090621948242
1997-11-26,52.29001998901367
1997-11-27,53.079402923583984
1997-11-28,52.668922424316406
1997-12-01,51.5764045715332
1997-12-02,52.2868537902832
1997-12-03,52.31843948364258
1997-12-04,51.1658935546875
1997-12-05,49.55236053466797
1997-12-08,49.542884826660156
1997-12-09,49.438697814941406
1997-12-10,49.5049934387207
1997-12-11,47.58833312988281
1997-12-12,44.803321838378906
1997-12-15,44.51913070678711
1997-12-16,44.60755157470703
1997-12-17,46.00952911376953
1997-12-18,46.56842803955078
1997-12-19,46.7010383605957
1997-12-22,47.67989730834961
1997-12-23,46.61579132080078
1997-12-24,46.20845413208008
1997-12-25,46.20845413208008
1997-12-26,45.8926887512207
1997-12-29,46.80840301513672
1997-12-30,46.68840408325195
1997-12-31,47.34519958496094
1998-01-01,47.59465408325195
1998-01-02,47.94829559326172
1998-01-05,49.088199615478516
1998-01-06,48.76295471191406
1998-01-07,47.228363037109375
1998-01-08,45.55799102783203
1998-01-09,43.770790100097656
1998-01-12,40.044795989990234
1998-01-13,39.93743896484375
1998-01-14,41.481510162353516
1998-01-15,41.519405364990234
1998-01-16,41.58887481689453
1998-01-19,41.209957122802734
1998-01-20,40.802635192871094
1998-01-21,40.67317581176758
1998-01-22,40.3984489440918
1998-01-23,39.7353630065918
1998-01-26,39.7353630065918
1998-01-27,37.90709686279297
1998-01-28,37.092430114746094
1998-01-29,37.32293701171875
1998-01-30,37.77448272705078
1998-02-02,39.71009826660156
1998-02-03,38.45021057128906
1998-02-04,38.53862380981445
1998-02-05,38.4028434753418
1998-02-06,38.57651138305664
1998-02-09,38.9491081237793
1998-02-10,38.82280731201172
1998-02-11,39.11962890625
1998-02-12,38.92068862915039
1998-02-13,39.19856643676758
1998-02-16,39.19856643676758
1998-02-17,39.25224304199219
1998-02-18,38.81649398803711
1998-02-19,38.26074981689453
1998-02-20,38.443904876708984
1998-02-23,38.68701934814453
1998-02-24,38.39021301269531
1998-02-25,38.93963623046875
1998-02-26,39.33434295654297
1998-02-27,40.433189392089844
1998-03-02,43.43608093261719
1998-03-03,41.430992126464844
1998-03-04,42.097251892089844
1998-03-05,41.71201705932617
1998-03-06,41.65202713012695
1998-03-09,41.91094970703125
1998-03-10,41.72465133666992
1998-03-11,42.08146286010742
1998-03-12,42.0909309387207
1998-03-13,42.0909309387207
1998-03-16,42.38143539428711
1998-03-17,42.097251892089844
1998-03-18,42.74770736694336
1998-03-19,42.31196212768555
1998-03-20,41.50994110107422
1998-03-23,41.68044662475586
1998-03-24,41.80675506591797
1998-03-25,41.90463638305664
1998-03-26,42.558258056640625
1998-03-27,43.17083740234375
1998-03-30,43.05085372924805
1998-03-31,42.15092849731445
1998-04-01,42.611942291259766
1998-04-02,42.930850982666016
1998-04-03,42.47932434082031
1998-04-06,43.126625061035156
1998-04-07,43.82762145996094
1998-04-08,43.82762145996094
1998-04-09,45.365379333496094
1998-04-10,44.35493850708008
1998-04-13,43.24977493286133
1998-04-14,43.24977493286133
1998-04-15,46.49579620361328
1998-04-16,47.774635314941406
1998-04-17,51.750057220458984
1998-04-20,53.461483001708984
1998-04-21,53.53409957885742
1998-04-22,51.03959655761719
1998-04-23,50.13019943237305
1998-04-24,46.9378662109375
1998-04-27,47.398868560791016
1998-04-28,45.5106315612793
1998-04-29,47.17784118652344
1998-04-30,47.79672622680664
1998-05-01,47.79672622680664
1998-05-04,49.37238311767578
1998-05-05,50.39859390258789
1998-05-06,50.20914840698242
1998-05-07,50.20914840698242
1998-05-08,48.51983642578125
1998-05-11,44.945411682128906
1998-05-12,43.66973114013672
1998-05-13,43.84656524658203
1998-05-14,45.13486862182617
1998-05-15,43.95076370239258
1998-05-18,43.76762771606445
1998-05-19,44.00128936767578
1998-05-20,44.1781120300293
1998-05-21,42.889793395996094
1998-05-22,42.98770523071289
1998-05-25,42.98453903198242
1998-05-26,42.109886169433594
1998-05-27,41.95201110839844
1998-05-28,41.023658752441406
1998-05-29,38.73439407348633
1998-06-01,40.22162628173828
1998-06-02,41.361515045166016
1998-06-03,42.79193115234375
1998-06-04,42.76350402832031
1998-06-05,42.26460647583008
1998-06-08,41.83833694458008
1998-06-09,41.90779113769531
1998-06-10,41.99937057495117
1998-06-11,41.41836166381836
1998-06-12,41.74675369262695
1998-06-15,39.07856750488281
1998-06-16,37.57554626464844
1998-06-17,41.32679748535156
1998-06-18,42.37827682495117
1998-06-19,40.8310432434082
1998-06-22,38.9491081237793
1998-06-23,39.63746643066406
1998-06-24,41.089969635009766
1998-06-25,42.32460021972656
1998-06-26,42.15724182128906
1998-06-29,42.76036071777344
1998-06-30,42.633056640625
1998-07-01,41.90113067626953
1998-07-02,41.36332321166992
1998-07-03,39.005252838134766
1998-07-06,39.09754180908203
1998-07-07,39.65125274658203
1998-07-08,40.367271423339844
1998-07-09,42.26390838623047
1998-07-10,41.72929000854492
1998-07-13,41.19784927368164
1998-07-14,41.169212341308594
1998-07-15,41.258304595947266
1998-07-16,41.27104187011719
1998-07-17,41.162845611572266
1998-07-20,41.067378997802734
1998-07-21,40.00767517089844
1998-07-22,40.20497512817383
1998-07-23,39.30438995361328
1998-07-24,39.288475036621094
1998-07-27,38.69021224975586
1998-07-28,39.218467712402344
1998-07-29,39.49850845336914
1998-07-30,39.20892333984375
1998-07-31,39.040252685546875
1998-08-03,37.18498992919922
1998-08-04,36.73628234863281
1998-08-05,36.32258987426758
1998-08-06,36.94313430786133
1998-08-07,36.84130096435547
1998-08-10,35.708404541015625
1998-08-11,34.87146759033203
1998-08-12,33.630374908447266
1998-08-13,33.439430236816406
1998-08-14,33.21030807495117
1998-08-17,33.09893035888672
1998-08-18,31.396419525146484
1998-08-19,31.510961532592773
1998-08-20,32.40201950073242
1998-08-21,31.339139938354492
1998-08-24,30.13304328918457
1998-08-25,30.28579330444336
1998-08-26,30.28579330444336
1998-08-27,30.037578582763672
1998-08-28,28.06138038635254
1998-08-31,27.313547134399414
1998-09-01,25.716028213500977
1998-09-02,25.99925994873047
1998-09-03,25.76694679260254
1998-09-04,27.619043350219727
1998-09-07,28.981061935424805
1998-09-08,29.37883949279785
1998-09-09,29.986656188964844
1998-09-10,29.891197204589844
1998-09-11,29.181543350219727
1998-09-14,31.510961532592773
1998-09-15,32.04241180419922
1998-09-16,31.950130462646484
1998-09-17,32.484745025634766
1998-09-18,32.433834075927734
1998-09-21,31.568256378173828
1998-09-22,31.670080184936523
1998-09-23,32.739341735839844
1998-09-24,33.913597106933594
1998-09-25,33.429893493652344
1998-09-28,33.55400085449219
1998-09-29,32.88253402709961
1998-09-30,32.624778747558594
1998-10-01,32.624778747558594
1998-10-02,32.624778747558594
1998-10-05,30.99226188659668
1998-10-06,31.31048011779785
1998-10-07,32.79025650024414
1998-10-08,31.997875213623047
1998-10-09,32.316097259521484
1998-10-12,32.43065643310547
1998-10-13,32.28745651245117
1998-10-14,32.91117858886719
1998-10-15,33.719482421875
1998-10-16,34.499141693115234
1998-10-19,33.72584533691406
1998-10-20,33.385337829589844
1998-10-21,33.385337829589844
1998-10-22,32.720245361328125
1998-10-23,31.24366569519043
1998-10-26,32.84752655029297
1998-10-27,32.42110824584961
1998-10-28,32.739341735839844
1998-10-29,33.02892303466797
1998-10-30,32.74887466430664
1998-11-02,32.52930450439453
1998-11-03,32.30335998535156
1998-11-04,32.30335998535156
1998-11-05,31.889671325683594
1998-11-06,31.67326545715332
1998-11-09,32.8857307434082
1998-11-10,32.927093505859375
1998-11-11,34.820552825927734
1998-11-12,34.96693801879883
1998-11-13,35.316978454589844
1998-11-16,34.67098617553711
1998-11-17,34.28274917602539
1998-11-18,35.04967498779297
1998-11-19,34.81418991088867
1998-11-20,34.81099319458008
1998-11-23,34.48004150390625
1998-11-24,33.413978576660156
1998-11-25,33.413978576660156
1998-11-26,32.2047119140625
1998-11-27,31.504610061645508
1998-11-30,31.76555061340332
1998-12-01,31.822834014892578
1998-12-02,31.91830825805664
1998-12-03,31.981956481933594
1998-12-04,32.128334045410156
1998-12-07,32.440208435058594
1998-12-08,31.58415985107422
1998-12-09,32.49111557006836
1998-12-10,33.85314178466797
1998-12-11,33.72902297973633
1998-12-14,32.91117858886719
1998-12-15,31.950130462646484
1998-12-16,32.12514877319336
1998-12-17,31.186386108398438
1998-12-18,31.63189697265625
1998-12-21,31.950130462646484
1998-12-22,32.01377868652344
1998-12-23,32.15697479248047
1998-12-24,31.886478424072266
1998-12-25,31.886478424072266
1998-12-28,32.2047119140625
1998-12-29,31.3773136138916
1998-12-30,32.52293395996094
1998-12-31,32.586578369140625
1999-01-01,33.191226959228516
1999-01-04,33.337615966796875
1999-01-05,33.286685943603516
1999-01-06,34.33683395385742
1999-01-07,34.553245544433594
1999-01-08,36.15074157714844
1999-01-11,36.118919372558594
1999-01-12,35.41881561279297
1999-01-13,36.02345275878906
1999-01-14,35.45381546020508
1999-01-15,32.618412017822266
1999-01-18,32.11243438720703
1999-01-19,31.504610061645508
1999-01-20,31.504610061645508
1999-01-21,31.822834014892578
1999-01-22,31.504610061645508
1999-01-25,31.440959930419922
1999-01-26,31.440959930419922
1999-01-27,32.00740051269531
1999-01-28,31.504610061645508
1999-01-29,31.568256378173828
1999-02-01,30.68039894104004
1999-02-02,29.96120262145996
1999-02-03,30.677209854125977
1999-02-04,30.292160034179688
1999-02-05,29.977113723754883
1999-02-08,29.531591415405273
1999-02-09,28.95878028869629
1999-02-10,29.46794891357422
1999-02-11,29.4043025970459
1999-02-12,28.8951358795166
1999-02-15,28.831483840942383
1999-02-16,28.020000457763672
1999-02-17,28.640546798706055
1999-02-18,28.583271026611328
1999-02-19,28.13138771057129
1999-02-22,27.685874938964844
1999-02-23,27.335817337036133
1999-02-24,28.004093170166016
1999-02-25,28.21094512939453
1999-02-26,28.268226623535156
1999-03-01,26.731182098388672
1999-03-02,26.731182098388672
1999-03-03,27.17670249938965
1999-03-04,26.731182098388672
1999-03-05,26.101083755493164
1999-03-08,26.346128463745117
1999-03-09,26.412960052490234
1999-03-10,26.09473419189453
1999-03-11,25.012754440307617
1999-03-12,25.461454391479492
1999-03-15,25.961071014404297
1999-03-16,25.74467658996582
1999-03-17,26.285659790039062
1999-03-18,26.66753578186035
1999-03-19,26.6038875579834
1999-03-22,27.997724533081055
1999-03-23,28.767847061157227
1999-03-24,27.144878387451172
1999-03-25,27.4694766998291
1999-03-26,27.622230529785156
1999-03-29,27.622230529785156
1999-03-30,28.004093170166016
1999-03-31,29.46794891357422
1999-04-01,30.35898780822754
1999-04-02,30.35898780822754
1999-04-05,28.76148223876953
1999-04-06,28.95878028869629
1999-04-07,28.99378204345703
1999-04-08,28.95878028869629
1999-04-09,28.608734130859375
1999-04-12,29.05744171142578
1999-04-13,28.841035842895508
1999-04-14,28.841035842895508
1999-04-15,29.149715423583984
1999-04-16,31.482341766357422
1999-04-19,30.16804313659668
1999-04-20,32.58340835571289
1999-04-21,35.1928825378418
1999-04-22,37.23272705078125
1999-04-23,37.869178771972656
1999-04-26,36.844482421875
1999-04-27,36.844482421875
1999-04-28,37.55094909667969
1999-04-29,35.45381546020508
1999-04-30,35.959808349609375
1999-05-03,35.068763732910156
1999-05-04,36.27803421020508
1999-05-05,36.38941955566406
1999-05-06,37.73232650756836
1999-05-07,40.22407531738281
1999-05-10,41.68791580200195
1999-05-11,41.369686126708984
1999-05-12,40.65367889404297
1999-05-13,39.77854537963867
1999-05-14,39.46031951904297
1999-05-17,38.7283935546875
1999-05-18,37.869178771972656
1999-05-19,36.914493560791016
1999-05-20,37.29636001586914
1999-05-21,36.97814178466797
1999-05-24,37.869178771972656
1999-05-25,38.8238639831543
1999-05-26,37.29636001586914
1999-05-27,36.59626770019531
1999-05-28,35.005123138427734
1999-05-31,36.532623291015625
1999-06-01,35.42517852783203
1999-06-02,35.07196044921875
1999-06-03,35.70521926879883
1999-06-04,36.153926849365234
1999-06-07,38.505638122558594
1999-06-08,41.3060417175293
1999-06-09,38.37516403198242
1999-06-10,38.71567153930664
1999-06-11,38.25741958618164
1999-06-14,38.26378631591797
1999-06-15,40.20815658569336
1999-06-16,40.469093322753906
1999-06-17,41.920223236083984
1999-06-18,41.2137565612793
1999-06-21,41.356964111328125
1999-06-22,43.065853118896484
1999-06-23,41.37288284301758
1999-06-24,40.399105072021484
1999-06-25,40.04268264770508
1999-06-28,40.35772705078125
1999-06-29,39.8708381652832
1999-06-30,40.16360092163086
1999-07-01,41.55744552612305
1999-07-02,41.573360443115234
1999-07-05,44.93547821044922
1999-07-06,47.01511001586914
1999-07-07,47.71261215209961
1999-07-08,50.795101165771484
1999-07-09,54.86114501953125
1999-07-12,59.24540710449219
1999-07-13,59.0364875793457
1999-07-14,57.8150634765625
1999-07-15,56.860435485839844
1999-07-16,57.30720901489258
1999-07-19,55.39793014526367
1999-07-20,55.03470230102539
1999-07-21,57.040428161621094
1999-07-22,55.91221237182617
1999-07-23,54.77436065673828
1999-07-26,52.73651885986328
1999-07-27,52.717227935791016
1999-07-28,53.35043716430664
1999-07-29,54.5943489074707
1999-07-30,54.66828918457031
1999-08-02,53.95151138305664
1999-08-03,56.68040466308594
1999-08-04,56.583980560302734
1999-08-05,56.73185348510742
1999-08-06,55.32399368286133
1999-08-09,56.61292266845703
1999-08-10,56.64506149291992
1999-08-11,55.597206115722656
1999-08-12,55.61326599121094
1999-08-13,59.055763244628906
1999-08-16,61.5211067199707
1999-08-17,63.398250579833984
1999-08-18,62.054683685302734
1999-08-19,60.12290954589844
1999-08-20,59.83360290527344
1999-08-23,60.85576248168945
1999-08-24,59.364322662353516
1999-08-25,59.888267517089844
1999-08-26,59.59254837036133
1999-08-27,57.371498107910156
1999-08-30,57.4068603515625
1999-08-31,57.86648178100586
1999-09-01,61.48575210571289
1999-09-02,59.95255661010742
1999-09-03,59.894691467285156
1999-09-06,59.63755798339844
1999-09-07,58.67006301879883
1999-09-08,60.49575424194336
1999-09-09,59.66324996948242
1999-09-10,59.12003707885742
1999-09-13,59.12003707885742
1999-09-14,58.332557678222656
1999-09-15,58.686100006103516
1999-09-16,58.53828048706055
1999-09-17,58.09148025512695
1999-09-20,58.22970199584961
1999-09-21,57.92755889892578
1999-09-22,58.07219314575195
1999-09-23,57.49363708496094
1999-09-24,57.22041702270508
1999-09-27,57.70896530151367
1999-09-28,56.71257019042969
1999-09-29,57.64469909667969
1999-09-30,57.52897262573242
1999-10-01,60.48290252685547
1999-10-04,57.869693756103516
1999-10-05,57.26542282104492
1999-10-06,57.55470275878906
1999-10-07,58.162200927734375
1999-10-08,57.37790298461914
1999-10-11,56.65792465209961
1999-10-12,57.17220687866211
1999-10-13,56.26899719238281
1999-10-14,54.95115280151367
1999-10-15,53.70077896118164
1999-10-18,52.4600830078125
1999-10-19,52.4600830078125
1999-10-20,54.517215728759766
1999-10-21,53.79079055786133
1999-10-22,54.99934768676758
1999-10-25,52.26078796386719
1999-10-26,51.100440979003906
1999-10-27,49.155818939208984
1999-10-28,49.538299560546875
1999-10-29,47.278682708740234
1999-11-01,47.21118927001953
1999-11-02,50.984737396240234
1999-11-03,50.66009521484375
1999-11-04,49.87580871582031
1999-11-05,47.8122444152832
1999-11-08,47.8122444152832
1999-11-09,48.64153289794922
1999-11-10,49.57044982910156
1999-11-11,53.50472640991211
1999-11-12,54.404720306396484
1999-11-15,52.78150939941406
1999-11-16,53.974002838134766
1999-11-17,50.65688705444336
1999-11-18,49.96259689331055
1999-11-19,50.72758483886719
1999-11-22,52.17401123046875
1999-11-23,52.17401123046875
1999-11-24,53.077232360839844
1999-11-25,54.536502838134766
1999-11-26,54.65544891357422
1999-11-29,55.97327423095703
1999-11-30,54.546146392822266
1999-12-01,54.642581939697266
1999-12-02,54.867576599121094
1999-12-03,53.91292953491211
1999-12-06,53.60436248779297
1999-12-07,52.026153564453125
1999-12-08,51.08437728881836
1999-12-09,51.69508361816406
1999-12-10,51.380096435546875
1999-12-13,51.830081939697266
1999-12-14,50.80152130126953
1999-12-15,51.476524353027344
1999-12-16,52.370079040527344
1999-12-17,55.301483154296875
1999-12-20,55.09900665283203
1999-12-21,56.51972198486328
1999-12-22,54.87399673461914
1999-12-23,54.317935943603516
1999-12-24,53.27971649169922
1999-12-27,51.86222839355469
1999-12-28,51.31901550292969
1999-12-29,51.85258865356445
1999-12-30,52.292945861816406
1999-12-31,52.292945861816406
2000-01-03,55.764347076416016
2000-01-04,57.87935256958008
2000-01-05,62.50788497924805
2000-01-06,67.4000244140625
2000-01-07,70.3892822265625
2000-01-10,65.75749969482422
2000-01-11,63.8514518737793
2000-01-12,62.443603515625
2000-01-13,62.73289108276367
2000-01-14,60.69181823730469
2000-01-17,59.438255310058594
2000-01-18,58.785762786865234
2000-01-19,59.721126556396484
2000-01-20,60.601829528808594
2000-01-21,58.54790496826172
2000-01-24,56.603267669677734
2000-01-25,53.68471908569336
2000-01-26,53.68471908569336
2000-01-27,54.89007568359375
2000-01-28,53.9932861328125
2000-01-31,49.6765251159668
2000-02-01,50.34831619262695
2000-02-02,54.375789642333984
2000-02-03,56.143646240234375
2000-02-04,53.54970932006836
2000-02-07,52.83937072753906
2000-02-08,49.96902847290039
2000-02-09,52.08721923828125
2000-02-10,53.64936065673828
2000-02-11,55.89612579345703
2000-02-14,55.388282775878906
2000-02-15,53.877593994140625
2000-02-16,53.69113540649414
2000-02-17,53.00971603393555
2000-02-18,51.216156005859375
2000-02-21,51.32222366333008
2000-02-22,50.76616668701172
2000-02-23,50.16188049316406
2000-02-24,49.99473571777344
2000-02-25,49.09796142578125
2000-02-28,50.78544616699219
2000-02-29,48.66724395751953
2000-03-01,46.72904586791992
2000-03-02,46.140830993652344
2000-03-03,43.7847785949707
2000-03-06,43.11620330810547
2000-03-07,39.667293548583984
2000-03-08,38.65801239013672
2000-03-09,41.63121795654297
2000-03-10,41.309783935546875
2000-03-13,40.63479995727539
2000-03-14,39.38121795654297
2000-03-15,42.36085510253906
2000-03-16,45.025474548339844
2000-03-17,45.025474548339844
2000-03-20,45.025474548339844
2000-03-21,43.54048156738281
2000-03-22,42.94906234741211
2000-03-23,44.581905364990234
2000-03-24,47.62260437011719
2000-03-27,47.815467834472656
2000-03-28,47.57118225097656
2000-03-29,46.224422454833984
2000-03-30,47.040828704833984
2000-03-31,47.39439392089844
2000-04-03,45.137977600097656
2000-04-04,42.24514389038086
2000-04-05,42.91049575805664
2000-04-06,45.02525329589844
2000-04-07,48.360939025878906
2000-04-10,48.14719009399414
2000-04-11,51.920074462890625
2000-04-12,50.89992904663086
2000-04-13,49.41021728515625
2000-04-14,49.41021728515625
2000-04-17,45.757164001464844
2000-04-18,44.183223724365234
2000-04-19,44.05692672729492
2000-04-20,44.43260192871094
2000-04-21,44.43260192871094
2000-04-24,44.22208786010742
2000-04-25,45.45920944213867
2000-04-26,46.158729553222656
2000-04-27,45.69886016845703
2000-04-28,45.92555618286133
2000-05-01,45.92555618286133
2000-05-02,45.82516860961914
2000-05-03,46.69956588745117
2000-05-04,47.43471145629883
2000-05-05,52.146785736083984
2000-05-08,50.49187469482422
2000-05-09,49.30009841918945
2000-05-10,48.12776184082031
2000-05-11,47.24364471435547
2000-05-12,47.735897064208984
2000-05-15,48.4969482421875
2000-05-16,48.3738899230957
2000-05-17,47.96908187866211
2000-05-18,48.03384017944336
2000-05-19,48.3738899230957
2000-05-22,48.059757232666016
2000-05-23,47.127052307128906
2000-05-24,46.139305114746094
2000-05-25,46.10691833496094
2000-05-26,46.15550231933594
2000-05-29,47.059043884277344
2000-05-30,47.03313446044922
2000-05-31,46.83882522583008
2000-06-01,46.42753601074219
2000-06-02,47.58692169189453
2000-06-05,48.50667190551758
2000-06-06,49.406978607177734
2000-06-07,51.06835174560547
2000-06-08,51.291805267333984
2000-06-09,53.30615234375
2000-06-12,56.194950103759766
2000-06-13,53.85995864868164
2000-06-14,54.413726806640625
2000-06-15,55.14564514160156
2000-06-16,55.475982666015625
2000-06-19,55.1748046875
2000-06-20,54.97724151611328
2000-06-21,53.532867431640625
2000-06-22,52.34107208251953
2000-06-23,51.17198944091797
2000-06-26,51.165504455566406
2000-06-27,51.22054672241211
2000-06-28,51.1849250793457
2000-06-29,51.832637786865234
2000-06-30,51.27560806274414
2000-07-03,51.34711837768555
2000-07-04,52.05255126953125
2000-07-05,52.13383483886719
2000-07-06,52.11432647705078
2000-07-07,52.12733840942383
2000-07-10,52.07856750488281
2000-07-11,52.130584716796875
2000-07-12,52.774253845214844
2000-07-13,53.00831604003906
2000-07-14,53.14158248901367
2000-07-17,54.90679168701172
2000-07-18,55.2286376953125
2000-07-19,53.36589813232422
2000-07-20,52.58570861816406
2000-07-21,52.309383392333984
2000-07-24,51.366634368896484
2000-07-25,52.2606086730957
2000-07-26,52.02005386352539
2000-07-27,51.886775970458984
2000-07-28,51.97128677368164
2000-07-31,51.9517822265625
2000-08-01,52.31912612915039
2000-08-02,55.098602294921875
2000-08-03,53.980308532714844
2000-08-04,53.847042083740234
2000-08-07,53.22611999511719
2000-08-08,53.06032943725586
2000-08-09,52.38087844848633
2000-08-10,51.90300750732422
2000-08-11,52.20860290527344
2000-08-14,52.24435806274414
2000-08-15,52.24435806274414
2000-08-16,52.10457229614258
2000-08-17,52.153343200683594
2000-08-18,52.293121337890625
2000-08-21,51.8737678527832
2000-08-22,51.3958854675293
2000-08-23,51.5909538269043
2000-08-24,51.54542541503906
2000-08-25,51.376380920410156
2000-08-28,51.40238571166992
2000-08-29,51.66246795654297
2000-08-30,51.776241302490234
2000-08-31,52.08832931518555
2000-09-01,52.08832931518555
2000-09-04,51.994049072265625
2000-09-05,52.757999420166016
2000-09-06,52.946537017822266
2000-09-07,53.869781494140625
2000-09-08,54.70199203491211
2000-09-11,55.124603271484375
2000-09-12,54.97182083129883
2000-09-13,61.57429504394531
2000-09-14,57.764305114746094
2000-09-15,60.673789978027344
2000-09-18,59.02560806274414
2000-09-19,58.300697326660156
2000-09-20,57.57575225830078
2000-09-21,57.761043548583984
2000-09-22,53.37889099121094
2000-09-25,53.10257339477539
2000-09-26,52.416648864746094
2000-09-27,53.55771255493164
2000-09-28,52.95304489135742
2000-09-29,52.852272033691406
2000-10-02,52.852272033691406
2000-10-03,52.80351257324219
2000-10-04,53.70724105834961
2000-10-05,53.183868408203125
2000-10-06,52.52067184448242
2000-10-09,52.875038146972656
2000-10-10,52.992061614990234
2000-10-11,52.66047668457031
2000-10-12,52.56943130493164
2000-10-13,52.172847747802734
2000-10-16,52.43291091918945
2000-10-17,51.92577362060547
2000-10-18,51.28535461425781
2000-10-19,48.80496597290039
2000-10-20,48.03126907348633
2000-10-23,45.47284698486328
2000-10-24,46.799190521240234
2000-10-25,46.83820343017578
2000-10-26,48.414859771728516
2000-10-27,48.522132873535156
2000-10-30,47.160030364990234
2000-10-31,46.46760940551758
2000-11-01,46.233543395996094
2000-11-02,46.149017333984375
2000-11-03,46.630149841308594
2000-11-06,46.607391357421875
2000-11-07,45.44033432006836
2000-11-08,45.836944580078125
2000-11-09,45.28756332397461
2000-11-10,43.145240783691406
2000-11-13,42.608856201171875
2000-11-14,42.79740905761719
2000-11-15,43.652374267578125
2000-11-16,43.42155456542969
2000-11-17,43.35004806518555
2000-11-20,43.30127716064453
2000-11-21,42.904666900634766
2000-11-22,42.33253479003906
2000-11-23,41.828643798828125
2000-11-24,42.51457214355469
2000-11-27,43.54184341430664
2000-11-28,44.26353454589844
2000-11-29,44.76741409301758
2000-11-30,45.26478958129883
2000-12-01,44.17575454711914
2000-12-04,44.36756134033203
2000-12-05,47.51112365722656
2000-12-06,48.749698638916016
2000-12-07,48.291324615478516
2000-12-08,48.531883239746094
2000-12-11,48.899234771728516
2000-12-12,48.57740783691406
2000-12-13,50.53767013549805
2000-12-14,53.349647521972656
2000-12-15,52.377655029296875
2000-12-18,50.6481819152832
2000-12-19,50.765228271484375
2000-12-20,51.002540588378906
2000-12-21,50.54092025756836
2000-12-22,49.858238220214844
2000-12-25,49.858238220214844
2000-12-26,48.65542221069336
2000-12-27,47.9890022277832
2000-12-28,48.080013275146484
2000-12-29,48.00525665283203
2001-01-01,48.1190299987793
2001-01-02,47.998756408691406
2001-01-03,48.89598846435547
2001-01-04,49.36085891723633
2001-01-05,49.10078811645508
2001-01-08,49.07803726196289
2001-01-09,49.5819091796875
2001-01-10,50.81398010253906
2001-01-11,50.25159454345703
2001-01-12,50.232086181640625
2001-01-15,50.033775329589844
2001-01-16,50.08905792236328
2001-01-17,49.66319274902344
2001-01-18,53.057071685791016
2001-01-19,51.96480178833008
2001-01-22,51.96153259277344
2001-01-23,50.10854721069336
2001-01-24,50.2775993347168
2001-01-25,48.778961181640625
2001-01-26,48.778961181640625
2001-01-29,48.66192626953125
2001-01-30,48.61640930175781
2001-01-31,49.9005012512207
2001-02-01,50.423885345458984
2001-02-02,50.53767013549805
2001-02-05,50.6026725769043
2001-02-06,50.44989013671875
2001-02-07,50.20283126831055
2001-02-08,51.642940521240234
2001-02-09,52.45241928100586
2001-02-12,54.66624450683594
2001-02-13,55.703250885009766
2001-02-14,54.00957489013672
2001-02-15,54.168846130371094
2001-02-16,51.38938522338867
2001-02-19,52.1208381652832
2001-02-20,52.66697692871094
2001-02-21,54.8677864074707
2001-02-22,53.076576232910156
2001-02-23,52.725467681884766
2001-02-26,51.47065734863281
2001-02-27,50.32960891723633
2001-02-28,49.64693832397461
2001-03-01,52.273624420166016
2001-03-02,53.349647521972656
2001-03-05,52.66697692871094
2001-03-06,52.66697692871094
2001-03-07,49.96550750732422
2001-03-08,51.08054733276367
2001-03-09,50.05329132080078
2001-03-12,49.69569778442383
2001-03-13,47.90773010253906
2001-03-14,48.54814529418945
2001-03-15,50.20283126831055
2001-03-16,49.5656623840332
2001-03-19,48.65542221069336
2001-03-20,47.767940521240234
2001-03-21,48.67169189453125
2001-03-22,48.09303283691406
2001-03-23,48.437625885009766
2001-03-26,48.87648391723633
2001-03-27,49.497398376464844
2001-03-28,51.05781173706055
2001-03-29,50.80748748779297
2001-03-30,50.15406036376953
2001-04-02,48.77245330810547
2001-04-03,50.866004943847656
2001-04-04,50.86274719238281
2001-04-05,50.86274719238281
2001-04-06,51.51616287231445
2001-04-09,50.38813400268555
2001-04-10,50.9212646484375
2001-04-11,49.295841217041016
2001-04-12,49.809478759765625
2001-04-13,49.809478759765625
2001-04-16,50.6026725769043
2001-04-17,52.08832931518555
2001-04-18,51.733985900878906
2001-04-19,50.748966217041016
2001-04-20,52.377655029296875
2001-04-23,54.032318115234375
2001-04-24,54.513458251953125
2001-04-25,55.07909393310547
2001-04-26,53.61946487426758
2001-04-27,53.57395935058594
2001-04-30,52.65397262573242
2001-05-01,52.65397262573242
2001-05-02,52.98554611206055
2001-05-03,53.32688903808594
2001-05-04,53.35289764404297
2001-05-07,54.4874382019043
2001-05-08,56.8930778503418
2001-05-09,56.174652099609375
2001-05-10,56.1258659362793
2001-05-11,56.92557144165039
2001-05-14,56.54523468017578
2001-05-15,56.59724426269531
2001-05-16,58.902095794677734
2001-05-17,58.42096710205078
2001-05-18,58.671287536621094
2001-05-21,59.13615036010742
2001-05-22,59.82209396362305
2001-05-23,59.53274917602539
2001-05-24,58.716796875
2001-05-25,57.75128936767578
2001-05-28,57.861820220947266
2001-05-29,57.003604888916016
2001-05-30,56.200645446777344
2001-05-31,56.39569091796875
2001-06-01,56.30141067504883
2001-06-04,56.304664611816406
2001-06-05,55.3521614074707
2001-06-06,54.86128234863281
2001-06-07,54.877540588378906
2001-06-08,55.08234786987305
2001-06-11,56.88657760620117
2001-06-12,53.62271499633789
2001-06-13,55.179866790771484
2001-06-14,55.58623504638672
2001-06-15,54.62398910522461
2001-06-18,54.00306701660156
2001-06-19,53.882781982421875
2001-06-20,53.895790100097656
2001-06-21,53.65523147583008
2001-06-22,53.2651252746582
2001-06-25,52.94003677368164
2001-06-26,52.868526458740234
2001-06-27,51.896522521972656
2001-06-28,52.03630828857422
2001-06-29,53.97705841064453
2001-07-02,53.70657730102539
2001-07-03,52.17277526855469
2001-07-04,49.50426483154297
2001-07-05,50.7346076965332
2001-07-06,50.2695198059082
2001-07-09,50.72801971435547
2001-07-10,50.665348052978516
2001-07-11,49.8011360168457
2001-07-12,49.83412170410156
2001-07-13,49.712066650390625
2001-07-16,50.1540641784668
2001-07-17,50.15737533569336
2001-07-18,50.7576904296875
2001-07-19,51.32504653930664
2001-07-20,51.061161041259766
2001-07-23,51.42399978637695
2001-07-24,50.82037353515625
2001-07-25,51.47347640991211
2001-07-26,50.50370788574219
2001-07-27,49.51416015625
2001-07-30,49.0688591003418
2001-07-31,49.25356674194336
2001-08-01,48.88743209838867
2001-08-02,46.96769332885742
2001-08-03,46.6279411315918
2001-08-06,47.178794860839844
2001-08-07,47.488861083984375
2001-08-08,46.552085876464844
2001-08-09,46.74999237060547
2001-08-10,47.155704498291016
2001-08-13,46.83244705200195
2001-08-14,46.5916633605957
2001-08-15,46.5916633605957
2001-08-16,45.77032470703125
2001-08-17,46.31458282470703
2001-08-20,46.5817756652832
2001-08-21,46.773094177246094
2001-08-22,46.773094177246094
2001-08-23,46.91492462158203
2001-08-24,46.868736267089844
2001-08-27,46.334388732910156
2001-08-28,46.360774993896484
2001-08-29,45.2062873840332
2001-08-30,44.01552200317383
2001-08-31,44.10127258300781
2001-09-03,44.892921447753906
2001-09-04,44.14744567871094
2001-09-05,45.11722183227539
2001-09-06,44.4641227722168
2001-09-07,42.847843170166016
2001-09-10,43.0787353515625
2001-09-11,44.513587951660156
2001-09-12,43.494354248046875
2001-09-13,43.573509216308594
2001-09-14,41.053443908691406
2001-09-17,39.5394287109375
2001-09-18,39.54601287841797
2001-09-19,39.14030075073242
2001-09-20,36.35633850097656
2001-09-21,35.07981491088867
2001-09-24,33.81648254394531
2001-09-25,32.935768127441406
2001-09-26,33.288719177246094
2001-09-27,33.50971221923828
2001-09-28,33.611968994140625
2001-10-01,33.95502471923828
2001-10-02,33.95502471923828
2001-10-03,34.106754302978516
2001-10-04,34.42670440673828
2001-10-05,34.420108795166016
2001-10-08,34.22878646850586
2001-10-09,35.12928771972656
2001-10-10,35.06002426147461
2001-10-11,34.73676300048828
2001-10-12,33.902244567871094
2001-10-15,33.86595153808594
2001-10-16,34.4728889465332
2001-10-17,35.06332015991211
2001-10-18,36.273887634277344
2001-10-19,35.68014907836914
2001-10-22,36.19801330566406
2001-10-23,35.88134765625
2001-10-24,36.86100387573242
2001-10-25,36.77525329589844
2001-10-26,36.77525329589844
2001-10-29,36.87751007080078
2001-10-30,35.73951721191406
2001-10-31,36.87420654296875
2001-11-01,37.586692810058594
2001-11-02,38.11445617675781
2001-11-05,38.34205627441406
2001-11-06,38.866519927978516
2001-11-07,38.89621353149414
2001-11-08,41.17878723144531
2001-11-09,41.93743896484375
2001-11-12,41.851688385009766
2001-11-13,42.277191162109375
2001-11-14,43.14470672607422
2001-11-15,45.78022003173828
2001-11-16,45.78022003173828
2001-11-19,44.67192077636719
2001-11-20,41.63728332519531
2001-11-21,42.60044860839844
2001-11-22,42.54438018798828
2001-11-23,43.13481140136719
2001-11-26,44.19032669067383
2001-11-27,44.46741485595703
2001-11-28,45.562522888183594
2001-11-29,46.011131286621094
2001-11-30,46.011131286621094
2001-12-03,44.97869110107422
2001-12-04,45.189796447753906
2001-12-05,46.21893310546875
2001-12-06,46.54547882080078
2001-12-07,46.71371841430664
2001-12-10,48.80827713012695
2001-12-11,47.21507263183594
2001-12-12,47.343727111816406
2001-12-13,46.57847595214844
2001-12-14,45.95834732055664
2001-12-17,45.95834732055664
2001-12-18,44.787376403808594
2001-12-19,42.191429138183594
2001-12-20,40.852230072021484
2001-12-21,42.26070022583008
2001-12-24,42.41902160644531
2001-12-25,42.41902160644531
2001-12-26,42.56086349487305
2001-12-27,41.09302520751953
2001-12-28,41.3931884765625
2001-12-31,42.13865661621094
2002-01-01,41.33382034301758
2002-01-02,42.24091339111328
2002-01-03,43.72194290161133
2002-01-04,43.616390228271484
2002-01-07,45.72745132446289
2002-01-08,46.18593978881836
2002-01-09,46.22882080078125
2002-01-10,46.9050178527832
2002-01-11,47.086448669433594
2002-01-14,47.20847702026367
2002-01-15,47.409698486328125
2002-01-16,47.119422912597656
2002-01-17,46.855552673339844
2002-01-18,46.87204360961914
2002-01-21,46.54219055175781
2002-01-22,46.12987518310547
2002-01-23,45.55923080444336
2002-01-24,46.868736267089844
2002-01-25,47.455875396728516
2002-01-28,46.84894561767578
2002-01-29,46.23542404174805
2002-01-30,45.64828109741211
2002-01-31,47.48226547241211
2002-02-01,47.88468551635742
2002-02-04,47.521846771240234
2002-02-05,47.47567367553711
2002-02-06,48.267311096191406
2002-02-07,48.15515899658203
2002-02-08,47.96055221557617
2002-02-11,48.019927978515625
2002-02-12,48.14197540283203
2002-02-13,48.83466339111328
2002-02-14,49.61311340332031
2002-02-15,49.48447036743164
2002-02-18,50.431148529052734
2002-02-19,49.45807647705078
2002-02-20,50.127685546875
2002-02-21,50.79399108886719
2002-02-22,51.961669921875
2002-02-25,51.67798614501953
2002-02-26,54.54441452026367
2002-02-27,52.1430778503418
2002-02-28,51.45369338989258
2002-03-01,50.46412658691406
2002-03-04,49.79783248901367
2002-03-05,49.279964447021484
2002-03-06,49.10185623168945
2002-03-07,51.44049072265625
2002-03-08,49.510860443115234
2002-03-11,49.36902618408203
2002-03-12,49.46467590332031
2002-03-13,50.051822662353516
2002-03-14,50.190345764160156
2002-03-15,50.06829833984375
2002-03-18,51.252464294433594
2002-03-19,51.6581916809082
2002-03-20,52.17277526855469
2002-03-21,51.17330551147461
2002-03-22,51.27226638793945
2002-03-25,51.27226638793945
2002-03-26,49.34922409057617
2002-03-27,49.72856140136719
2002-03-28,50.935829162597656
2002-03-29,50.935829162597656
2002-04-01,50.37177658081055
2002-04-02,49.781333923339844
2002-04-03,48.320098876953125
2002-04-04,48.412452697753906
2002-04-05,48.67303466796875
2002-04-08,48.51139831542969
2002-04-09,48.18815612792969
2002-04-10,48.40584945678711
2002-04-11,48.18815612792969
2002-04-12,48.91382598876953
2002-04-15,48.72909927368164
2002-04-16,47.640594482421875
2002-04-17,47.93085479736328
2002-04-18,48.81816482543945
2002-04-19,46.92811584472656
2002-04-22,47.02376937866211
2002-04-23,47.56802749633789
2002-04-24,47.91767120361328
2002-04-25,47.96384811401367
2002-04-26,47.822017669677734
2002-04-29,46.81595993041992
2002-04-30,48.16836166381836
2002-05-01,48.16836166381836
2002-05-02,48.77529525756836
2002-05-03,48.44544219970703
2002-05-06,48.7357063293457
2002-05-07,48.85775375366211
2002-05-08,48.771995544433594
2002-05-09,48.369571685791016
2002-05-10,48.752201080322266
2002-05-13,49.32284164428711
2002-05-14,49.326133728027344
2002-05-15,49.398712158203125
2002-05-16,49.441593170166016
2002-05-17,49.22388458251953
2002-05-20,49.17441940307617
2002-05-21,47.75275421142578
2002-05-22,47.531742095947266
2002-05-23,47.168914794921875
2002-05-24,46.27500915527344
2002-05-27,46.71040725708008
2002-05-28,46.232120513916016
2002-05-29,45.92206954956055
2002-05-30,45.93525314331055
2002-05-31,45.809913635253906
2002-06-03,46.24201583862305
2002-06-04,46.11997985839844
2002-06-05,46.32118225097656
2002-06-06,45.30523681640625
2002-06-07,44.92262268066406
2002-06-10,44.995182037353516
2002-06-11,45.6911735534668
2002-06-12,45.9715461730957
2002-06-13,45.95834732055664
2002-06-14,46.799476623535156
2002-06-17,47.07324981689453
2002-06-18,47.10293197631836
2002-06-19,47.20847702026367
2002-06-20,47.47237014770508
2002-06-21,47.43279266357422
2002-06-24,47.48226547241211
2002-06-25,47.43279266357422
2002-06-26,47.20519256591797
2002-06-27,46.94791793823242
2002-06-28,46.96769332885742
2002-07-01,46.70381546020508
2002-07-02,47.149112701416016
2002-07-03,47.10623550415039
2002-07-04,46.60816192626953
2002-07-05,46.568565368652344
2002-07-08,46.85224914550781
2002-07-09,47.10442352294922
2002-07-10,47.23556900024414
2002-07-11,46.5395393371582
2002-07-12,45.638397216796875
2002-07-15,45.89731216430664
2002-07-16,46.12932205200195
2002-07-17,45.816619873046875
2002-07-18,45.9477424621582
2002-07-19,45.577884674072266
2002-07-22,45.64177322387695
2002-07-23,46.00827407836914
2002-07-24,45.95111083984375
2002-07-25,43.029151916503906
2002-07-26,42.09103012084961
2002-07-29,42.148197174072266
2002-07-30,42.696258544921875
2002-07-31,42.06414031982422
2002-08-01,41.52950668334961
2002-08-02,39.64653015136719
2002-08-05,37.76692581176758
2002-08-06,38.40915298461914
2002-08-07,38.957244873046875
2002-08-08,39.01439666748047
2002-08-09,39.35736846923828
2002-08-12,39.814659118652344
2002-08-13,39.76758575439453
2002-08-14,38.85636901855469
2002-08-15,38.85636901855469
2002-08-16,38.6815185546875
2002-08-19,39.46159362792969
2002-08-20,39.5456657409668
2002-08-21,39.686885833740234
2002-08-22,39.85164260864258
2002-08-23,40.36609649658203
2002-08-26,40.396358489990234
2002-08-27,40.319034576416016
2002-08-28,40.379547119140625
2002-08-29,40.01304626464844
2002-08-30,39.939064025878906
2002-09-02,39.83146286010742
2002-09-03,39.710418701171875
2002-09-04,39.75413131713867
2002-09-05,39.66671371459961
2002-09-06,39.58601760864258
2002-09-09,39.2867546081543
2002-09-10,39.2867546081543
2002-09-11,39.53556823730469
2002-09-12,39.82810592651367
2002-09-13,39.06483459472656
2002-09-16,38.98078155517578
2002-09-17,38.997589111328125
2002-09-18,38.970680236816406
2002-09-19,38.72522735595703
2002-09-20,37.5214729309082
2002-09-23,37.736671447753906
2002-09-24,37.827457427978516
2002-09-25,37.326454162597656
2002-09-26,37.0103874206543
2002-09-27,35.89405059814453
2002-09-30,35.12741470336914
2002-10-01,35.22492980957031
2002-10-02,35.22492980957031
2002-10-03,35.35269546508789
2002-10-04,34.94584655761719
2002-10-07,34.87860107421875
2002-10-08,34.11868667602539
2002-10-09,33.8328742980957
2002-10-10,32.80060577392578
2002-10-11,32.58205795288086
2002-10-14,31.6741886138916
2002-10-15,31.6741886138916
2002-10-16,32.696372985839844
2002-10-17,32.87458419799805
2002-10-18,32.9889030456543
2002-10-21,33.015804290771484
2002-10-22,32.894752502441406
2002-10-23,32.91157531738281
2002-10-24,32.716548919677734
2002-10-25,32.76362228393555
2002-10-28,32.96536636352539
2002-10-29,33.16039276123047
2002-10-30,32.92501449584961
2002-10-31,33.14693832397461
2002-11-01,32.95865249633789
2002-11-04,33.896759033203125
2002-11-05,34.30025100708008
2002-11-06,34.30025100708008
2002-11-07,34.40449142456055
2002-11-08,34.73064422607422
2002-11-11,35.816707611083984
2002-11-12,36.374874114990234
2002-11-13,36.31434631347656
2002-11-14,36.31434631347656
2002-11-15,36.20677185058594
2002-11-18,36.317726135253906
2002-11-19,36.317726135253906
2002-11-20,36.297542572021484
2002-11-21,36.233665466308594
2002-11-22,36.17649841308594
2002-11-25,36.27737808227539
2002-11-26,36.095794677734375
2002-11-27,35.89405059814453
2002-11-28,36.30427932739258
2002-11-29,36.31434631347656
2002-12-02,36.2706413269043
2002-12-03,36.926326751708984
2002-12-04,36.31099319458008
2002-12-05,37.03729248046875
2002-12-06,38.035926818847656
2002-12-09,38.63780975341797
2002-12-10,38.506656646728516
2002-12-11,38.577274322509766
2002-12-12,38.3856201171875
2002-12-13,38.362091064453125
2002-12-16,38.51676559448242
2002-12-17,38.664703369140625
2002-12-18,38.39234161376953
2002-12-19,39.03120422363281
2002-12-20,38.54365539550781
2002-12-23,38.67144012451172
2002-12-24,39.243038177490234
2002-12-25,39.243038177490234
2002-12-26,39.87854766845703
2002-12-27,39.73059844970703
2002-12-30,39.32710647583008
2002-12-31,39.41115951538086
2003-01-01,39.401084899902344
2003-01-02,39.28338623046875
2003-01-03,39.602821350097656
2003-01-06,39.65998077392578
2003-01-07,39.69361114501953
2003-01-08,39.269935607910156
2003-01-09,39.296836853027344
2003-01-10,39.70705795288086
2003-01-13,39.69025421142578
2003-01-14,40.34928894042969
2003-01-15,40.24504852294922
2003-01-16,40.34928894042969
2003-01-17,40.20806884765625
2003-01-20,40.27531433105469
2003-01-21,40.322383880615234
2003-01-22,40.345924377441406
2003-01-23,40.76286697387695
2003-01-24,41.04194641113281
2003-01-27,40.883914947509766
2003-01-28,40.288761138916016
2003-01-29,40.27867889404297
2003-01-30,40.30221176147461
2003-01-31,40.34928894042969
2003-02-03,40.241695404052734
2003-02-04,40.3896369934082
2003-02-05,40.4703369140625
2003-02-06,40.319034576416016
2003-02-07,40.22151565551758
2003-02-10,40.36945724487305
2003-02-11,40.43335723876953
2003-02-12,40.29884719848633
2003-02-13,40.29884719848633
2003-02-14,40.18116760253906
2003-02-17,39.871822357177734
2003-02-18,39.670082092285156
2003-02-19,39.51203155517578
2003-02-20,38.80256271362305
2003-02-21,38.462955474853516
2003-02-24,38.089725494384766
2003-02-25,38.170413970947266
2003-02-26,38.30156707763672
2003-02-27,38.584014892578125
2003-02-28,39.491859436035156
2003-03-03,39.63981246948242
2003-03-04,39.78438949584961
2003-03-05,38.721866607666016
2003-03-06,38.69160842895508
2003-03-07,38.597442626953125
2003-03-10,38.41588592529297
2003-03-11,38.53020095825195
2003-03-12,38.479766845703125
2003-03-13,38.02247619628906
2003-03-14,38.02247619628906
2003-03-17,37.1146240234375
2003-03-18,37.1146240234375
2003-03-19,37.14824295043945
2003-03-20,37.22222137451172
2003-03-21,37.51811599731445
2003-03-24,37.333187103271484
2003-03-25,37.218849182128906
2003-03-26,37.097808837890625
2003-03-27,37.175140380859375
2003-03-28,36.274017333984375
2003-03-31,35.95121383666992
2003-04-01,36.818721771240234
2003-04-02,37.0103874206543
2003-04-03,37.16841125488281
2003-04-04,37.32309341430664
2003-04-07,37.7433967590332
2003-04-08,39.374183654785156
2003-04-09,39.653263092041016
2003-04-10,39.673431396484375
2003-04-11,38.83955383300781
2003-04-14,38.83955383300781
2003-04-15,38.98749542236328
2003-04-16,39.82137680053711
2003-04-17,40.493873596191406
2003-04-18,40.493873596191406
2003-04-21,41.70771789550781
2003-04-22,41.40509796142578
2003-04-23,41.0251350402832
2003-04-24,41.0385856628418
2003-04-25,40.27867889404297
2003-04-28,41.623653411865234
2003-04-29,42.208709716796875
2003-04-30,41.44544219970703
2003-05-01,41.44544219970703
2003-05-02,41.96662521362305
2003-05-05,42.47434997558594
2003-05-06,42.444091796875
2003-05-07,42.43737030029297
2003-05-08,41.9262809753418
2003-05-09,41.902732849121094
2003-05-12,42.32976150512695
2003-05-13,41.852298736572266
2003-05-14,42.05404281616211
2003-05-15,43.160282135009766
2003-05-16,43.43937683105469
2003-05-19,44.65320587158203
2003-05-20,44.65320587158203
2003-05-21,44.58259201049805
2003-05-22,45.988101959228516
2003-05-23,46.9833869934082
2003-05-26,47.154869079589844
2003-05-27,46.57653045654297
2003-05-28,46.02173614501953
2003-05-29,46.431949615478516
2003-05-30,45.9477424621582
2003-06-02,45.930938720703125
2003-06-03,45.82670974731445
2003-06-04,45.66530990600586
2003-06-05,45.52408218383789
2003-06-06,45.84014892578125
2003-06-09,47.023738861083984
2003-06-10,48.150150299072266
2003-06-11,47.9215087890625
2003-06-12,48.284637451171875
2003-06-13,47.53819274902344
2003-06-16,47.49110412597656
2003-06-17,49.19586944580078
2003-06-18,50.7661247253418
2003-06-19,51.7210578918457
2003-06-20,50.75602722167969
2003-06-23,50.41642761230469
2003-06-24,47.81727600097656
2003-06-25,49.65988540649414
2003-06-26,49.73049545288086
2003-06-27,50.32564163208008
2003-06-30,50.25167465209961
2003-07-01,49.115169525146484
2003-07-02,49.4211540222168
2003-07-03,48.47294235229492
2003-07-04,48.67805099487305
2003-07-07,50.12726974487305
2003-07-08,51.52267837524414
2003-07-09,51.38145065307617
2003-07-10,51.12590408325195
2003-07-11,52.03376388549805
2003-07-14,52.82769775390625
2003-07-15,53.080936431884766
2003-07-16,53.40604019165039
2003-07-17,54.12470626831055
2003-07-18,54.4737548828125
2003-07-21,54.48745346069336
2003-07-22,54.2684326171875
2003-07-23,53.104896545410156
2003-07-24,52.7592658996582
2003-07-25,54.75779724121094
2003-07-28,56.00345993041992
2003-07-29,56.17113494873047
2003-07-30,56.76317596435547
2003-07-31,55.98978042602539
2003-08-01,55.503822326660156
2003-08-04,58.06359100341797
2003-08-05,58.27233123779297
2003-08-06,57.824031829833984
2003-08-07,58.65220260620117
2003-08-08,58.89860916137695
2003-08-11,60.164798736572266
2003-08-12,60.2674446105957
2003-08-13,61.03742980957031
2003-08-14,61.34885025024414
2003-08-15,61.34885025024414
2003-08-18,63.10099792480469
2003-08-19,62.7587890625
2003-08-20,63.35423278808594
2003-08-21,63.29948425292969
2003-08-22,63.27553176879883
2003-08-25,61.708187103271484
2003-08-26,62.485008239746094
2003-08-27,62.68007278442383
2003-08-28,62.040130615234375
2003-08-29,62.433677673339844
2003-09-01,64.3466567993164
2003-09-02,63.525360107421875
2003-09-03,62.38917922973633
2003-09-04,60.36326217651367
2003-09-05,61.6876335144043
2003-09-08,61.39677047729492
2003-09-09,62.327579498291016
2003-09-10,62.13592529296875
2003-09-11,62.02985763549805
2003-09-12,60.688377380371094
2003-09-15,59.641197204589844
2003-09-16,61.38650131225586
2003-09-17,60.32905197143555
2003-09-18,58.08069610595703
2003-09-19,59.23737716674805
2003-09-22,58.12176513671875
2003-09-23,59.151832580566406
2003-09-24,61.37281036376953
2003-09-25,60.0792350769043
2003-09-26,61.79372024536133
2003-09-29,62.44053649902344
2003-09-30,62.97095489501953
2003-10-01,64.89077758789062
2003-10-02,64.89077758789062
2003-10-03,66.89273834228516
2003-10-06,67.51214599609375
2003-10-07,66.03035736083984
2003-10-08,69.3395767211914
2003-10-09,72.48796081542969
2003-10-10,74.45909118652344
2003-10-13,73.8602294921875
2003-10-14,73.98342895507812
2003-10-15,74.75341033935547
2003-10-16,75.59867095947266
2003-10-17,74.91767883300781
2003-10-20,76.7827377319336
2003-10-21,74.5720443725586
2003-10-22,74.4454116821289
2003-10-23,69.52094268798828
2003-10-24,70.05137634277344
2003-10-27,68.6893539428711
2003-10-28,70.67078399658203
2003-10-29,71.45447540283203
2003-10-30,72.0567626953125
2003-10-31,75.18119049072266
2003-11-03,81.27943420410156
2003-11-04,85.01300811767578
2003-11-05,83.47303771972656
2003-11-06,81.43002319335938
2003-11-07,80.91328430175781
2003-11-10,83.70917510986328
2003-11-11,84.13694763183594
2003-11-12,82.68253326416016
2003-11-13,82.26504516601562
2003-11-14,80.7421646118164
2003-11-17,81.75853729248047
2003-11-18,81.69353485107422
2003-11-19,79.46912384033203
2003-11-20,80.65660858154297
2003-11-21,80.17408752441406
2003-11-24,80.10908508300781
2003-11-25,80.39652252197266
2003-11-26,80.39652252197266
2003-11-27,82.47376251220703
2003-11-28,84.81110382080078
2003-12-01,86.59062194824219
2003-12-02,89.58499908447266
2003-12-03,89.01006317138672
2003-12-04,88.1408462524414
2003-12-05,85.91986846923828
2003-12-08,84.86585998535156
2003-12-09,88.62336730957031
2003-12-10,88.2366714477539
2003-12-11,91.3371353149414
2003-12-12,90.98464965820312
2003-12-15,90.553466796875
2003-12-16,91.42269134521484
2003-12-17,90.86487579345703
2003-12-18,90.51582336425781
2003-12-19,91.64513397216797
2003-12-22,92.22689819335938
2003-12-23,91.62460327148438
2003-12-24,91.47747039794922
2003-12-25,91.47747039794922
2003-12-26,93.39042663574219
2003-12-29,94.16726684570312
2003-12-30,93.61972045898438
2003-12-31,96.36769104003906
2004-01-01,95.91941833496094
2004-01-02,100.7890853881836
2004-01-05,100.36476135253906
2004-01-06,98.92745208740234
2004-01-07,99.88224792480469
2004-01-08,100.68987274169922
2004-01-09,99.93699645996094
2004-01-12,97.39090728759766
2004-01-13,95.92282104492188
2004-01-14,97.95214080810547
2004-01-15,100.2586898803711
2004-01-16,93.89691162109375
2004-01-19,95.59429931640625
2004-01-20,93.49651336669922
2004-01-21,91.55614471435547
2004-01-22,87.09710693359375
2004-01-23,87.75416564941406
2004-01-26,87.75416564941406
2004-01-27,90.5466079711914
2004-01-28,85.77615356445312
2004-01-29,84.66394805908203
2004-01-30,79.48623657226562
2004-02-02,79.48623657226562
2004-02-03,81.70380401611328
2004-02-04,83.36011505126953
2004-02-05,82.64488220214844
2004-02-06,83.20270538330078
2004-02-09,88.6438980102539
2004-02-10,91.02914428710938
2004-02-11,95.06385803222656
2004-02-12,92.09685516357422
2004-02-13,92.48355865478516
2004-02-16,92.31246185302734
2004-02-17,92.61702728271484
2004-02-18,91.57325744628906
2004-02-19,90.52608489990234
2004-02-20,91.05994415283203
2004-02-23,90.40631866455078
2004-02-24,90.98123168945312
2004-02-25,88.50702667236328
2004-02-26,86.33052825927734
2004-02-27,85.28335571289062
2004-03-01,87.08684539794922
2004-03-02,87.08684539794922
2004-03-03,91.1694564819336
2004-03-04,87.77810668945312
2004-03-05,89.1332778930664
2004-03-08,89.60896301269531
2004-03-09,88.4351577758789
2004-03-10,88.38038635253906
2004-03-11,88.1169204711914
2004-03-12,87.96974182128906
2004-03-15,87.90131378173828
2004-03-16,88.7260513305664
2004-03-17,87.55567932128906
2004-03-18,86.20734405517578
2004-03-19,86.62142944335938
2004-03-22,87.56250762939453
2004-03-23,88.7260513305664
2004-03-24,85.67693328857422
2004-03-25,83.5654296875
2004-03-26,83.2779769897461
2004-03-29,84.08560180664062
2004-03-30,82.30951690673828
2004-03-31,83.52779388427734
2004-04-01,87.88078308105469
2004-04-02,90.30367279052734
2004-04-05,92.40483093261719
2004-04-06,92.29875946044922
2004-04-07,92.51777648925781
2004-04-08,91.23104095458984
2004-04-09,91.23104095458984
2004-04-12,90.3515625
2004-04-13,91.29949951171875
2004-04-14,91.29949951171875
2004-04-15,88.38038635253906
2004-04-16,88.75340270996094
2004-04-19,89.33174896240234
2004-04-20,89.6808090209961
2004-04-21,90.62533569335938
2004-04-22,88.91082763671875
2004-04-23,89.08192443847656
2004-04-26,89.08192443847656
2004-04-27,82.61408996582031
2004-04-28,82.26842498779297
2004-04-29,77.76145935058594
2004-04-30,76.27626037597656
2004-05-03,72.92940521240234
2004-05-04,75.44126892089844
2004-05-05,75.09220123291016
2004-05-06,78.36376953125
2004-05-07,75.28726959228516
2004-05-10,70.6536865234375
2004-05-11,67.94676971435547
2004-05-12,66.12616729736328
2004-05-13,64.62042236328125
2004-05-14,61.20854949951172
2004-05-17,59.165531158447266
2004-05-18,63.183135986328125
2004-05-19,64.17896270751953
2004-05-20,63.234458923339844
2004-05-21,63.12152099609375
2004-05-24,66.73532104492188
2004-05-25,65.79421997070312
2004-05-26,64.25083923339844
2004-05-27,62.47475814819336
2004-05-28,63.33369445800781
2004-05-31,61.98195266723633
2004-06-01,64.0455093383789
2004-06-02,66.82772064208984
2004-06-03,66.44442749023438
2004-06-04,66.8585205078125
2004-06-07,66.7455825805664
2004-06-08,66.09880065917969
2004-06-09,65.56836700439453
2004-06-10,64.69914245605469
2004-06-11,63.81621551513672
2004-06-14,64.4698486328125
2004-06-15,65.97903442382812
2004-06-16,65.34593963623047
2004-06-17,64.48011779785156
2004-06-18,62.91279220581055
2004-06-21,64.8839340209961
2004-06-22,65.77368927001953
2004-06-23,63.792274475097656
2004-06-24,63.99073791503906
2004-06-25,66.56764221191406
2004-06-28,69.65097045898438
2004-06-29,69.34639739990234
2004-06-30,68.23078155517578
2004-07-01,69.11026763916016
2004-07-02,70.28751373291016
2004-07-05,70.8316421508789
2004-07-06,74.18190002441406
2004-07-07,76.50212097167969
2004-07-08,74.82184600830078
2004-07-09,74.01763916015625
2004-07-12,74.08952331542969
2004-07-13,73.49748992919922
2004-07-14,72.41950225830078
2004-07-15,74.86974334716797
2004-07-16,75.62028503417969
2004-07-19,74.90103912353516
2004-07-20,73.62934875488281
2004-07-21,73.3270492553711
2004-07-22,73.9003677368164
2004-07-23,73.31315612792969
2004-07-26,73.61893463134766
2004-07-27,74.0602035522461
2004-07-28,73.6710205078125
2004-07-29,74.09494018554688
2004-07-30,76.56188201904297
2004-08-02,74.36942291259766
2004-08-03,72.20477294921875
2004-08-04,71.00607299804688
2004-08-05,72.117919921875
2004-08-06,73.21585845947266
2004-08-09,76.44719696044922
2004-08-10,76.70433044433594
2004-08-11,77.88566589355469
2004-08-12,75.82179260253906
2004-08-13,76.30126953125
2004-08-16,77.01010131835938
2004-08-17,77.08306121826172
2004-08-18,76.6001205444336
2004-08-19,78.41729736328125
2004-08-20,78.70567321777344
2004-08-23,78.41729736328125
2004-08-24,79.81405639648438
2004-08-25,79.90789031982422
2004-08-26,82.0099868774414
2004-08-27,79.90440368652344
2004-08-30,81.97870635986328
2004-08-31,81.89531707763672
2004-09-01,82.21846008300781
2004-09-02,81.48531341552734
2004-09-03,81.95091247558594
2004-09-06,83.46928405761719
2004-09-07,82.7535400390625
2004-09-08,82.78479766845703
2004-09-09,82.41651916503906
2004-09-10,82.23234558105469
2004-09-13,82.27405548095703
2004-09-14,83.0836181640625
2004-09-15,83.48320007324219
2004-09-16,85.50190734863281
2004-09-17,85.81462860107422
2004-09-20,86.94385528564453
2004-09-21,89.25790405273438
2004-09-22,87.60748291015625
2004-09-23,87.20095825195312
2004-09-24,87.57274627685547
2004-09-27,89.8729248046875
2004-09-28,89.78951263427734
2004-09-29,91.41561889648438
2004-09-30,94.243896484375
2004-10-01,96.13751983642578
2004-10-04,96.43286895751953
2004-10-05,95.3210220336914
2004-10-06,94.35507202148438
2004-10-07,95.37313079833984
2004-10-08,95.06388854980469
2004-10-11,93.31965637207031
2004-10-12,92.26341247558594
2004-10-13,92.26341247558594
2004-10-14,86.0091781616211
2004-10-15,86.47478485107422
2004-10-18,86.36359405517578
2004-10-19,86.64849853515625
2004-10-20,85.81462860107422
2004-10-21,85.44979095458984
2004-10-22,85.44979095458984
2004-10-25,84.16769409179688
2004-10-26,87.14886474609375
2004-10-27,86.9264907836914
2004-10-28,85.24478149414062
2004-10-29,82.4999008178711
2004-11-01,84.28583526611328
2004-11-02,85.18920135498047
2004-11-03,86.35665893554688
2004-11-04,88.76454162597656
2004-11-05,89.00079345703125
2004-11-08,89.48724365234375
2004-11-09,89.33782196044922
2004-11-10,89.85553741455078
2004-11-11,90.1196060180664
2004-11-12,89.8381576538086
2004-11-15,89.8381576538086
2004-11-16,89.50458526611328
2004-11-17,89.0633316040039
2004-11-18,89.56365203857422
2004-11-19,88.9764633178711
2004-11-22,88.7784194946289
2004-11-23,89.41078186035156
2004-11-24,89.56019592285156
2004-11-25,88.99036407470703
2004-11-26,88.99036407470703
2004-11-29,89.33782196044922
2004-11-30,90.93265533447266
2004-12-01,91.52679443359375
2004-12-02,93.08686065673828
2004-12-03,91.66577911376953
2004-12-06,90.24120330810547
2004-12-07,91.27660369873047
2004-12-08,91.57195281982422
2004-12-09,90.3906021118164
2004-12-10,89.3030776977539
2004-12-13,87.78816223144531
2004-12-14,88.35800170898438
2004-12-15,90.13349151611328
2004-12-16,90.09528350830078
2004-12-17,90.19256591796875
2004-12-20,90.6894302368164
2004-12-21,91.62408447265625
2004-12-22,90.18559265136719
2004-12-23,92.65255737304688
2004-12-24,92.7533187866211
2004-12-27,92.13135528564453
2004-12-28,95.1959457397461
2004-12-29,98.23615264892578
2004-12-30,100.69961547851562
2004-12-31,98.86505126953125
2005-01-03,100.2791976928711
2005-01-04,98.88591766357422
2005-01-05,94.9353256225586
2005-01-06,92.2147445678711
2005-01-07,92.14179229736328
2005-01-10,90.49832153320312
2005-01-11,86.62765502929688
2005-01-12,86.21419525146484
2005-01-13,87.68392944335938
2005-01-14,86.65547943115234
2005-01-17,86.34622955322266
2005-01-18,89.28569030761719
2005-01-19,88.54910278320312
2005-01-20,87.48240661621094
2005-01-24,86.328857421875
2005-01-25,86.96817779541016
2005-01-27,88.21903228759766
2005-01-28,89.52892303466797
2005-01-31,90.4079818725586
2005-02-01,92.4892349243164
2005-02-02,94.86931610107422
2005-02-03,95.51559448242188
2005-02-04,96.44328308105469
2005-02-07,95.12643432617188
2005-02-08,96.04718780517578
2005-02-09,95.68585205078125
2005-02-10,94.4315185546875
2005-02-11,95.24109649658203
2005-02-14,95.9464340209961
2005-02-15,95.18550872802734
2005-02-16,96.42243194580078
2005-02-17,95.1368637084961
2005-02-18,95.60246276855469
2005-02-21,94.89016723632812
2005-02-22,94.38982391357422
2005-02-23,95.65110778808594
2005-02-24,95.53296661376953
2005-02-25,96.85677337646484
2005-02-28,96.81158447265625
2005-03-01,93.85821533203125
2005-03-02,94.67474365234375
2005-03-03,95.60591125488281
2005-03-04,97.50302124023438
2005-03-07,98.4272689819336
2005-03-08,101.0922622680664
2005-03-09,100.15064239501953
2005-03-10,99.76844787597656
2005-03-11,99.29938507080078
2005-03-14,101.14092254638672
2005-03-15,100.01515197753906
2005-03-16,100.28964233398438
2005-03-17,98.12149047851562
2005-03-18,96.66565704345703
2005-03-21,95.75186157226562
2005-03-22,92.11399841308594
2005-03-23,91.98197937011719
2005-03-24,91.27660369873047
2005-03-28,90.67899322509766
2005-03-29,89.13282775878906
2005-03-30,89.13976287841797
2005-03-31,90.02925872802734
2005-04-01,94.11534118652344
2005-04-04,95.31059265136719
2005-04-05,95.34183502197266
2005-04-06,95.12991333007812
2005-04-07,94.872802734375
2005-04-08,93.5455093383789
2005-04-11,92.77068328857422
2005-04-12,93.12159729003906
2005-04-13,92.39542388916016
2005-04-15,87.08284759521484
2005-04-18,85.7416763305664
2005-04-19,86.26978302001953
2005-04-20,87.0689468383789
2005-04-21,87.82987976074219
2005-04-22,87.62486267089844
2005-04-25,87.32952117919922
2005-04-26,87.29825592041016
2005-04-27,87.11758422851562
2005-04-28,86.10647583007812
2005-04-29,82.43388366699219
2005-05-02,84.05301666259766
2005-05-03,84.55335998535156
2005-05-04,84.46647644042969
2005-05-05,83.46234130859375
2005-05-06,84.6124267578125
2005-05-09,84.82437896728516
2005-05-10,83.44149780273438
2005-05-11,84.02174377441406
2005-05-12,84.34488677978516
2005-05-13,84.13988494873047
2005-05-16,84.61939239501953
2005-05-17,83.94879150390625
2005-05-18,81.65904235839844
2005-05-19,81.12744903564453
2005-05-20,80.67922973632812
2005-05-23,80.54024505615234
2005-05-24,80.87031555175781
2005-05-25,80.79737091064453
2005-05-26,80.69658660888672
2005-05-27,81.6972885131836
2005-05-30,78.743896484375
2005-05-31,78.4659423828125
2005-06-01,77.44441223144531
2005-06-02,75.06781768798828
2005-06-03,75.99899291992188
2005-06-06,75.20331573486328
2005-06-07,75.9329833984375
2005-06-08,77.64939880371094
2005-06-09,78.98016357421875
2005-06-10,77.1386489868164
2005-06-13,77.03787994384766
2005-06-14,77.82659149169922
2005-06-15,78.70220184326172
2005-06-16,78.02117919921875
2005-06-17,78.9176254272461
2005-06-20,82.36438751220703
2005-06-21,82.80216979980469
2005-06-22,82.15937805175781
2005-06-23,83.00719451904297
2005-06-24,84.03565216064453
2005-06-27,82.93769073486328
2005-06-28,83.18438720703125
2005-06-29,85.77804565429688
2005-06-30,84.70381927490234
2005-07-01,84.0889663696289
2005-07-04,86.70028686523438
2005-07-05,86.66144561767578
2005-07-06,88.83460235595703
2005-07-07,85.62962341308594
2005-07-08,85.99359130859375
2005-07-11,87.44941711425781
2005-07-12,86.9617919921875
2005-07-13,87.0289306640625
2005-07-14,86.99713134765625
2005-07-15,87.47416687011719
2005-07-18,88.12435913085938
2005-07-19,87.70386505126953
2005-07-20,88.40702819824219
2005-07-21,88.78865814208984
2005-07-22,89.5872573852539
2005-07-25,90.33283996582031
2005-07-26,90.73567962646484
2005-07-27,91.65792846679688
2005-07-28,91.65792846679688
2005-07-29,89.20561981201172
2005-08-01,89.32223510742188
2005-08-02,91.02189636230469
2005-08-03,92.68975067138672
2005-08-04,94.25511932373047
2005-08-05,95.03251647949219
2005-08-08,94.16678619384766
2005-08-09,94.78518676757812
2005-08-10,96.30109405517578
2005-08-11,97.2056884765625
2005-08-12,99.15270233154297
2005-08-16,100.74988555908203
2005-08-17,101.70043182373047
2005-08-18,99.98311614990234
2005-08-19,98.95833587646484
2005-08-22,98.58732604980469
2005-08-23,97.0042724609375
2005-08-24,96.82405853271484
2005-08-25,97.91594696044922
2005-08-26,96.35761260986328
2005-08-29,98.03609466552734
2005-08-30,100.31877136230469
2005-08-31,101.30819702148438
2005-09-01,101.16685485839844
2005-09-02,101.23753356933594
2005-09-05,104.3824234008789
2005-09-06,104.20574188232422
2005-09-08,104.13507080078125
2005-09-09,102.12090301513672
2005-09-12,103.35769653320312
2005-09-13,103.07499694824219
2005-09-14,106.1845703125
2005-09-15,108.30471801757812
2005-09-16,109.01142120361328
2005-09-19,112.89838409423828
2005-09-20,113.53443145751953
2005-09-21,109.82415771484375
2005-09-22,102.2269058227539
2005-09-23,102.96898651123047
2005-09-26,106.36123657226562
2005-09-27,105.68985748291016
2005-09-28,105.54851531982422
2005-09-29,104.02906036376953
2005-09-30,103.88772583007812
2005-10-03,107.10327911376953
2005-10-04,107.9866943359375
2005-10-05,105.58384704589844
2005-10-06,103.18099975585938
2005-10-07,103.85237884521484
2005-10-10,100.91949462890625
2005-10-11,99.82408905029297
2005-10-13,96.71451568603516
2005-10-14,93.35760498046875
2005-10-17,91.55545806884766
2005-10-18,92.36819458007812
2005-10-19,89.68267059326172
2005-10-20,86.82044219970703
2005-10-21,87.56250762939453
2005-10-24,85.51301574707031
2005-10-25,86.53775024414062
2005-10-26,85.90170288085938
2005-10-27,84.13491821289062
2005-10-28,83.39286804199219
2005-10-31,81.02534484863281
2005-11-02,85.30101013183594
2005-11-04,85.30101013183594
2005-11-07,88.05720520019531
2005-11-08,88.44589233398438
2005-11-09,87.52718353271484
2005-11-10,92.33283996582031
2005-11-11,92.4388656616211
2005-11-14,92.19152069091797
2005-11-16,92.82754516601562
2005-11-17,94.80636596679688
2005-11-18,96.50251007080078
2005-11-21,94.29009246826172
2005-11-22,93.23656463623047
2005-11-23,93.80094909667969
2005-11-24,93.42467498779297
2005-11-25,93.6128158569336
2005-11-28,95.38123321533203
2005-11-29,95.34359741210938
2005-11-30,94.62870025634766
2005-12-01,96.81100463867188
2005-12-02,96.47238159179688
2005-12-05,94.96733093261719
2005-12-06,94.21480560302734
2005-12-07,93.274169921875
2005-12-08,93.80094909667969
2005-12-09,95.83273315429688
2005-12-12,96.96150207519531
2005-12-13,97.75162506103516
2005-12-14,101.36373138427734
2005-12-15,102.75587463378906
2005-12-16,106.330322265625
2005-12-19,110.4314956665039
2005-12-20,108.28684997558594
2005-12-21,107.1957015991211
2005-12-22,106.21744537353516
2005-12-23,105.05103302001953
2005-12-26,102.83111572265625
2005-12-27,105.01339721679688
2005-12-28,102.49248504638672
2005-12-29,104.90052795410156
2005-12-30,107.91061401367188
2006-01-02,110.01763916015625
2006-01-03,111.07115936279297
2006-01-04,112.19989776611328
2006-01-05,112.57617950439453
2006-01-06,116.03773498535156
2006-01-09,115.05947875976562
2006-01-10,113.66731262207031
2006-01-12,112.50090789794922
2006-01-13,111.74842834472656
2006-01-16,112.35042572021484
2006-01-17,111.18402099609375
2006-01-18,114.15646362304688
2006-01-19,119.23591613769531
2006-01-20,118.9725341796875
2006-01-23,118.9725341796875
2006-01-24,118.03191375732422
2006-01-25,118.48339080810547
2006-01-27,120.36471557617188
2006-01-30,120.70331573486328
2006-01-31,124.01443481445312
2006-02-01,121.3805923461914
2006-02-02,124.8421630859375
2006-02-03,123.07378387451172
2006-02-06,126.23432159423828
2006-02-07,126.3471908569336
2006-02-08,124.31539154052734
2006-02-10,123.71338653564453
2006-02-13,122.2083511352539
2006-02-14,119.3111801147461
2006-02-15,122.8479995727539
2006-02-16,120.55281829833984
2006-02-17,115.849609375
2006-02-20,115.8872299194336
2006-02-21,116.52688598632812
2006-02-22,117.65565490722656
2006-02-23,115.58625030517578
2006-02-24,115.02185821533203
2006-02-27,116.37637329101562
2006-02-28,115.39810180664062
2006-03-01,119.87554931640625
2006-03-02,119.68743133544922
2006-03-03,119.27352142333984
2006-03-06,125.93330383300781
2006-03-07,125.6323013305664
2006-03-08,119.3111801147461
2006-03-09,118.74678802490234
2006-03-10,120.40229797363281
2006-03-13,120.02604675292969
2006-03-14,117.39227294921875
2006-03-16,117.91905212402344
2006-03-17,120.02604675292969
2006-03-20,121.94499206542969
2006-03-21,121.98260498046875
2006-03-22,119.01016998291016
2006-03-23,121.07958984375
2006-03-24,127.81459045410156
2006-03-27,131.69004821777344
2006-03-28,130.10977172851562
2006-03-29,134.7377471923828
2006-03-30,138.1992950439453
2006-03-31,137.4844207763672
2006-04-03,139.13992309570312
2006-04-04,138.27455139160156
2006-04-05,140.8331298828125
2006-04-07,140.4944610595703
2006-04-10,146.62747192382812
2006-04-12,144.2194366455078
2006-04-13,144.4451904296875
2006-04-17,150.31480407714844
2006-04-18,150.39002990722656
2006-04-19,153.36248779296875
2006-04-20,162.0540313720703
2006-04-21,158.8934326171875
2006-04-24,159.64598083496094
2006-04-25,154.94273376464844
2006-04-26,161.00048828125
2006-04-27,163.33328247070312
2006-04-28,160.47373962402344
2006-05-02,177.5557861328125
2006-05-03,173.86846923828125
2006-05-04,169.2405242919922
2006-05-05,173.0406951904297
2006-05-08,172.13771057128906
2006-05-09,172.51394653320312
2006-05-10,180.18960571289062
2006-05-11,183.0115203857422
2006-05-12,182.74815368652344
2006-05-15,157.72702026367188
2006-05-16,162.6936492919922
2006-05-17,163.9729766845703
2006-05-18,144.55804443359375
2006-05-19,142.07473754882812
2006-05-22,132.48020935058594
2006-05-23,143.4668731689453
2006-05-24,139.62905883789062
2006-05-25,138.42506408691406
2006-05-26,139.25282287597656
2006-05-29,142.1123809814453
2006-05-30,139.40333557128906
2006-05-31,133.64659118652344
2006-06-01,125.33133697509766
2006-06-02,135.2644805908203
2006-06-05,128.1908416748047
2006-06-06,121.15483856201172
2006-06-07,116.22587585449219
2006-06-08,114.38219451904297
2006-06-09,120.06372833251953
2006-06-12,114.94662475585938
2006-06-13,111.97415924072266
2006-06-14,108.02347564697266
2006-06-15,115.05947875976562
2006-06-16,117.39227294921875
2006-06-19,120.59046936035156
2006-06-20,119.80030059814453
2006-06-21,122.77273559570312
2006-06-22,129.0186004638672
2006-06-23,128.90570068359375
2006-06-26,121.15483856201172
2006-06-27,121.45587158203125
2006-06-28,123.97677612304688
2006-06-29,122.28360748291016
2006-06-30,132.0662841796875
2006-07-03,132.59304809570312
2006-07-04,132.96932983398438
2006-07-05,134.62486267089844
2006-07-06,131.8405303955078
2006-07-07,126.87395477294922
2006-07-10,129.4701385498047
2006-07-11,126.27197265625
2006-07-12,135.2644805908203
2006-07-13,137.07052612304688
2006-07-14,133.147705078125
2006-07-17,127.13017272949219
2006-07-18,122.17898559570312
2006-07-19,118.37043762207031
2006-07-20,125.07353210449219
2006-07-21,119.93192291259766
2006-07-24,118.33234405517578
2006-07-25,120.23661804199219
2006-07-26,123.93094635009766
2006-07-27,125.91138458251953
2006-07-28,123.96902465820312
2006-07-31,122.36943817138672
2006-08-01,120.00814056396484
2006-08-02,122.52178192138672
2006-08-03,122.02664947509766
2006-08-04,121.79814910888672
2006-08-07,120.35087585449219
2006-08-08,122.17898559570312
2006-08-09,125.03544616699219
2006-08-10,127.54911804199219
2006-08-11,126.29226684570312
2006-08-14,126.86358642578125
2006-08-16,128.767822265625
2006-08-17,125.45438385009766
2006-08-18,122.59796142578125
2006-08-21,122.86454010009766
2006-08-22,125.2258529663086
2006-08-23,123.35967254638672
2006-08-24,127.96803283691406
2006-08-25,131.50997924804688
2006-08-28,134.48072814941406
2006-08-29,133.60470581054688
2006-08-30,132.08126831054688
2006-08-31,131.12913513183594
2006-09-01,131.700439453125
2006-09-04,132.99534606933594
2006-09-05,136.2326202392578
2006-09-06,138.51779174804688
2006-09-07,137.5656280517578
2006-09-08,140.15545654296875
2006-09-11,132.57638549804688
2006-09-12,130.97679138183594
2006-09-13,130.17698669433594
2006-09-14,130.710205078125
2006-09-15,128.99635314941406
2006-09-18,128.158447265625
2006-09-19,127.3586654663086
2006-09-20,128.12039184570312
2006-09-21,129.83421325683594
2006-09-22,130.17698669433594
2006-09-25,128.691650390625
2006-09-26,128.99635314941406
2006-09-27,129.64378356933594
2006-09-28,129.49147033691406
2006-09-29,130.59593200683594
2006-10-03,131.12913513183594
2006-10-04,130.86253356933594
2006-10-05,131.12913513183594
2006-10-06,134.13792419433594
2006-10-09,134.899658203125
2006-10-10,133.94747924804688
2006-10-11,130.29122924804688
2006-10-12,133.376220703125
2006-10-13,133.52854919433594
2006-10-16,138.78439331054688
2006-10-17,139.73654174804688
2006-10-18,142.8976593017578
2006-10-19,142.05979919433594
2006-10-20,143.01190185546875
2006-10-23,140.1173858642578
2006-10-26,143.1642303466797
2006-10-27,142.13592529296875
2006-10-30,143.3546600341797
2006-10-31,143.7736053466797
2006-11-01,145.41127014160156
2006-11-02,144.04017639160156
2006-11-03,142.2120819091797
2006-11-06,142.66912841796875
2006-11-07,145.1827850341797
2006-11-08,143.27845764160156
2006-11-09,139.2414093017578
2006-11-10,140.19354248046875
2006-11-13,138.55587768554688
2006-11-14,135.92796325683594
2006-11-15,135.2423858642578
2006-11-16,133.68087768554688
2006-11-17,133.109619140625
2006-11-20,130.10084533691406
2006-11-21,133.26193237304688
2006-11-22,133.26193237304688
2006-11-23,133.30003356933594
2006-11-24,135.43284606933594
2006-11-27,137.18478393554688
2006-11-28,134.59495544433594
2006-11-29,134.13792419433594
2006-11-30,131.89085388183594
2006-12-01,130.900634765625
2006-12-04,132.15745544433594
2006-12-05,133.64279174804688
2006-12-06,135.50900268554688
2006-12-07,139.6603546142578
2006-12-08,136.6515350341797
2006-12-11,132.347900390625
2006-12-12,127.66332244873047
2006-12-13,128.23463439941406
2006-12-14,130.4816436767578
2006-12-15,135.54708862304688
2006-12-18,134.17601013183594
2006-12-19,130.67210388183594
2006-12-20,129.64378356933594
2006-12-21,130.21510314941406
2006-12-22,130.59593200683594
2006-12-26,132.50021362304688
2006-12-27,133.18576049804688
2006-12-28,133.0334014892578
2006-12-29,132.69068908691406
2007-01-02,135.623291015625
2007-01-03,136.49923706054688
2007-01-04,133.147705078125
2007-01-05,130.329345703125
2007-01-08,127.24440002441406
2007-01-09,126.02567291259766
2007-01-10,125.49246215820312
2007-01-11,128.12039184570312
2007-01-12,129.83421325683594
2007-01-15,131.24339294433594
2007-01-16,129.301025390625
2007-01-17,128.04420471191406
2007-01-18,127.39678192138672
2007-01-19,126.3303451538086
2007-01-22,125.3781967163086
2007-01-23,125.56866455078125
2007-01-24,128.72976684570312
2007-01-25,133.64279174804688
2007-01-29,137.87030029296875
2007-01-31,134.17601013183594
2007-02-01,139.3937530517578
2007-02-02,140.26976013183594
2007-02-05,135.623291015625
2007-02-06,132.8810577392578
2007-02-07,138.63204956054688
2007-02-08,133.30003356933594
2007-02-09,132.347900390625
2007-02-12,113.64779663085938
2007-02-13,108.7728271484375
2007-02-14,111.55308532714844
2007-02-15,115.47591400146484
2007-02-19,113.15270233154297
2007-02-20,113.03840637207031
2007-02-21,114.37140655517578
2007-02-22,111.93392944335938
2007-02-23,109.64879608154297
2007-02-26,110.7913818359375
2007-02-27,109.38220977783203
2007-02-28,105.99258422851562
2007-03-01,104.43107604980469
2007-03-02,104.88807678222656
2007-03-05,102.29824829101562
2007-03-06,99.17522430419922
2007-03-07,96.43306732177734
2007-03-08,100.81290435791016
2007-03-09,97.76605987548828
2007-03-12,97.95648956298828
2007-03-13,99.28947448730469
2007-03-14,97.57562255859375
2007-03-15,99.55608367919922
2007-03-16,100.09629821777344
2007-03-19,99.40174102783203
2007-03-20,102.9517822265625
2007-03-21,103.37623596191406
2007-03-22,104.80400085449219
2007-03-23,104.57247161865234
2007-03-26,102.72026062011719
2007-03-28,100.4050064086914
2007-03-29,98.7071533203125
2007-03-30,100.55935668945312
2007-04-02,98.43704223632812
2007-04-03,99.59467315673828
2007-04-04,100.71369171142578
2007-04-05,102.14144134521484
2007-04-09,104.91976165771484
2007-04-10,105.26703643798828
2007-04-11,109.70462036132812
2007-04-12,108.16112518310547
2007-04-13,108.1225357055664
2007-04-16,111.51824188232422
2007-04-17,110.66934204101562
2007-04-18,112.09707641601562
2007-04-19,112.25141906738281
2007-04-20,113.52481079101562
2007-04-23,114.29654693603516
2007-04-24,114.68241882324219
2007-04-25,115.37699127197266
2007-04-26,114.52806091308594
2007-04-27,114.14219665527344
2007-04-30,112.7144546508789
2007-05-03,112.59872436523438
2007-05-04,114.52806091308594
2007-05-07,111.82695007324219
2007-05-08,111.74979400634766
2007-05-09,111.71119689941406
2007-05-10,113.06177520751953
2007-05-11,111.55683135986328
2007-05-14,113.13892364501953
2007-05-15,112.4443359375
2007-05-16,114.99114227294922
2007-05-17,114.87537384033203
2007-05-18,113.37045288085938
2007-05-21,113.94926452636719
2007-05-22,113.17752075195312
2007-05-23,111.672607421875
2007-05-24,110.9008560180664
2007-05-25,111.24813079833984
2007-05-28,111.13235473632812
2007-05-29,111.59542846679688
2007-05-30,108.2383041381836
2007-05-31,108.50841522216797
2007-06-01,108.77852630615234
2007-06-04,113.17752075195312
2007-06-05,112.7916259765625
2007-06-06,114.87537384033203
2007-06-07,118.07814025878906
2007-06-08,121.78254699707031
2007-06-11,124.17498779296875
2007-06-12,123.01737213134766
2007-06-13,123.75051879882812
2007-06-14,126.60601806640625
2007-06-15,124.25215911865234
2007-06-18,124.67665100097656
2007-06-19,124.83099365234375
2007-06-20,125.56414031982422
2007-06-21,128.76695251464844
2007-06-22,131.19793701171875
2007-06-25,132.201171875
2007-06-26,131.35226440429688
2007-06-27,131.00498962402344
2007-06-28,130.42620849609375
2007-06-29,123.59615325927734
2007-07-02,122.2070083618164
2007-07-03,121.58963775634766
2007-07-04,120.85645294189453
2007-07-05,119.58306121826172
2007-07-06,119.15858459472656
2007-07-09,119.27437591552734
2007-07-10,119.54449462890625
2007-07-11,119.54449462890625
2007-07-12,126.91471862792969
2007-07-13,134.43931579589844
2007-07-16,139.22415161132812
2007-07-17,137.75782775878906
2007-07-18,142.4655303955078
2007-07-19,143.4687957763672
2007-07-20,140.96060180664062
2007-07-23,142.73565673828125
2007-07-24,144.009033203125
2007-07-25,141.57803344726562
2007-07-26,141.50083923339844
2007-07-27,133.5903778076172
2007-07-30,127.91797637939453
2007-07-31,131.15933227539062
2007-08-01,122.78585052490234
2007-08-02,123.21031951904297
2007-08-03,125.4869613647461
2007-08-06,121.58963775634766
2007-08-07,121.04939270019531
2007-08-08,124.7538070678711
2007-08-09,120.39340209960938
2007-08-10,116.72757720947266
2007-08-13,117.6151123046875
2007-08-14,118.8113021850586
2007-08-16,111.86555480957031
2007-08-17,108.08394622802734
2007-08-20,109.47310638427734
2007-08-21,105.11270141601562
2007-08-22,107.23501586914062
2007-08-23,107.27360534667969
2007-08-24,109.5888671875
2007-08-27,114.68241882324219
2007-08-28,118.34825134277344
2007-08-29,120.74068450927734
2007-08-30,122.86299133300781
2007-08-31,121.8597412109375
2007-09-03,123.90489959716797
2007-09-04,121.16516876220703
2007-09-05,121.04939270019531
2007-09-06,119.66020202636719
2007-09-07,121.01081085205078
2007-09-10,119.08142852783203
2007-09-11,121.20375061035156
2007-09-12,119.85316467285156
2007-09-13,118.77272033691406
2007-09-14,119.12000274658203
2007-09-17,119.04281616210938
2007-09-18,119.39012145996094
2007-09-19,123.21031951904297
2007-09-20,125.13970184326172
2007-09-21,123.9820556640625
2007-09-24,125.91141510009766
2007-09-25,129.50010681152344
2007-09-26,127.53211212158203
2007-09-27,126.7989501953125
2007-09-28,132.89578247070312
2007-10-01,132.97296142578125
2007-10-03,137.95074462890625
2007-10-04,136.79312133789062
2007-10-05,131.12075805664062
2007-10-08,124.9467544555664
2007-10-09,126.64459228515625
2007-10-10,131.39088439941406
2007-10-11,135.78990173339844
2007-10-12,138.336669921875
2007-10-15,145.6682891845703
2007-10-16,152.498291015625
2007-10-17,152.53689575195312
2007-10-18,142.73565673828125
2007-10-19,134.94091796875
2007-10-22,137.4491424560547
2007-10-23,142.5426788330078
2007-10-24,146.2471160888672
2007-10-25,148.292236328125
2007-10-26,149.37271118164062
2007-10-29,150.02871704101562
2007-10-30,148.90965270996094
2007-10-31,151.6494140625
2007-11-01,144.89654541015625
2007-11-02,145.05088806152344
2007-11-05,141.92527770996094
2007-11-06,148.21505737304688
2007-11-07,145.55250549316406
2007-11-08,157.3603515625
2007-11-12,159.59844970703125
2007-11-13,156.62721252441406
2007-11-14,168.0491180419922
2007-11-15,166.1197509765625
2007-11-16,157.24461364746094
2007-11-19,158.5951690673828
2007-11-20,149.2955322265625
2007-11-21,142.65847778320312
2007-11-22,142.92857360839844
2007-11-23,145.2438201904297
2007-11-26,150.02871704101562
2007-11-27,147.82919311523438
2007-11-28,142.3112030029297
2007-11-29,139.06982421875
2007-11-30,143.0829620361328
2007-12-03,148.09933471679688
2007-12-04,150.06729125976562
2007-12-05,154.00323486328125
2007-12-06,149.0640411376953
2007-12-07,145.01229858398438
2007-12-10,149.17977905273438
2007-12-11,153.38583374023438
2007-12-12,159.1739501953125
2007-12-13,161.52781677246094
2007-12-14,164.5376739501953
2007-12-17,154.96795654296875
2007-12-18,153.7716827392578
2007-12-19,153.1929168701172
2007-12-20,153.7716827392578
2007-12-24,155.4309844970703
2007-12-26,161.68218994140625
2007-12-27,162.80120849609375
2007-12-28,164.07460021972656
2007-12-31,165.81105041503906
2008-01-01,166.31265258789062
2008-01-02,167.7404327392578
2008-01-03,164.3447265625
2008-01-04,169.70838928222656
2008-01-07,168.2420654296875
2008-01-08,161.21910095214844
2008-01-09,163.57296752929688
2008-01-10,155.3538055419922
2008-01-11,155.97119140625
2008-01-14,155.5467071533203
2008-01-15,152.53689575195312
2008-01-16,147.5205078125
2008-01-17,147.4818878173828
2008-01-18,142.8513946533203
2008-01-21,128.61257934570312
2008-01-22,115.14547729492188
2008-01-23,123.63475036621094
2008-01-24,115.84004974365234
2008-01-25,134.05345153808594
2008-01-28,134.05345153808594
2008-01-29,138.52957153320312
2008-01-30,136.02142333984375
2008-01-31,126.52881622314453
2008-02-01,137.06326293945312
2008-02-04,138.02792358398438
2008-02-05,140.69052124023438
2008-02-06,133.01153564453125
2008-02-07,125.21685028076172
2008-02-08,123.55758666992188
2008-02-11,117.53789520263672
2008-02-12,116.6504135131836
2008-02-13,115.41559600830078
2008-02-14,126.29731750488281
2008-02-15,137.60348510742188
2008-02-18,142.11827087402344
2008-02-19,138.37522888183594
2008-02-20,136.67739868164062
2008-02-21,145.6682891845703
2008-02-22,148.21505737304688
2008-02-25,151.7265625
2008-02-26,152.99996948242188
2008-02-27,151.22491455078125
2008-02-28,157.66903686523438
2008-02-29,156.3571014404297
2008-03-03,146.74874877929688
2008-03-04,154.58204650878906
2008-03-05,160.4087371826172
2008-03-07,151.6494140625
2008-03-10,152.15098571777344
2008-03-11,156.7815399169922
2008-03-12,148.02212524414062
2008-03-13,134.20777893066406
2008-03-14,140.42039489746094
2008-03-17,126.76036071777344
2008-03-18,124.4450912475586
2008-03-19,119.35153198242188
2008-03-24,118.84988403320312
2008-03-25,125.83425903320312
2008-03-26,124.90812683105469
2008-03-27,133.6289520263672
2008-03-28,135.32684326171875
2008-03-31,127.41636657714844
2008-04-01,129.57725524902344
2008-04-02,128.3810272216797
2008-04-03,131.8153533935547
2008-04-04,130.23326110839844
2008-04-07,133.6675567626953
2008-04-08,130.96641540527344
2008-04-09,133.43601989746094
2008-04-10,134.16917419433594
2008-04-11,136.1371307373047
2008-04-15,134.01480102539062
2008-04-16,136.21432495117188
2008-04-17,144.0476531982422
2008-04-21,148.3694610595703
2008-04-22,149.02540588378906
2008-04-23,145.20523071289062
2008-04-24,145.398193359375
2008-04-25,146.2471160888672
2008-04-28,144.12477111816406
2008-04-29,152.99996948242188
2008-04-30,149.604248046875
2008-05-02,143.5074005126953
2008-05-05,141.50083923339844
2008-05-06,140.3432159423828
2008-05-07,138.49098205566406
2008-05-08,139.37850952148438
2008-05-09,133.82186889648438
2008-05-12,134.97950744628906
2008-05-13,138.8769073486328
2008-05-14,148.4080047607422
2008-05-15,157.43753051757812
2008-05-16,157.01307678222656
2008-05-20,153.7330780029297
2008-05-21,152.3053436279297
2008-05-22,152.53689575195312
2008-05-23,148.94821166992188
2008-05-26,143.66172790527344
2008-05-27,143.2373046875
2008-05-28,151.61077880859375
2008-05-29,146.0927734375
2008-05-30,148.4080047607422
2008-06-02,140.76768493652344
2008-06-03,142.7742462158203
2008-06-04,137.6806640625
2008-06-05,140.42039489746094
2008-06-06,135.4811553955078
2008-06-09,135.51976013183594
2008-06-10,135.9827880859375
2008-06-11,136.63877868652344
2008-06-12,137.02464294433594
2008-06-13,135.8670654296875
2008-06-16,132.2398223876953
2008-06-17,133.32028198242188
2008-06-18,134.7480010986328
2008-06-19,132.89578247070312
2008-06-20,124.40648651123047
2008-06-23,114.52806091308594
2008-06-24,111.78836059570312
2008-06-25,114.60527038574219
2008-06-26,111.672607421875
2008-06-27,107.62091064453125
2008-06-30,109.82039642333984
2008-07-01,103.99365234375
2008-07-02,109.97474670410156
2008-07-03,104.61107635498047
2008-07-04,106.73338317871094
2008-07-07,109.74320983886719
2008-07-08,112.13568878173828
2008-07-09,112.40576934814453
2008-07-10,118.19392395019531
2008-07-11,119.7760238647461
2008-07-14,115.80146789550781
2008-07-15,106.65621185302734
2008-07-16,105.80729675292969
2008-07-17,107.58230590820312
2008-07-18,109.85897064208984
2008-07-21,110.09049224853516
2008-07-22,113.94926452636719
2008-07-23,117.26780700683594
2008-07-24,117.344970703125
2008-07-25,115.29985809326172
2008-07-28,112.7916259765625
2008-07-29,107.4279556274414
2008-07-30,108.00676727294922
2008-07-31,109.08724212646484
2008-08-01,108.81710815429688
2008-08-04,109.70462036132812
2008-08-05,109.9361572265625
2008-08-06,109.39592742919922
2008-08-07,109.9361572265625
2008-08-08,111.78836059570312
2008-08-11,111.47965240478516
2008-08-12,109.89756774902344
2008-08-13,107.73665618896484
2008-08-14,104.91976165771484
2008-08-18,99.98055267333984
2008-08-19,102.2957992553711
2008-08-20,103.10616302490234
2008-08-21,99.1316146850586
2008-08-22,103.91647338867188
2008-08-25,103.80072021484375
2008-08-26,104.64966583251953
2008-08-27,107.4279556274414
2008-08-28,104.2236328125
2008-08-29,105.77921295166016
2008-09-01,105.56316375732422
2008-09-02,107.03231811523438
2008-09-04,109.49530792236328
2008-09-05,106.9026870727539
2008-09-08,108.7607421875
2008-09-09,108.9767837524414
2008-09-10,107.81011962890625
2008-09-11,105.73600006103516
2008-09-12,104.87178802490234
2008-09-15,99.64332580566406
2008-09-16,98.21739959716797
2008-09-17,97.3963851928711
2008-09-18,97.22354888916016
2008-09-19,97.61243438720703
2008-09-22,95.49510955810547
2008-09-23,93.72349548339844
2008-09-24,93.9827651977539
2008-09-25,90.13702392578125
2008-09-26,85.85918426513672
2008-09-29,83.56903839111328
2008-09-30,84.9085464477539
2008-10-01,85.51350402832031
2008-10-03,84.00114440917969
2008-10-06,83.35298156738281
2008-10-07,82.18630981445312
2008-10-08,78.47019958496094
2008-10-10,69.82810974121094
2008-10-13,77.00103759765625
2008-10-14,73.5874252319336
2008-10-15,68.22931671142578
2008-10-16,59.500816345214844
2008-10-17,55.13655471801758
2008-10-20,56.64891815185547
2008-10-21,55.525447845458984
2008-10-22,52.241451263427734
2008-10-23,45.327781677246094
2008-10-24,37.420257568359375
2008-10-27,34.91405487060547
2008-10-29,45.93272018432617
2008-10-31,52.28464889526367
2008-11-03,54.83407974243164
2008-11-04,55.352603912353516
2008-11-05,53.01924133300781
2008-11-06,48.87103271484375
2008-11-07,52.11181640625
2008-11-10,57.81559371948242
2008-11-11,51.982181549072266
2008-11-12,48.914241790771484
2008-11-14,48.95745849609375
2008-11-17,47.14262008666992
2008-11-18,45.7166748046875
2008-11-19,43.426517486572266
2008-11-20,43.2536735534668
2008-11-21,44.89567565917969
2008-11-24,44.722835540771484
2008-11-25,44.33393478393555
2008-11-26,45.45740509033203
2008-11-27,45.45740509033203
2008-11-28,45.75988006591797
2008-12-01,44.420352935791016
2008-12-02,45.025299072265625
2008-12-03,44.03146743774414
2008-12-04,45.11172103881836
2008-12-05,43.08082580566406
2008-12-08,43.85862350463867
2008-12-10,46.45125198364258
2008-12-11,44.290733337402344
2008-12-12,45.6734619140625
2008-12-15,48.26608657836914
2008-12-16,48.438941955566406
2008-12-17,46.96977615356445
2008-12-18,46.92655563354492
2008-12-19,46.75371551513672
2008-12-22,46.40803527832031
2008-12-23,44.420352935791016
2008-12-24,43.512935638427734
2008-12-26,41.957359313964844
2008-12-29,42.735145568847656
2008-12-30,43.77220153808594
2008-12-31,44.420352935791016
2009-01-02,48.438941955566406
2009-01-05,50.2537727355957
2009-01-06,50.2105598449707
2009-01-07,47.35866928100586
2009-01-09,45.45740509033203
2009-01-12,43.3400993347168
2009-01-13,41.957359313964844
2009-01-14,43.77220153808594
2009-01-15,41.698097229003906
2009-01-16,43.21046447753906
2009-01-19,43.77220153808594
2009-01-20,41.870941162109375
2009-01-21,40.9635124206543
2009-01-22,37.89558410644531
2009-01-23,37.59309768676758
2009-01-27,38.19805145263672
2009-01-28,38.32767868041992
2009-01-29,39.79684066772461
2009-01-30,42.30305480957031
2009-02-02,39.88325500488281
2009-02-03,38.80299758911133
2009-02-04,38.28446960449219
2009-02-05,37.549896240234375
2009-02-06,38.15484619140625
2009-02-09,39.710411071777344
2009-02-10,38.84621047973633
2009-02-11,38.84621047973633
2009-02-12,39.0190544128418
2009-02-13,39.53757095336914
2009-02-16,38.28446960449219
2009-02-17,36.64247131347656
2009-02-18,35.95110321044922
2009-02-19,34.654788970947266
2009-02-20,34.006629943847656
2009-02-24,33.70417022705078
2009-02-25,34.5683708190918
2009-02-26,33.31526184082031
2009-02-27,33.35847854614258
2009-03-02,32.88316345214844
2009-03-03,32.32143020629883
2009-03-04,33.35847854614258
2009-03-05,32.4942626953125
2009-03-06,34.09305953979492
2009-03-09,32.79673767089844
2009-03-12,34.22268295288086
2009-03-13,36.512840270996094
2009-03-16,36.944942474365234
2009-03-17,37.76594543457031
2009-03-18,38.975830078125
2009-03-19,38.975830078125
2009-03-20,41.1795654296875
2009-03-23,44.982093811035156
2009-03-24,43.2536735534668
2009-03-25,43.08082580566406
2009-03-26,45.327781677246094
2009-03-27,47.61793518066406
2009-03-30,43.3400993347168
2009-03-31,44.982093811035156
2009-04-01,45.6734619140625
2009-04-02,48.827823638916016
2009-04-06,51.982181549072266
2009-04-08,50.29698181152344
2009-04-09,50.94513702392578
2009-04-13,51.37723922729492
2009-04-15,53.926658630371094
2009-04-16,50.037715911865234
2009-04-17,47.61793518066406
2009-04-20,46.32162094116211
2009-04-21,48.093257904052734
2009-04-22,47.22903823852539
2009-04-23,49.00065994262695
2009-04-24,49.475982666015625
2009-04-27,48.22287368774414
2009-04-28,46.148780822753906
2009-04-29,46.45125198364258
2009-04-30,46.45125198364258
2009-05-04,53.10565948486328
2009-05-05,53.926658630371094
2009-05-06,54.74765396118164
2009-05-07,60.710697174072266
2009-05-08,59.02549362182617
2009-05-11,57.729183197021484
2009-05-12,60.7971305847168
2009-05-13,61.40205764770508
2009-05-14,60.96997833251953
2009-05-15,60.883541107177734
2009-05-18,69.09353637695312
2009-05-19,66.76016998291016
2009-05-20,71.81578826904297
2009-05-21,68.09970092773438
2009-05-22,66.45768737792969
2009-05-25,66.84657287597656
2009-05-26,69.22315216064453
2009-05-27,70.34663391113281
2009-05-28,70.60589599609375
2009-05-29,73.15530395507812
2009-06-01,75.74794006347656
2009-06-02,75.9207763671875
2009-06-03,80.63072967529297
2009-06-04,77.60599517822266
2009-06-05,80.32826232910156
2009-06-08,75.48869323730469
2009-06-09,78.68626403808594
2009-06-10,81.36530303955078
2009-06-11,87.63081359863281
2009-06-12,87.1123046875
2009-06-15,82.877685546875
2009-06-16,85.68636322021484
2009-06-17,81.23566436767578
2009-06-18,75.48869323730469
2009-06-19,76.18003845214844
2009-06-22,72.80963897705078
2009-06-23,70.51948547363281
2009-06-24,72.46392822265625
2009-06-25,72.98246765136719
2009-06-26,74.92694854736328
2009-06-29,75.9207763671875
2009-06-30,74.71089172363281
2009-07-01,72.16148376464844
2009-07-02,73.28494262695312
2009-07-03,72.42072296142578
2009-07-06,67.40834045410156
2009-07-07,67.4515380859375
2009-07-08,67.06262969970703
2009-07-09,65.7231216430664
2009-07-10,62.9144172668457
2009-07-13,60.753910064697266
2009-07-14,63.60579299926758
2009-07-15,68.79105377197266
2009-07-16,68.44536590576172
2009-07-17,72.85285186767578
2009-07-20,76.91461944580078
2009-07-21,76.56893920898438
2009-07-22,73.97632598876953
2009-07-23,78.47019958496094
2009-07-24,81.06282043457031
2009-07-27,80.45787811279297
2009-07-28,81.01964569091797
2009-07-29,81.75418853759766
2009-07-30,81.06282043457031
2009-07-31,86.6801986694336
2009-08-03,93.59386444091797
2009-08-04,97.56922149658203
2009-08-05,95.797607421875
2009-08-06,89.44567108154297
2009-08-07,87.58761596679688
2009-08-10,88.01969909667969
2009-08-11,91.13087463378906
2009-08-12,89.48888397216797
2009-08-13,93.9395523071289
2009-08-14,93.63707733154297
2009-08-17,86.636962890625
2009-08-18,92.08148956298828
2009-08-19,88.75428009033203
2009-08-20,89.2296142578125
2009-08-21,89.92097473144531
2009-08-24,93.72349548339844
2009-08-25,93.29138946533203
2009-08-26,92.51360321044922
2009-08-27,91.6494140625
2009-08-28,94.28524017333984
2009-08-31,91.60618591308594
2009-09-01,89.96418762207031
2009-09-02,89.7481460571289
2009-09-03,89.01355743408203
2009-09-04,90.91481018066406
2009-09-07,93.68029022216797
2009-09-08,99.34085845947266
2009-09-09,103.8779525756836
2009-09-10,102.1736068725586
2009-09-11,108.72881317138672
2009-09-14,105.62602233886719
2009-09-15,109.42802429199219
2009-09-16,114.58479309082031
2009-09-17,119.21709442138672
2009-09-18,120.83406829833984
2009-09-22,119.82894134521484
2009-09-23,117.51275634765625
2009-09-24,112.74933624267578
2009-09-25,110.73906707763672
2009-09-29,110.91387176513672
2009-09-30,112.79301452636719
2009-10-01,110.82648468017578
2009-10-05,103.13504028320312
2009-10-06,109.55912017822266
2009-10-07,111.04499053955078
2009-10-08,112.96783447265625
2009-10-09,111.96269226074219
2009-10-12,112.66190338134766
2009-10-13,112.66190338134766
2009-10-14,118.34307861328125
2009-10-15,117.99346923828125
2009-10-16,118.86750793457031
2009-10-20,123.36874389648438
2009-10-21,123.45613861083984
2009-10-22,120.57185363769531
2009-10-23,123.63092803955078
2009-10-26,120.00369262695312
2009-10-27,110.21464538574219
2009-10-28,107.85478210449219
2009-10-29,105.10160827636719
2009-10-30,106.50004577636719
2009-11-03,95.26880645751953
2009-11-04,104.14015197753906
2009-11-05,109.47173309326172
2009-11-06,109.86502075195312
2009-11-09,113.14264678955078
2009-11-10,110.56427001953125
2009-11-11,115.24029541015625
2009-11-12,112.79301452636719
2009-11-13,114.36627197265625
2009-11-16,117.46907043457031
2009-11-17,118.12456512451172
2009-11-18,117.68753051757812
2009-11-19,113.71075439453125
2009-11-20,117.64384460449219
2009-11-23,116.42021179199219
2009-11-24,117.60015106201172
2009-11-25,117.99346923828125
2009-11-26,116.33284759521484
2009-11-27,116.11431121826172
2009-11-30,120.70295715332031
2009-12-01,124.19904327392578
2009-12-02,124.76715850830078
2009-12-03,127.6514663696289
2009-12-04,128.70028686523438
2009-12-07,124.72346496582031
2009-12-08,127.69515228271484
2009-12-09,123.89314270019531
2009-12-10,124.98568725585938
2009-12-11,124.02424621582031
2009-12-14,122.49468994140625
2009-12-15,123.76203155517578
2009-12-16,125.02937316894531
2009-12-17,126.8648452758789
2009-12-18,124.8545913696289
2009-12-21,119.87263488769531
2009-12-22,124.50497436523438
2009-12-23,134.07553100585938
2009-12-24,138.2271270751953
2009-12-29,141.59214782714844
2009-12-30,139.7567138671875
2009-12-31,140.58705139160156
2010-01-04,142.90321350097656
2010-01-05,153.1293182373047
2010-01-06,149.50209045410156
2010-01-07,153.0856170654297
2010-01-08,151.46865844726562
2010-01-11,150.0702362060547
2010-01-12,146.7052459716797
2010-01-13,149.58950805664062
2010-01-14,149.32730102539062
2010-01-15,145.6127166748047
2010-01-18,146.18080139160156
2010-01-19,142.4661865234375
2010-01-20,144.86976623535156
2010-01-21,142.33509826660156
2010-01-22,141.02406311035156
2010-01-25,139.1448516845703
2010-01-27,131.14756774902344
2010-01-28,129.35580444335938
2010-01-29,128.7876739501953
2010-02-01,130.5794219970703
2010-02-02,132.02157592773438
2010-02-03,136.5665283203125
2010-02-04,127.73884582519531
2010-02-05,120.74663543701172
2010-02-08,119.04230499267578
2010-02-09,117.46907043457031
2010-02-10,119.30450439453125
2010-02-11,120.83406829833984
2010-02-15,123.10651397705078
2010-02-16,127.08332824707031
2010-02-17,133.50743103027344
2010-02-18,133.37637329101562
2010-02-19,131.0164337158203
2010-02-22,134.73101806640625
2010-02-23,135.29917907714844
2010-02-24,135.47396850585938
2010-02-25,134.03182983398438
2010-02-26,142.16030883789062
2010-03-02,147.9288330078125
2010-03-03,149.85174560546875
2010-03-04,147.88519287109375
2010-03-05,146.83633422851562
2010-03-08,145.2630615234375
2010-03-09,141.6795654296875
2010-03-10,142.20396423339844
2010-03-11,139.62559509277344
2010-03-12,144.25796508789062
2010-03-15,144.78236389160156
2010-03-16,148.19110107421875
2010-03-17,151.59979248046875
2010-03-18,154.13442993164062
2010-03-19,153.4789276123047
2010-03-22,147.9288330078125
2010-03-23,148.97769165039062
2010-03-25,155.27064514160156
2010-03-26,156.14468383789062
2010-03-29,161.03924560546875
2010-03-30,160.77699279785156
2010-03-31,158.41714477539062
2010-04-01,160.60220336914062
2010-04-05,163.6613311767578
2010-04-06,161.3451385498047
2010-04-07,161.3451385498047
2010-04-08,154.26551818847656
2010-04-09,156.27578735351562
2010-04-12,157.54315185546875
2010-04-13,155.88250732421875
2010-04-15,154.48403930664062
2010-04-16,152.5175018310547
2010-04-19,155.7513885498047
2010-04-20,158.81048583984375
2010-04-21,157.1498260498047
2010-04-22,157.10610961914062
2010-04-23,155.7513885498047
2010-04-26,160.95184326171875
2010-04-27,160.60220336914062
2010-04-28,156.71279907226562
2010-04-29,157.58682250976562
2010-04-30,156.0135955810547
2010-05-03,151.16273498535156
2010-05-04,142.42247009277344
2010-05-05,143.03433227539062
2010-05-06,143.34022521972656
2010-05-07,142.4661865234375
2010-05-10,153.3478240966797
2010-05-11,148.54067993164062
2010-05-12,149.15249633789062
2010-05-13,147.9288330078125
2010-05-14,142.81578063964844
2010-05-17,143.20912170410156
2010-05-18,142.33509826660156
2010-05-19,136.78501892089844
2010-05-20,136.82872009277344
2010-05-21,132.54598999023438
2010-05-24,127.25812530517578
2010-05-25,120.39706420898438
2010-05-26,129.53060913085938
2010-05-27,129.70538330078125
2010-05-28,131.8904571533203
2010-05-31,131.32235717773438
2010-06-01,125.51008605957031
2010-06-02,124.72346496582031
2010-06-03,127.56407928466797
2010-06-04,129.00621032714844
2010-06-07,122.93170166015625
2010-06-08,115.50248718261719
2010-06-09,116.20172119140625
2010-06-10,121.05257415771484
2010-06-11,121.92659759521484
2010-06-14,125.20418548583984
2010-06-15,126.51524353027344
2010-06-16,126.8648452758789
2010-06-17,128.26329040527344
2010-06-18,127.03961944580078
2010-06-21,134.25035095214844
2010-06-22,132.54598999023438
2010-06-23,132.85191345214844
2010-06-24,131.97787475585938
2010-06-25,129.7928009033203
2010-06-28,131.67196655273438
2010-06-29,126.03450012207031
2010-06-30,126.29670715332031
2010-07-01,124.94195556640625
2010-07-02,125.64116668701172
2010-07-05,123.80572509765625
2010-07-06,125.72858428955078
2010-07-07,124.11166381835938
2010-07-08,126.60261535644531
2010-07-09,130.22982788085938
2010-07-12,130.66683959960938
2010-07-13,132.2401123046875
2010-07-14,131.67196655273438
2010-07-15,131.8904571533203
2010-07-16,131.23495483398438
2010-07-19,133.37637329101562
2010-07-20,133.5511474609375
2010-07-21,136.74131774902344
2010-07-22,138.00863647460938
2010-07-23,138.18345642089844
2010-07-26,135.9547119140625
2010-07-27,137.44053649902344
2010-07-28,138.3582763671875
2010-07-29,140.7181396484375
2010-07-30,140.15005493164062
2010-08-02,143.6898193359375
2010-08-03,144.65126037597656
2010-08-04,144.65126037597656
2010-08-05,144.3890380859375
2010-08-06,143.34022521972656
2010-08-09,146.00601196289062
2010-08-10,142.99061584472656
2010-08-11,143.82090759277344
2010-08-12,145.96231079101562
2010-08-13,145.13198852539062
2010-08-16,143.90835571289062
2010-08-17,146.9674530029297
2010-08-18,153.9159393310547
2010-08-19,157.1498260498047
2010-08-20,156.0572967529297
2010-08-23,153.43521118164062
2010-08-24,148.41465759277344
2010-08-25,144.1427764892578
2010-08-26,144.49510192871094
2010-08-27,144.45106506347656
2010-08-30,147.1374969482422
2010-08-31,146.5649871826172
2010-09-01,153.479248046875
2010-09-02,152.95074462890625
2010-09-03,150.13223266601562
2010-09-06,157.6190185546875
2010-09-07,159.160400390625
2010-09-08,159.68890380859375
2010-09-09,160.65777587890625
2010-09-13,168.2766571044922
2010-09-14,164.22500610351562
2010-09-15,167.3077850341797
2010-09-16,163.91673278808594
2010-09-17,166.5150909423828
2010-09-20,170.8310089111328
2010-09-21,168.76113891601562
2010-09-22,167.1316680908203
2010-09-23,167.0876007080078
2010-09-24,168.36474609375
2010-09-27,173.3853302001953
2010-09-28,172.6366424560547
2010-09-29,168.7170867919922
2010-09-30,173.5614776611328
2010-10-01,179.9913330078125
2010-10-04,181.35653686523438
2010-10-05,178.8462677001953
2010-10-06,185.3641815185547
2010-10-07,186.55323791503906
2010-10-08,189.10757446289062
2010-10-11,189.4599151611328
2010-10-12,185.5843963623047
2010-10-13,190.6489715576172
2010-10-14,190.16453552246094
2010-10-15,187.25790405273438
2010-10-18,186.20094299316406
2010-10-19,181.75291442871094
2010-10-20,178.93435668945312
2010-10-21,187.9185028076172
2010-10-22,186.641357421875
2010-10-25,194.832763671875
2010-10-26,191.79400634765625
2010-10-27,193.29139709472656
2010-10-28,190.516845703125
2010-10-29,185.40821838378906
2010-11-01,187.56619262695312
2010-11-02,189.6800994873047
2010-11-03,192.80694580078125
2010-11-04,199.4569549560547
2010-11-08,202.80401611328125
2010-11-09,203.24441528320312
2010-11-10,200.91029357910156
2010-11-11,206.0629425048828
2010-11-12,196.50634765625
2010-11-15,197.34303283691406
2010-11-16,186.641357421875
2010-11-18,195.71359252929688
2010-11-19,187.25790405273438
2010-11-22,189.19566345214844
2010-11-23,185.67250061035156
2010-11-24,182.85391235351562
2010-11-25,178.62606811523438
2010-11-26,176.203857421875
2010-11-29,177.7012176513672
2010-11-30,181.92904663085938
2010-12-01,188.226806640625
2010-12-02,192.6748046875
2010-12-03,189.6800994873047
2010-12-06,194.9649200439453
2010-12-07,199.76524353027344
2010-12-08,195.5374298095703
2010-12-09,184.74761962890625
2010-12-10,189.6360321044922
2010-12-13,195.1851043701172
2010-12-14,197.95960998535156
2010-12-15,195.58145141601562
2010-12-16,197.4311065673828
2010-12-20,197.25497436523438
2010-12-21,205.75469970703125
2010-12-22,209.71827697753906
2010-12-23,205.8867645263672
2010-12-24,211.03952026367188
2010-12-27,209.32192993164062
2010-12-28,209.1897735595703
2010-12-29,212.75704956054688
2010-12-30,215.4875030517578
2010-12-31,217.55738830566406
2011-01-03,216.76466369628906
2011-01-04,215.0030975341797
2011-01-05,217.1169891357422
2011-01-06,221.3888702392578
2011-01-07,205.49046325683594
2011-01-10,195.62550354003906
2011-01-11,203.11233520507812
2011-01-12,209.1897735595703
2011-01-13,206.3271942138672
2011-01-14,202.5837860107422
2011-01-17,198.04771423339844
2011-01-18,202.09938049316406
2011-01-19,207.51629638671875
2011-01-20,208.3090057373047
2011-01-21,206.5033721923828
2011-01-24,204.3894500732422
2011-01-25,207.0758819580078
2011-01-27,205.1821746826172
2011-01-28,196.90267944335938
2011-01-31,202.27554321289062
2011-02-01,202.49571228027344
2011-02-02,206.8116455078125
2011-02-03,216.7206573486328
2011-02-04,208.3530731201172
2011-02-07,204.5655975341797
2011-02-08,205.97486877441406
2011-02-09,193.20330810546875
2011-02-10,190.0324249267578
2011-02-11,185.80459594726562
2011-02-14,193.1592559814453
2011-02-15,187.0817413330078
2011-02-16,186.42112731933594
2011-02-17,186.20094299316406
2011-02-18,184.61550903320312
2011-02-21,187.3459930419922
2011-02-22,186.9055938720703
2011-02-23,187.0817413330078
2011-02-24,180.82806396484375
2011-02-25,176.203857421875
2011-02-28,177.3489227294922
2011-03-01,187.12579345703125
2011-03-03,184.9678192138672
2011-03-04,185.0118865966797
2011-03-07,184.9678192138672
2011-03-08,186.6853790283203
2011-03-09,187.61024475097656
2011-03-10,184.35125732421875
2011-03-11,181.22439575195312
2011-03-14,184.17510986328125
2011-03-15,179.85919189453125
2011-03-16,178.93435668945312
2011-03-17,174.13397216796875
2011-03-18,173.34127807617188
2011-03-21,167.96839904785156
2011-03-22,168.98129272460938
2011-03-23,172.94493103027344
2011-03-24,180.3876953125
2011-03-25,182.01712036132812
2011-03-28,181.18038940429688
2011-03-29,183.11813354492188
2011-03-30,180.78404235839844
2011-03-31,184.21914672851562
2011-04-01,188.71124267578125
2011-04-04,190.16453552246094
2011-04-05,189.76817321777344
2011-04-06,187.0817413330078
2011-04-07,190.29664611816406
2011-04-08,184.08702087402344
2011-04-11,182.67774963378906
2011-04-13,184.65956115722656
2011-04-15,185.14398193359375
2011-04-18,179.37478637695312
2011-04-19,180.5637969970703
2011-04-20,188.79933166503906
2011-04-21,194.48048400878906
2011-04-25,193.07115173339844
2011-04-26,196.41824340820312
2011-04-27,193.81988525390625
2011-04-28,192.93905639648438
2011-04-29,190.29664611816406
2011-05-02,187.9185028076172
2011-05-03,181.75291442871094
2011-05-04,180.960205078125
2011-05-05,177.8773956298828
2011-05-06,177.6571807861328
2011-05-09,178.44993591308594
2011-05-10,178.9783935546875
2011-05-11,180.43174743652344
2011-05-12,171.8879852294922
2011-05-13,174.35418701171875
2011-05-16,171.6677703857422
2011-05-17,170.39059448242188
2011-05-18,173.12109375
2011-05-19,166.9114532470703
2011-05-20,169.2015380859375
2011-05-23,166.1187286376953
2011-05-24,164.4892578125
2011-05-25,161.97897338867188
2011-05-26,164.3131103515625
2011-05-27,174.00186157226562
2011-05-30,170.03826904296875
2011-05-31,173.8257293701172
2011-06-01,173.78167724609375
2011-06-02,170.8750457763672
2011-06-03,166.6031494140625
2011-06-06,164.09288024902344
2011-06-07,165.3260040283203
2011-06-08,161.75877380371094
2011-06-09,161.1862335205078
2011-06-10,162.72767639160156
2011-06-13,158.85214233398438
2011-06-14,155.68128967285156
2011-06-15,152.6425323486328
2011-06-16,152.51039123535156
2011-06-17,149.6037139892578
2011-06-20,148.50274658203125
2011-06-21,149.38351440429688
2011-06-22,147.66600036621094
2011-06-23,146.78517150878906
2011-06-24,152.24612426757812
2011-06-27,153.34716796875
2011-06-28,159.24850463867188
2011-06-29,160.34950256347656
2011-06-30,159.02828979492188
2011-07-01,164.70944213867188
2011-07-04,167.57205200195312
2011-07-05,164.40118408203125
2011-07-06,166.73529052734375
2011-07-07,172.32833862304688
2011-07-08,165.6782989501953
2011-07-11,158.58786010742188
2011-07-12,154.84449768066406
2011-07-13,155.98951721191406
2011-07-14,157.00245666503906
2011-07-15,155.54913330078125
2011-07-18,160.65777587890625
2011-07-19,162.55149841308594
2011-07-20,157.48687744140625
2011-07-21,155.76934814453125
2011-07-22,155.63722229003906
2011-07-25,159.4246826171875
2011-07-26,156.650146484375
2011-07-27,152.06997680664062
2011-07-28,147.9302520751953
2011-07-29,148.37063598632812
2011-08-01,148.19448852539062
2011-08-02,145.1557159423828
2011-08-03,145.64015197753906
2011-08-04,142.11695861816406
2011-08-05,143.52621459960938
2011-08-08,133.57318115234375
2011-08-09,130.31423950195312
2011-08-10,137.3165740966797
2011-08-11,138.4616241455078
2011-08-12,132.2960205078125
2011-08-16,127.1433334350586
2011-08-17,125.55792999267578
2011-08-18,121.24198913574219
2011-08-19,122.91553497314453
2011-08-22,127.1873779296875
2011-08-23,128.37648010253906
2011-08-24,129.16920471191406
2011-08-25,126.2185287475586
2011-08-26,122.5632095336914
2011-08-29,126.92315673828125
2011-08-30,132.64837646484375
2011-09-02,136.21559143066406
2011-09-05,135.2026824951172
2011-09-06,137.00831604003906
2011-09-07,140.8397674560547
2011-09-08,140.0470428466797
2011-09-09,132.03179931640625
2011-09-12,125.86620330810547
2011-09-13,125.02943420410156
2011-09-14,129.1688995361328
2011-09-15,128.41224670410156
2011-09-16,128.76829528808594
2011-09-19,128.3677215576172
2011-09-20,133.57540893554688
2011-09-21,129.6585235595703
2011-09-22,124.09475708007812
2011-09-23,119.19860076904297
2011-09-26,114.56952667236328
2011-09-27,119.68820190429688
2011-09-28,117.32918548583984
2011-09-29,119.15408325195312
2011-09-30,117.01759338378906
2011-10-03,110.34104919433594
2011-10-04,111.18675994873047
2011-10-05,106.91374969482422
2011-10-07,112.07695770263672
2011-10-10,113.1006851196289
2011-10-11,116.03838348388672
2011-10-12,118.1303482055664
2011-10-13,114.79208374023438
2011-10-14,114.56952667236328
2011-10-17,115.90484619140625
2011-10-18,111.6318588256836
2011-10-19,113.67931365966797
2011-10-20,111.00871276855469
2011-10-21,108.38258361816406
2011-10-24,109.85142517089844
2011-10-25,111.58734130859375
2011-10-28,126.67633056640625
2011-10-31,121.02351379394531
2011-11-01,120.93450927734375
2011-11-02,121.20158386230469
2011-11-03,120.84546661376953
2011-11-04,123.96119689941406
2011-11-08,124.49533081054688
2011-11-09,119.73274230957031
2011-11-11,114.56952667236328
2011-11-14,112.34398651123047
2011-11-15,111.67636108398438
2011-11-16,109.85142517089844
2011-11-17,109.36180877685547
2011-11-18,110.11849212646484
2011-11-21,106.1570816040039
2011-11-22,108.60514068603516
2011-11-23,106.33511352539062
2011-11-24,105.08882904052734
2011-11-25,101.03838348388672
2011-11-28,110.69712829589844
2011-11-29,108.91670227050781
2011-11-30,109.45083618164062
2011-12-01,116.83955383300781
2011-12-02,120.53388977050781
2011-12-05,121.51313018798828
2011-12-07,122.6703872680664
2011-12-08,116.26092529296875
2011-12-09,117.64073181152344
2011-12-12,109.98495483398438
2011-12-13,115.32620239257812
2011-12-14,113.32322692871094
2011-12-15,113.41226959228516
2011-12-16,112.07695770263672
2011-12-19,111.09772491455078
2011-12-20,105.8010025024414
2011-12-21,109.40632629394531
2011-12-22,109.1392593383789
2011-12-23,108.38258361816406
2011-12-26,107.62592315673828
2011-12-27,106.46866607666016
2011-12-28,103.79803466796875
2011-12-29,104.33214569091797
2011-12-30,103.13037872314453
2012-01-02,99.9256362915039
2012-01-03,102.86331939697266
2012-01-04,105.31136322021484
2012-01-05,103.62000274658203
2012-01-06,105.66746520996094
2012-01-09,104.91077423095703
2012-01-10,109.62887573242188
2012-01-11,116.03838348388672
2012-01-12,118.1303482055664
2012-01-13,118.75350189208984
2012-01-16,117.99681091308594
2012-01-17,125.07394409179688
2012-01-18,124.40629577636719
2012-01-19,129.7920379638672
2012-01-20,127.83361053466797
2012-01-23,122.26981353759766
2012-01-24,128.01162719726562
2012-01-25,126.45375061035156
2012-01-27,128.59027099609375
2012-01-30,122.44783020019531
2012-01-31,130.5042266845703
2012-02-01,136.37954711914062
2012-02-02,140.65257263183594
2012-02-03,135.8899688720703
2012-02-06,138.24900817871094
2012-02-07,136.8246612548828
2012-02-08,143.14512634277344
2012-02-09,141.63180541992188
2012-02-10,136.1125030517578
2012-02-13,138.73863220214844
2012-02-14,143.41220092773438
2012-02-15,144.6584930419922
2012-02-16,137.22525024414062
2012-02-17,134.37660217285156
2012-02-21,138.51608276367188
2012-02-22,131.92852783203125
2012-02-23,130.7267608642578
2012-02-24,131.79502868652344
2012-02-27,124.58436584472656
2012-02-28,130.5042266845703
2012-02-29,132.5516815185547
2012-03-01,133.8424835205078
2012-03-02,131.5279541015625
2012-03-05,124.53984069824219
2012-03-06,117.28466796875
2012-03-07,116.88407135009766
2012-03-09,119.82173919677734
2012-03-12,122.40333557128906
2012-03-13,125.9196548461914
2012-03-14,128.2786865234375
2012-03-15,126.14222717285156
2012-03-16,125.38552856445312
2012-03-19,125.652587890625
2012-03-20,123.11551666259766
2012-03-21,121.8247299194336
2012-03-22,118.3528823852539
2012-03-23,116.97307586669922
2012-03-26,113.9463882446289
2012-03-27,114.92561340332031
2012-03-28,111.80988311767578
2012-03-29,111.09772491455078
2012-03-30,115.19267272949219
2012-04-02,113.32322692871094
2012-04-03,117.41816711425781
2012-04-04,118.4864501953125
2012-04-09,112.16596221923828
2012-04-10,111.23126220703125
2012-04-11,110.25202941894531
2012-04-12,113.9463882446289
2012-04-13,111.1422348022461
2012-04-16,110.4745864868164
2012-04-17,113.9463882446289
2012-04-18,116.39443969726562
2012-04-19,114.035400390625
2012-04-20,111.27578735351562
2012-04-23,105.75648498535156
2012-04-24,107.40337371826172
2012-04-25,106.69119262695312
2012-04-26,103.4864730834961
2012-04-27,105.75648498535156
2012-04-30,107.49240112304688
2012-05-02,106.91374969482422
2012-05-03,105.75648498535156
2012-05-04,103.17489624023438
2012-05-07,102.95234680175781
2012-05-08,104.82176971435547
2012-05-09,105.75648498535156
2012-05-10,104.59921264648438
2012-05-11,100.72682189941406
2012-05-14,99.5250473022461
2012-05-15,101.79507446289062
2012-05-16,98.18974304199219
2012-05-17,96.89892578125
2012-05-18,96.0977554321289
2012-05-21,98.27875518798828
2012-05-22,95.29656219482422
2012-05-23,95.7416763305664
2012-05-24,98.45679473876953
2012-05-25,99.61408233642578
2012-05-28,102.32917785644531
2012-05-29,101.97311401367188
2012-05-30,101.88408660888672
2012-05-31,103.8425521850586
2012-06-01,103.7535171508789
2012-06-04,102.6852798461914
2012-06-05,104.42118072509766
2012-06-06,107.22532653808594
2012-06-07,106.82474517822266
2012-06-08,107.18082427978516
2012-06-11,107.26983642578125
2012-06-12,109.62887573242188
2012-06-13,109.1392593383789
2012-06-14,107.04728698730469
2012-06-15,110.20751953125
2012-06-18,108.87220764160156
2012-06-19,109.18378448486328
2012-06-20,108.91670227050781
2012-06-21,108.02650451660156
2012-06-22,104.42118072509766
2012-06-25,102.15115356445312
2012-06-26,102.55172729492188
2012-06-27,104.15411376953125
2012-06-28,102.5072250366211
2012-06-29,106.73571014404297
2012-07-02,107.7149429321289
2012-07-03,110.20751953125
2012-07-04,111.67636108398438
2012-07-05,111.67636108398438
2012-07-06,110.43008422851562
2012-07-09,110.60810852050781
2012-07-10,113.63481140136719
2012-07-11,110.25202941894531
2012-07-12,109.58436584472656
2012-07-13,107.18082427978516
2012-07-16,105.26687622070312
2012-07-17,106.69119262695312
2012-07-18,107.22532653808594
2012-07-19,109.00572967529297
2012-07-20,108.78317260742188
2012-07-23,103.62000274658203
2012-07-24,104.1986312866211
2012-07-25,101.61703491210938
2012-07-26,101.83958435058594
2012-07-27,104.59921264648438
2012-07-30,105.48941802978516
2012-07-31,106.91374969482422
2012-08-01,106.1125717163086
2012-08-02,106.06806945800781
2012-08-03,103.88704681396484
2012-08-06,105.17784881591797
2012-08-07,105.75648498535156
2012-08-08,108.07102966308594
2012-08-09,108.47161865234375
2012-08-10,109.45083618164062
2012-08-13,108.07102966308594
2012-08-14,106.91374969482422
2012-08-16,103.88704681396484
2012-08-17,101.2164306640625
2012-08-21,100.01465606689453
2012-08-22,100.37073516845703
2012-08-23,100.68230438232422
2012-08-24,98.81287384033203
2012-08-27,98.01168823242188
2012-08-28,94.9849853515625
2012-08-29,92.40338897705078
2012-08-30,94.45086669921875
2012-08-31,93.81847381591797
2012-09-03,93.77330780029297
2012-09-04,93.63780212402344
2012-09-05,91.1082763671875
2012-09-06,91.92134094238281
2012-09-07,94.99290466308594
2012-09-10,97.83863830566406
2012-09-11,98.74205017089844
2012-09-12,98.56135559082031
2012-09-13,98.9678955078125
2012-09-14,106.9178237915039
2012-09-17,105.83375549316406
2012-09-18,103.48491668701172
2012-09-20,102.67184448242188
2012-09-21,106.7823257446289
2012-09-24,107.59539794921875
2012-09-25,108.0019302368164
2012-09-26,105.3820571899414
2012-09-27,105.24655151367188
2012-09-28,109.04084014892578
2012-10-01,110.983154296875
2012-10-03,112.65445709228516
2012-10-04,111.9769058227539
2012-10-05,112.92548370361328
2012-10-08,108.86016082763672
2012-10-09,107.18885040283203
2012-10-10,104.79484558105469
2012-10-11,106.64682006835938
2012-10-12,106.64682006835938
2012-10-15,108.4988021850586
2012-10-16,105.87892150878906
2012-10-17,105.47238159179688
2012-10-18,106.37579345703125
2012-10-19,103.80110168457031
2012-10-22,104.02693939208984
2012-10-23,102.40082550048828
2012-10-25,102.7621841430664
2012-10-29,102.58149719238281
2012-10-30,100.1874771118164
2012-10-31,105.29170989990234
2012-11-01,105.02069854736328
2012-11-02,106.33062744140625
2012-11-05,103.43972778320312
2012-11-06,101.58775329589844
2012-11-07,102.7621841430664
2012-11-08,102.80735778808594
2012-11-09,102.35565185546875
2012-11-12,101.9491195678711
2012-11-15,100.45850372314453
2012-11-16,98.38066864013672
2012-11-19,97.16107177734375
2012-11-20,95.39944458007812
2012-11-21,96.66419982910156
2012-11-22,97.83863830566406
2012-11-23,97.47725677490234
2012-11-26,99.19373321533203
2012-11-27,101.63290405273438
2012-11-29,102.17496490478516
2012-11-30,105.33687591552734
2012-12-03,106.42096710205078
2012-12-04,105.78858947753906
2012-12-05,109.44737243652344
2012-12-06,111.02831268310547
2012-12-07,111.84140014648438
2012-12-10,111.16382598876953
2012-12-11,108.27295684814453
2012-12-12,106.9630126953125
2012-12-13,104.61417388916016
2012-12-14,108.36328125
2012-12-17,112.20275115966797
2012-12-18,115.1388168334961
2012-12-19,117.12630462646484
2012-12-20,119.88167572021484
2012-12-21,116.81012725830078
2012-12-24,116.62943267822266
2012-12-26,116.44873809814453
2012-12-27,115.72602844238281
2012-12-28,116.90045166015625
2012-12-31,117.8941879272461
2013-01-01,121.19159698486328
2013-01-02,121.95950317382812
2013-01-03,121.41747283935547
2013-01-04,119.74617004394531
2013-01-07,121.41747283935547
2013-01-08,120.15269470214844
2013-01-09,119.29447937011719
2013-01-10,117.48766326904297
2013-01-11,114.77745819091797
2013-01-14,115.86152648925781
2013-01-15,116.62943267822266
2013-01-16,111.48001861572266
2013-01-17,110.26044464111328
2013-01-18,110.89281463623047
2013-01-21,110.89281463623047
2013-01-22,108.18260192871094
2013-01-23,106.46611785888672
2013-01-24,102.89768981933594
2013-01-25,105.15620422363281
2013-01-28,106.9630126953125
2013-01-29,104.29796600341797
2013-01-30,103.9366226196289
2013-01-31,104.97552490234375
2013-02-01,102.35565185546875
2013-02-04,102.26529693603516
2013-02-05,102.53632354736328
2013-02-06,103.34939575195312
2013-02-07,102.40082550048828
2013-02-08,99.10338592529297
2013-02-11,101.45223999023438
2013-02-12,101.72325897216797
2013-02-13,99.82612609863281
2013-02-14,99.96163940429688
2013-02-15,99.0582275390625
2013-02-18,100.27782440185547
2013-02-19,101.18122863769531
2013-02-20,100.77470397949219
2013-02-21,97.38691711425781
2013-02-22,96.7093734741211
2013-02-25,96.3480224609375
2013-02-26,91.92134094238281
2013-02-27,92.373046875
2013-02-28,89.34662628173828
2013-03-01,89.39179992675781
2013-03-04,85.23614501953125
2013-03-05,89.07562255859375
2013-03-06,91.96650695800781
2013-03-07,91.3341293334961
2013-03-08,91.51480865478516
2013-03-11,90.97276306152344
2013-03-12,89.84349822998047
2013-03-13,86.54609680175781
2013-03-14,86.77193450927734
2013-03-15,86.36540985107422
2013-03-18,86.0943832397461
2013-03-19,84.06172180175781
2013-03-20,81.5773696899414
2013-03-21,79.63505554199219
2013-03-22,80.9901351928711
2013-03-25,79.49954223632812
2013-03-26,79.68021392822266
2013-03-28,82.75178527832031
2013-04-01,82.84211730957031
2013-04-02,84.15206909179688
2013-04-03,81.75806427001953
2013-04-04,79.95123291015625
2013-04-05,81.17084503173828
2013-04-08,81.84838104248047
2013-04-09,82.0742416381836
2013-04-10,82.16458129882812
2013-04-11,81.39668273925781
2013-04-12,82.75178527832031
2013-04-15,82.34526062011719
2013-04-16,83.88104248046875
2013-04-17,84.10688781738281
2013-04-18,84.694091796875
2013-04-22,86.22990417480469
2013-04-23,86.997802734375
2013-04-25,88.66907501220703
2013-04-26,89.43698120117188
2013-04-29,89.30146026611328
2013-04-30,87.85603332519531
2013-05-02,86.68157958984375
2013-05-03,88.57874298095703
2013-05-06,91.87616729736328
2013-05-07,92.10202026367188
2013-05-08,93.05059051513672
2013-05-09,93.5474624633789
2013-05-10,95.71564483642578
2013-05-13,94.90257263183594
2013-05-14,95.3091049194336
2013-05-15,97.88379669189453
2013-05-16,100.36817169189453
2013-05-17,99.50991821289062
2013-05-20,99.50991821289062
2013-05-21,99.73577880859375
2013-05-22,99.96163940429688
2013-05-23,98.38066864013672
2013-05-24,96.7093734741211
2013-05-27,99.91645050048828
2013-05-28,99.41958618164062
2013-05-29,99.50991821289062
2013-05-30,96.5287094116211
2013-05-31,92.50855255126953
2013-06-03,91.60515594482422
2013-06-04,91.1082763671875
2013-06-05,92.59888458251953
2013-06-06,92.91508483886719
2013-06-07,92.10202026367188
2013-06-10,90.88243865966797
2013-06-11,85.23614501953125
2013-06-12,83.3841781616211
2013-06-13,87.44949340820312
2013-06-14,93.63780212402344
2013-06-17,92.1471939086914
2013-06-18,91.51480865478516
2013-06-19,94.22502899169922
2013-06-20,88.30772399902344
2013-06-21,84.91995239257812
2013-06-24,85.01029205322266
2013-06-25,87.67533874511719
2013-06-26,85.55233001708984
2013-06-27,86.54609680175781
2013-06-28,90.15969848632812
2013-07-01,92.05684661865234
2013-07-02,92.5537109375
2013-07-03,89.34662628173828
2013-07-04,90.29520416259766
2013-07-05,90.29520416259766
2013-07-08,90.47589874267578
2013-07-09,91.1082763671875
2013-07-10,88.7142562866211
2013-07-11,92.86991119384766
2013-07-12,91.96650695800781
2013-07-15,95.21876525878906
2013-07-16,93.86365509033203
2013-07-17,92.05684661865234
2013-07-18,94.31535339355469
2013-07-19,93.63780212402344
2013-07-22,94.27017974853516
2013-07-23,94.99290466308594
2013-07-24,93.27644348144531
2013-07-25,92.32786560058594
2013-07-26,85.32648468017578
2013-07-29,81.8935546875
2013-07-30,78.1444320678711
2013-07-31,81.39668273925781
2013-08-01,79.04784393310547
2013-08-02,78.32510375976562
2013-08-05,77.96373748779297
2013-08-06,77.28620147705078
2013-08-07,78.1444320678711
2013-08-08,82.84211730957031
2013-08-12,84.9651107788086
2013-08-13,82.57110595703125
2013-08-14,88.7142562866211
2013-08-16,84.513427734375
2013-08-19,86.77193450927734
2013-08-20,87.94636535644531
2013-08-21,84.2875747680664
2013-08-22,93.95399475097656
2013-08-23,93.77330780029297
2013-08-26,94.31535339355469
2013-08-27,89.57247924804688
2013-08-28,92.2375259399414
2013-08-29,96.75455474853516
2013-08-30,96.1595687866211
2013-09-02,99.72948455810547
2013-09-03,95.56455993652344
2013-09-04,99.36334228515625
2013-09-05,99.0429458618164
2013-09-06,98.76836395263672
2013-09-10,100.87370300292969
2013-09-11,104.7640380859375
2013-09-12,101.78907775878906
2013-09-13,102.88751983642578
2013-09-16,103.52828216552734
2013-09-17,104.26058197021484
2013-09-18,104.94711303710938
2013-09-19,108.47128295898438
2013-09-20,104.30633544921875
2013-09-23,106.6863021850586
2013-09-24,102.5213851928711
2013-09-25,106.9151611328125
2013-09-26,107.14398193359375
2013-09-27,104.26058197021484
2013-09-30,102.4298324584961
2013-10-01,101.14832305908203
2013-10-03,105.77093505859375
2013-10-04,108.05935668945312
2013-10-07,111.53775024414062
2013-10-08,109.34089660644531
2013-10-09,109.4781723022461
2013-10-10,107.14398193359375
2013-10-11,104.58094787597656
2013-10-14,101.23987579345703
2013-10-15,102.61290740966797
2013-10-17,101.74331665039062
2013-10-18,105.13017272949219
2013-10-21,108.3797378540039
2013-10-22,106.64054107666016
2013-10-23,106.09130859375
2013-10-24,104.85558319091797
2013-10-25,99.95833587646484
2013-10-28,97.99030303955078
2013-10-29,100.91947937011719
2013-10-30,103.8486557006836
2013-10-31,105.3132553100586
2013-11-01,105.45055389404297
2013-11-05,107.7389907836914
2013-11-06,105.49633026123047
2013-11-07,106.96092224121094
2013-11-08,106.64054107666016
2013-11-11,101.92638397216797
2013-11-12,101.8348617553711
2013-11-13,104.30633544921875
2013-11-14,105.45055389404297
2013-11-18,108.92896270751953
2013-11-19,113.73465728759766
2013-11-20,110.53085327148438
2013-11-21,109.38664245605469
2013-11-22,108.3797378540039
2013-11-25,108.15088653564453
2013-11-26,108.42550659179688
2013-11-27,108.70011901855469
2013-11-28,111.12584686279297
2013-11-29,112.31583404541016
2013-12-02,111.53775024414062
2013-12-03,113.55157470703125
2013-12-04,110.48507690429688
2013-12-05,111.44622039794922
2013-12-06,110.3020248413086
2013-12-09,113.41426849365234
2013-12-10,114.5127182006836
2013-12-11,113.00235748291016
2013-12-12,110.80548095703125
2013-12-13,108.65435028076172
2013-12-16,106.77783203125
2013-12-17,106.59477996826172
2013-12-18,107.83051300048828
2013-12-19,108.92896270751953
2013-12-20,109.34089660644531
2013-12-23,113.09388732910156
2013-12-24,111.67505645751953
2013-12-26,110.85124206542969
2013-12-27,112.08697509765625
2013-12-30,111.44622039794922
2013-12-31,112.22428894042969
2014-01-01,111.49200439453125
2014-01-02,110.4393310546875
2014-01-03,108.70011901855469
2014-01-06,108.24243927001953
2014-01-07,106.2286376953125
2014-01-08,105.49633026123047
2014-01-09,103.11636352539062
2014-01-10,101.194091796875
2014-01-13,100.69064331054688
2014-01-14,100.14141845703125
2014-01-15,101.46871185302734
2014-01-16,103.3909683227539
2014-01-17,101.880615234375
2014-01-20,102.61290740966797
2014-01-21,103.43675231933594
2014-01-22,105.45055389404297
2014-01-23,104.6267318725586
2014-01-24,104.35210418701172
2014-01-27,101.69754791259766
2014-01-28,104.16903686523438
2014-01-29,102.29254150390625
2014-01-30,98.95143127441406
2014-01-31,100.27872467041016
2014-02-03,94.6949691772461
2014-02-04,93.77960968017578
2014-02-05,95.42725372314453
2014-02-06,96.80032348632812
2014-02-07,97.39530944824219
2014-02-10,97.76146697998047
2014-02-11,95.70187377929688
2014-02-12,94.74073791503906
2014-02-13,91.72001647949219
2014-02-14,91.4454116821289
2014-02-17,90.16388702392578
2014-02-18,90.89617919921875
2014-02-19,90.48426818847656
2014-02-20,89.11121368408203
2014-02-21,89.38582611083984
2014-02-24,89.20275115966797
2014-02-25,90.4384994506836
2014-02-26,90.07233428955078
2014-02-28,96.43416595458984
2014-03-03,96.66301727294922
2014-03-04,103.98597717285156
2014-03-05,105.95401000976562
2014-03-06,110.57662963867188
2014-03-07,114.0092544555664
2014-03-10,111.62928009033203
2014-03-11,107.46436309814453
2014-03-12,105.03862762451172
2014-03-13,105.86248779296875
2014-03-14,105.45055389404297
2014-03-18,105.13017272949219
2014-03-19,109.8901138305664
2014-03-20,109.5239486694336
2014-03-21,113.04812622070312
2014-03-24,111.30891418457031
2014-03-25,110.53085327148438
2014-03-26,114.7873306274414
2014-03-27,114.7873306274414
2014-03-28,119.82186889648438
2014-03-31,129.7536163330078
2014-04-01,126.50405883789062
2014-04-02,124.4902572631836
2014-04-03,125.54289245605469
2014-04-04,126.00059509277344
2014-04-07,125.72602844238281
2014-04-09,130.80625915527344
2014-04-10,130.4401397705078
2014-04-11,128.79249572753906
2014-04-15,122.70527648925781
2014-04-16,123.98678588867188
2014-04-17,129.47898864746094
2014-04-21,131.35549926757812
2014-04-22,132.59124755859375
2014-04-23,132.86585998535156
2014-04-24,132.86585998535156
2014-04-25,131.5843505859375
2014-04-28,129.2959442138672
2014-04-29,125.58870697021484
2014-04-30,122.93411254882812
2014-05-02,120.50838470458984
2014-05-05,127.14481353759766
2014-05-06,126.96174621582031
2014-05-07,123.7579345703125
2014-05-08,125.1767578125
2014-05-09,131.90472412109375
2014-05-12,131.2639617919922
2014-05-13,130.16552734375
2014-05-14,129.2501678466797
2014-05-15,126.7786636352539
2014-05-16,129.2501678466797
2014-05-19,139.18191528320312
2014-05-20,142.98069763183594
2014-05-21,146.18450927734375
2014-05-22,141.97378540039062
2014-05-23,139.18191528320312
2014-05-26,134.65084838867188
2014-05-27,136.98501586914062
2014-05-28,134.74237060546875
2014-05-29,136.66464233398438
2014-05-30,135.4746856689453
2014-06-02,137.35116577148438
2014-06-03,142.06532287597656
2014-06-04,147.099853515625
2014-06-05,155.4755096435547
2014-06-06,154.92625427246094
2014-06-09,155.2466583251953
2014-06-10,155.3839569091797
2014-06-11,148.8848419189453
2014-06-12,154.92625427246094
2014-06-13,148.6102294921875
2014-06-16,147.55752563476562
2014-06-17,148.8848419189453
2014-06-18,152.68362426757812
2014-06-19,153.55320739746094
2014-06-20,149.9375
2014-06-23,151.31057739257812
2014-06-24,152.68362426757812
2014-06-25,152.59210205078125
2014-06-26,151.2648162841797
2014-06-27,147.282958984375
2014-06-30,150.3036346435547
2014-07-01,160.4185028076172
2014-07-02,163.1646270751953
2014-07-03,159.04541015625
2014-07-04,158.5877227783203
2014-07-07,159.73196411132812
2014-07-08,154.69744873046875
2014-07-09,156.1162567138672
2014-07-10,161.33387756347656
2014-07-11,152.63784790039062
2014-07-14,158.7250213623047
2014-07-15,159.9150390625
2014-07-16,166.87184143066406
2014-07-17,172.68446350097656
2014-07-18,168.97718811035156
2014-07-21,168.2906951904297
2014-07-22,172.31826782226562
2014-07-23,177.35281372070312
2014-07-24,181.2431182861328
2014-07-25,175.56785583496094
2014-07-28,171.90638732910156
2014-07-30,176.30015563964844
2014-07-31,175.476318359375
2014-08-01,168.7025909423828
2014-08-04,174.74403381347656
2014-08-05,179.09201049804688
2014-08-06,175.52207946777344
2014-08-07,173.0963592529297
2014-08-08,168.3822021484375
2014-08-11,169.93832397460938
2014-08-12,169.70948791503906
2014-08-13,164.812255859375
2014-08-14,163.4849853515625
2014-08-18,166.8260955810547
2014-08-19,165.5445556640625
2014-08-20,165.0868682861328
2014-08-21,162.84422302246094
2014-08-22,167.05490112304688
2014-08-25,150.89865112304688
2014-08-26,156.0704803466797
2014-08-27,157.71815490722656
2014-08-28,155.704345703125
2014-09-01,161.24232482910156
2014-09-02,160.05235290527344
2014-09-03,160.2811737060547
2014-09-04,155.15512084960938
2014-09-05,153.50747680664062
2014-09-08,159.7232666015625
2014-09-09,159.216796875
2014-09-10,159.216796875
2014-09-11,159.30886840820312
2014-09-12,155.25709533691406
2014-09-15,150.65280151367188
2014-09-16,147.65997314453125
2014-09-17,147.9362335205078
2014-09-18,150.10025024414062
2014-09-19,151.29739379882812
2014-09-22,149.36355590820312
2014-09-23,144.71322631835938
2014-09-24,143.746337890625
2014-09-25,137.3463592529297
2014-09-26,144.80531311035156
2014-09-29,147.06141662597656
2014-09-30,144.34490966796875
2014-10-01,142.96360778808594
2014-10-07,136.51756286621094
2014-10-08,137.02406311035156
2014-10-09,145.35784912109375
2014-10-10,138.2672119140625
2014-10-13,139.1420135498047
2014-10-14,139.04994201660156
2014-10-15,139.04994201660156
2014-10-16,131.13050842285156
2014-10-17,128.4140167236328
2014-10-20,134.90606689453125
2014-10-21,136.19525146484375
2014-10-22,136.70175170898438
2014-10-27,135.6887969970703
2014-10-28,136.0111083984375
2014-10-29,144.4829864501953
2014-10-30,147.65997314453125
2014-10-31,150.74485778808594
2014-11-03,150.60675048828125
2014-11-05,144.1146697998047
2014-11-07,143.746337890625
2014-11-10,139.97080993652344
2014-11-11,139.2801513671875
2014-11-12,139.32620239257812
2014-11-13,139.87869262695312
2014-11-14,144.85134887695312
2014-11-17,145.54202270507812
2014-11-18,143.00965881347656
2014-11-19,142.503173828125
2014-11-20,143.6542510986328
2014-11-21,147.6139678955078
2014-11-24,152.54055786132812
2014-11-25,152.44847106933594
2014-11-26,155.76358032226562
2014-11-27,158.94053649902344
2014-11-28,160.2758026123047
2014-12-01,154.15206909179688
2014-12-02,157.51319885253906
2014-12-03,155.67149353027344
2014-12-04,152.77078247070312
2014-12-05,150.284423828125
2014-12-08,146.55494689941406
2014-12-09,142.22691345214844
2014-12-10,141.8125
2014-12-11,143.23988342285156
2014-12-12,141.3981170654297
2014-12-15,141.07582092285156
2014-12-16,133.29458618164062
2014-12-17,135.45855712890625
2014-12-18,140.84561157226562
2014-12-19,145.31179809570312
2014-12-22,143.47006225585938
2014-12-23,140.9837646484375
2014-12-24,138.68162536621094
2014-12-26,139.97080993652344
2014-12-29,144.6211700439453
2014-12-30,143.97654724121094
2014-12-31,145.0815887451172
2015-01-01,145.91036987304688
2015-01-02,147.42977905273438
2015-01-05,144.43695068359375
2015-01-06,141.25999450683594
2015-01-07,137.11611938476562
2015-01-08,140.47727966308594
2015-01-09,142.7333984375
2015-01-12,139.1420135498047
2015-01-13,139.69454956054688
2015-01-14,130.90028381347656
2015-01-15,130.67010498046875
2015-01-16,127.58524322509766
2015-01-19,129.15072631835938
2015-01-20,133.24851989746094
2015-01-21,131.86720275878906
2015-01-22,132.09744262695312
2015-01-23,133.34060668945312
2015-01-27,131.22259521484375
2015-01-28,129.05860900878906
2015-01-29,131.13050842285156
2015-01-30,128.64422607421875
2015-02-02,133.75498962402344
2015-02-03,134.8600311279297
2015-02-04,140.33912658691406
2015-02-05,136.33340454101562
2015-02-06,135.64276123046875
2015-02-09,134.9521026611328
2015-02-10,137.3924102783203
2015-02-11,137.990966796875
2015-02-12,140.70750427246094
2015-02-13,141.3981170654297
2015-02-16,139.00389099121094
2015-02-18,139.64849853515625
2015-02-19,143.8844757080078
2015-02-20,144.16073608398438
2015-02-23,142.5952606201172
2015-02-24,141.49020385742188
2015-02-25,141.49020385742188
2015-02-26,137.89883422851562
2015-02-27,142.87149047851562
2015-03-02,144.16073608398438
2015-03-03,146.14056396484375
2015-03-04,140.9837646484375
2015-03-05,136.37942504882812
2015-03-09,129.6571807861328
2015-03-10,127.12480163574219
2015-03-11,120.0341796875
2015-03-12,124.22407531738281
2015-03-13,121.27734375
2015-03-16,116.76512145996094
2015-03-17,123.62551879882812
2015-03-18,122.6125717163086
2015-03-19,121.8298568725586
2015-03-20,121.5996322631836
2015-03-23,125.14494323730469
2015-03-24,122.33629608154297
2015-03-25,122.38236236572266
2015-03-26,119.29749298095703
2015-03-27,123.3492660522461
2015-03-30,120.7708511352539
2015-03-31,118.791015625
2015-04-01,121.73777770996094
2015-04-06,124.03990173339844
2015-04-07,126.11185455322266
2015-04-08,127.03270721435547
2015-04-09,128.82839965820312
2015-04-10,126.98666381835938
2015-04-13,125.32910919189453
2015-04-15,124.45428466796875
2015-04-16,126.2959976196289
2015-04-17,128.6902618408203
2015-04-20,127.3089599609375
2015-04-21,123.67156982421875
2015-04-22,123.99386596679688
2015-04-23,124.36223602294922
2015-04-24,120.7708511352539
2015-04-27,119.75792694091797
2015-04-28,120.95503234863281
2015-04-29,120.26439666748047
2015-04-30,118.42266845703125
2015-05-04,122.6125717163086
2015-05-05,128.32191467285156
2015-05-06,126.8485336303711
2015-05-07,123.67156982421875
2015-05-08,127.95356750488281
2015-05-11,131.22259521484375
2015-05-12,126.71040344238281
2015-05-13,122.93489074707031
2015-05-14,126.57227325439453
2015-05-15,126.15789031982422
2015-05-18,128.0917205810547
2015-05-19,128.87442016601562
2015-05-20,127.95356750488281
2015-05-21,128.0917205810547
2015-05-22,126.0657958984375
2015-05-25,123.85572052001953
2015-05-26,123.67156982421875
2015-05-27,122.98091888427734
2015-05-28,121.18525695800781
2015-05-29,119.02122497558594
2015-06-01,118.19245910644531
2015-06-02,113.49604797363281
2015-06-03,112.29893493652344
2015-06-04,111.70037841796875
2015-06-05,110.64139556884766
2015-06-08,108.84571075439453
2015-06-09,110.5953598022461
2015-06-10,110.7795181274414
2015-06-11,109.76657104492188
2015-06-12,107.51046752929688
2015-06-15,105.2543716430664
2015-06-16,105.89896392822266
2015-06-17,109.16802215576172
2015-06-18,110.50328063964844
2015-06-19,111.2399673461914
2015-06-22,111.60828399658203
2015-06-23,111.97663879394531
2015-06-24,107.97089385986328
2015-06-25,108.66154479980469
2015-06-26,107.74067687988281
2015-06-29,103.91912078857422
2015-06-30,103.04430389404297
2015-07-01,104.103271484375
2015-07-02,102.26158142089844
2015-07-03,101.84716796875
2015-07-06,100.41984558105469
2015-07-07,98.67021179199219
2015-07-08,93.78964233398438
2015-07-09,95.76948547363281
2015-07-10,96.32200622558594
2015-07-13,98.20977020263672
2015-07-14,96.32200622558594
2015-07-15,97.19683837890625
2015-07-16,98.25582122802734
2015-07-17,98.71626281738281
2015-07-20,100.74214172363281
2015-07-21,99.54501342773438
2015-07-22,99.17668151855469
2015-07-23,100.09754180908203
2015-07-24,100.69609069824219
2015-07-27,96.1378402709961
2015-07-28,97.15078735351562
2015-07-29,98.11769104003906
2015-07-30,96.41410064697266
2015-07-31,96.87452697753906
2015-08-03,97.3349609375
2015-08-04,100.60401916503906
2015-08-05,99.68315124511719
2015-08-06,100.09754180908203
2015-08-07,100.88027954101562
2015-08-10,99.26876068115234
2015-08-11,95.078857421875
2015-08-12,88.3105239868164
2015-08-13,83.61414337158203
2015-08-14,85.7781753540039
2015-08-17,83.47600555419922
2015-08-18,81.864501953125
2015-08-19,79.33213806152344
2015-08-20,78.22708129882812
2015-08-21,79.19400024414062
2015-08-24,72.42567443847656
2015-08-25,74.0832290649414
2015-08-26,74.03718566894531
2015-08-27,74.26740264892578
2015-08-28,75.18826293945312
2015-08-31,73.71488952636719
2015-09-01,69.93934631347656
2015-09-02,68.46598052978516
2015-09-03,71.0904312133789
2015-09-04,68.05159759521484
2015-09-07,66.79137420654297
2015-09-08,67.86488342285156
2015-09-09,73.37251281738281
2015-09-10,71.41216278076172
2015-09-11,71.03875732421875
2015-09-14,73.41918182373047
2015-09-15,71.17878723144531
2015-09-16,72.11227416992188
2015-09-18,70.85206604003906
2015-09-21,72.90575408935547
2015-09-22,68.33163452148438
2015-09-23,68.0982666015625
2015-09-24,66.65135192871094
2015-09-28,65.85790252685547
2015-09-29,63.664180755615234
2015-09-30,66.09125518798828
2015-10-01,66.18460083007812
2015-10-05,69.07843780517578
2015-10-06,70.01192474365234
2015-10-07,76.4530258178711
2015-10-08,76.87309265136719
2015-10-09,78.36668395996094
2015-10-12,82.75410461425781
2015-10-13,80.42037200927734
2015-10-14,82.70742797851562
2015-10-15,81.96063232421875
2015-10-16,81.9139633178711
2015-10-19,80.98046112060547
2015-10-20,78.83343505859375
2015-10-21,79.86026763916016
2015-10-23,79.44019317626953
2015-10-26,79.72024536132812
2015-10-27,78.7867660522461
2015-10-28,78.8801040649414
2015-10-29,77.71324157714844
2015-10-30,78.46003723144531
2015-11-02,75.56620788574219
2015-11-03,76.87309265136719
2015-11-04,76.40634155273438
2015-11-05,75.6595458984375
2015-11-06,75.51953125
2015-11-09,74.6327133178711
2015-11-10,73.9792709350586
2015-11-13,72.2523193359375
2015-11-16,73.7925796508789
2015-11-17,75.47285461425781
2015-11-18,71.45884704589844
2015-11-19,73.1858139038086
2015-11-20,72.06561279296875
2015-11-23,69.31180572509766
2015-11-24,68.70503997802734
2015-11-26,70.10527801513672
2015-11-27,72.48568725585938
2015-11-30,71.92558288574219
2015-12-01,74.25933074951172
2015-12-02,75.0994644165039
2015-12-03,73.93258666992188
2015-12-04,73.7925796508789
2015-12-07,73.9792709350586
2015-12-08,70.94542694091797
2015-12-09,68.84506225585938
2015-12-10,70.66537475585938
2015-12-11,71.17878723144531
2015-12-14,73.5592041015625
2015-12-15,73.74590301513672
2015-12-16,73.32583618164062
2015-12-17,75.89292907714844
2015-12-18,74.58605194091797
2015-12-21,75.89292907714844
2015-12-22,74.30599975585938
2015-12-23,78.32001495361328
2015-12-24,79.5802230834961
2015-12-28,79.30016326904297
2015-12-29,78.7867660522461
2015-12-30,79.06680297851562
2015-12-31,79.11347198486328
2016-01-01,79.25350952148438
2016-01-04,75.37950134277344
2016-01-05,77.10646057128906
2016-01-06,75.19281768798828
2016-01-07,71.55219268798828
2016-01-08,71.78555297851562
2016-01-11,72.71906280517578
2016-01-12,70.57202911376953
2016-01-13,71.59886932373047
2016-01-14,69.73188781738281
2016-01-15,67.02474212646484
2016-01-18,66.46465301513672
2016-01-19,67.0714340209961
2016-01-20,63.10408020019531
2016-01-21,63.75751876831055
2016-01-22,67.53816986083984
2016-01-25,67.21145629882812
2016-01-27,66.32463836669922
2016-01-28,65.06441497802734
2016-01-29,65.81121063232422
2016-02-01,66.37129974365234
2016-02-02,63.99090576171875
2016-02-03,62.217262268066406
2016-02-04,64.13093566894531
2016-02-05,66.5113296508789
2016-02-08,65.15776062011719
2016-02-09,65.34446716308594
2016-02-10,62.45063400268555
2016-02-11,59.46345901489258
2016-02-12,56.84968566894531
2016-02-15,62.54399108886719
2016-02-16,60.5369758605957
2016-02-17,61.423805236816406
2016-02-18,64.317626953125
2016-02-19,64.4576416015625
2016-02-22,64.87771606445312
2016-02-23,63.94422912597656
2016-02-24,61.98389434814453
2016-02-25,62.68400955200195
2016-02-26,64.83104705810547
2016-02-29,64.17760467529297
2016-03-01,65.57784271240234
2016-03-02,69.96524810791016
2016-03-03,73.9792709350586
2016-03-04,74.11929321289062
2016-03-08,77.61990356445312
2016-03-09,75.70622253417969
2016-03-10,78.22666931152344
2016-03-11,77.94661712646484
2016-03-14,79.25350952148438
2016-03-15,78.32001495361328
2016-03-16,76.07962799072266
2016-03-17,75.61287689208984
2016-03-18,79.53355407714844
2016-03-21,80.28034210205078
2016-03-22,81.21383666992188
2016-03-23,85.22785949707031
2016-03-28,77.71324157714844
2016-03-29,78.7867660522461
2016-03-30,82.1473388671875
2016-03-31,82.10065460205078
2016-04-01,80.8871078491211
2016-04-04,83.17415618896484
2016-04-05,79.25350952148438
2016-04-06,83.0341567993164
2016-04-07,81.49388885498047
2016-04-08,81.8672866821289
2016-04-11,86.0679931640625
2016-04-12,85.88128662109375
2016-04-13,89.89531707763672
2016-04-18,90.59544372558594
2016-04-20,95.02952575683594
2016-04-21,95.02952575683594
2016-04-22,94.3760757446289
2016-04-25,91.85564422607422
2016-04-26,96.28972625732422
2016-04-27,94.98285675048828
2016-04-28,90.45542907714844
2016-04-29,89.94197845458984
2016-05-02,92.08901977539062
2016-05-03,90.45542907714844
2016-05-04,85.08782958984375
2016-05-05,84.43437957763672
2016-05-06,85.78795623779297
2016-05-09,85.60124969482422
2016-05-10,83.8742904663086
2016-05-11,85.50789642333984
2016-05-12,87.18818664550781
2016-05-13,83.3608627319336
2016-05-16,83.8276138305664
2016-05-17,83.17415618896484
2016-05-18,83.2208480834961
2016-05-19,81.26051330566406
2016-05-20,81.16715240478516
2016-05-23,81.12049865722656
2016-05-24,80.56039428710938
2016-05-25,82.84745788574219
2016-05-26,84.29434967041016
2016-05-27,85.78795623779297
2016-05-30,96.10302734375
2016-05-31,98.25007629394531
2016-06-01,96.2430648803711
2016-06-02,98.99686431884766
2016-06-03,98.53011322021484
2016-06-06,99.74365997314453
2016-06-07,102.21742248535156
2016-06-08,102.07738494873047
2016-06-09,103.52430725097656
2016-06-10,107.63167572021484
2016-06-13,107.07156372070312
2016-06-14,107.91172790527344
2016-06-15,108.05174255371094
2016-06-16,111.13227081298828
2016-06-17,110.89889526367188
2016-06-20,112.999267578125
2016-06-21,115.28630828857422
2016-06-22,114.07276153564453
2016-06-23,115.65971374511719
2016-06-24,109.49866485595703
2016-06-27,111.83238983154297
2016-06-28,110.19876861572266
2016-06-29,111.97239685058594
2016-06-30,114.6795425415039
2016-07-01,116.45317840576172
2016-07-04,117.57335662841797
2016-07-05,115.42631530761719
2016-07-07,119.20696258544922
2016-07-08,118.41351318359375
2016-07-11,120.46720123291016
2016-07-12,126.25482177734375
2016-07-13,126.76827239990234
2016-07-14,126.76827239990234
2016-07-15,128.26187133789062
2016-07-18,128.121826171875
2016-07-19,128.8219451904297
2016-07-20,126.8615951538086
2016-07-21,124.99459075927734
2016-07-22,126.9549560546875
2016-07-25,126.20816040039062
2016-07-26,122.89427185058594
2016-07-27,124.9012680053711
2016-07-28,125.32135772705078
2016-07-29,124.66790008544922
2016-08-01,127.5150375366211
2016-08-02,126.48821258544922
2016-08-03,126.67489624023438
2016-08-04,127.9818115234375
2016-08-05,134.1428680419922
2016-08-08,139.23037719726562
2016-08-09,136.84999084472656
2016-08-10,136.10321044921875
2016-08-11,132.78927612304688
2016-08-12,136.6166229248047
2016-08-16,144.3645782470703
2016-08-17,145.578125
2016-08-18,144.0845489501953
2016-08-19,148.37863159179688
2016-08-22,145.6715087890625
2016-08-23,145.20474243164062
2016-08-24,146.5583038330078
2016-08-25,143.99119567871094
2016-08-26,145.15805053710938
2016-08-29,147.7718505859375
2016-08-30,151.92588806152344
2016-08-31,148.65867614746094
2016-09-01,147.02503967285156
2016-09-02,146.7916717529297
2016-09-06,148.9054718017578
2016-09-07,150.03285217285156
2016-09-08,152.14663696289062
2016-09-09,145.47642517089844
2016-09-12,132.3238983154297
2016-09-14,134.57858276367188
2016-09-15,136.7393798828125
2016-09-16,134.01490783691406
2016-09-19,135.2362518310547
2016-09-20,136.7863311767578
2016-09-21,140.4972686767578
2016-09-22,145.2415313720703
2016-09-23,145.1006317138672
2016-09-26,144.30209350585938
2016-09-27,140.9669647216797
2016-09-28,147.40232849121094
2016-09-29,140.9199981689453
2016-09-30,143.45655822753906
2016-10-03,144.77182006835938
2016-10-04,144.91273498535156
2016-10-05,147.7311553955078
2016-10-06,148.76454162597656
2016-10-07,148.4357452392578
2016-10-10,151.01927185058594
2016-10-13,145.7582550048828
2016-10-14,145.2415313720703
2016-10-17,141.53065490722656
2016-10-18,143.12774658203125
2016-10-19,141.85946655273438
2016-10-20,145.8522186279297
2016-10-21,142.65802001953125
2016-10-24,141.7185516357422
2016-10-25,141.3897247314453
2016-10-26,141.10791015625
2016-10-27,139.3229217529297
2016-10-28,140.5911865234375
2016-11-01,147.4492950439453
2016-11-02,147.0265350341797
2016-11-03,152.9451904296875
2016-11-04,149.23431396484375
2016-11-07,157.4546356201172
2016-11-08,157.26673889160156
2016-11-09,152.28753662109375
2016-11-10,165.11126708984375
2016-11-11,161.87010192871094
2016-11-15,157.59555053710938
2016-11-16,152.9451904296875
2016-11-17,158.11224365234375
2016-11-18,155.34080505371094
2016-11-21,147.82508850097656
2016-11-22,156.46820068359375
2016-11-23,163.18536376953125
2016-11-24,169.52674865722656
2016-11-25,169.57374572753906
2016-11-28,167.83572387695312
2016-11-29,164.78245544433594
2016-11-30,165.11126708984375
2016-12-01,160.9776153564453
2016-12-02,158.53500366210938
2016-12-05,163.93690490722656
2016-12-06,164.78245544433594
2016-12-07,164.45367431640625
2016-12-08,168.3524169921875
2016-12-09,171.07688903808594
2016-12-12,170.93597412109375
2016-12-13,166.23863220214844
2016-12-14,165.3461456298828
2016-12-15,165.4401092529297
2016-12-16,159.897216796875
2016-12-19,158.91079711914062
2016-12-20,157.03187561035156
2016-12-21,158.58200073242188
2016-12-22,151.48898315429688
2016-12-23,149.65707397460938
2016-12-26,142.32919311523438
2016-12-27,146.13404846191406
2016-12-28,144.30209350585938
2016-12-29,145.38246154785156
2016-12-30,145.664306640625
2017-01-02,149.23431396484375
2017-01-03,149.23431396484375
2017-01-04,149.28126525878906
2017-01-05,152.193603515625
2017-01-06,151.01927185058594
2017-01-09,148.4357452392578
2017-01-10,154.44830322265625
2017-01-11,164.35968017578125
2017-01-12,166.2855987548828
2017-01-13,161.82315063476562
2017-01-16,162.15196228027344
2017-01-17,160.69578552246094
2017-01-18,166.2855987548828
2017-01-19,165.4401092529297
2017-01-20,161.2594451904297
2017-01-23,170.7010955810547
2017-01-24,175.82119750976562
2017-01-25,179.20326232910156
2017-01-27,179.20326232910156
2017-01-30,179.90786743164062
2017-01-31,178.45169067382812
2017-02-01,186.81295776367188
2017-02-02,181.5989227294922
2017-02-03,180.14273071289062
2017-02-06,178.59262084960938
2017-02-07,174.64683532714844
2017-02-08,177.55921936035156
2017-02-09,172.5800323486328
2017-02-10,171.02992248535156
2017-02-13,173.80136108398438
2017-02-14,175.91513061523438
2017-02-15,173.2846221923828
2017-02-16,176.38487243652344
2017-02-17,172.53306579589844
2017-02-20,172.20423889160156
2017-02-21,171.4056854248047
2017-02-22,169.1510009765625
2017-02-23,171.07688903808594
2017-02-27,169.80860900878906
2017-02-28,173.19068908691406
2017-03-01,177.79405212402344
2017-03-02,177.98194885253906
2017-03-03,186.53111267089844
2017-03-06,187.4705810546875
2017-03-07,180.89431762695312
2017-03-08,178.68653869628906
2017-03-09,177.74708557128906
2017-03-10,176.24395751953125
2017-03-14,178.8744659423828
2017-03-15,179.2972412109375
2017-03-16,186.718994140625
2017-03-17,184.3233642578125
2017-03-20,184.3233642578125
2017-03-21,186.29624938964844
2017-03-22,181.69285583496094
2017-03-23,181.9746856689453
2017-03-24,183.10208129882812
2017-03-27,177.27734375
2017-03-28,178.12289428710938
2017-03-29,180.61248779296875
2017-03-30,178.78053283691406
2017-03-31,183.2429962158203
2017-04-03,181.88075256347656
2017-04-05,186.2022705078125
2017-04-06,182.20956420898438
2017-04-07,181.7867889404297
2017-04-10,183.2429962158203
2017-04-11,184.55824279785156
2017-04-12,181.31707763671875
2017-04-13,172.15725708007812
2017-04-17,170.4662322998047
2017-04-18,172.6739959716797
2017-04-19,174.74081420898438
2017-04-20,175.16355895996094
2017-04-21,176.71368408203125
2017-04-24,179.250244140625
2017-04-25,180.09576416015625
2017-04-26,185.074951171875
2017-04-27,183.0550994873047
2017-04-28,187.28268432617188
2017-05-02,188.1282196044922
2017-05-03,185.12193298339844
2017-05-04,180.8003692626953
2017-05-05,174.5529327392578
2017-05-08,173.04974365234375
2017-05-09,175.11659240722656
2017-05-10,175.7742462158203
2017-05-11,181.92771911621094
2017-05-12,179.48513793945312
2017-05-15,186.43714904785156
2017-05-16,184.605224609375
2017-05-17,186.81295776367188
2017-05-18,182.2565460205078
2017-05-19,179.43814086914062
2017-05-22,178.7335662841797
2017-05-23,180.37762451171875
2017-05-24,175.7272491455078
2017-05-25,179.015380859375
2017-05-26,186.3901824951172
2017-05-29,189.06765747070312
2017-05-30,190.8526611328125
2017-05-31,188.55096435546875
2017-06-01,185.30979919433594
2017-06-02,185.12193298339844
2017-06-05,185.1688690185547
2017-06-06,183.6187744140625
2017-06-07,185.26280212402344
2017-06-08,186.43714904785156
2017-06-09,189.91319274902344
2017-06-12,188.45703125
2017-06-13,188.45703125
2017-06-14,188.0342559814453
2017-06-15,184.6991424560547
2017-06-16,183.43087768554688
2017-06-19,188.69189453125
2017-06-20,189.77227783203125
2017-06-21,184.65219116210938
2017-06-22,180.00181579589844
2017-06-23,177.27734375
2017-06-27,176.38487243652344
2017-06-28,178.35775756835938
2017-06-29,180.56549072265625
2017-06-30,179.3911590576172
2017-07-03,184.74612426757812
2017-07-04,186.3901824951172
2017-07-05,186.76596069335938
2017-07-06,184.74612426757812
2017-07-07,183.10208129882812
2017-07-10,183.94760131835938
2017-07-11,188.5039825439453
2017-07-12,188.45703125
2017-07-13,192.30882263183594
2017-07-14,193.48316955566406
2017-07-17,196.4894561767578
2017-07-18,194.8454132080078
2017-07-19,200.5291748046875
2017-07-20,200.71707153320312
2017-07-21,201.5625762939453
2017-07-24,201.42166137695312
2017-07-25,206.8705596923828
2017-07-26,208.13885498046875
2017-07-27,207.85702514648438
2017-07-28,202.78390502929688
2017-07-31,206.35386657714844
2017-08-01,212.08462524414062
2017-08-02,214.3863067626953
2017-08-03,207.57516479492188
2017-08-04,211.61488342285156
2017-08-07,213.8695831298828
2017-08-08,220.68072509765625
2017-08-09,224.95530700683594
2017-08-10,223.5930633544922
2017-08-11,207.62213134765625
2017-08-14,215.27880859375
2017-08-16,219.4594268798828
2017-08-17,216.3591766357422
2017-08-18,216.1243438720703
2017-08-21,211.28604125976562
2017-08-22,215.04391479492188
2017-08-23,216.92286682128906
2017-08-24,218.895751953125
2017-08-28,219.41244506835938
2017-08-29,213.540771484375
2017-08-30,222.04293823242188
2017-08-31,223.5930633544922
2017-09-01,228.99502563476562
2017-09-04,227.77369689941406
2017-09-05,228.29278564453125
2017-09-06,231.97340393066406
2017-09-07,235.8899688720703
2017-09-08,235.51243591308594
2017-09-11,235.9843292236328
2017-09-12,236.8336944580078
2017-09-13,234.0496368408203
2017-09-14,233.2946319580078
2017-09-15,233.86090087890625
2017-09-18,235.4652862548828
2017-09-19,232.63401794433594
2017-09-20,230.3690185546875
2017-09-21,230.79371643066406
2017-09-22,217.91151428222656
2017-09-25,216.21279907226562
2017-09-26,221.4033966064453
2017-09-27,220.5068359375
2017-09-28,225.03683471679688
2017-09-29,227.06590270996094
2017-10-03,228.00967407226562
2017-10-04,228.29278564453125
2017-10-05,227.2074737548828
2017-10-06,236.7864990234375
2017-10-09,235.4652862548828
2017-10-10,237.87179565429688
2017-10-11,235.4652862548828
2017-10-12,249.57432556152344
2017-10-13,251.6033477783203
2017-10-16,256.13336181640625
2017-10-17,260.94647216796875
2017-10-18,259.81396484375
2017-10-19,258.4927062988281
2017-10-23,256.6052551269531
2017-10-24,253.7268524169922
2017-10-25,251.7449188232422
2017-10-26,257.54901123046875
2017-10-27,254.85931396484375
2017-10-30,257.8321228027344
2017-10-31,252.35833740234375
2017-11-01,259.81396484375
2017-11-02,255.56707763671875
2017-11-03,253.77395629882812
2017-11-06,257.59619140625
2017-11-07,251.88648986816406
2017-11-08,248.25299072265625
2017-11-09,248.48895263671875
2017-11-10,249.19679260253906
2017-11-13,246.22401428222656
2017-11-14,246.31837463378906
2017-11-15,237.6830596923828
2017-11-16,240.3727569580078
2017-11-17,244.28932189941406
2017-11-20,246.7430877685547
2017-11-21,246.7430877685547
2017-11-22,243.25115966796875
2017-11-23,240.8917999267578
2017-11-24,237.49429321289062
2017-11-27,235.60682678222656
2017-11-28,236.55055236816406
2017-11-29,233.01150512695312
2017-11-30,226.92433166503906
2017-12-01,222.11122131347656
2017-12-04,226.07496643066406
2017-12-05,226.54685974121094
2017-12-06,219.0440673828125
2017-12-07,223.85716247558594
2017-12-08,226.21652221679688
2017-12-11,224.70652770996094
2017-12-12,224.56495666503906
2017-12-13,221.26185607910156
2017-12-14,223.10214233398438
2017-12-15,229.0949249267578
2017-12-18,235.60682678222656
2017-12-19,239.9952392578125
2017-12-20,243.8174285888672
2017-12-21,248.48895263671875
2017-12-22,252.78305053710938
2017-12-26,253.5380096435547
2017-12-27,250.8011474609375
2017-12-28,259.7667541503906
2017-12-29,258.16241455078125
2018-01-01,255.89739990234375
2018-01-02,256.6052551269531
2018-01-03,260.94647216796875
2018-01-04,264.060791015625
2018-01-05,260.85205078125
2018-01-08,260.61614990234375
2018-01-09,256.22772216796875
2018-01-10,253.67959594726562
2018-01-11,252.68862915039062
2018-01-12,253.7268524169922
2018-01-15,251.69773864746094
2018-01-16,245.89369201660156
2018-01-17,247.96994018554688
2018-01-18,239.61776733398438
2018-01-19,243.4871368408203
2018-01-22,240.75025939941406
2018-01-23,250.04617309570312
2018-01-24,244.14776611328125
2018-01-25,244.38369750976562
2018-01-29,244.0533905029297
2018-01-30,239.28744506835938
2018-01-31,241.74118041992188
2018-02-01,241.8355712890625
2018-02-02,235.79559326171875
2018-02-05,232.72837829589844
2018-02-06,230.6521453857422
2018-02-07,232.16212463378906
2018-02-08,231.40713500976562
2018-02-09,229.80276489257812
2018-02-12,229.5668487548828
2018-02-14,229.5668487548828
2018-02-15,237.3527374267578
2018-02-16,233.71932983398438
2018-02-19,233.6249542236328
2018-02-20,234.80462646484375
2018-02-21,227.11309814453125
2018-02-22,226.40528869628906
2018-02-23,232.6812286376953
2018-02-26,232.35089111328125
2018-02-27,230.55775451660156
2018-02-28,231.5958709716797
2018-03-01,227.25465393066406
2018-03-05,216.68467712402344
2018-03-06,213.1456298828125
2018-03-07,211.8243408203125
2018-03-08,210.17282104492188
2018-03-09,207.8134307861328
2018-03-12,214.84434509277344
2018-03-13,213.42872619628906
2018-03-14,213.94776916503906
2018-03-15,212.2490234375
2018-03-16,209.22906494140625
2018-03-19,202.4812774658203
2018-03-20,205.07655334472656
2018-03-21,202.62281799316406
2018-03-22,204.6046905517578
2018-03-23,194.50657653808594
2018-03-26,198.7062530517578
2018-03-27,206.20904541015625
2018-03-28,202.4812774658203
2018-04-02,199.36688232421875
2018-04-03,196.2525177001953
2018-04-04,189.5047149658203
2018-04-05,202.10374450683594
2018-04-06,201.96218872070312
2018-04-09,208.8987579345703
2018-04-10,217.06214904785156
2018-04-11,221.02587890625
2018-04-12,219.51593017578125
2018-04-13,224.42340087890625
2018-04-16,225.98056030273438
2018-04-17,225.93338012695312
2018-04-18,229.14212036132812
2018-04-19,249.85743713378906
2018-04-20,247.3565216064453
2018-04-23,241.22213745117188
2018-04-24,223.43247985839844
2018-04-25,218.9968719482422
2018-04-26,220.83712768554688
2018-04-27,221.7337188720703
2018-04-30,222.39431762695312
2018-05-02,215.22186279296875
2018-05-03,218.52499389648438
2018-05-04,218.33621215820312
2018-05-07,224.4705810546875
2018-05-08,225.2727813720703
2018-05-09,224.75369262695312
2018-05-10,227.72654724121094
2018-05-11,229.04776000976562
2018-05-14,228.48153686523438
2018-05-15,230.18026733398438
2018-05-16,226.26370239257812
2018-05-17,219.94061279296875
2018-05-18,218.47779846191406
2018-05-21,215.4105987548828
2018-05-22,221.7337188720703
2018-05-23,217.0149688720703
2018-05-24,220.93154907226562
2018-05-25,231.69027709960938
2018-05-28,228.0568389892578
2018-05-29,228.8590087890625
2018-05-30,224.70652770996094
2018-05-31,221.02587890625
2018-06-01,225.08404541015625
2018-06-04,228.00967407226562
2018-06-05,228.434326171875
2018-06-06,234.14402770996094
2018-06-07,234.6158905029297
2018-06-08,228.52870178222656
2018-06-11,230.9352569580078
2018-06-12,227.11309814453125
2018-06-13,231.2183837890625
2018-06-14,230.98243713378906
2018-06-15,224.0458984375
2018-06-18,218.0059051513672
2018-06-19,213.0984344482422
2018-06-20,213.47592163085938
2018-06-21,209.79531860351562
2018-06-22,209.5121612548828
2018-06-25,206.1146697998047
2018-06-26,210.40875244140625
2018-06-27,205.6427764892578
2018-06-28,208.61561584472656
2018-06-29,217.53404235839844
2018-07-02,210.69186401367188
2018-07-03,213.3815460205078
2018-07-04,211.4940185546875
2018-07-05,207.90782165527344
2018-07-06,208.0493621826172
2018-07-09,209.55935668945312
2018-07-10,216.16558837890625
2018-07-11,208.3796844482422
2018-07-12,207.90782165527344
2018-07-13,206.4449920654297
2018-07-16,201.0656280517578
2018-07-17,207.15281677246094
2018-07-18,200.4521484375
2018-07-19,186.4846954345703
2018-07-20,184.64442443847656
2018-07-23,185.1162872314453
2018-07-24,195.92221069335938
2018-07-25,197.24342346191406
2018-07-26,194.93125915527344
2018-07-27,201.39596557617188
2018-07-30,199.36688232421875
2018-07-31,201.39596557617188
2018-08-01,196.29969787597656
2018-08-02,196.205322265625
2018-08-03,199.6971893310547
2018-08-06,203.94406127929688
2018-08-07,206.68092346191406
2018-08-08,208.19093322753906
2018-08-09,214.6555938720703
2018-08-10,210.17282104492188
2018-08-13,209.18186950683594
2018-08-14,208.9931182861328
2018-08-16,203.94406127929688
2018-08-17,207.34153747558594
2018-08-20,213.90060424804688
2018-08-21,213.66465759277344
2018-08-23,208.61561584472656
2018-08-24,209.60655212402344
2018-08-27,217.29812622070312
2018-08-28,225.555908203125
2018-08-29,223.52682495117188
2018-08-30,226.735595703125
2018-08-31,224.56495666503906
2018-09-03,225.93338012695312
2018-09-04,221.8752899169922
2018-09-05,226.45245361328125
2018-09-06,222.1584014892578
2018-09-07,228.90618896484375
2018-09-10,222.44154357910156
2018-09-11,218.57217407226562
2018-09-12,225.6871337890625
2018-09-14,232.8495635986328
2018-09-17,228.9600372314453
2018-09-18,222.129638671875
2018-09-19,223.55264282226562
2018-09-21,228.05880737304688
2018-09-24,227.58445739746094
2018-09-25,230.57276916503906
2018-09-26,235.22122192382812
2018-09-27,231.37911987304688
2018-09-28,217.8606414794922
2018-10-01,230.43043518066406
2018-10-03,240.7234649658203
2018-10-04,238.9210205078125
2018-10-05,228.67544555664062
2018-10-08,211.1251678466797
2018-10-09,212.7378692626953
2018-10-10,215.25181579589844
2018-10-11,205.38572692871094
2018-10-12,215.06210327148438
2018-10-15,219.85287475585938
2018-10-16,218.7144775390625
2018-10-17,216.0581817626953
2018-10-19,215.3467254638672
2018-10-22,212.500732421875
2018-10-23,208.2317352294922
2018-10-24,218.0504150390625
2018-10-25,210.9354248046875
2018-10-26,209.89190673828125
2018-10-29,212.6430206298828
2018-10-30,212.40585327148438
2018-10-31,209.08551025390625
2018-11-01,219.3785400390625
2018-11-02,228.10623168945312
2018-11-05,229.90869140625
2018-11-06,230.1458740234375
2018-11-07,231.52142333984375
2018-11-09,226.5409393310547
2018-11-12,217.481201171875
2018-11-13,219.6631317138672
2018-11-14,217.7183837890625
2018-11-15,221.60787963867188
2018-11-16,218.14529418945312
2018-11-19,222.4142303466797
2018-11-20,210.5559844970703
2018-11-21,211.69436645507812
2018-11-22,206.9036102294922
2018-11-26,207.56768798828125
2018-11-27,208.61117553710938
2018-11-28,204.95884704589844
2018-11-29,212.9750518798828
2018-11-30,214.58775329589844
2018-12-03,221.0861358642578
2018-12-04,221.3707275390625
2018-12-05,209.98675537109375
2018-12-06,206.7138671875
2018-12-07,207.56768798828125
2018-12-10,206.7138671875
2018-12-11,205.14857482910156
2018-12-12,209.93931579589844
2018-12-13,208.99066162109375
2018-12-14,208.84835815429688
2018-12-17,213.8762664794922
2018-12-18,213.68653869628906
2018-12-19,215.48899841308594
2018-12-20,212.40585327148438
2018-12-21,212.500732421875
2018-12-24,206.66644287109375
2018-12-26,207.37794494628906
2018-12-27,209.27528381347656
2018-12-28,212.0264129638672
2018-12-31,214.58775329589844
2019-01-01,211.31488037109375
2019-01-02,203.53585815429688
2019-01-03,198.46047973632812
2019-01-04,200.07321166992188
2019-01-07,197.84388732910156
2019-01-08,195.8990936279297
2019-01-09,195.14019775390625
2019-01-10,193.52745056152344
2019-01-11,195.28244018554688
2019-01-14,195.5670623779297
2019-01-15,197.7964324951172
2019-01-16,197.70155334472656
2019-01-17,195.42477416992188
2019-01-18,198.08102416992188
2019-01-21,196.9900665283203
2019-01-22,193.1005401611328
2019-01-23,194.90301513671875
2019-01-24,194.52354431152344
2019-01-25,193.954345703125
2019-01-28,189.73277282714844
2019-01-29,189.30589294433594
2019-01-30,195.2350311279297
2019-01-31,197.7964324951172
2019-02-01,200.54754638671875
2019-02-04,193.71717834472656
2019-02-05,194.23892211914062
2019-02-06,200.54754638671875
2019-02-07,198.46047973632812
2019-02-08,195.3298797607422
2019-02-11,189.21102905273438
2019-02-12,188.16748046875
2019-02-14,181.90631103515625
2019-02-15,177.0207061767578
2019-02-18,175.075927734375
2019-02-19,176.9732666015625
2019-02-20,183.09214782714844
2019-02-21,184.42027282714844
2019-02-22,186.36505126953125
2019-02-25,186.41244506835938
2019-02-26,186.41244506835938
2019-02-27,185.89071655273438
2019-02-28,185.70098876953125
2019-03-01,186.08041381835938
2019-03-05,188.54696655273438
2019-03-06,192.34161376953125
2019-03-07,190.30198669433594
2019-03-08,185.51123046875
2019-03-11,190.7288818359375
2019-03-12,192.95823669433594
2019-03-13,191.9147186279297
2019-03-14,190.4442901611328
2019-03-15,188.83154296875
2019-03-18,189.0687255859375
2019-03-19,191.96214294433594
2019-03-20,196.51571655273438
2019-03-22,198.36563110351562
2019-03-25,194.90301513671875
2019-03-26,197.7964324951172
2019-03-27,196.9900665283203
2019-03-28,191.96214294433594
2019-04-01,204.81654357910156
2019-04-02,205.81263732910156
2019-04-03,204.86395263671875
2019-04-04,199.6463165283203
2019-04-05,204.3422088623047
2019-04-08,203.4409942626953
2019-04-09,206.0023651123047
2019-04-10,200.83216857910156
2019-04-11,200.4526824951172
2019-04-12,198.98223876953125
2019-04-15,201.8282470703125
2019-04-16,203.915283203125
2019-04-18,196.5631561279297
2019-04-22,190.11224365234375
2019-04-23,190.0648193359375
2019-04-24,190.39682006835938
2019-04-25,186.4598846435547
2019-04-26,190.82374572753906
2019-04-30,195.47218322753906
2019-05-02,194.19151306152344
2019-05-03,194.57098388671875
2019-05-06,188.6892547607422
2019-05-07,190.15966796875
2019-05-08,189.73277282714844
2019-05-09,187.9777374267578
2019-05-10,185.74838256835938
2019-05-13,182.3332061767578
2019-05-14,183.04469299316406
2019-05-15,180.86277770996094
2019-05-16,184.61000061035156
2019-05-17,181.85887145996094
2019-05-20,188.54696655273438
2019-05-21,185.93812561035156
2019-05-22,187.83544921875
2019-05-23,181.90631103515625
2019-05-24,185.74838256835938
2019-05-27,190.30198669433594
2019-05-28,191.48780822753906
2019-05-29,189.0687255859375
2019-05-30,188.3572235107422
2019-05-31,186.8867645263672
2019-06-03,189.16357421875
2019-06-04,187.64573669433594
2019-06-06,184.84718322753906
2019-06-07,184.7997283935547
2019-06-10,188.07261657714844
2019-06-11,189.3533172607422
2019-06-12,189.0687255859375
2019-06-13,189.4007568359375
2019-06-14,188.07261657714844
2019-06-17,183.66134643554688
2019-06-18,180.19869995117188
2019-06-19,180.2935791015625
2019-06-20,184.3253936767578
2019-06-21,187.50340270996094
2019-06-24,188.0251922607422
2019-06-25,192.1044464111328
2019-06-26,197.6541290283203
2019-06-27,195.51963806152344
2019-06-28,196.42086791992188
2019-07-01,198.17588806152344
2019-07-02,198.60281372070312
2019-07-03,197.98614501953125
2019-07-04,196.27854919433594
2019-07-05,188.6892547607422
2019-07-08,187.45599365234375
2019-07-09,187.74058532714844
2019-07-10,183.70877075195312
2019-07-11,188.26234436035156
2019-07-12,188.64181518554688
2019-07-15,189.87509155273438
2019-07-16,188.87899780273438
2019-07-17,193.0056610107422
2019-07-18,190.2545623779297
2019-07-19,185.93812561035156
2019-07-22,192.0095672607422
2019-07-23,192.67364501953125
2019-07-24,187.1239471435547
2019-07-25,186.6496124267578
2019-07-26,187.83544921875
2019-07-29,183.3292999267578
2019-07-30,180.3410186767578
2019-07-31,180.76792907714844
2019-08-01,173.36834716796875
2019-08-02,171.1389617919922
2019-08-05,166.72769165039062
2019-08-06,171.42355346679688
2019-08-07,167.34432983398438
2019-08-08,171.75559997558594
2019-08-09,167.1545867919922
2019-08-13,167.2020263671875
2019-08-14,172.50318908691406
2019-08-16,171.73904418945312
2019-08-19,173.0285186767578
2019-08-20,171.35699462890625
2019-08-21,169.11236572265625
2019-08-22,168.63479614257812
2019-08-23,172.16888427734375
2019-08-26,170.7361297607422
2019-08-27,173.0762939453125
2019-08-28,170.40182495117188
2019-08-29,171.64352416992188
2019-08-30,176.18057250976562
2019-09-03,170.40182495117188
2019-09-04,173.50608825683594
2019-09-05,176.32386779785156
2019-09-06,179.95347595214844
2019-09-09,180.765380859375
2019-09-11,184.77708435058594
2019-09-12,188.26344299316406
2019-09-13,191.3677520751953
2019-09-16,191.41549682617188
2019-09-17,189.07533264160156
2019-09-18,189.1230926513672
2019-09-19,187.16502380371094
2019-09-20,193.0870361328125
2019-09-23,191.03343200683594
2019-09-24,188.9320831298828
2019-09-25,181.38624572753906
2019-09-26,187.16502380371094
2019-09-27,182.15037536621094
2019-09-30,182.77122497558594
2019-10-01,181.24295043945312
2019-10-03,174.41351318359375
2019-10-04,173.93594360351562
2019-10-07,174.12698364257812
2019-10-09,177.7088623046875
2019-10-10,174.07920837402344
2019-10-11,178.80731201171875
2019-10-14,180.2400665283203
2019-10-15,183.91746520996094
2019-10-16,179.52366638183594
2019-10-17,180.33555603027344
2019-10-18,178.9983367919922
2019-10-22,177.42230224609375
2019-10-23,176.80145263671875
2019-10-24,173.21958923339844
2019-10-25,173.60162353515625
2019-10-27,173.93594360351562
2019-10-29,176.03733825683594
2019-10-30,178.80731201171875
2019-10-31,179.4759063720703
2019-11-01,185.06362915039062
2019-11-04,189.07533264160156
2019-11-05,189.69619750976562
2019-11-06,192.46620178222656
2019-11-07,196.0003204345703
2019-11-08,194.71084594726562
2019-11-11,191.17672729492188
2019-11-13,184.4905548095703
2019-11-14,180.0490264892578
2019-11-15,179.3326416015625
2019-11-18,184.92037963867188
2019-11-19,183.72640991210938
2019-11-20,182.19815063476562
2019-11-21,180.14453125
2019-11-22,181.72055053710938
2019-11-25,190.31704711914062
2019-11-26,189.79171752929688
2019-11-27,193.89895629882812
2019-11-28,194.94964599609375
2019-11-29,191.17672729492188
2019-12-02,191.79759216308594
2019-12-03,187.2127685546875
2019-12-04,192.08413696289062
2019-12-05,189.64845275878906
2019-12-06,189.07533264160156
2019-12-09,189.93499755859375
2019-12-10,190.17379760742188
2019-12-11,187.78587341308594
2019-12-12,192.41842651367188
2019-12-13,198.91355895996094
2019-12-16,197.3852996826172
2019-12-17,204.1192169189453
2019-12-18,204.07147216796875
2019-12-19,206.6026611328125
2019-12-20,205.83851623535156
2019-12-23,205.5041961669922
2019-12-24,206.55490112304688
2019-12-26,205.36093139648438
2019-12-27,205.79075622558594
2019-12-30,208.1786651611328
2019-12-31,206.45938110351562
2020-01-01,204.6923370361328
2020-01-02,210.28005981445312
2020-01-03,206.74591064453125
2020-01-06,199.91648864746094
2020-01-07,199.48667907714844
2020-01-08,198.10165405273438
2020-01-09,201.30149841308594
2020-01-10,202.0178680419922
2020-01-13,201.73130798339844
2020-01-14,202.44769287109375
2020-01-15,204.07147216796875
2020-01-16,200.25079345703125
2020-01-17,200.63287353515625
2020-01-20,198.00616455078125
2020-01-21,195.9525604248047
2020-01-22,194.4720458984375
2020-01-23,195.42723083496094
2020-01-24,196.19134521484375
2020-01-27,189.3618927001953
2020-01-28,187.2127685546875
2020-01-29,188.88430786132812
2020-01-30,184.77708435058594
2020-01-31,180.8609161376953
2020-02-03,173.6494140625
2020-02-04,180.765380859375
2020-02-05,187.49932861328125
2020-02-06,185.3024444580078
2020-02-07,188.5500030517578
2020-02-10,182.29367065429688
2020-02-11,184.96812438964844
2020-02-12,184.96812438964844
2020-02-13,186.4963836669922
2020-02-14,185.3024444580078
2020-02-17,181.72055053710938
2020-02-18,176.08506774902344
2020-02-19,179.6669464111328
2020-02-20,181.4340057373047
2020-02-24,171.02267456054688
2020-02-25,166.62892150878906
2020-02-26,162.28289794921875
2020-02-27,160.80239868164062
2020-02-28,148.91055297851562
2020-03-02,143.03631591796875
2020-03-03,152.15814208984375
2020-03-04,153.39984130859375
2020-03-05,148.52850341796875
2020-03-06,143.37062072753906
2020-03-09,137.01873779296875
2020-03-11,131.6220245361328
2020-03-12,114.81109619140625
2020-03-13,121.73605346679688
2020-03-16,110.46509552001953
2020-03-17,110.22630310058594
2020-03-18,104.30424499511719
2020-03-19,95.27792358398438
2020-03-20,100.77014923095703
2020-03-23,83.95919799804688
2020-03-24,84.7710952758789
2020-03-25,90.3110580444336
2020-03-26,90.3110580444336
2020-03-27,87.445556640625
2020-03-30,84.81884765625
2020-03-31,91.40949249267578
2020-04-01,87.54108428955078
2020-04-03,84.81884765625
2020-04-07,99.28962707519531
2020-04-08,96.32861328125
2020-04-09,102.72822570800781
2020-04-13,108.69802856445312
2020-04-15,109.93974304199219
2020-04-16,115.14541625976562
2020-04-17,118.5840072631836
2020-04-20,111.22921752929688
2020-04-21,102.29841613769531
2020-04-22,103.44461059570312
2020-04-23,106.2623519897461
2020-04-24,99.00308227539062
2020-04-27,103.34909057617188
2020-04-28,103.87442779541016
2020-04-29,111.08595275878906
2020-04-30,124.3627700805664
2020-05-04,110.70388793945312
2020-05-05,110.70388793945312
2020-05-06,113.2828369140625
2020-05-07,112.37541961669922
2020-05-08,111.8500747680664
2020-05-11,114.38127899169922
2020-05-12,115.67073822021484
2020-05-13,118.01091003417969
2020-05-14,111.9455795288086
2020-05-15,113.9036865234375
2020-05-18,110.17853546142578
2020-05-19,112.04112243652344
2020-05-20,115.38420104980469
2020-05-21,123.69415283203125
2020-05-22,119.25262451171875
2020-05-26,123.31208801269531
2020-05-27,127.32378387451172
2020-05-28,132.19512939453125
2020-05-29,132.62496948242188
2020-06-01,132.91151428222656
2020-06-02,134.8218231201172
2020-06-03,136.9232177734375
2020-06-04,136.25457763671875
2020-06-05,142.5587158203125
2020-06-08,139.78872680664062
2020-06-09,136.2068328857422
2020-06-10,140.36180114746094
2020-06-11,137.9261474609375
2020-06-12,139.50218200683594
2020-06-15,139.2633819580078
2020-06-16,143.37062072753906
2020-06-17,141.36473083496094
2020-06-18,144.03921508789062
2020-06-19,144.2779998779297
2020-06-22,143.37062072753906
2020-06-23,151.25074768066406
2020-06-24,144.61228942871094
2020-06-25,140.02749633789062
2020-06-26,144.2779998779297
2020-06-29,139.31114196777344
2020-06-30,139.6454315185547
2020-07-01,140.93490600585938
2020-07-02,141.12596130371094
2020-07-03,139.83648681640625
2020-07-06,147.4300537109375
2020-07-07,145.47195434570312
2020-07-08,148.05091857910156
2020-07-09,157.4115447998047
2020-07-10,156.36087036132812
2020-07-13,161.6620330810547
2020-07-14,156.45639038085938
2020-07-15,157.98463439941406
2020-07-16,158.60549926757812
2020-07-17,154.88035583496094
2020-07-20,153.68638610839844
2020-07-21,152.82675170898438
2020-07-22,152.73123168945312
2020-07-23,154.737060546875
2020-07-24,149.1970977783203
2020-07-27,151.1074676513672
2020-07-28,157.3160400390625
2020-07-29,156.69517517089844
2020-07-30,154.737060546875
2020-07-31,155.7877655029297
2020-08-03,154.11622619628906
2020-08-04,155.07139587402344
2020-08-05,167.87063598632812
2020-08-06,170.019775390625
2020-08-07,169.6376953125
2020-08-10,170.59286499023438
2020-08-11,170.9271697998047
2020-08-12,167.91839599609375
2020-08-13,175.32093811035156
2020-08-14,176.6581573486328
2020-08-17,183.91746520996094
2020-08-18,187.2127685546875
2020-08-19,187.97689819335938
2020-08-20,190.07826232910156
2020-08-21,187.4515838623047
2020-08-24,184.63381958007812
2020-08-25,182.72349548339844
2020-08-26,184.8248748779297
2020-08-27,186.16207885742188
2020-08-28,185.11138916015625
2020-08-31,176.9447479248047
2020-09-01,185.35020446777344
2020-09-02,187.40379333496094
2020-09-03,184.33160400390625
2020-09-04,180.77938842773438
2020-09-07,180.01132202148438
2020-09-08,173.0509033203125
2020-09-09,175.49905395507812
2020-09-10,169.59466552734375
2020-09-11,171.51478576660156
2020-09-14,168.7786407470703
2020-09-15,169.69070434570312
2020-09-16,176.45912170410156
2020-09-17,168.82666015625
2020-09-18,172.3308563232422
2020-09-21,160.47410583496094
2020-09-22,156.92189025878906
2020-09-23,158.84201049804688
2020-09-24,152.74563598632812
2020-09-25,155.5778045654297
2020-09-28,161.00213623046875
2020-09-29,169.3546600341797
2020-09-30,168.25059509277344
2020-10-01,167.1465301513672
2020-10-05,171.89883422851562
2020-10-06,169.83468627929688
2020-10-07,165.94647216796875
2020-10-08,167.29052734375
2020-10-09,163.2102813720703
2020-10-12,165.2744140625
2020-10-13,166.3304901123047
2020-10-14,167.24253845214844
2020-10-15,166.71449279785156
2020-10-16,172.61886596679688
2020-10-19,175.4030303955078
2020-10-20,173.5789337158203
2020-10-21,178.52322387695312
2020-10-22,177.08314514160156
2020-10-23,174.9709930419922
2020-10-26,165.51441955566406
2020-10-27,167.4825439453125
2020-10-28,163.64230346679688
2020-10-29,161.19415283203125
2020-10-30,163.83432006835938
2020-11-02,163.93031311035156
2020-11-03,172.5708465576172
2020-11-04,169.45068359375
2020-11-05,179.86734008789062
2020-11-06,180.63536071777344
2020-11-09,186.92376708984375
2020-11-10,184.6676483154297
2020-11-11,195.9003448486328
2020-11-12,200.2686309814453
2020-11-13,202.14073181152344
2020-11-14,200.94065856933594
2020-11-17,205.0209197998047
2020-11-18,210.5892791748047
2020-11-19,205.30894470214844
2020-11-20,206.9410400390625
2020-11-23,209.34120178222656
2020-11-24,216.9736785888672
2020-11-25,214.5255126953125
2020-11-26,220.7178955078125
2020-11-27,217.30967712402344
2020-12-01,220.14186096191406
2020-12-02,222.5900421142578
2020-12-03,232.3346405029297
2020-12-04,242.60728454589844
2020-12-07,241.21519470214844
2020-12-08,235.88685607910156
2020-12-09,231.3745574951172
2020-12-10,233.0066680908203
2020-12-11,233.91873168945312
2020-12-14,236.5109100341797
2020-12-15,234.7827911376953
2020-12-16,241.40719604492188
2020-12-17,236.03086853027344
2020-12-18,239.91912841796875
2020-12-21,223.0220489501953
2020-12-22,222.63803100585938
2020-12-23,226.7662811279297
2020-12-24,227.48631286621094
2020-12-28,230.31849670410156
2020-12-29,226.19024658203125
2020-12-30,227.91835021972656
2020-12-31,230.9425506591797
2021-01-01,228.83042907714844
2021-01-04,244.1433868408203
2021-01-05,240.30311584472656
2021-01-06,248.70364379882812
2021-01-07,262.0004577636719
2021-01-08,257.48822021484375
2021-01-11,254.12803649902344
2021-01-12,253.7919921875
2021-01-13,252.15989685058594
2021-01-14,250.95980834960938
2021-01-15,243.2313232421875
2021-01-18,233.43869018554688
2021-01-19,241.5032196044922
2021-01-20,242.03125
2021-01-21,238.9590606689453
2021-01-22,229.64645385742188
2021-01-25,230.70254516601562
2021-01-27,222.15798950195312
2021-01-28,219.90184020996094
2021-01-29,217.2616729736328
2021-02-01,231.51858520507812
2021-02-02,245.15145874023438
2021-02-03,246.97555541992188
2021-02-04,251.39181518554688
2021-02-05,251.58383178710938
2021-02-08,267.8088684082031
2021-02-09,266.9447937011719
2021-02-10,268.24090576171875
2021-02-11,283.6018371582031
2021-02-12,279.1855163574219
2021-02-15,279.7616271972656
2021-02-16,290.61029052734375
2021-02-17,291.7623596191406
2021-02-18,297.522705078125
2021-02-19,295.6985778808594
2021-02-22,303.47509765625
2021-02-23,319.7481384277344
2021-02-24,319.50811767578125
2021-02-25,336.6932067871094
2021-02-26,326.66058349609375
2021-03-01,330.3568420410156
2021-03-02,331.46087646484375
2021-03-03,344.9977111816406
2021-03-04,335.4931640625
2021-03-05,324.3564453125
2021-03-08,323.1563415527344
2021-03-09,319.9401550292969
2021-03-10,326.756591796875
2021-03-12,317.0119323730469
2021-03-15,320.46820068359375
2021-03-16,320.564208984375
2021-03-17,313.36376953125
2021-03-18,318.54803466796875
2021-03-19,321.7162780761719
2021-03-22,326.1805419921875
2021-03-23,318.45208740234375
2021-03-24,305.0592041015625
2021-03-25,301.458984375
2021-03-26,314.0838317871094
2021-03-30,313.2677001953125
2021-03-31,313.7957458496094
2021-04-01,336.2611389160156
2021-04-05,336.6451721191406
2021-04-06,336.45318603515625
2021-04-07,338.1333312988281
2021-04-08,350.6141052246094
2021-04-09,346.6298522949219
2021-04-12,322.7723693847656
2021-04-13,334.7731018066406
2021-04-15,339.42938232421875
2021-04-16,355.22235107421875
2021-04-19,346.9658203125
2021-04-20,344.9977111816406
2021-04-22,341.6375427246094
2021-04-23,335.5411682128906
2021-04-26,334.43707275390625
2021-04-27,351.62213134765625
2021-04-28,348.117919921875
2021-04-29,357.2864990234375
2021-04-30,349.8460693359375
2021-05-03,355.1744079589844
2021-05-04,348.0699462890625
2021-05-05,352.4382019042969
2021-05-06,370.53533935546875
2021-05-07,385.08026123046875
2021-05-10,408.7457580566406
2021-05-11,396.3129577636719
2021-05-12,382.8721008300781
2021-05-14,367.5111389160156
2021-05-17,377.2557678222656
2021-05-18,386.0403137207031
2021-05-19,387.1923828125
2021-05-20,369.8153076171875
2021-05-21,374.2315673828125
2021-05-24,373.7515563964844
2021-05-25,375.5756530761719
2021-05-26,365.7830505371094
2021-05-27,370.4393310546875
2021-05-28,372.2633972167969
2021-05-31,378.50384521484375
2021-06-01,378.9358825683594
2021-06-02,382.8721008300781
2021-06-03,383.2561340332031
2021-06-04,379.2718811035156
2021-06-07,379.2238464355469
2021-06-08,372.2633972167969
2021-06-09,367.84716796875
2021-06-10,370.0072937011719
2021-06-11,377.44775390625
2021-06-14,379.0318603515625
2021-06-15,375.2396240234375
2021-06-16,365.0630187988281
2021-06-17,354.5023498535156
2021-06-18,356.5184631347656
2021-06-21,352.9182434082031
2021-06-22,352.8702087402344
2021-06-23,353.39825439453125
2021-06-24,354.310302734375
2021-06-25,360.88671875
2021-06-28,367.0310974121094
2021-06-29,359.3026428222656
2021-06-30,357.19049072265625
2021-07-01,364.2469177246094
2021-07-02,361.03070068359375
2021-07-05,373.9915466308594
2021-07-06,369.9592590332031
2021-07-07,377.9277648925781
2021-07-08,367.7991638183594
2021-07-09,374.4715576171875
2021-07-12,372.8394775390625
2021-07-13,376.5837097167969
2021-07-14,376.0076599121094
2021-07-15,385.4162902832031
2021-07-16,389.30450439453125
2021-07-19,381.0960388183594
2021-07-20,367.7031555175781
2021-07-22,377.78375244140625
2021-07-23,376.10369873046875
2021-07-26,384.07220458984375
2021-07-27,400.6812438964844
2021-07-28,399.6731872558594
2021-07-29,439.8036804199219
2021-07-30,427.0348815917969
2021-08-02,427.9949645996094
2021-08-03,430.8751220703125
2021-08-04,425.018798828125
2021-08-05,425.4028015136719
2021-08-06,424.4907531738281
2021-08-09,417.3382873535156
2021-08-10,409.8978271484375
2021-08-11,419.2104187011719
2021-08-12,422.6905212402344
2021-08-13,427.3306579589844
2021-08-16,427.0406799316406
2021-08-17,422.0621643066406
2021-08-18,412.7335205078125
2021-08-20,390.2093505859375
2021-08-23,393.3028259277344
2021-08-24,406.83660888671875
2021-08-25,416.358642578125
2021-08-26,409.9783935546875
2021-08-27,423.31890869140625
2021-08-30,433.1308898925781
2021-08-31,452.70660400390625
2021-09-01,442.84625244140625
2021-09-02,441.7345886230469
2021-09-03,445.93975830078125
2021-09-06,453.625
2021-09-07,446.90643310546875
2021-09-08,441.1062316894531
2021-09-09,448.1147766113281
2021-09-13,462.4220275878906
2021-09-14,462.03533935546875
2021-09-15,470.59063720703125
2021-09-16,467.2071838378906
2021-09-17,457.2984619140625
2021-09-20,429.60247802734375
2021-09-21,435.982666015625
2021-09-22,447.5831604003906
2021-09-23,467.1588439941406
2021-09-24,462.80865478515625
2021-09-27,465.37042236328125
2021-09-28,462.2286376953125
2021-09-29,477.69586181640625
2021-09-30,471.7023620605469
2021-10-01,468.22222900390625
2021-10-04,488.861328125
2021-10-05,478.8075866699219
2021-10-06,460.0535888671875
2021-10-07,461.6003112792969
2021-10-08,457.87847900390625
2021-10-11,471.2673034667969
2021-10-12,482.0460510253906
2021-10-13,491.133056640625
2021-10-14,498.9149475097656
2021-10-18,524.7259521484375
2021-10-19,515.9773559570312
2021-10-20,495.8699035644531
2021-10-21,477.3092041015625
2021-10-22,454.7850646972656
2021-10-25,457.4918212890625
2021-10-26,469.8656005859375
2021-10-27,463.8720703125
2021-10-28,453.18994140625
2021-10-29,444.4896545410156
2021-11-01,462.2286376953125
2021-11-02,452.80328369140625
2021-11-03,462.3736572265625
2021-11-04,456.86346435546875
2021-11-08,454.1567077636719
2021-11-09,449.1298522949219
2021-11-10,434.77435302734375
2021-11-11,438.8345031738281
2021-11-12,452.94830322265625
2021-11-15,440.71954345703125
2021-11-16,430.7625427246094
2021-11-17,430.5691833496094
2021-11-18,425.6389465332031
2021-11-22,427.4273986816406
2021-11-23,435.2093505859375
2021-11-24,437.04608154296875
2021-11-25,432.1641845703125
2021-11-26,403.11480712890625
2021-11-29,406.1599426269531
2021-11-30,399.0063171386719
2021-12-01,410.75177001953125
2021-12-02,417.7120361328125
2021-12-03,410.51007080078125
2021-12-06,407.3199462890625
2021-12-07,427.7657470703125
2021-12-08,442.2179260253906
2021-12-09,440.47784423828125
2021-12-10,439.9461975097656
2021-12-13,442.9912414550781
2021-12-14,446.3264465332031
2021-12-15,443.0879821777344
2021-12-16,435.4992980957031
2021-12-17,435.1609802246094
2021-12-20,418.6787109375
2021-12-21,430.6175231933594
2021-12-22,447.9215087890625
2021-12-23,445.93975830078125
2021-12-24,443.61962890625
2021-12-27,437.7227783203125
2021-12-28,442.8946228027344
2021-12-29,439.1244812011719
2021-12-30,434.6776428222656
2021-12-31,459.7152099609375
2022-01-03,462.1319580078125
2022-01-04,460.2469482421875
2022-01-05,459.5219421386719
2022-01-06,463.14703369140625
2022-01-07,477.0675354003906
2022-01-10,476.4875183105469
2022-01-11,470.1556091308594
2022-01-12,481.369384765625
2022-01-13,490.60137939453125
2022-01-14,489.48968505859375
2022-01-17,489.10296630859375
2022-01-18,479.4842834472656
2022-01-19,487.9912414550781
2022-01-20,486.6378479003906
2022-01-21,489.8280029296875
2022-01-24,462.4703369140625
2022-01-25,469.5755920410156
2022-01-27,472.86236572265625
2022-01-28,474.0224609375
2022-01-31,472.7657165527344
2022-02-01,493.9848327636719
2022-02-02,496.8366394042969
2022-02-03,495.5799255371094
2022-02-04,507.6636962890625
2022-02-07,505.19854736328125
2022-02-08,509.2587585449219
2022-02-09,524.2425537109375
2022-02-10,529.0277709960938
2022-02-11,524.6293334960938
2022-02-14,503.8935241699219
2022-02-15,516.0739135742188
2022-02-16,511.67547607421875
2022-02-17,514.8173217773438
2022-02-18,511.96551513671875
2022-02-21,494.9515075683594
2022-02-22,499.0116882324219
2022-02-23,501.4284362792969
2022-02-24,500.4134216308594
2022-02-25,516.1223754882812
2022-02-28,554.6453857421875
2022-03-02,580.1179809570312
2022-03-03,586.111572265625
2022-03-04,564.3607788085938
2022-03-07,599.1137084960938
2022-03-08,570.3059692382812
2022-03-09,568.46923828125
2022-03-10,574.0277709960938
2022-03-11,569.4842529296875
2022-03-14,571.127685546875
2022-03-15,541.111572265625
2022-03-16,553.6304321289062
2022-03-17,557.5938110351562
2022-03-21,570.3059692382812
2022-03-22,573.689453125
2022-03-23,588.18994140625
2022-03-24,601.240478515625
2022-03-25,601.9654541015625
2022-03-28,609.2157592773438
2022-03-29,610.279052734375
2022-03-30,579.8280029296875
2022-03-31,550.536865234375
2022-04-01,551.5036010742188
2022-04-04,567.9375610351562
2022-04-05,567.3092041015625
2022-04-06,561.8956298828125
2022-04-07,555.6121826171875
2022-04-08,562.3790283203125
2022-04-11,557.1587524414062
2022-04-12,524.2908935546875
2022-04-13,528.54443359375
2022-04-18,527.1909790039062
2022-04-19,522.7925415039062
2022-04-20,526.8526611328125
2022-04-21,522.2608642578125
2022-04-22,497.02996826171875
2022-04-25,479.0009765625
2022-04-26,477.0192565917969
2022-04-27,475.9075012207031
2022-04-28,472.3306884765625
2022-04-29,466.5788269042969
2022-05-02,468.27056884765625
2022-05-04,446.2780456542969
2022-05-05,446.2297668457031
2022-05-06,428.97412109375
2022-05-09,429.31243896484375
2022-05-10,408.9150085449219
2022-05-11,408.4800109863281
2022-05-12,392.3360595703125
2022-05-13,375.0804748535156
2022-05-16,377.9322509765625
2022-05-17,414.1352844238281
2022-05-18,421.5788269042969
2022-05-19,403.11480712890625
2022-05-20,414.8119201660156
2022-05-23,399.3930358886719
2022-05-24,387.4542236328125
2022-05-25,383.63580322265625
2022-05-26,394.2695007324219
2022-05-27,395.52618408203125
2022-05-30,402.8731384277344
2022-05-31,408.4800109863281
2022-06-01,396.97625732421875
2022-06-02,396.251220703125
2022-06-03,393.20611572265625
2022-06-06,395.52618408203125
2022-06-07,390.7410583496094
2022-06-08,390.0643615722656
2022-06-09,386.439208984375
2022-06-10,372.9053649902344
2022-06-13,354.2480163574219
2022-06-14,346.369384765625
2022-06-15,345.5960388183594
2022-06-16,324.9085998535156
2022-06-17,322.5885314941406
2022-06-20,310.79473876953125
2022-06-21,327.9537353515625
2022-06-22,305.9129333496094
2022-06-23,307.024658203125
2022-06-24,311.5680847167969
2022-06-27,318.9634094238281
2022-06-28,332.11053466796875
2022-06-29,332.6905822753906
2022-06-30,327.3736877441406
2022-07-01,329.79046630859375
2022-07-04,329.162109375
2022-07-05,333.75396728515625
2022-07-06,329.59710693359375
2022-07-07,349.60784912109375
2022-07-08,345.6443786621094
2022-07-11,344.3393859863281
2022-07-12,335.3489990234375
2022-07-13,337.2823791503906
2022-07-14,337.47576904296875
2022-07-15,338.87744140625
2022-07-18,354.87640380859375
2022-07-19,355.69805908203125
2022-07-20,357.05145263671875
2022-07-21,363.4317321777344
2022-07-22,368.5552062988281
2022-07-25,374.1620788574219
2022-07-26,369.18353271484375
2022-07-27,375.7087707519531
2022-07-28,379.3339538574219
2022-07-29,401.229736328125
2022-08-01,409.88177490234375
2022-08-02,404.46820068359375
2022-08-03,400.4563903808594
2022-08-04,407.6582946777344
2022-08-05,397.12127685546875
2022-08-08,407.3683166503906
2022-08-10,425.4456787109375
2022-08-11,422.9091491699219
2022-08-12,425.59197998046875
2022-08-16,418.4215393066406
2022-08-17,428.22601318359375
2022-08-18,427.3479919433594
2022-08-19,416.909423828125
2022-08-22,408.2756042480469
2022-08-23,417.4459533691406
2022-08-24,418.3727722167969
2022-08-25,422.177490234375
2022-08-26,429.2991027832031
2022-08-29,419.68975830078125
2022-08-30,428.2747802734375
2022-09-01,411.6413269042969
2022-09-02,404.7635803222656
2022-09-05,418.811767578125
2022-09-06,420.4214782714844
2022-09-07,422.2750549316406
2022-09-08,410.2755126953125
2022-09-09,415.5923767089844
2022-09-12,420.6165771484375
2022-09-13,425.9822082519531
2022-09-14,431.2015075683594
2022-09-15,414.031494140625
2022-09-16,402.4222106933594
2022-09-19,402.08074951171875
2022-09-20,411.1535339355469
2022-09-21,401.30029296875
2022-09-22,402.0319519042969
2022-09-23,386.66680908203125
2022-09-26,364.2774658203125
2022-09-27,364.47259521484375
2022-09-28,351.9365234375
2022-09-29,362.1311950683594
2022-09-30,381.0084228515625
2022-10-03,371.6430358886719
2022-10-04,384.4229431152344
2022-10-06,402.5685119628906
2022-10-07,401.0564270019531
2022-10-10,397.54437255859375
2022-10-11,386.3740539550781
2022-10-12,390.4226989746094
2022-10-13,391.7397155761719
2022-10-14,387.4472351074219
2022-10-17,378.81341552734375
2022-10-18,383.8376159667969
2022-10-19,380.76458740234375
2022-10-20,385.54486083984375
2022-10-21,384.1302795410156
2022-10-24,385.88629150390625
2022-10-25,388.66668701171875
2022-10-27,402.3246154785156
2022-10-28,395.0566711425781
2022-10-31,395.7395324707031
2022-11-01,404.2757873535156
2022-11-02,411.0072021484375
2022-11-03,400.32470703125
2022-11-04,420.0312194824219
2022-11-07,426.8114318847656
2022-11-09,406.9097900390625
2022-11-10,404.95867919921875
2022-11-11,419.34832763671875
2022-11-14,444.42047119140625
2022-11-15,445.7374572753906
2022-11-16,436.4695739746094
2022-11-17,429.68939208984375
2022-11-18,427.8845520019531
2022-11-21,420.0312194824219
2022-11-22,420.1287536621094
2022-11-23,422.7628479003906
2022-11-24,427.64068603515625
2022-11-25,429.8844299316406
2022-11-28,420.6165771484375
2022-11-29,425.29931640625
2022-11-30,439.6889343261719
2022-12-01,452.0786437988281
2022-12-02,449.8348693847656
2022-12-05,469.4438171386719
2022-12-06,458.51739501953125
2022-12-07,452.9566650390625
2022-12-08,460.1271057128906
2022-12-09,451.5421142578125
2022-12-12,450.6640930175781
2022-12-13,446.90814208984375
2022-12-14,457.8345031738281
2022-12-15,449.7373046875
2022-12-16,445.59112548828125
2022-12-19,448.9080505371094
2022-12-20,445.8838195800781
2022-12-21,445.98138427734375
2022-12-22,444.37164306640625
2022-12-23,419.0556640625
2022-12-26,432.1282958984375
2022-12-27,459.49298095703125
2022-12-28,454.56640625
2022-12-29,458.41986083984375
2022-12-30,461.78558349609375
2023-01-02,475.15087890625
2023-01-03,468.1755676269531
2023-01-04,450.22509765625
2023-01-05,454.322509765625
2023-01-06,451.34698486328125
2023-01-09,459.2491149902344
2023-01-10,465.8829345703125
2023-01-11,478.9555969238281
2023-01-12,473.7850646972656
2023-01-13,476.5654602050781
2023-01-16,471.24859619140625
2023-01-17,475.9800720214844
2023-01-18,490.6624450683594
2023-01-19,486.71136474609375
2023-01-20,477.9800109863281
2023-01-23,482.126220703125
2023-01-24,472.80950927734375
2023-01-25,477.1507873535156
2023-01-27,467.29754638671875
2023-01-30,460.80999755859375
2023-01-31,456.9564514160156
2023-02-01,456.4199523925781
2023-02-02,454.0298156738281
2023-02-03,448.4202575683594
2023-02-06,436.4208068847656
2023-02-07,419.0556640625
2023-02-08,425.8358459472656
2023-02-09,433.6891784667969
2023-02-10,422.56768798828125
2023-02-13,417.2508850097656
2023-02-14,424.1773681640625
2023-02-15,423.34814453125
2023-02-16,424.079833984375
2023-02-17,419.0068664550781
2023-02-20,423.640869140625
2023-02-21,420.9580383300781
2023-02-22,419.20196533203125
2023-02-23,425.787109375
2023-02-24,405.10504150390625
2023-02-27,401.7392883300781
2023-02-28,389.4471435546875
2023-03-01,402.9587707519531
2023-03-02,400.76373291015625
2023-03-03,406.7146911621094
2023-03-06,404.3733215332031
2023-03-08,397.7882385253906
2023-03-09,398.86138916015625
2023-03-10,395.7395324707031
2023-03-13,392.422607421875
2023-03-14,392.86163330078125
2023-03-15,396.2273254394531
2023-03-16,375.5452880859375
2023-03-17,387.0082092285156
2023-03-20,376.3257141113281
2023-03-21,379.05731201171875
2023-03-22,383.1546936035156
2023-03-23,389.056884765625
2023-03-24,378.9110107421875
2023-03-27,380.42315673828125
2023-03-28,383.30108642578125
2023-03-29,389.3008117675781
2023-03-31,395.4468688964844
2023-04-03,392.7153015136719
2023-04-05,393.44696044921875
2023-04-06,395.3493347167969
2023-04-10,401.39788818359375
2023-04-11,407.34881591796875
2023-04-12,407.4464111328125
2023-04-13,411.73883056640625
2023-04-17,418.2264404296875
2023-04-18,421.00677490234375
2023-04-19,422.47015380859375
2023-04-20,419.34832763671875
2023-04-21,412.0315856933594
2023-04-24,417.3484191894531
2023-04-25,419.2995300292969
2023-04-26,414.4216613769531
2023-04-27,420.2751159667969
2023-04-28,425.4456481933594
2023-05-02,435.2500915527344
2023-05-03,431.494140625
2023-05-04,434.615966796875
2023-05-05,423.640869140625
2023-05-08,434.17694091796875
2023-05-09,429.5917663574219
2023-05-10,425.787109375
2023-05-11,410.5682067871094
2023-05-12,394.8615417480469
2023-05-15,400.66619873046875
2023-05-16,402.3734436035156
2023-05-17,397.739501953125
2023-05-18,396.5688171386719
2023-05-19,396.81268310546875
2023-05-22,397.739501953125
2023-05-23,400.2759704589844
2023-05-24,396.9590148925781
2023-05-25,394.373779296875
2023-05-26,403.446533203125
2023-05-29,409.64141845703125
2023-05-30,403.00750732421875
2023-05-31,395.9834289550781
2023-06-01,396.42242431640625
2023-06-02,410.47064208984375
2023-06-05,409.4463195800781
2023-06-06,405.3976745605469
2023-06-07,412.27545166015625
2023-06-08,408.0317077636719
2023-06-09,404.9098815917969
2023-06-12,406.61712646484375
2023-06-13,411.1047668457031
2023-06-14,414.66558837890625
2023-06-15,412.7144470214844
2023-06-16,416.5191650390625
2023-06-19,415.73870849609375
2023-06-20,418.4703063964844
2023-06-21,410.665771484375
2023-06-22,409.7877502441406
2023-06-23,398.51995849609375
2023-06-26,404.5684509277344
2023-06-27,407.5439453125
2023-06-28,409.93408203125
2023-06-30,410.665771484375
2023-07-03,415.25091552734375
2023-07-04,415.39727783203125
2023-07-05,411.20233154296875
2023-07-06,415.98260498046875
2023-07-07,412.373046875
2023-07-10,417.397216796875
2023-07-11,414.2753601074219
2023-07-12,414.4704895019531
2023-07-13,424.5675964355469
2023-07-14,436.03057861328125
2023-07-17,436.1768798828125
2023-07-18,433.6404113769531
2023-07-19,428.46990966796875
2023-07-20,430.762451171875
2023-07-21,423.8847351074219
2023-07-24,422.3725891113281
2023-07-25,438.51824951171875
2023-07-26,438.03045654296875
2023-07-27,440.371826171875
2023-07-28,440.4693603515625
2023-07-31,451.2982177734375
2023-08-01,452.7615661621094
2023-08-02,443.3960876464844
2023-08-03,442.22540283203125
2023-08-04,445.83502197265625
2023-08-07,453.49322509765625
2023-08-08,443.6400146484375
2023-08-09,457.4442443847656
2023-08-10,457.4442443847656
2023-08-11,451.15185546875
2023-08-14,442.6580505371094
2023-08-16,437.1592712402344
2023-08-17,439.51593017578125
2023-08-18,431.56219482421875
2023-08-21,441.28338623046875
2023-08-22,442.21624755859375
2023-08-23,452.91937255859375
2023-08-24,448.255126953125
2023-08-25,441.8725280761719
2023-08-28,438.2393798828125
2023-08-29,447.81329345703125
2023-08-30,448.5006408691406
2023-08-31,451.5446472167969
2023-09-01,464.70263671875
2023-09-04,477.860595703125
2023-09-05,477.320556640625
2023-09-06,469.5141296386719
2023-09-07,466.51922607421875
2023-09-08,467.55023193359375
2023-09-11,476.0931396484375
2023-09-12,469.121337890625
2023-09-13,474.4729309082031
2023-09-14,488.3673400878906
2023-09-15,487.581787109375
2023-09-18,475.74945068359375
2023-09-20,469.6614074707031
2023-09-21,470.8888244628906
2023-09-22,470.2015075683594
2023-09-25,460.8730773925781
2023-09-26,462.9842224121094
2023-09-27,466.3719482421875
2023-09-28,458.418212890625
2023-09-29,483.75225830078125
2023-10-03,471.2816162109375
2023-10-04,464.84991455078125
2023-10-05,462.0513916015625
2023-10-06,464.0643615722656
2023-10-09,461.3149108886719
2023-10-10,471.9689636230469
2023-10-11,475.1602783203125
2023-10-12,475.6512451171875
2023-10-13,471.919921875
2023-10-16,474.6693115234375
2023-10-17,475.6021728515625
2023-10-18,476.2895202636719
2023-10-19,471.2816162109375
2023-10-20,463.229736328125
2023-10-23,448.4515380859375
2023-10-25,452.8702697753906
2023-10-26,448.4024658203125
2023-10-27,447.9114685058594
2023-10-30,448.4024658203125
2023-10-31,451.20098876953125
2023-11-01,454.3431701660156
2023-11-02,465.635498046875
2023-11-03,466.617431640625
2023-11-06,473.2455139160156
2023-11-07,475.7985534667969
2023-11-08,479.2353210449219
2023-11-09,475.7003479003906
2023-11-10,472.60723876953125
2023-11-13,478.69525146484375
2023-11-15,496.27197265625
2023-11-16,495.1918029785156
2023-11-17,488.7601318359375
2023-11-20,488.3182678222656
2023-11-21,497.69580078125
2023-11-22,491.2149658203125
2023-11-23,492.8843078613281
2023-11-24,498.62860107421875
2023-11-28,506.2877197265625
2023-11-29,508.1043701171875
2023-11-30,506.3368835449219
2023-12-01,507.8588562011719
2023-12-04,509.87188720703125
2023-12-05,511.2466125488281
2023-12-06,513.5540771484375
2023-12-07,506.7296447753906
2023-12-08,510.951904296875
2023-12-11,512.9649658203125
2023-12-12,517.9237060546875
2023-12-13,523.2261352539062
2023-12-14,533.2910766601562
2023-12-15,547.185546875
2023-12-18,556.1702880859375
2023-12-19,554.648193359375
2023-12-20,538.2989501953125
2023-12-21,546.20361328125
2023-12-22,560.1470947265625
2023-12-26,569.3773193359375
2023-12-27,594.6622314453125
2023-12-28,603.2051391601562
2023-12-29,603.7451782226562
2024-01-01,599.3756103515625
2024-01-02,605.8563232421875
2024-01-03,582.3389282226562
2024-01-04,579.8349609375
2024-01-05,576.398193359375
2024-01-08,567.2171020507812
2024-01-09,565.5477905273438
2024-01-10,569.57373046875
2024-01-11,566.5296630859375
2024-01-12,571.53759765625
2024-01-15,564.2713012695312
2024-01-16,569.082763671875
2024-01-17,550.13134765625
2024-01-18,544.8779907226562
2024-01-19,547.0381469726562
2024-01-23,531.621826171875
2024-01-24,554.9428100585938
2024-01-25,556.955810546875
2024-01-29,557.6431884765625
2024-01-30,558.96875
2024-01-31,568.8862915039062
2024-02-01,560.9326782226562
2024-02-02,572.96142578125
2024-02-05,569.4264526367188
2024-02-06,574.336181640625
2024-02-07,581.5534057617188
2024-02-08,590.4398803710938
2024-02-09,580.6204833984375
2024-02-12,571.9303588867188
2024-02-13,500.8870849609375
2024-02-14,498.62860107421875
2024-02-15,503.93109130859375
2024-02-16,506.38592529296875
2024-02-19,503.04736328125
2024-02-20,502.3600158691406
2024-02-21,502.5563659667969
2024-02-22,511.7375183105469
2024-02-23,508.988037109375
2024-02-26,495.92828369140625
2024-02-27,500.4452209472656
2024-02-28,495.2900085449219
2024-02-29,494.75
2024-03-01,509.7245178222656
2024-03-04,515.4688720703125
2024-03-05,512.6703491210938
2024-03-06,517.4327392578125
2024-03-07,527.0066528320312
2024-03-11,524.0608520507812
2024-03-12,519.3966064453125
2024-03-13,497.8430480957031
2024-03-14,515.763427734375
2024-03-15,522.931640625
2024-03-18,521.5569458007812
2024-03-19,524.0117797851562
2024-03-20,518.3164672851562
2024-03-21,529.9525146484375
2024-03-22,537.8570556640625
2024-03-26,548.5601806640625
2024-03-27,547.5782470703125
2024-03-28,550.13134765625
2024-04-01,558.3304443359375
2024-04-02,560.883544921875
2024-04-03,566.18603515625
2024-04-04,567.3152465820312
2024-04-05,559.7542724609375
2024-04-08,566.3823852539062
2024-04-09,577.9692993164062
2024-04-10,592.1582641601562
2024-04-12,587.8377685546875
2024-04-15,601.634033203125
2024-04-16,597.8535766601562
2024-04-18,601.7322387695312
2024-04-19,603.64697265625
2024-04-22,607.3782958984375
2024-04-23,600.7503051757812
2024-04-24,624.6113891601562
2024-04-25,635.1181030273438
2024-04-26,637.572998046875
2024-04-29,638.3094482421875
2024-04-30,632.761474609375
2024-05-02,629.86474609375
2024-05-03,635.4127197265625
2024-05-06,627.2626342773438
2024-05-07,608.9985961914062
2024-05-08,622.058349609375
2024-05-09,608.2130126953125
2024-05-10,614.3009643554688
2024-05-13,622.058349609375
2024-05-14,634.9708862304688
2024-05-15,641.8935546875
2024-05-16,641.5497436523438
2024-05-17,643.6119384765625
2024-05-21,681.0728759765625
2024-05-22,672.1863403320312
2024-05-23,664.5762939453125
2024-05-24,661.0904541015625
2024-05-27,665.6072998046875
2024-05-28,668.9950561523438
2024-05-29,692.5615234375
2024-05-30,682.5949096679688
2024-05-31,676.8995971679688
2024-06-03,683.3804321289062
2024-06-04,637.3275146484375
2024-06-05,682.693115234375
2024-06-06,665.263671875
2024-06-07,668.0621948242188
2024-06-10,664.18359375
2024-06-11,660.7958984375
2024-06-12,661.7286987304688
2024-06-13,668.4059448242188
2024-06-14,671.2534790039062
2024-06-18,666.4911499023438
2024-06-19,650.4364624023438
2024-06-20,664.28173828125
2024-06-21,672.1372680664062
2024-06-24,672.8737182617188
2024-06-25,673.1192016601562
2024-06-26,662.5142822265625
2024-06-27,672.8737182617188
2024-06-28,681.0238037109375
2024-07-01,677.390625
2024-07-02,682.2020874023438
2024-07-03,679.1581420898438
2024-07-04,679.3544921875
2024-07-05,686.522705078125
2024-07-08,684.60791015625
2024-07-09,694.2308959960938
2024-07-10,680.7783203125
2024-07-11,683.7240600585938
2024-07-12,679.5509033203125
2024-07-15,687.4554443359375
2024-07-16,678.3234252929688
2024-07-18,677.48876953125
2024-07-19,651.0255737304688
2024-07-22,660.1575927734375
2024-07-23,641.6971435546875
2024-07-24,639.8314208984375
2024-07-25,634.8726806640625
2024-07-26,655.54248046875
2024-07-29,654.8060302734375
2024-07-30,648.5706787109375
2024-07-31,657.50634765625
2024-08-01,661.3358764648438
2024-08-02,636.3455810546875
2024-08-05,603.2051391601562
2024-08-06,599.2774047851562
2024-08-07,612.4353637695312
2024-08-08,602.9595947265625
2024-08-09,615.1561279296875
2024-08-12,621.52587890625
2024-08-13,613.6748046875
2024-08-14,613.7241821289062
2024-08-16,626.2662963867188
2024-08-19,650.6591796875
2024-08-20,664.5345458984375
2024-08-21,677.0765991210938
2024-08-22,677.0272827148438
2024-08-23,676.5828247070312
2024-08-26,703.000244140625
2024-08-27,694.7540893554688
2024-08-28,696.2847900390625
2024-08-29,691.7913818359375
2024-08-30,692.6307983398438
2024-09-02,675.3978271484375
2024-09-03,670.4599609375
2024-09-04,658.5103759765625
2024-09-05,661.6212158203125
2024-09-06,658.8065795898438
2024-09-09,650.3629150390625
2024-09-10,651.3010864257812
2024-09-11,639.6478271484375
2024-09-12,667.7935180664062
2024-09-13,664.880126953125
2024-09-16,676.6322631835938
2024-09-17,674.5089111328125
2024-09-18,676.73095703125
2024-09-19,675.6940307617188
2024-09-20,685.7672729492188
2024-09-23,681.9650268554688
2024-09-24,708.9256591796875
2024-09-25,709.5182495117188
2024-09-26,725.5169067382812
2024-09-27,737.8614501953125
2024-09-30,746.7989501953125
2024-10-01,752.0823974609375
2024-10-03,737.81201171875
2024-10-04,738.6021118164062
2024-10-07,722.20849609375
2024-10-08,712.8265380859375
2024-10-09,718.5050659179688
2024-10-10,721.0728149414062
2024-10-11,738.0589599609375
2024-10-14,733.7630615234375
2024-10-15,717.9125366210938
2024-10-16,723.986083984375
2024-10-17,725.6649780273438
2024-10-18,744.1325073242188
2024-10-21,730.4052734375
2024-10-22,711.2958374023438
2024-10-23,708.1849975585938
2024-10-24,682.11328125
2024-10-25,670.3118286132812
2024-10-28,684.2859497070312
2024-10-29,684.9771728515625
2024-10-30,679.8418579101562
2024-10-31,677.52099609375
2024-11-01,682.310791015625
2024-11-04,665.9171142578125
2024-11-05,688.8780517578125
2024-11-06,699.3956909179688
2024-11-07,640.0428466796875
2024-11-08,642.3636474609375
2024-11-11,647.20263671875
2024-11-12,643.5487060546875
2024-11-13,618.8101196289062
2024-11-14,619.55078125
2024-11-18,642.9561157226562
2024-11-19,632.0435180664062
2024-11-21,639.993408203125
2024-11-22,643.9931030273438
2024-11-25,651.646728515625
2024-11-26,657.8190307617188
2024-11-27,652.8811645507812
2024-11-28,642.1660766601562
2024-11-29,648.0421142578125
2024-12-02,654.362548828125
2024-12-03,659.2510375976562
2024-12-04,654.8070068359375
2024-12-05,662.5099487304688
2024-12-06,661.8187255859375
2024-12-09,662.5593872070312
2024-12-10,660.584228515625
2024-12-11,662.1643676757812
2024-12-12,660.38671875
2024-12-13,653.8687133789062
2024-12-16,645.375732421875
2024-12-17,631.5003662109375
2024-12-18,625.1305541992188
2024-12-19,621.52587890625
2024-12-20,614.9092407226562
2024-12-23,626.2662963867188
2024-12-24,619.6495971679688
2024-12-26,620.9334106445312
2024-12-27,609.7244873046875
2024-12-30,593.6270751953125
2024-12-31,594.9603271484375
2025-01-01,585.5784912109375
2025-01-02,591.5532836914062
2025-01-03,583.8008422851562
2025-01-06,566.9627685546875
2025-01-07,577.2335205078125
2025-01-08,579.3568115234375
2025-01-09,581.9244995117188
2025-01-10,567.3084716796875
2025-01-13,556.741455078125
2025-01-14,583.553955078125
2025-01-15,584.1958618164062
2025-01-16,595.1084594726562
2025-01-17,609.3294677734375
2025-01-20,610.4651489257812
2025-01-21,607.304931640625
2025-01-22,605.8236083984375
2025-01-23,600.688232421875
2025-01-24,599.3550415039062
2025-01-27,579.6036376953125
2025-01-28,566.7158813476562
2025-01-29,576.8385009765625
2025-01-30,580.5418701171875
2025-01-31,586.91162109375
2025-02-01,579.1593017578125
2025-02-03,566.9133911132812
2025-02-04,576.6903076171875
2025-02-05,593.1333618164062
2025-02-06,588.04736328125
2025-02-07,599.8488159179688
2025-02-10,588.590576171875
2025-02-11,588.4423217773438
2025-02-12,591.4545288085938
2025-02-13,595.0097045898438
2025-02-14,598.6636962890625
2025-02-17,603.2559204101562
2025-02-18,603.8484497070312
2025-02-19,618.5137939453125
2025-02-20,630.8584594726562
2025-02-21,645.425048828125
2025-02-24,633.919921875
2025-02-25,611.7490234375
2025-02-27,624.0936279296875
2025-02-28,626.4637451171875
2025-03-03,628.6364135742188
2025-03-04,633.6730346679688
2025-03-05,649.1777954101562
2025-03-06,673.4720458984375
2025-03-07,682.755126953125
2025-03-10,680.58251953125
2025-03-11,686.853515625
2025-03-12,681.2738037109375
2025-03-13,668.92919921875
2025-03-17,672.2869262695312
2025-03-18,672.2869262695312
2025-03-19,689.8656005859375
2025-03-20,697.1736450195312
2025-03-21,686.7053833007812
2025-03-24,692.7789306640625
2025-03-25,684.8290405273438
2025-03-26,682.7057495117188
2025-03-27,684.730224609375
2025-03-28,673.9658203125
2025-04-01,655.498291015625
2025-04-02,652.97998046875
2025-04-03,644.5363159179688
2025-04-04,592.491455078125
2025-04-07,554.8157348632812
2025-04-08,561.2843017578125
2025-04-09,556.9884033203125
2025-04-11,592.8370361328125
2025-04-15,609.9219970703125
2025-04-16,602.3177490234375
2025-04-17,601.9227294921875
2025-04-21,614.267333984375
2025-04-22,612.3909301757812
2025-04-23,621.2789916992188
2025-04-24,620.538330078125
2025-04-25,614.3660278320312
2025-04-28,620.8346557617188
2025-04-29,614.8104248046875
2025-04-30,616.8843994140625
2025-05-02,622.66162109375
2025-05-05,625.525634765625
2025-05-06,622.2172241210938
2025-05-07,628.3895263671875
2025-05-08,612.4896850585938
2025-05-09,619.353271484375
2025-05-12,643.844970703125
2025-05-13,626.8588256835938
2025-05-14,642.4623413085938
2025-05-15,653.1280517578125
2025-05-16,649.3753051757812
2025-05-19,650.1653442382812
2025-05-20,654.5106811523438
2025-05-21,654.7576293945312
2025-05-22,641.4747314453125
2025-05-23,642.0179443359375
2025-05-26,653.2268676757812
2025-05-27,651.2517700195312
2025-05-28,641.8698120117188
2025-05-29,641.919189453125
2025-05-30,625.6243286132812
2025-06-02,623.254150390625
2025-06-03,624.1430053710938
2025-06-04,627.945068359375
2025-06-05,629.3276977539062
2025-06-06,642.0673217773438
2025-06-09,642.709228515625
2025-06-10,650.1653442382812
2025-06-11,647.0545654296875
2025-06-12,642.9561157226562
2025-06-13,633.8211059570312
2025-06-16,641.524169921875
2025-06-17,633.722412109375
2025-06-18,637.3270263671875
2025-06-19,633.376708984375
2025-06-20,641.0797729492188
2025-06-23,653.177490234375
2025-06-24,661.0780639648438
2025-06-25,664.28759765625
2025-06-26,682.0144653320312
2025-06-27,688.6805419921875
2025-06-30,684.2365112304688
2025-07-01,685.6685180664062
2025-07-02,689.6680908203125
2025-07-03,684.2365112304688
2025-07-04,690.7544555664062
2025-07-07,683.495849609375
2025-07-08,677.0765991210938
2025-07-09,665.5714721679688
2025-07-10,666.6577758789062
2025-07-11,662.6087646484375
2025-07-14,658.2140502929688
2025-07-15,662.5099487304688
2025-07-16,658.4609985351562
2025-07-17,666.1640014648438
2025-07-18,667.4972534179688
2025-07-21,674.2127075195312
2025-07-22,681.4713134765625
2025-07-23,686.7548217773438
2025-07-24,686.9522705078125
2025-07-25,684.8290405273438
2025-07-28,680.7799682617188
2025-07-29,684.08837890625
2025-07-30,680.23681640625
2025-07-31,674.5582885742188
2025-08-01,664.090087890625
2025-08-04,679.1505737304688
2025-08-05,678.5579833984375
2025-08-06,676.3359375
2025-08-07,678.2616577148438
2025-08-08,669.2586669921875
2025-08-11,669.3580932617188
2025-08-12,663.5882568359375
2025-08-13,696.8646240234375
2025-08-14,691.6419067382812
2025-08-18,710.44384765625
2025-08-19,703.032470703125
2025-08-20,697.2128295898438
2025-08-21,703.6293334960938
2025-08-22,700.5454711914062
2025-08-25,712.1349487304688
2025-08-26,702.0376586914062
2025-08-28,697.760009765625
2025-08-29,700.2967529296875
2025-09-01,715.865478515625
2025-09-02,717.2085571289062
2025-09-03,739.0943603515625
2025-09-04,735.214599609375
2025-09-05,739.93994140625
2025-09-08,734.9161376953125
2025-09-09,739.0446166992188
2025-09-10,739.2933349609375
2025-09-11,738.7958984375
2025-09-12,754.115966796875
2025-09-15,749.7388305664062
2025-09-16,752.0269165039062
2025-09-17,746.2072143554688
2025-09-18,746.2570190429688
2025-09-19,739.4425048828125
2025-09-22,741.830078125
2025-09-23,742.029052734375
2025-09-24,737.2041625976562
2025-09-25,741.7803344726562
2025-09-26,739.9896240234375
2025-09-29,749.8880004882812
2025-09-30,757.9957275390625
2025-10-01,761.9749755859375
2025-10-03,776.3002319335938
2025-10-06,772.669189453125
2025-10-07,763.8153686523438
2025-10-08,764.2133178710938
2025-10-09,770.0826416015625
2025-10-10,769.9334716796875
2025-10-13,766.2029418945312
2025-10-14,756.1553344726562
2025-10-15,760.2838134765625
2025-10-16,776.051513671875
2025-10-17,768.7894287109375
2025-10-20,782.2691040039062
2025-10-21,780.8764038085938
2025-10-23,788.2877197265625
2025-10-24,820.17138671875
2025-10-27,836.4862670898438
2025-10-28,844.5442504882812
2025-10-29,851.8063354492188
2025-10-30,856.8798828125
2025-10-31,843.449951171875
2025-11-03,842.8033447265625
2025-11-04,827.0853271484375
2025-11-06,784.3084716796875
2025-11-07,786.298095703125
2025-11-10,781.1251220703125
2025-11-11,789.6307373046875
2025-11-12,790.27734375
2025-11-13,807.7362670898438
2025-11-14,799.4793701171875
2025-11-17,802.961181640625
2025-11-18,793.0130615234375
2025-11-19,786.8452758789062
2025-11-20,795.6492919921875
2025-11-21,773.6640014648438
2025-11-24,770.6298828125
2025-11-25,785.2535400390625
2025-11-26,796.6441040039062
2025-11-27,803.3590698242188
2025-11-28,804.2047119140625
2025-12-01,806.5922241210938
2025-12-02,802.6627197265625
2025-12-03,812.0636596679688
2025-12-04,806.5922241210938
2025-12-05,818.9776000976562
2025-12-08,815.1973266601562
2025-12-09,808.6813354492188
2025-12-10,817.4854125976562
2025-12-11,820.0718994140625
2025-12-12,847.6778564453125
2025-12-15,843.449951171875
2025-12-16,832.8054809570312
2025-12-17,844.39501953125
2025-12-18,852.2540283203125
2025-12-19,847.5784301757812
2025-12-22,860.0632934570312
2025-12-23,859.3668823242188
2025-12-24,859.9638061523438
2025-12-26,868.3699951171875
2025-12-29,860.5109252929688
2025-12-30,879.5615844726562
2025-12-31,882.0983276367188
2026-01-01,890.3055419921875
2026-01-02,920.8959350585938
2026-01-05,926.8648071289062
2026-01-06,937.3600463867188
2026-01-07,933.5797729492188
2026-01-08,899.2588500976562
2026-01-09,896.2744140625
2026-01-12,915.374755859375
2026-01-13,931.44091796875
2026-01-14,950.3920288085938
2026-01-15,950.3920288085938
2026-01-16,929.7994995117188
2026-01-19,935.072021484375
2026-01-20,923.283447265625
2026-01-21,934.3258666992188
2026-01-22,939.5486450195312
2026-01-23,945.3682861328125
2026-01-27,956.8582763671875
2026-01-28,993.0197143554688
2026-01-29,1018.735595703125
2026-01-30,957.6044311523438
2026-02-02,925.6710205078125
2026-02-03,950.34228515625
2026-02-04,959.9422607421875
2026-02-05,930.5953369140625
2026-02-06,937.658447265625
2026-02-09,959.245849609375
2026-02-10,963.8717651367188
2026-02-11,960.9370727539062
2026-02-12,959.3951416015625
2026-02-13,904.2825927734375
2026-02-16,902.7406616210938
2026-02-17,885.4806518554688
2026-02-18,894.5831909179688
2026-02-19,900.9500122070312
2026-02-20,930.8440551757812
2026-02-23,911.4452514648438
2026-02-24,918.0607299804688
2026-02-25,932.5352172851562
2026-02-26,936.4149780273438
2026-02-27,919.901123046875
2026-03-02,935.1217041015625
2026-03-04,917.0161743164062
2026-03-05,949.994140625
2026-03-06,953.9236450195312
2026-03-09,940.4439086914062
2026-03-10,951.6355590820312
2026-03-11,954.12255859375
2026-03-12,964.7173461914062
2026-03-13,905.3271484375
2026-03-16,916.3695678710938
2026-03-17,931.7891235351562
2026-03-18,928.207763671875
2026-03-19,892.3945922851562
2026-03-20,869.7129516601562
2026-03-23,835.889404296875
2026-03-24,850.2146606445312
2026-03-25,864.1420288085938
2026-03-27,862.2021484375
2026-03-30,879.8600463867188
2026-04-01,899.9053955078125
2026-04-02,911.4949951171875
2026-04-06,922.6368408203125
2026-04-07,949.5464477539062
2026-04-08,946.8604736328125
2026-04-09,980.5348510742188
2026-04-10,986.9512939453125
2026-04-13,973.1732177734375
2026-04-15,1006.200927734375
2026-04-16,1034.5032958984375
2026-04-17,1033.60791015625
2026-04-20,1009.981201171875
2026-04-21,1016.3480224609375
2026-04-22,1034.5032958984375
2026-04-23,1035.9456787109375
2026-04-24,1042.909423828125
2026-04-27,1056.2896728515625
2026-04-28,1068.724853515625
2026-04-29,1061.6614990234375
2026-04-30,1032.6131591796875
2026-05-01,1032.6131591796875
2026-05-04,1037.2886962890625
2026-05-05,1049.2264404296875
2026-05-06,1040.3726806640625
2026-05-07,1050.22119140625
2026-05-08,1038.97998046875
2026-05-11,1018.1884155273438
2026-05-12,1035.9954833984375
2026-05-13,1067.531005859375
2026-05-14,1097.5743408203125
2026-05-15,1061.9600830078125
2026-05-18,1047.634765625
2026-05-19,1042.8597412109375
2026-05-20,1079.8665771484375
2026-05-21,1093.5950927734375
2026-05-22,1103.443603515625
2026-05-25,1093.8934326171875
2026-05-26,1098.0716552734375
2026-05-27,1143.7333984375
2026-05-28,1143.7333984375
2026-05-29,1120.852783203125
2026-06-01,1135.3770751953125
2026-06-02,1140.3511962890625
2026-06-03,1132.989501953125
2026-06-04,1119.758544921875
2026-06-05,1086.9298095703125
2026-06-08,1056.886474609375
2026-06-09,1071.1123046875
2026-06-10,1033.906494140625
2026-06-11,1018.9842529296875
2026-06-12,1016.2982177734375
2026-06-15,1008.6382446289062
2026-06-16,977.3016967773438
2026-06-17,1002.6693725585938
2026-06-18,1003.2662353515625
2026-06-19,1004.7584228515625
2026-06-22,1008.9366455078125
2026-06-23,981.6788330078125
2026-06-24,971.53173828125
2026-06-25,948.2532348632812
2026-06-26,948.2532348632812
2026-06-29,958.7982177734375
2026-06-30,951.6355590820312
2026-07-01,934.8233032226562
2026-07-02,944.2739868164062
2026-07-03,948.2532348632812
2026-07-06,975.3120727539062
2026-07-07,964.4686279296875
2026-07-08,966.6074829101562
2026-07-09,958.4500122070312
2026-07-10,967.4500122070312
2026-07-13,966.8499755859375
2026-07-14,974.2999877929688
2026-07-15,955.7999877929688
2026-07-16,959.2999877929688
2026-07-17,944.1500244140625
2026-07-20,947.7999877929688
2026-07-21,951.4000244140625
2026-07-22,950.0
2026-07-23,955.6500244140625
2026-07-24,942.7999877929688
2026-07-27,945.25
2026-07-28,936.4000244140625
2026-07-29,962.4500122070312
2026-07-30,970.4000244140625
2026-07-31,974.4500122070312
2026-08-03,994.9000244140625
2026-08-04,1020.0
2026-08-05,1040.0
2026-08-06,1027.0
2026-08-07,1059.5999755859375
2026-08-10,1054.050048828125
2026-08-11,1049.0999755859375
2026-08-12,1078.5
2026-08-13,1046.25
2026-08-14,1029.5
2026-08-17,1049.9000244140625
2026-08-18,1041.5999755859375
2026-08-19,1038.949951171875
2026-08-20,1029.8499755859375
2026-08-21,1034.0
2026-08-24,1058.5
2026-08-25,1051.050048828125
2026-08-26,1053.0
2026-08-27,1024.0
2026-08-28,1037.4000244140625
2026-08-31,1015.4500122070312
2026-09-01,1014.4000244140625
2026-09-02,1009.7000122070312
2026-09-03,1010.0
2026-09-04,1011.0
2026-09-07,1006.0
2026-09-08,1009.0
2026-09-09,1026.9000244140625
2026-09-10,1014.0
2026-09-11,981.5
2026-09-14,981.5
2026-09-15,958.7000122070312
2026-09-16,972.7000122070312
2026-09-18,986.5
2026-09-21,977.2000122070312
