Date,ITI
2002-07-01,36.849998474121094
2002-07-02,37.349998474121094
2002-07-03,37.29999923706055
2002-07-04,36.849998474121094
2002-07-05,36.29999923706055
2002-07-08,35.25
2002-07-09,35.25
2002-07-10,35.29999923706055
2002-07-11,34.5
2002-07-12,33.95000076293945
2002-07-15,32.04999923706055
2002-07-16,31.399999618530273
2002-07-17,30.399999618530273
2002-07-18,32.70000076293945
2002-07-19,31.950000762939453
2002-07-22,30.700000762939453
2002-07-23,30.899999618530273
2002-07-24,30.149999618530273
2002-07-25,29.700000762939453
2002-07-26,26.450000762939453
2002-07-29,23.049999237060547
2002-07-30,23.049999237060547
2002-07-31,22.649999618530273
2002-08-01,23.200000762939453
2002-08-02,24.049999237060547
2002-08-05,25.25
2002-08-06,26.25
2002-08-07,26.299999237060547
2002-08-08,24.299999237060547
2002-08-09,24.450000762939453
2002-08-12,25.0
2002-08-13,25.950000762939453
2002-08-14,25.450000762939453
2002-08-15,25.450000762939453
2002-08-16,25.399999618530273
2002-08-19,24.5
2002-08-20,24.200000762939453
2002-08-21,24.850000381469727
2002-08-22,24.049999237060547
2002-08-23,23.899999618530273
2002-08-26,23.600000381469727
2002-08-27,22.549999237060547
2002-08-28,22.200000762939453
2002-08-29,21.899999618530273
2002-08-30,22.299999237060547
2002-09-02,22.200000762939453
2002-09-03,22.149999618530273
2002-09-04,23.100000381469727
2002-09-05,23.350000381469727
2002-09-06,22.049999237060547
2002-09-09,19.149999618530273
2002-09-10,19.149999618530273
2002-09-11,20.0
2002-09-12,21.25
2002-09-13,20.75
2002-09-16,18.899999618530273
2002-09-17,19.5
2002-09-18,19.049999237060547
2002-09-19,18.649999618530273
2002-09-20,18.600000381469727
2002-09-23,18.299999237060547
2002-09-24,17.899999618530273
2002-09-25,17.649999618530273
2002-09-26,17.600000381469727
2002-09-27,18.350000381469727
2002-09-30,17.700000762939453
2002-10-01,17.200000762939453
2002-10-02,17.200000762939453
2002-10-03,17.75
2002-10-04,18.100000381469727
2002-10-07,21.75
2002-10-08,22.200000762939453
2002-10-09,21.549999237060547
2002-10-10,20.100000381469727
2002-10-11,20.850000381469727
2002-10-14,20.0
2002-10-15,20.0
2002-10-16,19.299999237060547
2002-10-17,20.399999618530273
2002-10-18,20.100000381469727
2002-10-21,19.799999237060547
2002-10-22,19.649999618530273
2002-10-23,19.549999237060547
2002-10-24,19.049999237060547
2002-10-25,19.049999237060547
2002-10-28,18.600000381469727
2002-10-29,19.200000762939453
2002-10-30,19.0
2002-10-31,18.700000762939453
2002-11-01,19.049999237060547
2002-11-04,19.0
2002-11-05,18.899999618530273
2002-11-06,18.899999618530273
2002-11-07,18.399999618530273
2002-11-08,18.399999618530273
2002-11-11,18.299999237060547
2002-11-12,18.200000762939453
2002-11-13,17.950000762939453
2002-11-14,17.899999618530273
2002-11-15,17.899999618530273
2002-11-18,18.049999237060547
2002-11-19,18.049999237060547
2002-11-20,18.049999237060547
2002-11-21,18.049999237060547
2002-11-22,18.0
2002-11-25,21.600000381469727
2002-11-26,22.649999618530273
2002-11-27,21.799999237060547
2002-11-28,22.350000381469727
2002-11-29,22.450000762939453
2002-12-02,24.450000762939453
2002-12-03,23.200000762939453
2002-12-04,22.649999618530273
2002-12-05,23.100000381469727
2002-12-06,25.450000762939453
2002-12-09,22.75
2002-12-10,23.049999237060547
2002-12-11,23.299999237060547
2002-12-12,22.600000381469727
2002-12-13,23.0
2002-12-16,23.299999237060547
2002-12-17,22.649999618530273
2002-12-18,22.75
2002-12-19,22.5
2002-12-20,22.649999618530273
2002-12-23,22.399999618530273
2002-12-24,22.299999237060547
2002-12-25,22.299999237060547
2002-12-26,22.850000381469727
2002-12-27,22.700000762939453
2002-12-30,22.0
2002-12-31,21.549999237060547
2003-01-01,22.049999237060547
2003-01-02,21.799999237060547
2003-01-03,21.350000381469727
2003-01-06,20.5
2003-01-07,20.25
2003-01-08,20.600000381469727
2003-01-09,20.649999618530273
2003-01-10,20.399999618530273
2003-01-13,19.700000762939453
2003-01-14,19.799999237060547
2003-01-15,19.549999237060547
2003-01-16,19.700000762939453
2003-01-17,20.0
2003-01-20,19.700000762939453
2003-01-21,20.100000381469727
2003-01-22,19.700000762939453
2003-01-23,19.399999618530273
2003-01-24,18.149999618530273
2003-01-27,18.25
2003-01-28,17.950000762939453
2003-01-29,17.950000762939453
2003-01-30,18.200000762939453
2003-01-31,17.899999618530273
2003-02-03,17.899999618530273
2003-02-04,18.100000381469727
2003-02-05,19.0
2003-02-06,18.850000381469727
2003-02-07,19.799999237060547
2003-02-10,19.0
2003-02-11,18.799999237060547
2003-02-12,18.450000762939453
2003-02-13,18.450000762939453
2003-02-14,18.200000762939453
2003-02-17,18.649999618530273
2003-02-18,18.700000762939453
2003-02-19,18.600000381469727
2003-02-20,18.549999237060547
2003-02-21,18.100000381469727
2003-02-24,18.75
2003-02-25,18.25
2003-02-26,18.200000762939453
2003-02-27,18.399999618530273
2003-02-28,18.0
2003-03-03,18.0
2003-03-04,17.700000762939453
2003-03-05,17.600000381469727
2003-03-06,17.299999237060547
2003-03-07,16.399999618530273
2003-03-10,15.550000190734863
2003-03-11,15.100000381469727
2003-03-12,15.25
2003-03-13,15.550000190734863
2003-03-14,15.550000190734863
2003-03-17,15.149999618530273
2003-03-18,15.149999618530273
2003-03-19,14.899999618530273
2003-03-20,15.149999618530273
2003-03-21,15.399999618530273
2003-03-24,15.199999809265137
2003-03-25,15.0
2003-03-26,14.75
2003-03-27,14.899999618530273
2003-03-28,14.850000381469727
2003-03-31,14.149999618530273
2003-04-01,14.300000190734863
2003-04-02,14.699999809265137
2003-04-03,15.350000381469727
2003-04-04,15.899999618530273
2003-04-07,16.899999618530273
2003-04-08,17.350000381469727
2003-04-09,17.5
2003-04-10,16.149999618530273
2003-04-11,16.200000762939453
2003-04-15,16.299999237060547
2003-04-16,16.549999237060547
2003-04-17,15.800000190734863
2003-04-18,15.800000190734863
2003-04-21,18.649999618530273
2003-04-22,18.100000381469727
2003-04-23,18.200000762939453
2003-04-24,17.700000762939453
2003-04-25,16.799999237060547
2003-04-28,16.950000762939453
2003-04-29,17.100000381469727
2003-04-30,16.149999618530273
2003-05-01,16.149999618530273
2003-05-02,15.25
2003-05-05,15.5
2003-05-06,15.699999809265137
2003-05-07,15.75
2003-05-08,15.600000381469727
2003-05-09,15.300000190734863
2003-05-12,15.25
2003-05-13,15.25
2003-05-14,15.399999618530273
2003-05-15,15.899999618530273
2003-05-16,16.700000762939453
2003-05-19,16.549999237060547
2003-05-20,16.149999618530273
2003-05-21,16.350000381469727
2003-05-22,17.600000381469727
2003-05-23,18.75
2003-05-26,22.5
2003-05-27,20.450000762939453
2003-05-28,20.25
2003-05-29,21.149999618530273
2003-05-30,22.100000381469727
2003-06-02,22.200000762939453
2003-06-03,21.600000381469727
2003-06-04,21.149999618530273
2003-06-05,20.5
2003-06-06,20.850000381469727
2003-06-09,20.899999618530273
2003-06-10,21.450000762939453
2003-06-11,21.799999237060547
2003-06-12,21.950000762939453
2003-06-13,21.299999237060547
2003-06-16,21.549999237060547
2003-06-17,21.399999618530273
2003-06-18,21.399999618530273
2003-06-19,20.950000762939453
2003-06-20,20.899999618530273
2003-06-23,20.899999618530273
2003-06-24,20.75
2003-06-25,22.299999237060547
2003-06-26,21.950000762939453
2003-06-27,21.600000381469727
2003-06-30,22.700000762939453
2003-07-01,22.299999237060547
2003-07-02,21.950000762939453
2003-07-03,22.0
2003-07-04,21.600000381469727
2003-07-07,24.799999237060547
2003-07-08,22.950000762939453
2003-07-09,22.200000762939453
2003-07-10,22.399999618530273
2003-07-11,22.350000381469727
2003-07-14,22.049999237060547
2003-07-15,20.950000762939453
2003-07-16,21.25
2003-07-17,20.350000381469727
2003-07-18,20.0
2003-07-21,18.799999237060547
2003-07-22,18.600000381469727
2003-07-23,18.850000381469727
2003-07-24,19.100000381469727
2003-07-25,18.600000381469727
2003-07-28,19.200000762939453
2003-07-29,19.149999618530273
2003-07-30,19.25
2003-07-31,19.149999618530273
2003-08-01,18.850000381469727
2003-08-04,18.149999618530273
2003-08-05,18.049999237060547
2003-08-06,18.799999237060547
2003-08-07,19.25
2003-08-08,20.850000381469727
2003-08-11,20.25
2003-08-12,19.950000762939453
2003-08-13,21.450000762939453
2003-08-14,21.649999618530273
2003-08-15,21.649999618530273
2003-08-18,23.899999618530273
2003-08-19,22.899999618530273
2003-08-20,22.700000762939453
2003-08-21,23.450000762939453
2003-08-22,23.100000381469727
2003-08-25,21.700000762939453
2003-08-26,22.549999237060547
2003-08-27,22.450000762939453
2003-08-28,22.5
2003-08-29,22.25
2003-09-01,22.0
2003-09-02,21.450000762939453
2003-09-03,21.049999237060547
2003-09-04,21.700000762939453
2003-09-05,21.549999237060547
2003-09-08,21.850000381469727
2003-09-09,21.700000762939453
2003-09-10,21.299999237060547
2003-09-11,21.25
2003-09-12,20.799999237060547
2003-09-15,19.25
2003-09-16,18.799999237060547
2003-09-17,18.0
2003-09-18,17.600000381469727
2003-09-19,17.399999618530273
2003-09-22,17.049999237060547
2003-09-23,16.899999618530273
2003-09-24,18.450000762939453
2003-09-25,17.850000381469727
2003-09-26,18.200000762939453
2003-09-29,18.700000762939453
2003-09-30,18.549999237060547
2003-10-01,18.600000381469727
2003-10-02,18.600000381469727
2003-10-03,18.350000381469727
2003-10-06,18.149999618530273
2003-10-07,18.200000762939453
2003-10-08,17.950000762939453
2003-10-09,19.200000762939453
2003-10-10,18.950000762939453
2003-10-13,18.5
2003-10-14,17.899999618530273
2003-10-15,17.799999237060547
2003-10-16,17.649999618530273
2003-10-17,18.100000381469727
2003-10-20,17.399999618530273
2003-10-21,17.100000381469727
2003-10-22,16.799999237060547
2003-10-23,16.700000762939453
2003-10-24,16.75
2003-10-27,16.899999618530273
2003-10-28,16.5
2003-10-29,16.200000762939453
2003-10-30,16.549999237060547
2003-10-31,16.549999237060547
2003-11-03,16.049999237060547
2003-11-04,15.649999618530273
2003-11-05,15.600000381469727
2003-11-06,16.5
2003-11-07,17.299999237060547
2003-11-10,17.100000381469727
2003-11-11,17.399999618530273
2003-11-12,18.399999618530273
2003-11-13,17.850000381469727
2003-11-14,16.649999618530273
2003-11-17,17.350000381469727
2003-11-18,17.100000381469727
2003-11-19,16.950000762939453
2003-11-20,16.5
2003-11-21,16.200000762939453
2003-11-24,16.399999618530273
2003-11-25,16.75
2003-11-26,16.75
2003-11-27,17.299999237060547
2003-11-28,17.299999237060547
2003-12-01,18.950000762939453
2003-12-02,18.350000381469727
2003-12-03,18.549999237060547
2003-12-04,18.75
2003-12-05,20.299999237060547
2003-12-08,21.350000381469727
2003-12-09,21.649999618530273
2003-12-10,20.5
2003-12-11,20.149999618530273
2003-12-12,20.0
2003-12-15,20.649999618530273
2003-12-16,19.850000381469727
2003-12-17,19.450000762939453
2003-12-18,20.100000381469727
2003-12-19,20.049999237060547
2003-12-22,22.049999237060547
2003-12-23,21.0
2003-12-24,21.75
2003-12-25,21.75
2003-12-26,25.0
2003-12-29,24.5
2003-12-30,22.799999237060547
2003-12-31,22.350000381469727
2004-01-01,23.350000381469727
2004-01-02,23.75
2004-01-05,27.700000762939453
2004-01-06,24.799999237060547
2004-01-07,24.149999618530273
2004-01-08,26.149999618530273
2004-01-09,24.450000762939453
2004-01-12,24.600000381469727
2004-01-13,24.100000381469727
2004-01-14,24.049999237060547
2004-01-15,23.549999237060547
2004-01-16,21.5
2004-01-19,21.549999237060547
2004-01-20,21.450000762939453
2004-01-21,19.149999618530273
2004-01-22,17.799999237060547
2004-01-23,19.25
2004-01-26,19.25
2004-01-27,20.200000762939453
2004-01-28,19.25
2004-01-29,19.5
2004-01-30,18.600000381469727
2004-02-02,18.600000381469727
2004-02-03,17.100000381469727
2004-02-04,17.25
2004-02-05,17.25
2004-02-06,17.399999618530273
2004-02-09,17.649999618530273
2004-02-10,17.649999618530273
2004-02-11,17.450000762939453
2004-02-12,17.5
2004-02-13,17.700000762939453
2004-02-16,18.149999618530273
2004-02-17,18.0
2004-02-18,18.049999237060547
2004-02-19,17.25
2004-02-20,17.100000381469727
2004-02-23,16.549999237060547
2004-02-24,16.799999237060547
2004-02-25,16.399999618530273
2004-02-26,16.350000381469727
2004-02-27,16.299999237060547
2004-03-01,16.149999618530273
2004-03-02,16.149999618530273
2004-03-03,16.25
2004-03-04,15.949999809265137
2004-03-05,16.549999237060547
2004-03-08,16.399999618530273
2004-03-09,16.100000381469727
2004-03-10,15.899999618530273
2004-03-11,15.800000190734863
2004-03-12,15.75
2004-03-15,15.75
2004-03-16,15.350000381469727
2004-03-17,15.600000381469727
2004-03-18,15.0
2004-03-19,14.75
2004-03-22,13.899999618530273
2004-03-23,13.050000190734863
2004-03-24,13.649999618530273
2004-03-25,14.199999809265137
2004-03-26,14.100000381469727
2004-03-29,13.850000381469727
2004-03-30,14.050000190734863
2004-03-31,14.149999618530273
2004-04-01,15.149999618530273
2004-04-02,15.800000190734863
2004-04-05,16.100000381469727
2004-04-06,15.649999618530273
2004-04-07,15.699999809265137
2004-04-08,15.550000190734863
2004-04-09,15.550000190734863
2004-04-12,15.850000381469727
2004-04-13,15.800000190734863
2004-04-14,15.800000190734863
2004-04-15,16.100000381469727
2004-04-16,16.299999237060547
2004-04-19,17.200000762939453
2004-04-20,17.25
2004-04-21,17.149999618530273
2004-04-22,17.450000762939453
2004-04-23,17.200000762939453
2004-04-27,15.800000190734863
2004-04-28,15.699999809265137
2004-04-29,16.299999237060547
2004-04-30,17.350000381469727
2004-05-03,16.25
2004-05-04,16.75
2004-05-05,16.75
2004-05-06,17.149999618530273
2004-05-07,17.299999237060547
2004-05-10,17.049999237060547
2004-05-11,16.0
2004-05-12,15.850000381469727
2004-05-13,15.199999809265137
2004-05-14,12.899999618530273
2004-05-17,11.300000190734863
2004-05-18,12.25
2004-05-19,13.300000190734863
2004-05-20,15.75
2004-05-21,14.850000381469727
2004-05-24,15.449999809265137
2004-05-25,16.25
2004-05-26,15.050000190734863
2004-05-27,15.050000190734863
2004-05-28,14.100000381469727
2004-05-31,13.399999618530273
2004-06-01,13.5
2004-06-02,13.550000190734863
2004-06-03,13.199999809265137
2004-06-04,13.25
2004-06-07,13.550000190734863
2004-06-08,13.399999618530273
2004-06-09,13.399999618530273
2004-06-10,13.699999809265137
2004-06-11,13.5
2004-06-14,12.800000190734863
2004-06-15,13.0
2004-06-16,12.850000381469727
2004-06-17,12.800000190734863
2004-06-18,12.75
2004-06-21,12.350000381469727
2004-06-22,12.25
2004-06-23,11.899999618530273
2004-06-24,11.800000190734863
2004-06-25,12.350000381469727
2004-06-28,12.350000381469727
2004-06-29,12.699999809265137
2004-06-30,12.949999809265137
2004-07-01,13.050000190734863
2004-07-02,12.850000381469727
2004-07-05,12.5
2004-07-06,12.350000381469727
2004-07-07,13.050000190734863
2004-07-08,15.699999809265137
2004-07-09,16.75
2004-07-12,15.649999618530273
2004-07-13,15.199999809265137
2004-07-14,15.350000381469727
2004-07-15,15.550000190734863
2004-07-16,15.449999809265137
2004-07-19,15.800000190734863
2004-07-20,15.5
2004-07-21,15.649999618530273
2004-07-22,15.550000190734863
2004-07-23,15.300000190734863
2004-07-26,15.300000190734863
2004-07-27,14.899999618530273
2004-07-28,14.800000190734863
2004-07-29,14.800000190734863
2004-07-30,16.0
2004-08-02,15.449999809265137
2004-08-03,15.25
2004-08-04,15.050000190734863
2004-08-05,15.149999618530273
2004-08-06,15.149999618530273
2004-08-09,15.149999618530273
2004-08-10,15.149999618530273
2004-08-11,14.649999618530273
2004-08-12,14.050000190734863
2004-08-13,14.149999618530273
2004-08-16,14.050000190734863
2004-08-17,13.899999618530273
2004-08-18,13.699999809265137
2004-08-19,13.899999618530273
2004-08-20,13.850000381469727
2004-08-23,13.850000381469727
2004-08-24,13.649999618530273
2004-08-25,13.75
2004-08-26,14.25
2004-08-27,14.350000381469727
2004-08-30,14.75
2004-08-31,14.949999809265137
2004-09-01,14.649999618530273
2004-09-02,14.800000190734863
2004-09-03,14.550000190734863
2004-09-06,14.649999618530273
2004-09-07,14.649999618530273
2004-09-08,14.850000381469727
2004-09-09,14.949999809265137
2004-09-10,14.699999809265137
2004-09-13,14.600000381469727
2004-09-14,14.550000190734863
2004-09-15,14.550000190734863
2004-09-16,15.550000190734863
2004-09-17,15.050000190734863
2004-09-20,14.800000190734863
2004-09-21,15.0
2004-09-22,15.0
2004-09-23,14.949999809265137
2004-09-24,15.399999618530273
2004-09-27,15.149999618530273
2004-09-28,15.600000381469727
2004-09-29,15.550000190734863
2004-09-30,15.399999618530273
2004-10-01,15.75
2004-10-04,16.049999237060547
2004-10-05,16.25
2004-10-06,16.049999237060547
2004-10-07,16.049999237060547
2004-10-08,15.850000381469727
2004-10-11,17.049999237060547
2004-10-12,18.950000762939453
2004-10-14,17.75
2004-10-15,17.549999237060547
2004-10-18,17.049999237060547
2004-10-19,16.899999618530273
2004-10-20,16.649999618530273
2004-10-21,16.350000381469727
2004-10-22,16.350000381469727
2004-10-25,16.0
2004-10-26,15.699999809265137
2004-10-27,15.75
2004-10-28,16.0
2004-10-29,16.700000762939453
2004-11-01,17.450000762939453
2004-11-02,17.5
2004-11-03,17.600000381469727
2004-11-04,17.200000762939453
2004-11-05,16.899999618530273
2004-11-08,16.950000762939453
2004-11-09,16.549999237060547
2004-11-10,16.350000381469727
2004-11-11,17.299999237060547
2004-11-12,18.149999618530273
2004-11-15,18.149999618530273
2004-11-16,18.850000381469727
2004-11-17,19.149999618530273
2004-11-18,21.200000762939453
2004-11-19,24.0
2004-11-22,26.049999237060547
2004-11-23,24.850000381469727
2004-11-24,24.600000381469727
2004-11-25,25.299999237060547
2004-11-26,25.299999237060547
2004-11-29,24.649999618530273
2004-11-30,22.299999237060547
2004-12-01,23.25
2004-12-02,22.700000762939453
2004-12-03,22.049999237060547
2004-12-06,22.450000762939453
2004-12-07,23.200000762939453
2004-12-08,23.100000381469727
2004-12-09,23.149999618530273
2004-12-10,22.799999237060547
2004-12-13,23.25
2004-12-14,23.399999618530273
2004-12-15,23.0
2004-12-16,27.600000381469727
2004-12-17,30.100000381469727
2004-12-20,28.200000762939453
2004-12-21,28.75
2004-12-22,27.950000762939453
2004-12-23,27.549999237060547
2004-12-24,27.450000762939453
2004-12-27,27.600000381469727
2004-12-28,30.350000381469727
2004-12-29,28.600000381469727
2004-12-30,28.049999237060547
2004-12-31,28.100000381469727
2005-01-03,29.649999618530273
2005-01-04,29.75
2005-01-05,27.299999237060547
2005-01-06,26.450000762939453
2005-01-07,26.799999237060547
2005-01-10,27.899999618530273
2005-01-11,26.299999237060547
2005-01-12,23.549999237060547
2005-01-13,24.700000762939453
2005-01-14,24.600000381469727
2005-01-17,23.600000381469727
2005-01-18,23.850000381469727
2005-01-19,23.399999618530273
2005-01-20,23.75
2005-01-24,23.200000762939453
2005-01-25,24.0
2005-01-27,24.25
2005-01-28,24.399999618530273
2005-01-31,24.049999237060547
2005-02-01,25.549999237060547
2005-02-02,26.75
2005-02-03,26.600000381469727
2005-02-04,26.149999618530273
2005-02-07,27.25
2005-02-08,27.049999237060547
2005-02-09,28.649999618530273
2005-02-10,27.649999618530273
2005-02-11,27.450000762939453
2005-02-14,26.5
2005-02-15,25.950000762939453
2005-02-16,25.600000381469727
2005-02-17,25.350000381469727
2005-02-18,26.350000381469727
2005-02-21,25.700000762939453
2005-02-22,26.700000762939453
2005-02-23,26.75
2005-02-24,29.350000381469727
2005-02-25,27.649999618530273
2005-02-28,27.0
2005-03-01,28.0
2005-03-02,27.399999618530273
2005-03-03,27.149999618530273
2005-03-04,26.700000762939453
2005-03-07,26.600000381469727
2005-03-08,26.25
2005-03-09,29.299999237060547
2005-03-10,32.900001525878906
2005-03-11,30.950000762939453
2005-03-14,29.25
2005-03-15,29.200000762939453
2005-03-16,27.5
2005-03-17,27.600000381469727
2005-03-18,27.299999237060547
2005-03-21,27.350000381469727
2005-03-22,25.799999237060547
2005-03-23,24.299999237060547
2005-03-24,24.049999237060547
2005-03-28,25.799999237060547
2005-03-29,23.799999237060547
2005-03-30,25.25
2005-03-31,25.399999618530273
2005-04-01,26.350000381469727
2005-04-04,26.899999618530273
2005-04-05,26.25
2005-04-06,26.600000381469727
2005-04-07,27.049999237060547
2005-04-08,27.100000381469727
2005-04-11,26.0
2005-04-12,25.899999618530273
2005-04-13,25.850000381469727
2005-04-15,25.149999618530273
2005-04-18,24.350000381469727
2005-04-19,24.549999237060547
2005-04-20,24.299999237060547
2005-04-21,24.600000381469727
2005-04-22,24.799999237060547
2005-04-25,26.200000762939453
2005-04-26,25.899999618530273
2005-04-27,25.149999618530273
2005-04-28,25.549999237060547
2005-04-29,28.700000762939453
2005-05-02,27.450000762939453
2005-05-03,26.549999237060547
2005-05-04,26.600000381469727
2005-05-05,26.649999618530273
2005-05-06,26.450000762939453
2005-05-09,26.799999237060547
2005-05-10,26.5
2005-05-11,26.450000762939453
2005-05-12,26.399999618530273
2005-05-13,26.299999237060547
2005-05-16,26.799999237060547
2005-05-17,26.399999618530273
2005-05-18,26.5
2005-05-19,26.299999237060547
2005-05-20,25.850000381469727
2005-05-23,26.600000381469727
2005-05-24,27.75
2005-05-25,27.899999618530273
2005-05-26,27.25
2005-05-27,26.950000762939453
2005-05-30,26.5
2005-05-31,26.850000381469727
2005-06-01,27.149999618530273
2005-06-02,26.850000381469727
2005-06-03,27.450000762939453
2005-06-06,28.549999237060547
2005-06-07,27.899999618530273
2005-06-08,27.950000762939453
2005-06-09,27.799999237060547
2005-06-10,27.549999237060547
2005-06-13,29.350000381469727
2005-06-14,28.399999618530273
2005-06-15,28.600000381469727
2005-06-16,28.100000381469727
2005-06-17,27.350000381469727
2005-06-20,26.450000762939453
2005-06-21,26.799999237060547
2005-06-22,26.450000762939453
2005-06-23,30.899999618530273
2005-06-24,30.549999237060547
2005-06-27,34.04999923706055
2005-06-28,32.900001525878906
2005-06-29,36.25
2005-06-30,35.599998474121094
2005-07-01,35.599998474121094
2005-07-04,36.650001525878906
2005-07-05,38.54999923706055
2005-07-06,41.150001525878906
2005-07-07,41.400001525878906
2005-07-08,44.75
2005-07-11,45.25
2005-07-12,43.349998474121094
2005-07-13,50.150001525878906
2005-07-14,58.099998474121094
2005-07-15,62.849998474121094
2005-07-18,81.5999984741211
2005-07-19,87.0999984741211
2005-07-20,79.80000305175781
2005-07-21,81.5999984741211
2005-07-22,80.25
2005-07-25,80.05000305175781
2005-07-26,72.5
2005-07-27,66.80000305175781
2005-07-28,66.80000305175781
2005-07-29,66.3499984741211
2005-08-01,70.80000305175781
2005-08-02,72.94999694824219
2005-08-03,72.55000305175781
2005-08-04,71.80000305175781
2005-08-05,69.4000015258789
2005-08-08,68.1500015258789
2005-08-09,72.0999984741211
2005-08-10,74.5
2005-08-11,78.55000305175781
2005-08-12,74.1500015258789
2005-08-16,73.6500015258789
2005-08-17,72.75
2005-08-18,71.0
2005-08-19,70.25
2005-08-22,68.5999984741211
2005-08-23,67.69999694824219
2005-08-24,66.0
2005-08-25,66.5
2005-08-26,66.19999694824219
2005-08-29,66.75
2005-08-30,69.8499984741211
2005-08-31,69.94999694824219
2005-09-01,68.1500015258789
2005-09-02,67.75
2005-09-05,66.9000015258789
2005-09-06,66.44999694824219
2005-09-08,66.25
2005-09-09,65.4000015258789
2005-09-12,66.44999694824219
2005-09-13,72.05000305175781
2005-09-14,71.5999984741211
2005-09-15,71.25
2005-09-16,71.1500015258789
2005-09-19,70.9000015258789
2005-09-20,68.25
2005-09-21,65.9000015258789
2005-09-22,58.849998474121094
2005-09-23,58.099998474121094
2005-09-26,63.650001525878906
2005-09-27,69.69999694824219
2005-09-28,70.4000015258789
2005-09-29,66.4000015258789
2005-09-30,63.900001525878906
2005-10-03,67.8499984741211
2005-10-04,68.44999694824219
2005-10-05,72.44999694824219
2005-10-06,70.94999694824219
2005-10-07,68.94999694824219
2005-10-10,68.69999694824219
2005-10-11,67.69999694824219
2005-10-13,66.0
2005-10-14,63.400001525878906
2005-10-17,62.150001525878906
2005-10-18,63.349998474121094
2005-10-19,60.150001525878906
2005-10-20,57.150001525878906
2005-10-21,57.349998474121094
2005-10-24,57.5
2005-10-25,56.75
2005-10-26,56.5
2005-10-27,53.75
2005-10-28,49.900001525878906
2005-10-31,50.349998474121094
2005-11-02,51.04999923706055
2005-11-04,51.04999923706055
2005-11-07,61.29999923706055
2005-11-08,67.1500015258789
2005-11-09,69.19999694824219
2005-11-10,69.55000305175781
2005-11-11,68.80000305175781
2005-11-14,68.1500015258789
2005-11-16,67.44999694824219
2005-11-17,68.0999984741211
2005-11-18,73.94999694824219
2005-11-21,73.05000305175781
2005-11-22,70.69999694824219
2005-11-23,72.9000015258789
2005-11-24,72.19999694824219
2005-11-25,70.44999694824219
2005-11-28,72.9000015258789
2005-11-29,72.0999984741211
2005-11-30,77.3499984741211
2005-12-01,78.69999694824219
2005-12-02,76.6500015258789
2005-12-05,74.0
2005-12-06,80.0999984741211
2005-12-07,79.05000305175781
2005-12-08,77.94999694824219
2005-12-09,77.55000305175781
2005-12-12,76.75
2005-12-13,78.80000305175781
2005-12-14,75.75
2005-12-15,74.0999984741211
2005-12-16,73.8499984741211
2005-12-19,75.19999694824219
2005-12-20,74.30000305175781
2005-12-21,74.5999984741211
2005-12-22,73.4000015258789
2005-12-23,72.3499984741211
2005-12-26,68.94999694824219
2005-12-27,71.55000305175781
2005-12-28,71.5
2005-12-29,78.6500015258789
2005-12-30,81.5999984741211
2006-01-02,81.0
2006-01-03,85.8499984741211
2006-01-04,85.4000015258789
2006-01-05,82.69999694824219
2006-01-06,81.55000305175781
2006-01-09,83.6500015258789
2006-01-10,83.30000305175781
2006-01-12,82.5999984741211
2006-01-13,81.5999984741211
2006-01-16,80.0999984741211
2006-01-17,76.5999984741211
2006-01-18,76.19999694824219
2006-01-19,77.25
2006-01-20,76.94999694824219
2006-01-23,76.8499984741211
2006-01-24,75.8499984741211
2006-01-25,74.30000305175781
2006-01-27,71.75
2006-01-30,70.0
2006-01-31,74.44999694824219
2006-02-01,71.5
2006-02-02,70.0999984741211
2006-02-03,70.5
2006-02-06,70.3499984741211
2006-02-07,71.55000305175781
2006-02-08,76.75
2006-02-10,74.55000305175781
2006-02-13,72.9000015258789
2006-02-14,73.0
2006-02-15,72.9000015258789
2006-02-16,72.1500015258789
2006-02-17,70.1500015258789
2006-02-20,69.75
2006-02-21,70.1500015258789
2006-02-22,70.25
2006-02-23,68.69999694824219
2006-02-24,70.0999984741211
2006-02-27,71.05000305175781
2006-02-28,70.55000305175781
2006-03-01,69.5999984741211
2006-03-02,71.1500015258789
2006-03-03,70.69999694824219
2006-03-06,69.94999694824219
2006-03-07,71.44999694824219
2006-03-08,72.5
2006-03-09,72.55000305175781
2006-03-10,72.6500015258789
2006-03-13,72.30000305175781
2006-03-14,70.30000305175781
2006-03-16,70.0999984741211
2006-03-17,68.69999694824219
2006-03-20,68.19999694824219
2006-03-21,68.6500015258789
2006-03-22,66.4000015258789
2006-03-23,66.30000305175781
2006-03-24,70.5999984741211
2006-03-27,70.05000305175781
2006-03-28,67.0
2006-03-29,68.25
2006-03-30,68.9000015258789
2006-03-31,68.25
2006-04-03,78.5999984741211
2006-04-04,76.69999694824219
2006-04-05,77.19999694824219
2006-04-07,72.5999984741211
2006-04-10,71.75
2006-04-12,70.3499984741211
2006-04-13,68.69999694824219
2006-04-17,69.5999984741211
2006-04-18,70.80000305175781
2006-04-19,68.4000015258789
2006-04-20,69.5999984741211
2006-04-21,69.1500015258789
2006-04-24,68.8499984741211
2006-04-25,67.44999694824219
2006-04-26,68.25
2006-04-27,69.0
2006-04-28,65.69999694824219
2006-05-02,65.9000015258789
2006-05-03,65.4000015258789
2006-05-04,66.1500015258789
2006-05-05,65.9000015258789
2006-05-08,65.6500015258789
2006-05-09,67.6500015258789
2006-05-10,69.3499984741211
2006-05-11,66.75
2006-05-12,65.8499984741211
2006-05-15,63.099998474121094
2006-05-16,61.099998474121094
2006-05-17,63.900001525878906
2006-05-18,56.900001525878906
2006-05-19,50.349998474121094
2006-05-22,42.650001525878906
2006-05-23,45.900001525878906
2006-05-24,47.599998474121094
2006-05-25,47.79999923706055
2006-05-26,49.54999923706055
2006-05-29,51.0
2006-05-30,49.599998474121094
2006-05-31,46.400001525878906
2006-06-01,43.04999923706055
2006-06-02,41.650001525878906
2006-06-05,41.25
2006-06-06,38.54999923706055
2006-06-07,33.79999923706055
2006-06-08,28.350000381469727
2006-06-09,32.0
2006-06-12,36.95000076293945
2006-06-13,34.04999923706055
2006-06-14,32.849998474121094
2006-06-15,34.75
2006-06-16,36.900001525878906
2006-06-19,36.5
2006-06-20,38.599998474121094
2006-06-21,39.79999923706055
2006-06-22,46.900001525878906
2006-06-23,52.099998474121094
2006-06-26,51.400001525878906
2006-06-27,49.25
2006-06-28,47.349998474121094
2006-06-29,48.95000076293945
2006-06-30,50.20000076293945
2006-07-03,49.70000076293945
2006-07-04,49.900001525878906
2006-07-05,49.04999923706055
2006-07-06,49.20000076293945
2006-07-07,47.29999923706055
2006-07-10,47.0
2006-07-11,46.29999923706055
2006-07-12,44.79999923706055
2006-07-13,44.75
2006-07-14,43.400001525878906
2006-07-17,41.75
2006-07-18,40.29999923706055
2006-07-19,40.150001525878906
2006-07-20,40.95000076293945
2006-07-21,38.70000076293945
2006-07-24,37.650001525878906
2006-07-25,38.599998474121094
2006-07-26,38.900001525878906
2006-07-27,38.849998474121094
2006-07-28,41.25
2006-07-31,40.75
2006-08-01,39.45000076293945
2006-08-02,40.849998474121094
2006-08-03,40.5
2006-08-04,39.70000076293945
2006-08-07,39.400001525878906
2006-08-08,40.75
2006-08-09,41.45000076293945
2006-08-10,41.650001525878906
2006-08-11,44.849998474121094
2006-08-14,44.5
2006-08-16,46.79999923706055
2006-08-17,45.29999923706055
2006-08-18,45.54999923706055
2006-08-21,44.900001525878906
2006-08-22,45.5
2006-08-23,44.75
2006-08-24,46.5
2006-08-25,46.54999923706055
2006-08-28,48.29999923706055
2006-08-29,47.29999923706055
2006-08-30,46.29999923706055
2006-08-31,45.75
2006-09-01,45.45000076293945
2006-09-04,45.5
2006-09-05,46.349998474121094
2006-09-06,47.70000076293945
2006-09-07,47.20000076293945
2006-09-08,53.79999923706055
2006-09-11,48.20000076293945
2006-09-12,50.650001525878906
2006-09-13,60.29999923706055
2006-09-14,63.5
2006-09-15,62.5
2006-09-18,62.599998474121094
2006-09-19,56.45000076293945
2006-09-20,55.849998474121094
2006-09-21,57.150001525878906
2006-09-22,55.650001525878906
2006-09-25,53.70000076293945
2006-09-26,52.849998474121094
2006-09-27,52.54999923706055
2006-09-28,53.95000076293945
2006-09-29,56.04999923706055
2006-10-03,59.849998474121094
2006-10-04,59.0
2006-10-05,60.0
2006-10-06,58.650001525878906
2006-10-09,62.70000076293945
2006-10-10,61.45000076293945
2006-10-11,58.95000076293945
2006-10-12,58.95000076293945
2006-10-13,59.0
2006-10-16,57.849998474121094
2006-10-17,56.849998474121094
2006-10-18,56.849998474121094
2006-10-19,56.0
2006-10-20,59.099998474121094
2006-10-23,57.0
2006-10-26,56.75
2006-10-27,56.95000076293945
2006-10-30,56.95000076293945
2006-10-31,55.650001525878906
2006-11-01,54.45000076293945
2006-11-02,55.04999923706055
2006-11-03,53.95000076293945
2006-11-06,53.400001525878906
2006-11-07,53.54999923706055
2006-11-08,52.20000076293945
2006-11-09,52.400001525878906
2006-11-10,53.599998474121094
2006-11-13,52.900001525878906
2006-11-14,52.099998474121094
2006-11-15,51.45000076293945
2006-11-16,50.150001525878906
2006-11-17,48.95000076293945
2006-11-20,47.54999923706055
2006-11-21,48.0
2006-11-22,51.45000076293945
2006-11-23,52.349998474121094
2006-11-24,51.0
2006-11-27,49.849998474121094
2006-11-28,50.150001525878906
2006-11-29,50.25
2006-11-30,49.099998474121094
2006-12-01,48.95000076293945
2006-12-04,48.54999923706055
2006-12-05,48.04999923706055
2006-12-06,48.0
2006-12-07,48.70000076293945
2006-12-08,47.70000076293945
2006-12-11,46.0
2006-12-12,41.400001525878906
2006-12-13,42.45000076293945
2006-12-14,45.0
2006-12-15,44.79999923706055
2006-12-18,44.349998474121094
2006-12-19,43.20000076293945
2006-12-20,42.54999923706055
2006-12-21,42.099998474121094
2006-12-22,44.0
2006-12-26,44.150001525878906
2006-12-27,45.099998474121094
2006-12-28,44.45000076293945
2006-12-29,44.400001525878906
2007-01-02,44.599998474121094
2007-01-03,45.150001525878906
2007-01-04,47.900001525878906
2007-01-05,46.95000076293945
2007-01-08,45.95000076293945
2007-01-09,45.900001525878906
2007-01-10,44.650001525878906
2007-01-11,45.900001525878906
2007-01-12,48.04999923706055
2007-01-15,47.95000076293945
2007-01-16,48.04999923706055
2007-01-17,51.400001525878906
2007-01-18,51.04999923706055
2007-01-19,51.349998474121094
2007-01-22,51.45000076293945
2007-01-23,48.95000076293945
2007-01-24,47.70000076293945
2007-01-25,47.95000076293945
2007-01-29,48.099998474121094
2007-01-31,46.95000076293945
2007-02-01,50.25
2007-02-02,48.650001525878906
2007-02-05,49.04999923706055
2007-02-06,49.45000076293945
2007-02-07,48.900001525878906
2007-02-08,51.75
2007-02-09,49.849998474121094
2007-02-12,46.29999923706055
2007-02-13,45.95000076293945
2007-02-14,45.5
2007-02-15,50.95000076293945
2007-02-19,50.70000076293945
2007-02-20,48.599998474121094
2007-02-21,49.04999923706055
2007-02-22,47.75
2007-02-23,45.79999923706055
2007-02-26,45.75
2007-02-27,46.29999923706055
2007-02-28,44.29999923706055
2007-03-01,44.599998474121094
2007-03-02,43.900001525878906
2007-03-05,39.400001525878906
2007-03-06,39.70000076293945
2007-03-07,38.29999923706055
2007-03-08,39.45000076293945
2007-03-09,39.25
2007-03-12,39.20000076293945
2007-03-13,39.849998474121094
2007-03-14,38.599998474121094
2007-03-15,39.20000076293945
2007-03-16,38.29999923706055
2007-03-19,38.25
2007-03-20,38.54999923706055
2007-03-21,38.45000076293945
2007-03-22,39.0
2007-03-23,39.04999923706055
2007-03-26,38.099998474121094
2007-03-28,37.150001525878906
2007-03-29,37.79999923706055
2007-03-30,37.900001525878906
2007-04-02,36.849998474121094
2007-04-03,37.0
2007-04-04,37.04999923706055
2007-04-05,37.099998474121094
2007-04-09,40.349998474121094
2007-04-10,45.45000076293945
2007-04-11,46.20000076293945
2007-04-12,44.650001525878906
2007-04-13,44.75
2007-04-16,47.0
2007-04-17,46.400001525878906
2007-04-18,45.650001525878906
2007-04-19,46.599998474121094
2007-04-20,50.099998474121094
2007-04-23,49.70000076293945
2007-04-24,47.70000076293945
2007-04-25,46.900001525878906
2007-04-26,45.45000076293945
2007-04-27,44.150001525878906
2007-04-30,45.29999923706055
2007-05-03,45.900001525878906
2007-05-04,45.599998474121094
2007-05-07,46.400001525878906
2007-05-08,45.900001525878906
2007-05-09,45.5
2007-05-10,45.25
2007-05-11,44.900001525878906
2007-05-14,44.79999923706055
2007-05-15,45.650001525878906
2007-05-16,46.04999923706055
2007-05-17,45.29999923706055
2007-05-18,45.70000076293945
2007-05-21,46.349998474121094
2007-05-22,46.400001525878906
2007-05-23,45.29999923706055
2007-05-24,44.849998474121094
2007-05-25,44.54999923706055
2007-05-28,44.099998474121094
2007-05-29,44.04999923706055
2007-05-30,43.599998474121094
2007-05-31,43.25
2007-06-01,48.54999923706055
2007-06-04,47.150001525878906
2007-06-05,46.45000076293945
2007-06-06,45.25
2007-06-07,45.29999923706055
2007-06-08,44.5
2007-06-11,44.79999923706055
2007-06-12,43.70000076293945
2007-06-13,43.900001525878906
2007-06-14,43.900001525878906
2007-06-15,43.650001525878906
2007-06-18,43.099998474121094
2007-06-19,43.849998474121094
2007-06-20,44.79999923706055
2007-06-21,44.45000076293945
2007-06-22,44.20000076293945
2007-06-25,44.5
2007-06-26,44.0
2007-06-27,43.95000076293945
2007-06-28,44.45000076293945
2007-06-29,44.54999923706055
2007-07-02,44.349998474121094
2007-07-03,44.599998474121094
2007-07-04,45.5
2007-07-05,44.75
2007-07-06,44.650001525878906
2007-07-09,44.650001525878906
2007-07-10,44.20000076293945
2007-07-11,44.849998474121094
2007-07-12,45.45000076293945
2007-07-13,45.79999923706055
2007-07-16,45.54999923706055
2007-07-17,44.5
2007-07-18,44.150001525878906
2007-07-19,44.849998474121094
2007-07-20,44.95000076293945
2007-07-23,44.400001525878906
2007-07-24,43.54999923706055
2007-07-25,42.70000076293945
2007-07-26,43.04999923706055
2007-07-27,41.400001525878906
2007-07-30,41.349998474121094
2007-07-31,42.900001525878906
2007-08-01,41.099998474121094
2007-08-02,40.650001525878906
2007-08-03,40.650001525878906
2007-08-06,40.0
2007-08-07,40.25
2007-08-08,41.0
2007-08-09,40.150001525878906
2007-08-10,38.95000076293945
2007-08-13,39.349998474121094
2007-08-14,39.5
2007-08-16,38.25
2007-08-17,37.75
2007-08-20,38.04999923706055
2007-08-21,36.79999923706055
2007-08-22,37.150001525878906
2007-08-23,36.5
2007-08-24,36.45000076293945
2007-08-27,37.45000076293945
2007-08-28,38.29999923706055
2007-08-29,38.79999923706055
2007-08-30,40.04999923706055
2007-08-31,40.349998474121094
2007-09-03,41.75
2007-09-04,41.75
2007-09-05,41.25
2007-09-06,41.099998474121094
2007-09-07,40.900001525878906
2007-09-10,42.849998474121094
2007-09-11,43.95000076293945
2007-09-12,43.79999923706055
2007-09-13,44.25
2007-09-14,43.20000076293945
2007-09-17,43.45000076293945
2007-09-18,45.20000076293945
2007-09-19,45.29999923706055
2007-09-20,44.20000076293945
2007-09-21,43.599998474121094
2007-09-24,43.54999923706055
2007-09-25,43.849998474121094
2007-09-26,52.650001525878906
2007-09-27,49.25
2007-09-28,49.45000076293945
2007-10-01,51.25
2007-10-03,50.70000076293945
2007-10-04,49.25
2007-10-05,46.900001525878906
2007-10-08,44.29999923706055
2007-10-09,45.349998474121094
2007-10-10,44.900001525878906
2007-10-11,45.400001525878906
2007-10-12,44.400001525878906
2007-10-15,45.400001525878906
2007-10-16,44.900001525878906
2007-10-17,43.150001525878906
2007-10-18,43.45000076293945
2007-10-19,41.20000076293945
2007-10-22,41.75
2007-10-23,42.79999923706055
2007-10-24,42.599998474121094
2007-10-25,42.45000076293945
2007-10-26,47.0
2007-10-29,46.45000076293945
2007-10-30,45.20000076293945
2007-10-31,44.75
2007-11-01,42.599998474121094
2007-11-02,43.04999923706055
2007-11-05,46.20000076293945
2007-11-06,55.099998474121094
2007-11-07,50.650001525878906
2007-11-08,52.04999923706055
2007-11-12,56.5
2007-11-13,59.25
2007-11-14,68.8499984741211
2007-11-15,64.9000015258789
2007-11-16,62.04999923706055
2007-11-19,63.25
2007-11-20,62.099998474121094
2007-11-21,55.95000076293945
2007-11-22,52.349998474121094
2007-11-23,53.70000076293945
2007-11-26,57.5
2007-11-27,55.099998474121094
2007-11-28,54.79999923706055
2007-11-29,53.400001525878906
2007-11-30,54.95000076293945
2007-12-03,57.150001525878906
2007-12-04,57.79999923706055
2007-12-05,61.099998474121094
2007-12-06,59.849998474121094
2007-12-07,58.45000076293945
2007-12-10,60.5
2007-12-11,59.349998474121094
2007-12-12,60.25
2007-12-13,62.29999923706055
2007-12-14,62.75
2007-12-17,58.54999923706055
2007-12-18,57.95000076293945
2007-12-19,58.099998474121094
2007-12-20,56.54999923706055
2007-12-24,57.54999923706055
2007-12-26,63.349998474121094
2007-12-27,65.4000015258789
2007-12-28,71.19999694824219
2007-12-31,75.1500015258789
2008-01-01,73.30000305175781
2008-01-02,77.0
2008-01-03,80.8499984741211
2008-01-04,84.9000015258789
2008-01-07,80.6500015258789
2008-01-08,76.6500015258789
2008-01-09,72.8499984741211
2008-01-10,69.25
2008-01-11,65.80000305175781
2008-01-14,69.0999984741211
2008-01-15,66.6500015258789
2008-01-16,63.95000076293945
2008-01-17,66.5999984741211
2008-01-18,63.29999923706055
2008-01-21,60.150001525878906
2008-01-22,57.150001525878906
2008-01-23,54.29999923706055
2008-01-24,51.599998474121094
2008-01-25,49.849998474121094
2008-01-28,47.599998474121094
2008-01-29,48.70000076293945
2008-01-30,46.45000076293945
2008-01-31,44.29999923706055
2008-02-01,42.900001525878906
2008-02-04,45.04999923706055
2008-02-05,47.29999923706055
2008-02-06,49.5
2008-02-07,47.25
2008-02-08,45.04999923706055
2008-02-11,42.79999923706055
2008-02-12,40.70000076293945
2008-02-13,38.849998474121094
2008-02-14,40.79999923706055
2008-02-15,42.849998474121094
2008-02-18,44.75
2008-02-19,44.75
2008-02-20,43.29999923706055
2008-02-21,43.599998474121094
2008-02-22,42.75
2008-02-25,41.20000076293945
2008-02-26,42.900001525878906
2008-02-27,43.54999923706055
2008-02-28,44.75
2008-02-29,42.95000076293945
2008-03-03,40.79999923706055
2008-03-04,38.849998474121094
2008-03-05,37.400001525878906
2008-03-07,35.54999923706055
2008-03-10,34.150001525878906
2008-03-11,37.599998474121094
2008-03-12,36.95000076293945
2008-03-13,34.650001525878906
2008-03-14,33.70000076293945
2008-03-17,32.20000076293945
2008-03-18,31.100000381469727
2008-03-19,30.850000381469727
2008-03-24,29.049999237060547
2008-03-25,31.299999237060547
2008-03-26,31.649999618530273
2008-03-27,33.29999923706055
2008-03-28,35.150001525878906
2008-03-31,33.95000076293945
2008-04-01,34.25
2008-04-02,34.25
2008-04-03,33.75
2008-04-04,32.04999923706055
2008-04-07,32.400001525878906
2008-04-08,33.04999923706055
2008-04-09,33.599998474121094
2008-04-10,33.599998474121094
2008-04-11,33.45000076293945
2008-04-15,35.0
2008-04-16,35.5
2008-04-17,38.79999923706055
2008-04-21,42.599998474121094
2008-04-22,41.79999923706055
2008-04-23,40.599998474121094
2008-04-24,40.349998474121094
2008-04-25,39.29999923706055
2008-04-28,39.20000076293945
2008-04-29,39.54999923706055
2008-04-30,39.79999923706055
2008-05-02,39.400001525878906
2008-05-05,39.849998474121094
2008-05-06,39.20000076293945
2008-05-07,38.70000076293945
2008-05-08,38.150001525878906
2008-05-09,38.75
2008-05-12,39.349998474121094
2008-05-13,39.95000076293945
2008-05-14,39.75
2008-05-15,39.70000076293945
2008-05-16,39.29999923706055
2008-05-20,38.75
2008-05-21,41.900001525878906
2008-05-22,40.25
2008-05-23,38.650001525878906
2008-05-26,37.70000076293945
2008-05-27,37.349998474121094
2008-05-28,36.849998474121094
2008-05-29,36.70000076293945
2008-05-30,35.75
2008-06-02,34.75
2008-06-03,33.650001525878906
2008-06-04,32.099998474121094
2008-06-05,31.299999237060547
2008-06-06,31.899999618530273
2008-06-09,30.399999618530273
2008-06-10,30.049999237060547
2008-06-11,31.200000762939453
2008-06-12,31.399999618530273
2008-06-13,32.099998474121094
2008-06-16,32.25
2008-06-17,32.79999923706055
2008-06-18,32.849998474121094
2008-06-19,31.75
2008-06-20,30.149999618530273
2008-06-23,28.700000762939453
2008-06-24,27.350000381469727
2008-06-25,28.350000381469727
2008-06-26,28.850000381469727
2008-06-27,27.549999237060547
2008-06-30,26.350000381469727
2008-07-01,24.200000762939453
2008-07-02,24.850000381469727
2008-07-03,23.399999618530273
2008-07-04,24.450000762939453
2008-07-07,28.299999237060547
2008-07-08,27.799999237060547
2008-07-09,29.149999618530273
2008-07-10,29.149999618530273
2008-07-11,28.350000381469727
2008-07-14,28.0
2008-07-15,26.350000381469727
2008-07-16,25.450000762939453
2008-07-17,25.950000762939453
2008-07-18,26.299999237060547
2008-07-21,26.149999618530273
2008-07-22,27.299999237060547
2008-07-23,31.700000762939453
2008-07-24,37.70000076293945
2008-07-25,38.29999923706055
2008-07-28,37.70000076293945
2008-07-29,35.5
2008-07-30,37.45000076293945
2008-07-31,37.0
2008-08-01,40.70000076293945
2008-08-04,40.150001525878906
2008-08-05,40.29999923706055
2008-08-06,40.54999923706055
2008-08-07,41.75
2008-08-08,42.150001525878906
2008-08-11,41.45000076293945
2008-08-12,40.70000076293945
2008-08-13,39.95000076293945
2008-08-14,37.79999923706055
2008-08-18,36.95000076293945
2008-08-19,35.79999923706055
2008-08-20,37.599998474121094
2008-08-21,36.20000076293945
2008-08-22,35.150001525878906
2008-08-25,34.599998474121094
2008-08-26,34.400001525878906
2008-08-27,33.900001525878906
2008-08-28,33.0
2008-08-29,33.900001525878906
2008-09-01,34.0
2008-09-02,35.5
2008-09-04,36.0
2008-09-05,34.599998474121094
2008-09-08,36.45000076293945
2008-09-09,35.79999923706055
2008-09-10,35.0
2008-09-11,33.54999923706055
2008-09-12,32.349998474121094
2008-09-15,31.399999618530273
2008-09-16,30.0
2008-09-17,29.5
2008-09-18,29.25
2008-09-19,30.0
2008-09-22,29.450000762939453
2008-09-23,29.649999618530273
2008-09-24,28.899999618530273
2008-09-25,28.600000381469727
2008-09-26,27.25
2008-09-29,26.350000381469727
2008-09-30,27.200000762939453
2008-10-01,26.100000381469727
2008-10-03,25.5
2008-10-06,24.100000381469727
2008-10-07,22.899999618530273
2008-10-08,21.799999237060547
2008-10-10,21.0
2008-10-13,20.450000762939453
2008-10-14,21.399999618530273
2008-10-15,20.5
2008-10-16,20.0
2008-10-17,18.899999618530273
2008-10-20,18.549999237060547
2008-10-21,18.649999618530273
2008-10-22,18.299999237060547
2008-10-23,18.25
2008-10-24,16.75
2008-10-27,15.949999809265137
2008-10-29,16.450000762939453
2008-10-31,16.850000381469727
2008-11-03,17.649999618530273
2008-11-04,17.75
2008-11-05,17.899999618530273
2008-11-06,17.25
2008-11-07,17.450000762939453
2008-11-10,18.049999237060547
2008-11-11,17.149999618530273
2008-11-12,16.75
2008-11-14,16.850000381469727
2008-11-17,16.299999237060547
2008-11-18,15.75
2008-11-19,15.100000381469727
2008-11-20,14.449999809265137
2008-11-21,14.949999809265137
2008-11-24,14.25
2008-11-25,14.699999809265137
2008-11-26,14.350000381469727
2008-11-27,14.350000381469727
2008-11-28,14.25
2008-12-01,13.949999809265137
2008-12-02,13.800000190734863
2008-12-03,14.100000381469727
2008-12-04,14.350000381469727
2008-12-05,13.800000190734863
2008-12-08,14.100000381469727
2008-12-10,13.75
2008-12-11,14.449999809265137
2008-12-12,15.199999809265137
2008-12-15,16.0
2008-12-16,16.799999237060547
2008-12-17,16.25
2008-12-18,16.25
2008-12-19,16.299999237060547
2008-12-22,16.25
2008-12-23,15.800000190734863
2008-12-24,15.399999618530273
2008-12-26,15.600000381469727
2008-12-29,15.5
2008-12-30,15.600000381469727
2008-12-31,15.800000190734863
2009-01-02,17.100000381469727
2009-01-05,17.350000381469727
2009-01-06,16.950000762939453
2009-01-07,15.600000381469727
2009-01-09,15.0
2009-01-12,14.899999618530273
2009-01-13,14.399999618530273
2009-01-14,14.550000190734863
2009-01-15,14.350000381469727
2009-01-16,14.699999809265137
2009-01-19,14.600000381469727
2009-01-20,14.800000190734863
2009-01-21,14.350000381469727
2009-01-22,14.149999618530273
2009-01-23,14.149999618530273
2009-01-27,14.25
2009-01-28,13.899999618530273
2009-01-29,15.300000190734863
2009-01-30,15.350000381469727
2009-02-02,14.800000190734863
2009-02-03,14.649999618530273
2009-02-04,14.899999618530273
2009-02-05,14.699999809265137
2009-02-06,14.949999809265137
2009-02-09,14.75
2009-02-10,14.949999809265137
2009-02-11,15.699999809265137
2009-02-12,17.299999237060547
2009-02-13,17.850000381469727
2009-02-16,16.5
2009-02-17,15.5
2009-02-18,17.049999237060547
2009-02-19,16.5
2009-02-20,15.75
2009-02-24,15.75
2009-02-25,15.850000381469727
2009-02-26,15.199999809265137
2009-02-27,15.199999809265137
2009-03-02,15.399999618530273
2009-03-03,14.600000381469727
2009-03-04,14.699999809265137
2009-03-05,13.949999809265137
2009-03-06,13.600000381469727
2009-03-09,13.350000381469727
2009-03-12,13.800000190734863
2009-03-13,13.850000381469727
2009-03-16,14.100000381469727
2009-03-17,14.199999809265137
2009-03-18,14.399999618530273
2009-03-19,14.300000190734863
2009-03-20,14.350000381469727
2009-03-23,15.949999809265137
2009-03-24,15.100000381469727
2009-03-25,16.049999237060547
2009-03-26,16.75
2009-03-27,16.799999237060547
2009-03-30,16.25
2009-03-31,16.200000762939453
2009-04-01,16.700000762939453
2009-04-02,16.950000762939453
2009-04-06,18.5
2009-04-08,20.149999618530273
2009-04-09,20.100000381469727
2009-04-13,24.149999618530273
2009-04-15,26.600000381469727
2009-04-16,23.950000762939453
2009-04-17,22.200000762939453
2009-04-20,22.25
2009-04-21,21.5
2009-04-22,20.700000762939453
2009-04-23,20.950000762939453
2009-04-24,20.75
2009-04-27,20.700000762939453
2009-04-28,19.399999618530273
2009-04-29,19.549999237060547
2009-04-30,19.700000762939453
2009-05-04,20.25
2009-05-05,20.5
2009-05-06,20.600000381469727
2009-05-07,22.700000762939453
2009-05-08,22.600000381469727
2009-05-11,21.399999618530273
2009-05-12,21.600000381469727
2009-05-13,22.600000381469727
2009-05-14,22.299999237060547
2009-05-15,24.649999618530273
2009-05-18,29.600000381469727
2009-05-19,33.150001525878906
2009-05-20,34.79999923706055
2009-05-21,35.0
2009-05-22,35.5
2009-05-25,39.04999923706055
2009-05-26,37.150001525878906
2009-05-27,40.900001525878906
2009-05-28,41.54999923706055
2009-05-29,43.400001525878906
2009-06-01,43.650001525878906
2009-06-02,42.25
2009-06-03,41.599998474121094
2009-06-04,43.25
2009-06-05,45.45000076293945
2009-06-08,44.20000076293945
2009-06-09,45.0
2009-06-10,42.349998474121094
2009-06-11,41.849998474121094
2009-06-12,41.54999923706055
2009-06-15,37.849998474121094
2009-06-16,41.54999923706055
2009-06-17,41.54999923706055
2009-06-18,37.45000076293945
2009-06-19,38.95000076293945
2009-06-22,36.54999923706055
2009-06-23,34.849998474121094
2009-06-24,37.04999923706055
2009-06-25,36.5
2009-06-26,38.04999923706055
2009-06-29,37.20000076293945
2009-06-30,35.79999923706055
2009-07-01,37.849998474121094
2009-07-02,41.54999923706055
2009-07-03,41.54999923706055
2009-07-06,39.70000076293945
2009-07-07,41.54999923706055
2009-07-08,41.54999923706055
2009-07-09,41.54999923706055
2009-07-10,37.95000076293945
2009-07-13,36.04999923706055
2009-07-14,34.599998474121094
2009-07-15,36.25
2009-07-16,41.54999923706055
2009-07-17,37.599998474121094
2009-07-20,38.099998474121094
2009-07-21,39.849998474121094
2009-07-22,38.29999923706055
2009-07-23,39.20000076293945
2009-07-24,38.75
2009-07-27,38.54999923706055
2009-07-28,38.599998474121094
2009-07-29,37.95000076293945
2009-07-30,38.20000076293945
2009-07-31,38.0
2009-08-03,37.5
2009-08-04,37.29999923706055
2009-08-05,39.20000076293945
2009-08-06,37.75
2009-08-07,36.75
2009-08-10,36.099998474121094
2009-08-11,34.650001525878906
2009-08-12,35.29999923706055
2009-08-13,36.79999923706055
2009-08-14,38.0
2009-08-17,36.0
2009-08-18,36.0
2009-08-19,36.0
2009-08-20,37.54999923706055
2009-08-21,37.45000076293945
2009-08-24,37.20000076293945
2009-08-25,37.099998474121094
2009-08-26,37.70000076293945
2009-08-27,37.400001525878906
2009-08-28,37.349998474121094
2009-08-31,39.20000076293945
2009-09-01,38.79999923706055
2009-09-02,37.849998474121094
2009-09-03,38.150001525878906
2009-09-04,37.95000076293945
2009-09-07,39.20000076293945
2009-09-08,40.150001525878906
2009-09-09,39.29999923706055
2009-09-10,38.29999923706055
2009-09-11,38.25
2009-09-14,42.099998474121094
2009-09-15,41.29999923706055
2009-09-16,41.20000076293945
2009-09-17,40.5
2009-09-18,40.400001525878906
2009-09-22,41.099998474121094
2009-09-23,41.0
2009-09-24,40.849998474121094
2009-09-25,41.29999923706055
2009-09-29,41.349998474121094
2009-09-30,45.349998474121094
2009-10-01,43.650001525878906
2009-10-05,41.70000076293945
2009-10-06,40.650001525878906
2009-10-07,40.29999923706055
2009-10-08,40.95000076293945
2009-10-09,41.75
2009-10-12,40.849998474121094
2009-10-13,40.70000076293945
2009-10-14,41.25
2009-10-15,40.70000076293945
2009-10-16,41.45000076293945
2009-10-20,41.45000076293945
2009-10-21,42.79999923706055
2009-10-22,41.849998474121094
2009-10-23,41.79999923706055
2009-10-26,40.54999923706055
2009-10-27,38.650001525878906
2009-10-28,38.150001525878906
2009-10-29,38.04999923706055
2009-10-30,38.900001525878906
2009-11-03,37.04999923706055
2009-11-04,37.650001525878906
2009-11-05,38.79999923706055
2009-11-06,42.70000076293945
2009-11-09,42.5
2009-11-10,49.04999923706055
2009-11-11,49.54999923706055
2009-11-12,47.29999923706055
2009-11-13,45.79999923706055
2009-11-16,45.54999923706055
2009-11-17,45.04999923706055
2009-11-18,44.900001525878906
2009-11-19,46.099998474121094
2009-11-20,44.79999923706055
2009-11-23,45.45000076293945
2009-11-24,44.400001525878906
2009-11-25,44.04999923706055
2009-11-26,42.75
2009-11-27,41.75
2009-11-30,42.5
2009-12-01,43.20000076293945
2009-12-02,43.099998474121094
2009-12-03,43.400001525878906
2009-12-04,43.650001525878906
2009-12-07,42.45000076293945
2009-12-08,42.900001525878906
2009-12-09,43.349998474121094
2009-12-10,43.099998474121094
2009-12-11,42.75
2009-12-14,42.25
2009-12-15,41.400001525878906
2009-12-16,42.349998474121094
2009-12-17,42.45000076293945
2009-12-18,42.70000076293945
2009-12-21,41.900001525878906
2009-12-22,44.849998474121094
2009-12-23,45.599998474121094
2009-12-24,50.70000076293945
2009-12-29,48.900001525878906
2009-12-30,49.29999923706055
2009-12-31,48.75
2010-01-04,48.849998474121094
2010-01-05,50.20000076293945
2010-01-06,49.29999923706055
2010-01-07,48.400001525878906
2010-01-08,48.70000076293945
2010-01-11,50.849998474121094
2010-01-12,50.70000076293945
2010-01-13,51.79999923706055
2010-01-14,51.95000076293945
2010-01-15,54.849998474121094
2010-01-18,57.04999923706055
2010-01-19,63.79999923706055
2010-01-20,59.349998474121094
2010-01-21,57.349998474121094
2010-01-22,59.150001525878906
2010-01-25,58.79999923706055
2010-01-27,53.54999923706055
2010-01-28,53.0
2010-01-29,54.04999923706055
2010-02-01,56.54999923706055
2010-02-02,54.5
2010-02-03,54.599998474121094
2010-02-04,53.95000076293945
2010-02-05,51.400001525878906
2010-02-08,52.400001525878906
2010-02-09,56.95000076293945
2010-02-10,58.599998474121094
2010-02-11,57.29999923706055
2010-02-15,55.54999923706055
2010-02-16,57.0
2010-02-17,55.650001525878906
2010-02-18,54.70000076293945
2010-02-19,53.45000076293945
2010-02-22,51.900001525878906
2010-02-23,51.45000076293945
2010-02-24,49.70000076293945
2010-02-25,49.75
2010-02-26,49.79999923706055
2010-03-02,50.599998474121094
2010-03-03,50.95000076293945
2010-03-04,52.54999923706055
2010-03-05,52.349998474121094
2010-03-08,52.25
2010-03-09,50.75
2010-03-10,50.849998474121094
2010-03-11,50.0
2010-03-12,48.95000076293945
2010-03-15,47.29999923706055
2010-03-16,47.400001525878906
2010-03-17,50.650001525878906
2010-03-18,50.099998474121094
2010-03-19,49.54999923706055
2010-03-22,48.400001525878906
2010-03-23,48.04999923706055
2010-03-25,47.45000076293945
2010-03-26,46.45000076293945
2010-03-29,45.45000076293945
2010-03-30,47.099998474121094
2010-03-31,46.54999923706055
2010-04-01,47.099998474121094
2010-04-05,48.0
2010-04-06,48.25
2010-04-07,47.95000076293945
2010-04-08,47.599998474121094
2010-04-09,47.95000076293945
2010-04-12,51.400001525878906
2010-04-13,50.70000076293945
2010-04-15,49.5
2010-04-16,48.70000076293945
2010-04-19,47.79999923706055
2010-04-20,49.95000076293945
2010-04-21,49.20000076293945
2010-04-22,48.79999923706055
2010-04-23,48.349998474121094
2010-04-26,48.79999923706055
2010-04-27,48.900001525878906
2010-04-28,47.599998474121094
2010-04-29,47.75
2010-04-30,47.54999923706055
2010-05-03,47.599998474121094
2010-05-04,46.54999923706055
2010-05-05,45.5
2010-05-06,47.150001525878906
2010-05-07,45.25
2010-05-10,45.95000076293945
2010-05-11,45.75
2010-05-12,45.349998474121094
2010-05-13,45.099998474121094
2010-05-14,44.400001525878906
2010-05-17,43.349998474121094
2010-05-18,43.5
2010-05-19,42.20000076293945
2010-05-20,41.45000076293945
2010-05-21,39.75
2010-05-24,40.04999923706055
2010-05-25,38.150001525878906
2010-05-26,38.75
2010-05-27,38.900001525878906
2010-05-28,40.75
2010-05-31,43.650001525878906
2010-06-01,41.79999923706055
2010-06-02,41.5
2010-06-03,41.849998474121094
2010-06-04,41.5
2010-06-07,40.45000076293945
2010-06-08,40.95000076293945
2010-06-09,41.150001525878906
2010-06-10,41.29999923706055
2010-06-11,41.349998474121094
2010-06-14,41.5
2010-06-15,42.25
2010-06-16,42.20000076293945
2010-06-17,41.75
2010-06-18,41.20000076293945
2010-06-21,41.349998474121094
2010-06-22,40.849998474121094
2010-06-23,40.75
2010-06-24,40.75
2010-06-25,40.95000076293945
2010-06-28,41.25
2010-06-29,40.599998474121094
2010-06-30,40.900001525878906
2010-07-01,40.75
2010-07-02,41.45000076293945
2010-07-05,41.20000076293945
2010-07-06,41.0
2010-07-07,41.0
2010-07-08,41.0
2010-07-09,41.20000076293945
2010-07-12,41.5
2010-07-13,41.25
2010-07-14,42.95000076293945
2010-07-15,43.099998474121094
2010-07-16,42.400001525878906
2010-07-19,42.95000076293945
2010-07-20,42.099998474121094
2010-07-21,41.54999923706055
2010-07-22,41.5
2010-07-23,41.099998474121094
2010-07-26,40.599998474121094
2010-07-27,40.599998474121094
2010-07-28,40.349998474121094
2010-07-29,40.04999923706055
2010-07-30,39.5
2010-08-02,41.650001525878906
2010-08-03,44.349998474121094
2010-08-04,43.75
2010-08-05,42.54999923706055
2010-08-06,41.70000076293945
2010-08-09,41.79999923706055
2010-08-10,40.95000076293945
2010-08-11,40.75
2010-08-12,40.70000076293945
2010-08-13,41.04999923706055
2010-08-16,40.29999923706055
2010-08-17,41.0
2010-08-18,40.79999923706055
2010-08-19,40.849998474121094
2010-08-20,41.650001525878906
2010-08-23,43.79999923706055
2010-08-24,43.04999923706055
2010-08-25,41.650001525878906
2010-08-26,42.54999923706055
2010-08-27,43.79999923706055
2010-08-30,44.650001525878906
2010-08-31,44.75
2010-09-01,46.25
2010-09-02,45.54999923706055
2010-09-03,46.400001525878906
2010-09-06,46.04999923706055
2010-09-07,45.5
2010-09-08,46.04999923706055
2010-09-09,45.349998474121094
2010-09-13,44.849998474121094
2010-09-14,47.5
2010-09-15,44.95000076293945
2010-09-16,44.29999923706055
2010-09-17,44.70000076293945
2010-09-20,44.400001525878906
2010-09-21,44.099998474121094
2010-09-22,43.20000076293945
2010-09-23,42.5
2010-09-24,42.79999923706055
2010-09-27,42.75
2010-09-28,42.5
2010-09-29,42.400001525878906
2010-09-30,42.099998474121094
2010-10-01,42.599998474121094
2010-10-04,42.5
2010-10-05,42.400001525878906
2010-10-06,45.75
2010-10-07,44.650001525878906
2010-10-08,43.900001525878906
2010-10-11,43.900001525878906
2010-10-12,43.04999923706055
2010-10-13,43.20000076293945
2010-10-14,43.45000076293945
2010-10-15,42.849998474121094
2010-10-18,42.45000076293945
2010-10-19,42.54999923706055
2010-10-20,42.099998474121094
2010-10-21,42.45000076293945
2010-10-22,42.04999923706055
2010-10-25,42.29999923706055
2010-10-26,42.150001525878906
2010-10-27,41.95000076293945
2010-10-28,42.54999923706055
2010-10-29,41.900001525878906
2010-11-01,42.29999923706055
2010-11-02,42.04999923706055
2010-11-03,42.900001525878906
2010-11-04,42.75
2010-11-08,44.849998474121094
2010-11-09,45.20000076293945
2010-11-10,46.70000076293945
2010-11-11,44.650001525878906
2010-11-12,43.04999923706055
2010-11-15,44.20000076293945
2010-11-16,44.349998474121094
2010-11-18,43.45000076293945
2010-11-19,41.79999923706055
2010-11-22,42.54999923706055
2010-11-23,41.5
2010-11-24,41.599998474121094
2010-11-25,40.5
2010-11-26,40.900001525878906
2010-11-29,38.54999923706055
2010-11-30,39.0
2010-12-01,41.95000076293945
2010-12-02,43.0
2010-12-03,42.25
2010-12-06,41.5
2010-12-07,40.849998474121094
2010-12-08,39.54999923706055
2010-12-09,37.599998474121094
2010-12-10,37.95000076293945
2010-12-13,38.650001525878906
2010-12-14,38.95000076293945
2010-12-15,38.75
2010-12-16,38.54999923706055
2010-12-20,39.349998474121094
2010-12-21,40.849998474121094
2010-12-22,39.95000076293945
2010-12-23,40.75
2010-12-24,40.54999923706055
2010-12-27,40.099998474121094
2010-12-28,40.650001525878906
2010-12-29,40.400001525878906
2010-12-30,41.400001525878906
2010-12-31,41.5
2011-01-03,41.70000076293945
2011-01-04,41.25
2011-01-05,40.95000076293945
2011-01-06,41.900001525878906
2011-01-07,41.79999923706055
2011-01-10,39.95000076293945
2011-01-11,39.599998474121094
2011-01-12,40.150001525878906
2011-01-13,39.650001525878906
2011-01-14,39.04999923706055
2011-01-17,38.150001525878906
2011-01-18,38.45000076293945
2011-01-19,39.04999923706055
2011-01-20,39.75
2011-01-21,39.900001525878906
2011-01-24,40.20000076293945
2011-01-25,39.5
2011-01-27,39.099998474121094
2011-01-28,37.150001525878906
2011-01-31,36.0
2011-02-01,36.20000076293945
2011-02-02,36.04999923706055
2011-02-03,35.95000076293945
2011-02-04,36.5
2011-02-07,37.54999923706055
2011-02-08,37.0
2011-02-09,32.79999923706055
2011-02-10,32.75
2011-02-11,32.79999923706055
2011-02-14,34.0
2011-02-15,35.400001525878906
2011-02-16,35.349998474121094
2011-02-17,35.400001525878906
2011-02-18,37.599998474121094
2011-02-21,36.599998474121094
2011-02-22,36.54999923706055
2011-02-23,36.900001525878906
2011-02-24,34.95000076293945
2011-02-25,34.20000076293945
2011-02-28,33.849998474121094
2011-03-01,34.400001525878906
2011-03-03,34.849998474121094
2011-03-04,34.29999923706055
2011-03-07,33.25
2011-03-08,33.650001525878906
2011-03-09,33.70000076293945
2011-03-10,34.20000076293945
2011-03-11,33.0
2011-03-14,32.900001525878906
2011-03-15,31.75
2011-03-16,32.25
2011-03-17,32.400001525878906
2011-03-18,31.75
2011-03-21,31.399999618530273
2011-03-22,31.899999618530273
2011-03-23,32.20000076293945
2011-03-24,32.29999923706055
2011-03-25,32.349998474121094
2011-03-28,32.04999923706055
2011-03-29,31.549999237060547
2011-03-30,32.0
2011-03-31,31.799999237060547
2011-04-01,32.900001525878906
2011-04-04,35.04999923706055
2011-04-05,35.04999923706055
2011-04-06,38.0
2011-04-07,36.79999923706055
2011-04-08,35.75
2011-04-11,35.54999923706055
2011-04-13,36.150001525878906
2011-04-15,38.599998474121094
2011-04-18,36.75
2011-04-19,36.54999923706055
2011-04-20,36.599998474121094
2011-04-21,36.400001525878906
2011-04-25,35.900001525878906
2011-04-26,35.54999923706055
2011-04-27,35.25
2011-04-28,35.150001525878906
2011-04-29,34.25
2011-05-02,34.75
2011-05-03,33.150001525878906
2011-05-04,32.79999923706055
2011-05-05,32.150001525878906
2011-05-06,32.75
2011-05-09,32.29999923706055
2011-05-10,32.5
2011-05-11,32.70000076293945
2011-05-12,32.150001525878906
2011-05-13,32.150001525878906
2011-05-16,32.29999923706055
2011-05-17,31.75
2011-05-18,31.5
2011-05-19,32.54999923706055
2011-05-20,32.25
2011-05-23,31.450000762939453
2011-05-24,31.200000762939453
2011-05-25,31.899999618530273
2011-05-26,33.900001525878906
2011-05-27,33.45000076293945
2011-05-30,33.099998474121094
2011-05-31,33.099998474121094
2011-06-01,34.400001525878906
2011-06-02,33.45000076293945
2011-06-03,32.79999923706055
2011-06-06,32.349998474121094
2011-06-07,32.5
2011-06-08,32.650001525878906
2011-06-09,32.400001525878906
2011-06-10,32.45000076293945
2011-06-13,32.29999923706055
2011-06-14,33.45000076293945
2011-06-15,33.349998474121094
2011-06-16,32.400001525878906
2011-06-17,32.0
2011-06-20,30.100000381469727
2011-06-21,30.149999618530273
2011-06-22,30.299999237060547
2011-06-23,29.549999237060547
2011-06-24,30.399999618530273
2011-06-27,30.200000762939453
2011-06-28,32.0
2011-06-29,31.299999237060547
2011-06-30,31.350000381469727
2011-07-01,31.399999618530273
2011-07-04,32.75
2011-07-05,33.0
2011-07-06,32.70000076293945
2011-07-07,32.650001525878906
2011-07-08,32.04999923706055
2011-07-11,31.649999618530273
2011-07-12,31.200000762939453
2011-07-13,31.600000381469727
2011-07-14,31.600000381469727
2011-07-15,31.649999618530273
2011-07-18,31.399999618530273
2011-07-19,31.600000381469727
2011-07-20,31.649999618530273
2011-07-21,31.399999618530273
2011-07-22,31.5
2011-07-25,31.850000381469727
2011-07-26,31.100000381469727
2011-07-27,30.799999237060547
2011-07-28,30.450000762939453
2011-07-29,30.299999237060547
2011-08-01,30.100000381469727
2011-08-02,29.25
2011-08-03,28.850000381469727
2011-08-04,29.200000762939453
2011-08-05,26.75
2011-08-08,25.049999237060547
2011-08-09,24.25
2011-08-10,27.0
2011-08-11,26.649999618530273
2011-08-12,26.450000762939453
2011-08-16,24.600000381469727
2011-08-17,24.25
2011-08-18,23.600000381469727
2011-08-19,22.850000381469727
2011-08-22,23.299999237060547
2011-08-23,24.149999618530273
2011-08-24,23.799999237060547
2011-08-25,23.5
2011-08-26,22.649999618530273
2011-08-29,23.350000381469727
2011-08-30,23.850000381469727
2011-09-02,23.75
2011-09-05,25.450000762939453
2011-09-06,25.649999618530273
2011-09-07,25.799999237060547
2011-09-08,25.799999237060547
2011-09-09,25.799999237060547
2011-09-12,24.25
2011-09-13,24.399999618530273
2011-09-14,24.25
2011-09-15,24.75
2011-09-16,24.600000381469727
2011-09-19,24.5
2011-09-20,24.75
2011-09-21,24.700000762939453
2011-09-22,23.75
2011-09-23,23.100000381469727
2011-09-26,22.600000381469727
2011-09-27,22.799999237060547
2011-09-28,22.5
2011-09-29,22.299999237060547
2011-09-30,21.850000381469727
2011-10-03,21.0
2011-10-04,20.5
2011-10-05,19.200000762939453
2011-10-07,19.950000762939453
2011-10-10,21.200000762939453
2011-10-11,23.700000762939453
2011-10-12,22.600000381469727
2011-10-13,22.75
2011-10-14,22.350000381469727
2011-10-17,22.450000762939453
2011-10-18,23.350000381469727
2011-10-19,23.049999237060547
2011-10-20,22.700000762939453
2011-10-21,22.600000381469727
2011-10-24,22.549999237060547
2011-10-25,22.799999237060547
2011-10-28,23.350000381469727
2011-10-31,23.299999237060547
2011-11-01,22.950000762939453
2011-11-02,23.700000762939453
2011-11-03,24.299999237060547
2011-11-04,23.799999237060547
2011-11-08,23.299999237060547
2011-11-09,22.600000381469727
2011-11-11,22.200000762939453
2011-11-14,21.75
2011-11-15,20.450000762939453
2011-11-16,20.100000381469727
2011-11-17,19.950000762939453
2011-11-18,19.149999618530273
2011-11-21,18.950000762939453
2011-11-22,18.950000762939453
2011-11-23,18.799999237060547
2011-11-24,18.399999618530273
2011-11-25,19.850000381469727
2011-11-28,20.100000381469727
2011-11-29,20.0
2011-11-30,19.799999237060547
2011-12-01,19.75
2011-12-02,20.399999618530273
2011-12-05,19.899999618530273
2011-12-07,20.100000381469727
2011-12-08,19.600000381469727
2011-12-09,18.850000381469727
2011-12-12,18.5
2011-12-13,18.149999618530273
2011-12-14,18.100000381469727
2011-12-15,17.450000762939453
2011-12-16,17.600000381469727
2011-12-19,16.950000762939453
2011-12-20,16.25
2011-12-21,16.450000762939453
2011-12-22,18.25
2011-12-23,18.700000762939453
2011-12-26,18.600000381469727
2011-12-27,18.299999237060547
2011-12-28,17.649999618530273
2011-12-29,17.399999618530273
2011-12-30,17.850000381469727
2012-01-02,18.0
2012-01-03,19.100000381469727
2012-01-04,20.549999237060547
2012-01-05,21.049999237060547
2012-01-06,20.399999618530273
2012-01-09,23.799999237060547
2012-01-10,23.75
2012-01-11,23.399999618530273
2012-01-12,23.649999618530273
2012-01-13,23.600000381469727
2012-01-16,23.299999237060547
2012-01-17,23.0
2012-01-18,21.899999618530273
2012-01-19,22.350000381469727
2012-01-20,22.049999237060547
2012-01-23,21.899999618530273
2012-01-24,21.850000381469727
2012-01-25,22.100000381469727
2012-01-27,22.149999618530273
2012-01-30,23.0
2012-01-31,23.399999618530273
2012-02-01,27.600000381469727
2012-02-02,29.600000381469727
2012-02-03,27.950000762939453
2012-02-06,27.850000381469727
2012-02-07,27.899999618530273
2012-02-08,29.350000381469727
2012-02-09,29.399999618530273
2012-02-10,28.399999618530273
2012-02-13,28.5
2012-02-14,28.399999618530273
2012-02-15,28.450000762939453
2012-02-16,28.200000762939453
2012-02-17,28.200000762939453
2012-02-21,29.600000381469727
2012-02-22,27.799999237060547
2012-02-23,27.200000762939453
2012-02-24,26.399999618530273
2012-02-27,24.299999237060547
2012-02-28,29.0
2012-02-29,28.149999618530273
2012-03-01,29.450000762939453
2012-03-02,28.450000762939453
2012-03-05,28.549999237060547
2012-03-06,27.200000762939453
2012-03-07,27.100000381469727
2012-03-09,27.850000381469727
2012-03-12,27.799999237060547
2012-03-13,28.049999237060547
2012-03-14,28.600000381469727
2012-03-15,29.600000381469727
2012-03-16,28.450000762939453
2012-03-19,26.950000762939453
2012-03-20,26.25
2012-03-21,26.399999618530273
2012-03-22,25.700000762939453
2012-03-23,25.350000381469727
2012-03-26,24.600000381469727
2012-03-27,24.600000381469727
2012-03-28,23.799999237060547
2012-03-29,23.299999237060547
2012-03-30,23.700000762939453
2012-04-02,24.450000762939453
2012-04-03,24.799999237060547
2012-04-04,24.899999618530273
2012-04-09,26.049999237060547
2012-04-10,25.850000381469727
2012-04-11,25.25
2012-04-12,25.299999237060547
2012-04-13,24.25
2012-04-16,24.75
2012-04-17,24.649999618530273
2012-04-18,24.700000762939453
2012-04-19,24.450000762939453
2012-04-20,24.200000762939453
2012-04-23,23.299999237060547
2012-04-24,22.799999237060547
2012-04-25,22.350000381469727
2012-04-26,22.299999237060547
2012-04-27,21.399999618530273
2012-04-30,22.399999618530273
2012-05-02,22.399999618530273
2012-05-03,21.850000381469727
2012-05-04,20.799999237060547
2012-05-07,20.700000762939453
2012-05-08,20.649999618530273
2012-05-09,20.399999618530273
2012-05-10,20.25
2012-05-11,20.0
2012-05-14,19.600000381469727
2012-05-15,19.950000762939453
2012-05-16,19.450000762939453
2012-05-17,19.350000381469727
2012-05-18,19.0
2012-05-21,19.399999618530273
2012-05-22,19.350000381469727
2012-05-23,19.200000762939453
2012-05-24,19.350000381469727
2012-05-25,19.350000381469727
2012-05-28,20.200000762939453
2012-05-29,20.200000762939453
2012-05-30,19.549999237060547
2012-05-31,19.700000762939453
2012-06-01,19.399999618530273
2012-06-04,19.25
2012-06-05,19.5
2012-06-06,19.899999618530273
2012-06-07,20.0
2012-06-08,19.75
2012-06-11,20.700000762939453
2012-06-12,20.75
2012-06-13,20.5
2012-06-14,22.25
2012-06-15,24.5
2012-06-18,23.049999237060547
2012-06-19,22.399999618530273
2012-06-20,22.450000762939453
2012-06-21,22.399999618530273
2012-06-22,21.850000381469727
2012-06-25,22.149999618530273
2012-06-26,22.0
2012-06-27,22.0
2012-06-28,23.850000381469727
2012-06-29,23.399999618530273
2012-07-02,23.399999618530273
2012-07-03,23.649999618530273
2012-07-04,23.600000381469727
2012-07-05,24.100000381469727
2012-07-06,23.799999237060547
2012-07-09,22.950000762939453
2012-07-10,25.100000381469727
2012-07-11,24.450000762939453
2012-07-12,24.100000381469727
2012-07-13,23.850000381469727
2012-07-16,23.25
2012-07-17,22.950000762939453
2012-07-18,22.700000762939453
2012-07-19,22.950000762939453
2012-07-20,23.25
2012-07-23,23.600000381469727
2012-07-24,23.149999618530273
2012-07-25,22.75
2012-07-26,22.200000762939453
2012-07-27,21.549999237060547
2012-07-30,21.850000381469727
2012-07-31,21.899999618530273
2012-08-01,22.100000381469727
2012-08-02,22.549999237060547
2012-08-03,22.200000762939453
2012-08-06,22.399999618530273
2012-08-07,22.350000381469727
2012-08-08,23.200000762939453
2012-08-09,22.5
2012-08-10,22.549999237060547
2012-08-13,22.850000381469727
2012-08-14,22.549999237060547
2012-08-16,22.799999237060547
2012-08-17,22.450000762939453
2012-08-21,22.899999618530273
2012-08-22,22.899999618530273
2012-08-23,23.950000762939453
2012-08-24,22.950000762939453
2012-08-27,22.850000381469727
2012-08-28,22.100000381469727
2012-08-29,21.450000762939453
2012-08-30,21.549999237060547
2012-08-31,21.600000381469727
2012-09-03,21.75
2012-09-04,21.649999618530273
2012-09-05,21.549999237060547
2012-09-06,21.700000762939453
2012-09-07,22.350000381469727
2012-09-10,23.25
2012-09-11,23.100000381469727
2012-09-12,23.100000381469727
2012-09-13,23.25
2012-09-14,23.25
2012-09-17,23.100000381469727
2012-09-18,23.450000762939453
2012-09-20,23.049999237060547
2012-09-21,23.25
2012-09-24,24.0
2012-09-25,24.450000762939453
2012-09-26,24.799999237060547
2012-09-27,24.25
2012-09-28,23.75
2012-10-01,23.799999237060547
2012-10-03,23.799999237060547
2012-10-04,25.5
2012-10-05,25.799999237060547
2012-10-08,24.700000762939453
2012-10-09,24.899999618530273
2012-10-10,23.799999237060547
2012-10-11,23.899999618530273
2012-10-12,23.600000381469727
2012-10-15,23.700000762939453
2012-10-16,23.649999618530273
2012-10-17,25.899999618530273
2012-10-18,24.899999618530273
2012-10-19,24.25
2012-10-22,23.850000381469727
2012-10-23,24.25
2012-10-25,24.25
2012-10-29,23.75
2012-10-30,23.299999237060547
2012-10-31,23.25
2012-11-01,23.700000762939453
2012-11-02,24.049999237060547
2012-11-05,23.75
2012-11-06,23.700000762939453
2012-11-07,23.700000762939453
2012-11-08,23.649999618530273
2012-11-09,23.450000762939453
2012-11-12,23.399999618530273
2012-11-15,23.200000762939453
2012-11-16,23.350000381469727
2012-11-19,23.350000381469727
2012-11-20,22.799999237060547
2012-11-21,22.75
2012-11-22,23.200000762939453
2012-11-23,22.649999618530273
2012-11-26,22.549999237060547
2012-11-27,22.899999618530273
2012-11-29,22.899999618530273
2012-11-30,23.200000762939453
2012-12-03,23.100000381469727
2012-12-04,23.200000762939453
2012-12-05,23.049999237060547
2012-12-06,23.25
2012-12-07,23.25
2012-12-10,22.950000762939453
2012-12-11,23.200000762939453
2012-12-12,22.850000381469727
2012-12-13,22.450000762939453
2012-12-14,22.450000762939453
2012-12-17,22.600000381469727
2012-12-18,22.549999237060547
2012-12-19,22.549999237060547
2012-12-20,22.549999237060547
2012-12-21,22.0
2012-12-24,22.25
2012-12-26,22.25
2012-12-27,22.100000381469727
2012-12-28,22.100000381469727
2012-12-31,22.350000381469727
2013-01-01,22.450000762939453
2013-01-02,22.649999618530273
2013-01-03,22.549999237060547
2013-01-04,22.75
2013-01-07,23.299999237060547
2013-01-08,24.0
2013-01-09,23.600000381469727
2013-01-10,23.950000762939453
2013-01-11,23.0
2013-01-14,23.200000762939453
2013-01-15,23.5
2013-01-16,23.049999237060547
2013-01-17,23.200000762939453
2013-01-18,22.899999618530273
2013-01-21,24.649999618530273
2013-01-22,23.799999237060547
2013-01-23,23.350000381469727
2013-01-24,22.549999237060547
2013-01-25,22.75
2013-01-28,22.75
2013-01-29,22.649999618530273
2013-01-30,22.649999618530273
2013-01-31,22.75
2013-02-01,22.649999618530273
2013-02-04,22.25
2013-02-05,22.200000762939453
2013-02-06,22.5
2013-02-07,22.350000381469727
2013-02-08,22.149999618530273
2013-02-11,23.049999237060547
2013-02-12,22.299999237060547
2013-02-13,22.25
2013-02-14,21.649999618530273
2013-02-15,21.450000762939453
2013-02-18,22.100000381469727
2013-02-19,22.549999237060547
2013-02-20,22.450000762939453
2013-02-21,22.200000762939453
2013-02-22,22.100000381469727
2013-02-25,21.299999237060547
2013-02-26,21.25
2013-02-27,21.450000762939453
2013-02-28,19.25
2013-03-01,19.0
2013-03-04,18.149999618530273
2013-03-05,18.450000762939453
2013-03-06,18.700000762939453
2013-03-07,18.649999618530273
2013-03-08,18.700000762939453
2013-03-11,18.700000762939453
2013-03-12,19.0
2013-03-13,18.549999237060547
2013-03-14,18.600000381469727
2013-03-15,18.5
2013-03-18,18.0
2013-03-19,17.25
2013-03-20,16.25
2013-03-21,16.299999237060547
2013-03-22,16.649999618530273
2013-03-25,16.350000381469727
2013-03-26,16.200000762939453
2013-03-28,16.0
2013-04-01,17.350000381469727
2013-04-02,17.75
2013-04-03,17.200000762939453
2013-04-04,17.0
2013-04-05,16.700000762939453
2013-04-08,16.75
2013-04-09,16.799999237060547
2013-04-10,17.049999237060547
2013-04-11,18.5
2013-04-12,18.0
2013-04-15,18.049999237060547
2013-04-16,18.299999237060547
2013-04-17,20.299999237060547
2013-04-18,20.299999237060547
2013-04-22,20.299999237060547
2013-04-23,19.299999237060547
2013-04-25,18.899999618530273
2013-04-26,18.299999237060547
2013-04-29,18.549999237060547
2013-04-30,18.200000762939453
2013-05-02,18.350000381469727
2013-05-03,18.149999618530273
2013-05-06,18.649999618530273
2013-05-07,19.100000381469727
2013-05-08,18.850000381469727
2013-05-09,19.350000381469727
2013-05-10,20.200000762939453
2013-05-13,19.049999237060547
2013-05-14,19.049999237060547
2013-05-15,19.0
2013-05-16,18.850000381469727
2013-05-17,18.850000381469727
2013-05-20,19.299999237060547
2013-05-21,18.799999237060547
2013-05-22,18.799999237060547
2013-05-23,18.049999237060547
2013-05-24,18.0
2013-05-27,17.899999618530273
2013-05-28,17.899999618530273
2013-05-29,17.549999237060547
2013-05-30,17.299999237060547
2013-05-31,16.950000762939453
2013-06-03,16.950000762939453
2013-06-04,16.850000381469727
2013-06-05,17.049999237060547
2013-06-06,17.299999237060547
2013-06-07,16.850000381469727
2013-06-10,16.0
2013-06-11,16.399999618530273
2013-06-12,16.5
2013-06-13,15.699999809265137
2013-06-14,15.75
2013-06-17,15.949999809265137
2013-06-18,16.049999237060547
2013-06-19,16.100000381469727
2013-06-20,15.75
2013-06-21,15.550000190734863
2013-06-24,15.899999618530273
2013-06-25,15.300000190734863
2013-06-26,15.100000381469727
2013-06-27,15.449999809265137
2013-06-28,17.200000762939453
2013-07-01,18.049999237060547
2013-07-02,17.350000381469727
2013-07-03,16.5
2013-07-04,17.049999237060547
2013-07-05,16.950000762939453
2013-07-08,16.950000762939453
2013-07-09,16.850000381469727
2013-07-10,16.850000381469727
2013-07-11,16.899999618530273
2013-07-12,16.75
2013-07-15,16.5
2013-07-16,16.350000381469727
2013-07-17,16.299999237060547
2013-07-18,16.149999618530273
2013-07-19,16.850000381469727
2013-07-22,16.350000381469727
2013-07-23,16.299999237060547
2013-07-24,15.899999618530273
2013-07-25,15.449999809265137
2013-07-26,15.300000190734863
2013-07-29,15.050000190734863
2013-07-30,14.850000381469727
2013-07-31,14.350000381469727
2013-08-01,14.149999618530273
2013-08-02,13.0
2013-08-05,12.699999809265137
2013-08-06,12.649999618530273
2013-08-07,13.100000381469727
2013-08-08,13.600000381469727
2013-08-12,14.300000190734863
2013-08-13,14.300000190734863
2013-08-14,14.399999618530273
2013-08-16,13.649999618530273
2013-08-19,13.300000190734863
2013-08-20,13.550000190734863
2013-08-21,13.050000190734863
2013-08-22,13.199999809265137
2013-08-23,13.050000190734863
2013-08-26,13.199999809265137
2013-08-27,12.850000381469727
2013-08-28,12.649999618530273
2013-08-29,12.800000190734863
2013-08-30,12.899999618530273
2013-09-02,12.949999809265137
2013-09-03,12.699999809265137
2013-09-04,12.899999618530273
2013-09-05,13.149999618530273
2013-09-06,13.75
2013-09-10,13.699999809265137
2013-09-11,13.600000381469727
2013-09-12,14.449999809265137
2013-09-13,14.100000381469727
2013-09-16,14.350000381469727
2013-09-17,14.050000190734863
2013-09-18,13.949999809265137
2013-09-19,15.350000381469727
2013-09-20,16.350000381469727
2013-09-23,15.699999809265137
2013-09-24,15.800000190734863
2013-09-25,15.350000381469727
2013-09-26,15.199999809265137
2013-09-27,14.949999809265137
2013-09-30,14.399999618530273
2013-10-01,14.25
2013-10-03,14.399999618530273
2013-10-04,14.399999618530273
2013-10-07,14.399999618530273
2013-10-08,14.75
2013-10-09,14.75
2013-10-10,15.899999618530273
2013-10-11,16.299999237060547
2013-10-14,15.649999618530273
2013-10-15,15.550000190734863
2013-10-17,16.75
2013-10-18,16.049999237060547
2013-10-21,16.0
2013-10-22,15.899999618530273
2013-10-23,16.799999237060547
2013-10-24,15.949999809265137
2013-10-25,15.75
2013-10-28,15.75
2013-10-29,15.600000381469727
2013-10-30,16.700000762939453
2013-10-31,16.549999237060547
2013-11-01,16.700000762939453
2013-11-05,16.5
2013-11-06,16.700000762939453
2013-11-07,16.700000762939453
2013-11-08,16.200000762939453
2013-11-11,15.850000381469727
2013-11-12,15.600000381469727
2013-11-13,15.25
2013-11-14,16.450000762939453
2013-11-18,16.350000381469727
2013-11-19,16.450000762939453
2013-11-20,16.299999237060547
2013-11-21,15.899999618530273
2013-11-22,15.899999618530273
2013-11-25,15.949999809265137
2013-11-26,15.75
2013-11-27,15.75
2013-11-28,15.75
2013-11-29,15.75
2013-12-02,16.100000381469727
2013-12-03,16.100000381469727
2013-12-04,16.0
2013-12-05,16.049999237060547
2013-12-06,16.149999618530273
2013-12-09,16.149999618530273
2013-12-10,15.800000190734863
2013-12-11,15.850000381469727
2013-12-12,15.800000190734863
2013-12-13,15.550000190734863
2013-12-16,15.399999618530273
2013-12-17,15.199999809265137
2013-12-18,15.399999618530273
2013-12-19,15.199999809265137
2013-12-20,15.399999618530273
2013-12-23,15.399999618530273
2013-12-24,15.550000190734863
2013-12-26,16.100000381469727
2013-12-27,15.75
2013-12-30,17.299999237060547
2013-12-31,16.649999618530273
2014-01-01,16.850000381469727
2014-01-02,15.850000381469727
2014-01-03,15.949999809265137
2014-01-06,16.0
2014-01-07,16.549999237060547
2014-01-08,16.5
2014-01-09,16.100000381469727
2014-01-10,16.0
2014-01-13,15.899999618530273
2014-01-14,15.800000190734863
2014-01-15,16.899999618530273
2014-01-16,16.350000381469727
2014-01-17,15.850000381469727
2014-01-20,16.049999237060547
2014-01-21,15.949999809265137
2014-01-22,15.949999809265137
2014-01-23,15.850000381469727
2014-01-24,15.5
2014-01-27,15.100000381469727
2014-01-28,15.25
2014-01-29,15.300000190734863
2014-01-30,15.149999618530273
2014-01-31,15.0
2014-02-03,14.899999618530273
2014-02-04,14.800000190734863
2014-02-05,15.149999618530273
2014-02-06,15.199999809265137
2014-02-07,15.149999618530273
2014-02-10,14.949999809265137
2014-02-11,14.949999809265137
2014-02-12,15.050000190734863
2014-02-13,16.25
2014-02-14,15.399999618530273
2014-02-17,15.149999618530273
2014-02-18,15.600000381469727
2014-02-19,16.0
2014-02-20,15.649999618530273
2014-02-21,15.550000190734863
2014-02-24,15.449999809265137
2014-02-25,15.350000381469727
2014-02-26,16.75
2014-02-28,17.149999618530273
2014-03-03,15.899999618530273
2014-03-04,16.850000381469727
2014-03-05,16.549999237060547
2014-03-06,16.25
2014-03-07,16.200000762939453
2014-03-10,16.149999618530273
2014-03-11,16.25
2014-03-12,15.949999809265137
2014-03-13,16.25
2014-03-14,16.25
2014-03-18,16.200000762939453
2014-03-19,16.200000762939453
2014-03-20,15.899999618530273
2014-03-21,16.350000381469727
2014-03-24,15.949999809265137
2014-03-25,15.850000381469727
2014-03-26,15.800000190734863
2014-03-27,15.75
2014-03-28,15.850000381469727
2014-03-31,15.949999809265137
2014-04-01,16.149999618530273
2014-04-02,16.399999618530273
2014-04-03,16.149999618530273
2014-04-04,16.450000762939453
2014-04-07,16.299999237060547
2014-04-09,16.600000381469727
2014-04-10,16.700000762939453
2014-04-11,16.950000762939453
2014-04-15,16.75
2014-04-16,16.299999237060547
2014-04-17,16.450000762939453
2014-04-21,16.450000762939453
2014-04-22,16.649999618530273
2014-04-23,16.75
2014-04-24,16.75
2014-04-25,16.700000762939453
2014-04-28,16.700000762939453
2014-04-29,16.600000381469727
2014-04-30,16.200000762939453
2014-05-02,16.100000381469727
2014-05-05,15.899999618530273
2014-05-06,15.899999618530273
2014-05-07,15.649999618530273
2014-05-08,15.550000190734863
2014-05-09,15.899999618530273
2014-05-12,16.299999237060547
2014-05-13,16.950000762939453
2014-05-14,18.049989700317383
2014-05-15,17.149999618530273
2014-05-16,17.149999618530273
2014-05-19,19.799999237060547
2014-05-20,20.950000762939453
2014-05-21,25.100000381469727
2014-05-22,24.200000762939453
2014-05-23,28.950000762939453
2014-05-26,29.450000762939453
2014-05-27,29.049999237060547
2014-05-28,28.549999237060547
2014-05-29,27.649999618530273
2014-05-30,27.25
2014-06-02,27.149999618530273
2014-06-03,27.299999237060547
2014-06-04,29.25
2014-06-05,28.5
2014-06-06,28.5
2014-06-09,29.0
2014-06-10,28.450000762939453
2014-06-11,28.700000762939453
2014-06-12,28.049999237060547
2014-06-13,25.25
2014-06-16,24.799999237060547
2014-06-17,27.149999618530273
2014-06-18,27.799999237060547
2014-06-19,27.649999618530273
2014-06-20,28.100000381469727
2014-06-23,27.700000762939453
2014-06-24,27.850000381469727
2014-06-25,28.25
2014-06-26,27.700000762939453
2014-06-27,27.450000762939453
2014-06-30,27.799999237060547
2014-07-01,30.549999237060547
2014-07-02,31.5
2014-07-03,31.700000762939453
2014-07-04,32.75
2014-07-07,39.150001525878906
2014-07-08,39.04999923706055
2014-07-09,39.900001525878906
2014-07-10,36.349998474121094
2014-07-11,30.450000762939453
2014-07-14,31.549999237060547
2014-07-15,32.5
2014-07-16,33.650001525878906
2014-07-17,33.75
2014-07-18,33.150001525878906
2014-07-21,33.75
2014-07-22,34.900001525878906
2014-07-23,34.099998474121094
2014-07-24,33.29999923706055
2014-07-25,31.549999237060547
2014-07-28,30.899999618530273
2014-07-30,30.350000381469727
2014-07-31,29.399999618530273
2014-08-01,29.299999237060547
2014-08-04,30.299999237060547
2014-08-05,31.299999237060547
2014-08-06,30.799999237060547
2014-08-07,30.25
2014-08-08,29.149999618530273
2014-08-11,29.399999618530273
2014-08-12,31.399999618530273
2014-08-13,29.850000381469727
2014-08-14,29.950000762939453
2014-08-18,31.0
2014-08-19,30.799999237060547
2014-08-20,29.899999618530273
2014-08-21,29.850000381469727
2014-08-22,29.950000762939453
2014-08-25,29.700000762939453
2014-08-26,28.850000381469727
2014-08-27,30.75
2014-08-28,29.799999237060547
2014-09-01,29.950000762939453
2014-09-02,30.0
2014-09-03,30.600000381469727
2014-09-04,31.899999618530273
2014-09-05,31.350000381469727
2014-09-08,30.899999618530273
2014-09-09,30.100000381469727
2014-09-10,30.25
2014-09-11,30.5
2014-09-12,29.149999618530273
2014-09-15,29.399999618530273
2014-09-16,28.0
2014-09-17,28.049999237060547
2014-09-18,28.350000381469727
2014-09-19,27.950000762939453
2014-09-22,29.850000381469727
2014-09-23,28.200000762939453
2014-09-24,27.75
2014-09-25,25.149999618530273
2014-09-26,25.899999618530273
2014-09-29,26.049999237060547
2014-09-30,26.700000762939453
2014-10-01,26.350000381469727
2014-10-07,25.200000762939453
2014-10-08,25.25
2014-10-09,25.549999237060547
2014-10-10,24.75
2014-10-13,24.950000762939453
2014-10-14,26.549999237060547
2014-10-15,26.549999237060547
2014-10-16,25.450000762939453
2014-10-17,25.700000762939453
2014-10-20,25.450000762939453
2014-10-21,25.5
2014-10-22,25.850000381469727
2014-10-27,29.25
2014-10-28,29.200000762939453
2014-10-29,29.350000381469727
2014-10-30,28.549999237060547
2014-10-31,29.049999237060547
2014-11-03,28.950000762939453
2014-11-05,29.299999237060547
2014-11-07,28.850000381469727
2014-11-10,29.350000381469727
2014-11-11,28.700000762939453
2014-11-12,28.950000762939453
2014-11-13,28.850000381469727
2014-11-14,29.049999237060547
2014-11-17,28.649999618530273
2014-11-18,28.950000762939453
2014-11-19,27.700000762939453
2014-11-20,27.350000381469727
2014-11-21,27.200000762939453
2014-11-24,26.950000762939453
2014-11-25,26.200000762939453
2014-11-26,26.950000762939453
2014-11-27,26.450000762939453
2014-11-28,28.200000762939453
2014-12-01,27.450000762939453
2014-12-02,27.549999237060547
2014-12-03,27.899999618530273
2014-12-04,29.149999618530273
2014-12-05,31.200000762939453
2014-12-08,33.29999923706055
2014-12-09,31.200000762939453
2014-12-10,31.5
2014-12-11,31.850000381469727
2014-12-12,29.799999237060547
2014-12-15,29.850000381469727
2014-12-16,27.649999618530273
2014-12-17,26.799999237060547
2014-12-18,27.450000762939453
2014-12-19,26.75
2014-12-22,27.149999618530273
2014-12-23,27.299999237060547
2014-12-24,27.850000381469727
2014-12-26,27.799999237060547
2014-12-29,27.899999618530273
2014-12-30,28.549999237060547
2014-12-31,28.549999237060547
2015-01-01,28.799999237060547
2015-01-02,29.25
2015-01-05,29.149999618530273
2015-01-06,29.649999618530273
2015-01-07,29.0
2015-01-08,31.100000381469727
2015-01-09,30.200000762939453
2015-01-12,30.75
2015-01-13,33.45000076293945
2015-01-14,36.70000076293945
2015-01-15,35.099998474121094
2015-01-16,34.349998474121094
2015-01-19,33.900001525878906
2015-01-20,32.349998474121094
2015-01-21,31.75
2015-01-22,31.899999618530273
2015-01-23,31.799999237060547
2015-01-27,31.149999618530273
2015-01-28,33.599998474121094
2015-01-29,34.70000076293945
2015-01-30,33.54999923706055
2015-02-02,34.45000076293945
2015-02-03,33.349998474121094
2015-02-04,33.599998474121094
2015-02-05,32.79999923706055
2015-02-06,31.899999618530273
2015-02-09,31.450000762939453
2015-02-10,31.450000762939453
2015-02-11,32.099998474121094
2015-02-12,32.5
2015-02-13,32.70000076293945
2015-02-16,31.549999237060547
2015-02-18,31.799999237060547
2015-02-19,32.75
2015-02-20,31.799999237060547
2015-02-23,31.100000381469727
2015-02-24,31.299999237060547
2015-02-25,31.149999618530273
2015-02-26,30.0
2015-02-27,31.399999618530273
2015-03-02,27.75
2015-03-03,28.25
2015-03-04,27.299999237060547
2015-03-05,27.049999237060547
2015-03-09,26.700000762939453
2015-03-10,26.399999618530273
2015-03-11,23.700000762939453
2015-03-12,24.350000381469727
2015-03-13,24.399999618530273
2015-03-16,24.149999618530273
2015-03-17,24.049999237060547
2015-03-18,26.399999618530273
2015-03-19,25.0
2015-03-20,23.700000762939453
2015-03-23,23.100000381469727
2015-03-24,22.899999618530273
2015-03-25,21.75
2015-03-26,20.549999237060547
2015-03-27,19.450000762939453
2015-03-30,20.549999237060547
2015-03-31,20.149999618530273
2015-04-01,21.75
2015-04-06,22.75
2015-04-07,23.799999237060547
2015-04-08,24.799999237060547
2015-04-09,24.200000762939453
2015-04-10,24.399999618530273
2015-04-13,24.450000762939453
2015-04-15,24.549999237060547
2015-04-16,23.899999618530273
2015-04-17,23.5
2015-04-20,23.649999618530273
2015-04-21,23.200000762939453
2015-04-22,22.850000381469727
2015-04-23,22.600000381469727
2015-04-24,21.899999618530273
2015-04-27,20.200000762939453
2015-04-28,20.75
2015-04-29,20.700000762939453
2015-04-30,20.799999237060547
2015-05-04,22.100000381469727
2015-05-05,21.899999618530273
2015-05-06,20.75
2015-05-07,20.25
2015-05-08,20.850000381469727
2015-05-11,20.950000762939453
2015-05-12,19.799999237060547
2015-05-13,20.399999618530273
2015-05-14,20.549999237060547
2015-05-15,20.350000381469727
2015-05-18,20.350000381469727
2015-05-19,20.549999237060547
2015-05-20,22.549999237060547
2015-05-21,21.299999237060547
2015-05-22,21.600000381469727
2015-05-25,21.0
2015-05-26,20.649999618530273
2015-05-27,20.600000381469727
2015-05-28,20.799999237060547
2015-05-29,20.649999618530273
2015-06-01,21.850000381469727
2015-06-02,20.950000762939453
2015-06-03,20.450000762939453
2015-06-04,20.299999237060547
2015-06-05,20.200000762939453
2015-06-08,19.850000381469727
2015-06-09,19.399999618530273
2015-06-10,19.850000381469727
2015-06-11,19.600000381469727
2015-06-12,19.549999237060547
2015-06-15,19.549999237060547
2015-06-16,19.549999237060547
2015-06-17,19.899999618530273
2015-06-18,20.700000762939453
2015-06-19,21.049999237060547
2015-06-22,20.549999237060547
2015-06-23,21.149999618530273
2015-06-24,23.25
2015-06-25,24.399999618530273
2015-06-26,22.200000762939453
2015-06-29,21.399999618530273
2015-06-30,21.75
2015-07-01,23.799999237060547
2015-07-02,23.75
2015-07-03,23.950000762939453
2015-07-06,23.549999237060547
2015-07-07,23.450000762939453
2015-07-08,22.75
2015-07-09,22.549999237060547
2015-07-10,22.450000762939453
2015-07-13,26.25
2015-07-14,26.899999618530273
2015-07-15,27.0
2015-07-16,26.149999618530273
2015-07-17,25.399999618530273
2015-07-20,28.700000762939453
2015-07-21,26.5
2015-07-22,26.899999618530273
2015-07-23,26.549999237060547
2015-07-24,25.899999618530273
2015-07-27,26.399999618530273
2015-07-28,25.899999618530273
2015-07-29,26.149999618530273
2015-07-30,25.850000381469727
2015-07-31,26.200000762939453
2015-08-03,28.549999237060547
2015-08-04,28.850000381469727
2015-08-05,29.049999237060547
2015-08-06,28.299999237060547
2015-08-07,28.0
2015-08-10,28.700000762939453
2015-08-11,31.25
2015-08-12,28.649999618530273
2015-08-13,27.850000381469727
2015-08-14,27.950000762939453
2015-08-17,27.549999237060547
2015-08-18,27.850000381469727
2015-08-19,27.75
2015-08-20,27.0
2015-08-21,26.399999618530273
2015-08-24,24.100000381469727
2015-08-25,23.049999237060547
2015-08-26,22.850000381469727
2015-08-27,24.0
2015-08-28,23.950000762939453
2015-08-31,23.75
2015-09-01,22.799999237060547
2015-09-02,23.100000381469727
2015-09-03,23.25
2015-09-04,22.0
2015-09-07,22.0
2015-09-08,22.399999618530273
2015-09-09,23.100000381469727
2015-09-10,22.600000381469727
2015-09-11,23.149999618530273
2015-09-14,23.299999237060547
2015-09-15,22.799999237060547
2015-09-16,23.399999618530273
2015-09-18,23.799999237060547
2015-09-21,25.299999237060547
2015-09-22,24.100000381469727
2015-09-23,24.049999237060547
2015-09-24,24.0
2015-09-28,23.950000762939453
2015-09-29,23.75
2015-09-30,23.799999237060547
2015-10-01,23.600000381469727
2015-10-05,24.0
2015-10-06,27.200000762939453
2015-10-07,28.299999237060547
2015-10-08,27.0
2015-10-09,26.5
2015-10-12,26.299999237060547
2015-10-13,27.850000381469727
2015-10-14,28.399999618530273
2015-10-15,28.649999618530273
2015-10-16,28.5
2015-10-19,28.75
2015-10-20,28.700000762939453
2015-10-21,28.549999237060547
2015-10-23,28.100000381469727
2015-10-26,27.899999618530273
2015-10-27,27.600000381469727
2015-10-28,27.25
2015-10-29,26.899999618530273
2015-10-30,26.700000762939453
2015-11-02,26.450000762939453
2015-11-03,28.100000381469727
2015-11-04,27.299999237060547
2015-11-05,26.200000762939453
2015-11-06,26.049999237060547
2015-11-09,26.5
2015-11-10,26.600000381469727
2015-11-13,26.049999237060547
2015-11-16,28.25
2015-11-17,27.899999618530273
2015-11-18,27.799999237060547
2015-11-19,28.049999237060547
2015-11-20,28.200000762939453
2015-11-23,28.299999237060547
2015-11-24,28.549999237060547
2015-11-26,29.850000381469727
2015-11-27,30.399999618530273
2015-11-30,30.799999237060547
2015-12-01,31.299999237060547
2015-12-02,31.700000762939453
2015-12-03,32.099998474121094
2015-12-04,31.399999618530273
2015-12-07,31.200000762939453
2015-12-08,29.649999618530273
2015-12-09,27.799999237060547
2015-12-10,28.299999237060547
2015-12-11,30.100000381469727
2015-12-14,29.899999618530273
2015-12-15,30.100000381469727
2015-12-16,29.700000762939453
2015-12-17,29.799999237060547
2015-12-18,29.450000762939453
2015-12-21,29.75
2015-12-22,30.450000762939453
2015-12-23,30.799999237060547
2015-12-24,30.799999237060547
2015-12-28,30.75
2015-12-29,31.200000762939453
2015-12-30,30.700000762939453
2015-12-31,30.600000381469727
2016-01-01,31.5
2016-01-04,31.100000381469727
2016-01-05,31.5
2016-01-06,31.899999618530273
2016-01-07,30.049999237060547
2016-01-08,30.600000381469727
2016-01-11,30.700000762939453
2016-01-12,30.149999618530273
2016-01-13,28.549999237060547
2016-01-14,27.799999237060547
2016-01-15,27.0
2016-01-18,25.600000381469727
2016-01-19,25.850000381469727
2016-01-20,25.0
2016-01-21,25.450000762939453
2016-01-22,26.149999618530273
2016-01-25,26.5
2016-01-27,26.5
2016-01-28,26.649999618530273
2016-01-29,27.149999618530273
2016-02-01,26.799999237060547
2016-02-02,25.850000381469727
2016-02-03,25.149999618530273
2016-02-04,25.25
2016-02-05,25.5
2016-02-08,25.799999237060547
2016-02-09,25.799999237060547
2016-02-10,27.149999618530273
2016-02-11,24.5
2016-02-12,23.600000381469727
2016-02-15,25.5
2016-02-16,25.0
2016-02-17,24.950000762939453
2016-02-18,24.649999618530273
2016-02-19,26.0
2016-02-22,25.350000381469727
2016-02-23,25.25
2016-02-24,23.75
2016-02-25,23.5
2016-02-26,23.600000381469727
2016-02-29,23.350000381469727
2016-03-01,23.200000762939453
2016-03-02,23.549999237060547
2016-03-03,24.700000762939453
2016-03-04,25.899999618530273
2016-03-08,25.700000762939453
2016-03-09,25.399999618530273
2016-03-10,24.75
2016-03-11,24.200000762939453
2016-03-14,23.700000762939453
2016-03-15,23.299999237060547
2016-03-16,23.350000381469727
2016-03-17,24.799999237060547
2016-03-18,24.950000762939453
2016-03-21,24.850000381469727
2016-03-22,24.649999618530273
2016-03-23,24.649999618530273
2016-03-28,23.700000762939453
2016-03-29,23.600000381469727
2016-03-30,24.100000381469727
2016-03-31,24.100000381469727
2016-04-01,24.299999237060547
2016-04-04,24.299999237060547
2016-04-05,23.950000762939453
2016-04-06,24.549999237060547
2016-04-07,25.649999618530273
2016-04-08,25.350000381469727
2016-04-11,25.350000381469727
2016-04-12,25.299999237060547
2016-04-13,25.549999237060547
2016-04-18,25.25
2016-04-20,25.350000381469727
2016-04-21,25.399999618530273
2016-04-22,25.299999237060547
2016-04-25,25.75
2016-04-26,25.850000381469727
2016-04-27,27.200000762939453
2016-04-28,25.950000762939453
2016-04-29,25.5
2016-05-02,25.5
2016-05-03,25.200000762939453
2016-05-04,24.549999237060547
2016-05-05,24.649999618530273
2016-05-06,26.799999237060547
2016-05-09,25.649999618530273
2016-05-10,25.850000381469727
2016-05-11,25.25
2016-05-12,25.350000381469727
2016-05-13,25.350000381469727
2016-05-16,25.049999237060547
2016-05-17,25.25
2016-05-18,25.049999237060547
2016-05-19,24.75
2016-05-20,24.299999237060547
2016-05-23,26.049999237060547
2016-05-24,26.600000381469727
2016-05-25,25.700000762939453
2016-05-26,25.350000381469727
2016-05-27,25.450000762939453
2016-05-30,26.049999237060547
2016-05-31,25.450000762939453
2016-06-01,30.5
2016-06-02,28.25
2016-06-03,27.600000381469727
2016-06-06,27.700000762939453
2016-06-07,27.350000381469727
2016-06-08,27.200000762939453
2016-06-09,28.899999618530273
2016-06-10,28.399999618530273
2016-06-13,27.899999618530273
2016-06-14,29.100000381469727
2016-06-15,28.950000762939453
2016-06-16,28.350000381469727
2016-06-17,27.950000762939453
2016-06-20,27.450000762939453
2016-06-21,27.450000762939453
2016-06-22,27.299999237060547
2016-06-23,27.75
2016-06-24,26.75
2016-06-27,27.149999618530273
2016-06-28,27.549999237060547
2016-06-29,28.450000762939453
2016-06-30,29.0
2016-07-01,28.850000381469727
2016-07-04,28.899999618530273
2016-07-05,28.899999618530273
2016-07-07,29.0
2016-07-08,28.600000381469727
2016-07-11,28.549999237060547
2016-07-12,28.850000381469727
2016-07-13,34.150001525878906
2016-07-14,32.849998474121094
2016-07-15,31.700000762939453
2016-07-18,30.700000762939453
2016-07-19,29.649999618530273
2016-07-20,29.799999237060547
2016-07-21,29.649999618530273
2016-07-22,29.549999237060547
2016-07-25,29.600000381469727
2016-07-26,28.950000762939453
2016-07-27,28.75
2016-07-28,28.799999237060547
2016-07-29,28.0
2016-08-01,27.799999237060547
2016-08-02,27.649999618530273
2016-08-03,27.149999618530273
2016-08-04,27.75
2016-08-05,27.700000762939453
2016-08-08,28.799999237060547
2016-08-09,29.799999237060547
2016-08-10,29.950000762939453
2016-08-11,29.149999618530273
2016-08-12,27.549999237060547
2016-08-16,28.5
2016-08-17,31.049999237060547
2016-08-18,30.299999237060547
2016-08-19,30.200000762939453
2016-08-22,30.200000762939453
2016-08-23,29.600000381469727
2016-08-24,30.149999618530273
2016-08-25,29.5
2016-08-26,29.25
2016-08-29,28.899999618530273
2016-08-30,29.450000762939453
2016-08-31,29.350000381469727
2016-09-01,29.049999237060547
2016-09-02,29.600000381469727
2016-09-06,29.399999618530273
2016-09-07,29.600000381469727
2016-09-08,29.799999237060547
2016-09-09,29.600000381469727
2016-09-12,28.700000762939453
2016-09-14,28.899999618530273
2016-09-15,28.799999237060547
2016-09-16,28.600000381469727
2016-09-19,28.549999237060547
2016-09-20,28.350000381469727
2016-09-21,28.5
2016-09-22,28.799999237060547
2016-09-23,28.5
2016-09-26,28.200000762939453
2016-09-27,29.299999237060547
2016-09-28,28.950000762939453
2016-09-29,26.5
2016-09-30,27.149999618530273
2016-10-03,27.450000762939453
2016-10-04,27.600000381469727
2016-10-05,27.75
2016-10-06,26.899999618530273
2016-10-07,27.100000381469727
2016-10-10,26.899999618530273
2016-10-13,26.600000381469727
2016-10-14,27.700000762939453
2016-10-17,27.0
2016-10-18,28.299999237060547
2016-10-19,29.700000762939453
2016-10-20,29.350000381469727
2016-10-21,30.100000381469727
2016-10-24,30.700000762939453
2016-10-25,30.200000762939453
2016-10-26,29.600000381469727
2016-10-27,31.0
2016-10-28,30.200000762939453
2016-11-01,33.70000076293945
2016-11-02,33.150001525878906
2016-11-03,32.150001525878906
2016-11-04,30.649999618530273
2016-11-07,31.350000381469727
2016-11-08,31.200000762939453
2016-11-09,30.049999237060547
2016-11-10,34.099998474121094
2016-11-11,32.70000076293945
2016-11-15,30.049999237060547
2016-11-16,29.899999618530273
2016-11-17,29.200000762939453
2016-11-18,29.100000381469727
2016-11-21,29.100000381469727
2016-11-22,28.950000762939453
2016-11-23,29.200000762939453
2016-11-24,29.600000381469727
2016-11-25,30.399999618530273
2016-11-28,31.5
2016-11-29,33.5
2016-11-30,34.04999923706055
2016-12-01,36.599998474121094
2016-12-02,36.099998474121094
2016-12-05,37.150001525878906
2016-12-06,36.79999923706055
2016-12-07,39.25
2016-12-08,41.5
2016-12-09,49.0
2016-12-12,52.79999923706055
2016-12-13,49.54999923706055
2016-12-14,45.849998474121094
2016-12-15,46.099998474121094
2016-12-16,44.75
2016-12-19,45.45000076293945
2016-12-20,44.29999923706055
2016-12-21,43.849998474121094
2016-12-22,42.099998474121094
2016-12-23,43.0
2016-12-26,43.45000076293945
2016-12-27,44.5
2016-12-28,43.70000076293945
2016-12-29,45.599998474121094
2016-12-30,44.95000076293945
2017-01-02,49.0
2017-01-03,49.04999923706055
2017-01-04,48.95000076293945
2017-01-05,48.70000076293945
2017-01-06,46.95000076293945
2017-01-09,50.95000076293945
2017-01-10,51.20000076293945
2017-01-11,50.400001525878906
2017-01-12,50.75
2017-01-13,50.04999923706055
2017-01-16,49.5
2017-01-17,51.29999923706055
2017-01-18,51.0
2017-01-19,50.349998474121094
2017-01-20,47.45000076293945
2017-01-23,48.29999923706055
2017-01-24,51.25
2017-01-25,51.70000076293945
2017-01-27,50.650001525878906
2017-01-30,51.599998474121094
2017-01-31,50.75
2017-02-01,48.849998474121094
2017-02-02,48.400001525878906
2017-02-03,49.150001525878906
2017-02-06,48.54999923706055
2017-02-07,48.70000076293945
2017-02-08,48.75
2017-02-09,49.650001525878906
2017-02-10,46.150001525878906
2017-02-13,43.95000076293945
2017-02-14,44.650001525878906
2017-02-15,43.400001525878906
2017-02-16,43.599998474121094
2017-02-17,43.29999923706055
2017-02-20,41.75
2017-02-21,43.599998474121094
2017-02-22,42.400001525878906
2017-02-23,41.54999923706055
2017-02-27,43.900001525878906
2017-02-28,43.45000076293945
2017-03-01,44.29999923706055
2017-03-02,43.04999923706055
2017-03-03,48.349998474121094
2017-03-06,46.900001525878906
2017-03-07,46.349998474121094
2017-03-08,50.650001525878906
2017-03-09,50.04999923706055
2017-03-10,49.25
2017-03-14,51.25
2017-03-15,51.400001525878906
2017-03-16,52.099998474121094
2017-03-17,52.54999923706055
2017-03-20,56.79999923706055
2017-03-21,56.04999923706055
2017-03-22,57.25
2017-03-23,68.69999694824219
2017-03-24,65.5999984741211
2017-03-27,67.94999694824219
2017-03-28,69.8499984741211
2017-03-29,69.69999694824219
2017-03-30,72.19999694824219
2017-03-31,71.25
2017-04-03,70.6500015258789
2017-04-05,69.55000305175781
2017-04-06,70.94999694824219
2017-04-07,70.25
2017-04-10,71.1500015258789
2017-04-11,70.75
2017-04-12,75.0999984741211
2017-04-13,81.1500015258789
2017-04-17,80.80000305175781
2017-04-18,74.75
2017-04-19,76.3499984741211
2017-04-20,77.80000305175781
2017-04-21,88.19999694824219
2017-04-24,104.25
2017-04-25,101.1500015258789
2017-04-26,109.3499984741211
2017-04-27,110.5
2017-04-28,115.1500015258789
2017-05-02,111.1500015258789
2017-05-03,105.80000305175781
2017-05-04,104.94999694824219
2017-05-05,107.4000015258789
2017-05-08,106.5999984741211
2017-05-09,108.0999984741211
2017-05-10,106.3499984741211
2017-05-11,106.5999984741211
2017-05-12,102.8499984741211
2017-05-15,102.25
2017-05-16,98.80000305175781
2017-05-17,94.0999984741211
2017-05-18,86.75
2017-05-19,87.9000015258789
2017-05-22,84.4000015258789
2017-05-23,77.05000305175781
2017-05-24,73.19999694824219
2017-05-25,72.44999694824219
2017-05-26,76.05000305175781
2017-05-29,77.6500015258789
2017-05-30,75.3499984741211
2017-05-31,74.44999694824219
2017-06-01,78.1500015258789
2017-06-02,80.6500015258789
2017-06-05,84.6500015258789
2017-06-06,84.6500015258789
2017-06-07,96.69999694824219
2017-06-08,99.94999694824219
2017-06-09,106.6500015258789
2017-06-12,106.19999694824219
2017-06-13,107.3499984741211
2017-06-14,103.05000305175781
2017-06-15,105.5
2017-06-16,101.3499984741211
2017-06-19,94.25
2017-06-20,92.80000305175781
2017-06-21,96.5999984741211
2017-06-22,93.19999694824219
2017-06-23,90.19999694824219
2017-06-27,86.4000015258789
2017-06-28,88.05000305175781
2017-06-29,88.9000015258789
2017-06-30,90.25
2017-07-03,91.1500015258789
2017-07-04,90.0999984741211
2017-07-05,99.0999984741211
2017-07-06,100.55000305175781
2017-07-07,99.25
2017-07-10,101.05000305175781
2017-07-11,97.69999694824219
2017-07-12,99.9000015258789
2017-07-13,97.6500015258789
2017-07-14,94.5
2017-07-17,93.19999694824219
2017-07-18,99.30000305175781
2017-07-19,98.4000015258789
2017-07-20,103.75
2017-07-21,102.55000305175781
2017-07-24,100.75
2017-07-25,103.44999694824219
2017-07-26,101.3499984741211
2017-07-27,99.1500015258789
2017-07-28,98.44999694824219
2017-07-31,98.75
2017-08-01,97.0999984741211
2017-08-02,96.1500015258789
2017-08-03,93.6500015258789
2017-08-04,94.6500015258789
2017-08-07,95.69999694824219
2017-08-08,93.9000015258789
2017-08-09,90.1500015258789
2017-08-10,77.05000305175781
2017-08-11,80.19999694824219
2017-08-14,85.4000015258789
2017-08-16,88.1500015258789
2017-08-17,87.5
2017-08-18,86.25
2017-08-21,86.3499984741211
2017-08-22,84.25
2017-08-23,88.94999694824219
2017-08-24,91.6500015258789
2017-08-28,91.6500015258789
2017-08-29,91.6500015258789
2017-08-30,98.5
2017-08-31,100.3499984741211
2017-09-01,101.9000015258789
2017-09-04,97.94999694824219
2017-09-05,103.9000015258789
2017-09-06,101.94999694824219
2017-09-07,101.8499984741211
2017-09-08,97.94999694824219
2017-09-11,99.8499984741211
2017-09-12,100.0
2017-09-13,94.69999694824219
2017-09-14,93.0
2017-09-15,91.80000305175781
2017-09-18,100.44999694824219
2017-09-19,107.0999984741211
2017-09-20,102.0
2017-09-21,122.4000015258789
2017-09-22,139.4499969482422
2017-09-25,132.35000610351562
2017-09-26,144.60000610351562
2017-09-27,150.5500030517578
2017-09-28,149.0
2017-09-29,137.1999969482422
2017-10-03,132.5500030517578
2017-10-04,140.10000610351562
2017-10-05,150.4499969482422
2017-10-06,152.39999389648438
2017-10-09,153.89999389648438
2017-10-10,155.8000030517578
2017-10-11,154.0
2017-10-12,154.5500030517578
2017-10-13,152.8000030517578
2017-10-16,151.10000610351562
2017-10-17,148.9499969482422
2017-10-18,146.39999389648438
2017-10-19,144.60000610351562
2017-10-23,149.5
2017-10-24,152.35000610351562
2017-10-25,157.0500030517578
2017-10-26,159.75
2017-10-27,155.6999969482422
2017-10-30,154.64999389648438
2017-10-31,152.39999389648438
2017-11-01,153.5500030517578
2017-11-02,151.9499969482422
2017-11-03,149.14999389648438
2017-11-06,158.64999389648438
2017-11-07,151.64999389648438
2017-11-08,146.14999389648438
2017-11-09,146.10000610351562
2017-11-10,143.35000610351562
2017-11-13,143.9499969482422
2017-11-14,145.0500030517578
2017-11-15,140.60000610351562
2017-11-16,143.0500030517578
2017-11-17,141.64999389648438
2017-11-20,141.85000610351562
2017-11-21,141.5
2017-11-22,143.4499969482422
2017-11-23,143.0500030517578
2017-11-24,142.25
2017-11-27,143.3000030517578
2017-11-28,144.75
2017-11-29,142.10000610351562
2017-11-30,141.8000030517578
2017-12-01,141.5
2017-12-04,141.0
2017-12-05,137.25
2017-12-06,133.4499969482422
2017-12-07,136.9499969482422
2017-12-08,136.75
2017-12-11,136.5500030517578
2017-12-12,134.1999969482422
2017-12-13,132.8000030517578
2017-12-14,130.60000610351562
2017-12-15,128.64999389648438
2017-12-18,126.8499984741211
2017-12-19,134.4499969482422
2017-12-20,144.5500030517578
2017-12-21,141.1999969482422
2017-12-22,138.9499969482422
2017-12-26,137.3000030517578
2017-12-27,137.14999389648438
2017-12-28,138.85000610351562
2017-12-29,137.5
2018-01-01,138.60000610351562
2018-01-02,144.8000030517578
2018-01-03,140.8000030517578
2018-01-04,140.5
2018-01-05,138.35000610351562
2018-01-08,140.5500030517578
2018-01-09,138.60000610351562
2018-01-10,137.4499969482422
2018-01-11,138.5
2018-01-12,136.4499969482422
2018-01-15,137.10000610351562
2018-01-16,132.25
2018-01-17,131.25
2018-01-18,128.10000610351562
2018-01-19,128.10000610351562
2018-01-22,128.5
2018-01-23,126.0999984741211
2018-01-24,121.25
2018-01-25,117.5999984741211
2018-01-29,113.1500015258789
2018-01-30,116.69999694824219
2018-01-31,118.80000305175781
2018-02-01,117.05000305175781
2018-02-02,108.44999694824219
2018-02-05,105.94999694824219
2018-02-06,98.3499984741211
2018-02-07,100.55000305175781
2018-02-08,104.25
2018-02-09,104.69999694824219
2018-02-12,117.69999694824219
2018-02-14,125.1500015258789
2018-02-15,118.8499984741211
2018-02-16,117.80000305175781
2018-02-19,123.8499984741211
2018-02-20,123.0999984741211
2018-02-21,125.05000305175781
2018-02-22,127.0
2018-02-23,125.69999694824219
2018-02-26,121.30000305175781
2018-02-27,117.9000015258789
2018-02-28,117.6500015258789
2018-03-01,120.44999694824219
2018-03-05,116.9000015258789
2018-03-06,112.55000305175781
2018-03-07,110.75
2018-03-08,114.19999694824219
2018-03-09,111.25
2018-03-12,111.30000305175781
2018-03-13,111.9000015258789
2018-03-14,111.5
2018-03-15,122.30000305175781
2018-03-16,116.69999694824219
2018-03-19,113.0
2018-03-20,113.05000305175781
2018-03-21,116.94999694824219
2018-03-22,118.6500015258789
2018-03-23,112.05000305175781
2018-03-26,112.30000305175781
2018-03-27,112.94999694824219
2018-03-28,113.25
2018-04-02,114.8499984741211
2018-04-03,119.0
2018-04-04,126.5999984741211
2018-04-05,127.44999694824219
2018-04-06,127.0999984741211
2018-04-09,127.6500015258789
2018-04-10,126.75
2018-04-11,125.55000305175781
2018-04-12,132.25
2018-04-13,128.39999389648438
2018-04-16,127.5999984741211
2018-04-17,127.69999694824219
2018-04-18,125.55000305175781
2018-04-19,125.75
2018-04-20,123.44999694824219
2018-04-23,125.55000305175781
2018-04-24,124.5
2018-04-25,122.5
2018-04-26,121.6500015258789
2018-04-27,121.3499984741211
2018-04-30,121.19999694824219
2018-05-02,120.4000015258789
2018-05-03,116.1500015258789
2018-05-04,114.6500015258789
2018-05-07,114.94999694824219
2018-05-08,114.19999694824219
2018-05-09,116.5
2018-05-10,112.75
2018-05-11,111.80000305175781
2018-05-14,107.05000305175781
2018-05-15,106.25
2018-05-16,106.1500015258789
2018-05-17,108.05000305175781
2018-05-18,108.05000305175781
2018-05-21,98.55000305175781
2018-05-22,96.75
2018-05-23,95.94999694824219
2018-05-24,93.3499984741211
2018-05-25,94.5999984741211
2018-05-28,95.80000305175781
2018-05-29,95.4000015258789
2018-05-30,93.69999694824219
2018-05-31,92.9000015258789
2018-06-01,86.19999694824219
2018-06-04,78.4000015258789
2018-06-05,75.19999694824219
2018-06-06,80.3499984741211
2018-06-07,85.5
2018-06-08,91.6500015258789
2018-06-11,93.3499984741211
2018-06-12,94.9000015258789
2018-06-13,97.1500015258789
2018-06-14,95.30000305175781
2018-06-15,91.94999694824219
2018-06-18,87.9000015258789
2018-06-19,83.75
2018-06-20,84.80000305175781
2018-06-21,83.6500015258789
2018-06-22,83.30000305175781
2018-06-25,82.3499984741211
2018-06-26,81.1500015258789
2018-06-27,77.0
2018-06-28,75.80000305175781
2018-06-29,79.8499984741211
2018-07-02,78.25
2018-07-03,77.44999694824219
2018-07-04,78.75
2018-07-05,77.19999694824219
2018-07-06,77.6500015258789
2018-07-09,81.0
2018-07-10,92.55000305175781
2018-07-11,96.4000015258789
2018-07-12,96.55000305175781
2018-07-13,91.80000305175781
2018-07-16,84.6500015258789
2018-07-17,85.8499984741211
2018-07-18,82.5
2018-07-19,80.1500015258789
2018-07-20,80.0
2018-07-23,82.19999694824219
2018-07-24,84.4000015258789
2018-07-25,86.4000015258789
2018-07-26,83.44999694824219
2018-07-27,90.8499984741211
2018-07-30,91.0999984741211
2018-07-31,90.69999694824219
2018-08-01,91.0999984741211
2018-08-02,89.05000305175781
2018-08-03,93.80000305175781
2018-08-06,93.05000305175781
2018-08-07,92.5999984741211
2018-08-08,91.3499984741211
2018-08-09,95.69999694824219
2018-08-10,93.3499984741211
2018-08-13,91.8499984741211
2018-08-14,87.5
2018-08-16,86.0999984741211
2018-08-17,86.75
2018-08-20,87.3499984741211
2018-08-21,86.5
2018-08-23,93.80000305175781
2018-08-24,90.3499984741211
2018-08-27,90.55000305175781
2018-08-28,91.75
2018-08-29,93.25
2018-08-30,111.75
2018-08-31,115.30000305175781
2018-09-03,111.6500015258789
2018-09-04,110.6500015258789
2018-09-05,106.6500015258789
2018-09-06,103.75
2018-09-07,102.05000305175781
2018-09-10,104.4000015258789
2018-09-11,104.55000305175781
2018-09-12,100.3499984741211
2018-09-14,101.25
2018-09-17,98.5999984741211
2018-09-18,97.5999984741211
2018-09-19,95.69999694824219
2018-09-21,89.05000305175781
2018-09-24,85.75
2018-09-25,85.94999694824219
2018-09-26,90.25
2018-09-27,86.8499984741211
2018-09-28,81.75
2018-10-01,80.8499984741211
2018-10-03,81.6500015258789
2018-10-04,79.6500015258789
2018-10-05,77.44999694824219
2018-10-08,73.75
2018-10-09,70.30000305175781
2018-10-10,79.4000015258789
2018-10-11,81.44999694824219
2018-10-12,83.44999694824219
2018-10-15,83.1500015258789
2018-10-16,83.1500015258789
2018-10-17,80.44999694824219
2018-10-19,80.19999694824219
2018-10-22,79.25
2018-10-23,77.9000015258789
2018-10-24,76.94999694824219
2018-10-25,75.5999984741211
2018-10-26,73.5999984741211
2018-10-29,75.69999694824219
2018-10-30,75.8499984741211
2018-10-31,78.5
2018-11-01,81.0
2018-11-02,80.80000305175781
2018-11-05,87.5
2018-11-06,88.55000305175781
2018-11-07,94.0999984741211
2018-11-09,101.3499984741211
2018-11-12,92.19999694824219
2018-11-13,90.44999694824219
2018-11-14,91.8499984741211
2018-11-15,89.75
2018-11-16,87.1500015258789
2018-11-19,86.9000015258789
2018-11-20,97.94999694824219
2018-11-21,101.80000305175781
2018-11-22,96.6500015258789
2018-11-26,94.0
2018-11-27,92.8499984741211
2018-11-28,90.55000305175781
2018-11-29,89.80000305175781
2018-11-30,94.8499984741211
2018-12-03,93.0
2018-12-04,92.0999984741211
2018-12-05,90.30000305175781
2018-12-06,87.6500015258789
2018-12-07,86.75
2018-12-10,91.19999694824219
2018-12-11,91.4000015258789
2018-12-12,92.80000305175781
2018-12-13,93.19999694824219
2018-12-14,92.80000305175781
2018-12-17,95.0999984741211
2018-12-18,94.25
2018-12-19,95.1500015258789
2018-12-20,94.05000305175781
2018-12-21,92.3499984741211
2018-12-24,90.5999984741211
2018-12-26,89.5999984741211
2018-12-27,91.8499984741211
2018-12-28,91.8499984741211
2018-12-31,93.80000305175781
2019-01-01,94.5999984741211
2019-01-02,93.4000015258789
2019-01-03,91.8499984741211
2019-01-04,92.80000305175781
2019-01-07,92.0999984741211
2019-01-08,91.75
2019-01-09,91.19999694824219
2019-01-10,93.05000305175781
2019-01-11,92.1500015258789
2019-01-14,91.0999984741211
2019-01-15,94.5
2019-01-16,111.80000305175781
2019-01-17,109.5999984741211
2019-01-18,104.19999694824219
2019-01-21,111.4000015258789
2019-01-22,105.1500015258789
2019-01-23,104.5999984741211
2019-01-24,102.8499984741211
2019-01-25,105.0
2019-01-28,99.75
2019-01-29,100.4000015258789
2019-01-30,100.69999694824219
2019-01-31,102.55000305175781
2019-02-01,99.55000305175781
2019-02-04,95.55000305175781
2019-02-05,91.5
2019-02-06,91.8499984741211
2019-02-07,91.6500015258789
2019-02-08,95.94999694824219
2019-02-11,95.80000305175781
2019-02-12,92.69999694824219
2019-02-14,91.9000015258789
2019-02-15,89.80000305175781
2019-02-18,89.8499984741211
2019-02-19,92.0
2019-02-20,96.05000305175781
2019-02-21,93.9000015258789
2019-02-22,93.75
2019-02-25,93.75
2019-02-26,91.8499984741211
2019-02-27,90.5
2019-02-28,91.19999694824219
2019-03-01,93.0999984741211
2019-03-05,96.44999694824219
2019-03-06,99.4000015258789
2019-03-07,97.1500015258789
2019-03-08,94.75
2019-03-11,96.19999694824219
2019-03-12,97.3499984741211
2019-03-13,95.9000015258789
2019-03-14,95.05000305175781
2019-03-15,94.5
2019-03-18,93.1500015258789
2019-03-19,95.30000305175781
2019-03-20,93.9000015258789
2019-03-22,93.0999984741211
2019-03-25,91.8499984741211
2019-03-26,93.3499984741211
2019-03-27,94.5999984741211
2019-03-28,94.5
2019-04-01,100.05000305175781
2019-04-02,104.4000015258789
2019-04-03,100.6500015258789
2019-04-04,102.75
2019-04-05,101.55000305175781
2019-04-08,97.69999694824219
2019-04-09,103.3499984741211
2019-04-10,100.8499984741211
2019-04-11,100.1500015258789
2019-04-12,100.05000305175781
2019-04-15,101.05000305175781
2019-04-16,99.6500015258789
2019-04-18,97.44999694824219
2019-04-22,93.6500015258789
2019-04-23,93.8499984741211
2019-04-24,93.5999984741211
2019-04-25,93.0999984741211
2019-04-26,93.19999694824219
2019-04-30,90.6500015258789
2019-05-02,90.0
2019-05-03,89.9000015258789
2019-05-06,87.8499984741211
2019-05-07,88.5999984741211
2019-05-08,86.6500015258789
2019-05-09,85.5
2019-05-10,85.4000015258789
2019-05-13,82.5999984741211
2019-05-14,81.30000305175781
2019-05-15,79.8499984741211
2019-05-16,79.0
2019-05-17,79.80000305175781
2019-05-20,92.19999694824219
2019-05-21,90.4000015258789
2019-05-22,93.75
2019-05-23,93.25
2019-05-24,97.5
2019-05-27,102.3499984741211
2019-05-28,101.69999694824219
2019-05-29,95.5999984741211
2019-05-30,94.19999694824219
2019-05-31,94.3499984741211
2019-06-03,96.25
2019-06-04,95.6500015258789
2019-06-06,94.44999694824219
2019-06-07,92.05000305175781
2019-06-10,92.9000015258789
2019-06-11,93.6500015258789
2019-06-12,92.3499984741211
2019-06-13,91.19999694824219
2019-06-14,89.5
2019-06-17,87.80000305175781
2019-06-18,86.5
2019-06-19,84.80000305175781
2019-06-20,85.3499984741211
2019-06-21,85.94999694824219
2019-06-24,86.44999694824219
2019-06-25,90.5999984741211
2019-06-26,92.69999694824219
2019-06-27,92.0999984741211
2019-06-28,90.9000015258789
2019-07-01,90.75
2019-07-02,91.30000305175781
2019-07-03,97.1500015258789
2019-07-04,96.19999694824219
2019-07-05,93.44999694824219
2019-07-08,92.6500015258789
2019-07-09,90.8499984741211
2019-07-10,88.75
2019-07-11,88.19999694824219
2019-07-12,87.94999694824219
2019-07-15,86.69999694824219
2019-07-16,85.55000305175781
2019-07-17,87.55000305175781
2019-07-18,86.0
2019-07-19,84.19999694824219
2019-07-22,81.55000305175781
2019-07-23,81.19999694824219
2019-07-24,80.5
2019-07-25,82.69999694824219
2019-07-26,83.4000015258789
2019-07-29,81.55000305175781
2019-07-30,77.55000305175781
2019-07-31,75.69999694824219
2019-08-01,76.69999694824219
2019-08-02,76.0
2019-08-05,73.0
2019-08-06,76.5999984741211
2019-08-07,80.94999694824219
2019-08-08,74.8499984741211
2019-08-09,75.30000305175781
2019-08-13,72.75
2019-08-14,71.4000015258789
2019-08-16,75.25
2019-08-19,74.19999694824219
2019-08-20,71.3499984741211
2019-08-21,68.1500015258789
2019-08-22,60.20000076293945
2019-08-23,60.95000076293945
2019-08-26,61.75
2019-08-27,66.30000305175781
2019-08-28,67.25
2019-08-29,71.75
2019-08-30,68.75
2019-09-03,68.3499984741211
2019-09-04,67.3499984741211
2019-09-05,70.3499984741211
2019-09-06,70.4000015258789
2019-09-09,72.94999694824219
2019-09-11,78.1500015258789
2019-09-12,78.44999694824219
2019-09-13,81.3499984741211
2019-09-16,82.30000305175781
2019-09-17,78.25
2019-09-18,82.3499984741211
2019-09-19,79.25
2019-09-20,82.25
2019-09-23,85.55000305175781
2019-09-24,83.44999694824219
2019-09-25,80.69999694824219
2019-09-26,84.0
2019-09-27,82.25
2019-09-30,82.0999984741211
2019-10-01,80.1500015258789
2019-10-03,84.80000305175781
2019-10-04,86.75
2019-10-07,82.05000305175781
2019-10-09,82.80000305175781
2019-10-10,83.75
2019-10-11,82.4000015258789
2019-10-14,81.25
2019-10-15,81.55000305175781
2019-10-16,80.94999694824219
2019-10-17,81.0999984741211
2019-10-18,82.94999694824219
2019-10-22,82.0999984741211
2019-10-23,82.30000305175781
2019-10-24,81.19999694824219
2019-10-25,80.0999984741211
2019-10-27,80.5999984741211
2019-10-29,86.75
2019-10-30,96.30000305175781
2019-10-31,92.0
2019-11-01,91.9000015258789
2019-11-04,90.80000305175781
2019-11-05,88.80000305175781
2019-11-06,88.9000015258789
2019-11-07,87.8499984741211
2019-11-08,85.80000305175781
2019-11-11,91.44999694824219
2019-11-13,87.1500015258789
2019-11-14,85.94999694824219
2019-11-15,87.0999984741211
2019-11-18,88.1500015258789
2019-11-19,87.19999694824219
2019-11-20,91.75
2019-11-21,86.8499984741211
2019-11-22,86.5999984741211
2019-11-25,87.30000305175781
2019-11-26,87.9000015258789
2019-11-27,87.0999984741211
2019-11-28,88.25
2019-11-29,91.5
2019-12-02,92.30000305175781
2019-12-03,89.44999694824219
2019-12-04,90.19999694824219
2019-12-05,89.0999984741211
2019-12-06,87.0999984741211
2019-12-09,86.75
2019-12-10,84.25
2019-12-11,84.25
2019-12-12,88.8499984741211
2019-12-13,93.3499984741211
2019-12-16,90.69999694824219
2019-12-17,91.8499984741211
2019-12-18,89.9000015258789
2019-12-19,94.5999984741211
2019-12-20,92.6500015258789
2019-12-23,95.5999984741211
2019-12-24,94.19999694824219
2019-12-26,92.9000015258789
2019-12-27,92.30000305175781
2019-12-30,92.0999984741211
2019-12-31,92.5
2020-01-01,91.80000305175781
2020-01-02,95.80000305175781
2020-01-03,94.80000305175781
2020-01-06,91.5999984741211
2020-01-07,103.9000015258789
2020-01-08,100.6500015258789
2020-01-09,102.94999694824219
2020-01-10,98.6500015258789
2020-01-13,98.3499984741211
2020-01-14,97.3499984741211
2020-01-15,99.55000305175781
2020-01-16,103.5
2020-01-17,103.19999694824219
2020-01-20,102.9000015258789
2020-01-21,99.3499984741211
2020-01-22,99.75
2020-01-23,92.94999694824219
2020-01-24,91.05000305175781
2020-01-27,88.69999694824219
2020-01-28,83.1500015258789
2020-01-29,87.75
2020-01-30,86.44999694824219
2020-01-31,85.44999694824219
2020-02-03,80.4000015258789
2020-02-04,80.55000305175781
2020-02-05,84.25
2020-02-06,89.80000305175781
2020-02-07,87.75
2020-02-10,85.55000305175781
2020-02-11,85.75
2020-02-12,84.5
2020-02-13,82.8499984741211
2020-02-14,82.75
2020-02-17,81.30000305175781
2020-02-18,81.6500015258789
2020-02-19,86.3499984741211
2020-02-20,84.3499984741211
2020-02-24,81.5999984741211
2020-02-25,81.5999984741211
2020-02-26,80.6500015258789
2020-02-27,78.0999984741211
2020-02-28,71.4000015258789
2020-03-02,74.1500015258789
2020-03-03,75.0
2020-03-04,73.0
2020-03-05,75.75
2020-03-06,71.0999984741211
2020-03-09,66.44999694824219
2020-03-11,67.0
2020-03-12,56.0
2020-03-13,53.29999923706055
2020-03-16,52.54999923706055
2020-03-17,55.150001525878906
2020-03-18,51.95000076293945
2020-03-19,48.20000076293945
2020-03-20,56.900001525878906
2020-03-23,50.29999923706055
2020-03-24,49.849998474121094
2020-03-25,49.95000076293945
2020-03-26,51.150001525878906
2020-03-27,54.349998474121094
2020-03-30,57.25
2020-03-31,62.75
2020-04-01,59.45000076293945
2020-04-03,60.20000076293945
2020-04-07,63.79999923706055
2020-04-08,69.0999984741211
2020-04-09,72.80000305175781
2020-04-13,87.3499984741211
2020-04-15,93.05000305175781
2020-04-16,89.3499984741211
2020-04-17,90.55000305175781
2020-04-20,87.05000305175781
2020-04-21,81.25
2020-04-22,78.30000305175781
2020-04-23,86.0999984741211
2020-04-24,81.94999694824219
2020-04-27,84.19999694824219
2020-04-28,82.55000305175781
2020-04-29,87.25
2020-04-30,86.94999694824219
2020-05-04,82.30000305175781
2020-05-05,83.0
2020-05-06,82.4000015258789
2020-05-07,82.1500015258789
2020-05-08,80.9000015258789
2020-05-11,80.80000305175781
2020-05-12,82.3499984741211
2020-05-13,84.8499984741211
2020-05-14,81.8499984741211
2020-05-15,86.25
2020-05-18,82.6500015258789
2020-05-19,81.94999694824219
2020-05-20,81.75
2020-05-21,81.30000305175781
2020-05-22,80.3499984741211
2020-05-26,80.5999984741211
2020-05-27,82.80000305175781
2020-05-28,82.69999694824219
2020-05-29,82.30000305175781
2020-06-01,85.25
2020-06-02,90.3499984741211
2020-06-03,87.5999984741211
2020-06-04,86.4000015258789
2020-06-05,87.75
2020-06-08,87.94999694824219
2020-06-09,86.44999694824219
2020-06-10,86.44999694824219
2020-06-11,83.44999694824219
2020-06-12,82.25
2020-06-15,82.3499984741211
2020-06-16,81.80000305175781
2020-06-17,90.55000305175781
2020-06-18,108.5999984741211
2020-06-19,106.80000305175781
2020-06-22,102.1500015258789
2020-06-23,103.69999694824219
2020-06-24,103.1500015258789
2020-06-25,106.5
2020-06-26,107.8499984741211
2020-06-29,106.8499984741211
2020-06-30,104.0999984741211
2020-07-01,103.8499984741211
2020-07-02,103.30000305175781
2020-07-03,111.94999694824219
2020-07-06,134.3000030517578
2020-07-07,134.5
2020-07-08,128.85000610351562
2020-07-09,128.60000610351562
2020-07-10,124.6500015258789
2020-07-13,131.75
2020-07-14,129.5
2020-07-15,124.55000305175781
2020-07-16,122.44999694824219
2020-07-17,125.9000015258789
2020-07-20,124.30000305175781
2020-07-21,123.0999984741211
2020-07-22,120.25
2020-07-23,132.25
2020-07-24,138.25
2020-07-27,135.75
2020-07-28,136.10000610351562
2020-07-29,137.35000610351562
2020-07-30,132.5500030517578
2020-07-31,128.9499969482422
2020-08-03,130.39999389648438
2020-08-04,133.64999389648438
2020-08-05,132.89999389648438
2020-08-06,132.8000030517578
2020-08-07,134.85000610351562
2020-08-10,141.3000030517578
2020-08-11,137.8000030517578
2020-08-12,142.85000610351562
2020-08-13,140.89999389648438
2020-08-14,137.89999389648438
2020-08-17,141.0
2020-08-18,140.9499969482422
2020-08-19,145.10000610351562
2020-08-20,142.6999969482422
2020-08-21,140.4499969482422
2020-08-24,140.85000610351562
2020-08-25,138.6999969482422
2020-08-26,137.6999969482422
2020-08-27,136.0500030517578
2020-08-28,137.6999969482422
2020-08-31,133.85000610351562
2020-09-01,132.0
2020-09-02,133.9499969482422
2020-09-03,135.5
2020-09-04,135.3000030517578
2020-09-07,132.4499969482422
2020-09-08,127.44999694824219
2020-09-09,119.69999694824219
2020-09-10,134.6999969482422
2020-09-11,137.0
2020-09-14,134.0
2020-09-15,130.85000610351562
2020-09-16,131.4499969482422
2020-09-17,130.25
2020-09-18,130.39999389648438
2020-09-21,124.94999694824219
2020-09-22,120.9000015258789
2020-09-23,122.5999984741211
2020-09-24,117.55000305175781
2020-09-25,120.80000305175781
2020-09-28,129.1999969482422
2020-09-29,126.5999984741211
2020-09-30,124.8499984741211
2020-10-01,125.0999984741211
2020-10-05,130.5
2020-10-06,128.0
2020-10-07,128.10000610351562
2020-10-08,125.9000015258789
2020-10-09,124.69999694824219
2020-10-12,122.55000305175781
2020-10-13,127.0
2020-10-14,122.80000305175781
2020-10-15,121.5999984741211
2020-10-16,123.05000305175781
2020-10-19,122.3499984741211
2020-10-20,122.05000305175781
2020-10-21,121.69999694824219
2020-10-22,121.6500015258789
2020-10-23,122.19999694824219
2020-10-26,120.0
2020-10-27,119.1500015258789
2020-10-28,118.3499984741211
2020-10-29,117.94999694824219
2020-10-30,118.3499984741211
2020-11-02,116.6500015258789
2020-11-03,116.19999694824219
2020-11-04,114.6500015258789
2020-11-05,119.75
2020-11-06,124.75
2020-11-09,123.25
2020-11-10,121.5
2020-11-11,122.80000305175781
2020-11-12,126.25
2020-11-13,123.3499984741211
2020-11-14,123.44999694824219
2020-11-17,123.19999694824219
2020-11-18,126.25
2020-11-19,124.05000305175781
2020-11-20,124.3499984741211
2020-11-23,126.30000305175781
2020-11-24,125.75
2020-11-25,123.0999984741211
2020-11-26,123.75
2020-11-27,124.19999694824219
2020-12-01,124.19999694824219
2020-12-02,125.3499984741211
2020-12-03,128.3000030517578
2020-12-04,126.44999694824219
2020-12-07,131.10000610351562
2020-12-08,128.14999389648438
2020-12-09,131.5
2020-12-10,129.10000610351562
2020-12-11,127.6500015258789
2020-12-14,132.85000610351562
2020-12-15,131.75
2020-12-16,131.14999389648438
2020-12-17,130.3000030517578
2020-12-18,131.10000610351562
2020-12-21,121.55000305175781
2020-12-22,121.6500015258789
2020-12-23,124.9000015258789
2020-12-24,128.0500030517578
2020-12-28,127.75
2020-12-29,126.75
2020-12-30,127.80000305175781
2020-12-31,126.55000305175781
2021-01-01,127.19999694824219
2021-01-04,128.6999969482422
2021-01-05,127.9000015258789
2021-01-06,128.3000030517578
2021-01-07,127.0999984741211
2021-01-08,127.30000305175781
2021-01-11,125.69999694824219
2021-01-12,129.3000030517578
2021-01-13,133.85000610351562
2021-01-14,131.5
2021-01-15,128.85000610351562
2021-01-18,126.3499984741211
2021-01-19,128.25
2021-01-20,128.0500030517578
2021-01-21,126.55000305175781
2021-01-22,124.8499984741211
2021-01-25,122.3499984741211
2021-01-27,121.05000305175781
2021-01-28,122.3499984741211
2021-01-29,121.0999984741211
2021-02-01,122.69999694824219
2021-02-02,128.0
2021-02-03,126.75
2021-02-04,126.75
2021-02-05,125.5999984741211
2021-02-08,124.9000015258789
2021-02-09,126.0
2021-02-10,125.5
2021-02-11,125.4000015258789
2021-02-12,124.55000305175781
2021-02-15,121.5999984741211
2021-02-16,121.80000305175781
2021-02-17,134.4499969482422
2021-02-18,128.5
2021-02-19,127.1500015258789
2021-02-22,124.75
2021-02-23,124.44999694824219
2021-02-24,127.0999984741211
2021-02-25,127.25
2021-02-26,126.25
2021-03-01,127.4000015258789
2021-03-02,130.89999389648438
2021-03-03,129.9499969482422
2021-03-04,129.4499969482422
2021-03-05,127.30000305175781
2021-03-08,129.60000610351562
2021-03-09,127.0
2021-03-10,128.6999969482422
2021-03-12,129.0500030517578
2021-03-15,128.39999389648438
2021-03-16,128.4499969482422
2021-03-17,124.0
2021-03-18,119.94999694824219
2021-03-19,118.30000305175781
2021-03-22,119.75
2021-03-23,119.55000305175781
2021-03-24,116.75
2021-03-25,113.1500015258789
2021-03-26,115.6500015258789
2021-03-30,115.25
2021-03-31,114.94999694824219
2021-04-01,117.1500015258789
2021-04-05,114.75
2021-04-06,114.9000015258789
2021-04-07,115.8499984741211
2021-04-08,116.5999984741211
2021-04-09,115.9000015258789
2021-04-12,107.94999694824219
2021-04-13,109.69999694824219
2021-04-15,108.8499984741211
2021-04-16,108.6500015258789
2021-04-19,102.80000305175781
2021-04-20,103.8499984741211
2021-04-22,103.6500015258789
2021-04-23,106.55000305175781
2021-04-26,106.0999984741211
2021-04-27,108.25
2021-04-28,109.0999984741211
2021-04-29,108.3499984741211
2021-04-30,107.80000305175781
2021-05-03,107.30000305175781
2021-05-04,106.9000015258789
2021-05-05,110.94999694824219
2021-05-06,115.3499984741211
2021-05-07,120.5
2021-05-10,118.9000015258789
2021-05-11,123.69999694824219
2021-05-12,120.0999984741211
2021-05-14,118.05000305175781
2021-05-17,117.8499984741211
2021-05-18,117.80000305175781
2021-05-19,119.55000305175781
2021-05-20,118.8499984741211
2021-05-21,121.80000305175781
2021-05-24,120.75
2021-05-25,119.75
2021-05-26,119.94999694824219
2021-05-27,120.25
2021-05-28,122.3499984741211
2021-05-31,122.8499984741211
2021-06-01,120.5
2021-06-02,120.6500015258789
2021-06-03,121.1500015258789
2021-06-04,124.0999984741211
2021-06-07,125.9000015258789
2021-06-08,124.0
2021-06-09,127.6500015258789
2021-06-10,128.75
2021-06-11,126.80000305175781
2021-06-14,125.0
2021-06-15,132.0
2021-06-16,128.25
2021-06-17,127.69999694824219
2021-06-18,127.5999984741211
2021-06-21,129.6999969482422
2021-06-22,127.5999984741211
2021-06-23,133.10000610351562
2021-06-24,130.8000030517578
2021-06-25,128.25
2021-06-28,128.1999969482422
2021-06-29,127.94999694824219
2021-06-30,131.4499969482422
2021-07-01,128.4499969482422
2021-07-02,131.25
2021-07-05,131.25
2021-07-06,128.6999969482422
2021-07-07,129.0500030517578
2021-07-08,128.75
2021-07-09,129.10000610351562
2021-07-12,127.8499984741211
2021-07-13,127.4000015258789
2021-07-14,126.94999694824219
2021-07-15,132.64999389648438
2021-07-16,136.60000610351562
2021-07-19,133.5500030517578
2021-07-20,129.9499969482422
2021-07-22,128.8000030517578
2021-07-23,127.5999984741211
2021-07-26,126.80000305175781
2021-07-27,126.9000015258789
2021-07-28,124.25
2021-07-29,125.3499984741211
2021-07-30,128.10000610351562
2021-08-02,132.10000610351562
2021-08-03,130.0500030517578
2021-08-04,127.44999694824219
2021-08-05,125.8499984741211
2021-08-06,126.3499984741211
2021-08-09,125.6500015258789
2021-08-10,121.19999694824219
2021-08-11,122.44999694824219
2021-08-12,124.4000015258789
2021-08-13,121.30000305175781
2021-08-16,118.44999694824219
2021-08-17,118.30000305175781
2021-08-18,116.75
2021-08-20,113.05000305175781
2021-08-23,112.1500015258789
2021-08-24,113.05000305175781
2021-08-25,113.55000305175781
2021-08-26,113.3499984741211
2021-08-27,114.1500015258789
2021-08-30,113.44999694824219
2021-08-31,114.75
2021-09-01,114.44999694824219
2021-09-02,117.3499984741211
2021-09-03,116.69999694824219
2021-09-06,117.25
2021-09-07,116.69999694824219
2021-09-08,118.94999694824219
2021-09-09,118.44999694824219
2021-09-13,121.0
2021-09-14,120.25
2021-09-15,122.55000305175781
2021-09-16,121.3499984741211
2021-09-17,118.5999984741211
2021-09-20,117.5
2021-09-21,118.1500015258789
2021-09-22,118.3499984741211
2021-09-23,118.4000015258789
2021-09-24,118.0
2021-09-27,118.8499984741211
2021-09-28,118.25
2021-09-29,118.19999694824219
2021-09-30,124.5
2021-10-01,124.4000015258789
2021-10-04,124.30000305175781
2021-10-05,123.8499984741211
2021-10-06,121.0999984741211
2021-10-07,121.8499984741211
2021-10-08,121.5
2021-10-11,121.25
2021-10-12,121.05000305175781
2021-10-13,124.5
2021-10-14,128.0
2021-10-18,125.75
2021-10-19,122.5
2021-10-20,124.9000015258789
2021-10-21,122.69999694824219
2021-10-22,121.4000015258789
2021-10-25,119.1500015258789
2021-10-26,119.30000305175781
2021-10-27,122.5
2021-10-28,118.94999694824219
2021-10-29,117.5
2021-11-01,118.9000015258789
2021-11-02,120.4000015258789
2021-11-03,118.8499984741211
2021-11-04,119.9000015258789
2021-11-08,121.9000015258789
2021-11-09,121.8499984741211
2021-11-10,120.44999694824219
2021-11-11,119.6500015258789
2021-11-12,117.94999694824219
2021-11-15,117.05000305175781
2021-11-16,116.75
2021-11-17,121.3499984741211
2021-11-18,118.0999984741211
2021-11-22,114.05000305175781
2021-11-23,115.19999694824219
2021-11-24,115.5999984741211
2021-11-25,115.3499984741211
2021-11-26,112.0
2021-11-29,108.6500015258789
2021-11-30,110.05000305175781
2021-12-01,110.55000305175781
2021-12-02,109.80000305175781
2021-12-03,110.3499984741211
2021-12-06,111.0
2021-12-07,111.9000015258789
2021-12-08,112.4000015258789
2021-12-09,118.6500015258789
2021-12-10,116.6500015258789
2021-12-13,119.30000305175781
2021-12-14,117.80000305175781
2021-12-15,119.4000015258789
2021-12-16,116.55000305175781
2021-12-17,113.1500015258789
2021-12-20,110.5999984741211
2021-12-21,112.05000305175781
2021-12-22,113.0
2021-12-23,115.0
2021-12-24,116.0999984741211
2021-12-27,117.9000015258789
2021-12-28,122.8499984741211
2021-12-29,120.3499984741211
2021-12-30,117.1500015258789
2021-12-31,117.75
2022-01-03,118.1500015258789
2022-01-04,118.0999984741211
2022-01-05,118.80000305175781
2022-01-06,118.25
2022-01-07,118.05000305175781
2022-01-10,118.94999694824219
2022-01-11,119.69999694824219
2022-01-12,119.6500015258789
2022-01-13,119.0999984741211
2022-01-14,119.75
2022-01-17,120.4000015258789
2022-01-18,119.94999694824219
2022-01-19,118.69999694824219
2022-01-20,120.25
2022-01-21,117.75
2022-01-24,113.4000015258789
2022-01-25,114.05000305175781
2022-01-27,113.69999694824219
2022-01-28,114.44999694824219
2022-01-31,115.19999694824219
2022-02-01,116.05000305175781
2022-02-02,118.5
2022-02-03,116.94999694824219
2022-02-04,116.5999984741211
2022-02-07,116.30000305175781
2022-02-08,114.94999694824219
2022-02-09,114.94999694824219
2022-02-10,114.80000305175781
2022-02-11,113.94999694824219
2022-02-14,110.0999984741211
2022-02-15,110.55000305175781
2022-02-16,115.94999694824219
2022-02-17,109.1500015258789
2022-02-18,108.44999694824219
2022-02-21,104.8499984741211
2022-02-22,100.8499984741211
2022-02-23,101.05000305175781
2022-02-24,90.5999984741211
2022-02-25,95.30000305175781
2022-02-28,94.30000305175781
2022-03-02,93.44999694824219
2022-03-03,94.80000305175781
2022-03-04,93.80000305175781
2022-03-07,92.0999984741211
2022-03-08,93.3499984741211
2022-03-09,97.0
2022-03-10,97.69999694824219
2022-03-11,97.6500015258789
2022-03-14,96.6500015258789
2022-03-15,95.80000305175781
2022-03-16,97.25
2022-03-17,102.6500015258789
2022-03-21,101.05000305175781
2022-03-22,101.05000305175781
2022-03-23,100.25
2022-03-24,100.25
2022-03-25,100.0
2022-03-28,98.4000015258789
2022-03-29,95.8499984741211
2022-03-30,98.5
2022-03-31,96.44999694824219
2022-04-01,99.1500015258789
2022-04-04,102.19999694824219
2022-04-05,102.3499984741211
2022-04-06,103.0
2022-04-07,103.6500015258789
2022-04-08,104.55000305175781
2022-04-11,104.05000305175781
2022-04-12,102.5
2022-04-13,102.55000305175781
2022-04-18,103.75
2022-04-19,100.75
2022-04-20,101.55000305175781
2022-04-21,101.75
2022-04-22,103.1500015258789
2022-04-25,101.4000015258789
2022-04-26,101.69999694824219
2022-04-27,101.25
2022-04-28,100.4000015258789
2022-04-29,100.6500015258789
2022-05-02,98.0
2022-05-04,95.55000305175781
2022-05-05,93.05000305175781
2022-05-06,91.0
2022-05-09,89.69999694824219
2022-05-10,88.9000015258789
2022-05-11,83.44999694824219
2022-05-12,81.44999694824219
2022-05-13,83.6500015258789
2022-05-16,86.80000305175781
2022-05-17,87.6500015258789
2022-05-18,87.94999694824219
2022-05-19,85.9000015258789
2022-05-20,87.6500015258789
2022-05-23,88.1500015258789
2022-05-24,86.0
2022-05-25,84.0
2022-05-26,98.94999694824219
2022-05-27,94.55000305175781
2022-05-30,93.19999694824219
2022-05-31,91.8499984741211
2022-06-01,92.5
2022-06-02,92.0999984741211
2022-06-03,93.44999694824219
2022-06-06,92.55000305175781
2022-06-07,92.4000015258789
2022-06-08,91.80000305175781
2022-06-09,91.25
2022-06-10,90.6500015258789
2022-06-13,87.5999984741211
2022-06-14,88.9000015258789
2022-06-15,88.80000305175781
2022-06-16,84.9000015258789
2022-06-17,82.6500015258789
2022-06-20,93.0
2022-06-21,88.9000015258789
2022-06-22,104.19999694824219
2022-06-23,107.5999984741211
2022-06-24,106.05000305175781
2022-06-27,106.25
2022-06-28,103.5
2022-06-29,101.9000015258789
2022-06-30,100.6500015258789
2022-07-01,98.4000015258789
2022-07-04,99.80000305175781
2022-07-05,97.75
2022-07-06,97.8499984741211
2022-07-07,98.55000305175781
2022-07-08,98.0
2022-07-11,98.0
2022-07-12,114.30000305175781
2022-07-13,111.8499984741211
2022-07-14,108.4000015258789
2022-07-15,120.5999984741211
2022-07-18,117.3499984741211
2022-07-19,123.5
2022-07-20,123.4000015258789
2022-07-21,124.5999984741211
2022-07-22,120.75
2022-07-25,122.25
2022-07-26,119.4000015258789
2022-07-27,117.19999694824219
2022-07-28,117.0999984741211
2022-07-29,116.75
2022-08-01,117.25
2022-08-02,117.30000305175781
2022-08-03,119.55000305175781
2022-08-04,117.9000015258789
2022-08-05,117.30000305175781
2022-08-08,117.19999694824219
2022-08-10,117.0999984741211
2022-08-11,112.5
2022-08-12,113.69999694824219
2022-08-16,113.6500015258789
2022-08-17,113.69999694824219
2022-08-18,113.75
2022-08-19,117.80000305175781
2022-08-22,114.30000305175781
2022-08-23,114.1500015258789
2022-08-24,114.5
2022-08-25,115.4000015258789
2022-08-26,114.05000305175781
2022-08-29,112.69999694824219
2022-08-30,113.55000305175781
2022-09-01,113.69999694824219
2022-09-02,113.25
2022-09-05,115.30000305175781
2022-09-06,114.0999984741211
2022-09-07,114.0
2022-09-08,114.5
2022-09-09,113.55000305175781
2022-09-12,113.5999984741211
2022-09-13,113.5
2022-09-14,112.6500015258789
2022-09-15,111.8499984741211
2022-09-16,109.5
2022-09-19,109.75
2022-09-20,109.05000305175781
2022-09-21,108.25
2022-09-22,109.75
2022-09-23,105.44999694824219
2022-09-26,100.69999694824219
2022-09-27,103.44999694824219
2022-09-28,112.1500015258789
2022-09-29,106.8499984741211
2022-09-30,105.44999694824219
2022-10-03,108.3499984741211
2022-10-04,108.5
2022-10-06,108.25
2022-10-07,109.0
2022-10-10,108.19999694824219
2022-10-11,105.0999984741211
2022-10-12,104.55000305175781
2022-10-13,104.1500015258789
2022-10-14,101.5
2022-10-17,101.5
2022-10-18,102.25
2022-10-19,101.94999694824219
2022-10-20,105.30000305175781
2022-10-21,103.3499984741211
2022-10-24,103.9000015258789
2022-10-25,103.8499984741211
2022-10-27,104.19999694824219
2022-10-28,103.80000305175781
2022-10-31,106.0999984741211
2022-11-01,115.0999984741211
2022-11-02,114.6500015258789
2022-11-03,112.75
2022-11-04,113.3499984741211
2022-11-07,110.5
2022-11-09,110.4000015258789
2022-11-10,109.5
2022-11-11,110.9000015258789
2022-11-14,109.1500015258789
2022-11-15,108.1500015258789
2022-11-16,111.44999694824219
2022-11-17,110.69999694824219
2022-11-18,108.8499984741211
2022-11-21,109.19999694824219
2022-11-22,108.3499984741211
2022-11-23,111.44999694824219
2022-11-24,111.69999694824219
2022-11-25,111.3499984741211
2022-11-28,115.19999694824219
2022-11-29,114.3499984741211
2022-11-30,114.1500015258789
2022-12-01,115.55000305175781
2022-12-02,114.5
2022-12-05,114.0
2022-12-06,114.30000305175781
2022-12-07,113.9000015258789
2022-12-08,113.4000015258789
2022-12-09,110.19999694824219
2022-12-12,111.5
2022-12-13,111.69999694824219
2022-12-14,111.19999694824219
2022-12-15,111.75
2022-12-16,109.19999694824219
2022-12-19,110.0
2022-12-20,109.94999694824219
2022-12-21,106.0999984741211
2022-12-22,107.3499984741211
2022-12-23,98.44999694824219
2022-12-26,102.25
2022-12-27,103.0
2022-12-28,104.19999694824219
2022-12-29,103.0999984741211
2022-12-30,103.5999984741211
2023-01-02,106.3499984741211
2023-01-03,105.19999694824219
2023-01-04,104.0999984741211
2023-01-05,104.0
2023-01-06,102.6500015258789
2023-01-09,103.19999694824219
2023-01-10,103.1500015258789
2023-01-11,104.0999984741211
2023-01-12,103.6500015258789
2023-01-13,109.3499984741211
2023-01-16,106.3499984741211
2023-01-17,105.1500015258789
2023-01-18,105.19999694824219
2023-01-19,105.30000305175781
2023-01-20,104.30000305175781
2023-01-23,103.5999984741211
2023-01-24,103.5999984741211
2023-01-25,102.0
2023-01-27,100.5
2023-01-30,100.5999984741211
2023-01-31,102.9000015258789
2023-02-01,100.44999694824219
2023-02-02,100.75
2023-02-03,100.05000305175781
2023-02-06,100.30000305175781
2023-02-07,100.0
2023-02-08,100.75
2023-02-09,100.19999694824219
2023-02-10,100.30000305175781
2023-02-13,99.44999694824219
2023-02-14,98.8499984741211
2023-02-15,98.80000305175781
2023-02-16,99.4000015258789
2023-02-17,98.4000015258789
2023-02-20,97.69999694824219
2023-02-21,97.1500015258789
2023-02-22,99.25
2023-02-23,97.80000305175781
2023-02-24,97.30000305175781
2023-02-27,94.5999984741211
2023-02-28,94.25
2023-03-01,95.3499984741211
2023-03-02,94.6500015258789
2023-03-03,95.0
2023-03-06,95.4000015258789
2023-03-08,95.3499984741211
2023-03-09,95.30000305175781
2023-03-10,94.19999694824219
2023-03-13,91.94999694824219
2023-03-14,90.94999694824219
2023-03-15,90.75
2023-03-16,89.4000015258789
2023-03-17,90.25
2023-03-20,89.25
2023-03-21,88.69999694824219
2023-03-22,88.94999694824219
2023-03-23,87.6500015258789
2023-03-24,98.19999694824219
2023-03-27,90.8499984741211
2023-03-28,87.0999984741211
2023-03-29,90.3499984741211
2023-03-31,90.1500015258789
2023-04-03,91.0
2023-04-05,91.5999984741211
2023-04-06,91.5
2023-04-10,91.5999984741211
2023-04-11,91.8499984741211
2023-04-12,91.8499984741211
2023-04-13,91.3499984741211
2023-04-17,91.25
2023-04-18,94.69999694824219
2023-04-19,93.69999694824219
2023-04-20,93.5999984741211
2023-04-21,94.5999984741211
2023-04-24,93.8499984741211
2023-04-25,94.3499984741211
2023-04-26,94.5
2023-04-27,94.55000305175781
2023-04-28,95.1500015258789
2023-05-02,95.75
2023-05-03,96.5
2023-05-04,97.19999694824219
2023-05-05,105.5999984741211
2023-05-08,102.9000015258789
2023-05-09,106.6500015258789
2023-05-10,104.44999694824219
2023-05-11,107.5
2023-05-12,105.44999694824219
2023-05-15,105.44999694824219
2023-05-16,105.44999694824219
2023-05-17,106.6500015258789
2023-05-18,104.80000305175781
2023-05-19,104.5999984741211
2023-05-22,106.05000305175781
2023-05-23,109.44999694824219
2023-05-24,107.9000015258789
2023-05-25,107.0
2023-05-26,106.44999694824219
2023-05-29,106.6500015258789
2023-05-30,104.94999694824219
2023-05-31,105.30000305175781
2023-06-01,105.80000305175781
2023-06-02,105.5
2023-06-05,108.69999694824219
2023-06-06,108.5
2023-06-07,113.55000305175781
2023-06-08,111.44999694824219
2023-06-09,110.25
2023-06-12,108.3499984741211
2023-06-13,108.5
2023-06-14,108.4000015258789
2023-06-15,107.55000305175781
2023-06-16,108.30000305175781
2023-06-19,108.75
2023-06-20,110.8499984741211
2023-06-21,110.19999694824219
2023-06-22,108.75
2023-06-23,108.05000305175781
2023-06-26,108.6500015258789
2023-06-27,108.5999984741211
2023-06-28,107.9000015258789
2023-06-30,107.5
2023-07-03,108.4000015258789
2023-07-04,107.25
2023-07-05,109.5999984741211
2023-07-06,109.1500015258789
2023-07-07,108.6500015258789
2023-07-10,108.4000015258789
2023-07-11,108.0
2023-07-12,108.0
2023-07-13,106.80000305175781
2023-07-14,107.8499984741211
2023-07-17,108.44999694824219
2023-07-18,110.75
2023-07-19,109.5
2023-07-20,108.9000015258789
2023-07-21,109.80000305175781
2023-07-24,109.6500015258789
2023-07-25,108.69999694824219
2023-07-26,108.6500015258789
2023-07-27,112.8499984741211
2023-07-28,112.94999694824219
2023-07-31,112.5
2023-08-01,113.0999984741211
2023-08-02,110.3499984741211
2023-08-03,110.55000305175781
2023-08-04,110.19999694824219
2023-08-07,119.9000015258789
2023-08-08,121.44999694824219
2023-08-09,119.5
2023-08-10,118.69999694824219
2023-08-11,117.9000015258789
2023-08-14,113.30000305175781
2023-08-16,114.5999984741211
2023-08-17,114.0999984741211
2023-08-18,113.0
2023-08-21,113.0
2023-08-22,115.80000305175781
2023-08-23,118.19999694824219
2023-08-24,118.4000015258789
2023-08-25,115.8499984741211
2023-08-28,117.80000305175781
2023-08-29,118.5999984741211
2023-08-30,118.05000305175781
2023-08-31,119.8499984741211
2023-09-01,120.4000015258789
2023-09-04,127.9000015258789
2023-09-05,126.5999984741211
2023-09-06,127.69999694824219
2023-09-07,127.4000015258789
2023-09-08,124.44999694824219
2023-09-11,149.3000030517578
2023-09-12,167.25
2023-09-13,199.64999389648438
2023-09-14,197.14999389648438
2023-09-15,196.5500030517578
2023-09-18,188.60000610351562
2023-09-20,181.89999389648438
2023-09-21,173.5
2023-09-22,190.85000610351562
2023-09-25,198.3000030517578
2023-09-26,192.89999389648438
2023-09-27,206.64999389648438
2023-09-28,203.1999969482422
2023-09-29,201.10000610351562
2023-10-03,201.0
2023-10-04,193.85000610351562
2023-10-05,194.0
2023-10-06,192.0
2023-10-09,215.0
2023-10-10,221.6999969482422
2023-10-11,229.5
2023-10-12,225.9499969482422
2023-10-13,271.1000061035156
2023-10-16,291.1499938964844
2023-10-17,316.75
2023-10-18,290.29998779296875
2023-10-19,288.1000061035156
2023-10-20,293.54998779296875
2023-10-23,264.8999938964844
2023-10-25,264.3500061035156
2023-10-26,269.25
2023-10-27,272.6499938964844
2023-10-30,271.0
2023-10-31,269.8999938964844
2023-11-01,265.8500061035156
2023-11-02,271.1499938964844
2023-11-03,271.29998779296875
2023-11-06,278.0
2023-11-07,276.04998779296875
2023-11-08,271.75
2023-11-09,261.70001220703125
2023-11-10,258.8999938964844
2023-11-13,265.54998779296875
2023-11-15,266.04998779296875
2023-11-16,266.70001220703125
2023-11-17,260.3500061035156
2023-11-20,278.75
2023-11-21,275.70001220703125
2023-11-22,273.54998779296875
2023-11-23,278.1000061035156
2023-11-24,282.54998779296875
2023-11-28,275.6000061035156
2023-11-29,274.29998779296875
2023-11-30,268.29998779296875
2023-12-01,267.45001220703125
2023-12-04,274.6499938964844
2023-12-05,272.1000061035156
2023-12-06,271.45001220703125
2023-12-07,300.1000061035156
2023-12-08,294.29998779296875
2023-12-11,298.79998779296875
2023-12-12,300.54998779296875
2023-12-13,302.8500061035156
2023-12-14,304.45001220703125
2023-12-15,302.54998779296875
2023-12-18,299.1000061035156
2023-12-19,296.8999938964844
2023-12-20,282.6499938964844
2023-12-21,290.8500061035156
2023-12-22,304.5
2023-12-26,303.0
2023-12-27,300.79998779296875
2023-12-28,301.3500061035156
2023-12-29,304.54998779296875
2024-01-01,307.25
2024-01-02,311.20001220703125
2024-01-03,311.79998779296875
2024-01-04,313.8500061035156
2024-01-05,311.6000061035156
2024-01-08,302.6499938964844
2024-01-09,307.3999938964844
2024-01-10,306.3500061035156
2024-01-11,306.54998779296875
2024-01-12,305.95001220703125
2024-01-15,315.29998779296875
2024-01-16,373.8500061035156
2024-01-17,366.6499938964844
2024-01-18,347.04998779296875
2024-01-19,342.79998779296875
2024-01-23,330.8999938964844
2024-01-24,343.5
2024-01-25,341.6499938964844
2024-01-29,333.1000061035156
2024-01-30,338.6499938964844
2024-01-31,341.04998779296875
2024-02-01,342.0
2024-02-02,341.8999938964844
2024-02-05,344.04998779296875
2024-02-06,353.6499938964844
2024-02-07,348.70001220703125
2024-02-08,343.3500061035156
2024-02-09,327.54998779296875
2024-02-12,281.25
2024-02-13,292.6499938964844
2024-02-14,296.54998779296875
2024-02-15,315.8999938964844
2024-02-16,312.5
2024-02-19,327.25
2024-02-20,325.3999938964844
2024-02-21,314.6499938964844
2024-02-22,312.3999938964844
2024-02-23,314.6499938964844
2024-02-26,318.5
2024-02-27,315.1000061035156
2024-02-28,301.6499938964844
2024-02-29,298.45001220703125
2024-03-01,292.29998779296875
2024-03-04,293.04998779296875
2024-03-05,289.54998779296875
2024-03-06,283.70001220703125
2024-03-07,280.25
2024-03-11,264.95001220703125
2024-03-12,261.45001220703125
2024-03-13,233.75
2024-03-14,276.54998779296875
2024-03-15,259.95001220703125
2024-03-18,255.85000610351562
2024-03-19,251.75
2024-03-20,248.5500030517578
2024-03-21,256.1000061035156
2024-03-22,261.0
2024-03-26,252.64999389648438
2024-03-27,253.85000610351562
2024-03-28,252.6999969482422
2024-04-01,270.6000061035156
2024-04-02,272.6000061035156
2024-04-03,273.20001220703125
2024-04-04,270.75
2024-04-05,275.6499938964844
2024-04-08,270.29998779296875
2024-04-09,266.54998779296875
2024-04-10,268.25
2024-04-12,262.79998779296875
2024-04-15,252.0500030517578
2024-04-16,253.89999389648438
2024-04-18,251.85000610351562
2024-04-19,248.1999969482422
2024-04-22,279.45001220703125
2024-04-23,293.29998779296875
2024-04-24,296.0
2024-04-25,293.5
2024-04-26,292.95001220703125
2024-04-29,305.54998779296875
2024-04-30,307.0
2024-05-02,304.79998779296875
2024-05-03,300.1000061035156
2024-05-06,292.3500061035156
2024-05-07,292.6000061035156
2024-05-08,288.54998779296875
2024-05-09,277.29998779296875
2024-05-10,277.8999938964844
2024-05-13,279.8999938964844
2024-05-14,285.6000061035156
2024-05-15,313.54998779296875
2024-05-16,304.75
2024-05-17,307.70001220703125
2024-05-21,305.75
2024-05-22,318.3500061035156
2024-05-23,319.0
2024-05-24,307.5
2024-05-27,305.3500061035156
2024-05-28,300.79998779296875
2024-05-29,291.3999938964844
2024-05-30,303.45001220703125
2024-05-31,297.1000061035156
2024-06-03,305.45001220703125
2024-06-04,274.70001220703125
2024-06-05,275.54998779296875
2024-06-06,293.45001220703125
2024-06-07,297.45001220703125
2024-06-10,295.3999938964844
2024-06-11,301.8500061035156
2024-06-12,305.8999938964844
2024-06-13,305.95001220703125
2024-06-14,304.8500061035156
2024-06-18,307.45001220703125
2024-06-19,304.20001220703125
2024-06-20,306.54998779296875
2024-06-21,304.04998779296875
2024-06-24,312.3500061035156
2024-06-25,306.29998779296875
2024-06-26,308.1000061035156
2024-06-27,306.79998779296875
2024-06-28,308.8999938964844
2024-07-01,309.6000061035156
2024-07-02,310.0
2024-07-03,308.8500061035156
2024-07-04,309.54998779296875
2024-07-05,310.29998779296875
2024-07-08,312.70001220703125
2024-07-09,309.8500061035156
2024-07-10,306.0
2024-07-11,308.54998779296875
2024-07-12,319.1000061035156
2024-07-15,318.95001220703125
2024-07-16,313.25
2024-07-18,303.3500061035156
2024-07-19,292.1000061035156
2024-07-22,302.8500061035156
2024-07-23,295.0
2024-07-24,305.3999938964844
2024-07-25,303.8500061035156
2024-07-26,308.04998779296875
2024-07-29,308.1000061035156
2024-07-30,310.5
2024-07-31,309.1499938964844
2024-08-01,304.29998779296875
2024-08-02,300.8500061035156
2024-08-05,284.5
2024-08-06,279.8500061035156
2024-08-07,294.25
2024-08-08,290.1499938964844
2024-08-09,290.20001220703125
2024-08-12,288.5
2024-08-13,286.70001220703125
2024-08-14,280.1499938964844
2024-08-16,281.79998779296875
2024-08-19,286.3999938964844
2024-08-20,291.79998779296875
2024-08-21,297.6000061035156
2024-08-22,302.8500061035156
2024-08-23,299.95001220703125
2024-08-26,297.1000061035156
2024-08-27,302.0
2024-08-28,304.3500061035156
2024-08-29,299.70001220703125
2024-08-30,304.75
2024-09-02,302.6000061035156
2024-09-03,299.6499938964844
2024-09-04,297.5
2024-09-05,297.3999938964844
2024-09-06,289.1499938964844
2024-09-09,283.04998779296875
2024-09-10,300.3999938964844
2024-09-11,293.1499938964844
2024-09-12,291.45001220703125
2024-09-13,293.20001220703125
2024-09-16,289.6499938964844
2024-09-17,287.45001220703125
2024-09-18,284.45001220703125
2024-09-19,280.3999938964844
2024-09-20,279.95001220703125
2024-09-23,282.3999938964844
2024-09-24,281.3999938964844
2024-09-25,279.29998779296875
2024-09-26,275.1499938964844
2024-09-27,264.25
2024-09-30,256.3500061035156
2024-10-01,265.25
2024-10-03,258.29998779296875
2024-10-04,249.39999389648438
2024-10-07,234.5
2024-10-08,243.39999389648438
2024-10-09,245.9499969482422
2024-10-10,246.14999389648438
2024-10-11,248.25
2024-10-14,246.85000610351562
2024-10-15,244.89999389648438
2024-10-16,245.1999969482422
2024-10-17,239.35000610351562
2024-10-18,240.0500030517578
2024-10-21,233.9499969482422
2024-10-22,220.60000610351562
2024-10-23,224.5500030517578
2024-10-24,220.85000610351562
2024-10-25,211.5500030517578
2024-10-28,218.3000030517578
2024-10-29,217.39999389648438
2024-10-30,228.64999389648438
2024-10-31,226.39999389648438
2024-11-01,227.8800048828125
2024-11-04,221.19000244140625
2024-11-05,223.91000366210938
2024-11-06,232.00999450683594
2024-11-07,266.489990234375
2024-11-08,304.239990234375
2024-11-11,327.3500061035156
2024-11-12,295.0299987792969
2024-11-13,292.3900146484375
2024-11-14,291.5199890136719
2024-11-18,291.3999938964844
2024-11-19,292.17999267578125
2024-11-21,279.44000244140625
2024-11-22,275.07000732421875
2024-11-25,278.8399963378906
2024-11-26,278.42999267578125
2024-11-27,275.6099853515625
2024-11-28,295.6700134277344
2024-11-29,286.6300048828125
2024-12-02,286.54998779296875
2024-12-03,287.45001220703125
2024-12-04,289.29998779296875
2024-12-05,283.5
2024-12-06,321.20001220703125
2024-12-09,368.1000061035156
2024-12-10,389.8999938964844
2024-12-11,361.25
2024-12-12,365.45001220703125
2024-12-13,358.70001220703125
2024-12-16,373.0
2024-12-17,365.8500061035156
2024-12-18,362.20001220703125
2024-12-19,357.45001220703125
2024-12-20,341.6499938964844
2024-12-23,341.1000061035156
2024-12-24,343.75
2024-12-26,333.95001220703125
2024-12-27,328.20001220703125
2024-12-30,379.20001220703125
2024-12-31,387.1499938964844
2025-01-01,381.75
2025-01-02,380.95001220703125
2025-01-03,457.1000061035156
2025-01-06,544.3499755859375
2025-01-07,489.95001220703125
2025-01-08,479.5
2025-01-09,440.3999938964844
2025-01-10,442.70001220703125
2025-01-13,420.6000061035156
2025-01-14,405.8500061035156
2025-01-15,385.54998779296875
2025-01-16,388.5
2025-01-17,376.1000061035156
2025-01-20,383.29998779296875
2025-01-21,366.45001220703125
2025-01-22,352.8500061035156
2025-01-23,362.1000061035156
2025-01-24,344.3500061035156
2025-01-27,327.1499938964844
2025-01-28,327.25
2025-01-29,325.75
2025-01-30,324.79998779296875
2025-01-31,325.04998779296875
2025-02-01,323.3500061035156
2025-02-03,307.20001220703125
2025-02-04,303.6000061035156
2025-02-05,318.75
2025-02-06,311.75
2025-02-07,305.25
2025-02-10,293.25
2025-02-11,282.1000061035156
2025-02-12,288.20001220703125
2025-02-13,284.3500061035156
2025-02-14,270.54998779296875
2025-02-17,257.04998779296875
2025-02-18,244.1999969482422
2025-02-19,256.3999938964844
2025-02-20,269.20001220703125
2025-02-21,282.6499938964844
2025-02-24,274.20001220703125
2025-02-25,272.6000061035156
2025-02-27,259.0
2025-02-28,246.0500030517578
2025-03-03,250.94000244140625
2025-03-04,246.3300018310547
2025-03-05,250.9600067138672
2025-03-06,254.4600067138672
2025-03-07,267.17999267578125
2025-03-10,255.67999267578125
2025-03-11,248.22000122070312
2025-03-12,241.3000030517578
2025-03-13,253.36000061035156
2025-03-17,248.0800018310547
2025-03-18,248.0800018310547
2025-03-19,262.3699951171875
2025-03-20,258.19000244140625
2025-03-21,261.82000732421875
2025-03-24,266.3999938964844
2025-03-25,261.1300048828125
2025-03-26,252.0
2025-03-27,249.55999755859375
2025-03-28,249.22000122070312
2025-04-01,251.67999267578125
2025-04-02,252.7100067138672
2025-04-03,253.32000732421875
2025-04-04,246.36000061035156
2025-04-07,234.0399932861328
2025-04-08,242.30999755859375
2025-04-09,252.44000244140625
2025-04-11,252.07000732421875
2025-04-15,255.42999267578125
2025-04-16,268.20001220703125
2025-04-17,264.4700012207031
2025-04-21,269.8299865722656
2025-04-22,283.32000732421875
2025-04-23,281.2900085449219
2025-04-24,277.9700012207031
2025-04-25,264.07000732421875
2025-04-28,260.9100036621094
2025-04-29,263.1600036621094
2025-04-30,255.33999633789062
2025-05-02,256.45001220703125
2025-05-05,258.0
2025-05-06,248.5500030517578
2025-05-07,249.14999389648438
2025-05-08,245.75
2025-05-09,241.25
2025-05-12,256.04998779296875
2025-05-13,262.3500061035156
2025-05-14,270.1000061035156
2025-05-15,272.79998779296875
2025-05-16,279.5
2025-05-19,281.3999938964844
2025-05-20,272.8999938964844
2025-05-21,276.75
2025-05-22,280.1499938964844
2025-05-23,278.75
2025-05-26,281.1499938964844
2025-05-27,309.25
2025-05-28,340.1499938964844
2025-05-29,364.8500061035156
2025-05-30,346.6000061035156
2025-06-02,329.29998779296875
2025-06-03,333.0
2025-06-04,330.25
2025-06-05,327.3999938964844
2025-06-06,325.29998779296875
2025-06-09,330.6000061035156
2025-06-10,329.54998779296875
2025-06-11,327.6499938964844
2025-06-12,329.25
2025-06-13,321.54998779296875
2025-06-16,318.8500061035156
2025-06-17,322.3500061035156
2025-06-18,315.29998779296875
2025-06-19,307.04998779296875
2025-06-20,309.6499938964844
2025-06-23,315.3500061035156
2025-06-24,319.8500061035156
2025-06-25,323.29998779296875
2025-06-26,320.54998779296875
2025-06-27,320.6499938964844
2025-06-30,336.6499938964844
2025-07-01,329.8999938964844
2025-07-02,326.6499938964844
2025-07-03,327.20001220703125
2025-07-04,326.8999938964844
2025-07-07,323.1499938964844
2025-07-08,318.79998779296875
2025-07-09,318.45001220703125
2025-07-10,318.70001220703125
2025-07-11,315.5
2025-07-14,319.29998779296875
2025-07-15,318.20001220703125
2025-07-16,318.1000061035156
2025-07-17,316.3500061035156
2025-07-18,316.0
2025-07-21,314.6000061035156
2025-07-22,313.1499938964844
2025-07-23,313.79998779296875
2025-07-24,306.6499938964844
2025-07-25,303.3999938964844
2025-07-28,293.54998779296875
2025-07-29,300.25
2025-07-30,293.95001220703125
2025-07-31,290.54998779296875
2025-08-01,285.8500061035156
2025-08-04,292.54998779296875
2025-08-05,289.6000061035156
2025-08-06,299.54998779296875
2025-08-07,320.29998779296875
2025-08-08,303.6499938964844
2025-08-11,300.8500061035156
2025-08-12,302.6000061035156
2025-08-13,302.6000061035156
2025-08-14,291.29998779296875
2025-08-18,294.1499938964844
2025-08-19,295.20001220703125
2025-08-20,295.1499938964844
2025-08-21,297.6000061035156
2025-08-22,295.8999938964844
2025-08-25,294.0
2025-08-26,288.04998779296875
2025-08-28,283.04998779296875
2025-08-29,284.1499938964844
2025-09-01,284.3999938964844
2025-09-02,301.8999938964844
2025-09-03,315.25
2025-09-04,310.6499938964844
2025-09-05,308.04998779296875
2025-09-08,314.1000061035156
2025-09-09,309.0
2025-09-10,308.79998779296875
2025-09-11,307.29998779296875
2025-09-12,309.5
2025-09-15,322.54998779296875
2025-09-16,323.04998779296875
2025-09-17,319.95001220703125
2025-09-18,316.6499938964844
2025-09-19,320.3500061035156
2025-09-22,323.25
2025-09-23,322.54998779296875
2025-09-24,316.6000061035156
2025-09-25,310.54998779296875
2025-09-26,303.3500061035156
2025-09-29,301.1499938964844
2025-09-30,301.6000061035156
2025-10-01,307.04998779296875
2025-10-03,315.8500061035156
2025-10-06,317.45001220703125
2025-10-07,324.1499938964844
2025-10-08,356.6499938964844
2025-10-09,337.70001220703125
2025-10-10,340.5
2025-10-13,340.45001220703125
2025-10-14,327.6000061035156
2025-10-15,325.1000061035156
2025-10-16,336.54998779296875
2025-10-17,336.3500061035156
2025-10-20,333.95001220703125
2025-10-21,335.3500061035156
2025-10-23,328.70001220703125
2025-10-24,329.75
2025-10-27,332.6000061035156
2025-10-28,329.95001220703125
2025-10-29,332.6000061035156
2025-10-30,329.20001220703125
2025-10-31,324.70001220703125
2025-11-03,327.0
2025-11-04,323.3999938964844
2025-11-06,315.8500061035156
2025-11-07,314.54998779296875
2025-11-10,317.54998779296875
2025-11-11,316.25
2025-11-12,321.8500061035156
2025-11-13,323.0
2025-11-14,316.54998779296875
2025-11-17,316.20001220703125
2025-11-18,311.95001220703125
2025-11-19,308.1499938964844
2025-11-20,305.6499938964844
2025-11-21,297.25
2025-11-24,325.1499938964844
2025-11-25,311.04998779296875
2025-11-26,309.6000061035156
2025-11-27,314.1000061035156
2025-11-28,309.3999938964844
2025-12-01,308.3999938964844
2025-12-02,305.95001220703125
2025-12-03,305.04998779296875
2025-12-04,303.0
2025-12-05,301.6000061035156
2025-12-08,306.0
2025-12-09,304.79998779296875
2025-12-10,301.3500061035156
2025-12-11,302.54998779296875
2025-12-12,305.1000061035156
2025-12-15,303.6000061035156
2025-12-16,301.8500061035156
2025-12-17,299.5
2025-12-18,294.25
2025-12-19,313.79998779296875
2025-12-22,312.6000061035156
2025-12-23,310.3500061035156
2025-12-24,313.1000061035156
2025-12-26,313.95001220703125
2025-12-29,312.54998779296875
2025-12-30,310.25
2025-12-31,309.8500061035156
2026-01-01,310.8500061035156
2026-01-02,312.04998779296875
2026-01-05,312.25
2026-01-06,309.45001220703125
2026-01-07,310.1000061035156
2026-01-08,303.6000061035156
2026-01-09,298.54998779296875
2026-01-12,296.1000061035156
2026-01-13,305.0
2026-01-14,301.04998779296875
2026-01-15,301.04998779296875
2026-01-16,301.95001220703125
2026-01-19,297.6000061035156
2026-01-20,290.54998779296875
2026-01-21,286.6000061035156
2026-01-22,290.70001220703125
2026-01-23,279.6499938964844
2026-01-27,279.04998779296875
2026-01-28,292.8999938964844
2026-01-29,291.3500061035156
2026-01-30,288.95001220703125
2026-02-02,283.45001220703125
2026-02-03,289.29998779296875
2026-02-04,290.75
2026-02-05,293.3500061035156
2026-02-06,289.8999938964844
2026-02-09,294.0
2026-02-10,296.0
2026-02-11,293.5
2026-02-12,293.6000061035156
2026-02-13,289.1000061035156
2026-02-16,282.75
2026-02-17,283.8500061035156
2026-02-18,285.79998779296875
2026-02-19,281.75
2026-02-20,280.6000061035156
2026-02-23,278.45001220703125
2026-02-24,273.5
2026-02-25,270.79998779296875
2026-02-26,273.6000061035156
2026-02-27,270.29998779296875
2026-03-02,260.5
2026-03-04,253.3000030517578
2026-03-05,256.70001220703125
2026-03-06,259.1499938964844
2026-03-09,250.8000030517578
2026-03-10,256.79998779296875
2026-03-11,253.39999389648438
2026-03-12,258.95001220703125
2026-03-13,242.3000030517578
2026-03-16,277.1499938964844
2026-03-17,275.25
2026-03-18,264.3999938964844
2026-03-19,274.54998779296875
2026-03-20,270.6000061035156
2026-03-23,253.4499969482422
2026-03-24,256.04998779296875
2026-03-25,260.6000061035156
2026-03-27,252.0
2026-03-30,239.0500030517578
2026-04-01,255.33999633789062
2026-04-02,254.8300018310547
2026-04-06,258.2200012207031
2026-04-07,256.8399963378906
2026-04-08,266.75
2026-04-09,297.3900146484375
2026-04-10,292.4599914550781
2026-04-13,289.07000732421875
2026-04-15,291.6000061035156
2026-04-16,291.0400085449219
2026-04-17,297.3299865722656
2026-04-20,291.9100036621094
2026-04-21,294.19000244140625
2026-04-22,304.2300109863281
2026-04-23,303.8500061035156
2026-04-24,298.19000244140625
2026-04-27,299.6700134277344
2026-04-28,305.510009765625
2026-04-29,302.7699890136719
2026-04-30,298.8800048828125
2026-05-01,298.8800048828125
2026-05-04,299.8999938964844
2026-05-05,301.70001220703125
2026-05-06,302.1000061035156
2026-05-07,303.6499938964844
2026-05-08,300.04998779296875
2026-05-11,293.1499938964844
2026-05-12,283.0
2026-05-13,289.04998779296875
2026-05-14,291.29998779296875
2026-05-15,286.75
2026-05-18,284.25
2026-05-19,285.8500061035156
2026-05-20,286.0
2026-05-21,287.20001220703125
2026-05-22,288.6000061035156
2026-05-25,290.75
2026-05-26,300.29998779296875
2026-05-27,301.3999938964844
2026-05-28,301.3999938964844
2026-05-29,300.3999938964844
2026-06-01,295.45001220703125
2026-06-02,296.6000061035156
2026-06-03,297.54998779296875
2026-06-04,301.79998779296875
2026-06-05,302.0
2026-06-08,296.29998779296875
2026-06-09,300.20001220703125
2026-06-10,293.75
2026-06-11,288.79998779296875
2026-06-12,299.25
2026-06-15,301.75
2026-06-16,303.1499938964844
2026-06-17,306.20001220703125
2026-06-18,311.1499938964844
2026-06-19,312.45001220703125
2026-06-22,311.25
2026-06-23,308.6000061035156
2026-06-24,307.45001220703125
2026-06-25,301.6000061035156
2026-06-26,301.6000061035156
2026-06-29,296.1000061035156
2026-06-30,297.70001220703125
2026-07-01,301.79998779296875
2026-07-02,299.70001220703125
2026-07-03,297.95001220703125
2026-07-06,297.1000061035156
2026-07-07,292.1499938964844
2026-07-08,284.8999938964844
2026-07-09,287.75
2026-07-10,290.25
2026-07-13,290.54998779296875
2026-07-14,286.54998779296875
2026-07-15,284.5
2026-07-16,285.8500061035156
2026-07-17,284.5
2026-07-20,281.79998779296875
2026-07-21,285.6499938964844
2026-07-22,280.6499938964844
2026-07-23,277.6000061035156
2026-07-24,275.1499938964844
2026-07-27,276.1000061035156
2026-07-28,273.3999938964844
2026-07-29,277.1499938964844
2026-07-30,273.45001220703125
2026-07-31,276.70001220703125
2026-08-03,282.1499938964844
2026-08-04,282.6000061035156
2026-08-05,281.6000061035156
2026-08-06,287.25
2026-08-07,282.3999938964844
2026-08-10,286.0
2026-08-11,285.5
2026-08-12,283.5
2026-08-13,281.3999938964844
2026-08-14,276.75
2026-08-17,277.25
2026-08-18,280.3500061035156
2026-08-19,279.95001220703125
2026-08-20,279.5
2026-08-21,279.25
2026-08-24,279.0
2026-08-25,278.1499938964844
2026-08-26,278.54998779296875
2026-08-27,275.20001220703125
2026-08-28,275.5
2026-08-31,270.95001220703125
2026-09-01,268.54998779296875
2026-09-02,267.70001220703125
2026-09-03,268.45001220703125
2026-09-04,272.5
2026-09-07,270.6000061035156
2026-09-08,270.20001220703125
2026-09-09,267.45001220703125
2026-09-10,263.5
2026-09-11,262.8500061035156
2026-09-14,262.8500061035156
2026-09-15,255.39999389648438
2026-09-16,255.5
2026-09-18,256.29998779296875
2026-09-21,255.14999389648438
