Date,MHRIL
2009-07-16,126.30372619628906
2009-07-17,138.5780029296875
2009-07-20,141.9400177001953
2009-07-21,140.22918701171875
2009-07-22,139.47323608398438
2009-07-23,144.76487731933594
2009-07-24,150.5538787841797
2009-07-27,154.2142791748047
2009-07-28,152.3442840576172
2009-07-29,145.9385986328125
2009-07-30,143.2728729248047
2009-07-31,142.45724487304688
2009-08-03,136.74778747558594
2009-08-04,136.2703857421875
2009-08-05,139.13502502441406
2009-08-06,138.8565216064453
2009-08-07,136.131103515625
2009-08-10,133.34600830078125
2009-08-11,135.35525512695312
2009-08-12,131.87388610839844
2009-08-13,137.5435333251953
2009-08-14,134.4600372314453
2009-08-17,129.6060333251953
2009-08-18,131.29701232910156
2009-08-19,128.5914764404297
2009-08-20,130.24261474609375
2009-08-21,128.96945190429688
2009-08-24,138.71725463867188
2009-08-25,134.73855590820312
2009-08-26,134.7186737060547
2009-08-27,135.8127899169922
2009-08-28,134.4600372314453
2009-08-31,137.0661163330078
2009-09-01,133.16697692871094
2009-09-02,132.8486785888672
2009-09-03,131.893798828125
2009-09-04,132.57017517089844
2009-09-07,135.41493225097656
2009-09-08,134.95738220214844
2009-09-09,132.6298370361328
2009-09-10,131.67495727539062
2009-09-11,130.04368591308594
2009-09-14,130.64051818847656
2009-09-15,134.8380126953125
2009-09-16,134.47996520996094
2009-09-17,132.3911590576172
2009-09-18,131.5755157470703
2009-09-22,130.5609588623047
2009-09-23,128.25326538085938
2009-09-24,129.3673095703125
2009-09-25,134.818115234375
2009-09-29,138.25970458984375
2009-09-30,140.01036071777344
2009-10-01,136.38973999023438
2009-10-05,133.26644897460938
2009-10-06,133.08740234375
2009-10-07,132.4508056640625
2009-10-08,135.93215942382812
2009-10-09,134.28103637695312
2009-10-12,137.3446044921875
2009-10-13,137.3446044921875
2009-10-14,136.86717224121094
2009-10-15,141.3631134033203
2009-10-16,139.57269287109375
2009-10-20,142.45724487304688
2009-10-21,139.81141662597656
2009-10-22,136.2703857421875
2009-10-23,139.55279541015625
2009-10-26,139.13502502441406
2009-10-27,133.30625915527344
2009-10-28,133.60464477539062
2009-10-29,135.7531280517578
2009-10-30,137.08599853515625
2009-11-03,132.55029296875
2009-11-04,138.33929443359375
2009-11-05,136.19078063964844
2009-11-06,136.1510009765625
2009-11-09,137.04617309570312
2009-11-10,137.30482482910156
2009-11-11,138.69735717773438
2009-11-12,141.50234985351562
2009-11-13,141.72119140625
2009-11-16,143.39222717285156
2009-11-17,145.46116638183594
2009-11-18,147.01284790039062
2009-11-19,146.13751220703125
2009-11-20,145.30201721191406
2009-11-23,144.66542053222656
2009-11-24,144.16807556152344
2009-11-25,147.4902801513672
2009-11-26,148.50485229492188
2009-11-27,144.24765014648438
2009-11-30,144.78477478027344
2009-12-01,149.45974731445312
2009-12-02,152.76206970214844
2009-12-03,153.37876892089844
2009-12-04,153.49810791015625
2009-12-07,153.6373748779297
2009-12-08,156.74075317382812
2009-12-09,155.58692932128906
2009-12-10,157.01922607421875
2009-12-11,158.3123321533203
2009-12-14,159.26724243164062
2009-12-15,157.99407958984375
2009-12-16,156.72085571289062
2009-12-17,169.09458923339844
2009-12-18,172.29745483398438
2009-12-21,177.23104858398438
2009-12-22,176.73370361328125
2009-12-23,182.9205780029297
2009-12-24,182.76141357421875
2009-12-29,181.289306640625
2009-12-30,181.80653381347656
2009-12-31,184.5916290283203
2010-01-04,185.8847198486328
2010-01-05,184.25344848632812
2010-01-06,185.92449951171875
2010-01-07,184.23353576660156
2010-01-08,180.6129150390625
2010-01-11,181.92593383789062
2010-01-12,182.54263305664062
2010-01-13,180.9908905029297
2010-01-14,183.0797119140625
2010-01-15,183.218994140625
2010-01-18,183.85557556152344
2010-01-19,195.5131378173828
2010-01-20,200.38705444335938
2010-01-21,180.59303283691406
2010-01-22,181.44847106933594
2010-01-25,176.23638916015625
2010-01-27,165.93154907226562
2010-01-28,165.69284057617188
2010-01-29,169.61181640625
2010-02-01,170.44735717773438
2010-02-02,171.54150390625
2010-02-03,171.10385131835938
2010-02-04,167.20472717285156
2010-02-05,172.4168243408203
2010-02-08,175.04275512695312
2010-02-09,174.2868194580078
2010-02-10,170.9447021484375
2010-02-11,171.60116577148438
2010-02-15,170.76565551757812
2010-02-16,175.02288818359375
2010-02-17,174.68466186523438
2010-02-18,174.92340087890625
2010-02-19,171.42214965820312
2010-02-22,173.15289306640625
2010-02-23,172.5560760498047
2010-02-24,170.06939697265625
2010-02-25,168.3187713623047
2010-02-26,174.26690673828125
2010-03-02,176.4552001953125
2010-03-03,179.08116149902344
2010-03-04,187.7547149658203
2010-03-05,189.84352111816406
2010-03-08,205.61903381347656
2010-03-09,209.0208282470703
2010-03-10,205.83786010742188
2010-03-11,204.3856658935547
2010-03-12,207.0314483642578
2010-03-15,206.25564575195312
2010-03-16,209.339111328125
2010-03-17,209.1600799560547
2010-03-18,212.12417602539062
2010-03-19,220.8176727294922
2010-03-22,209.7966766357422
2010-03-23,210.89080810546875
2010-03-25,213.33770751953125
2010-03-26,218.9675750732422
2010-03-29,225.67166137695312
2010-03-30,225.11468505859375
2010-03-31,216.7196044921875
2010-04-01,213.91461181640625
2010-04-05,214.23291015625
2010-04-06,213.61622619628906
2010-04-07,213.83506774902344
2010-04-08,209.06063842773438
2010-04-09,212.76080322265625
2010-04-12,211.12953186035156
2010-04-13,211.88551330566406
2010-04-15,208.68264770507812
2010-04-16,207.8868865966797
2010-04-19,205.02223205566406
2010-04-20,202.8936309814453
2010-04-21,202.29685974121094
2010-04-22,201.10321044921875
2010-04-23,196.36856079101562
2010-04-26,193.1856231689453
2010-04-27,197.68154907226562
2010-04-28,194.81687927246094
2010-04-29,200.72525024414062
2010-04-30,201.99842834472656
2010-05-03,198.67623901367188
2010-05-04,192.01190185546875
2010-05-05,191.75328063964844
2010-05-06,188.4708709716797
2010-05-07,189.82362365722656
2010-05-10,196.8261260986328
2010-05-11,194.4588165283203
2010-05-12,199.33270263671875
2010-05-13,198.7160186767578
2010-05-14,195.5330352783203
2010-05-17,193.7227325439453
2010-05-18,194.10072326660156
2010-05-19,190.57955932617188
2010-05-20,191.51455688476562
2010-05-21,187.1777801513672
2010-05-24,189.36607360839844
2010-05-25,188.59022521972656
2010-05-26,189.20692443847656
2010-05-27,185.8250274658203
2010-05-28,185.96429443359375
2010-05-31,186.22288513183594
2010-06-01,187.01866149902344
2010-06-02,187.15789794921875
2010-06-03,193.1657257080078
2010-06-04,190.55967712402344
2010-06-07,185.98414611816406
2010-06-08,189.86338806152344
2010-06-09,193.1657257080078
2010-06-10,195.1948699951172
2010-06-11,200.3472900390625
2010-06-14,200.66554260253906
2010-06-15,196.56752014160156
2010-06-16,198.23855590820312
2010-06-17,204.90289306640625
2010-06-18,201.0833282470703
2010-06-21,202.05809020996094
2010-06-22,201.2225799560547
2010-06-23,206.71319580078125
2010-06-24,206.51426696777344
2010-06-25,206.29541015625
2010-06-28,209.21978759765625
2010-06-29,205.36041259765625
2010-06-30,208.58319091796875
2010-07-01,208.00628662109375
2010-07-02,208.3643341064453
2010-07-05,207.8868865966797
2010-07-06,207.92669677734375
2010-07-07,208.88157653808594
2010-07-08,208.82188415527344
2010-07-09,210.21444702148438
2010-07-12,214.84962463378906
2010-07-13,212.00486755371094
2010-07-14,216.89866638183594
2010-07-15,216.1170654296875
2010-07-16,214.83445739746094
2010-07-19,219.98489379882812
2010-07-20,218.58206176757812
2010-07-21,220.1051483154297
2010-07-22,226.03713989257812
2010-07-23,225.51608276367188
2010-07-26,218.18125915527344
2010-07-27,206.4174346923828
2010-07-28,196.8180389404297
2010-07-29,197.45932006835938
2010-07-30,192.62957763671875
2010-08-02,191.16661071777344
2010-08-03,189.0823974609375
2010-08-04,187.9601287841797
2010-08-05,189.0423126220703
2010-08-06,190.38502502441406
2010-08-09,189.4030303955078
2010-08-10,192.10853576660156
2010-08-11,191.34698486328125
2010-08-12,189.4030303955078
2010-08-13,190.1846160888672
2010-08-16,189.8238983154297
2010-08-17,189.8238983154297
2010-08-18,190.32489013671875
2010-08-19,190.52532958984375
2010-08-20,194.3931427001953
2010-08-23,196.9182586669922
2010-08-24,194.65367126464844
2010-08-25,189.92408752441406
2010-08-26,192.66966247558594
2010-08-27,190.98623657226562
2010-08-30,194.2929229736328
2010-08-31,190.98623657226562
2010-09-01,193.7518310546875
2010-09-02,196.95831298828125
2010-09-03,201.22694396972656
2010-09-06,198.8822479248047
2010-09-07,195.3951873779297
2010-09-08,195.59556579589844
2010-09-09,199.48342895507812
2010-09-13,203.6117706298828
2010-09-14,202.58970642089844
2010-09-15,201.36724853515625
2010-09-16,200.28501892089844
2010-09-17,200.80609130859375
2010-09-20,203.97250366210938
2010-09-21,200.5054931640625
2010-09-22,199.92430114746094
2010-09-23,198.78201293945312
2010-09-24,197.0585174560547
2010-09-27,194.23281860351562
2010-09-28,194.2528533935547
2010-09-29,194.07247924804688
2010-09-30,188.72166442871094
2010-10-01,192.1886749267578
2010-10-04,192.0684356689453
2010-10-05,191.6475830078125
2010-10-06,192.24880981445312
2010-10-07,190.34495544433594
2010-10-08,186.55731201171875
2010-10-11,188.7016143798828
2010-10-12,188.86196899414062
2010-10-13,189.34292602539062
2010-10-14,187.19859313964844
2010-10-15,190.52532958984375
2010-10-18,187.90000915527344
2010-10-19,186.65748596191406
2010-10-20,184.31277465820312
2010-10-21,184.8939208984375
2010-10-22,186.23663330078125
2010-10-25,186.57733154296875
2010-10-26,175.57510375976562
2010-10-27,169.98379516601562
2010-10-28,169.4426727294922
2010-10-29,164.61293029785156
2010-11-01,157.21795654296875
2010-11-02,156.45643615722656
2010-11-03,158.64083862304688
2010-11-04,160.063720703125
2010-11-08,158.60073852539062
2010-11-09,155.17381286621094
2010-11-10,156.93739318847656
2010-11-11,157.23800659179688
2010-11-12,154.59263610839844
2010-11-15,156.23597717285156
2010-11-16,152.1276397705078
2010-11-18,146.69667053222656
2010-11-19,144.8529510498047
2010-11-22,147.45819091796875
2010-11-23,144.95318603515625
2010-11-24,144.75274658203125
2010-11-25,139.80271911621094
2010-11-26,138.56021118164062
2010-11-29,139.42196655273438
2010-11-30,139.88290405273438
2010-12-01,141.8468780517578
2010-12-02,143.6505126953125
2010-12-03,142.26773071289062
2010-12-06,141.00515747070312
2010-12-07,141.3258056640625
2010-12-08,141.8668975830078
2010-12-09,137.0572052001953
2010-12-10,138.6804656982422
2010-12-13,142.12742614746094
2010-12-14,147.95924377441406
2010-12-15,147.3780517578125
2010-12-16,153.22991943359375
2010-12-20,157.39834594726562
2010-12-21,163.31027221679688
2010-12-22,161.68699645996094
2010-12-23,161.5266876220703
2010-12-24,167.59893798828125
2010-12-27,168.22021484375
2010-12-28,170.64511108398438
2010-12-29,171.6872100830078
2010-12-30,172.6090545654297
2010-12-31,173.9317626953125
2011-01-03,168.66110229492188
2011-01-04,167.65908813476562
2011-01-05,162.22808837890625
2011-01-06,164.33236694335938
2011-01-07,159.0216064453125
2011-01-10,152.66876220703125
2011-01-11,151.44627380371094
2011-01-12,151.6466827392578
2011-01-13,151.82704162597656
2011-01-14,148.68067932128906
2011-01-17,146.95721435546875
2011-01-18,149.08148193359375
2011-01-19,149.96328735351562
2011-01-20,150.0033721923828
2011-01-21,152.52845764160156
2011-01-24,154.21185302734375
2011-01-25,151.84707641601562
2011-01-27,151.10557556152344
2011-01-28,143.4501190185547
2011-01-31,148.42015075683594
2011-02-01,148.52035522460938
2011-02-02,143.5302734375
2011-02-03,144.21168518066406
2011-02-04,144.4320831298828
2011-02-07,144.95318603515625
2011-02-08,142.50819396972656
2011-02-09,136.9970703125
2011-02-10,136.37583923339844
2011-02-11,141.00515747070312
2011-02-14,148.6205596923828
2011-02-15,144.4521484375
2011-02-16,142.9490966796875
2011-02-17,142.62843322753906
2011-02-18,140.8648681640625
2011-02-21,140.52420043945312
2011-02-22,142.84889221191406
2011-02-23,146.7167205810547
2011-02-24,147.9993133544922
2011-02-25,141.88694763183594
2011-02-28,146.5163116455078
2011-03-01,152.4483184814453
2011-03-03,149.72279357910156
2011-03-04,144.61245727539062
2011-03-07,141.18553161621094
2011-03-08,142.2276153564453
2011-03-09,142.38795471191406
2011-03-10,148.23980712890625
2011-03-11,143.55029296875
2011-03-14,143.41001892089844
2011-03-15,142.40798950195312
2011-03-16,142.62843322753906
2011-03-17,141.3458709716797
2011-03-18,140.1835174560547
2011-03-21,140.1234130859375
2011-03-22,140.023193359375
2011-03-23,144.69259643554688
2011-03-24,142.6685333251953
2011-03-25,149.14161682128906
2011-03-28,148.9612579345703
2011-03-29,143.73069763183594
2011-03-30,143.2096405029297
2011-03-31,139.3017120361328
2011-04-01,142.8889617919922
2011-04-04,144.21168518066406
2011-04-05,146.1756134033203
2011-04-06,156.0556182861328
2011-04-07,155.73495483398438
2011-04-08,155.17381286621094
2011-04-11,152.7288818359375
2011-04-13,154.33212280273438
2011-04-15,153.24993896484375
2011-04-18,151.32606506347656
2011-04-19,148.11956787109375
2011-04-20,149.76287841796875
2011-04-21,151.686767578125
2011-04-25,152.5885772705078
2011-04-26,152.96934509277344
2011-04-27,152.78900146484375
2011-04-28,154.23191833496094
2011-04-29,152.34811401367188
2011-05-02,152.84913635253906
2011-05-03,147.4381866455078
2011-05-04,146.69667053222656
2011-05-05,146.31590270996094
2011-05-06,151.12564086914062
2011-05-09,149.10153198242188
2011-05-10,147.57846069335938
2011-05-11,147.71873474121094
2011-05-12,147.7788543701172
2011-05-13,151.7669219970703
2011-05-16,148.29991149902344
2011-05-17,146.7367706298828
2011-05-18,146.61651611328125
2011-05-19,148.50033569335938
2011-05-20,148.23980712890625
2011-05-23,144.37197875976562
2011-05-24,145.37400817871094
2011-05-25,142.28775024414062
2011-05-26,141.9671173095703
2011-05-27,146.4962615966797
2011-05-30,143.5904083251953
2011-05-31,143.51023864746094
2011-06-01,143.9711456298828
2011-06-02,144.33189392089844
2011-06-03,145.81491088867188
2011-06-06,145.81491088867188
2011-06-07,146.09548950195312
2011-06-08,145.85496520996094
2011-06-09,146.35601806640625
2011-06-10,145.81491088867188
2011-06-13,146.19564819335938
2011-06-14,145.63453674316406
2011-06-15,144.07138061523438
2011-06-16,144.33189392089844
2011-06-17,142.40798950195312
2011-06-20,139.0010986328125
2011-06-21,138.5201416015625
2011-06-22,136.33570861816406
2011-06-23,135.65435791015625
2011-06-24,134.51202392578125
2011-06-27,135.4339141845703
2011-06-28,135.9148712158203
2011-06-29,138.01914978027344
2011-06-30,139.70252990722656
2011-07-01,140.74462890625
2011-07-04,140.7646942138672
2011-07-05,142.64849853515625
2011-07-06,147.7788543701172
2011-07-07,145.61447143554688
2011-07-08,148.1395721435547
2011-07-11,149.94322204589844
2011-07-12,149.4422149658203
2011-07-13,149.62258911132812
2011-07-14,152.2965850830078
2011-07-15,152.05352783203125
2011-07-18,152.31686401367188
2011-07-19,154.646484375
2011-07-20,153.32974243164062
2011-07-21,150.85833740234375
2011-07-22,151.58758544921875
2011-07-25,156.6925048828125
2011-07-26,154.20079040527344
2011-07-27,154.5654296875
2011-07-28,153.61334228515625
2011-07-29,154.5046844482422
2011-08-01,151.93194580078125
2011-08-02,149.27821350097656
2011-08-03,149.70361328125
2011-08-04,149.90618896484375
2011-08-05,146.7054901123047
2011-08-08,146.8472900390625
2011-08-09,146.82705688476562
2011-08-10,146.7257537841797
2011-08-11,145.1051483154297
2011-08-12,146.0167694091797
2011-08-16,147.88043212890625
2011-08-17,145.24693298339844
2011-08-18,141.96522521972656
2011-08-19,141.31698608398438
2011-08-22,142.24884033203125
2011-08-23,141.70187377929688
2011-08-24,140.32437133789062
2011-08-25,142.43115234375
2011-08-26,138.31884765625
2011-08-29,143.38327026367188
2011-08-30,140.72950744628906
2011-09-02,140.1420440673828
2011-09-05,140.9523468017578
2011-09-06,141.96522521972656
2011-09-07,142.49192810058594
2011-09-08,137.48831176757812
2011-09-09,137.2451934814453
2011-09-12,136.53619384765625
2011-09-13,132.4644012451172
2011-09-14,129.02064514160156
2011-09-15,135.6448516845703
2011-09-16,133.8013916015625
2011-09-19,133.49755859375
2011-09-20,133.13291931152344
2011-09-21,132.4644012451172
2011-09-22,130.66148376464844
2011-09-23,129.9929962158203
2011-09-26,125.15143585205078
2011-09-27,128.45343017578125
2011-09-28,131.75540161132812
2011-09-29,136.37411499023438
2011-09-30,136.65774536132812
2011-10-03,131.37051391601562
2011-10-04,128.59521484375
2011-10-05,128.2710723876953
2011-10-07,128.12928771972656
2011-10-10,128.83828735351562
2011-10-11,127.64309692382812
2011-10-12,128.3521270751953
2011-10-13,128.31161499023438
2011-10-14,129.28396606445312
2011-10-17,131.73512268066406
2011-10-18,130.58045959472656
2011-10-19,135.40176391601562
2011-10-20,135.23971557617188
2011-10-21,132.86956787109375
2011-10-24,129.70936584472656
2011-10-25,134.0242462158203
2011-10-28,139.71664428710938
2011-10-31,137.9542236328125
2011-11-01,133.35574340820312
2011-11-02,133.03164672851562
2011-11-03,133.55833435058594
2011-11-04,133.6393585205078
2011-11-08,132.72776794433594
2011-11-09,133.6798553466797
2011-11-11,133.7001190185547
2011-11-14,133.7001190185547
2011-11-15,128.574951171875
2011-11-16,124.30060577392578
2011-11-17,124.60444641113281
2011-11-18,123.59156799316406
2011-11-21,122.27483367919922
2011-11-22,122.88257598876953
2011-11-23,121.3429946899414
2011-11-24,118.28409576416016
2011-11-25,119.01337432861328
2011-11-28,121.3429946899414
2011-11-29,122.11280059814453
2011-11-30,124.15878295898438
2011-12-01,123.2876968383789
2011-12-02,125.59707641601562
2011-12-05,122.35587310791016
2011-12-07,121.95071411132812
2011-12-08,121.88995361328125
2011-12-09,122.13304901123047
2011-12-12,119.25645446777344
2011-12-13,116.64321899414062
2011-12-14,119.2969741821289
2011-12-15,121.24170684814453
2011-12-16,117.89920806884766
2011-12-19,111.8421859741211
2011-12-20,113.58433532714844
2011-12-21,113.44253540039062
2011-12-22,119.07413482666016
2011-12-23,122.37613677978516
2011-12-26,126.26559448242188
2011-12-27,121.52532196044922
2011-12-28,120.10728454589844
2011-12-29,120.67449188232422
2011-12-30,123.08513641357422
2012-01-02,117.33197784423828
2012-01-03,118.4664077758789
2012-01-04,116.17729949951172
2012-01-05,117.45353698730469
2012-01-06,118.04100799560547
2012-01-09,118.93232727050781
2012-01-10,120.24909210205078
2012-01-11,120.20858001708984
2012-01-12,115.38726043701172
2012-01-13,118.56770324707031
2012-01-16,117.23070526123047
2012-01-17,121.16068267822266
2012-01-18,117.61558532714844
2012-01-19,121.52532196044922
2012-01-20,119.19569396972656
2012-01-23,117.79791259765625
2012-01-24,121.56582641601562
2012-01-25,120.77578735351562
2012-01-27,121.36325073242188
2012-01-30,119.5400619506836
2012-01-31,122.15328979492188
2012-02-01,120.49217987060547
2012-02-02,119.78314971923828
2012-02-03,120.7352523803711
2012-02-06,122.63947296142578
2012-02-07,121.7886734008789
2012-02-08,127.29871368408203
2012-02-09,124.15878295898438
2012-02-10,123.57131958007812
2012-02-13,122.29508972167969
2012-02-14,129.60809326171875
2012-02-15,130.88430786132812
2012-02-16,130.33737182617188
2012-02-17,129.60809326171875
2012-02-21,133.61911010742188
2012-02-22,127.98748016357422
2012-02-23,124.76652526855469
2012-02-24,122.27483367919922
2012-02-27,118.18280029296875
2012-02-28,121.84943389892578
2012-02-29,120.33012390136719
2012-03-01,118.24358367919922
2012-03-02,117.83843231201172
2012-03-05,117.00787353515625
2012-03-06,114.98210906982422
2012-03-07,113.17918395996094
2012-03-09,112.69300079345703
2012-03-12,111.61935424804688
2012-03-13,112.06501770019531
2012-03-14,111.39651489257812
2012-03-15,109.85693359375
2012-03-16,108.07427215576172
2012-03-19,108.96561431884766
2012-03-20,108.78329467773438
2012-03-21,109.8974609375
2012-03-22,108.7630386352539
2012-03-23,113.8882064819336
2012-03-26,111.59909057617188
2012-03-27,115.97472381591797
2012-03-28,112.89558410644531
2012-03-29,115.04287719726562
2012-03-30,122.05199432373047
2012-04-02,120.5124282836914
2012-04-03,121.40377044677734
2012-04-04,119.35774230957031
2012-04-09,119.96548461914062
2012-04-10,118.04100799560547
2012-04-11,116.66349029541016
2012-04-12,117.06863403320312
2012-04-13,116.2988510131836
2012-04-16,118.56770324707031
2012-04-17,117.61558532714844
2012-04-18,115.54931640625
2012-04-19,116.62297058105469
2012-04-20,116.07603454589844
2012-04-23,117.47378540039062
2012-04-24,117.63585662841797
2012-04-25,118.50692749023438
2012-04-26,117.63585662841797
2012-04-27,119.1551742553711
2012-04-30,117.93971252441406
2012-05-02,118.24358367919922
2012-05-03,117.49403381347656
2012-05-04,118.36511993408203
2012-05-07,112.63221740722656
2012-05-08,110.66724395751953
2012-05-09,111.41677856445312
2012-05-10,110.10003662109375
2012-05-11,109.79617309570312
2012-05-14,107.58808898925781
2012-05-15,115.10365295410156
2012-05-16,111.88269805908203
2012-05-17,112.08527374267578
2012-05-18,110.10003662109375
2012-05-21,109.65436553955078
2012-05-22,109.53280639648438
2012-05-23,108.07427215576172
2012-05-24,106.17005920410156
2012-05-25,108.03375244140625
2012-05-28,109.43153381347656
2012-05-29,107.7096176147461
2012-05-30,107.64886474609375
2012-05-31,107.48680114746094
2012-06-01,107.60834503173828
2012-06-04,105.07614135742188
2012-06-05,106.17005920410156
2012-06-06,110.54569244384766
2012-06-07,110.20130157470703
2012-06-08,111.23445892333984
2012-06-11,109.49230194091797
2012-06-12,112.04476165771484
2012-06-13,114.75928497314453
2012-06-14,111.49779510498047
2012-06-15,110.14054870605469
2012-06-18,106.55494689941406
2012-06-19,109.69488525390625
2012-06-20,110.80904388427734
2012-06-21,111.65986633300781
2012-06-22,113.46279907226562
2012-06-25,116.33936309814453
2012-06-26,116.74451446533203
2012-06-27,116.56221008300781
2012-06-28,114.02999877929688
2012-06-29,121.97097778320312
2012-07-02,119.92497253417969
2012-07-03,118.22332000732422
2012-07-04,119.27669525146484
2012-07-05,119.2159423828125
2012-07-06,122.88257598876953
2012-07-09,124.30060577392578
2012-07-10,125.57682037353516
2012-07-11,126.5086669921875
2012-07-12,127.062744140625
2012-07-13,128.68382263183594
2012-07-16,127.2474136352539
2012-07-17,125.31848907470703
2012-07-18,124.33350372314453
2012-07-19,124.02569580078125
2012-07-20,122.73291778564453
2012-07-23,119.32652282714844
2012-07-24,119.88056182861328
2012-07-25,119.34703826904297
2012-07-26,117.97216796875
2012-07-27,116.2279281616211
2012-07-30,114.48368835449219
2012-07-31,116.20740509033203
2012-08-01,116.35104370117188
2012-08-02,115.59178161621094
2012-08-03,114.99669647216797
2012-08-06,116.1458511352539
2012-08-07,118.56724548339844
2012-08-08,116.69990539550781
2012-08-09,117.31551361083984
2012-08-10,119.40859985351562
2012-08-13,121.41960144042969
2012-08-14,121.46063995361328
2012-08-16,121.46063995361328
2012-08-17,123.08175659179688
2012-08-21,121.13230895996094
2012-08-22,124.06674194335938
2012-08-23,121.70686340332031
2012-08-24,118.89558410644531
2012-08-27,117.7874755859375
2012-08-28,115.53022766113281
2012-08-29,113.99119567871094
2012-08-30,113.3960952758789
2012-08-31,111.46717834472656
2012-09-03,110.79000854492188
2012-09-04,110.6053237915039
2012-09-05,109.6408462524414
2012-09-06,112.96517181396484
2012-09-07,114.83252716064453
2012-09-10,114.81201934814453
2012-09-11,115.71492004394531
2012-09-12,116.24844360351562
2012-09-13,117.04874420166016
2012-09-14,115.03773498535156
2012-09-17,115.81752014160156
2012-09-18,115.94062805175781
2012-09-20,116.88457489013672
2012-09-21,119.79846954345703
2012-09-24,117.00770568847656
2012-09-25,118.69038391113281
2012-09-26,118.83402252197266
2012-09-27,119.24443054199219
2012-09-28,118.7724609375
2012-10-01,118.07477569580078
2012-10-03,116.82301330566406
2012-10-04,115.71492004394531
2012-10-05,115.65335083007812
2012-10-08,115.9611587524414
2012-10-09,114.68888854980469
2012-10-10,114.44264221191406
2012-10-11,114.5862808227539
2012-10-12,115.30451202392578
2012-10-15,116.57676696777344
2012-10-16,117.5412368774414
2012-10-17,117.7874755859375
2012-10-18,118.85455322265625
2012-10-19,118.54673767089844
2012-10-22,117.7874755859375
2012-10-23,118.7314224243164
2012-10-25,115.69438171386719
2012-10-29,114.13484191894531
2012-10-30,112.431640625
2012-10-31,113.3755874633789
2012-11-01,114.15534973144531
2012-11-02,113.60130310058594
2012-11-05,116.9461441040039
2012-11-06,115.1813735961914
2012-11-07,114.87357330322266
2012-11-08,115.69438171386719
2012-11-09,114.50419616699219
2012-11-12,114.05274963378906
2012-11-15,114.13484191894531
2012-11-16,115.34554290771484
2012-11-19,116.80249786376953
2012-11-20,118.89558410644531
2012-11-21,124.99016571044922
2012-11-22,122.83551025390625
2012-11-23,124.18987274169922
2012-11-26,133.17784118652344
2012-11-27,131.16683959960938
2012-11-29,132.623779296875
2012-11-30,132.9315643310547
2012-12-03,139.4160614013672
2012-12-04,136.35850524902344
2012-12-05,135.39405822753906
2012-12-06,131.59774780273438
2012-12-07,131.18734741210938
2012-12-10,134.45010375976562
2012-12-11,133.3214569091797
2012-12-12,134.9220733642578
2012-12-13,132.8289794921875
2012-12-14,134.01918029785156
2012-12-17,134.203857421875
2012-12-18,134.69635009765625
2012-12-19,134.1422882080078
2012-12-20,134.7579345703125
2012-12-21,133.6292724609375
2012-12-24,137.79493713378906
2012-12-26,141.44757080078125
2012-12-27,142.06320190429688
2012-12-28,140.2573699951172
2012-12-31,138.12326049804688
2013-01-01,139.5186309814453
2013-01-02,139.3544921875
2013-01-03,140.13426208496094
2013-01-04,137.81546020507812
2013-01-07,137.8565216064453
2013-01-08,141.1397705078125
2013-01-09,138.28741455078125
2013-01-10,136.93307495117188
2013-01-11,135.35301208496094
2013-01-14,135.00413513183594
2013-01-15,136.5021514892578
2013-01-16,136.15330505371094
2013-01-17,136.31747436523438
2013-01-18,133.01368713378906
2013-01-21,134.18331909179688
2013-01-22,131.3104705810547
2013-01-23,128.642822265625
2013-01-24,126.50868225097656
2013-01-25,128.29396057128906
2013-01-28,126.44711303710938
2013-01-29,124.18987274169922
2013-01-30,124.10777282714844
2013-01-31,124.76443481445312
2013-02-01,123.51268005371094
2013-02-04,122.01467895507812
2013-02-05,121.48117065429688
2013-02-06,121.66584777832031
2013-02-07,121.13230895996094
2013-02-08,121.17337036132812
2013-02-11,122.07624816894531
2013-02-12,121.13230895996094
2013-02-13,122.30197143554688
2013-02-14,119.22392272949219
2013-02-15,120.39356994628906
2013-02-18,122.81498718261719
2013-02-19,121.93260192871094
2013-02-20,120.9271011352539
2013-02-21,119.05974578857422
2013-02-22,120.18836212158203
2013-02-25,116.80249786376953
2013-02-26,113.12934112548828
2013-02-27,113.3755874633789
2013-02-28,115.14033508300781
2013-03-01,118.42362213134766
2013-03-04,113.51921844482422
2013-03-05,114.64784240722656
2013-03-06,113.21141052246094
2013-03-07,113.12934112548828
2013-03-08,112.431640625
2013-03-11,112.02123260498047
2013-03-12,112.10331726074219
2013-03-13,109.59980773925781
2013-03-14,110.33854675292969
2013-03-15,109.8255386352539
2013-03-18,111.24144744873047
2013-03-19,109.59980773925781
2013-03-20,106.19341278076172
2013-03-21,105.37260437011719
2013-03-22,104.10032653808594
2013-03-25,102.54076385498047
2013-03-26,103.44367980957031
2013-03-28,105.45468139648438
2013-04-01,109.84605407714844
2013-04-02,109.76398468017578
2013-04-03,109.8255386352539
2013-04-04,107.97869873046875
2013-04-05,107.93765258789062
2013-04-08,106.72694396972656
2013-04-09,109.51774597167969
2013-04-10,106.21394348144531
2013-04-11,108.16337585449219
2013-04-12,107.19892120361328
2013-04-15,106.68590545654297
2013-04-16,106.41914367675781
2013-04-17,105.41364288330078
2013-04-18,106.62434387207031
2013-04-22,105.37260437011719
2013-04-23,106.25498962402344
2013-04-25,103.87460327148438
2013-04-26,102.82804870605469
2013-04-29,104.8801040649414
2013-04-30,106.15237426757812
2013-05-02,106.6859130859375
2013-05-03,106.37809753417969
2013-05-06,104.42865753173828
2013-05-07,103.81303405761719
2013-05-08,104.03877258300781
2013-05-09,103.1358642578125
2013-05-10,103.17691040039062
2013-05-13,102.62284851074219
2013-05-14,102.17140197753906
2013-05-15,102.27400207519531
2013-05-16,102.3766098022461
2013-05-17,103.30003356933594
2013-05-20,102.10983276367188
2013-05-21,102.4997329711914
2013-05-22,102.19193267822266
2013-05-23,100.94017791748047
2013-05-24,100.63235473632812
2013-05-27,102.41764068603516
2013-05-28,102.80753326416016
2013-05-29,102.58181762695312
2013-05-30,102.23296356201172
2013-05-31,101.5557861328125
2013-06-03,101.67890930175781
2013-06-04,102.06880187988281
2013-06-05,100.7144546508789
2013-06-06,100.83757019042969
2013-06-07,100.28352355957031
2013-06-10,100.16040802001953
2013-06-11,98.49824523925781
2013-06-12,98.41614532470703
2013-06-13,97.75951385498047
2013-06-14,100.63235473632812
2013-06-17,100.42716217041016
2013-06-18,100.30404663085938
2013-06-19,99.2164535522461
2013-06-20,98.51875305175781
2013-06-21,98.84707641601562
2013-06-24,96.8155517578125
2013-06-25,96.46672821044922
2013-06-26,97.92366027832031
2013-06-27,99.33956909179688
2013-06-28,100.75550079345703
2013-07-01,101.06329345703125
2013-07-02,103.79251861572266
2013-07-03,102.540771484375
2013-07-04,103.46418762207031
2013-07-05,101.63787078857422
2013-07-08,100.73497009277344
2013-07-09,103.34107208251953
2013-07-10,103.40263366699219
2013-07-11,104.96649932861328
2013-07-12,105.04989624023438
2013-07-15,109.44957733154297
2013-07-16,107.03079986572266
2013-07-17,106.80142211914062
2013-07-18,107.1767578125
2013-07-19,107.9482650756836
2013-07-22,108.78231811523438
2013-07-23,108.42784881591797
2013-07-24,109.17849731445312
2013-07-25,108.46955871582031
2013-07-26,110.20022583007812
2013-07-29,107.96912384033203
2013-07-30,105.46692657470703
2013-07-31,104.27839660644531
2013-08-01,101.56769561767578
2013-08-02,98.31486511230469
2013-08-05,95.68757629394531
2013-08-06,94.58244323730469
2013-08-07,93.72753143310547
2013-08-08,93.53986358642578
2013-08-12,92.2262191772461
2013-08-13,92.2470703125
2013-08-14,91.7049331665039
2013-08-16,91.55896759033203
2013-08-19,92.14280700683594
2013-08-20,96.4173812866211
2013-08-21,93.83179473876953
2013-08-22,93.10198974609375
2013-08-23,94.3113784790039
2013-08-26,92.9143295288086
2013-08-27,90.89173126220703
2013-08-28,89.32786560058594
2013-08-29,90.51641082763672
2013-08-30,89.70320129394531
2013-09-02,90.24532318115234
2013-09-03,88.93167877197266
2013-09-04,88.22273254394531
2013-09-05,87.55548095703125
2013-09-06,87.0342025756836
2013-09-10,86.34609985351562
2013-09-11,87.99336242675781
2013-09-12,89.95341491699219
2013-09-13,90.64151000976562
2013-09-16,91.85089111328125
2013-09-17,92.47644805908203
2013-09-18,91.20449829101562
2013-09-19,91.49642181396484
2013-09-20,90.39129638671875
2013-09-23,90.82917022705078
2013-09-24,92.20538330078125
2013-09-25,91.72579193115234
2013-09-26,91.579833984375
2013-09-27,89.11934661865234
2013-09-30,89.45297241210938
2013-10-01,89.01509857177734
2013-10-03,89.03593444824219
2013-10-04,88.6397705078125
2013-10-07,88.55635070800781
2013-10-08,88.59806060791016
2013-10-09,88.51466369628906
2013-10-10,88.24357604980469
2013-10-11,88.30615234375
2013-10-14,89.80745697021484
2013-10-15,88.973388671875
2013-10-17,89.7657470703125
2013-10-18,90.78746795654297
2013-10-21,91.64238739013672
2013-10-22,92.12196350097656
2013-10-23,92.03855895996094
2013-10-24,91.8091812133789
2013-10-25,90.82917022705078
2013-10-28,89.16105651855469
2013-10-29,88.13932800292969
2013-10-30,89.32786560058594
2013-10-31,91.53813171386719
2013-11-01,95.02033233642578
2013-11-05,95.37479400634766
2013-11-06,96.85525512695312
2013-11-07,98.25231170654297
2013-11-08,99.4616928100586
2013-11-11,97.27228546142578
2013-11-12,98.60678100585938
2013-11-13,100.98385620117188
2013-11-14,105.6128921508789
2013-11-18,109.88745880126953
2013-11-19,108.761474609375
2013-11-20,107.61463165283203
2013-11-21,106.2593002319336
2013-11-22,102.3392105102539
2013-11-25,101.5051498413086
2013-11-26,104.02818298339844
2013-11-27,104.19498443603516
2013-11-28,105.48777770996094
2013-11-29,104.40351867675781
2013-12-02,105.17501068115234
2013-12-03,104.69541931152344
2013-12-04,105.98821258544922
2013-12-05,106.1758804321289
2013-12-06,105.94651794433594
2013-12-09,105.34182739257812
2013-12-10,104.09072875976562
2013-12-11,102.58943176269531
2013-12-12,101.83877563476562
2013-12-13,100.69194030761719
2013-12-16,100.00382995605469
2013-12-17,100.83789825439453
2013-12-18,101.77621459960938
2013-12-19,103.92391967773438
2013-12-20,104.75798034667969
2013-12-23,110.36703491210938
2013-12-24,110.61724853515625
2013-12-26,110.76322937011719
2013-12-27,110.17938232421875
2013-12-30,109.07424926757812
2013-12-31,108.24017333984375
2014-01-01,110.55470275878906
2014-01-02,108.2818832397461
2014-01-03,106.57205963134766
2014-01-06,109.28276062011719
2014-01-07,110.3670425415039
2014-01-08,109.97085571289062
2014-01-09,106.71802520751953
2014-01-10,106.55120849609375
2014-01-13,106.46781158447266
2014-01-14,105.21671295166016
2014-01-15,108.36529541015625
2014-01-16,107.9482650756836
2014-01-17,105.30012512207031
2014-01-20,105.52949523925781
2014-01-21,105.46693420410156
2014-01-22,104.75798034667969
2014-01-23,105.77970123291016
2014-01-24,102.38091278076172
2014-01-27,99.60765838623047
2014-01-28,100.2957534790039
2014-01-29,100.23320770263672
2014-01-30,96.14630889892578
2014-01-31,96.00035095214844
2014-02-03,94.35308074951172
2014-02-04,92.10112762451172
2014-02-05,93.37305450439453
2014-02-06,93.95689392089844
2014-02-07,95.0828857421875
2014-02-10,96.64674377441406
2014-02-11,95.24968719482422
2014-02-12,95.9794921875
2014-02-13,95.66673278808594
2014-02-14,94.6241455078125
2014-02-17,92.9143295288086
2014-02-18,93.89435577392578
2014-02-19,93.64412689208984
2014-02-20,95.9794921875
2014-02-21,96.20886993408203
2014-02-24,96.60504150390625
2014-02-25,96.14630889892578
2014-02-26,97.52251434326172
2014-02-28,99.35743713378906
2014-03-03,98.60678100585938
2014-03-04,99.50338745117188
2014-03-05,99.27403259277344
2014-03-06,98.5859375
2014-03-07,99.06550598144531
2014-03-10,98.5859375
2014-03-11,97.08463287353516
2014-03-12,98.16889953613281
2014-03-13,97.93953704833984
2014-03-14,97.8144302368164
2014-03-18,96.12545776367188
2014-03-19,98.5859375
2014-03-20,96.91781616210938
2014-03-21,97.4599609375
2014-03-24,97.06376647949219
2014-03-25,96.438232421875
2014-03-26,96.14630889892578
2014-03-27,96.08375549316406
2014-03-28,97.18887329101562
2014-03-31,97.43909454345703
2014-04-01,96.93866729736328
2014-04-02,98.29400634765625
2014-04-03,102.1723861694336
2014-04-04,103.25667572021484
2014-04-07,102.71453857421875
2014-04-09,102.81878662109375
2014-04-10,103.25666809082031
2014-04-11,103.88220977783203
2014-04-15,101.96387481689453
2014-04-16,101.00470733642578
2014-04-17,101.63025665283203
2014-04-21,101.25492858886719
2014-04-22,101.44259643554688
2014-04-23,100.8170394897461
2014-04-24,100.8170394897461
2014-04-25,100.17063903808594
2014-04-28,99.71192932128906
2014-04-29,99.71192932128906
2014-04-30,97.564208984375
2014-05-02,97.96038055419922
2014-05-05,98.98210906982422
2014-05-06,99.16976928710938
2014-05-07,97.12633514404297
2014-05-08,96.2922592163086
2014-05-09,97.2305908203125
2014-05-12,99.83702850341797
2014-05-13,99.44084167480469
2014-05-14,99.8161849975586
2014-05-15,98.43997955322266
2014-05-16,99.9204330444336
2014-05-19,101.29662322998047
2014-05-20,108.19847869873047
2014-05-21,108.67805480957031
2014-05-22,110.78406524658203
2014-05-23,120.35491943359375
2014-05-26,113.26539611816406
2014-05-27,111.63899230957031
2014-05-28,112.01432037353516
2014-05-29,110.9925765991211
2014-05-30,112.51473236083984
2014-06-02,113.51561737060547
2014-06-03,113.056884765625
2014-06-04,125.025634765625
2014-06-05,124.3583984375
2014-06-06,124.9422378540039
2014-06-09,130.03001403808594
2014-06-10,130.6138458251953
2014-06-11,130.32191467285156
2014-06-12,128.23680114746094
2014-06-13,123.27412414550781
2014-06-16,124.85883331298828
2014-06-17,126.90226745605469
2014-06-18,124.00392150878906
2014-06-19,124.31670379638672
2014-06-20,123.4826431274414
2014-06-23,124.3792495727539
2014-06-24,127.50696563720703
2014-06-25,127.17337036132812
2014-06-26,129.42532348632812
2014-06-27,131.1351318359375
2014-06-30,132.24026489257812
2014-07-01,132.59475708007812
2014-07-02,131.44790649414062
2014-07-03,132.11514282226562
2014-07-04,133.42880249023438
2014-07-07,137.1195068359375
2014-07-08,130.90576171875
2014-07-09,128.19508361816406
2014-07-10,128.8206329345703
2014-07-11,125.77629089355469
2014-07-14,123.42008972167969
2014-07-15,125.79715728759766
2014-07-16,127.42356872558594
2014-07-17,130.80149841308594
2014-07-18,131.6564178466797
2014-07-21,130.1551055908203
2014-07-22,129.50872802734375
2014-07-23,128.4244384765625
2014-07-24,128.96658325195312
2014-07-25,125.08821868896484
2014-07-28,124.6711654663086
2014-07-30,121.56430053710938
2014-07-31,122.06472778320312
2014-08-01,120.43831634521484
2014-08-04,120.10469055175781
2014-08-05,120.00042724609375
2014-08-06,118.9578628540039
2014-08-07,117.39399719238281
2014-08-08,117.24803161621094
2014-08-11,117.31057739257812
2014-08-12,119.10382080078125
2014-08-13,119.90742492675781
2014-08-14,121.91646575927734
2014-08-18,123.2699203491211
2014-08-19,128.59915161132812
2014-08-20,129.04324340820312
2014-08-21,128.21849060058594
2014-08-22,129.1701202392578
2014-08-25,125.89222717285156
2014-08-26,123.14302062988281
2014-08-27,125.55387115478516
2014-08-28,126.69584655761719
2014-09-01,127.37255859375
2014-09-02,126.8227310180664
2014-09-03,125.76534271240234
2014-09-04,124.47533416748047
2014-09-05,126.315185546875
2014-09-08,126.5055160522461
2014-09-09,125.51156616210938
2014-09-10,127.05534362792969
2014-09-11,125.68074798583984
2014-09-12,125.80763244628906
2014-09-15,128.51455688476562
2014-09-16,126.27288055419922
2014-09-17,124.58108520507812
2014-09-18,126.6535415649414
2014-09-19,125.68074798583984
2014-09-22,125.84994506835938
2014-09-23,123.94664764404297
2014-09-24,122.61433410644531
2014-09-25,117.8349609375
2014-09-26,116.56610107421875
2014-09-29,125.17321014404297
2014-09-30,121.51465606689453
2014-10-01,120.75334167480469
2014-10-07,121.07054901123047
2014-10-08,120.94366455078125
2014-10-09,121.89530944824219
2014-10-10,120.0977554321289
2014-10-13,117.81381225585938
2014-10-14,118.4482421875
2014-10-15,118.4482421875
2014-10-16,120.01317596435547
2014-10-17,119.73824310302734
2014-10-20,120.11890411376953
2014-10-21,120.58415985107422
2014-10-22,121.57809448242188
2014-10-27,122.08564758300781
2014-10-28,121.11284637451172
2014-10-29,122.17023468017578
2014-10-30,121.76842498779297
2014-10-31,121.51465606689453
2014-11-03,122.02220153808594
2014-11-05,119.04037475585938
2014-11-07,117.7503662109375
2014-11-10,118.63856506347656
2014-11-11,119.44217681884766
2014-11-12,118.61742401123047
2014-11-13,116.56610107421875
2014-11-14,116.60839080810547
2014-11-17,115.86821746826172
2014-11-18,116.86216735839844
2014-11-19,116.27003479003906
2014-11-20,114.43018341064453
2014-11-21,113.4785385131836
2014-11-24,112.35770416259766
2014-11-25,106.77471160888672
2014-11-26,106.56324005126953
2014-11-27,106.20372009277344
2014-11-28,109.27013397216797
2014-12-01,112.52688598632812
2014-12-02,113.1824722290039
2014-12-03,115.12805938720703
2014-12-04,112.52688598632812
2014-12-05,112.25196838378906
2014-12-08,113.05558013916016
2014-12-09,111.70213317871094
2014-12-10,113.56312561035156
2014-12-11,111.59638214111328
2014-12-12,109.88343048095703
2014-12-15,108.02242279052734
2014-12-16,105.16748046875
2014-12-17,103.47566986083984
2014-12-18,106.35175323486328
2014-12-19,106.43634796142578
2014-12-22,105.61158752441406
2014-12-23,104.9983139038086
2014-12-24,104.59649658203125
2014-12-26,105.71733093261719
2014-12-29,106.58438110351562
2014-12-30,107.55718231201172
2014-12-31,106.49978637695312
2015-01-01,108.572265625
2015-01-02,109.31243896484375
2015-01-05,114.02837371826172
2015-01-06,110.3909683227539
2015-01-07,108.65686798095703
2015-01-08,111.15228271484375
2015-01-09,113.4785385131836
2015-01-12,112.0827865600586
2015-01-13,110.96195983886719
2015-01-14,110.4755630493164
2015-01-15,111.80786895751953
2015-01-16,111.00425720214844
2015-01-19,112.54802703857422
2015-01-20,115.27608489990234
2015-01-21,114.38787841796875
2015-01-22,114.30329132080078
2015-01-23,114.78968811035156
2015-01-27,112.84410858154297
2015-01-28,111.2791748046875
2015-01-29,111.15228271484375
2015-01-30,110.53900146484375
2015-02-02,111.21573638916016
2015-02-03,111.44835662841797
2015-02-04,113.41509246826172
2015-02-05,111.51180267333984
2015-02-06,109.1644058227539
2015-02-09,109.41817474365234
2015-02-10,108.6780014038086
2015-02-11,110.66588592529297
2015-02-12,112.0827865600586
2015-02-13,111.25802612304688
2015-02-16,111.1099853515625
2015-02-18,110.58129119873047
2015-02-19,108.65686798095703
2015-02-20,108.88948059082031
2015-02-23,109.185546875
2015-02-24,109.43932342529297
2015-02-25,109.968017578125
2015-02-26,108.02242279052734
2015-02-27,109.10096740722656
2015-03-02,110.43326568603516
2015-03-03,110.79277038574219
2015-03-04,113.56312561035156
2015-03-05,115.88937377929688
2015-03-09,114.49362182617188
2015-03-10,112.78065490722656
2015-03-11,110.22178649902344
2015-03-12,112.16737365722656
2015-03-13,112.04048156738281
2015-03-16,113.24591064453125
2015-03-17,114.93772888183594
2015-03-18,113.45738220214844
2015-03-19,114.49362182617188
2015-03-20,111.06769561767578
2015-03-23,109.92572021484375
2015-03-24,110.0526123046875
2015-03-25,109.79883575439453
2015-03-26,108.78374481201172
2015-03-27,107.17652130126953
2015-03-30,107.4514389038086
2015-03-31,109.03752136230469
2015-04-01,114.19755554199219
2015-04-06,113.75345611572266
2015-04-07,113.90148162841797
2015-04-08,121.30317687988281
2015-04-09,121.11284637451172
2015-04-10,119.65365600585938
2015-04-13,119.54791259765625
2015-04-15,115.86821746826172
2015-04-16,115.08576202392578
2015-04-17,111.8924560546875
2015-04-20,110.8562240600586
2015-04-21,109.86227416992188
2015-04-22,109.968017578125
2015-04-23,109.968017578125
2015-04-24,109.65079498291016
2015-04-27,106.49978637695312
2015-04-28,107.49373626708984
2015-04-29,106.75357055664062
2015-04-30,108.95292663574219
2015-05-04,110.64473724365234
2015-05-05,109.84112548828125
2015-05-06,106.43634796142578
2015-05-07,105.65388488769531
2015-05-08,105.73847198486328
2015-05-11,105.54813385009766
2015-05-12,105.29437255859375
2015-05-13,105.2520751953125
2015-05-14,104.89257049560547
2015-05-15,105.86536407470703
2015-05-18,106.49978637695312
2015-05-19,104.00436401367188
2015-05-20,104.61764526367188
2015-05-21,104.78682708740234
2015-05-22,104.51190948486328
2015-05-25,104.8291244506836
2015-05-26,106.11913299560547
2015-05-27,104.55420684814453
2015-05-28,103.4122314453125
2015-05-29,104.76567840576172
2015-06-01,104.51190948486328
2015-06-02,102.7989501953125
2015-06-03,99.66908264160156
2015-06-04,100.705322265625
2015-06-05,101.19172668457031
2015-06-08,100.66302490234375
2015-06-09,99.66908264160156
2015-06-10,101.55123138427734
2015-06-11,101.9107437133789
2015-06-12,100.66302490234375
2015-06-15,100.66302490234375
2015-06-16,101.65697479248047
2015-06-17,102.14337158203125
2015-06-18,101.95304107666016
2015-06-19,102.41828918457031
2015-06-22,102.6297607421875
2015-06-23,102.9046859741211
2015-06-24,103.4122314453125
2015-06-25,103.03157043457031
2015-06-26,107.40914916992188
2015-06-29,103.4122314453125
2015-06-30,102.7989501953125
2015-07-01,104.0255126953125
2015-07-02,104.49076843261719
2015-07-03,103.79289245605469
2015-07-06,105.16748046875
2015-07-07,118.59626770019531
2015-07-08,117.36971282958984
2015-07-09,114.68395233154297
2015-07-10,118.91348266601562
2015-07-13,117.53888702392578
2015-07-14,123.33336639404297
2015-07-15,121.09170532226562
2015-07-16,119.65473175048828
2015-07-17,122.57157135009766
2015-07-20,120.25525665283203
2015-07-21,119.35446166992188
2015-07-22,122.65736389160156
2015-07-23,122.2498550415039
2015-07-24,121.71367645263672
2015-07-27,120.19091796875
2015-07-28,123.49380493164062
2015-07-29,122.95762634277344
2015-07-30,124.43749237060547
2015-07-31,123.25788879394531
2015-08-03,135.2040557861328
2015-08-04,139.42916870117188
2015-08-05,135.7831268310547
2015-08-06,138.0780029296875
2015-08-07,137.28445434570312
2015-08-10,137.94931030273438
2015-08-11,137.97076416015625
2015-08-12,129.79933166503906
2015-08-13,128.3623504638672
2015-08-14,133.46682739257812
2015-08-17,137.54180908203125
2015-08-18,137.2630157470703
2015-08-19,139.3219451904297
2015-08-20,134.94668579101562
2015-08-21,138.44261169433594
2015-08-24,122.78604125976562
2015-08-25,126.0460433959961
2015-08-26,121.0916976928711
2015-08-27,125.81012725830078
2015-08-28,125.68144226074219
2015-08-31,128.94143676757812
2015-09-01,126.3463134765625
2015-09-02,126.4749984741211
2015-09-03,128.21221923828125
2015-09-04,124.05144500732422
2015-09-07,122.97906494140625
2015-09-08,123.9870834350586
2015-09-09,125.0165786743164
2015-09-10,124.69486236572266
2015-09-11,126.21761322021484
2015-09-14,127.07551574707031
2015-09-15,124.60906982421875
2015-09-16,124.5018310546875
2015-09-18,127.44010925292969
2015-09-21,130.12103271484375
2015-09-22,128.5982666015625
2015-09-23,128.51248168945312
2015-09-24,131.51512145996094
2015-09-28,128.68405151367188
2015-09-29,125.96025848388672
2015-09-30,128.7913055419922
2015-10-01,128.533935546875
2015-10-05,137.13430786132812
2015-10-06,138.63563537597656
2015-10-07,137.1986541748047
2015-10-08,135.82603454589844
2015-10-09,141.8956298828125
2015-10-12,144.96258544921875
2015-10-13,151.20376586914062
2015-10-14,169.21954345703125
2015-10-15,180.02902221679688
2015-10-16,169.79861450195312
2015-10-19,170.2061309814453
2015-10-20,168.53323364257812
2015-10-21,176.2113800048828
2015-10-23,170.67794799804688
2015-10-26,169.62704467773438
2015-10-27,175.26771545410156
2015-10-28,169.19810485839844
2015-10-29,165.14454650878906
2015-10-30,167.50375366210938
2015-11-02,158.7532501220703
2015-11-03,154.59246826171875
2015-11-04,155.38600158691406
2015-11-05,153.67022705078125
2015-11-06,154.549560546875
2015-11-09,153.79891967773438
2015-11-10,154.7640380859375
2015-11-13,162.87112426757812
2015-11-16,166.79598999023438
2015-11-17,169.6484832763672
2015-11-18,171.57875061035156
2015-11-19,172.22216796875
2015-11-20,177.84136962890625
2015-11-23,177.88427734375
2015-11-24,176.91912841796875
2015-11-26,177.0049285888672
2015-11-27,177.04783630371094
2015-11-30,182.3024139404297
2015-12-01,181.12283325195312
2015-12-02,179.38558959960938
2015-12-03,181.61611938476562
2015-12-04,178.05584716796875
2015-12-07,172.97283935546875
2015-12-08,172.92994689941406
2015-12-09,170.5063934326172
2015-12-10,169.51980590820312
2015-12-11,169.84152221679688
2015-12-14,169.2410125732422
2015-12-15,176.53309631347656
2015-12-16,179.5357208251953
2015-12-17,182.8171844482422
2015-12-18,180.4579620361328
2015-12-21,181.53030395507812
2015-12-22,182.538330078125
2015-12-23,193.862548828125
2015-12-24,194.7847900390625
2015-12-28,188.9510955810547
2015-12-29,188.26478576660156
2015-12-30,188.6508331298828
2015-12-31,195.9429473876953
2016-01-01,190.75267028808594
2016-01-04,189.0154266357422
2016-01-05,186.74203491210938
2016-01-06,188.11465454101562
2016-01-07,182.4739990234375
2016-01-08,186.4417724609375
2016-01-11,186.2701873779297
2016-01-12,183.09597778320312
2016-01-13,167.93270874023438
2016-01-14,161.75588989257812
2016-01-15,159.39663696289062
2016-01-18,151.86865234375
2016-01-19,157.14468383789062
2016-01-20,152.5978546142578
2016-01-21,157.68087768554688
2016-01-22,160.9408721923828
2016-01-25,162.14193725585938
2016-01-27,162.52796936035156
2016-01-28,162.8496856689453
2016-01-29,170.97821044921875
2016-02-01,169.94876098632812
2016-02-02,166.19546508789062
2016-02-03,159.37521362304688
2016-02-04,157.50929260253906
2016-02-05,161.06956481933594
2016-02-08,161.9488983154297
2016-02-09,157.31626892089844
2016-02-10,154.7425994873047
2016-02-11,144.1904754638672
2016-02-12,151.73995971679688
2016-02-15,158.7532501220703
2016-02-16,150.13140869140625
2016-02-17,149.23062133789062
2016-02-18,153.47718811035156
2016-02-19,152.6836395263672
2016-02-22,154.46377563476562
2016-02-23,157.7666473388672
2016-02-24,152.72654724121094
2016-02-25,156.95166015625
2016-02-26,154.31362915039062
2016-02-29,155.04286193847656
2016-03-01,157.8739013671875
2016-03-02,164.15797424316406
2016-03-03,166.9461212158203
2016-03-04,164.58692932128906
2016-03-08,165.33758544921875
2016-03-09,166.53863525390625
2016-03-10,162.4421844482422
2016-03-11,160.2545623779297
2016-03-14,162.59231567382812
2016-03-15,160.5333709716797
2016-03-16,163.0856170654297
2016-03-17,162.09902954101562
2016-03-18,160.74786376953125
2016-03-21,160.87652587890625
2016-03-22,160.7049560546875
2016-03-23,160.74786376953125
2016-03-28,160.0186309814453
2016-03-29,160.61917114257812
2016-03-30,164.41534423828125
2016-03-31,165.80941772460938
2016-04-01,165.05874633789062
2016-04-04,171.66453552246094
2016-04-05,173.87362670898438
2016-04-06,173.63771057128906
2016-04-07,173.6162567138672
2016-04-08,173.08006286621094
2016-04-11,176.81190490722656
2016-04-12,178.870849609375
2016-04-13,178.74217224121094
2016-04-18,180.26492309570312
2016-04-20,180.69387817382812
2016-04-21,178.29177856445312
2016-04-22,174.66717529296875
2016-04-25,171.1283721923828
2016-04-26,171.10691833496094
2016-04-27,167.3107452392578
2016-04-28,165.89520263671875
2016-04-29,171.04257202148438
2016-05-02,172.56533813476562
2016-05-03,171.21414184570312
2016-05-04,175.63230895996094
2016-05-05,173.1015167236328
2016-05-06,176.18994140625
2016-05-09,173.48757934570312
2016-05-10,172.0505828857422
2016-05-11,169.97021484375
2016-05-12,173.14439392089844
2016-05-13,171.83612060546875
2016-05-16,174.92454528808594
2016-05-17,180.35072326660156
2016-05-18,181.12283325195312
2016-05-19,176.74755859375
2016-05-20,171.0211181640625
2016-05-23,171.10691833496094
2016-05-24,170.18467712402344
2016-05-25,171.7288818359375
2016-05-26,170.3562469482422
2016-05-27,168.8120574951172
2016-05-30,172.13638305664062
2016-05-31,177.84136962890625
2016-06-01,176.9405975341797
2016-06-02,173.55191040039062
2016-06-03,171.943359375
2016-06-06,174.86021423339844
2016-06-07,175.5036163330078
2016-06-08,175.63230895996094
2016-06-09,175.09613037109375
2016-06-10,171.83612060546875
2016-06-13,174.0880889892578
2016-06-14,175.0103302001953
2016-06-15,175.88967895507812
2016-06-16,175.56796264648438
2016-06-17,176.29718017578125
2016-06-20,176.49020385742188
2016-06-21,176.55453491210938
2016-06-22,176.40440368652344
2016-06-23,177.36952209472656
2016-06-24,172.45809936523438
2016-06-27,174.21676635742188
2016-06-28,175.18191528320312
2016-06-29,177.36952209472656
2016-06-30,177.4338836669922
2016-07-01,176.64031982421875
2016-07-04,183.5892791748047
2016-07-05,178.78506469726562
2016-07-07,177.2194061279297
2016-07-08,176.83334350585938
2016-07-11,179.38558959960938
2016-07-12,180.35072326660156
2016-07-13,180.00755310058594
2016-07-14,179.70729064941406
2016-07-15,180.00755310058594
2016-07-18,178.48480224609375
2016-07-19,178.9351806640625
2016-07-20,180.7796630859375
2016-07-21,184.27415466308594
2016-07-22,184.42608642578125
2016-07-25,186.55316162109375
2016-07-26,184.92529296875
2016-07-27,187.55157470703125
2016-07-28,192.00108337402344
2016-07-29,190.6987762451172
2016-08-01,184.33926391601562
2016-08-02,177.67588806152344
2016-08-03,178.2836151123047
2016-08-04,178.99986267089844
2016-08-05,181.82150268554688
2016-08-08,180.06341552734375
2016-08-09,177.41542053222656
2016-08-10,179.3688507080078
2016-08-11,179.78125
2016-08-12,180.5626220703125
2016-08-16,180.0417022705078
2016-08-17,180.32386779785156
2016-08-18,184.44778442382812
2016-08-19,198.59934997558594
2016-08-22,199.57606506347656
2016-08-23,206.2611541748047
2016-08-24,216.7663116455078
2016-08-25,216.33221435546875
2016-08-26,209.5168914794922
2016-08-29,211.0796356201172
2016-08-30,211.42691040039062
2016-08-31,211.88272094726562
2016-09-01,206.36968994140625
2016-09-02,212.51214599609375
2016-09-06,207.78050231933594
2016-09-07,206.1526336669922
2016-09-08,207.04254150390625
2016-09-09,200.2272186279297
2016-09-12,194.17156982421875
2016-09-14,199.68460083007812
2016-09-15,200.1837921142578
2016-09-16,196.7110137939453
2016-09-19,193.9545135498047
2016-09-20,202.9403076171875
2016-09-21,203.048828125
2016-09-22,207.0208282470703
2016-09-23,204.0472869873047
2016-09-26,201.87677001953125
2016-09-27,202.02870178222656
2016-09-28,200.90005493164062
2016-09-29,193.80258178710938
2016-09-30,193.91110229492188
2016-10-03,201.39927673339844
2016-10-04,201.63803100585938
2016-10-05,200.31402587890625
2016-10-06,198.57763671875
2016-10-07,198.81640625
2016-10-10,202.0504150390625
2016-10-13,198.2520751953125
2016-10-14,197.18853759765625
2016-10-17,193.97622680664062
2016-10-18,197.18853759765625
2016-10-19,193.41189575195312
2016-10-20,192.37005615234375
2016-10-21,192.78245544433594
2016-10-24,201.0085906982422
2016-10-25,198.90321350097656
2016-10-26,196.14669799804688
2016-10-27,193.17312622070312
2016-10-28,193.60723876953125
2016-11-01,197.90480041503906
2016-11-02,192.45687866210938
2016-11-03,189.83058166503906
2016-11-04,188.48489379882812
2016-11-07,191.06776428222656
2016-11-08,194.84442138671875
2016-11-09,187.52987670898438
2016-11-10,187.0089569091797
2016-11-11,180.58432006835938
2016-11-15,178.56576538085938
2016-11-16,181.66957092285156
2016-11-17,183.49278259277344
2016-11-18,180.62774658203125
2016-11-21,175.98291015625
2016-11-22,175.7875518798828
2016-11-23,177.17666625976562
2016-11-24,173.33489990234375
2016-11-25,177.15496826171875
2016-11-28,176.74256896972656
2016-11-29,175.15811157226562
2016-11-30,173.5519561767578
2016-12-01,174.52867126464844
2016-12-02,170.20941162109375
2016-12-05,174.50697326660156
2016-12-06,171.5550994873047
2016-12-07,172.94422912597656
2016-12-08,172.72715759277344
2016-12-09,173.53025817871094
2016-12-12,171.57681274414062
2016-12-13,172.835693359375
2016-12-14,170.83885192871094
2016-12-15,171.83726501464844
2016-12-16,175.28834533691406
2016-12-19,173.5519561767578
2016-12-20,173.44342041015625
2016-12-21,172.07603454589844
2016-12-22,171.83726501464844
2016-12-23,170.83885192871094
2016-12-26,169.31951904296875
2016-12-27,168.6900634765625
2016-12-28,169.99237060546875
2016-12-29,172.14114379882812
2016-12-30,172.79229736328125
2017-01-02,173.5736541748047
2017-01-03,175.3534698486328
2017-01-04,173.0093231201172
2017-01-05,174.31161499023438
2017-01-06,171.4248809814453
2017-01-09,170.99078369140625
2017-01-10,169.27610778808594
2017-01-11,174.3767547607422
2017-01-12,174.20310974121094
2017-01-13,173.48684692382812
2017-01-16,173.0093231201172
2017-01-17,173.70388793945312
2017-01-18,174.26821899414062
2017-01-19,174.83255004882812
2017-01-20,177.26348876953125
2017-01-23,177.4371337890625
2017-01-24,180.41067504882812
2017-01-25,180.95330810546875
2017-01-27,179.45567321777344
2017-01-30,178.52235412597656
2017-01-31,181.75637817382812
2017-02-01,183.79664611816406
2017-02-02,188.61512756347656
2017-02-03,197.31875610351562
2017-02-06,191.97938537597656
2017-02-07,192.69564819335938
2017-02-08,190.7855987548828
2017-02-09,190.24298095703125
2017-02-10,191.197998046875
2017-02-13,190.72047424316406
2017-02-14,191.89254760742188
2017-02-15,190.39492797851562
2017-02-16,192.78245544433594
2017-02-17,190.8507080078125
2017-02-20,191.26312255859375
2017-02-21,190.91583251953125
2017-02-22,189.15774536132812
2017-02-23,188.9189910888672
2017-02-27,189.57012939453125
2017-02-28,188.48489379882812
2017-03-01,185.9020233154297
2017-03-02,183.92686462402344
2017-03-03,182.10366821289062
2017-03-06,182.14707946777344
2017-03-07,186.20587158203125
2017-03-08,183.53619384765625
2017-03-09,185.22915649414062
2017-03-10,182.016845703125
2017-03-14,181.77809143066406
2017-03-15,181.86489868164062
2017-03-16,180.8230743408203
2017-03-17,179.4339599609375
2017-03-20,178.3921356201172
2017-03-21,176.78598022460938
2017-03-22,177.8278045654297
2017-03-23,178.63088989257812
2017-03-24,180.64944458007812
2017-03-27,182.45094299316406
2017-03-28,184.7733612060547
2017-03-29,190.32980346679688
2017-03-30,189.5267333984375
2017-03-31,188.05081176757812
2017-04-03,188.7887725830078
2017-04-05,190.35150146484375
2017-04-06,188.15931701660156
2017-04-07,190.4600372314453
2017-04-10,191.74061584472656
2017-04-11,194.08473205566406
2017-04-12,192.71734619140625
2017-04-13,192.45687866210938
2017-04-17,193.45529174804688
2017-04-18,190.28639221191406
2017-04-19,188.11590576171875
2017-04-20,189.37478637695312
2017-04-21,188.8538818359375
2017-04-24,193.49871826171875
2017-04-25,199.12025451660156
2017-04-26,195.25680541992188
2017-04-27,195.1048583984375
2017-04-28,195.43043518066406
2017-05-02,196.81954956054688
2017-05-03,193.5421142578125
2017-05-04,192.99951171875
2017-05-05,192.0227813720703
2017-05-08,194.1498565673828
2017-05-09,197.2102508544922
2017-05-10,205.1542205810547
2017-05-11,203.15737915039062
2017-05-12,202.4411163330078
2017-05-15,202.61473083496094
2017-05-16,206.08750915527344
2017-05-17,209.64710998535156
2017-05-18,201.89846801757812
2017-05-19,199.2288055419922
2017-05-22,205.3495635986328
2017-05-23,199.25050354003906
2017-05-24,201.2256317138672
2017-05-25,210.18972778320312
2017-05-26,209.9292755126953
2017-05-29,210.233154296875
2017-05-30,216.1151580810547
2017-05-31,217.33062744140625
2017-06-01,221.10726928710938
2017-06-02,220.3693084716797
2017-06-05,222.40792846679688
2017-06-06,220.6104278564453
2017-06-07,227.34010314941406
2017-06-08,235.5165557861328
2017-06-09,239.76918029785156
2017-06-12,238.84849548339844
2017-06-13,242.68463134765625
2017-06-14,257.3934326171875
2017-06-15,261.7557067871094
2017-06-16,261.3611145019531
2017-06-19,253.90805053710938
2017-06-20,263.2024841308594
2017-06-21,262.5448303222656
2017-06-22,267.2139587402344
2017-06-23,260.4404296875
2017-06-27,254.43414306640625
2017-06-28,254.1272735595703
2017-06-29,260.72540283203125
2017-06-30,256.5166320800781
2017-07-03,270.0855712890625
2017-07-04,268.5949401855469
2017-07-05,274.7985534667969
2017-07-06,278.7881164550781
2017-07-07,286.131591796875
2017-07-10,282.6461486816406
2017-07-11,279.7197570800781
2017-07-12,277.74688720703125
2017-07-13,278.8977355957031
2017-07-14,270.5787658691406
2017-07-17,263.21343994140625
2017-07-18,271.6638488769531
2017-07-19,273.3736877441406
2017-07-20,268.77032470703125
2017-07-21,264.5286560058594
2017-07-24,263.8381652832031
2017-07-25,263.77239990234375
2017-07-26,264.1669616699219
2017-07-27,267.3564453125
2017-07-28,268.90185546875
2017-07-31,268.2771301269531
2017-08-01,262.85174560546875
2017-08-02,255.5850067138672
2017-08-03,249.40333557128906
2017-08-04,243.123046875
2017-08-07,251.67214965820312
2017-08-08,249.17318725585938
2017-08-09,244.37254333496094
2017-08-10,230.43093872070312
2017-08-11,225.07131958007812
2017-08-14,233.32447814941406
2017-08-16,237.13868713378906
2017-08-17,239.73629760742188
2017-08-18,241.5447540283203
2017-08-21,236.6454620361328
2017-08-22,236.6783447265625
2017-08-23,233.0943145751953
2017-08-24,232.3709259033203
2017-08-28,239.07867431640625
2017-08-29,239.96646118164062
2017-08-30,238.42105102539062
2017-08-31,236.6783447265625
2017-09-01,239.80206298828125
2017-09-04,237.96072387695312
2017-09-05,245.68777465820312
2017-09-06,241.67628479003906
2017-09-07,239.83493041992188
2017-09-08,240.8213653564453
2017-09-11,236.84275817871094
2017-09-12,234.80413818359375
2017-09-13,229.7733154296875
2017-09-14,225.10418701171875
2017-09-15,227.34010314941406
2017-09-18,229.0828094482422
2017-09-19,228.49095153808594
2017-09-20,228.42518615722656
2017-09-21,235.75767517089844
2017-09-22,231.3516082763672
2017-09-25,223.32861328125
2017-09-26,228.49095153808594
2017-09-27,224.8411407470703
2017-09-28,224.70962524414062
2017-09-29,224.15065002441406
2017-10-03,223.85470581054688
2017-10-04,223.7231903076172
2017-10-05,224.1177520751953
2017-10-06,225.86045837402344
2017-10-09,231.97634887695312
2017-10-10,244.01084899902344
2017-10-11,246.115234375
2017-10-12,252.49417114257812
2017-10-13,252.72434997558594
2017-10-16,253.74365234375
2017-10-17,251.54061889648438
2017-10-18,245.09591674804688
2017-10-19,254.1382293701172
2017-10-23,247.75929260253906
2017-10-24,247.5291290283203
2017-10-25,245.6549072265625
2017-10-26,242.2681427001953
2017-10-27,240.49256896972656
2017-10-30,247.66064453125
2017-10-31,248.482666015625
2017-11-01,247.43048095703125
2017-11-02,234.4095458984375
2017-11-03,235.7905731201172
2017-11-06,234.60684204101562
2017-11-07,231.02279663085938
2017-11-08,224.8740234375
2017-11-09,224.0848846435547
2017-11-10,224.1177520751953
2017-11-13,223.52590942382812
2017-11-14,219.71170043945312
2017-11-15,215.53578186035156
2017-11-16,216.25917053222656
2017-11-17,214.22055053710938
2017-11-20,224.93978881835938
2017-11-21,229.47738647460938
2017-11-22,226.18927001953125
2017-11-23,225.3014678955078
2017-11-24,226.64959716796875
2017-11-27,225.2357177734375
2017-11-28,223.16421508789062
2017-11-29,226.15638732910156
2017-11-30,227.4058837890625
2017-12-01,223.7231903076172
2017-12-04,222.2764129638672
2017-12-05,223.32861328125
2017-12-06,224.24928283691406
2017-12-07,225.2357177734375
2017-12-08,225.7289276123047
2017-12-11,223.92047119140625
2017-12-12,224.4465789794922
2017-12-13,222.30929565429688
2017-12-14,219.9747314453125
2017-12-15,219.67880249023438
2017-12-18,220.17202758789062
2017-12-19,221.42149353027344
2017-12-20,220.10626220703125
2017-12-21,221.98049926757812
2017-12-22,221.8489532470703
2017-12-26,223.78895568847656
2017-12-27,221.94760131835938
2017-12-28,219.67880249023438
2017-12-29,222.24354553222656
2018-01-01,222.34217834472656
2018-01-02,219.58016967773438
2018-01-03,220.10626220703125
2018-01-04,224.34793090820312
2018-01-05,236.11936950683594
2018-01-08,245.0301513671875
2018-01-09,243.9779510498047
2018-01-10,250.028076171875
2018-01-11,249.30470275878906
2018-01-12,250.028076171875
2018-01-15,251.17892456054688
2018-01-16,248.2525177001953
2018-01-17,246.31251525878906
2018-01-18,239.44036865234375
2018-01-19,242.3339080810547
2018-01-22,238.48680114746094
2018-01-23,245.22744750976562
2018-01-24,243.71490478515625
2018-01-25,240.59120178222656
2018-01-29,235.19869995117188
2018-01-30,227.93197631835938
2018-01-31,217.41000366210938
2018-02-01,221.58590698242188
2018-02-02,212.44496154785156
2018-02-05,208.33482360839844
2018-02-06,196.00439453125
2018-02-07,198.04302978515625
2018-02-08,200.5419921875
2018-02-09,200.7721710205078
2018-02-12,209.94598388671875
2018-02-14,206.46060180664062
2018-02-15,201.2324981689453
2018-02-16,202.71214294433594
2018-02-19,200.47622680664062
2018-02-20,198.8650665283203
2018-02-21,198.273193359375
2018-02-22,197.74708557128906
2018-02-23,197.68133544921875
2018-02-26,193.96575927734375
2018-02-27,193.7684783935547
2018-02-28,191.0722198486328
2018-03-01,190.87493896484375
2018-03-05,193.2752685546875
2018-03-06,191.4996795654297
2018-03-07,191.23663330078125
2018-03-08,193.43968200683594
2018-03-09,194.8535614013672
2018-03-12,194.52474975585938
2018-03-13,195.21524047851562
2018-03-14,192.6833953857422
2018-03-15,190.7762908935547
2018-03-16,189.29664611816406
2018-03-19,185.4166717529297
2018-03-20,183.93701171875
2018-03-21,184.1671905517578
2018-03-22,180.3529815673828
2018-03-23,180.81332397460938
2018-03-26,180.97772216796875
2018-03-27,179.85975646972656
2018-03-28,192.84780883789062
2018-04-02,197.5826873779297
2018-04-03,200.01588439941406
2018-04-04,196.3989715576172
2018-04-05,196.82643127441406
2018-04-06,201.89012145996094
2018-04-09,199.65419006347656
2018-04-10,199.6870880126953
2018-04-11,196.07015991210938
2018-04-12,198.37184143066406
2018-04-13,198.6348876953125
2018-04-16,200.31182861328125
2018-04-17,209.41990661621094
2018-04-18,208.2032928466797
2018-04-19,211.1954803466797
2018-04-20,213.36563110351562
2018-04-23,214.9439239501953
2018-04-24,222.44082641601562
2018-04-25,214.05613708496094
2018-04-26,215.27273559570312
2018-04-27,218.03475952148438
2018-04-30,215.50289916992188
2018-05-02,209.2554931640625
2018-05-03,210.1103973388672
2018-05-04,204.7507781982422
2018-05-07,203.5670623779297
2018-05-08,209.3212432861328
2018-05-09,221.94760131835938
2018-05-10,220.50083923339844
2018-05-11,220.82965087890625
2018-05-14,220.50083923339844
2018-05-15,220.6652374267578
2018-05-16,219.613037109375
2018-05-17,220.59947204589844
2018-05-18,219.1855926513672
2018-05-21,210.60362243652344
2018-05-22,214.74664306640625
2018-05-23,217.9361114501953
2018-05-24,217.17984008789062
2018-05-25,224.64385986328125
2018-05-28,228.88552856445312
2018-05-29,225.2686004638672
2018-05-30,229.67466735839844
2018-05-31,229.0828094482422
2018-06-01,226.05775451660156
2018-06-04,220.07339477539062
2018-06-05,220.40219116210938
2018-06-06,221.25711059570312
2018-06-07,219.9747314453125
2018-06-08,219.41575622558594
2018-06-11,214.6479949951172
2018-06-12,218.4293212890625
2018-06-13,215.14122009277344
2018-06-14,215.83172607421875
2018-06-15,211.984619140625
2018-06-18,209.94598388671875
2018-06-19,205.63856506347656
2018-06-20,211.03106689453125
2018-06-21,209.1568603515625
2018-06-22,209.2883758544922
2018-06-25,204.88229370117188
2018-06-26,201.92300415039062
2018-06-27,198.83216857910156
2018-06-28,193.20950317382812
2018-06-29,191.99290466308594
2018-07-02,197.71421813964844
2018-07-03,200.24606323242188
2018-07-04,203.5999298095703
2018-07-05,205.24398803710938
2018-07-06,203.83010864257812
2018-07-09,207.4799041748047
2018-07-10,206.46060180664062
2018-07-11,202.28469848632812
2018-07-12,198.89793395996094
2018-07-13,196.1359100341797
2018-07-16,193.9986572265625
2018-07-17,195.90576171875
2018-07-18,193.735595703125
2018-07-19,193.3410186767578
2018-07-20,192.8806915283203
2018-07-23,192.9793243408203
2018-07-24,193.90000915527344
2018-07-25,193.60000610351562
2018-07-26,192.76666259765625
2018-07-27,194.46665954589844
2018-07-30,194.53334045410156
2018-07-31,192.6666717529297
2018-08-01,194.53334045410156
2018-08-02,192.43333435058594
2018-08-03,193.6999969482422
2018-08-06,192.60000610351562
2018-08-07,191.3000030517578
2018-08-08,191.36666870117188
2018-08-09,193.60000610351562
2018-08-10,185.93333435058594
2018-08-13,180.23333740234375
2018-08-14,176.63333129882812
2018-08-16,172.60000610351562
2018-08-17,172.46665954589844
2018-08-20,176.8333282470703
2018-08-21,175.26666259765625
2018-08-23,172.76666259765625
2018-08-24,172.43333435058594
2018-08-27,171.06666564941406
2018-08-28,168.73333740234375
2018-08-29,169.6666717529297
2018-08-30,168.46665954589844
2018-08-31,169.8000030517578
2018-09-03,166.06666564941406
2018-09-04,164.53334045410156
2018-09-05,164.73333740234375
2018-09-06,163.93333435058594
2018-09-07,168.6999969482422
2018-09-10,168.73333740234375
2018-09-11,165.3000030517578
2018-09-12,163.1666717529297
2018-09-14,164.10000610351562
2018-09-17,163.76666259765625
2018-09-18,161.89999389648438
2018-09-19,160.46665954589844
2018-09-21,157.89999389648438
2018-09-24,153.73333740234375
2018-09-25,151.76666259765625
2018-09-26,151.26666259765625
2018-09-27,149.39999389648438
2018-09-28,142.96665954589844
2018-10-01,142.86666870117188
2018-10-03,145.6666717529297
2018-10-04,146.23333740234375
2018-10-05,142.06666564941406
2018-10-08,138.60000610351562
2018-10-09,135.76666259765625
2018-10-10,133.3000030517578
2018-10-11,133.3333282470703
2018-10-12,133.1999969482422
2018-10-15,132.76666259765625
2018-10-16,137.89999389648438
2018-10-17,129.89999389648438
2018-10-19,135.26666259765625
2018-10-22,138.56666564941406
2018-10-23,139.26666259765625
2018-10-24,139.10000610351562
2018-10-25,135.8333282470703
2018-10-26,139.63333129882812
2018-10-29,142.1666717529297
2018-10-30,144.1666717529297
2018-10-31,143.0
2018-11-01,152.03334045410156
2018-11-02,147.6999969482422
2018-11-05,149.93333435058594
2018-11-06,147.46665954589844
2018-11-07,148.89999389648438
2018-11-09,148.5
2018-11-12,150.3333282470703
2018-11-13,148.86666870117188
2018-11-14,147.13333129882812
2018-11-15,144.5
2018-11-16,144.76666259765625
2018-11-19,144.53334045410156
2018-11-20,143.86666870117188
2018-11-21,138.73333740234375
2018-11-22,138.03334045410156
2018-11-26,138.6999969482422
2018-11-27,139.6666717529297
2018-11-28,138.13333129882812
2018-11-29,138.36666870117188
2018-11-30,134.6666717529297
2018-12-03,137.10000610351562
2018-12-04,138.63333129882812
2018-12-05,138.23333740234375
2018-12-06,136.96665954589844
2018-12-07,136.26666259765625
2018-12-10,133.46665954589844
2018-12-11,130.96665954589844
2018-12-12,132.0
2018-12-13,131.76666259765625
2018-12-14,131.60000610351562
2018-12-17,132.60000610351562
2018-12-18,132.6999969482422
2018-12-19,133.13333129882812
2018-12-20,132.6999969482422
2018-12-21,132.0
2018-12-24,131.6999969482422
2018-12-26,129.53334045410156
2018-12-27,129.46665954589844
2018-12-28,138.5
2018-12-31,141.3000030517578
2019-01-01,142.13333129882812
2019-01-02,140.60000610351562
2019-01-03,138.13333129882812
2019-01-04,133.53334045410156
2019-01-07,134.73333740234375
2019-01-08,136.46665954589844
2019-01-09,137.36666870117188
2019-01-10,142.8333282470703
2019-01-11,141.8333282470703
2019-01-14,143.1999969482422
2019-01-15,143.36666870117188
2019-01-16,143.3333282470703
2019-01-17,143.93333435058594
2019-01-18,143.39999389648438
2019-01-21,142.0
2019-01-22,139.8000030517578
2019-01-23,137.6666717529297
2019-01-24,137.13333129882812
2019-01-25,136.6999969482422
2019-01-28,136.86666870117188
2019-01-29,137.0
2019-01-30,138.6666717529297
2019-01-31,137.1999969482422
2019-02-01,134.23333740234375
2019-02-04,132.76666259765625
2019-02-05,130.23333740234375
2019-02-06,130.63333129882812
2019-02-07,131.86666870117188
2019-02-08,131.6999969482422
2019-02-11,130.43333435058594
2019-02-12,127.5
2019-02-14,127.0
2019-02-15,127.66666412353516
2019-02-18,124.9000015258789
2019-02-19,124.43333435058594
2019-02-20,128.96665954589844
2019-02-21,130.0
2019-02-22,129.3000030517578
2019-02-25,130.23333740234375
2019-02-26,129.89999389648438
2019-02-27,130.53334045410156
2019-02-28,134.1999969482422
2019-03-01,135.1999969482422
2019-03-05,141.1666717529297
2019-03-06,145.89999389648438
2019-03-07,146.8333282470703
2019-03-08,149.63333129882812
2019-03-11,155.5
2019-03-12,164.46665954589844
2019-03-13,162.39999389648438
2019-03-14,163.43333435058594
2019-03-15,167.1666717529297
2019-03-18,163.10000610351562
2019-03-19,167.39999389648438
2019-03-20,165.36666870117188
2019-03-22,159.8333282470703
2019-03-25,156.03334045410156
2019-03-26,160.8333282470703
2019-03-27,165.13333129882812
2019-03-28,164.13333129882812
2019-04-01,159.86666870117188
2019-04-02,160.10000610351562
2019-04-03,163.73333740234375
2019-04-04,160.96665954589844
2019-04-05,161.36666870117188
2019-04-08,158.53334045410156
2019-04-09,155.6666717529297
2019-04-10,157.86666870117188
2019-04-11,159.39999389648438
2019-04-12,158.53334045410156
2019-04-15,159.26666259765625
2019-04-16,158.36666870117188
2019-04-18,161.43333435058594
2019-04-22,161.23333740234375
2019-04-23,159.43333435058594
2019-04-24,159.8333282470703
2019-04-25,159.86666870117188
2019-04-26,160.43333435058594
2019-04-30,157.03334045410156
2019-05-02,157.1999969482422
2019-05-03,159.3000030517578
2019-05-06,156.6999969482422
2019-05-07,156.73333740234375
2019-05-08,155.5
2019-05-09,153.43333435058594
2019-05-10,149.63333129882812
2019-05-13,147.53334045410156
2019-05-14,142.13333129882812
2019-05-15,137.39999389648438
2019-05-16,139.8000030517578
2019-05-17,140.1666717529297
2019-05-20,142.86666870117188
2019-05-21,141.1999969482422
2019-05-22,144.06666564941406
2019-05-23,145.3333282470703
2019-05-24,146.5
2019-05-27,145.8000030517578
2019-05-28,147.96665954589844
2019-05-29,149.03334045410156
2019-05-30,149.03334045410156
2019-05-31,151.39999389648438
2019-06-03,155.86666870117188
2019-06-04,153.3333282470703
2019-06-06,148.73333740234375
2019-06-07,149.3000030517578
2019-06-10,150.76666259765625
2019-06-11,150.36666870117188
2019-06-12,152.96665954589844
2019-06-13,151.53334045410156
2019-06-14,151.46665954589844
2019-06-17,149.76666259765625
2019-06-18,148.8000030517578
2019-06-19,150.06666564941406
2019-06-20,150.1666717529297
2019-06-21,149.46665954589844
2019-06-24,150.1999969482422
2019-06-25,153.46665954589844
2019-06-26,158.8000030517578
2019-06-27,155.86666870117188
2019-06-28,154.86666870117188
2019-07-01,153.36666870117188
2019-07-02,152.56666564941406
2019-07-03,155.56666564941406
2019-07-04,156.86666870117188
2019-07-05,153.56666564941406
2019-07-08,151.73333740234375
2019-07-09,152.10000610351562
2019-07-10,152.26666259765625
2019-07-11,154.8000030517578
2019-07-12,156.89999389648438
2019-07-15,153.03334045410156
2019-07-16,153.53334045410156
2019-07-17,152.46665954589844
2019-07-18,151.53334045410156
2019-07-19,150.89999389648438
2019-07-22,149.56666564941406
2019-07-23,151.36666870117188
2019-07-24,149.1666717529297
2019-07-25,143.3000030517578
2019-07-26,147.5
2019-07-29,146.53334045410156
2019-07-30,144.8000030517578
2019-07-31,150.8000030517578
2019-08-01,143.1999969482422
2019-08-02,144.6666717529297
2019-08-05,143.43333435058594
2019-08-06,141.53334045410156
2019-08-07,141.53334045410156
2019-08-08,143.96665954589844
2019-08-09,145.13333129882812
2019-08-13,142.1999969482422
2019-08-14,142.39999389648438
2019-08-16,143.8333282470703
2019-08-19,143.39999389648438
2019-08-20,142.76666259765625
2019-08-21,141.6999969482422
2019-08-22,141.10000610351562
2019-08-23,141.73333740234375
2019-08-26,139.93333435058594
2019-08-27,142.26666259765625
2019-08-28,143.1666717529297
2019-08-29,143.6666717529297
2019-08-30,144.39999389648438
2019-09-03,140.63333129882812
2019-09-04,137.5
2019-09-05,137.06666564941406
2019-09-06,145.8000030517578
2019-09-09,142.06666564941406
2019-09-11,143.39999389648438
2019-09-12,143.06666564941406
2019-09-13,147.43333435058594
2019-09-16,150.53334045410156
2019-09-17,146.76666259765625
2019-09-18,149.0
2019-09-19,145.89999389648438
2019-09-20,150.26666259765625
2019-09-23,159.60000610351562
2019-09-24,158.06666564941406
2019-09-25,158.89999389648438
2019-09-26,158.23333740234375
2019-09-27,158.3000030517578
2019-09-30,158.39999389648438
2019-10-01,146.63333129882812
2019-10-03,142.46665954589844
2019-10-04,142.3333282470703
2019-10-07,139.8000030517578
2019-10-09,140.76666259765625
2019-10-10,140.0
2019-10-11,139.56666564941406
2019-10-14,139.46665954589844
2019-10-15,138.73333740234375
2019-10-16,138.96665954589844
2019-10-17,142.06666564941406
2019-10-18,144.76666259765625
2019-10-22,146.6999969482422
2019-10-23,144.89999389648438
2019-10-24,144.13333129882812
2019-10-25,143.3000030517578
2019-10-27,140.0
2019-10-29,139.73333740234375
2019-10-30,142.39999389648438
2019-10-31,144.23333740234375
2019-11-01,154.46665954589844
2019-11-04,155.23333740234375
2019-11-05,163.46665954589844
2019-11-06,159.06666564941406
2019-11-07,155.10000610351562
2019-11-08,153.89999389648438
2019-11-11,152.1666717529297
2019-11-13,145.8000030517578
2019-11-14,147.10000610351562
2019-11-15,143.8000030517578
2019-11-18,147.39999389648438
2019-11-19,148.86666870117188
2019-11-20,146.6666717529297
2019-11-21,144.1999969482422
2019-11-22,143.3000030517578
2019-11-25,145.06666564941406
2019-11-26,143.39999389648438
2019-11-27,144.39999389648438
2019-11-28,145.1666717529297
2019-11-29,142.6666717529297
2019-12-02,138.5
2019-12-03,140.63333129882812
2019-12-04,144.43333435058594
2019-12-05,143.43333435058594
2019-12-06,143.43333435058594
2019-12-09,142.46665954589844
2019-12-10,143.36666870117188
2019-12-11,144.3333282470703
2019-12-12,143.89999389648438
2019-12-13,142.76666259765625
2019-12-16,141.5
2019-12-17,142.56666564941406
2019-12-18,144.1999969482422
2019-12-19,145.13333129882812
2019-12-20,149.53334045410156
2019-12-23,150.0
2019-12-24,157.1999969482422
2019-12-26,152.86666870117188
2019-12-27,148.26666259765625
2019-12-30,150.13333129882812
2019-12-31,151.53334045410156
2020-01-01,151.8000030517578
2020-01-02,155.8333282470703
2020-01-03,154.6666717529297
2020-01-06,151.1999969482422
2020-01-07,152.56666564941406
2020-01-08,151.96665954589844
2020-01-09,153.10000610351562
2020-01-10,153.93333435058594
2020-01-13,157.13333129882812
2020-01-14,157.10000610351562
2020-01-15,155.6666717529297
2020-01-16,159.36666870117188
2020-01-17,162.03334045410156
2020-01-20,160.73333740234375
2020-01-21,160.53334045410156
2020-01-22,158.93333435058594
2020-01-23,157.53334045410156
2020-01-24,159.26666259765625
2020-01-27,157.63333129882812
2020-01-28,157.46665954589844
2020-01-29,156.76666259765625
2020-01-30,158.06666564941406
2020-01-31,159.6666717529297
2020-02-03,150.56666564941406
2020-02-04,150.13333129882812
2020-02-05,150.60000610351562
2020-02-06,153.26666259765625
2020-02-07,152.63333129882812
2020-02-10,150.6999969482422
2020-02-11,151.63333129882812
2020-02-12,151.03334045410156
2020-02-13,150.76666259765625
2020-02-14,149.23333740234375
2020-02-17,150.43333435058594
2020-02-18,149.53334045410156
2020-02-19,149.63333129882812
2020-02-20,149.60000610351562
2020-02-24,144.93333435058594
2020-02-25,145.8333282470703
2020-02-26,146.60000610351562
2020-02-27,145.43333435058594
2020-02-28,141.89999389648438
2020-03-02,143.6999969482422
2020-03-03,144.8000030517578
2020-03-04,145.53334045410156
2020-03-05,145.60000610351562
2020-03-06,144.26666259765625
2020-03-09,138.43333435058594
2020-03-11,133.3333282470703
2020-03-12,113.63333129882812
2020-03-13,108.9000015258789
2020-03-16,106.19999694824219
2020-03-17,110.69999694824219
2020-03-18,103.73332977294922
2020-03-19,98.26666259765625
2020-03-20,100.43333435058594
2020-03-23,87.13333129882812
2020-03-24,91.69999694824219
2020-03-25,90.5999984741211
2020-03-26,90.69999694824219
2020-03-27,92.63333129882812
2020-03-30,92.03333282470703
2020-03-31,93.16666412353516
2020-04-01,89.43333435058594
2020-04-03,89.19999694824219
2020-04-07,92.26666259765625
2020-04-08,93.03333282470703
2020-04-09,93.69999694824219
2020-04-13,91.9000015258789
2020-04-15,90.30000305175781
2020-04-16,89.80000305175781
2020-04-17,94.26666259765625
2020-04-20,92.93333435058594
2020-04-21,89.5999984741211
2020-04-22,89.43333435058594
2020-04-23,91.03333282470703
2020-04-24,89.0999984741211
2020-04-27,87.06666564941406
2020-04-28,87.5999984741211
2020-04-29,87.80000305175781
2020-04-30,87.73332977294922
2020-05-04,86.66666412353516
2020-05-05,86.13333129882812
2020-05-06,84.93333435058594
2020-05-07,83.19999694824219
2020-05-08,84.0
2020-05-11,98.9000015258789
2020-05-12,99.06666564941406
2020-05-13,114.03333282470703
2020-05-14,109.76666259765625
2020-05-15,107.66666412353516
2020-05-18,101.13333129882812
2020-05-19,99.4000015258789
2020-05-20,97.76666259765625
2020-05-21,111.23332977294922
2020-05-22,103.53333282470703
2020-05-26,100.66666412353516
2020-05-27,107.30000305175781
2020-05-28,108.69999694824219
2020-05-29,111.80000305175781
2020-06-01,113.63333129882812
2020-06-02,113.76666259765625
2020-06-03,112.06666564941406
2020-06-04,115.0
2020-06-05,114.56666564941406
2020-06-08,113.4000015258789
2020-06-09,112.5
2020-06-10,110.46666717529297
2020-06-11,108.80000305175781
2020-06-12,110.9000015258789
2020-06-15,110.36666870117188
2020-06-16,110.46666717529297
2020-06-17,105.96666717529297
2020-06-18,106.69999694824219
2020-06-19,110.5
2020-06-22,112.0999984741211
2020-06-23,119.93333435058594
2020-06-24,117.66666412353516
2020-06-25,120.03333282470703
2020-06-26,118.0
2020-06-29,113.19999694824219
2020-06-30,111.9000015258789
2020-07-01,115.5999984741211
2020-07-02,117.93333435058594
2020-07-03,119.33333587646484
2020-07-06,119.56666564941406
2020-07-07,121.33333587646484
2020-07-08,118.03333282470703
2020-07-09,115.43333435058594
2020-07-10,115.16666412353516
2020-07-13,111.06666564941406
2020-07-14,109.16666412353516
2020-07-15,109.69999694824219
2020-07-16,107.16666412353516
2020-07-17,106.76666259765625
2020-07-20,110.73332977294922
2020-07-21,110.23332977294922
2020-07-22,106.86666870117188
2020-07-23,107.19999694824219
2020-07-24,106.30000305175781
2020-07-27,105.69999694824219
2020-07-28,104.5
2020-07-29,105.36666870117188
2020-07-30,104.9000015258789
2020-07-31,105.13333129882812
2020-08-03,109.0999984741211
2020-08-04,110.73332977294922
2020-08-05,111.0999984741211
2020-08-06,114.83333587646484
2020-08-07,111.80000305175781
2020-08-10,111.86666870117188
2020-08-11,110.06666564941406
2020-08-12,112.93333435058594
2020-08-13,121.83333587646484
2020-08-14,115.33333587646484
2020-08-17,110.4000015258789
2020-08-18,113.73332977294922
2020-08-19,116.73332977294922
2020-08-20,120.36666870117188
2020-08-21,123.0999984741211
2020-08-24,124.53333282470703
2020-08-25,120.19999694824219
2020-08-26,123.06666564941406
2020-08-27,120.06666564941406
2020-08-28,122.5
2020-08-31,117.33333587646484
2020-09-01,120.96666717529297
2020-09-02,122.0999984741211
2020-09-03,121.30000305175781
2020-09-04,119.66666412353516
2020-09-07,119.83333587646484
2020-09-08,117.76666259765625
2020-09-09,121.96666717529297
2020-09-10,119.83333587646484
2020-09-11,123.16666412353516
2020-09-14,122.53333282470703
2020-09-15,124.16666412353516
2020-09-16,125.13333129882812
2020-09-17,121.96666717529297
2020-09-18,119.9000015258789
2020-09-21,112.4000015258789
2020-09-22,109.56666564941406
2020-09-23,110.63333129882812
2020-09-24,108.13333129882812
2020-09-25,113.83333587646484
2020-09-28,115.06666564941406
2020-09-29,110.83333587646484
2020-09-30,112.16666412353516
2020-10-01,114.9000015258789
2020-10-05,115.66666412353516
2020-10-06,110.93333435058594
2020-10-07,111.69999694824219
2020-10-08,110.13333129882812
2020-10-09,111.30000305175781
2020-10-12,110.83333587646484
2020-10-13,110.0
2020-10-14,109.26666259765625
2020-10-15,108.86666870117188
2020-10-16,109.16666412353516
2020-10-19,110.43333435058594
2020-10-20,112.83333587646484
2020-10-21,112.30000305175781
2020-10-22,111.9000015258789
2020-10-23,112.73332977294922
2020-10-26,110.96666717529297
2020-10-27,111.0
2020-10-28,110.30000305175781
2020-10-29,111.5999984741211
2020-10-30,111.43333435058594
2020-11-02,111.4000015258789
2020-11-03,112.03333282470703
2020-11-04,114.9000015258789
2020-11-05,114.06666564941406
2020-11-06,116.5999984741211
2020-11-09,117.0999984741211
2020-11-10,120.43333435058594
2020-11-11,120.56666564941406
2020-11-12,121.83333587646484
2020-11-13,121.56666564941406
2020-11-14,123.73332977294922
2020-11-17,123.5999984741211
2020-11-18,123.5999984741211
2020-11-19,120.93333435058594
2020-11-20,121.93333435058594
2020-11-23,121.5999984741211
2020-11-24,121.53333282470703
2020-11-25,120.43333435058594
2020-11-26,125.0999984741211
2020-11-27,127.46666717529297
2020-12-01,130.13333129882812
2020-12-02,130.73333740234375
2020-12-03,134.26666259765625
2020-12-04,132.03334045410156
2020-12-07,137.60000610351562
2020-12-08,139.23333740234375
2020-12-09,141.96665954589844
2020-12-10,140.26666259765625
2020-12-11,140.3333282470703
2020-12-14,137.43333435058594
2020-12-15,138.8333282470703
2020-12-16,137.8333282470703
2020-12-17,137.6999969482422
2020-12-18,137.03334045410156
2020-12-21,131.3333282470703
2020-12-22,129.73333740234375
2020-12-23,137.39999389648438
2020-12-24,133.89999389648438
2020-12-28,136.10000610351562
2020-12-29,137.63333129882812
2020-12-30,139.06666564941406
2020-12-31,143.5
2021-01-01,142.23333740234375
2021-01-04,140.5
2021-01-05,141.6999969482422
2021-01-06,144.76666259765625
2021-01-07,142.8000030517578
2021-01-08,141.60000610351562
2021-01-11,142.46665954589844
2021-01-12,142.60000610351562
2021-01-13,144.39999389648438
2021-01-14,143.89999389648438
2021-01-15,143.36666870117188
2021-01-18,143.06666564941406
2021-01-19,143.1666717529297
2021-01-20,143.63333129882812
2021-01-21,143.96665954589844
2021-01-22,143.26666259765625
2021-01-25,148.10000610351562
2021-01-27,138.3333282470703
2021-01-28,150.63333129882812
2021-01-29,148.56666564941406
2021-02-01,151.03334045410156
2021-02-02,159.39999389648438
2021-02-03,162.13333129882812
2021-02-04,157.76666259765625
2021-02-05,157.1666717529297
2021-02-08,158.13333129882812
2021-02-09,155.39999389648438
2021-02-10,154.6999969482422
2021-02-11,155.26666259765625
2021-02-12,158.13333129882812
2021-02-15,155.8000030517578
2021-02-16,154.3333282470703
2021-02-17,149.36666870117188
2021-02-18,155.76666259765625
2021-02-19,151.8333282470703
2021-02-22,149.13333129882812
2021-02-23,152.76666259765625
2021-02-24,154.06666564941406
2021-02-25,151.6999969482422
2021-02-26,150.73333740234375
2021-03-01,153.23333740234375
2021-03-02,154.3000030517578
2021-03-03,154.86666870117188
2021-03-04,157.43333435058594
2021-03-05,155.5
2021-03-08,153.63333129882812
2021-03-09,152.76666259765625
2021-03-10,152.8000030517578
2021-03-12,152.73333740234375
2021-03-15,150.96665954589844
2021-03-16,147.5
2021-03-17,145.36666870117188
2021-03-18,143.86666870117188
2021-03-19,145.3333282470703
2021-03-22,142.6666717529297
2021-03-23,143.86666870117188
2021-03-24,145.5
2021-03-25,140.0
2021-03-26,141.43333435058594
2021-03-30,137.8000030517578
2021-03-31,140.26666259765625
2021-04-01,148.86666870117188
2021-04-05,152.06666564941406
2021-04-06,148.93333435058594
2021-04-07,148.23333740234375
2021-04-08,143.89999389648438
2021-04-09,142.76666259765625
2021-04-12,136.23333740234375
2021-04-13,133.86666870117188
2021-04-15,132.26666259765625
2021-04-16,132.63333129882812
2021-04-19,131.76666259765625
2021-04-20,132.0
2021-04-22,133.96665954589844
2021-04-23,135.03334045410156
2021-04-26,142.06666564941406
2021-04-27,143.10000610351562
2021-04-28,143.10000610351562
2021-04-29,140.63333129882812
2021-04-30,140.46665954589844
2021-05-03,139.5
2021-05-04,139.6666717529297
2021-05-05,139.96665954589844
2021-05-06,139.60000610351562
2021-05-07,139.36666870117188
2021-05-10,138.43333435058594
2021-05-11,143.23333740234375
2021-05-12,141.3333282470703
2021-05-14,140.6666717529297
2021-05-17,139.8000030517578
2021-05-18,142.03334045410156
2021-05-19,144.60000610351562
2021-05-20,144.63333129882812
2021-05-21,144.60000610351562
2021-05-24,146.5
2021-05-25,155.93333435058594
2021-05-26,178.43333435058594
2021-05-27,171.26666259765625
2021-05-28,172.06666564941406
2021-05-31,173.63333129882812
2021-06-01,166.76666259765625
2021-06-02,174.06666564941406
2021-06-03,171.89999389648438
2021-06-04,174.10000610351562
2021-06-07,172.1999969482422
2021-06-08,175.13333129882812
2021-06-09,167.10000610351562
2021-06-10,170.63333129882812
2021-06-11,170.8000030517578
2021-06-14,171.39999389648438
2021-06-15,178.43333435058594
2021-06-16,174.23333740234375
2021-06-17,168.8000030517578
2021-06-18,166.76666259765625
2021-06-21,172.6999969482422
2021-06-22,168.8333282470703
2021-06-23,165.6999969482422
2021-06-24,168.1999969482422
2021-06-25,168.39999389648438
2021-06-28,169.93333435058594
2021-06-29,169.1666717529297
2021-06-30,166.6999969482422
2021-07-01,166.36666870117188
2021-07-02,172.8333282470703
2021-07-05,188.96665954589844
2021-07-06,189.76666259765625
2021-07-07,202.86666870117188
2021-07-08,197.10000610351562
2021-07-09,195.43333435058594
2021-07-12,197.73333740234375
2021-07-13,218.46665954589844
2021-07-14,223.60000610351562
2021-07-15,213.23333740234375
2021-07-16,216.39999389648438
2021-07-19,209.06666564941406
2021-07-20,203.03334045410156
2021-07-22,206.76666259765625
2021-07-23,216.1999969482422
2021-07-26,212.60000610351562
2021-07-27,208.5
2021-07-28,213.06666564941406
2021-07-29,213.0
2021-07-30,206.3333282470703
2021-08-02,209.3000030517578
2021-08-03,209.0
2021-08-04,203.06666564941406
2021-08-05,204.6999969482422
2021-08-06,207.6999969482422
2021-08-09,203.06666564941406
2021-08-10,200.23333740234375
2021-08-11,199.56666564941406
2021-08-12,198.53334045410156
2021-08-13,205.86666870117188
2021-08-16,201.60000610351562
2021-08-17,200.76666259765625
2021-08-18,202.56666564941406
2021-08-20,200.1999969482422
2021-08-23,202.60000610351562
2021-08-24,208.0
2021-08-25,209.8333282470703
2021-08-26,204.43333435058594
2021-08-27,205.86666870117188
2021-08-30,209.8000030517578
2021-08-31,211.3333282470703
2021-09-01,211.89999389648438
2021-09-02,223.06666564941406
2021-09-03,224.26666259765625
2021-09-06,216.6999969482422
2021-09-07,226.1666717529297
2021-09-08,237.60000610351562
2021-09-09,232.6999969482422
2021-09-13,234.39999389648438
2021-09-14,232.5
2021-09-15,232.75
2021-09-16,229.89999389648438
2021-09-17,235.25
2021-09-20,238.1999969482422
2021-09-21,236.8000030517578
2021-09-22,240.35000610351562
2021-09-23,240.64999389648438
2021-09-24,239.25
2021-09-27,246.9499969482422
2021-09-28,242.39999389648438
2021-09-29,245.39999389648438
2021-09-30,245.8000030517578
2021-10-01,244.14999389648438
2021-10-04,242.6999969482422
2021-10-05,242.89999389648438
2021-10-06,234.0500030517578
2021-10-07,238.0500030517578
2021-10-08,240.14999389648438
2021-10-11,241.5
2021-10-12,241.14999389648438
2021-10-13,241.0500030517578
2021-10-14,242.8000030517578
2021-10-18,244.25
2021-10-19,248.5
2021-10-20,244.4499969482422
2021-10-21,242.4499969482422
2021-10-22,248.75
2021-10-25,233.75
2021-10-26,236.39999389648438
2021-10-27,235.64999389648438
2021-10-28,230.60000610351562
2021-10-29,227.89999389648438
2021-11-01,230.1999969482422
2021-11-02,232.89999389648438
2021-11-03,230.8000030517578
2021-11-04,237.8000030517578
2021-11-08,242.3000030517578
2021-11-09,244.89999389648438
2021-11-10,258.20001220703125
2021-11-11,263.3500061035156
2021-11-12,249.85000610351562
2021-11-15,242.4499969482422
2021-11-16,238.9499969482422
2021-11-17,240.39999389648438
2021-11-18,236.5
2021-11-22,222.3000030517578
2021-11-23,228.25
2021-11-24,233.39999389648438
2021-11-25,229.5
2021-11-26,213.39999389648438
2021-11-29,204.8000030517578
2021-11-30,207.39999389648438
2021-12-01,209.3000030517578
2021-12-02,209.89999389648438
2021-12-03,207.14999389648438
2021-12-06,207.35000610351562
2021-12-07,208.39999389648438
2021-12-08,209.9499969482422
2021-12-09,210.39999389648438
2021-12-10,209.85000610351562
2021-12-13,209.85000610351562
2021-12-14,208.9499969482422
2021-12-15,207.3000030517578
2021-12-16,207.5500030517578
2021-12-17,198.5500030517578
2021-12-20,192.75
2021-12-21,191.60000610351562
2021-12-22,193.10000610351562
2021-12-23,192.64999389648438
2021-12-24,190.1999969482422
2021-12-27,188.85000610351562
2021-12-28,189.0
2021-12-29,189.89999389648438
2021-12-30,186.89999389648438
2021-12-31,187.89999389648438
2022-01-03,189.5500030517578
2022-01-04,187.9499969482422
2022-01-05,188.64999389648438
2022-01-06,187.89999389648438
2022-01-07,188.0
2022-01-10,188.1999969482422
2022-01-11,187.85000610351562
2022-01-12,203.10000610351562
2022-01-13,202.0
2022-01-14,206.64999389648438
2022-01-17,207.14999389648438
2022-01-18,204.25
2022-01-19,208.35000610351562
2022-01-20,211.8000030517578
2022-01-21,205.75
2022-01-24,200.39999389648438
2022-01-25,209.4499969482422
2022-01-27,207.89999389648438
2022-01-28,206.6999969482422
2022-01-31,212.75
2022-02-01,209.64999389648438
2022-02-02,215.0500030517578
2022-02-03,205.8000030517578
2022-02-04,202.85000610351562
2022-02-07,203.8000030517578
2022-02-08,206.0500030517578
2022-02-09,206.5500030517578
2022-02-10,203.4499969482422
2022-02-11,206.0500030517578
2022-02-14,198.0500030517578
2022-02-15,205.39999389648438
2022-02-16,208.0500030517578
2022-02-17,213.85000610351562
2022-02-18,209.6999969482422
2022-02-21,215.39999389648438
2022-02-22,212.4499969482422
2022-02-23,214.14999389648438
2022-02-24,202.35000610351562
2022-02-25,209.60000610351562
2022-02-28,210.14999389648438
2022-03-02,208.5500030517578
2022-03-03,209.0
2022-03-04,206.14999389648438
2022-03-07,199.39999389648438
2022-03-08,204.6999969482422
2022-03-09,213.8000030517578
2022-03-10,213.39999389648438
2022-03-11,211.85000610351562
2022-03-14,210.85000610351562
2022-03-15,208.4499969482422
2022-03-16,210.9499969482422
2022-03-17,212.35000610351562
2022-03-21,212.35000610351562
2022-03-22,233.25
2022-03-23,227.14999389648438
2022-03-24,231.85000610351562
2022-03-25,234.10000610351562
2022-03-28,232.35000610351562
2022-03-29,238.35000610351562
2022-03-30,235.6999969482422
2022-03-31,229.39999389648438
2022-04-01,232.85000610351562
2022-04-04,233.39999389648438
2022-04-05,234.1999969482422
2022-04-06,240.39999389648438
2022-04-07,248.8000030517578
2022-04-08,250.6999969482422
2022-04-11,243.6999969482422
2022-04-12,241.1999969482422
2022-04-13,245.0500030517578
2022-04-18,264.6000061035156
2022-04-19,252.8000030517578
2022-04-20,252.6999969482422
2022-04-21,258.3999938964844
2022-04-22,252.4499969482422
2022-04-25,245.10000610351562
2022-04-26,250.35000610351562
2022-04-27,239.5
2022-04-28,246.5
2022-04-29,255.3000030517578
2022-05-02,259.5
2022-05-04,239.75
2022-05-05,235.35000610351562
2022-05-06,235.9499969482422
2022-05-09,234.0500030517578
2022-05-10,226.64999389648438
2022-05-11,227.85000610351562
2022-05-12,216.25
2022-05-13,233.25
2022-05-16,246.3000030517578
2022-05-17,244.85000610351562
2022-05-18,243.8000030517578
2022-05-19,241.5
2022-05-20,243.89999389648438
2022-05-23,245.14999389648438
2022-05-24,234.0500030517578
2022-05-25,229.3000030517578
2022-05-26,229.8000030517578
2022-05-27,229.89999389648438
2022-05-30,227.85000610351562
2022-05-31,221.0500030517578
2022-06-01,224.3000030517578
2022-06-02,218.0500030517578
2022-06-03,221.1999969482422
2022-06-06,218.0500030517578
2022-06-07,218.25
2022-06-08,222.0
2022-06-09,223.25
2022-06-10,222.1999969482422
2022-06-13,218.60000610351562
2022-06-14,218.0
2022-06-15,220.0
2022-06-16,204.9499969482422
2022-06-17,209.60000610351562
2022-06-20,201.39999389648438
2022-06-21,203.5
2022-06-22,196.4499969482422
2022-06-23,207.3000030517578
2022-06-24,210.8000030517578
2022-06-27,214.4499969482422
2022-06-28,218.85000610351562
2022-06-29,219.5500030517578
2022-06-30,214.39999389648438
2022-07-01,227.3000030517578
2022-07-04,229.60000610351562
2022-07-05,222.39999389648438
2022-07-06,222.0
2022-07-07,227.3000030517578
2022-07-08,226.14999389648438
2022-07-11,231.1999969482422
2022-07-12,226.1999969482422
2022-07-13,224.6999969482422
2022-07-14,224.14999389648438
2022-07-15,226.3000030517578
2022-07-18,225.75
2022-07-19,225.8000030517578
2022-07-20,227.3000030517578
2022-07-21,238.3000030517578
2022-07-22,239.39999389648438
2022-07-25,232.64999389648438
2022-07-26,225.25
2022-07-27,228.0500030517578
2022-07-28,233.25
2022-07-29,234.35000610351562
2022-08-01,232.85000610351562
2022-08-02,232.0
2022-08-03,228.60000610351562
2022-08-04,230.8000030517578
2022-08-05,236.14999389648438
2022-08-08,255.0500030517578
2022-08-10,253.0
2022-08-11,252.10000610351562
2022-08-12,262.45001220703125
2022-08-16,269.3999938964844
2022-08-17,266.20001220703125
2022-08-18,265.6000061035156
2022-08-19,259.54998779296875
2022-08-22,252.14999389648438
2022-08-23,255.85000610351562
2022-08-24,268.1000061035156
2022-08-25,261.3999938964844
2022-08-26,262.8999938964844
2022-08-29,255.5
2022-08-30,264.1000061035156
2022-09-01,263.54998779296875
2022-09-02,284.04998779296875
2022-09-05,289.20001220703125
2022-09-06,286.75
2022-09-07,287.95001220703125
2022-09-08,287.0
2022-09-09,285.54998779296875
2022-09-12,281.75
2022-09-13,282.95001220703125
2022-09-14,292.8999938964844
2022-09-15,293.8500061035156
2022-09-16,283.75
2022-09-19,288.0
2022-09-20,294.3999938964844
2022-09-21,292.54998779296875
2022-09-22,290.54998779296875
2022-09-23,281.75
2022-09-26,260.95001220703125
2022-09-27,267.29998779296875
2022-09-28,264.79998779296875
2022-09-29,268.6000061035156
2022-09-30,279.79998779296875
2022-10-03,274.3999938964844
2022-10-04,278.8500061035156
2022-10-06,282.8999938964844
2022-10-07,287.3500061035156
2022-10-10,282.5
2022-10-11,273.20001220703125
2022-10-12,276.8500061035156
2022-10-13,272.8500061035156
2022-10-14,273.3999938964844
2022-10-17,277.75
2022-10-18,285.3999938964844
2022-10-19,281.0
2022-10-20,280.70001220703125
2022-10-21,275.79998779296875
2022-10-24,281.5
2022-10-25,281.8999938964844
2022-10-27,277.3500061035156
2022-10-28,284.3500061035156
2022-10-31,285.3999938964844
2022-11-01,282.8500061035156
2022-11-02,275.1000061035156
2022-11-03,277.1499938964844
2022-11-04,276.6499938964844
2022-11-07,272.70001220703125
2022-11-09,271.54998779296875
2022-11-10,265.0
2022-11-11,270.75
2022-11-14,268.3999938964844
2022-11-15,267.6499938964844
2022-11-16,267.0
2022-11-17,268.1499938964844
2022-11-18,273.1499938964844
2022-11-21,272.54998779296875
2022-11-22,269.29998779296875
2022-11-23,268.8999938964844
2022-11-24,272.79998779296875
2022-11-25,273.75
2022-11-28,276.75
2022-11-29,274.29998779296875
2022-11-30,290.20001220703125
2022-12-01,283.95001220703125
2022-12-02,286.6000061035156
2022-12-05,288.04998779296875
2022-12-06,290.5
2022-12-07,286.20001220703125
2022-12-08,287.1000061035156
2022-12-09,285.1499938964844
2022-12-12,275.29998779296875
2022-12-13,276.6000061035156
2022-12-14,276.25
2022-12-15,274.5
2022-12-16,274.8500061035156
2022-12-19,278.25
2022-12-20,277.3500061035156
2022-12-21,267.1499938964844
2022-12-22,259.25
2022-12-23,242.5500030517578
2022-12-26,252.1999969482422
2022-12-27,256.75
2022-12-28,263.75
2022-12-29,261.3999938964844
2022-12-30,269.54998779296875
2023-01-02,268.70001220703125
2023-01-03,268.1499938964844
2023-01-04,264.45001220703125
2023-01-05,260.25
2023-01-06,260.04998779296875
2023-01-09,259.79998779296875
2023-01-10,264.3500061035156
2023-01-11,264.3999938964844
2023-01-12,263.5
2023-01-13,263.8999938964844
2023-01-16,265.29998779296875
2023-01-17,262.20001220703125
2023-01-18,263.04998779296875
2023-01-19,260.75
2023-01-20,257.04998779296875
2023-01-23,263.54998779296875
2023-01-24,260.0
2023-01-25,255.64999389648438
2023-01-27,250.8000030517578
2023-01-30,249.4499969482422
2023-01-31,257.20001220703125
2023-02-01,261.45001220703125
2023-02-02,252.6999969482422
2023-02-03,259.5
2023-02-06,262.04998779296875
2023-02-07,265.95001220703125
2023-02-08,268.20001220703125
2023-02-09,275.3999938964844
2023-02-10,272.79998779296875
2023-02-13,274.45001220703125
2023-02-14,271.25
2023-02-15,279.3500061035156
2023-02-16,280.54998779296875
2023-02-17,280.04998779296875
2023-02-20,275.8999938964844
2023-02-21,274.6000061035156
2023-02-22,273.5
2023-02-23,276.70001220703125
2023-02-24,273.25
2023-02-27,272.8999938964844
2023-02-28,273.54998779296875
2023-03-01,273.5
2023-03-02,279.6000061035156
2023-03-03,272.95001220703125
2023-03-06,274.0
2023-03-08,279.70001220703125
2023-03-09,280.5
2023-03-10,279.5
2023-03-13,271.79998779296875
2023-03-14,275.20001220703125
2023-03-15,271.3500061035156
2023-03-16,276.8500061035156
2023-03-17,264.75
2023-03-20,263.1000061035156
2023-03-21,258.95001220703125
2023-03-22,265.3999938964844
2023-03-23,264.45001220703125
2023-03-24,263.0
2023-03-27,267.54998779296875
2023-03-28,265.04998779296875
2023-03-29,267.6000061035156
2023-03-31,269.8500061035156
2023-04-03,277.8999938964844
2023-04-05,280.20001220703125
2023-04-06,276.70001220703125
2023-04-10,277.0
2023-04-11,288.3500061035156
2023-04-12,296.3500061035156
2023-04-13,292.1499938964844
2023-04-17,293.8500061035156
2023-04-18,292.79998779296875
2023-04-19,288.3500061035156
2023-04-20,290.8999938964844
2023-04-21,301.0
2023-04-24,300.0
2023-04-25,310.1000061035156
2023-04-26,301.8500061035156
2023-04-27,304.45001220703125
2023-04-28,301.25
2023-05-02,295.25
2023-05-03,301.0
2023-05-04,297.75
2023-05-05,294.70001220703125
2023-05-08,293.8999938964844
2023-05-09,294.1000061035156
2023-05-10,294.25
2023-05-11,295.95001220703125
2023-05-12,289.70001220703125
2023-05-15,295.5
2023-05-16,293.04998779296875
2023-05-17,291.5
2023-05-18,289.6000061035156
2023-05-19,288.1000061035156
2023-05-22,290.25
2023-05-23,288.3999938964844
2023-05-24,288.75
2023-05-25,284.04998779296875
2023-05-26,286.5
2023-05-29,295.20001220703125
2023-05-30,304.70001220703125
2023-05-31,308.29998779296875
2023-06-01,303.1000061035156
2023-06-02,306.8999938964844
2023-06-05,301.1000061035156
2023-06-06,305.75
2023-06-07,303.1499938964844
2023-06-08,295.6000061035156
2023-06-09,290.70001220703125
2023-06-12,295.0
2023-06-13,291.79998779296875
2023-06-14,293.0
2023-06-15,291.04998779296875
2023-06-16,289.3999938964844
2023-06-19,289.1000061035156
2023-06-20,293.1000061035156
2023-06-21,295.20001220703125
2023-06-22,290.3999938964844
2023-06-23,288.75
2023-06-26,295.0
2023-06-27,293.95001220703125
2023-06-28,297.6000061035156
2023-06-30,300.04998779296875
2023-07-03,301.6499938964844
2023-07-04,297.6499938964844
2023-07-05,298.95001220703125
2023-07-06,295.70001220703125
2023-07-07,299.79998779296875
2023-07-10,307.5
2023-07-11,307.79998779296875
2023-07-12,310.04998779296875
2023-07-13,319.54998779296875
2023-07-14,319.5
2023-07-17,330.70001220703125
2023-07-18,339.8500061035156
2023-07-19,358.3500061035156
2023-07-20,355.20001220703125
2023-07-21,361.04998779296875
2023-07-24,359.95001220703125
2023-07-25,348.70001220703125
2023-07-26,345.79998779296875
2023-07-27,345.5
2023-07-28,331.8500061035156
2023-07-31,338.5
2023-08-01,339.5
2023-08-02,334.1000061035156
2023-08-03,342.1499938964844
2023-08-04,341.54998779296875
2023-08-07,333.8999938964844
2023-08-08,338.3500061035156
2023-08-09,338.5
2023-08-10,346.45001220703125
2023-08-11,339.79998779296875
2023-08-14,341.04998779296875
2023-08-16,342.75
2023-08-17,356.54998779296875
2023-08-18,361.25
2023-08-21,370.8500061035156
2023-08-22,373.45001220703125
2023-08-23,376.45001220703125
2023-08-24,395.6000061035156
2023-08-25,401.70001220703125
2023-08-28,391.75
2023-08-29,403.20001220703125
2023-08-30,399.8999938964844
2023-08-31,399.6000061035156
2023-09-01,397.54998779296875
2023-09-04,414.8500061035156
2023-09-05,405.75
2023-09-06,406.6000061035156
2023-09-07,402.1000061035156
2023-09-08,409.79998779296875
2023-09-11,417.1499938964844
2023-09-12,399.20001220703125
2023-09-13,390.20001220703125
2023-09-14,410.79998779296875
2023-09-15,415.25
2023-09-18,406.0
2023-09-20,401.1499938964844
2023-09-21,396.20001220703125
2023-09-22,401.25
2023-09-25,398.20001220703125
2023-09-26,395.04998779296875
2023-09-27,391.70001220703125
2023-09-28,396.20001220703125
2023-09-29,396.1000061035156
2023-10-03,404.25
2023-10-04,407.6000061035156
2023-10-05,403.0
2023-10-06,433.79998779296875
2023-10-09,438.70001220703125
2023-10-10,435.20001220703125
2023-10-11,440.29998779296875
2023-10-12,444.04998779296875
2023-10-13,458.3500061035156
2023-10-16,459.1000061035156
2023-10-17,466.75
2023-10-18,457.6000061035156
2023-10-19,455.29998779296875
2023-10-20,448.25
2023-10-23,408.6000061035156
2023-10-25,395.6000061035156
2023-10-26,404.04998779296875
2023-10-27,406.29998779296875
2023-10-30,403.79998779296875
2023-10-31,398.3500061035156
2023-11-01,397.8999938964844
2023-11-02,395.20001220703125
2023-11-03,397.45001220703125
2023-11-06,399.70001220703125
2023-11-07,401.6499938964844
2023-11-08,403.3500061035156
2023-11-09,400.1000061035156
2023-11-10,403.6499938964844
2023-11-13,396.5
2023-11-15,399.5
2023-11-16,398.75
2023-11-17,399.8500061035156
2023-11-20,398.04998779296875
2023-11-21,393.5
2023-11-22,391.8999938964844
2023-11-23,394.3999938964844
2023-11-24,390.29998779296875
2023-11-28,389.5
2023-11-29,388.6000061035156
2023-11-30,393.1000061035156
2023-12-01,391.54998779296875
2023-12-04,395.70001220703125
2023-12-05,390.29998779296875
2023-12-06,391.1000061035156
2023-12-07,392.6000061035156
2023-12-08,391.6000061035156
2023-12-11,394.29998779296875
2023-12-12,388.8500061035156
2023-12-13,392.54998779296875
2023-12-14,392.29998779296875
2023-12-15,390.04998779296875
2023-12-18,384.0
2023-12-19,382.5
2023-12-20,365.6000061035156
2023-12-21,359.79998779296875
2023-12-22,366.20001220703125
2023-12-26,363.45001220703125
2023-12-27,375.79998779296875
2023-12-28,375.45001220703125
2023-12-29,379.0
2024-01-01,386.5
2024-01-02,390.1000061035156
2024-01-03,390.70001220703125
2024-01-04,392.20001220703125
2024-01-05,387.95001220703125
2024-01-08,384.29998779296875
2024-01-09,393.45001220703125
2024-01-10,400.1499938964844
2024-01-11,403.6499938964844
2024-01-12,407.29998779296875
2024-01-15,402.8500061035156
2024-01-16,395.1000061035156
2024-01-17,390.0
2024-01-18,387.29998779296875
2024-01-19,397.3999938964844
2024-01-23,383.3500061035156
2024-01-24,402.0
2024-01-25,397.6499938964844
2024-01-29,399.0
2024-01-30,395.95001220703125
2024-01-31,405.79998779296875
2024-02-01,405.3999938964844
2024-02-02,418.6499938964844
2024-02-05,434.5
2024-02-06,435.1499938964844
2024-02-07,426.79998779296875
2024-02-08,425.29998779296875
2024-02-09,411.45001220703125
2024-02-12,392.8999938964844
2024-02-13,398.8999938964844
2024-02-14,403.5
2024-02-15,405.1499938964844
2024-02-16,412.6000061035156
2024-02-19,421.70001220703125
2024-02-20,420.6499938964844
2024-02-21,420.6499938964844
2024-02-22,413.8500061035156
2024-02-23,409.3500061035156
2024-02-26,431.8999938964844
2024-02-27,419.95001220703125
2024-02-28,419.6000061035156
2024-02-29,416.45001220703125
2024-03-01,410.8500061035156
2024-03-04,409.79998779296875
2024-03-05,408.70001220703125
2024-03-06,407.54998779296875
2024-03-07,404.04998779296875
2024-03-11,395.6499938964844
2024-03-12,388.8500061035156
2024-03-13,379.0
2024-03-14,383.45001220703125
2024-03-15,383.0
2024-03-18,378.3999938964844
2024-03-19,373.8500061035156
2024-03-20,382.6000061035156
2024-03-21,393.95001220703125
2024-03-22,393.75
2024-03-26,395.3999938964844
2024-03-27,389.70001220703125
2024-03-28,392.25
2024-04-01,412.29998779296875
2024-04-02,409.8999938964844
2024-04-03,414.54998779296875
2024-04-04,417.6000061035156
2024-04-05,414.29998779296875
2024-04-08,406.3500061035156
2024-04-09,404.54998779296875
2024-04-10,400.0
2024-04-12,396.8500061035156
2024-04-15,391.5
2024-04-16,394.20001220703125
2024-04-18,394.95001220703125
2024-04-19,399.70001220703125
2024-04-22,401.3999938964844
2024-04-23,418.3999938964844
2024-04-24,420.20001220703125
2024-04-25,426.54998779296875
2024-04-26,433.25
2024-04-29,433.70001220703125
2024-04-30,422.0
2024-05-02,414.79998779296875
2024-05-03,407.70001220703125
2024-05-06,405.0
2024-05-07,403.6499938964844
2024-05-08,416.0
2024-05-09,412.5
2024-05-10,410.5
2024-05-13,406.5
2024-05-14,406.1499938964844
2024-05-15,403.5
2024-05-16,401.1000061035156
2024-05-17,404.1499938964844
2024-05-21,398.3999938964844
2024-05-22,402.1000061035156
2024-05-23,409.95001220703125
2024-05-24,403.1499938964844
2024-05-27,404.3999938964844
2024-05-28,398.95001220703125
2024-05-29,405.25
2024-05-30,406.6000061035156
2024-05-31,403.04998779296875
2024-06-03,399.25
2024-06-04,380.6499938964844
2024-06-05,395.6000061035156
2024-06-06,398.6000061035156
2024-06-07,402.6499938964844
2024-06-10,402.54998779296875
2024-06-11,410.79998779296875
2024-06-12,422.3999938964844
2024-06-13,425.6499938964844
2024-06-14,428.0
2024-06-18,434.95001220703125
2024-06-19,435.1499938964844
2024-06-20,474.8500061035156
2024-06-21,480.79998779296875
2024-06-24,483.6000061035156
2024-06-25,484.3999938964844
2024-06-26,471.54998779296875
2024-06-27,455.45001220703125
2024-06-28,454.8999938964844
2024-07-01,460.5
2024-07-02,455.70001220703125
2024-07-03,454.04998779296875
2024-07-04,454.0
2024-07-05,450.3500061035156
2024-07-08,440.79998779296875
2024-07-09,459.04998779296875
2024-07-10,452.79998779296875
2024-07-11,453.6499938964844
2024-07-12,446.20001220703125
2024-07-15,439.6000061035156
2024-07-16,447.04998779296875
2024-07-18,452.3999938964844
2024-07-19,438.1499938964844
2024-07-22,440.04998779296875
2024-07-23,446.3999938964844
2024-07-24,466.8999938964844
2024-07-25,477.1499938964844
2024-07-26,473.54998779296875
2024-07-29,463.1000061035156
2024-07-30,457.0
2024-07-31,456.8500061035156
2024-08-01,447.5
2024-08-02,446.95001220703125
2024-08-05,423.3999938964844
2024-08-06,413.3999938964844
2024-08-07,417.8999938964844
2024-08-08,419.45001220703125
2024-08-09,434.3999938964844
2024-08-12,436.0
2024-08-13,426.95001220703125
2024-08-14,405.04998779296875
2024-08-16,398.29998779296875
2024-08-19,400.04998779296875
2024-08-20,400.3500061035156
2024-08-21,406.5
2024-08-22,410.1000061035156
2024-08-23,407.20001220703125
2024-08-26,407.6499938964844
2024-08-27,407.0
2024-08-28,404.04998779296875
2024-08-29,410.79998779296875
2024-08-30,407.6499938964844
2024-09-02,412.1000061035156
2024-09-03,427.45001220703125
2024-09-04,425.8999938964844
2024-09-05,434.25
2024-09-06,429.45001220703125
2024-09-09,431.29998779296875
2024-09-10,433.0
2024-09-11,426.3999938964844
2024-09-12,425.1000061035156
2024-09-13,421.95001220703125
2024-09-16,418.3500061035156
2024-09-17,415.04998779296875
2024-09-18,410.5
2024-09-19,406.95001220703125
2024-09-20,405.1499938964844
2024-09-23,400.6000061035156
2024-09-24,397.6000061035156
2024-09-25,394.1000061035156
2024-09-26,389.0
2024-09-27,388.04998779296875
2024-09-30,390.04998779296875
2024-10-01,398.20001220703125
2024-10-03,389.6499938964844
2024-10-04,389.3500061035156
2024-10-07,382.5
2024-10-08,389.3999938964844
2024-10-09,391.8999938964844
2024-10-10,393.75
2024-10-11,393.29998779296875
2024-10-14,391.1000061035156
2024-10-15,386.1499938964844
2024-10-16,387.1499938964844
2024-10-17,382.5
2024-10-18,377.8999938964844
2024-10-21,378.3999938964844
2024-10-22,359.8999938964844
2024-10-23,366.8500061035156
2024-10-24,366.1000061035156
2024-10-25,364.54998779296875
2024-10-28,367.8500061035156
2024-10-29,367.5
2024-10-30,374.8999938964844
2024-10-31,378.70001220703125
2024-11-01,380.79998779296875
2024-11-04,373.20001220703125
2024-11-05,368.54998779296875
2024-11-06,380.3999938964844
2024-11-07,379.20001220703125
2024-11-08,369.75
2024-11-11,369.79998779296875
2024-11-12,359.6499938964844
2024-11-13,355.20001220703125
2024-11-14,355.6000061035156
2024-11-18,354.20001220703125
2024-11-19,356.6000061035156
2024-11-21,349.3999938964844
2024-11-22,351.1000061035156
2024-11-25,348.3999938964844
2024-11-26,355.3500061035156
2024-11-27,363.45001220703125
2024-11-28,366.3500061035156
2024-11-29,369.45001220703125
2024-12-02,374.29998779296875
2024-12-03,383.0
2024-12-04,388.6499938964844
2024-12-05,384.1000061035156
2024-12-06,377.6000061035156
2024-12-09,385.3999938964844
2024-12-10,376.04998779296875
2024-12-11,378.6000061035156
2024-12-12,369.5
2024-12-13,370.8999938964844
2024-12-16,373.8500061035156
2024-12-17,381.95001220703125
2024-12-18,375.70001220703125
2024-12-19,372.95001220703125
2024-12-20,360.79998779296875
2024-12-23,358.1499938964844
2024-12-24,363.1000061035156
2024-12-26,357.5
2024-12-27,356.5
2024-12-30,353.1000061035156
2024-12-31,357.6000061035156
2025-01-01,370.6000061035156
2025-01-02,379.45001220703125
2025-01-03,376.6000061035156
2025-01-06,360.70001220703125
2025-01-07,370.3999938964844
2025-01-08,370.25
2025-01-09,367.3500061035156
2025-01-10,358.70001220703125
2025-01-13,341.54998779296875
2025-01-14,335.20001220703125
2025-01-15,335.1000061035156
2025-01-16,340.75
2025-01-17,336.04998779296875
2025-01-20,341.75
2025-01-21,336.75
2025-01-22,328.8500061035156
2025-01-23,327.04998779296875
2025-01-24,320.75
2025-01-27,322.54998779296875
2025-01-28,308.95001220703125
2025-01-29,321.25
2025-01-30,322.75
2025-01-31,339.45001220703125
2025-02-01,342.75
2025-02-03,338.6000061035156
2025-02-04,335.8500061035156
2025-02-05,344.0
2025-02-06,353.8999938964844
2025-02-07,345.6000061035156
2025-02-10,336.5
2025-02-11,323.04998779296875
2025-02-12,320.8500061035156
2025-02-13,319.45001220703125
2025-02-14,322.6499938964844
2025-02-17,316.8500061035156
2025-02-18,314.95001220703125
2025-02-19,318.95001220703125
2025-02-20,320.5
2025-02-21,317.1499938964844
2025-02-24,312.8500061035156
2025-02-25,301.95001220703125
2025-02-27,299.20001220703125
2025-02-28,294.1499938964844
2025-03-03,287.29998779296875
2025-03-04,291.75
2025-03-05,302.75
2025-03-06,312.75
2025-03-07,313.79998779296875
2025-03-10,303.45001220703125
2025-03-11,305.45001220703125
2025-03-12,300.04998779296875
2025-03-13,299.1000061035156
2025-03-17,295.3500061035156
2025-03-18,295.3500061035156
2025-03-19,316.3999938964844
2025-03-20,318.1499938964844
2025-03-21,327.0
2025-03-24,325.25
2025-03-25,319.70001220703125
2025-03-26,307.6000061035156
2025-03-27,292.70001220703125
2025-03-28,284.95001220703125
2025-04-01,297.95001220703125
2025-04-02,297.95001220703125
2025-04-03,306.1499938964844
2025-04-04,295.6000061035156
2025-04-07,292.8500061035156
2025-04-08,296.54998779296875
2025-04-09,293.25
2025-04-11,299.70001220703125
2025-04-15,303.04998779296875
2025-04-16,306.04998779296875
2025-04-17,306.8999938964844
2025-04-21,315.20001220703125
2025-04-22,317.45001220703125
2025-04-23,316.6000061035156
2025-04-24,317.3999938964844
2025-04-25,300.3500061035156
2025-04-28,309.04998779296875
2025-04-29,317.3500061035156
2025-04-30,310.75
2025-05-02,318.1499938964844
2025-05-05,320.0
2025-05-06,308.29998779296875
2025-05-07,310.8999938964844
2025-05-08,303.1499938964844
2025-05-09,301.6499938964844
2025-05-12,330.79998779296875
2025-05-13,342.04998779296875
2025-05-14,349.3500061035156
2025-05-15,358.75
2025-05-16,356.8500061035156
2025-05-19,360.8500061035156
2025-05-20,356.45001220703125
2025-05-21,360.3500061035156
2025-05-22,357.3500061035156
2025-05-23,363.0
2025-05-26,373.25
2025-05-27,372.79998779296875
2025-05-28,357.25
2025-05-29,359.5
2025-05-30,361.3500061035156
2025-06-02,361.5
2025-06-03,361.5
2025-06-04,359.1499938964844
2025-06-05,357.6000061035156
2025-06-06,360.0
2025-06-09,358.29998779296875
2025-06-10,358.8500061035156
2025-06-11,357.5
2025-06-12,347.45001220703125
2025-06-13,345.25
2025-06-16,338.3500061035156
2025-06-17,336.0
2025-06-18,337.70001220703125
2025-06-19,333.54998779296875
2025-06-20,337.5
2025-06-23,328.25
2025-06-24,334.95001220703125
2025-06-25,342.04998779296875
2025-06-26,341.25
2025-06-27,339.3999938964844
2025-06-30,337.6499938964844
2025-07-01,341.45001220703125
2025-07-02,338.95001220703125
2025-07-03,341.29998779296875
2025-07-04,343.3500061035156
2025-07-07,346.3999938964844
2025-07-08,345.8999938964844
2025-07-09,348.6499938964844
2025-07-10,352.1499938964844
2025-07-11,357.20001220703125
2025-07-14,351.1499938964844
2025-07-15,353.1499938964844
2025-07-16,358.25
2025-07-17,363.70001220703125
2025-07-18,361.29998779296875
2025-07-21,357.20001220703125
2025-07-22,360.3500061035156
2025-07-23,367.25
2025-07-24,368.6499938964844
2025-07-25,359.6499938964844
2025-07-28,360.6499938964844
2025-07-29,361.70001220703125
2025-07-30,359.6499938964844
2025-07-31,356.45001220703125
2025-08-01,355.79998779296875
2025-08-04,355.95001220703125
2025-08-05,355.1499938964844
2025-08-06,351.75
2025-08-07,350.3999938964844
2025-08-08,351.6499938964844
2025-08-11,354.20001220703125
2025-08-12,356.6499938964844
2025-08-13,358.29998779296875
2025-08-14,355.54998779296875
2025-08-18,354.3999938964844
2025-08-19,353.8999938964844
2025-08-20,363.5
2025-08-21,362.3500061035156
2025-08-22,362.0
2025-08-25,360.1499938964844
2025-08-26,350.54998779296875
2025-08-28,351.8999938964844
2025-08-29,349.8999938964844
2025-09-01,349.6000061035156
2025-09-02,353.0
2025-09-03,357.6000061035156
2025-09-04,360.20001220703125
2025-09-05,358.04998779296875
2025-09-08,352.04998779296875
2025-09-09,355.95001220703125
2025-09-10,357.25
2025-09-11,358.25
2025-09-12,357.20001220703125
2025-09-15,360.5
2025-09-16,356.04998779296875
2025-09-17,356.3500061035156
2025-09-18,362.04998779296875
2025-09-19,358.25
2025-09-22,360.5
2025-09-23,354.54998779296875
2025-09-24,354.1000061035156
2025-09-25,349.29998779296875
2025-09-26,342.1000061035156
2025-09-29,348.70001220703125
2025-09-30,352.79998779296875
2025-10-01,348.3500061035156
2025-10-03,352.6000061035156
2025-10-06,347.3999938964844
2025-10-07,344.1000061035156
2025-10-08,341.0
2025-10-09,342.1000061035156
2025-10-10,344.04998779296875
2025-10-13,339.29998779296875
2025-10-14,334.75
2025-10-15,335.20001220703125
2025-10-16,332.45001220703125
2025-10-17,331.5
2025-10-20,335.1000061035156
2025-10-21,338.70001220703125
2025-10-23,337.8999938964844
2025-10-24,333.04998779296875
2025-10-27,332.45001220703125
2025-10-28,333.1499938964844
2025-10-29,335.0
2025-10-30,330.25
2025-10-31,328.6499938964844
2025-11-03,331.04998779296875
2025-11-04,331.0
2025-11-06,324.6499938964844
2025-11-07,318.75
2025-11-10,316.79998779296875
2025-11-11,313.79998779296875
2025-11-12,312.6000061035156
2025-11-13,312.45001220703125
2025-11-14,313.0
2025-11-17,317.25
2025-11-18,333.1000061035156
2025-11-19,323.45001220703125
2025-11-20,334.25
2025-11-21,330.3999938964844
2025-11-24,318.95001220703125
2025-11-25,317.5
2025-11-26,322.3999938964844
2025-11-27,318.75
2025-11-28,317.45001220703125
2025-12-01,318.95001220703125
2025-12-02,319.1000061035156
2025-12-03,316.0
2025-12-04,314.29998779296875
2025-12-05,312.95001220703125
2025-12-08,308.8500061035156
2025-12-09,309.6000061035156
2025-12-10,315.04998779296875
2025-12-11,310.95001220703125
2025-12-12,314.25
2025-12-15,310.3999938964844
2025-12-16,303.1000061035156
2025-12-17,303.3500061035156
2025-12-18,305.6499938964844
2025-12-19,309.1000061035156
2025-12-22,310.8500061035156
2025-12-23,314.70001220703125
2025-12-24,309.8500061035156
2025-12-26,308.3500061035156
2025-12-29,306.75
2025-12-30,305.8999938964844
2025-12-31,309.20001220703125
2026-01-01,308.3999938964844
2026-01-02,308.04998779296875
2026-01-05,306.54998779296875
2026-01-06,304.1499938964844
2026-01-07,304.20001220703125
2026-01-08,300.5
2026-01-09,304.75
2026-01-12,303.45001220703125
2026-01-13,302.45001220703125
2026-01-14,302.20001220703125
2026-01-15,302.20001220703125
2026-01-16,301.75
2026-01-19,297.8999938964844
2026-01-20,302.8500061035156
2026-01-21,294.25
2026-01-22,294.6000061035156
2026-01-23,289.5
2026-01-27,289.04998779296875
2026-01-28,295.8500061035156
2026-01-29,288.79998779296875
2026-01-30,295.79998779296875
2026-02-02,296.20001220703125
2026-02-03,299.25
2026-02-04,295.1499938964844
2026-02-05,293.3999938964844
2026-02-06,293.70001220703125
2026-02-09,307.1499938964844
2026-02-10,312.1000061035156
2026-02-11,316.1499938964844
2026-02-12,299.29998779296875
2026-02-13,293.70001220703125
2026-02-16,289.3999938964844
2026-02-17,291.29998779296875
2026-02-18,291.25
2026-02-19,288.6000061035156
2026-02-20,285.3500061035156
2026-02-23,288.0
2026-02-24,285.70001220703125
2026-02-25,282.3500061035156
2026-02-26,281.45001220703125
2026-02-27,284.20001220703125
2026-03-02,280.0
2026-03-04,281.6499938964844
2026-03-05,277.04998779296875
2026-03-06,274.25
2026-03-09,270.95001220703125
2026-03-10,273.04998779296875
2026-03-11,268.3500061035156
2026-03-12,265.95001220703125
2026-03-13,264.1499938964844
2026-03-16,264.04998779296875
2026-03-17,262.6499938964844
2026-03-18,260.45001220703125
2026-03-19,258.6000061035156
2026-03-20,256.75
2026-03-23,248.0
2026-03-24,245.9499969482422
2026-03-25,241.8000030517578
2026-03-27,238.60000610351562
2026-03-30,226.1999969482422
2026-04-01,244.19000244140625
2026-04-02,246.75
2026-04-06,249.5
2026-04-07,248.9600067138672
2026-04-08,254.97999572753906
2026-04-09,247.13999938964844
2026-04-10,255.5399932861328
2026-04-13,254.14999389648438
2026-04-15,271.7699890136719
2026-04-16,274.7900085449219
2026-04-17,272.8599853515625
2026-04-20,267.05999755859375
2026-04-21,269.510009765625
2026-04-22,270.6199951171875
2026-04-23,266.5
2026-04-24,258.7099914550781
2026-04-27,253.9499969482422
2026-04-28,246.1699981689453
2026-04-29,246.77000427246094
2026-04-30,247.0500030517578
2026-05-01,247.0500030517578
2026-05-04,242.1300048828125
2026-05-05,241.24000549316406
2026-05-06,242.00999450683594
2026-05-07,241.97000122070312
2026-05-08,239.4600067138672
2026-05-11,234.72999572753906
2026-05-12,224.61000061035156
2026-05-13,223.80999755859375
2026-05-14,229.9499969482422
2026-05-15,234.4499969482422
2026-05-18,229.1300048828125
2026-05-19,223.50999450683594
2026-05-20,220.72000122070312
2026-05-21,219.32000732421875
2026-05-22,218.8699951171875
2026-05-25,221.92999267578125
2026-05-26,220.74000549316406
2026-05-27,219.17999267578125
2026-05-28,219.17999267578125
2026-05-29,218.42999267578125
2026-06-01,218.99000549316406
2026-06-02,214.5500030517578
2026-06-03,211.97999572753906
2026-06-04,217.0800018310547
2026-06-05,215.52000427246094
2026-06-08,210.39999389648438
2026-06-09,231.0800018310547
2026-06-10,235.49000549316406
2026-06-11,230.69000244140625
2026-06-12,235.47000122070312
2026-06-15,232.80999755859375
2026-06-16,231.36000061035156
2026-06-17,231.1300048828125
2026-06-18,232.9199981689453
2026-06-19,235.00999450683594
2026-06-22,242.72999572753906
2026-06-23,240.13999938964844
2026-06-24,239.52999877929688
2026-06-25,240.05999755859375
2026-06-26,240.05999755859375
2026-06-29,240.8000030517578
2026-06-30,238.05999755859375
2026-07-01,236.86000061035156
2026-07-02,237.36000061035156
2026-07-03,236.55999755859375
2026-07-06,232.50999450683594
2026-07-07,233.08999633789062
2026-07-08,232.00999450683594
2026-07-09,231.72000122070312
2026-07-10,233.72000122070312
2026-07-13,231.67999267578125
2026-07-14,225.44000244140625
2026-07-15,225.94000244140625
2026-07-16,229.99000549316406
2026-07-17,224.33999633789062
2026-07-20,226.55999755859375
2026-07-21,227.97000122070312
2026-07-22,211.6999969482422
2026-07-23,218.07000732421875
2026-07-24,218.85000610351562
2026-07-27,223.8300018310547
2026-07-28,218.27999877929688
2026-07-29,214.92999267578125
2026-07-30,215.91000366210938
2026-07-31,218.41000366210938
2026-08-03,218.9600067138672
2026-08-04,227.97999572753906
2026-08-05,233.24000549316406
2026-08-06,230.97999572753906
2026-08-07,229.66000366210938
2026-08-10,230.30999755859375
2026-08-11,225.57000732421875
2026-08-12,224.8800048828125
2026-08-13,223.8800048828125
2026-08-14,226.6199951171875
2026-08-17,224.88999938964844
2026-08-18,221.38999938964844
2026-08-19,219.47999572753906
2026-08-20,221.0500030517578
2026-08-21,221.7899932861328
2026-08-24,221.0500030517578
2026-08-25,219.10000610351562
2026-08-26,218.19000244140625
2026-08-27,211.22999572753906
2026-08-28,211.38999938964844
2026-08-31,209.64999389648438
2026-09-01,208.30999755859375
2026-09-02,206.58999633789062
2026-09-03,207.91000366210938
2026-09-04,207.39999389648438
2026-09-07,205.52999877929688
2026-09-08,205.7100067138672
2026-09-09,199.36000061035156
2026-09-10,196.57000732421875
2026-09-11,196.72999572753906
2026-09-14,196.72999572753906
2026-09-15,192.39999389648438
2026-09-16,193.50999450683594
2026-09-18,199.2899932861328
2026-09-21,200.58999633789062
