Date,PNB
2002-07-01,6.335062503814697
2002-07-02,6.288723468780518
2002-07-03,6.295344352722168
2002-07-04,6.4343581199646
2002-07-05,6.520413398742676
2002-07-08,6.527032375335693
2002-07-09,6.467456340789795
2002-07-10,6.50717306137085
2002-07-11,6.196047782897949
2002-07-12,6.295344352722168
2002-07-15,6.467456340789795
2002-07-16,6.288723468780518
2002-07-17,6.176190376281738
2002-07-18,6.209287166595459
2002-07-19,6.156327724456787
2002-07-22,5.931260585784912
2002-07-23,6.037174224853516
2002-07-24,6.050411701202393
2002-07-25,6.037174224853516
2002-07-26,5.898159980773926
2002-07-29,5.759146213531494
2002-07-30,5.785625457763672
2002-07-31,5.679710388183594
2002-08-01,5.825344085693359
2002-08-02,6.057032585144043
2002-08-05,6.16956901550293
2002-08-06,6.030554294586182
2002-08-07,5.924638748168945
2002-08-08,5.931260585784912
2002-08-09,5.87168025970459
2002-08-12,5.898159980773926
2002-08-13,5.884921073913574
2002-08-14,5.957737922668457
2002-08-15,5.957737922668457
2002-08-16,6.030554294586182
2002-08-19,6.116610527038574
2002-08-20,6.202667236328125
2002-08-21,6.136470794677734
2002-08-22,6.057032585144043
2002-08-23,6.189428329467773
2002-08-26,6.149709701538086
2002-08-27,6.076893329620361
2002-08-28,5.9974565505981445
2002-08-29,5.977596282958984
2002-08-30,6.043795108795166
2002-09-02,6.023935794830322
2002-09-03,5.918019771575928
2002-09-04,5.898159980773926
2002-09-05,5.865062236785889
2002-09-06,5.838583946228027
2002-09-09,5.759146213531494
2002-09-10,5.759146213531494
2002-09-11,5.858442783355713
2002-09-12,5.858442783355713
2002-09-13,5.937878608703613
2002-09-16,6.004074573516846
2002-09-17,5.911400318145752
2002-09-18,5.851822853088379
2002-09-19,5.851822853088379
2002-09-20,5.878303050994873
2002-09-23,5.891541481018066
2002-09-24,5.818725109100342
2002-09-25,5.838583946228027
2002-09-26,5.805485725402832
2002-09-27,5.918019771575928
2002-09-30,5.891541481018066
2002-10-01,5.878303050994873
2002-10-02,5.878303050994873
2002-10-03,5.84520149230957
2002-10-04,5.79886531829834
2002-10-07,5.79886531829834
2002-10-08,5.772385597229004
2002-10-09,5.666471481323242
2002-10-10,5.646610260009766
2002-10-11,5.388443470001221
2002-10-14,5.421542644500732
2002-10-15,5.421542644500732
2002-10-16,5.494357585906982
2002-10-17,5.467879772186279
2002-10-18,5.481118202209473
2002-10-21,5.514217376708984
2002-10-22,5.481118202209473
2002-10-23,5.428160667419434
2002-10-24,5.361965656280518
2002-10-25,5.355344295501709
2002-10-28,5.388443470001221
2002-10-29,5.514217376708984
2002-10-30,5.481118202209473
2002-10-31,5.500978469848633
2002-11-01,5.593654155731201
2002-11-04,5.646610260009766
2002-11-05,5.6929497718811035
2002-11-06,5.6929497718811035
2002-11-07,5.686329364776611
2002-11-08,5.639991760253906
2002-11-11,5.560555458068848
2002-11-12,5.454638481140137
2002-11-13,5.4745001792907715
2002-11-14,5.534075736999512
2002-11-15,5.520837306976318
2002-11-18,5.5274577140808105
2002-11-19,5.5274577140808105
2002-11-20,5.454638481140137
2002-11-21,5.414922714233398
2002-11-22,5.540696144104004
2002-11-25,5.805485725402832
2002-11-26,5.739287376403809
2002-11-27,5.812102794647217
2002-11-28,5.891541481018066
2002-11-29,5.9908366203308105
2002-12-02,6.275484561920166
2002-12-03,6.308582305908203
2002-12-04,6.282104015350342
2002-12-05,6.368158340454102
2002-12-06,6.745484828948975
2002-12-09,7.155904769897461
2002-12-10,7.089709758758545
2002-12-11,7.5729451179504395
2002-12-12,7.85097599029541
2002-12-13,8.26801586151123
2002-12-16,8.287877082824707
2002-12-17,8.605621337890625
2002-12-18,9.294073104858398
2002-12-19,8.698297500610352
2002-12-20,8.738015174865723
2002-12-23,8.579143524169922
2002-12-24,8.956464767456055
2002-12-25,8.956464767456055
2002-12-26,9.274212837219238
2002-12-27,9.287450790405273
2002-12-30,9.06238079071045
2002-12-31,9.605196952819824
2003-01-01,8.665199279785156
2003-01-02,8.651958465576172
2003-01-03,8.393791198730469
2003-01-06,8.009846687316895
2003-01-07,8.678438186645508
2003-01-08,9.069002151489258
2003-01-09,9.86336612701416
2003-01-10,9.916324615478516
2003-01-13,10.214210510253906
2003-01-14,10.002379417419434
2003-01-15,10.412802696228027
2003-01-16,10.4657621383667
2003-01-17,10.28040885925293
2003-01-20,10.776886940002441
2003-01-21,11.160828590393066
2003-01-22,10.829845428466797
2003-01-23,11.054915428161621
2003-01-24,10.498857498168945
2003-01-27,9.982521057128906
2003-01-28,10.02885913848877
2003-01-29,10.002379417419434
2003-01-30,9.737589836120605
2003-01-31,9.459564208984375
2003-02-03,9.99576187133789
2003-02-04,10.412802696228027
2003-02-05,10.333365440368652
2003-02-06,10.922520637512207
2003-02-07,10.757025718688965
2003-02-10,10.399561882019043
2003-02-11,10.359846115112305
2003-02-12,10.386322975158691
2003-02-13,10.386322975158691
2003-02-14,10.174491882324219
2003-02-17,10.790125846862793
2003-02-18,11.227025032043457
2003-02-19,11.73674201965332
2003-02-20,11.478574752807617
2003-02-21,11.69702434539795
2003-02-24,11.730124473571777
2003-02-25,11.213786125183105
2003-02-26,10.57829475402832
2003-02-27,11.412379264831543
2003-02-28,11.028434753417969
2003-03-03,11.988292694091797
2003-03-04,11.816183090209961
2003-03-05,12.392095565795898
2003-03-06,12.272941589355469
2003-03-07,11.677167892456055
2003-03-10,11.306465148925781
2003-03-11,11.769842147827148
2003-03-12,12.531106948852539
2003-03-13,12.464913368225098
2003-03-14,12.464913368225098
2003-03-17,12.637025833129883
2003-03-18,12.637025833129883
2003-03-19,12.848855972290039
2003-03-20,13.034210205078125
2003-03-21,13.37843132019043
2003-03-24,13.054064750671387
2003-03-25,12.994484901428223
2003-03-26,12.974631309509277
2003-03-27,13.629981994628906
2003-03-28,14.027164459228516
2003-03-31,13.471109390258789
2003-04-01,13.0143461227417
2003-04-02,13.5637845993042
2003-04-03,13.974209785461426
2003-04-04,14.358149528503418
2003-04-07,14.543503761291504
2003-04-08,14.953923225402832
2003-04-09,14.106596946716309
2003-04-10,13.894771575927734
2003-04-11,13.954343795776367
2003-04-15,13.841813087463379
2003-04-16,14.047019004821777
2003-04-17,14.053642272949219
2003-04-18,14.053642272949219
2003-04-21,14.470681190490723
2003-04-22,14.080122947692871
2003-04-23,13.484346389770508
2003-04-24,13.755757331848145
2003-04-25,14.622937202453613
2003-04-28,15.708569526672363
2003-04-29,15.05983829498291
2003-04-30,15.668851852416992
2003-05-01,15.668851852416992
2003-05-02,16.066036224365234
2003-05-05,17.045751571655273
2003-05-06,16.721384048461914
2003-05-07,16.191804885864258
2003-05-08,16.370542526245117
2003-05-09,16.363922119140625
2003-05-12,19.124338150024414
2003-05-13,18.045326232910156
2003-05-14,19.75983428955078
2003-05-15,19.03166389465332
2003-05-16,18.528566360473633
2003-05-19,18.442508697509766
2003-05-20,19.3957462310791
2003-05-21,19.044906616210938
2003-05-22,19.83264923095703
2003-05-23,19.89222526550293
2003-05-26,22.69898223876953
2003-05-27,21.838422775268555
2003-05-28,24.247995376586914
2003-05-29,25.148273468017578
2003-05-30,23.705177307128906
2003-06-02,18.96546745300293
2003-06-03,20.547578811645508
2003-06-04,21.26250648498535
2003-06-05,20.554195404052734
2003-06-06,20.011381149291992
2003-06-09,19.95180320739746
2003-06-10,18.329975128173828
2003-06-11,20.117294311523438
2003-06-12,19.80617332458496
2003-06-13,19.329551696777344
2003-06-16,18.62786102294922
2003-06-17,19.898849487304688
2003-06-18,19.144201278686523
2003-06-19,19.60095977783203
2003-06-20,20.196733474731445
2003-06-23,19.792930603027344
2003-06-24,19.83264923095703
2003-06-25,20.322509765625
2003-06-26,20.322509765625
2003-06-27,20.779266357421875
2003-06-30,20.56081771850586
2003-07-01,20.216594696044922
2003-07-02,20.322509765625
2003-07-03,21.692787170410156
2003-07-04,21.428001403808594
2003-07-07,21.169830322265625
2003-07-08,20.348983764648438
2003-07-09,19.84588623046875
2003-07-10,20.44828224182129
2003-07-11,21.739126205444336
2003-07-14,23.11602783203125
2003-07-15,23.294755935668945
2003-07-16,24.12883949279785
2003-07-17,22.619543075561523
2003-07-18,22.85123634338379
2003-07-21,22.751935958862305
2003-07-22,21.63321304321289
2003-07-23,22.776424407958984
2003-07-24,22.72907257080078
2003-07-25,23.56788444519043
2003-07-28,23.655826568603516
2003-07-29,22.593782424926758
2003-07-30,23.364948272705078
2003-07-31,23.047008514404297
2003-08-01,23.107892990112305
2003-08-04,22.22849464416504
2003-08-05,21.085275650024414
2003-08-06,20.44940185546875
2003-08-07,21.43703269958496
2003-08-08,22.282609939575195
2003-08-11,21.842912673950195
2003-08-12,21.376155853271484
2003-08-13,21.565563201904297
2003-08-14,21.450563430786133
2003-08-15,21.23409652709961
2003-08-18,21.004100799560547
2003-08-19,20.692930221557617
2003-08-20,21.531740188598633
2003-08-21,22.0999698638916
2003-08-22,22.296133041381836
2003-08-25,21.633211135864258
2003-08-26,22.49231719970703
2003-08-27,23.622005462646484
2003-08-28,23.872291564941406
2003-08-29,23.439353942871094
2003-09-01,22.83054542541504
2003-09-02,23.18230438232422
2003-09-03,22.377321243286133
2003-09-04,22.03908348083496
2003-09-05,22.201435089111328
2003-09-08,22.50584602355957
2003-09-09,21.856447219848633
2003-09-10,22.41790199279785
2003-09-11,24.19023323059082
2003-09-12,23.709943771362305
2003-09-15,21.96467399597168
2003-09-16,23.811416625976562
2003-09-17,22.817012786865234
2003-09-18,21.511445999145508
2003-09-19,21.68732452392578
2003-09-22,21.362625122070312
2003-09-23,21.545269012451172
2003-09-24,22.46525764465332
2003-09-25,22.51259994506836
2003-09-26,23.22965431213379
2003-09-29,23.885820388793945
2003-09-30,25.19139862060547
2003-10-01,25.495798110961914
2003-10-02,21.23409652709961
2003-10-03,26.38196563720703
2003-10-06,26.896072387695312
2003-10-07,26.06403160095215
2003-10-08,26.774309158325195
2003-10-09,26.896072387695312
2003-10-10,26.584896087646484
2003-10-13,28.296348571777344
2003-10-14,27.80253028869629
2003-10-15,28.722518920898438
2003-10-16,30.04161834716797
2003-10-17,29.446332931518555
2003-10-20,28.18134117126465
2003-10-21,26.00991439819336
2003-10-22,25.522859573364258
2003-10-23,24.66375160217285
2003-10-24,25.894916534423828
2003-10-27,24.76522445678711
2003-10-28,23.933183670043945
2003-10-29,25.65814781188965
2003-10-30,26.760780334472656
2003-10-31,27.464298248291016
2003-11-03,26.104610443115234
2003-11-04,27.329011917114258
2003-11-05,26.855480194091797
2003-11-06,26.747249603271484
2003-11-07,26.084321975708008
2003-11-10,25.19139862060547
2003-11-11,25.360511779785156
2003-11-12,25.326684951782227
2003-11-13,24.83963394165039
2003-11-14,23.926414489746094
2003-11-17,24.37287139892578
2003-11-18,24.03464698791504
2003-11-19,22.918481826782227
2003-11-20,22.438194274902344
2003-11-21,23.02672004699707
2003-11-24,23.24994468688965
2003-11-25,23.6625919342041
2003-11-26,21.23409652709961
2003-11-27,24.149646759033203
2003-11-28,24.954631805419922
2003-12-01,24.514934539794922
2003-12-02,24.893749237060547
2003-12-03,24.771989822387695
2003-12-04,24.995220184326172
2003-12-05,24.379636764526367
2003-12-08,23.87905502319336
2003-12-09,24.670516967773438
2003-12-10,24.06169891357422
2003-12-11,24.535226821899414
2003-12-12,24.75169563293457
2003-12-15,24.859922409057617
2003-12-16,24.244354248046875
2003-12-17,24.22405242919922
2003-12-18,24.271404266357422
2003-12-19,25.122072219848633
2003-12-22,27.07037353515625
2003-12-23,27.56430435180664
2003-12-24,28.874601364135742
2003-12-25,28.874601364135742
2003-12-26,30.747440338134766
2003-12-29,31.52950096130371
2003-12-30,32.54481887817383
2003-12-31,33.11421585083008
2004-01-01,33.1622314453125
2004-01-02,32.95642852783203
2004-01-05,32.73003387451172
2004-01-06,32.77119445800781
2004-01-07,33.052467346191406
2004-01-08,36.39339065551758
2004-01-09,37.74485397338867
2004-01-12,40.97600173950195
2004-01-13,40.255672454833984
2004-01-14,41.3738899230957
2004-01-15,40.61241149902344
2004-01-16,38.163326263427734
2004-01-19,38.520050048828125
2004-01-20,36.05037307739258
2004-01-21,34.18440246582031
2004-01-22,35.21343231201172
2004-01-23,36.99708557128906
2004-01-26,36.99708557128906
2004-01-27,38.451446533203125
2004-01-28,40.13905715942383
2004-01-29,38.122161865234375
2004-01-30,35.52214050292969
2004-02-02,35.52214050292969
2004-02-03,32.71631622314453
2004-02-04,33.25827407836914
2004-02-05,34.362770080566406
2004-02-06,35.47411346435547
2004-02-09,37.93693542480469
2004-02-10,37.05196762084961
2004-02-11,38.62295913696289
2004-02-12,37.63508605957031
2004-02-13,37.97122573852539
2004-02-16,36.612918853759766
2004-02-17,37.29207992553711
2004-02-18,36.27676010131836
2004-02-19,34.85670471191406
2004-02-20,34.93216323852539
2004-02-23,32.791778564453125
2004-02-24,33.63557815551758
2004-02-25,33.093631744384766
2004-02-26,32.4007453918457
2004-02-27,33.27198791503906
2004-03-01,34.21184539794922
2004-03-02,34.21184539794922
2004-03-03,34.163818359375
2004-03-04,34.80868148803711
2004-03-05,34.52055358886719
2004-03-08,36.46199035644531
2004-03-09,37.20975875854492
2004-03-10,36.077823638916016
2004-03-11,36.46199035644531
2004-03-12,37.56648635864258
2004-03-15,36.05037307739258
2004-03-16,35.91317367553711
2004-03-17,38.23878479003906
2004-03-18,38.73271179199219
2004-03-19,39.56966781616211
2004-03-22,38.520050048828125
2004-03-23,38.43086624145508
2004-03-24,39.720584869384766
2004-03-25,41.91585159301758
2004-03-26,45.59291458129883
2004-03-29,45.37339401245117
2004-03-30,47.93225860595703
2004-03-31,45.87418746948242
2004-04-01,45.7232666015625
2004-04-02,46.62881088256836
2004-04-05,46.573936462402344
2004-04-06,46.423004150390625
2004-04-07,46.436729431152344
2004-04-08,46.15546417236328
2004-04-09,46.15546417236328
2004-04-12,46.23091506958008
2004-04-13,47.47948455810547
2004-04-14,47.47948455810547
2004-04-15,48.15863800048828
2004-04-16,48.597694396972656
2004-04-19,47.22563552856445
2004-04-20,47.28739547729492
2004-04-21,48.24781799316406
2004-04-22,49.6541633605957
2004-04-23,52.1787223815918
2004-04-26,52.1787223815918
2004-04-27,52.679508209228516
2004-04-28,52.947059631347656
2004-04-29,53.14601516723633
2004-04-30,50.772377014160156
2004-05-03,48.837806701660156
2004-05-04,51.63676071166992
2004-05-05,50.093204498291016
2004-05-06,51.01248550415039
2004-05-07,50.50482940673828
2004-05-10,48.028297424316406
2004-05-11,44.920623779296875
2004-05-12,46.36127853393555
2004-05-13,44.131690979003906
2004-05-14,36.23560333251953
2004-05-17,31.30997657775879
2004-05-18,36.27676010131836
2004-05-19,39.06200408935547
2004-05-20,38.643531799316406
2004-05-21,37.641944885253906
2004-05-24,36.654075622558594
2004-05-25,37.298927307128906
2004-05-26,38.451446533203125
2004-05-27,38.18389892578125
2004-05-28,35.810264587402344
2004-05-31,35.817138671875
2004-06-01,36.23560333251953
2004-06-02,38.3073844909668
2004-06-03,35.96119689941406
2004-06-04,38.0947151184082
2004-06-07,40.85251235961914
2004-06-08,39.50791931152344
2004-06-09,38.122161865234375
2004-06-10,36.59918975830078
2004-06-11,34.69892120361328
2004-06-14,33.21025085449219
2004-06-15,35.14482498168945
2004-06-16,34.678340911865234
2004-06-17,35.62504577636719
2004-06-18,35.707374572753906
2004-06-21,35.37806701660156
2004-06-22,33.601287841796875
2004-06-23,34.273582458496094
2004-06-24,35.99899673461914
2004-06-25,35.39164733886719
2004-06-28,36.54422378540039
2004-06-29,37.351715087890625
2004-06-30,38.65613555908203
2004-07-01,38.84938049316406
2004-07-02,37.13776779174805
2004-07-05,35.48137283325195
2004-07-06,35.92997741699219
2004-07-07,35.598697662353516
2004-07-08,32.844940185546875
2004-07-09,33.790470123291016
2004-07-12,34.83261489868164
2004-07-13,35.33643341064453
2004-07-14,35.04656982421875
2004-07-15,35.64011001586914
2004-07-16,36.854801177978516
2004-07-19,36.992828369140625
2004-07-20,37.876243591308594
2004-07-21,38.67683792114258
2004-07-22,39.00810623168945
2004-07-23,38.966705322265625
2004-07-26,39.808712005615234
2004-07-27,38.04878234863281
2004-07-28,36.399288177490234
2004-07-29,38.06258773803711
2004-07-30,36.9514274597168
2004-08-02,37.08256149291992
2004-08-03,37.80722427368164
2004-08-04,37.05494689941406
2004-08-05,37.738216400146484
2004-08-06,37.82102966308594
2004-08-09,38.04878234863281
2004-08-10,37.90385055541992
2004-08-11,36.965232849121094
2004-08-12,36.54422378540039
2004-08-13,35.798851013183594
2004-08-16,35.30883026123047
2004-08-17,35.55729293823242
2004-08-18,36.2198486328125
2004-08-19,35.80575942993164
2004-08-20,35.64011001586914
2004-08-23,33.56962203979492
2004-08-24,33.60411834716797
2004-08-25,33.89399719238281
2004-08-26,35.405452728271484
2004-08-27,34.811912536621094
2004-08-30,35.771244049072266
2004-08-31,36.564937591552734
2004-09-01,37.45524978637695
2004-09-02,37.25509262084961
2004-09-03,38.24892807006836
2004-09-06,38.21442413330078
2004-09-07,38.25584030151367
2004-09-08,38.23513412475586
2004-09-09,37.303409576416016
2004-09-10,38.12470245361328
2004-09-13,37.45524978637695
2004-09-14,37.86244201660156
2004-09-15,36.86860275268555
2004-09-16,36.92381286621094
2004-09-17,37.58637619018555
2004-09-20,37.061851501464844
2004-09-21,37.71750259399414
2004-09-22,38.104000091552734
2004-09-23,37.37932205200195
2004-09-24,37.18607711791992
2004-09-27,35.80575942993164
2004-09-28,35.15009689331055
2004-09-29,35.63320541381836
2004-09-30,35.8609619140625
2004-10-01,36.2198486328125
2004-10-04,36.38549041748047
2004-10-05,37.03424835205078
2004-10-06,36.489009857177734
2004-10-07,36.61324691772461
2004-10-08,36.558021545410156
2004-10-11,36.42689514160156
2004-10-12,35.41236114501953
2004-10-13,37.86244201660156
2004-10-14,35.081085205078125
2004-10-15,34.860225677490234
2004-10-18,34.2321662902832
2004-10-19,33.99061584472656
2004-10-20,34.17005157470703
2004-10-21,34.43231964111328
2004-10-22,34.2321662902832
2004-10-25,33.397071838378906
2004-10-26,34.33570098876953
2004-10-27,33.45919418334961
2004-10-28,33.397071838378906
2004-10-29,33.8870849609375
2004-11-01,34.052730560302734
2004-11-02,34.18386459350586
2004-11-03,35.42616271972656
2004-11-04,35.88166427612305
2004-11-05,36.17154312133789
2004-11-08,36.28196334838867
2004-11-09,36.247459411621094
2004-11-10,36.00590133666992
2004-11-11,35.916175842285156
2004-11-12,35.916175842285156
2004-11-15,35.916175842285156
2004-11-16,37.20677947998047
2004-11-17,39.235862731933594
2004-11-18,41.75497055053711
2004-11-19,44.23265838623047
2004-11-22,44.09462356567383
2004-11-23,44.23265838623047
2004-11-24,44.45351791381836
2004-11-25,45.047054290771484
2004-11-26,45.047054290771484
2004-11-29,45.626800537109375
2004-11-30,48.152801513671875
2004-12-01,48.47027587890625
2004-12-02,52.28689193725586
2004-12-03,52.28689193725586
2004-12-06,52.25237274169922
2004-12-07,50.264705657958984
2004-12-08,49.95412063598633
2004-12-09,49.740169525146484
2004-12-10,49.022403717041016
2004-12-13,49.029300689697266
2004-12-14,49.84370803833008
2004-12-15,49.795387268066406
2004-12-16,49.93342590332031
2004-12-17,49.00170135498047
2004-12-20,50.154273986816406
2004-12-21,51.91419219970703
2004-12-22,51.141204833984375
2004-12-23,52.169559478759766
2004-12-24,52.18335723876953
2004-12-27,52.404212951660156
2004-12-28,52.37661361694336
2004-12-29,54.240028381347656
2004-12-30,55.2476921081543
2004-12-31,55.98616409301758
2005-01-03,57.84269332885742
2005-01-04,60.030548095703125
2005-01-05,58.43625259399414
2005-01-06,57.180152893066406
2005-01-07,55.58587646484375
2005-01-10,52.59056091308594
2005-01-11,51.6933479309082
2005-01-12,48.84296417236328
2005-01-13,52.37661361694336
2005-01-14,49.822998046875
2005-01-17,50.16807556152344
2005-01-18,49.30537414550781
2005-01-19,48.60140609741211
2005-01-20,48.877471923828125
2005-01-24,50.14047622680664
2005-01-25,49.89891815185547
2005-01-27,50.60978698730469
2005-01-28,52.81831359863281
2005-01-31,56.738441467285156
2005-02-01,56.469295501708984
2005-02-02,55.96546936035156
2005-02-03,56.62111282348633
2005-02-04,56.34504699707031
2005-02-07,55.24079513549805
2005-02-08,56.44167709350586
2005-02-09,57.884117126464844
2005-02-10,58.22230911254883
2005-02-11,58.153289794921875
2005-02-14,57.863399505615234
2005-02-15,58.167083740234375
2005-02-16,58.6295051574707
2005-02-17,58.65711212158203
2005-02-18,58.31201934814453
2005-02-21,58.712318420410156
2005-02-22,59.22304916381836
2005-02-23,58.67781448364258
2005-02-24,60.106449127197266
2005-02-25,60.8152961730957
2005-02-28,63.588165283203125
2005-03-01,62.03841018676758
2005-03-02,60.794464111328125
2005-03-03,60.68325424194336
2005-03-04,66.05525207519531
2005-03-07,71.11449432373047
2005-03-08,69.60645294189453
2005-03-09,67.6883773803711
2005-03-10,68.0150146484375
2005-03-11,67.83434295654297
2005-03-14,68.5918197631836
2005-03-15,66.45136260986328
2005-03-16,65.64523315429688
2005-03-17,61.107181549072266
2005-03-18,60.27323913574219
2005-03-21,59.98137283325195
2005-03-22,58.29262161254883
2005-03-23,57.20851516723633
2005-03-24,56.55525207519531
2005-03-28,56.32590866088867
2005-03-29,53.893577575683594
2005-03-30,54.79701614379883
2005-03-31,54.671932220458984
2005-04-01,55.16533279418945
2005-04-04,55.193138122558594
2005-04-05,54.25495147705078
2005-04-06,54.060359954833984
2005-04-07,53.96308135986328
2005-04-08,53.03878402709961
2005-04-11,54.1090202331543
2005-04-12,54.699729919433594
2005-04-13,54.37309265136719
2005-04-15,52.87200164794922
2005-04-18,52.24653625488281
2005-04-19,52.26043701171875
2005-04-20,52.635711669921875
2005-04-21,52.621795654296875
2005-04-22,52.34383773803711
2005-04-25,51.74617004394531
2005-04-26,52.19789123535156
2005-04-27,51.29444885253906
2005-04-28,48.94551467895508
2005-04-29,48.111576080322266
2005-05-02,48.7995719909668
2005-05-03,48.57023620605469
2005-05-04,50.8079833984375
2005-05-05,51.238853454589844
2005-05-06,50.91917037963867
2005-05-09,50.93307113647461
2005-05-10,51.753116607666016
2005-05-11,51.6975212097168
2005-05-12,52.149234771728516
2005-05-13,51.78786849975586
2005-05-16,53.18471908569336
2005-05-17,52.739967346191406
2005-05-18,52.84418869018555
2005-05-19,53.32372283935547
2005-05-20,53.45576095581055
2005-05-23,53.96308135986328
2005-05-24,53.99086380004883
2005-05-25,53.337615966796875
2005-05-26,53.21251678466797
2005-05-27,53.18471908569336
2005-05-30,52.81640625
2005-05-31,53.10133743286133
2005-06-01,52.76079559326172
2005-06-02,52.045013427734375
2005-06-03,53.96308135986328
2005-06-06,54.3175163269043
2005-06-07,56.22166061401367
2005-06-08,56.57610321044922
2005-06-09,55.95758819580078
2005-06-10,55.08194351196289
2005-06-13,55.67960739135742
2005-06-14,56.138267517089844
2005-06-15,55.9089241027832
2005-06-16,55.00571060180664
2005-06-17,55.243770599365234
2005-06-20,53.32529830932617
2005-06-21,53.724395751953125
2005-06-22,53.346290588378906
2005-06-23,54.57160568237305
2005-06-24,54.31954574584961
2005-06-27,53.843421936035156
2005-06-28,53.115238189697266
2005-06-29,53.689388275146484
2005-06-30,53.143245697021484
2005-07-01,53.96245193481445
2005-07-04,54.76063919067383
2005-07-05,54.23552322387695
2005-07-06,54.66262435913086
2005-07-07,54.8726806640625
2005-07-08,54.977699279785156
2005-07-11,54.87968444824219
2005-07-12,55.20175552368164
2005-07-13,55.894935607910156
2005-07-14,54.89368438720703
2005-07-15,55.49583053588867
2005-07-18,55.908931732177734
2005-07-19,56.0419807434082
2005-07-20,56.81216812133789
2005-07-21,55.978946685791016
2005-07-22,57.42130661010742
2005-07-25,59.82292556762695
2005-07-26,60.00495910644531
2005-07-27,60.670127868652344
2005-07-28,55.894935607910156
2005-07-29,59.40280532836914
2005-08-01,59.1927490234375
2005-08-02,60.971195220947266
2005-08-03,59.71088409423828
2005-08-04,60.13798904418945
2005-08-05,59.983951568603516
2005-08-08,57.05723190307617
2005-08-09,56.70014190673828
2005-08-10,58.44357681274414
2005-08-11,59.43083190917969
2005-08-12,58.29652786254883
2005-08-16,58.03047180175781
2005-08-17,57.86941146850586
2005-08-18,58.002471923828125
2005-08-19,57.30928421020508
2005-08-22,56.350059509277344
2005-08-23,55.698883056640625
2005-08-24,55.81792068481445
2005-08-25,56.0629768371582
2005-08-26,56.28702926635742
2005-08-29,55.76190185546875
2005-08-30,56.069969177246094
2005-08-31,56.27302551269531
2005-09-01,56.07697296142578
2005-09-02,56.77014923095703
2005-09-05,57.330284118652344
2005-09-06,58.40155029296875
2005-09-08,58.80765914916992
2005-09-09,60.05397415161133
2005-09-12,60.9291877746582
2005-09-13,61.09022903442383
2005-09-14,59.738895416259766
2005-09-15,59.6618766784668
2005-09-16,60.08898162841797
2005-09-19,61.46132278442383
2005-09-20,62.042476654052734
2005-09-21,61.195255279541016
2005-09-22,59.10173797607422
2005-09-23,59.94194030761719
2005-09-26,61.17425537109375
2005-09-27,61.26526641845703
2005-09-28,62.32255172729492
2005-09-29,61.944435119628906
2005-09-30,63.0997200012207
2005-10-03,64.04495239257812
2005-10-04,64.2760238647461
2005-10-05,63.568851470947266
2005-10-06,61.8114013671875
2005-10-07,61.71337890625
2005-10-10,60.880184173583984
2005-10-11,63.24677276611328
2005-10-13,61.32829666137695
2005-10-14,59.82989501953125
2005-10-17,60.460060119628906
2005-10-18,59.969947814941406
2005-10-19,58.42255783081055
2005-10-20,55.81792068481445
2005-10-21,55.95795822143555
2005-10-24,54.270530700683594
2005-10-25,56.153987884521484
2005-10-26,55.99996566772461
2005-10-27,55.23677062988281
2005-10-28,52.120994567871094
2005-10-31,56.602115631103516
2005-11-02,58.170509338378906
2005-11-04,58.170509338378906
2005-11-07,57.687374114990234
2005-11-08,57.715389251708984
2005-11-09,58.198509216308594
2005-11-10,57.988468170166016
2005-11-11,59.171749114990234
2005-11-14,59.73188400268555
2005-11-16,59.76689529418945
2005-11-17,61.02721405029297
2005-11-18,60.670127868652344
2005-11-21,60.6561164855957
2005-11-22,58.583614349365234
2005-11-23,59.6618766784668
2005-11-24,60.43907165527344
2005-11-25,61.42631149291992
2005-11-28,62.861671447753906
2005-11-29,62.31185531616211
2005-11-30,61.55059051513672
2005-12-01,61.31092834472656
2005-12-02,60.14080810546875
2005-12-05,59.99983596801758
2005-12-06,59.4923210144043
2005-12-07,60.472103118896484
2005-12-08,60.2677001953125
2005-12-09,60.88798904418945
2005-12-12,61.49419021606445
2005-12-13,62.47398376464844
2005-12-14,64.70845794677734
2005-12-15,62.38939666748047
2005-12-16,65.15254974365234
2005-12-19,66.32264709472656
2005-12-20,65.1102523803711
2005-12-21,64.05996704101562
2005-12-22,64.88470458984375
2005-12-23,64.09520721435547
2005-12-26,63.023799896240234
2005-12-27,64.701416015625
2005-12-28,64.75782012939453
2005-12-29,64.27848815917969
2005-12-30,65.73055267333984
2006-01-02,66.5411605834961
2006-01-03,66.73854064941406
2006-01-04,68.28929138183594
2006-01-05,69.67790985107422
2006-01-06,68.9730224609375
2006-01-09,67.83111572265625
2006-01-10,66.85836029052734
2006-01-12,66.14641571044922
2006-01-13,65.70235443115234
2006-01-16,64.7789535522461
2006-01-17,64.6520767211914
2006-01-18,62.79117965698242
2006-01-19,63.39738082885742
2006-01-20,63.36213684082031
2006-01-23,62.82642364501953
2006-01-24,63.77803039550781
2006-01-25,63.05199432373047
2006-01-27,65.63186645507812
2006-01-30,64.34898376464844
2006-01-31,65.60367584228516
2006-02-01,63.75688171386719
2006-02-02,63.82030487060547
2006-02-03,63.35508346557617
2006-02-06,62.784141540527344
2006-02-07,62.84053039550781
2006-02-08,62.699554443359375
2006-02-10,63.37623977661133
2006-02-13,63.608848571777344
2006-02-14,62.82642364501953
2006-02-15,61.931217193603516
2006-02-16,61.77614974975586
2006-02-17,59.9363899230957
2006-02-20,60.761112213134766
2006-02-21,60.68356704711914
2006-02-22,60.40161895751953
2006-02-23,60.11260986328125
2006-02-24,62.42463302612305
2006-02-27,64.08816528320312
2006-02-28,62.325965881347656
2006-03-01,62.04400634765625
2006-03-02,63.284603118896484
2006-03-03,62.946258544921875
2006-03-06,63.50312042236328
2006-03-07,63.20705795288086
2006-03-08,62.995609283447266
2006-03-09,63.36213684082031
2006-03-10,65.25122833251953
2006-03-13,64.66616821289062
2006-03-14,64.05996704101562
2006-03-16,64.67322540283203
2006-03-17,66.16758728027344
2006-03-20,65.6882553100586
2006-03-21,65.3358154296875
2006-03-22,64.58863067626953
2006-03-23,64.01062774658203
2006-03-24,65.68120574951172
2006-03-27,67.11917877197266
2006-03-28,66.59050750732422
2006-03-29,66.31561279296875
2006-03-30,67.18260955810547
2006-03-31,66.31561279296875
2006-04-03,65.76579284667969
2006-04-04,66.13233184814453
2006-04-05,66.20986938476562
2006-04-07,64.72256469726562
2006-04-10,64.05996704101562
2006-04-12,62.946258544921875
2006-04-13,61.82548904418945
2006-04-17,61.82548904418945
2006-04-18,62.706607818603516
2006-04-19,61.82548904418945
2006-04-20,62.516273498535156
2006-04-21,62.20613479614258
2006-04-24,61.684513092041016
2006-04-25,59.626243591308594
2006-04-26,59.99277114868164
2006-04-27,59.20331573486328
2006-04-28,58.97774124145508
2006-05-02,63.48197937011719
2006-05-03,66.25920104980469
2006-05-04,65.7164535522461
2006-05-05,64.8353500366211
2006-05-08,65.09614562988281
2006-05-09,66.90065002441406
2006-05-10,68.6417236328125
2006-05-11,66.6821517944336
2006-05-12,66.31561279296875
2006-05-15,66.28739929199219
2006-05-16,64.1022720336914
2006-05-17,68.32453155517578
2006-05-18,63.22822189331055
2006-05-19,59.830657958984375
2006-05-22,58.29401397705078
2006-05-23,58.759246826171875
2006-05-24,58.87202072143555
2006-05-25,60.63422775268555
2006-05-26,60.38047790527344
2006-05-29,60.55669021606445
2006-05-30,58.48432540893555
2006-05-31,57.088661193847656
2006-06-01,55.62250900268555
2006-06-02,57.65962219238281
2006-06-05,55.03040313720703
2006-06-06,55.15022659301758
2006-06-07,53.31753158569336
2006-06-08,51.2804069519043
2006-06-09,50.87156677246094
2006-06-12,48.348079681396484
2006-06-13,44.40777587890625
2006-06-14,43.32224655151367
2006-06-15,44.44301986694336
2006-06-16,46.33915328979492
2006-06-19,46.6775016784668
2006-06-20,43.991886138916016
2006-06-21,44.65448760986328
2006-06-22,48.18229675292969
2006-06-23,46.63034439086914
2006-06-26,44.6832160949707
2006-06-27,45.114315032958984
2006-06-28,45.035282135009766
2006-06-29,45.28675842285156
2006-06-30,46.781227111816406
2006-07-03,46.414794921875
2006-07-04,48.31162643432617
2006-07-05,48.519981384277344
2006-07-06,48.153560638427734
2006-07-07,46.88900375366211
2006-07-10,47.858970642089844
2006-07-11,47.758384704589844
2006-07-12,47.118919372558594
2006-07-13,46.46509552001953
2006-07-14,46.20642852783203
2006-07-17,44.46766662597656
2006-07-18,43.619850158691406
2006-07-19,43.60547637939453
2006-07-20,46.40042495727539
2006-07-21,45.31550216674805
2006-07-24,47.39194869995117
2006-07-25,49.65520477294922
2006-07-26,49.985721588134766
2006-07-27,51.78914260864258
2006-07-28,53.09679412841797
2006-07-31,54.641578674316406
2006-08-01,53.02494812011719
2006-08-02,54.67030715942383
2006-08-03,55.252288818359375
2006-08-04,52.9387321472168
2006-08-07,52.737552642822266
2006-08-08,56.81861114501953
2006-08-09,57.09881591796875
2006-08-10,60.06618881225586
2006-08-11,58.88070297241211
2006-08-14,59.548885345458984
2006-08-16,61.510372161865234
2006-08-17,60.21708297729492
2006-08-18,59.498592376708984
2006-08-21,63.428768157958984
2006-08-22,62.846778869628906
2006-08-23,61.38823318481445
2006-08-24,64.01793670654297
2006-08-25,65.20343780517578
2006-08-28,65.85009002685547
2006-08-29,66.5614013671875
2006-08-30,67.79003143310547
2006-08-31,67.74693298339844
2006-09-01,67.96245574951172
2006-09-04,67.61040496826172
2006-09-05,68.22112274169922
2006-09-06,67.56010437011719
2006-09-07,66.68354034423828
2006-09-08,67.4164047241211
2006-09-11,66.43925476074219
2006-09-12,68.65222930908203
2006-09-13,71.30348205566406
2006-09-14,70.85082244873047
2006-09-15,71.38967895507812
2006-09-18,71.79203796386719
2006-09-19,69.63655853271484
2006-09-20,70.23292541503906
2006-09-21,71.06636810302734
2006-09-22,70.13232421875
2006-09-25,71.14540100097656
2006-09-26,72.43869018554688
2006-09-27,72.87696838378906
2006-09-28,75.7365951538086
2006-09-29,75.62881469726562
2006-10-03,75.535400390625
2006-10-04,75.01809692382812
2006-10-05,77.37474822998047
2006-10-06,76.95802307128906
2006-10-09,76.44071197509766
2006-10-10,75.77969360351562
2006-10-11,74.93186950683594
2006-10-12,75.89466857910156
2006-10-13,75.63599395751953
2006-10-16,75.50666809082031
2006-10-17,75.39171600341797
2006-10-18,75.17615509033203
2006-10-19,74.69477081298828
2006-10-20,73.93315124511719
2006-10-23,71.85670471191406
2006-10-26,72.58956909179688
2006-10-27,75.28392791748047
2006-10-30,74.57980346679688
2006-10-31,74.59417724609375
2006-11-01,74.76660919189453
2006-11-02,75.28392791748047
2006-11-03,74.68041229248047
2006-11-06,74.12715911865234
2006-11-07,73.72480010986328
2006-11-08,73.26495361328125
2006-11-09,74.19900512695312
2006-11-10,74.27803039550781
2006-11-13,74.66603088378906
2006-11-14,74.23493194580078
2006-11-15,78.5531005859375
2006-11-16,79.64521026611328
2006-11-17,76.7496566772461
2006-11-20,77.36039733886719
2006-11-21,77.50408935546875
2006-11-22,77.927978515625
2006-11-23,77.75556945800781
2006-11-24,78.57463836669922
2006-11-27,78.61775207519531
2006-11-28,77.06581115722656
2006-11-29,78.43094635009766
2006-11-30,78.31597137451172
2006-12-01,79.78889465332031
2006-12-04,82.87124633789062
2006-12-05,81.8509750366211
2006-12-06,79.63084411621094
2006-12-07,79.86795043945312
2006-12-08,79.6739501953125
2006-12-11,72.94882202148438
2006-12-12,69.90240478515625
2006-12-13,71.59805297851562
2006-12-14,72.0075912475586
2006-12-15,72.97038269042969
2006-12-18,73.37992095947266
2006-12-19,71.47591400146484
2006-12-20,71.66270446777344
2006-12-21,70.64965057373047
2006-12-22,71.35375213623047
2006-12-26,72.94882202148438
2006-12-27,74.11278533935547
2006-12-28,73.84693908691406
2006-12-29,72.85543823242188
2007-01-02,73.51641845703125
2007-01-03,74.09123229980469
2007-01-04,73.40866088867188
2007-01-05,73.50924682617188
2007-01-08,73.4014892578125
2007-01-09,71.29629516601562
2007-01-10,70.16106414794922
2007-01-11,69.79463195800781
2007-01-12,74.1487045288086
2007-01-15,74.6157455444336
2007-01-16,74.32833862304688
2007-01-17,75.4563980102539
2007-01-18,75.49949645996094
2007-01-19,74.51513671875
2007-01-22,75.87310791015625
2007-01-23,74.16307830810547
2007-01-24,73.58828735351562
2007-01-25,73.72480010986328
2007-01-29,72.58956909179688
2007-01-31,72.87696838378906
2007-02-01,75.90902709960938
2007-02-02,74.34988403320312
2007-02-05,74.98936462402344
2007-02-06,74.80255126953125
2007-02-07,74.49359130859375
2007-02-08,74.2061996459961
2007-02-09,72.63268280029297
2007-02-12,70.62808990478516
2007-02-13,69.5790786743164
2007-02-14,66.87676239013672
2007-02-15,67.49980926513672
2007-02-19,67.72440338134766
2007-02-20,67.76063537597656
2007-02-21,67.59400939941406
2007-02-22,64.75404357910156
2007-02-23,62.99355697631836
2007-02-26,66.28269958496094
2007-02-27,65.05831909179688
2007-02-28,61.43592071533203
2007-03-01,64.22515869140625
2007-03-02,61.90682601928711
2007-03-05,59.79134750366211
2007-03-06,61.91407775878906
2007-03-07,61.73295593261719
2007-03-08,63.377525329589844
2007-03-09,62.399478912353516
2007-03-12,62.68203353881836
2007-03-13,63.63834762573242
2007-03-14,62.08070755004883
2007-03-15,61.088165283203125
2007-03-16,60.581031799316406
2007-03-19,61.501121520996094
2007-03-20,63.167442321777344
2007-03-21,65.413330078125
2007-03-22,69.97753143310547
2007-03-23,69.60806274414062
2007-03-26,68.818359375
2007-03-28,67.3404312133789
2007-03-29,68.7386703491211
2007-03-30,68.70970916748047
2007-04-02,61.82713317871094
2007-04-03,61.928585052490234
2007-04-04,61.559085845947266
2007-04-05,63.79048156738281
2007-04-09,66.2030029296875
2007-04-10,65.3553466796875
2007-04-11,64.70333099365234
2007-04-12,63.986087799072266
2007-04-13,66.2030029296875
2007-04-16,67.89102935791016
2007-04-17,67.94174194335938
2007-04-18,68.92704772949219
2007-04-19,69.67325592041016
2007-04-20,69.65152740478516
2007-04-23,68.63726043701172
2007-04-24,73.31015014648438
2007-04-25,73.63616180419922
2007-04-26,74.12882995605469
2007-04-27,72.70159149169922
2007-04-30,72.37557220458984
2007-05-03,74.78809356689453
2007-05-04,73.81730651855469
2007-05-07,71.54242706298828
2007-05-08,72.1799545288086
2007-05-09,73.80279541015625
2007-05-10,73.43331909179688
2007-05-11,74.17227935791016
2007-05-14,77.63531494140625
2007-05-15,79.23640441894531
2007-05-16,80.65638732910156
2007-05-17,81.23596954345703
2007-05-18,79.69284057617188
2007-05-21,81.1707534790039
2007-05-22,80.30863189697266
2007-05-23,81.19248962402344
2007-05-24,77.65704345703125
2007-05-25,77.32377624511719
2007-05-28,77.8961181640625
2007-05-29,76.79490661621094
2007-05-30,75.99797821044922
2007-05-31,77.64254760742188
2007-06-01,77.77294921875
2007-06-04,77.27305603027344
2007-06-05,77.87438201904297
2007-06-06,73.86800384521484
2007-06-07,74.10259246826172
2007-06-08,73.25218963623047
2007-06-11,74.21990966796875
2007-06-12,72.34312438964844
2007-06-13,71.36808776855469
2007-06-14,71.73465728759766
2007-06-15,72.1011962890625
2007-06-18,71.72000122070312
2007-06-19,73.99262237548828
2007-06-20,75.40020751953125
2007-06-21,77.35759735107422
2007-06-22,75.84738159179688
2007-06-25,75.51749420166016
2007-06-26,76.910400390625
2007-06-27,77.13765716552734
2007-06-28,75.2242660522461
2007-06-29,79.3589859008789
2007-07-02,77.46023559570312
2007-07-03,79.60823059082031
2007-07-04,78.36196899414062
2007-07-05,77.57019805908203
2007-07-06,76.86641693115234
2007-07-09,79.76219177246094
2007-07-10,78.99242401123047
2007-07-11,77.68016815185547
2007-07-12,79.33699035644531
2007-07-13,81.11844635009766
2007-07-16,83.94823455810547
2007-07-17,84.11685180664062
2007-07-18,82.3500747680664
2007-07-19,85.09922790527344
2007-07-20,83.94091033935547
2007-07-23,83.03186798095703
2007-07-24,82.76793670654297
2007-07-25,81.14044189453125
2007-07-26,76.9397201538086
2007-07-27,73.2448501586914
2007-07-30,73.92665100097656
2007-07-31,75.52481842041016
2007-08-01,71.39009857177734
2007-08-02,72.55573272705078
2007-08-03,73.13490295410156
2007-08-06,73.81668853759766
2007-08-07,73.87532806396484
2007-08-08,76.41921997070312
2007-08-09,75.10696411132812
2007-08-10,72.91496276855469
2007-08-13,73.53077697753906
2007-08-14,73.95597076416016
2007-08-16,70.75963592529297
2007-08-17,70.54702758789062
2007-08-20,71.91059875488281
2007-08-21,70.20979309082031
2007-08-22,67.43862915039062
2007-08-23,66.02373504638672
2007-08-24,66.05307006835938
2007-08-27,67.92249298095703
2007-08-28,68.67759704589844
2007-08-29,67.87850952148438
2007-08-30,68.67759704589844
2007-08-31,71.00888061523438
2007-09-03,71.91059875488281
2007-09-04,71.5733642578125
2007-09-05,71.5367202758789
2007-09-06,71.91792297363281
2007-09-07,71.83728790283203
2007-09-10,72.33580017089844
2007-09-11,72.17450714111328
2007-09-12,71.44873809814453
2007-09-13,72.70968627929688
2007-09-14,72.03522491455078
2007-09-17,71.45606994628906
2007-09-18,72.17450714111328
2007-09-19,75.51749420166016
2007-09-20,74.94567108154297
2007-09-21,75.26823425292969
2007-09-24,79.08771514892578
2007-09-25,77.50422668457031
2007-09-26,78.56722259521484
2007-09-27,78.25931549072266
2007-09-28,79.5495834350586
2007-10-01,79.12438201904297
2007-10-03,78.64786529541016
2007-10-04,78.471923828125
2007-10-05,76.79310607910156
2007-10-08,74.12458801269531
2007-10-09,74.47648620605469
2007-10-10,74.40316009521484
2007-10-11,74.99699401855469
2007-10-12,74.98966217041016
2007-10-15,77.10832977294922
2007-10-16,79.1463851928711
2007-10-17,75.84004974365234
2007-10-18,71.37542724609375
2007-10-19,69.17611694335938
2007-10-22,69.78458404541016
2007-10-23,75.34889221191406
2007-10-24,75.17292785644531
2007-10-25,76.72712707519531
2007-10-26,76.84442138671875
2007-10-29,79.03641510009766
2007-10-30,74.90167999267578
2007-10-31,76.96905517578125
2007-11-01,78.62586975097656
2007-11-02,79.4249496459961
2007-11-05,81.66092681884766
2007-11-06,80.49531555175781
2007-11-07,80.39266204833984
2007-11-08,78.03206634521484
2007-11-12,78.82380676269531
2007-11-13,80.4439926147461
2007-11-14,88.20758819580078
2007-11-15,86.99797058105469
2007-11-16,88.34689331054688
2007-11-19,89.84977722167969
2007-11-20,86.34550476074219
2007-11-21,81.08912658691406
2007-11-22,84.11685180664062
2007-11-23,85.30449676513672
2007-11-26,87.90704345703125
2007-11-27,87.7457504272461
2007-11-28,85.42913055419922
2007-11-29,86.90266418457031
2007-11-30,88.62547302246094
2007-12-03,92.10773468017578
2007-12-04,94.40970611572266
2007-12-05,94.4976577758789
2007-12-06,92.291015625
2007-12-07,92.86283874511719
2007-12-10,95.677978515625
2007-12-11,97.96527099609375
2007-12-12,98.1632080078125
2007-12-13,100.88306427001953
2007-12-14,99.67343139648438
2007-12-17,94.5343246459961
2007-12-18,93.10477447509766
2007-12-19,91.5359115600586
2007-12-20,91.13270568847656
2007-12-24,97.43009948730469
2007-12-26,97.98727416992188
2007-12-27,96.82162475585938
2007-12-28,98.59575653076172
2007-12-31,97.43009948730469
2008-01-01,98.42713165283203
2008-01-02,104.29933166503906
2008-01-03,102.97242736816406
2008-01-04,102.56918334960938
2008-01-07,100.97100830078125
2008-01-08,100.04730987548828
2008-01-09,98.12657165527344
2008-01-10,95.39207458496094
2008-01-11,95.84659576416016
2008-01-14,97.48875427246094
2008-01-15,97.3934555053711
2008-01-16,94.63695526123047
2008-01-17,96.82162475585938
2008-01-18,94.10911560058594
2008-01-21,88.43486785888672
2008-01-22,83.57435607910156
2008-01-23,87.9949951171875
2008-01-24,90.77349090576172
2008-01-25,97.92130279541016
2008-01-28,100.3552017211914
2008-01-29,97.6427001953125
2008-01-30,98.34647369384766
2008-01-31,94.76892852783203
2008-02-01,95.14280700683594
2008-02-04,102.86978912353516
2008-02-05,101.87274932861328
2008-02-06,97.48875427246094
2008-02-07,92.49628448486328
2008-02-08,93.00212860107422
2008-02-11,89.31459045410156
2008-02-12,87.66510772705078
2008-02-13,88.31758117675781
2008-02-14,90.83946228027344
2008-02-15,91.06672668457031
2008-02-18,90.93477630615234
2008-02-19,91.36730194091797
2008-02-20,89.93040466308594
2008-02-21,85.41445922851562
2008-02-22,84.87196350097656
2008-02-25,85.09190368652344
2008-02-26,85.87631225585938
2008-02-27,87.6137924194336
2008-02-28,84.37345123291016
2008-02-29,88.46419525146484
2008-03-03,79.93080139160156
2008-03-04,75.95735931396484
2008-03-05,76.55851745605469
2008-03-07,73.10557556152344
2008-03-10,74.9383316040039
2008-03-11,74.54979705810547
2008-03-12,72.43111419677734
2008-03-13,69.78458404541016
2008-03-14,69.16877746582031
2008-03-17,67.35065460205078
2008-03-18,67.57058715820312
2008-03-19,67.66590118408203
2008-03-24,71.06754302978516
2008-03-25,74.61577606201172
2008-03-26,76.52185821533203
2008-03-27,76.71978759765625
2008-03-28,77.75347137451172
2008-03-31,74.813720703125
2008-04-01,73.10557556152344
2008-04-02,73.99262237548828
2008-04-03,73.5454330444336
2008-04-04,72.04989624023438
2008-04-07,75.32688903808594
2008-04-08,75.49551391601562
2008-04-09,75.98668670654297
2008-04-10,74.35919189453125
2008-04-11,74.64509582519531
2008-04-15,76.16995239257812
2008-04-16,76.58051300048828
2008-04-17,77.41624450683594
2008-04-21,79.08039093017578
2008-04-22,79.21236419677734
2008-04-23,79.61557006835938
2008-04-24,79.65222930908203
2008-04-25,81.6242904663086
2008-04-28,81.15509033203125
2008-04-29,82.84857940673828
2008-04-30,80.70057678222656
2008-05-02,79.4249496459961
2008-05-05,77.76814270019531
2008-05-06,78.63320922851562
2008-05-07,79.0950698852539
2008-05-08,78.02472686767578
2008-05-09,74.21990966796875
2008-05-12,75.85472869873047
2008-05-13,72.89297485351562
2008-05-14,74.5424575805664
2008-05-15,78.7578353881836
2008-05-16,83.8456039428711
2008-05-20,83.04651641845703
2008-05-21,81.84423065185547
2008-05-22,78.80181884765625
2008-05-23,75.38552856445312
2008-05-26,73.42813873291016
2008-05-27,71.96923828125
2008-05-28,74.66709899902344
2008-05-29,75.20123291015625
2008-05-30,73.28284454345703
2008-06-02,72.17693328857422
2008-06-03,71.0033187866211
2008-06-04,70.05541229248047
2008-06-05,68.17462921142578
2008-06-06,67.53514099121094
2008-06-09,67.3169937133789
2008-06-10,67.34707641601562
2008-06-11,67.38468933105469
2008-06-12,67.67808532714844
2008-06-13,65.65437316894531
2008-06-16,68.46050262451172
2008-06-17,70.89798736572266
2008-06-18,68.86674499511719
2008-06-19,65.4662857055664
2008-06-20,64.81178283691406
2008-06-23,63.35982131958008
2008-06-24,63.32972717285156
2008-06-25,63.59304428100586
2008-06-26,63.87138748168945
2008-06-27,60.49350357055664
2008-06-30,56.160179138183594
2008-07-01,52.797340393066406
2008-07-02,58.22152328491211
2008-07-03,57.837825775146484
2008-07-04,58.44721984863281
2008-07-07,58.10867691040039
2008-07-08,56.37083435058594
2008-07-09,58.213993072509766
2008-07-10,59.61329650878906
2008-07-11,59.545589447021484
2008-07-14,60.95994186401367
2008-07-15,59.184478759765625
2008-07-16,58.981353759765625
2008-07-17,61.998130798339844
2008-07-18,66.36907196044922
2008-07-21,69.13758850097656
2008-07-22,70.7400131225586
2008-07-23,76.56292724609375
2008-07-24,72.53052520751953
2008-07-25,73.5611801147461
2008-07-28,73.88467407226562
2008-07-29,68.01664733886719
2008-07-30,69.95759582519531
2008-07-31,67.97148132324219
2008-08-01,72.77879333496094
2008-08-04,73.98999786376953
2008-08-05,76.81118774414062
2008-08-06,74.62946319580078
2008-08-07,75.56985473632812
2008-08-08,75.20874786376953
2008-08-11,77.75909423828125
2008-08-12,74.9303970336914
2008-08-13,75.26142120361328
2008-08-14,70.10054779052734
2008-08-18,70.58202362060547
2008-08-19,68.97206115722656
2008-08-20,69.98770904541016
2008-08-21,67.16651153564453
2008-08-22,66.90321350097656
2008-08-25,67.92636108398438
2008-08-26,68.87427520751953
2008-08-27,69.30309295654297
2008-08-28,67.67057037353516
2008-08-29,72.32740020751953
2008-09-01,73.16999053955078
2008-09-02,77.63121032714844
2008-09-04,78.21049499511719
2008-09-05,75.74291229248047
2008-09-08,77.87946319580078
2008-09-09,75.12599182128906
2008-09-10,75.12599182128906
2008-09-11,75.53224182128906
2008-09-12,76.74345397949219
2008-09-15,73.02704620361328
2008-09-16,75.94599151611328
2008-09-17,74.53919219970703
2008-09-18,77.78166198730469
2008-09-19,78.78976440429688
2008-09-22,77.60863494873047
2008-09-23,75.09591674804688
2008-09-24,75.07332611083984
2008-09-25,73.95237731933594
2008-09-26,71.09359741210938
2008-09-29,69.19026184082031
2008-09-30,71.46222686767578
2008-10-01,74.33607482910156
2008-10-03,73.58375549316406
2008-10-06,73.33550262451172
2008-10-07,74.74232482910156
2008-10-08,73.68907165527344
2008-10-10,69.28805541992188
2008-10-13,75.15609741210938
2008-10-14,73.96743774414062
2008-10-15,73.35807037353516
2008-10-16,75.09591674804688
2008-10-17,74.38121795654297
2008-10-20,75.2313232421875
2008-10-21,75.34418487548828
2008-10-22,71.04093933105469
2008-10-23,71.49983978271484
2008-10-24,63.1867790222168
2008-10-27,59.59073257446289
2008-10-29,60.365604400634766
2008-10-31,63.29963302612305
2008-11-03,68.09939575195312
2008-11-04,73.03455352783203
2008-11-05,74.45645141601562
2008-11-06,70.79267120361328
2008-11-07,74.59938049316406
2008-11-10,75.56985473632812
2008-11-11,73.28284454345703
2008-11-12,69.86734771728516
2008-11-14,70.8227767944336
2008-11-17,70.46917724609375
2008-11-18,68.06930541992188
2008-11-19,67.06871032714844
2008-11-20,65.22554779052734
2008-11-21,67.80598449707031
2008-11-24,66.04557800292969
2008-11-25,65.4662857055664
2008-11-26,67.34707641601562
2008-11-27,67.34707641601562
2008-11-28,67.01605987548828
2008-12-01,62.38932418823242
2008-12-02,61.885276794433594
2008-12-03,64.73655700683594
2008-12-04,67.89627075195312
2008-12-05,67.10633087158203
2008-12-08,67.68563079833984
2008-12-10,67.74580383300781
2008-12-11,68.60344696044922
2008-12-12,70.34129333496094
2008-12-15,71.04845428466797
2008-12-16,72.50794982910156
2008-12-17,72.55309295654297
2008-12-18,75.68272399902344
2008-12-19,78.48883819580078
2008-12-22,79.03802490234375
2008-12-23,75.86325073242188
2008-12-24,76.2695083618164
2008-12-26,75.0131607055664
2008-12-29,77.07447052001953
2008-12-30,79.91072082519531
2008-12-31,79.24868774414062
2009-01-02,80.0687026977539
2009-01-05,80.6178970336914
2009-01-06,79.81290435791016
2009-01-07,73.47090911865234
2009-01-09,73.07218933105469
2009-01-12,71.22901153564453
2009-01-13,71.0860595703125
2009-01-14,71.7631607055664
2009-01-15,66.78282928466797
2009-01-16,68.52069854736328
2009-01-19,68.61848449707031
2009-01-20,66.3013687133789
2009-01-21,64.84940338134766
2009-01-22,64.28516387939453
2009-01-23,61.178123474121094
2009-01-27,59.25218963623047
2009-01-28,59.515499114990234
2009-01-29,58.68043899536133
2009-01-30,60.27534103393555
2009-02-02,58.84593963623047
2009-02-03,59.84651565551758
2009-02-04,60.32799530029297
2009-02-05,59.680999755859375
2009-02-06,60.08725357055664
2009-02-09,60.89974594116211
2009-02-10,61.52417755126953
2009-02-11,61.16307067871094
2009-02-12,60.55367660522461
2009-02-13,61.47150802612305
2009-02-16,58.86851119995117
2009-02-17,55.53575897216797
2009-02-18,54.813541412353516
2009-02-19,56.39339065551758
2009-02-20,54.56527328491211
2009-02-24,52.142826080322266
2009-02-25,51.367942810058594
2009-02-26,48.779991149902344
2009-02-27,50.79618453979492
2009-03-02,48.930458068847656
2009-03-03,46.997005462646484
2009-03-04,46.04908752441406
2009-03-05,43.9426155090332
2009-03-06,46.77884292602539
2009-03-09,45.77073669433594
2009-03-12,47.59886169433594
2009-03-13,50.60810852050781
2009-03-16,51.48079299926758
2009-03-17,49.38184356689453
2009-03-18,51.172332763671875
2009-03-19,51.556026458740234
2009-03-20,50.04386901855469
2009-03-23,54.39976501464844
2009-03-24,55.20473098754883
2009-03-25,59.8991813659668
2009-03-26,62.34420394897461
2009-03-27,66.03054809570312
2009-03-30,59.500450134277344
2009-03-31,61.90785598754883
2009-04-01,61.050228118896484
2009-04-02,64.5259017944336
2009-04-06,67.74580383300781
2009-04-08,67.42984008789062
2009-04-09,68.40031433105469
2009-04-13,68.00911712646484
2009-04-15,71.48479461669922
2009-04-16,72.95934295654297
2009-04-17,74.02762603759766
2009-04-20,72.98191833496094
2009-04-21,70.07797241210938
2009-04-22,70.94314575195312
2009-04-23,74.30596923828125
2009-04-24,78.00736236572266
2009-04-27,78.71453094482422
2009-04-28,71.0033187866211
2009-04-29,71.90609741210938
2009-04-30,71.77068328857422
2009-05-04,75.72785949707031
2009-05-05,75.81060791015625
2009-05-06,76.1491470336914
2009-05-07,78.95527648925781
2009-05-08,79.55712127685547
2009-05-11,78.56407928466797
2009-05-12,82.76950073242188
2009-05-13,84.67286682128906
2009-05-14,84.5976333618164
2009-05-15,86.47840118408203
2009-05-18,98.96681213378906
2009-05-19,103.72895812988281
2009-05-20,101.81053161621094
2009-05-21,100.62189483642578
2009-05-22,99.779296875
2009-05-25,96.72492218017578
2009-05-26,96.1004867553711
2009-05-27,99.10975646972656
2009-05-28,99.95233154296875
2009-05-29,100.93032836914062
2009-06-01,99.83196258544922
2009-06-02,97.24400329589844
2009-06-03,98.88406372070312
2009-06-04,102.6783218383789
2009-06-05,101.52996826171875
2009-06-08,94.11210632324219
2009-06-09,94.79491424560547
2009-06-10,98.1546630859375
2009-06-11,95.0742416381836
2009-06-12,92.02484893798828
2009-06-15,94.88026428222656
2009-06-16,97.89860534667969
2009-06-17,95.4156494140625
2009-06-18,95.78033447265625
2009-06-19,99.63671112060547
2009-06-22,100.6686782836914
2009-06-23,97.01406860351562
2009-06-24,96.78905487060547
2009-06-25,97.9917221069336
2009-06-26,101.67737579345703
2009-06-29,105.53372192382812
2009-06-30,105.17681121826172
2009-07-01,106.13121032714844
2009-07-02,103.61717987060547
2009-07-03,107.7684097290039
2009-07-06,99.52806091308594
2009-07-07,96.86663818359375
2009-07-08,96.5950698852539
2009-07-09,96.253662109375
2009-07-10,95.57861328125
2009-07-13,95.3458251953125
2009-07-14,99.78413391113281
2009-07-15,102.86455535888672
2009-07-16,104.92849731445312
2009-07-17,107.25627899169922
2009-07-20,112.38517761230469
2009-07-21,109.85563659667969
2009-07-22,109.66166687011719
2009-07-23,114.44912719726562
2009-07-24,111.14369201660156
2009-07-27,112.81968688964844
2009-07-28,112.24549865722656
2009-07-29,116.01651000976562
2009-07-30,109.40560150146484
2009-07-31,107.11663055419922
2009-08-03,109.32801055908203
2009-08-04,109.76251983642578
2009-08-05,110.19705200195312
2009-08-06,106.77523040771484
2009-08-07,103.0352554321289
2009-08-10,102.34466552734375
2009-08-11,105.07593536376953
2009-08-12,104.85092163085938
2009-08-13,108.87799072265625
2009-08-14,107.6054458618164
2009-08-17,103.6404800415039
2009-08-18,103.30683135986328
2009-08-19,102.85679626464844
2009-08-20,103.18266296386719
2009-08-21,104.5483169555664
2009-08-24,105.76651000976562
2009-08-25,104.2379379272461
2009-08-26,104.1370849609375
2009-08-27,102.763671875
2009-08-28,105.2776870727539
2009-08-31,105.90618896484375
2009-09-01,106.17001342773438
2009-09-02,105.36299896240234
2009-09-03,105.2776870727539
2009-09-04,105.73548126220703
2009-09-07,106.56570434570312
2009-09-08,107.11663055419922
2009-09-09,108.7926254272461
2009-09-10,108.05549621582031
2009-09-11,109.63838195800781
2009-09-14,112.47052764892578
2009-09-15,115.76821899414062
2009-09-16,120.2530517578125
2009-09-17,120.12892150878906
2009-09-18,118.77104187011719
2009-09-22,120.12892150878906
2009-09-23,121.22294616699219
2009-09-24,122.76707458496094
2009-09-25,122.33253479003906
2009-09-29,121.68852233886719
2009-09-30,123.78352355957031
2009-10-01,125.70780944824219
2009-10-05,129.5408935546875
2009-10-06,125.3664321899414
2009-10-07,128.46234130859375
2009-10-08,132.00057983398438
2009-10-09,127.66314697265625
2009-10-12,132.3264617919922
2009-10-13,132.0626678466797
2009-10-14,132.07818603515625
2009-10-15,133.06358337402344
2009-10-16,134.41371154785156
2009-10-20,133.59896850585938
2009-10-21,132.5049285888672
2009-10-22,131.85317993164062
2009-10-23,141.10995483398438
2009-10-26,131.2945098876953
2009-10-27,129.556396484375
2009-10-28,132.1868133544922
2009-10-29,130.091796875
2009-10-30,132.3962860107422
2009-11-03,130.16163635253906
2009-11-04,132.75323486328125
2009-11-05,134.6309814453125
2009-11-06,137.91311645507812
2009-11-09,140.94699096679688
2009-11-10,140.3262939453125
2009-11-11,144.361083984375
2009-11-12,141.10995483398438
2009-11-13,140.93148803710938
2009-11-16,143.437744140625
2009-11-17,143.29806518554688
2009-11-18,141.70742797851562
2009-11-19,139.5037841796875
2009-11-20,141.90916442871094
2009-11-23,142.96441650390625
2009-11-24,142.1962432861328
2009-11-25,144.9818115234375
2009-11-26,142.04104614257812
2009-11-27,141.1409912109375
2009-11-30,140.17884826660156
2009-12-01,142.8790740966797
2009-12-02,142.4833526611328
2009-12-03,142.5919647216797
2009-12-04,142.97218322753906
2009-12-07,142.49887084960938
2009-12-08,145.711181640625
2009-12-09,144.8033447265625
2009-12-10,144.41542053222656
2009-12-11,142.3747100830078
2009-12-14,141.9014129638672
2009-12-15,138.4485321044922
2009-12-16,138.19248962402344
2009-12-17,138.9994354248047
2009-12-18,137.7579345703125
2009-12-21,137.35446166992188
2009-12-22,137.99072265625
2009-12-23,140.40383911132812
2009-12-24,141.08668518066406
2009-12-29,141.8936309814453
2009-12-30,142.0953826904297
2009-12-31,140.62890625
2010-01-04,143.6239776611328
2010-01-05,145.8431396484375
2010-01-06,145.1525115966797
2010-01-07,143.15838623046875
2010-01-08,143.36790466308594
2010-01-11,147.3949432373047
2010-01-12,143.70932006835938
2010-01-13,142.7316436767578
2010-01-14,143.23599243164062
2010-01-15,140.98582458496094
2010-01-18,142.7316436767578
2010-01-19,142.77818298339844
2010-01-20,144.08177185058594
2010-01-21,140.3107147216797
2010-01-22,139.58914184570312
2010-01-25,139.73655700683594
2010-01-27,133.58348083496094
2010-01-28,136.69493103027344
2010-01-29,139.4572296142578
2010-02-01,137.9829864501953
2010-02-02,134.824951171875
2010-02-03,137.5872344970703
2010-02-04,137.21055603027344
2010-02-05,134.0478973388672
2010-02-08,138.88214111328125
2010-02-09,139.42364501953125
2010-02-10,136.7161407470703
2010-02-11,138.81935119628906
2010-02-15,137.90118408203125
2010-02-16,139.40011596679688
2010-02-17,139.79248046875
2010-02-18,140.63218688964844
2010-02-19,138.96063232421875
2010-02-22,138.6702423095703
2010-02-23,138.6310272216797
2010-02-24,136.6847381591797
2010-02-25,137.6814422607422
2010-02-26,141.41696166992188
2010-03-02,144.2342987060547
2010-03-03,146.0628662109375
2010-03-04,146.14132690429688
2010-03-05,145.6155548095703
2010-03-08,145.52134704589844
2010-03-09,144.626708984375
2010-03-10,145.32516479492188
2010-03-11,144.87783813476562
2010-03-12,144.81504821777344
2010-03-15,144.90138244628906
2010-03-16,145.08187866210938
2010-03-17,146.2355194091797
2010-03-18,147.39698791503906
2010-03-19,151.0226593017578
2010-03-22,149.17843627929688
2010-03-23,152.34893798828125
2010-03-25,157.3871612548828
2010-03-26,157.2537841796875
2010-03-29,157.51275634765625
2010-03-30,158.16412353515625
2010-03-31,158.95680236816406
2010-04-01,159.451171875
2010-04-05,161.12271118164062
2010-04-06,162.5902557373047
2010-04-07,159.73370361328125
2010-04-08,158.06210327148438
2010-04-09,157.9522247314453
2010-04-12,155.34677124023438
2010-04-13,156.94772338867188
2010-04-15,154.63262939453125
2010-04-16,156.23358154296875
2010-04-19,155.7391815185547
2010-04-20,155.707763671875
2010-04-21,158.18768310546875
2010-04-22,160.5498504638672
2010-04-23,161.9938507080078
2010-04-26,161.64852905273438
2010-04-27,160.74603271484375
2010-04-28,160.0868377685547
2010-04-29,161.8604278564453
2010-04-30,163.1553192138672
2010-05-03,161.6407012939453
2010-05-04,163.1631622314453
2010-05-05,163.64971923828125
2010-05-06,163.84591674804688
2010-05-07,159.16079711914062
2010-05-10,159.48255920410156
2010-05-11,159.82785034179688
2010-05-12,160.16531372070312
2010-05-13,161.51510620117188
2010-05-14,158.53294372558594
2010-05-17,157.13607788085938
2010-05-18,161.3817138671875
2010-05-19,158.11705017089844
2010-05-20,157.35580444335938
2010-05-21,155.41741943359375
2010-05-24,154.240234375
2010-05-25,147.5068817138672
2010-05-26,148.90374755859375
2010-05-27,155.07211303710938
2010-05-28,155.02500915527344
2010-05-31,157.34796142578125
2010-06-01,156.4768524169922
2010-06-02,155.33106994628906
2010-06-03,157.70896911621094
2010-06-04,159.4433135986328
2010-06-07,157.4264373779297
2010-06-08,157.6147918701172
2010-06-09,160.09469604492188
2010-06-10,159.9534149169922
2010-06-11,162.4333038330078
2010-06-14,164.74839782714844
2010-06-15,164.96029663085938
2010-06-16,163.5163116455078
2010-06-17,162.2685089111328
2010-06-18,162.71585083007812
2010-06-21,164.81118774414062
2010-06-22,164.19122314453125
2010-06-23,164.84259033203125
2010-06-24,166.9536590576172
2010-06-25,164.6620635986328
2010-06-28,164.85044860839844
2010-06-29,164.57579040527344
2010-06-30,164.63853454589844
2010-07-01,160.14962768554688
2010-07-02,164.20692443847656
2010-07-05,168.68014526367188
2010-07-06,168.7194061279297
2010-07-07,166.6318817138672
2010-07-08,167.9733123779297
2010-07-09,167.9097900390625
2010-07-12,167.6161346435547
2010-07-13,167.2827606201172
2010-07-14,167.13194274902344
2010-07-15,168.63214111328125
2010-07-16,169.6719512939453
2010-07-19,169.09251403808594
2010-07-20,168.4416046142578
2010-07-21,168.52896118164062
2010-07-22,168.05270385742188
2010-07-23,166.798583984375
2010-07-26,164.91738891601562
2010-07-27,166.86207580566406
2010-07-28,168.94166564941406
2010-07-29,167.74314880371094
2010-07-30,169.93386840820312
2010-08-02,177.53799438476562
2010-08-03,177.5459442138672
2010-08-04,174.15663146972656
2010-08-05,175.5059814453125
2010-08-06,174.69638061523438
2010-08-09,176.442626953125
2010-08-10,175.140869140625
2010-08-11,174.93450927734375
2010-08-12,179.9668731689453
2010-08-13,180.82412719726562
2010-08-16,185.87237548828125
2010-08-17,188.67431640625
2010-08-18,187.8646697998047
2010-08-19,189.33311462402344
2010-08-20,189.80938720703125
2010-08-23,190.61900329589844
2010-08-24,188.5711212158203
2010-08-25,189.8808135986328
2010-08-26,193.40504455566406
2010-08-27,189.4680633544922
2010-08-30,188.8410186767578
2010-08-31,187.3646240234375
2010-09-01,191.01589965820312
2010-09-02,192.48431396484375
2010-09-03,190.62693786621094
2010-09-06,193.41299438476562
2010-09-07,193.44476318359375
2010-09-08,195.1354217529297
2010-09-09,194.05592346191406
2010-09-13,197.79449462890625
2010-09-14,199.7391815185547
2010-09-15,202.1283721923828
2010-09-16,204.533447265625
2010-09-17,204.12863159179688
2010-09-20,204.89857482910156
2010-09-21,201.8346710205078
2010-09-22,201.6918182373047
2010-09-23,201.73147583007812
2010-09-24,204.04925537109375
2010-09-27,206.59716796875
2010-09-28,206.6209716796875
2010-09-29,205.95425415039062
2010-09-30,205.29544067382812
2010-10-01,207.61317443847656
2010-10-04,207.89894104003906
2010-10-05,207.54971313476562
2010-10-06,208.9864044189453
2010-10-07,208.71649169921875
2010-10-08,207.9703826904297
2010-10-11,209.46263122558594
2010-10-12,207.55760192871094
2010-10-13,214.12193298339844
2010-10-14,210.7484893798828
2010-10-15,207.1925048828125
2010-10-18,206.44635009765625
2010-10-19,206.3907928466797
2010-10-20,205.81138610839844
2010-10-21,209.3594512939453
2010-10-22,211.51052856445312
2010-10-25,214.44737243652344
2010-10-26,213.4868927001953
2010-10-27,212.48681640625
2010-10-28,208.01800537109375
2010-10-29,204.91444396972656
2010-11-01,208.0814971923828
2010-11-02,208.84349060058594
2010-11-03,210.75643920898438
2010-11-04,217.46360778808594
2010-11-08,216.00314331054688
2010-11-09,219.9321746826172
2010-11-10,217.0270538330078
2010-11-11,214.21719360351562
2010-11-12,210.3357391357422
2010-11-15,211.68511962890625
2010-11-16,209.52609252929688
2010-11-18,206.88294982910156
2010-11-19,204.16038513183594
2010-11-22,207.55760192871094
2010-11-23,207.22427368164062
2010-11-24,200.94569396972656
2010-11-25,187.8964385986328
2010-11-26,182.79261779785156
2010-11-29,186.7137451171875
2010-11-30,193.4527130126953
2010-12-01,198.5088653564453
2010-12-02,201.7711639404297
2010-12-03,202.25537109375
2010-12-06,194.80206298828125
2010-12-07,190.01576232910156
2010-12-08,187.38052368164062
2010-12-09,186.07875061035156
2010-12-10,190.36500549316406
2010-12-13,194.84173583984375
2010-12-14,196.16729736328125
2010-12-15,190.642822265625
2010-12-16,192.33349609375
2010-12-20,191.36512756347656
2010-12-21,193.01614379882812
2010-12-22,190.57931518554688
2010-12-23,190.9603271484375
2010-12-24,192.95265197753906
2010-12-27,191.72230529785156
2010-12-28,193.16693115234375
2010-12-29,194.2940673828125
2010-12-30,193.03199768066406
2010-12-31,193.99241638183594
2011-01-03,194.1114959716797
2011-01-04,193.79400634765625
2011-01-05,191.37307739257812
2011-01-06,189.09500122070312
2011-01-07,185.53106689453125
2011-01-10,182.84817504882812
2011-01-11,186.40419006347656
2011-01-12,189.2140655517578
2011-01-13,179.9668731689453
2011-01-14,177.64913940429688
2011-01-17,180.0224151611328
2011-01-18,182.08619689941406
2011-01-19,181.19720458984375
2011-01-20,181.19720458984375
2011-01-21,178.64926147460938
2011-01-24,182.5783233642578
2011-01-25,180.62570190429688
2011-01-27,175.9981231689453
2011-01-28,173.64068603515625
2011-01-31,175.33135986328125
2011-02-01,174.78370666503906
2011-02-02,171.44198608398438
2011-02-03,172.2357635498047
2011-02-04,168.1558837890625
2011-02-07,162.2186279296875
2011-02-08,159.51991271972656
2011-02-09,157.86094665527344
2011-02-10,156.20199584960938
2011-02-11,164.1395263671875
2011-02-14,168.3384552001953
2011-02-15,173.82325744628906
2011-02-16,175.06942749023438
2011-02-17,175.79969787597656
2011-02-18,173.83912658691406
2011-02-21,171.20388793945312
2011-02-22,169.75926208496094
2011-02-23,168.0368194580078
2011-02-24,164.75863647460938
2011-02-25,168.52896118164062
2011-02-28,168.59243774414062
2011-03-01,173.64866638183594
2011-03-03,172.81521606445312
2011-03-04,171.67221069335938
2011-03-07,169.32269287109375
2011-03-08,172.3389434814453
2011-03-09,170.8387451171875
2011-03-10,170.179931640625
2011-03-11,170.10850524902344
2011-03-14,171.60870361328125
2011-03-15,171.16419982910156
2011-03-16,174.10899353027344
2011-03-17,174.2836456298828
2011-03-18,172.88662719726562
2011-03-21,172.3944854736328
2011-03-22,173.44223022460938
2011-03-23,176.2679901123047
2011-03-24,178.30796813964844
2011-03-25,181.43531799316406
2011-03-28,182.8402557373047
2011-03-29,185.9279327392578
2011-03-30,193.28599548339844
2011-03-31,192.51608276367188
2011-04-01,187.2455596923828
2011-04-04,189.5950469970703
2011-04-05,190.1744842529297
2011-04-06,190.2141876220703
2011-04-07,190.41261291503906
2011-04-08,188.70606994628906
2011-04-11,188.73780822753906
2011-04-13,190.03164672851562
2011-04-15,189.1664276123047
2011-04-18,188.72988891601562
2011-04-19,187.97581481933594
2011-04-20,191.4841766357422
2011-04-21,190.69839477539062
2011-04-25,192.88119506835938
2011-04-26,193.96864318847656
2011-04-27,193.8574981689453
2011-04-28,190.7539520263672
2011-04-29,188.13455200195312
2011-05-02,182.91961669921875
2011-05-03,173.27557373046875
2011-05-04,177.30783081054688
2011-05-05,169.2988739013672
2011-05-06,174.6090850830078
2011-05-09,171.21978759765625
2011-05-10,172.6485137939453
2011-05-11,171.44198608398438
2011-05-12,170.3466339111328
2011-05-13,171.9500274658203
2011-05-16,168.3622589111328
2011-05-17,168.08445739746094
2011-05-18,167.52088928222656
2011-05-19,164.45701599121094
2011-05-20,164.07601928710938
2011-05-23,163.56007385253906
2011-05-24,166.58425903320312
2011-05-25,166.88587951660156
2011-05-26,171.77537536621094
2011-05-27,170.89431762695312
2011-05-30,169.93386840820312
2011-05-31,174.56146240234375
2011-06-01,174.9741973876953
2011-06-02,172.2198944091797
2011-06-03,171.4896240234375
2011-06-06,171.86270141601562
2011-06-07,173.55337524414062
2011-06-08,173.5692596435547
2011-06-09,173.124755859375
2011-06-10,173.14857482910156
2011-06-13,172.37069702148438
2011-06-14,172.9421844482422
2011-06-15,171.9023895263672
2011-06-16,169.6337890625
2011-06-17,170.11183166503906
2011-06-20,170.20095825195312
2011-06-21,168.45899963378906
2011-06-22,168.8155059814453
2011-06-23,168.57240295410156
2011-06-24,172.0806427001953
2011-06-27,172.6639862060547
2011-06-28,173.98463439941406
2011-06-29,175.85621643066406
2011-06-30,176.50437927246094
2011-07-01,176.86898803710938
2011-07-04,182.4594268798828
2011-07-05,183.83680725097656
2011-07-06,182.5809783935547
2011-07-07,185.3680877685547
2011-07-08,186.85885620117188
2011-07-11,182.90504455566406
2011-07-12,181.3575439453125
2011-07-13,184.29051208496094
2011-07-14,186.00814819335938
2011-07-15,184.74423217773438
2011-07-18,186.4132537841797
2011-07-19,187.93646240234375
2011-07-20,187.9931640625
2011-07-21,184.95486450195312
2011-07-22,189.54067993164062
2011-07-25,193.96441650390625
2011-07-26,188.88441467285156
2011-07-27,182.46755981445312
2011-07-28,178.30303955078125
2011-07-29,182.11912536621094
2011-08-01,180.96865844726562
2011-08-02,177.35508728027344
2011-08-03,177.24978637695312
2011-08-04,174.58419799804688
2011-08-05,174.284423828125
2011-08-08,178.52992248535156
2011-08-09,180.5230255126953
2011-08-10,182.24879455566406
2011-08-11,180.08551025390625
2011-08-12,175.86431884765625
2011-08-16,173.1014862060547
2011-08-17,169.06666564941406
2011-08-18,163.91371154785156
2011-08-19,160.6809539794922
2011-08-22,158.81747436523438
2011-08-23,161.0536651611328
2011-08-24,157.93435668945312
2011-08-25,155.69004821777344
2011-08-26,147.32870483398438
2011-08-29,149.8970489501953
2011-08-30,150.6262664794922
2011-09-02,147.4664306640625
2011-09-05,150.6667938232422
2011-09-06,151.53369140625
2011-09-07,154.51527404785156
2011-09-08,155.92501831054688
2011-09-09,156.6299285888672
2011-09-12,152.4978485107422
2011-09-13,154.2397918701172
2011-09-14,155.30116271972656
2011-09-15,157.34291076660156
2011-09-16,158.89849853515625
2011-09-19,158.33944702148438
2011-09-20,162.54444885253906
2011-09-21,162.00161743164062
2011-09-22,155.5442352294922
2011-09-23,157.20516967773438
2011-09-26,157.78041076660156
2011-09-27,160.56753540039062
2011-09-28,156.69473266601562
2011-09-29,157.2618865966797
2011-09-30,154.42616271972656
2011-10-03,151.42025756835938
2011-10-04,149.7269287109375
2011-10-05,147.28817749023438
2011-10-07,149.8889617919922
2011-10-10,150.926025390625
2011-10-11,154.65301513671875
2011-10-12,159.74923706054688
2011-10-13,158.92279052734375
2011-10-14,157.58596801757812
2011-10-17,157.14846801757812
2011-10-18,156.43548583984375
2011-10-19,158.75265502929688
2011-10-20,159.368408203125
2011-10-21,159.16586303710938
2011-10-24,157.21327209472656
2011-10-25,150.5938262939453
2011-10-28,155.94932556152344
2011-10-31,158.19363403320312
2011-11-01,164.0919647216797
2011-11-02,158.50149536132812
2011-11-03,160.06521606445312
2011-11-04,158.5582275390625
2011-11-08,158.51771545410156
2011-11-09,156.48406982421875
2011-11-11,154.6125030517578
2011-11-14,151.0880584716797
2011-11-15,148.77088928222656
2011-11-16,145.1735382080078
2011-11-17,141.40606689453125
2011-11-18,142.11093139648438
2011-11-21,140.55531311035156
2011-11-22,143.28573608398438
2011-11-23,143.14801025390625
2011-11-24,143.40728759765625
2011-11-25,142.661865234375
2011-11-28,149.26510620117188
2011-11-29,144.47677612304688
2011-11-30,142.9292449951172
2011-12-01,145.99183654785156
2011-12-02,148.4873046875
2011-12-05,150.2940673828125
2011-12-07,149.24081420898438
2011-12-08,151.25013732910156
2011-12-09,150.21304321289062
2011-12-12,144.68739318847656
2011-12-13,144.095947265625
2011-12-14,143.48831176757812
2011-12-15,140.74169921875
2011-12-16,134.2761993408203
2011-12-19,129.47976684570312
2011-12-20,126.0849838256836
2011-12-21,128.04568481445312
2011-12-22,133.25534057617188
2011-12-23,132.35601806640625
2011-12-26,131.6835479736328
2011-12-27,130.9867706298828
2011-12-28,125.47733306884766
2011-12-29,126.53871154785156
2011-12-30,126.52249908447266
2012-01-02,124.16476440429688
2012-01-03,129.97398376464844
2012-01-04,129.40682983398438
2012-01-05,133.97642517089844
2012-01-06,131.62681579589844
2012-01-09,133.63613891601562
2012-01-10,139.32383728027344
2012-01-11,142.6699981689453
2012-01-12,146.29974365234375
2012-01-13,145.00338745117188
2012-01-16,143.5612030029297
2012-01-17,148.68983459472656
2012-01-18,146.15386962890625
2012-01-19,147.74188232421875
2012-01-20,153.70506286621094
2012-01-23,155.73867797851562
2012-01-24,162.4634246826172
2012-01-25,162.19606018066406
2012-01-27,157.36721801757812
2012-01-30,154.79074096679688
2012-01-31,152.50592041015625
2012-02-01,154.87986755371094
2012-02-02,154.39373779296875
2012-02-03,156.01416015625
2012-02-06,157.91815185546875
2012-02-07,159.2550048828125
2012-02-08,158.91470336914062
2012-02-09,162.13125610351562
2012-02-10,163.28173828125
2012-02-13,161.19139099121094
2012-02-14,164.59426879882812
2012-02-15,170.19281005859375
2012-02-16,171.22181701660156
2012-02-17,174.4383544921875
2012-02-21,173.6686553955078
2012-02-22,166.38485717773438
2012-02-23,162.48773193359375
2012-02-24,156.40306091308594
2012-02-27,147.28009033203125
2012-02-28,154.15065002441406
2012-02-29,154.47474670410156
2012-03-01,153.72125244140625
2012-03-02,154.53956604003906
2012-03-05,152.48974609375
2012-03-06,151.23391723632812
2012-03-07,151.07186889648438
2012-03-09,155.18772888183594
2012-03-12,157.35101318359375
2012-03-13,158.20172119140625
2012-03-14,166.34434509277344
2012-03-15,161.50738525390625
2012-03-16,156.11949157714844
2012-03-19,150.2859649658203
2012-03-20,155.2525634765625
2012-03-21,157.9910430908203
2012-03-22,153.17030334472656
2012-03-23,154.17498779296875
2012-03-26,147.67710876464844
2012-03-27,149.9375762939453
2012-03-28,147.83103942871094
2012-03-29,147.38540649414062
2012-03-30,149.8889617919922
2012-04-02,150.53713989257812
2012-04-03,150.89361572265625
2012-04-04,150.5857391357422
2012-04-09,147.660888671875
2012-04-10,146.95599365234375
2012-04-11,145.82980346679688
2012-04-12,147.87152099609375
2012-04-13,146.24302673339844
2012-04-16,149.68641662597656
2012-04-17,150.5209197998047
2012-04-18,149.7593231201172
2012-04-19,149.35423278808594
2012-04-20,146.8425750732422
2012-04-23,143.94203186035156
2012-04-24,143.09129333496094
2012-04-25,141.786865234375
2012-04-26,136.97418212890625
2012-04-27,135.14312744140625
2012-04-30,137.7601318359375
2012-05-02,140.482421875
2012-05-03,136.7311553955078
2012-05-04,130.3142547607422
2012-05-07,128.8883056640625
2012-05-08,127.03292083740234
2012-05-09,124.3592300415039
2012-05-10,122.05012512207031
2012-05-11,120.69707489013672
2012-05-14,117.29419708251953
2012-05-15,118.4852066040039
2012-05-16,114.94457244873047
2012-05-17,116.58929443359375
2012-05-18,116.93769073486328
2012-05-21,116.5730972290039
2012-05-22,116.66223907470703
2012-05-23,114.74203491210938
2012-05-24,117.40762329101562
2012-05-25,117.61827087402344
2012-05-28,121.41815948486328
2012-05-29,121.41815948486328
2012-05-30,118.50951385498047
2012-05-31,122.42281341552734
2012-06-01,117.8613510131836
2012-06-04,119.87066650390625
2012-06-05,121.68555450439453
2012-06-06,124.58607482910156
2012-06-07,124.14857482910156
2012-06-08,126.71692657470703
2012-06-11,125.0884017944336
2012-06-12,129.91726684570312
2012-06-13,131.9265899658203
2012-06-14,128.1460723876953
2012-06-15,131.9265899658203
2012-06-18,126.6138916015625
2012-06-19,124.81523132324219
2012-06-20,125.6146469116211
2012-06-21,129.7948455810547
2012-06-22,129.90310668945312
2012-06-25,128.9371795654297
2012-06-26,130.06964111328125
2012-06-27,130.9190216064453
2012-06-28,131.2187957763672
2012-06-29,134.6162567138672
2012-07-02,135.56556701660156
2012-07-03,138.1386260986328
2012-07-04,140.92823791503906
2012-07-05,140.83660888671875
2012-07-06,140.0455322265625
2012-07-09,139.462646484375
2012-07-10,144.017578125
2012-07-11,143.7261505126953
2012-07-12,140.6617431640625
2012-07-13,140.38694763183594
2012-07-16,142.00241088867188
2012-07-17,142.73519897460938
2012-07-18,138.57164001464844
2012-07-19,137.1810302734375
2012-07-20,136.46487426757812
2012-07-23,134.1249542236328
2012-07-24,134.35813903808594
2012-07-25,131.93490600585938
2012-07-26,125.89776611328125
2012-07-27,119.0528564453125
2012-07-30,121.67589569091797
2012-07-31,121.09300231933594
2012-08-01,121.76751708984375
2012-08-02,121.34281921386719
2012-08-03,123.3246841430664
2012-08-06,123.89923858642578
2012-08-07,125.27322387695312
2012-08-08,123.47454833984375
2012-08-09,121.8591079711914
2012-08-10,120.12706756591797
2012-08-13,119.76898956298828
2012-08-14,121.92572021484375
2012-08-16,121.46772766113281
2012-08-17,121.13465881347656
2012-08-21,119.87724304199219
2012-08-22,118.17021942138672
2012-08-23,119.36929321289062
2012-08-24,118.43665313720703
2012-08-27,113.09064483642578
2012-08-28,112.55770874023438
2012-08-29,110.9422607421875
2012-08-30,113.14060974121094
2012-08-31,112.67427825927734
2012-09-03,111.45020294189453
2012-09-04,112.78253936767578
2012-09-05,111.39189910888672
2012-09-06,110.97554016113281
2012-09-07,113.79011535644531
2012-09-10,114.31472778320312
2012-09-11,114.08989715576172
2012-09-12,114.08989715576172
2012-09-13,113.5736312866211
2012-09-14,118.08689880371094
2012-09-17,124.5321273803711
2012-09-18,133.7002716064453
2012-09-20,132.46786499023438
2012-09-21,139.43765258789062
2012-09-24,136.76466369628906
2012-09-25,137.15603637695312
2012-09-26,138.79644775390625
2012-09-27,138.79644775390625
2012-09-28,139.9456329345703
2012-10-01,138.51336669921875
2012-10-03,137.8804931640625
2012-10-04,138.66323852539062
2012-10-05,136.4149169921875
2012-10-08,132.6343994140625
2012-10-09,131.9182891845703
2012-10-10,132.74264526367188
2012-10-11,136.78964233398438
2012-10-12,136.61476135253906
2012-10-15,136.5980987548828
2012-10-16,134.09165954589844
2012-10-17,135.44895935058594
2012-10-18,138.49671936035156
2012-10-19,137.0311279296875
2012-10-22,136.61476135253906
2012-10-23,136.32333374023438
2012-10-25,133.8751678466797
2012-10-29,125.79784393310547
2012-10-30,121.38446044921875
2012-10-31,122.97492980957031
2012-11-01,125.181640625
2012-11-02,125.83113861083984
2012-11-05,125.76451110839844
2012-11-06,126.15589904785156
2012-11-07,129.1869659423828
2012-11-08,129.58668518066406
2012-11-09,128.12110900878906
2012-11-12,128.5541229248047
2012-11-15,127.113525390625
2012-11-16,123.72439575195312
2012-11-19,123.89923858642578
2012-11-20,121.65092468261719
2012-11-21,121.18460083007812
2012-11-22,122.20049285888672
2012-11-23,122.31709289550781
2012-11-26,123.25806427001953
2012-11-27,125.64795684814453
2012-11-29,127.69641876220703
2012-11-30,130.71914672851562
2012-12-03,130.4110565185547
2012-12-04,131.11886596679688
2012-12-05,135.59884643554688
2012-12-06,137.06442260742188
2012-12-07,136.73968505859375
2012-12-10,139.845703125
2012-12-11,138.16360473632812
2012-12-12,137.46412658691406
2012-12-13,136.52316284179688
2012-12-14,138.29684448242188
2012-12-17,139.47096252441406
2012-12-18,140.60345458984375
2012-12-19,141.73594665527344
2012-12-20,141.76092529296875
2012-12-21,138.51336669921875
2012-12-24,138.81312561035156
2012-12-26,140.31201171875
2012-12-27,140.5784912109375
2012-12-28,140.34530639648438
2012-12-31,145.10841369628906
2013-01-01,148.63082885742188
2013-01-02,150.80418395996094
2013-01-03,149.35525512695312
2013-01-04,151.23719787597656
2013-01-07,150.35452270507812
2013-01-08,149.23867797851562
2013-01-09,147.8896942138672
2013-01-10,147.92300415039062
2013-01-11,146.6822509765625
2013-01-14,150.7958526611328
2013-01-15,150.02975463867188
2013-01-16,147.04864501953125
2013-01-17,148.31436157226562
2013-01-18,148.9388885498047
2013-01-21,148.53085327148438
2013-01-22,146.8904266357422
2013-01-23,145.59971618652344
2013-01-24,141.91912841796875
2013-01-25,145.4498291015625
2013-01-28,145.3166046142578
2013-01-29,143.1016082763672
2013-01-30,138.838134765625
2013-01-31,151.90335083007812
2013-02-01,149.8632049560547
2013-02-04,147.0070037841797
2013-02-05,146.57400512695312
2013-02-06,146.7072296142578
2013-02-07,146.10769653320312
2013-02-08,143.65118408203125
2013-02-11,143.05162048339844
2013-02-12,143.3430938720703
2013-02-13,141.6360321044922
2013-02-14,141.58607482910156
2013-02-15,140.8699188232422
2013-02-18,141.5943603515625
2013-02-19,143.42636108398438
2013-02-20,144.25906372070312
2013-02-21,140.22872924804688
2013-02-22,142.06903076171875
2013-02-25,140.6867218017578
2013-02-26,137.80555725097656
2013-02-27,139.35440063476562
2013-02-28,131.64346313476562
2013-03-01,131.3436737060547
2013-03-04,130.1945343017578
2013-03-05,131.5019073486328
2013-03-06,134.7827911376953
2013-03-07,134.9993133544922
2013-03-08,135.67379760742188
2013-03-11,135.56556701660156
2013-03-12,134.2332305908203
2013-03-13,131.4519500732422
2013-03-14,132.68435668945312
2013-03-15,132.7343292236328
2013-03-18,132.31796264648438
2013-03-19,128.2293701171875
2013-03-20,123.9075927734375
2013-03-21,119.59413146972656
2013-03-22,121.11798858642578
2013-03-25,120.59341430664062
2013-03-26,118.76142120361328
2013-03-28,119.5608139038086
2013-04-01,120.72661590576172
2013-04-02,123.78264617919922
2013-04-03,121.04303741455078
2013-04-04,119.3859634399414
2013-04-05,119.8689193725586
2013-04-08,117.52070617675781
2013-04-09,114.8559799194336
2013-04-10,117.8454360961914
2013-04-11,118.17852020263672
2013-04-12,118.76142120361328
2013-04-15,122.31709289550781
2013-04-16,123.31633758544922
2013-04-17,124.49047088623047
2013-04-18,127.65479278564453
2013-04-22,130.14459228515625
2013-04-23,129.75323486328125
2013-04-25,130.85238647460938
2013-04-26,128.61239624023438
2013-04-29,130.70252990722656
2013-04-30,127.88793182373047
2013-05-02,127.99620056152344
2013-05-03,123.89090728759766
2013-05-06,123.05821990966797
2013-05-07,124.56541442871094
2013-05-08,124.70699310302734
2013-05-09,130.45269775390625
2013-05-10,128.39588928222656
2013-05-13,126.25581359863281
2013-05-14,127.5382080078125
2013-05-15,136.97283935546875
2013-05-16,136.05685424804688
2013-05-17,138.93804931640625
2013-05-20,139.14620971679688
2013-05-21,136.5148468017578
2013-05-22,134.33314514160156
2013-05-23,128.52081298828125
2013-05-24,131.16050720214844
2013-05-27,133.9500732421875
2013-05-28,134.982666015625
2013-05-29,133.5836944580078
2013-05-30,132.90087890625
2013-05-31,126.58057403564453
2013-06-03,126.4640121459961
2013-06-04,126.58057403564453
2013-06-05,127.37167358398438
2013-06-06,129.0620880126953
2013-06-07,127.06355285644531
2013-06-10,126.23082733154297
2013-06-11,124.39055633544922
2013-06-12,125.6146469116211
2013-06-13,124.67328643798828
2013-06-14,128.0327911376953
2013-06-17,128.17098999023438
2013-06-18,125.25191497802734
2013-06-19,125.32100677490234
2013-06-20,118.84378814697266
2013-06-21,115.20792388916016
2013-06-24,112.03841400146484
2013-06-25,111.7102279663086
2013-06-26,110.91569519042969
2013-06-27,109.81024932861328
2013-06-28,112.41841125488281
2013-07-01,115.51019287109375
2013-07-02,113.17841339111328
2013-07-03,107.40936279296875
2013-07-04,107.09845733642578
2013-07-05,107.98799133300781
2013-07-08,107.13300323486328
2013-07-09,109.18843841552734
2013-07-10,107.44390106201172
2013-07-11,108.8429946899414
2013-07-12,109.42161560058594
2013-07-15,114.37883758544922
2013-07-16,108.09164428710938
2013-07-17,107.34890747070312
2013-07-18,110.0088882446289
2013-07-19,108.98979949951172
2013-07-22,111.4684066772461
2013-07-23,114.2147445678711
2013-07-24,109.03299713134766
2013-07-25,108.06572723388672
2013-07-26,102.58169555664062
2013-07-29,100.88034057617188
2013-07-30,97.74536895751953
2013-07-31,98.47081756591797
2013-08-01,93.9799575805664
2013-08-02,90.46498107910156
2013-08-05,92.7795181274414
2013-08-06,89.90363311767578
2013-08-07,92.01087951660156
2013-08-08,93.36676788330078
2013-08-12,92.41679382324219
2013-08-13,93.12496185302734
2013-08-14,92.88314819335938
2013-08-16,86.40593719482422
2013-08-19,82.83916473388672
2013-08-20,82.60598754882812
2013-08-21,82.78734588623047
2013-08-22,84.15186309814453
2013-08-23,83.30551147460938
2013-08-26,82.7787094116211
2013-08-27,79.28102111816406
2013-08-28,75.04924011230469
2013-08-29,73.52062225341797
2013-08-30,74.2460708618164
2013-09-02,75.78331756591797
2013-09-03,70.72247314453125
2013-09-04,71.26655578613281
2013-09-05,76.44831848144531
2013-09-06,77.28604888916016
2013-09-10,80.10145568847656
2013-09-11,85.85321807861328
2013-09-12,85.36094665527344
2013-09-13,88.78092193603516
2013-09-16,87.7618408203125
2013-09-17,86.35411834716797
2013-09-18,87.94319152832031
2013-09-19,96.17356872558594
2013-09-20,89.04863739013672
2013-09-23,83.57324981689453
2013-09-24,83.51277923583984
2013-09-25,83.7459716796875
2013-09-26,82.22598266601562
2013-09-27,82.50234985351562
2013-09-30,79.70419311523438
2013-10-01,79.78192138671875
2013-10-03,81.36235046386719
2013-10-04,81.23281860351562
2013-10-07,80.7319107055664
2013-10-08,80.77508544921875
2013-10-09,82.28643035888672
2013-10-10,81.88053131103516
2013-10-11,84.0136947631836
2013-10-14,84.15186309814453
2013-10-15,81.15509033203125
2013-10-17,80.08418273925781
2013-10-18,82.13097381591797
2013-10-21,83.62506103515625
2013-10-22,84.10869598388672
2013-10-23,85.62867736816406
2013-10-24,85.43867492675781
2013-10-25,85.78411865234375
2013-10-28,82.89097595214844
2013-10-29,86.88093566894531
2013-10-30,86.32821655273438
2013-10-31,94.03176879882812
2013-11-01,98.60035705566406
2013-11-05,100.71624755859375
2013-11-06,96.76947784423828
2013-11-07,94.23040771484375
2013-11-08,90.20590209960938
2013-11-11,89.48909759521484
2013-11-12,87.24365234375
2013-11-13,87.23501586914062
2013-11-14,89.9640884399414
2013-11-18,91.52726745605469
2013-11-19,94.81767272949219
2013-11-20,92.90904998779297
2013-11-21,89.38545227050781
2013-11-22,89.24726104736328
2013-11-25,92.1922378540039
2013-11-26,90.87953186035156
2013-11-27,91.11270904541016
2013-11-28,91.93315887451172
2013-11-29,94.98176574707031
2013-12-02,96.01811218261719
2013-12-03,96.13037872314453
2013-12-04,98.24628448486328
2013-12-05,100.55216217041016
2013-12-06,103.099853515625
2013-12-09,105.56983184814453
2013-12-10,104.68030548095703
2013-12-11,102.97032165527344
2013-12-12,101.25170135498047
2013-12-13,97.60719299316406
2013-12-16,97.63310241699219
2013-12-17,97.72810363769531
2013-12-18,101.85623931884766
2013-12-19,100.16352844238281
2013-12-20,102.6853256225586
2013-12-23,107.84117889404297
2013-12-24,109.66343688964844
2013-12-26,108.36798858642578
2013-12-27,109.69798278808594
2013-12-30,107.99663543701172
2013-12-31,108.20389556884766
2014-01-01,109.66343688964844
2014-01-02,105.56983184814453
2014-01-03,106.78755950927734
2014-01-06,105.37120819091797
2014-01-07,104.03257751464844
2014-01-08,105.42301940917969
2014-01-09,104.52484893798828
2014-01-10,102.80622863769531
2014-01-13,103.86848449707031
2014-01-14,103.72167205810547
2014-01-15,106.32119750976562
2014-01-16,106.5630111694336
2014-01-17,103.099853515625
2014-01-20,103.75621795654297
2014-01-21,105.51801300048828
2014-01-22,106.70983123779297
2014-01-23,105.34529113769531
2014-01-24,100.49169921875
2014-01-27,94.61040496826172
2014-01-28,94.58448791503906
2014-01-29,93.34950256347656
2014-01-30,89.4027328491211
2014-01-31,94.57585906982422
2014-02-03,94.9299545288086
2014-02-04,97.72810363769531
2014-02-05,96.8817367553711
2014-02-06,95.03358459472656
2014-02-07,95.98357391357422
2014-02-10,96.32038116455078
2014-02-11,96.1357192993164
2014-02-12,96.54902648925781
2014-02-13,93.3832015991211
2014-02-14,94.3945083618164
2014-02-17,93.64701843261719
2014-02-18,95.50255584716797
2014-02-19,95.08922576904297
2014-02-20,93.42716979980469
2014-02-21,94.09552001953125
2014-02-24,94.82540893554688
2014-02-25,94.62315368652344
2014-02-26,95.51134490966797
2014-02-28,97.12063598632812
2014-03-03,94.93973541259766
2014-03-04,99.5125961303711
2014-03-05,104.0942611694336
2014-03-06,104.61309051513672
2014-03-07,108.54400634765625
2014-03-10,111.4372329711914
2014-03-11,110.09175109863281
2014-03-12,108.01637268066406
2014-03-13,108.38572692871094
2014-03-14,109.91587829589844
2014-03-18,111.85054779052734
2014-03-19,114.18975830078125
2014-03-20,111.2613525390625
2014-03-21,112.92341613769531
2014-03-24,116.45858764648438
2014-03-25,117.71612548828125
2014-03-26,119.51889038085938
2014-03-27,123.9950180053711
2014-03-28,131.95358276367188
2014-03-31,130.83673095703125
2014-04-01,129.2714080810547
2014-04-02,133.19351196289062
2014-04-03,130.44100952148438
2014-04-04,132.20860290527344
2014-04-07,132.3141326904297
2014-04-09,137.61688232421875
2014-04-10,137.63446044921875
2014-04-11,137.08924865722656
2014-04-15,134.31915283203125
2014-04-16,134.39828491210938
2014-04-17,137.11561584472656
2014-04-21,141.62692260742188
2014-04-22,138.6721649169922
2014-04-23,141.59176635742188
2014-04-24,141.59176635742188
2014-04-25,139.27015686035156
2014-04-28,139.9736785888672
2014-04-29,137.98623657226562
2014-04-30,137.7839813232422
2014-05-02,136.4912567138672
2014-05-05,138.26763916015625
2014-05-06,138.1357421875
2014-05-07,137.00131225585938
2014-05-08,137.3267059326172
2014-05-09,144.00131225585938
2014-05-12,146.88572692871094
2014-05-13,140.74754333496094
2014-05-14,146.7538299560547
2014-05-15,150.412109375
2014-05-16,161.44854736328125
2014-05-19,178.32418823242188
2014-05-20,175.316650390625
2014-05-21,173.4962921142578
2014-05-22,173.25888061523438
2014-05-23,182.53651428222656
2014-05-26,179.89833068847656
2014-05-27,174.9912872314453
2014-05-28,170.98118591308594
2014-05-29,168.90585327148438
2014-05-30,165.99502563476562
2014-06-02,172.05409240722656
2014-06-03,170.98118591308594
2014-06-04,175.378173828125
2014-06-05,174.82418823242188
2014-06-06,179.56411743164062
2014-06-09,180.01263427734375
2014-06-10,175.8003387451172
2014-06-11,172.76638793945312
2014-06-12,172.26513671875
2014-06-13,167.94729614257812
2014-06-16,166.49627685546875
2014-06-17,172.3530731201172
2014-06-18,172.1859893798828
2014-06-19,170.1370086669922
2014-06-20,167.37570190429688
2014-06-23,167.81539916992188
2014-06-24,171.0251922607422
2014-06-25,169.82919311523438
2014-06-26,168.1671600341797
2014-06-27,167.34930419921875
2014-06-30,174.5076141357422
2014-07-01,175.26388549804688
2014-07-02,174.12066650390625
2014-07-03,174.28775024414062
2014-07-04,172.37066650390625
2014-07-07,170.5767059326172
2014-07-08,163.94602966308594
2014-07-09,162.4950408935547
2014-07-10,160.7538299560547
2014-07-11,153.8065643310547
2014-07-14,158.30911254882812
2014-07-15,163.057861328125
2014-07-16,164.0427703857422
2014-07-17,165.12445068359375
2014-07-18,163.3920135498047
2014-07-21,163.2864990234375
2014-07-22,161.88824462890625
2014-07-23,161.73875427246094
2014-07-24,163.26011657714844
2014-07-25,162.45986938476562
2014-07-28,165.29151916503906
2014-07-30,172.07168579101562
2014-07-31,168.27268981933594
2014-08-01,167.69227600097656
2014-08-04,170.1809844970703
2014-08-05,171.7462921142578
2014-08-06,167.02391052246094
2014-08-07,162.9259490966797
2014-08-08,159.05661010742188
2014-08-11,161.36941528320312
2014-08-12,161.66839599609375
2014-08-13,159.4523162841797
2014-08-14,160.11187744140625
2014-08-18,162.39830017089844
2014-08-19,164.88699340820312
2014-08-20,163.54153442382812
2014-08-21,169.83799743652344
2014-08-22,173.14451599121094
2014-08-25,169.48623657226562
2014-08-26,168.0440216064453
2014-08-27,169.16964721679688
2014-08-28,166.76011657714844
2014-09-01,171.78147888183594
2014-09-02,170.51513671875
2014-09-03,169.02899169921875
2014-09-04,165.7751922607422
2014-09-05,164.56161499023438
2014-09-08,166.3292236328125
2014-09-09,167.31411743164062
2014-09-10,167.437255859375
2014-09-11,169.7852783203125
2014-09-12,173.12696838378906
2014-09-15,175.81790161132812
2014-09-16,169.5653839111328
2014-09-17,170.2161407470703
2014-09-18,174.28775024414062
2014-09-19,172.05409240722656
2014-09-22,173.99754333496094
2014-09-23,169.92593383789062
2014-09-24,163.057861328125
2014-09-25,153.03273010253906
2014-09-26,157.40333557128906
2014-09-29,156.01388549804688
2014-09-30,156.057861328125
2014-10-01,154.6420135498047
2014-10-07,154.10557556152344
2014-10-08,154.37820434570312
2014-10-09,159.14453125
2014-10-10,158.27394104003906
2014-10-13,161.8618621826172
2014-10-14,162.7764434814453
2014-10-15,162.7764434814453
2014-10-16,161.27267456054688
2014-10-17,161.77392578125
2014-10-20,168.0440216064453
2014-10-21,163.99880981445312
2014-10-22,164.06915283203125
2014-10-27,164.01638793945312
2014-10-28,162.0905303955078
2014-10-29,159.1357421875
2014-10-30,161.07040405273438
2014-10-31,163.7174072265625
2014-11-03,167.02391052246094
2014-11-05,167.0591278076172
2014-11-07,165.3706817626953
2014-11-10,162.25759887695312
2014-11-11,167.79779052734375
2014-11-12,167.72743225097656
2014-11-13,164.35934448242188
2014-11-14,165.08047485351562
2014-11-17,169.60935974121094
2014-11-18,172.96865844726562
2014-11-19,169.38072204589844
2014-11-20,167.53396606445312
2014-11-21,171.88699340820312
2014-11-24,173.47872924804688
2014-11-25,169.57415771484375
2014-11-26,170.48876953125
2014-11-27,175.58047485351562
2014-11-28,188.59555053710938
2014-12-01,189.90585327148438
2014-12-02,192.70233154296875
2014-12-03,192.6583709716797
2014-12-04,192.6671600341797
2014-12-05,197.32797241210938
2014-12-08,195.31414794921875
2014-12-09,190.7676544189453
2014-12-10,195.12945556640625
2014-12-11,193.7839813232422
2014-12-12,192.79026794433594
2014-12-15,192.87820434570312
2014-12-16,188.5164031982422
2014-12-17,191.01390075683594
2014-12-18,198.74380493164062
2014-12-19,197.0289764404297
2014-12-22,196.41339111328125
2014-12-23,195.7538604736328
2014-12-24,193.46742248535156
2014-12-26,195.446044921875
2014-12-29,193.0277099609375
2014-12-30,192.19229125976562
2014-12-31,192.6759796142578
2015-01-01,193.1596221923828
2015-01-02,193.2915496826172
2015-01-05,191.48876953125
2015-01-06,182.69480895996094
2015-01-07,179.26516723632812
2015-01-08,181.6395263671875
2015-01-09,181.68348693847656
2015-01-12,183.75006103515625
2015-01-13,182.34303283691406
2015-01-14,178.56163024902344
2015-01-15,184.7174072265625
2015-01-16,180.32040405273438
2015-01-19,182.78273010253906
2015-01-20,184.01388549804688
2015-01-21,189.94984436035156
2015-01-22,187.13575744628906
2015-01-23,182.16714477539062
2015-01-27,179.96865844726562
2015-01-28,181.7714385986328
2015-01-29,175.0880126953125
2015-01-30,166.77769470214844
2015-02-02,168.66839599609375
2015-02-03,155.5214080810547
2015-02-04,155.74127197265625
2015-02-05,150.7286834716797
2015-02-06,149.8932647705078
2015-02-09,146.59552001953125
2015-02-10,146.15582275390625
2015-02-11,148.44227600097656
2015-02-12,146.1118621826172
2015-02-13,147.4309539794922
2015-02-16,146.5515594482422
2015-02-18,147.6947784423828
2015-02-19,145.40835571289062
2015-02-20,147.0352325439453
2015-02-23,143.95733642578125
2015-02-24,141.89077758789062
2015-02-25,140.83546447753906
2015-02-26,140.30784606933594
2015-02-27,146.1118621826172
2015-03-02,145.76011657714844
2015-03-03,148.83799743652344
2015-03-04,144.57289123535156
2015-03-05,143.60557556152344
2015-03-09,141.9786834716797
2015-03-10,143.6935272216797
2015-03-11,143.4736785888672
2015-03-12,146.1118621826172
2015-03-13,146.02392578125
2015-03-16,147.2550811767578
2015-03-17,147.38697814941406
2015-03-18,148.222412109375
2015-03-19,142.4184112548828
2015-03-20,143.20986938476562
2015-03-23,143.42970275878906
2015-03-24,142.19854736328125
2015-03-25,136.74627685546875
2015-03-26,130.28271484375
2015-03-27,129.05154418945312
2015-03-30,130.63446044921875
2015-03-31,126.98497772216797
2015-04-01,133.62445068359375
2015-04-06,130.72239685058594
2015-04-07,132.43724060058594
2015-04-08,134.3719024658203
2015-04-09,142.4184112548828
2015-04-10,143.86936950683594
2015-04-13,145.62818908691406
2015-04-15,146.59552001953125
2015-04-16,142.4184112548828
2015-04-17,143.56161499023438
2015-04-20,141.1432647705078
2015-04-21,141.23121643066406
2015-04-22,141.7588348388672
2015-04-23,140.7035675048828
2015-04-24,138.593017578125
2015-04-27,140.39578247070312
2015-04-28,141.5829620361328
2015-04-29,140.7035675048828
2015-04-30,140.48373413085938
2015-05-04,146.5515594482422
2015-05-05,145.84805297851562
2015-05-06,140.7035675048828
2015-05-07,137.14199829101562
2015-05-08,128.128173828125
2015-05-11,131.1181182861328
2015-05-12,125.53395080566406
2015-05-13,127.38070678710938
2015-05-14,132.43724060058594
2015-05-15,129.6231689453125
2015-05-18,130.5904998779297
2015-05-19,131.46987915039062
2015-05-20,132.30532836914062
2015-05-21,131.07418823242188
2015-05-22,131.82164001464844
2015-05-25,132.87692260742188
2015-05-26,132.1294403076172
2015-05-27,134.76763916015625
2015-05-28,137.4058380126953
2015-05-29,135.119384765625
2015-06-01,135.2952880859375
2015-06-02,133.44854736328125
2015-06-03,131.77769470214844
2015-06-04,127.38070678710938
2015-06-05,126.36937713623047
2015-06-08,121.62066650390625
2015-06-09,119.81788635253906
2015-06-10,120.96111297607422
2015-06-11,116.47616577148438
2015-06-12,115.99249267578125
2015-06-15,114.67341613769531
2015-06-16,116.6960220336914
2015-06-17,116.47616577148438
2015-06-18,115.64073944091797
2015-06-19,117.66337585449219
2015-06-22,124.470703125
2015-06-23,129.11412048339844
2015-06-24,124.470703125
2015-06-25,124.60592651367188
2015-06-26,122.53218841552734
2015-06-29,124.0198974609375
2015-06-30,125.14692687988281
2015-07-01,126.95020294189453
2015-07-02,127.62641906738281
2015-07-03,128.3026580810547
2015-07-06,129.74526977539062
2015-07-07,130.82723999023438
2015-07-08,128.43789672851562
2015-07-09,129.74526977539062
2015-07-10,130.82723999023438
2015-07-13,130.7821502685547
2015-07-14,130.46656799316406
2015-07-15,129.42970275878906
2015-07-16,129.83541870117188
2015-07-17,130.55674743652344
2015-07-20,127.4010238647461
2015-07-21,124.33545684814453
2015-07-22,125.37234497070312
2015-07-23,125.9133071899414
2015-07-24,125.32726287841797
2015-07-27,121.85595703125
2015-07-28,127.89691925048828
2015-07-29,124.11003875732422
2015-07-30,136.23703002929688
2015-07-31,136.14688110351562
2015-08-03,139.7985076904297
2015-08-04,143.4951934814453
2015-08-05,143.35997009277344
2015-08-06,146.01979064941406
2015-08-07,144.1714324951172
2015-08-10,143.4501190185547
2015-08-11,140.60997009277344
2015-08-12,137.6796417236328
2015-08-13,137.81491088867188
2015-08-14,149.8968048095703
2015-08-17,156.2533416748047
2015-08-18,153.8189239501953
2015-08-19,151.47467041015625
2015-08-20,143.35997009277344
2015-08-21,143.67555236816406
2015-08-24,128.57315063476562
2015-08-25,129.97067260742188
2015-08-26,128.39280700683594
2015-08-27,131.54852294921875
2015-08-28,129.15921020507812
2015-08-31,130.60183715820312
2015-09-01,121.54039764404297
2015-09-02,116.80680847167969
2015-09-03,117.93385314941406
2015-09-04,117.8887710571289
2015-09-07,115.31910705566406
2015-09-08,119.7822036743164
2015-09-09,122.30677032470703
2015-09-10,120.77400207519531
2015-09-11,121.26990509033203
2015-09-14,123.70430755615234
2015-09-15,121.90103912353516
2015-09-16,123.07318115234375
2015-09-18,124.92152404785156
2015-09-21,126.00347900390625
2015-09-22,121.26990509033203
2015-09-23,122.30677032470703
2015-09-24,122.48709869384766
2015-09-28,121.5854721069336
2015-09-29,121.76580047607422
2015-09-30,120.14286041259766
2015-10-01,119.42153930664062
2015-10-05,122.71253204345703
2015-10-06,123.34366607666016
2015-10-07,125.28216552734375
2015-10-08,125.37234497070312
2015-10-09,124.56088256835938
2015-10-12,124.0198974609375
2015-10-13,123.20841217041016
2015-10-14,122.21661376953125
2015-10-15,123.83956909179688
2015-10-16,125.05677795410156
2015-10-19,123.70430755615234
2015-10-20,124.60592651367188
2015-10-21,122.3969497680664
2015-10-23,122.44203186035156
2015-10-26,121.04448699951172
2015-10-27,121.1346664428711
2015-10-28,117.66336059570312
2015-10-29,116.17566680908203
2015-10-30,115.72484588623047
2015-11-02,116.71663665771484
2015-11-03,117.43795776367188
2015-11-04,118.204345703125
2015-11-05,116.8519058227539
2015-11-06,119.82727813720703
2015-11-09,121.94613647460938
2015-11-10,120.59368133544922
2015-11-13,123.38874053955078
2015-11-16,126.36414337158203
2015-11-17,126.99530029296875
2015-11-18,122.75759887695312
2015-11-19,125.46248626708984
2015-11-20,125.77808380126953
2015-11-23,125.14692687988281
2015-11-24,124.4256362915039
2015-11-26,126.18380737304688
2015-11-27,130.10592651367188
2015-11-30,130.19607543945312
2015-12-01,129.65512084960938
2015-12-02,125.86825561523438
2015-12-03,122.93795013427734
2015-12-04,121.26990509033203
2015-12-07,120.72891998291016
2015-12-08,118.9256362915039
2015-12-09,117.52811431884766
2015-12-10,116.35598754882812
2015-12-11,110.9011001586914
2015-12-14,112.43387603759766
2015-12-15,109.59373474121094
2015-12-16,108.96258544921875
2015-12-17,110.45027923583984
2015-12-18,109.99946594238281
2015-12-21,110.495361328125
2015-12-22,108.78226470947266
2015-12-23,109.36832427978516
2015-12-24,108.28634643554688
2015-12-28,108.6019287109375
2015-12-29,108.1961898803711
2015-12-30,106.21260070800781
2015-12-31,104.31916809082031
2016-01-01,106.03226470947266
2016-01-04,101.70442962646484
2016-01-05,99.72081756591797
2016-01-06,98.8191909790039
2016-01-07,94.71675872802734
2016-01-08,94.76183319091797
2016-01-11,92.77824401855469
2016-01-12,89.8479232788086
2016-01-13,88.36022186279297
2016-01-14,88.17989349365234
2016-01-15,83.1307373046875
2016-01-18,81.91353607177734
2016-01-19,83.35614776611328
2016-01-20,78.66764068603516
2016-01-21,79.88485717773438
2016-01-22,83.40122985839844
2016-01-25,82.81517791748047
2016-01-27,84.52827453613281
2016-01-28,82.40943908691406
2016-01-29,82.31927490234375
2016-02-01,81.19223022460938
2016-02-02,80.69632720947266
2016-02-03,80.47091674804688
2016-02-04,81.95861053466797
2016-02-05,85.38482666015625
2016-02-08,85.02417755126953
2016-02-09,79.11846923828125
2016-02-10,72.0857162475586
2016-02-11,69.47098541259766
2016-02-12,66.4054183959961
2016-02-15,68.97506713867188
2016-02-16,65.3685302734375
2016-02-17,65.50376892089844
2016-02-18,65.32344055175781
2016-02-19,68.65950775146484
2016-02-22,68.11851501464844
2016-02-23,65.54886627197266
2016-02-24,65.09803771972656
2016-02-25,64.69229888916016
2016-02-26,65.3685302734375
2016-02-29,64.01608276367188
2016-03-01,66.4054183959961
2016-03-02,70.91358947753906
2016-03-03,71.22915649414062
2016-03-04,74.835693359375
2016-03-08,73.48326110839844
2016-03-09,74.5652084350586
2016-03-10,73.75373840332031
2016-03-11,73.79882049560547
2016-03-14,74.20455932617188
2016-03-15,75.10619354248047
2016-03-16,74.61029052734375
2016-03-17,74.61029052734375
2016-03-18,76.00782775878906
2016-03-21,77.90126037597656
2016-03-22,77.49551391601562
2016-03-23,76.36847686767578
2016-03-28,74.06932067871094
2016-03-29,73.88898468017578
2016-03-30,77.13487243652344
2016-03-31,76.36847686767578
2016-04-01,79.02830505371094
2016-04-04,78.30699157714844
2016-04-05,74.6553726196289
2016-04-06,73.34800720214844
2016-04-07,73.03242492675781
2016-04-08,73.48326110839844
2016-04-11,74.88079071044922
2016-04-12,75.2414321899414
2016-04-13,76.2783203125
2016-04-18,74.38488006591797
2016-04-20,76.00782775878906
2016-04-21,79.88485717773438
2016-04-22,81.2373046875
2016-04-25,80.42583465576172
2016-04-26,81.28239440917969
2016-04-27,81.2373046875
2016-04-28,79.52420043945312
2016-04-29,78.39716339111328
2016-05-02,75.87258911132812
2016-05-03,74.74553680419922
2016-05-04,73.2578353881836
2016-05-05,73.43815612792969
2016-05-06,72.76194763183594
2016-05-09,74.61029052734375
2016-05-10,74.42996215820312
2016-05-11,71.67998504638672
2016-05-12,71.54473114013672
2016-05-13,69.96686553955078
2016-05-16,67.5775375366211
2016-05-17,66.49557495117188
2016-05-18,68.70458221435547
2016-05-19,66.76606750488281
2016-05-20,66.13492584228516
2016-05-23,65.14312744140625
2016-05-24,64.78246307373047
2016-05-25,66.72098541259766
2016-05-26,67.21688842773438
2016-05-27,69.06523895263672
2016-05-30,69.60621643066406
2016-05-31,71.22915649414062
2016-06-01,69.15540313720703
2016-06-02,69.83161926269531
2016-06-03,68.65950775146484
2016-06-06,69.42588806152344
2016-06-07,70.011962890625
2016-06-08,72.76194763183594
2016-06-09,74.20455932617188
2016-06-10,75.91765594482422
2016-06-13,74.835693359375
2016-06-14,81.0569839477539
2016-06-15,81.14714813232422
2016-06-16,83.49139404296875
2016-06-17,85.29466247558594
2016-06-20,87.00776672363281
2016-06-21,87.45858764648438
2016-06-22,87.45858764648438
2016-06-23,89.48726654052734
2016-06-24,92.32742309570312
2016-06-27,94.08560943603516
2016-06-28,94.04051971435547
2016-06-29,94.13069152832031
2016-06-30,95.48314666748047
2016-07-01,94.89707946777344
2016-07-04,101.56917572021484
2016-07-05,102.74129486083984
2016-07-07,105.35604095458984
2016-07-08,106.03226470947266
2016-07-11,114.77812957763672
2016-07-12,113.8314208984375
2016-07-13,112.74945831298828
2016-07-14,119.87236785888672
2016-07-15,122.57727813720703
2016-07-18,119.19613647460938
2016-07-19,118.24942016601562
2016-07-20,116.67156982421875
2016-07-21,111.4871597290039
2016-07-22,108.37651824951172
2016-07-25,117.39286804199219
2016-07-26,116.58140563964844
2016-07-27,119.73712921142578
2016-07-28,116.26583099365234
2016-07-29,111.2166748046875
2016-08-01,110.22486877441406
2016-08-02,110.63060760498047
2016-08-03,109.63880920410156
2016-08-04,110.40519714355469
2016-08-05,111.35192108154297
2016-08-08,110.81094360351562
2016-08-09,111.6224136352539
2016-08-10,107.92570495605469
2016-08-11,104.8150634765625
2016-08-12,110.81094360351562
2016-08-16,110.54045104980469
2016-08-17,112.70436096191406
2016-08-18,114.14698791503906
2016-08-19,115.63467407226562
2016-08-22,114.91336822509766
2016-08-23,114.37239837646484
2016-08-24,113.92156982421875
2016-08-25,113.38059997558594
2016-08-26,110.76585388183594
2016-08-29,111.03633880615234
2016-08-30,114.55272674560547
2016-08-31,115.00354766845703
2016-09-01,113.38059997558594
2016-09-02,113.74125671386719
2016-09-06,119.64695739746094
2016-09-07,125.50758361816406
2016-09-08,128.57315063476562
2016-09-09,130.60183715820312
2016-09-12,123.70430755615234
2016-09-14,127.94200134277344
2016-09-15,125.1018295288086
2016-09-16,124.2903823852539
2016-09-19,124.78627014160156
2016-09-20,123.97480773925781
2016-09-21,122.3969497680664
2016-09-22,127.26576232910156
2016-09-23,125.5977554321289
2016-09-26,126.36414337158203
2016-09-27,125.95840454101562
2016-09-28,132.0895233154297
2016-09-29,123.163330078125
2016-09-30,126.86003875732422
2016-10-03,129.24937438964844
2016-10-04,131.3682098388672
2016-10-05,130.10592651367188
2016-10-06,127.98706817626953
2016-10-07,129.47479248046875
2016-10-10,130.24118041992188
2016-10-13,124.38054656982422
2016-10-14,125.28216552734375
2016-10-17,123.20841217041016
2016-10-18,126.95020294189453
2016-10-19,127.04037475585938
2016-10-20,131.5034637451172
2016-10-21,133.0362548828125
2016-10-24,132.58541870117188
2016-10-25,131.90919494628906
2016-10-26,129.83541870117188
2016-10-27,127.85183715820312
2016-10-28,129.7903594970703
2016-11-01,129.74526977539062
2016-11-02,123.25350952148438
2016-11-03,120.05268859863281
2016-11-04,118.70024108886719
2016-11-07,126.63463592529297
2016-11-08,126.76988220214844
2016-11-09,128.2124786376953
2016-11-10,143.6304473876953
2016-11-11,140.3845672607422
2016-11-15,139.48292541503906
2016-11-16,134.16329956054688
2016-11-17,133.0813446044922
2016-11-18,135.0198516845703
2016-11-21,123.028076171875
2016-11-22,123.88463592529297
2016-11-23,123.97480773925781
2016-11-24,124.2903823852539
2016-11-25,126.49939727783203
2016-11-28,123.6141586303711
2016-11-29,122.71253204345703
2016-11-30,124.56088256835938
2016-12-01,122.93795013427734
2016-12-02,120.819091796875
2016-12-05,122.30677032470703
2016-12-06,120.86416625976562
2016-12-07,118.47483825683594
2016-12-08,120.00762939453125
2016-12-09,121.90103912353516
2016-12-12,117.97895050048828
2016-12-13,116.67156982421875
2016-12-14,114.5978012084961
2016-12-15,113.87649536132812
2016-12-16,112.9297866821289
2016-12-19,112.11830139160156
2016-12-20,109.50355529785156
2016-12-21,108.69209289550781
2016-12-22,107.65521240234375
2016-12-23,108.1961898803711
2016-12-26,103.73310089111328
2016-12-27,104.58965301513672
2016-12-28,102.74129486083984
2016-12-29,102.0199966430664
2016-12-30,104.09375
2017-01-02,104.22899627685547
2017-01-03,106.4380111694336
2017-01-04,103.9134292602539
2017-01-05,106.07735443115234
2017-01-06,107.33965301513672
2017-01-09,107.97078704833984
2017-01-10,107.65521240234375
2017-01-11,111.44207763671875
2017-01-12,113.60600280761719
2017-01-13,112.7945327758789
2017-01-16,116.04042053222656
2017-01-17,117.43795776367188
2017-01-18,117.52811431884766
2017-01-19,119.2412109375
2017-01-20,115.36418914794922
2017-01-23,116.98713684082031
2017-01-24,118.47483825683594
2017-01-25,120.14286041259766
2017-01-27,123.83956909179688
2017-01-30,124.11003875732422
2017-01-31,122.21661376953125
2017-02-01,126.72478485107422
2017-02-02,128.57315063476562
2017-02-03,135.3804931640625
2017-02-06,134.52395629882812
2017-02-07,136.73294067382812
2017-02-08,135.1550750732422
2017-02-09,130.42149353027344
2017-02-10,130.82723999023438
2017-02-13,128.34774780273438
2017-02-14,129.88052368164062
2017-02-15,126.0485610961914
2017-02-16,127.0854263305664
2017-02-17,126.45429992675781
2017-02-20,128.97889709472656
2017-02-21,129.65512084960938
2017-02-22,127.98706817626953
2017-02-23,126.36414337158203
2017-02-27,125.9133071899414
2017-02-28,127.49118041992188
2017-03-01,128.6182403564453
2017-03-02,125.55268096923828
2017-03-03,126.18380737304688
2017-03-06,127.62641906738281
2017-03-07,127.58135986328125
2017-03-08,127.35594177246094
2017-03-09,127.26576232910156
2017-03-10,127.76168060302734
2017-03-14,129.65512084960938
2017-03-15,131.0977325439453
2017-03-16,133.62229919433594
2017-03-17,130.55674743652344
2017-03-20,130.9174041748047
2017-03-21,128.79855346679688
2017-03-22,122.98299407958984
2017-03-23,122.48709869384766
2017-03-24,127.58135986328125
2017-03-27,132.76576232910156
2017-03-28,134.16329956054688
2017-03-29,134.2083740234375
2017-03-30,138.13047790527344
2017-03-31,135.1550750732422
2017-04-03,135.20016479492188
2017-04-05,136.3271942138672
2017-04-06,136.64279174804688
2017-04-07,134.7493438720703
2017-04-10,137.27392578125
2017-04-11,142.68373107910156
2017-04-12,143.17962646484375
2017-04-13,140.92556762695312
2017-04-17,143.17962646484375
2017-04-18,140.5648956298828
2017-04-19,138.13047790527344
2017-04-20,139.61819458007812
2017-04-21,139.66323852539062
2017-04-24,139.88865661621094
2017-04-25,145.25338745117188
2017-04-26,150.70828247070312
2017-04-27,148.499267578125
2017-04-28,152.24105834960938
2017-05-02,153.90908813476562
2017-05-03,157.69593811035156
2017-05-04,161.7983856201172
2017-05-05,157.15496826171875
2017-05-08,158.77792358398438
2017-05-09,156.52383422851562
2017-05-10,155.21644592285156
2017-05-11,155.0812225341797
2017-05-12,152.5115509033203
2017-05-15,150.3927001953125
2017-05-16,157.0197296142578
2017-05-17,148.81483459472656
2017-05-18,142.90914916992188
2017-05-19,139.93373107910156
2017-05-22,136.10179138183594
2017-05-23,135.0198516845703
2017-05-24,132.94606018066406
2017-05-25,135.8763885498047
2017-05-26,135.83131408691406
2017-05-29,130.82723999023438
2017-05-30,131.95428466796875
2017-05-31,135.69607543945312
2017-06-01,136.95835876464844
2017-06-02,137.9952392578125
2017-06-05,138.67144775390625
2017-06-06,134.79441833496094
2017-06-07,137.3640899658203
2017-06-08,136.41737365722656
2017-06-09,137.1837615966797
2017-06-12,133.8026123046875
2017-06-13,134.11819458007812
2017-06-14,137.04849243164062
2017-06-15,132.94606018066406
2017-06-16,133.1263885498047
2017-06-19,132.76576232910156
2017-06-20,129.74526977539062
2017-06-21,131.8190155029297
2017-06-22,131.23297119140625
2017-06-23,129.74526977539062
2017-06-27,123.52397918701172
2017-06-28,123.07318115234375
2017-06-29,124.470703125
2017-06-30,123.79447174072266
2017-07-03,125.55268096923828
2017-07-04,123.1182632446289
2017-07-05,123.163330078125
2017-07-06,129.20428466796875
2017-07-07,130.01576232910156
2017-07-10,138.17555236816406
2017-07-11,134.70425415039062
2017-07-12,137.3640899658203
2017-07-13,137.27392578125
2017-07-14,138.53619384765625
2017-07-17,137.85997009277344
2017-07-18,139.61819458007812
2017-07-19,142.7288055419922
2017-07-20,141.33126831054688
2017-07-21,142.68373107910156
2017-07-24,145.4337158203125
2017-07-25,146.92141723632812
2017-07-26,143.269775390625
2017-07-27,138.9870147705078
2017-07-28,143.2247314453125
2017-07-31,146.33535766601562
2017-08-01,142.0074920654297
2017-08-02,143.3148651123047
2017-08-03,134.6140899658203
2017-08-04,136.1919708251953
2017-08-07,137.13868713378906
2017-08-08,134.16329956054688
2017-08-09,133.7124786376953
2017-08-10,129.06903076171875
2017-08-11,126.54446411132812
2017-08-14,129.11412048339844
2017-08-16,133.0362548828125
2017-08-17,131.90919494628906
2017-08-18,128.1674041748047
2017-08-21,124.06497192382812
2017-08-22,124.4256362915039
2017-08-23,128.6182403564453
2017-08-24,130.10592651367188
2017-08-28,130.60183715820312
2017-08-29,127.13052368164062
2017-08-30,128.4829864501953
2017-08-31,129.65512084960938
2017-09-01,130.24118041992188
2017-09-04,128.6182403564453
2017-09-05,129.47479248046875
2017-09-06,125.32726287841797
2017-09-07,125.28216552734375
2017-09-08,124.2903823852539
2017-09-11,124.56088256835938
2017-09-12,127.58135986328125
2017-09-13,128.9337921142578
2017-09-14,130.96249389648438
2017-09-15,130.42149353027344
2017-09-18,130.51165771484375
2017-09-19,129.74526977539062
2017-09-20,130.55674743652344
2017-09-21,127.85183715820312
2017-09-22,124.15513610839844
2017-09-25,124.11003875732422
2017-09-26,123.20841217041016
2017-09-27,119.60186767578125
2017-09-28,117.8887710571289
2017-09-29,116.35598754882812
2017-10-03,116.8519058227539
2017-10-04,117.1674575805664
2017-10-05,119.3313980102539
2017-10-06,123.5690689086914
2017-10-09,123.79447174072266
2017-10-10,123.52397918701172
2017-10-11,118.74531555175781
2017-10-12,120.6387710571289
2017-10-13,121.7207260131836
2017-10-16,120.68383026123047
2017-10-17,121.17973327636719
2017-10-18,118.02400207519531
2017-10-19,116.80680847167969
2017-10-23,118.11417388916016
2017-10-24,124.60592651367188
2017-10-25,182.17535400390625
2017-10-26,192.58921813964844
2017-10-27,177.3065185546875
2017-10-30,183.88844299316406
2017-10-31,177.75732421875
2017-11-01,179.335205078125
2017-11-02,178.02783203125
2017-11-03,187.3597412109375
2017-11-06,181.40895080566406
2017-11-07,172.03196716308594
2017-11-08,170.45407104492188
2017-11-09,173.3843994140625
2017-11-10,171.4008026123047
2017-11-13,169.19180297851562
2017-11-14,165.94593811035156
2017-11-15,162.92544555664062
2017-11-16,170.95001220703125
2017-11-17,172.03196716308594
2017-11-20,168.83114624023438
2017-11-21,167.97457885742188
2017-11-22,170.58932495117188
2017-11-23,168.15492248535156
2017-11-24,167.7942657470703
2017-11-27,167.56887817382812
2017-11-28,165.63035583496094
2017-11-29,163.73692321777344
2017-11-30,158.77792358398438
2017-12-01,154.63038635253906
2017-12-04,156.16317749023438
2017-12-05,158.64268493652344
2017-12-06,155.17138671875
2017-12-07,156.79432678222656
2017-12-08,155.71234130859375
2017-12-11,155.93775939941406
2017-12-12,156.61398315429688
2017-12-13,151.29434204101562
2017-12-14,152.9172821044922
2017-12-15,154.72055053710938
2017-12-18,161.16725158691406
2017-12-19,161.16725158691406
2017-12-20,153.728759765625
2017-12-21,156.4336700439453
2017-12-22,158.64268493652344
2017-12-26,157.15496826171875
2017-12-27,156.9746551513672
2017-12-28,153.999267578125
2017-12-29,154.54022216796875
2018-01-01,153.05252075195312
2018-01-02,150.03204345703125
2018-01-03,150.21238708496094
2018-01-04,159.09349060058594
2018-01-05,158.68775939941406
2018-01-08,158.41726684570312
2018-01-09,157.4705352783203
2018-01-10,153.86399841308594
2018-01-11,155.7574462890625
2018-01-12,157.0648193359375
2018-01-15,155.21644592285156
2018-01-16,149.26568603515625
2018-01-17,158.28201293945312
2018-01-18,153.728759765625
2018-01-19,159.04840087890625
2018-01-22,158.68775939941406
2018-01-23,167.52377319335938
2018-01-24,175.50323486328125
2018-01-25,163.1057586669922
2018-01-29,156.83938598632812
2018-01-30,155.6672821044922
2018-01-31,154.4951629638672
2018-02-01,151.0689239501953
2018-02-02,145.92962646484375
2018-02-05,147.59764099121094
2018-02-06,145.2082977294922
2018-02-07,141.1509552001953
2018-02-08,143.67555236816406
2018-02-09,141.37637329101562
2018-02-12,145.749267578125
2018-02-14,131.5034637451172
2018-02-15,115.63467407226562
2018-02-16,113.20027160644531
2018-02-19,105.04047393798828
2018-02-20,105.0855484008789
2018-02-21,105.76177978515625
2018-02-22,103.3273696899414
2018-02-23,102.29048919677734
2018-02-26,100.98311614990234
2018-02-27,88.6758041381836
2018-02-28,91.42578125
2018-03-01,91.11021423339844
2018-03-05,90.253662109375
2018-03-06,88.22498321533203
2018-03-07,86.10614013671875
2018-03-08,87.14302062988281
2018-03-09,86.19630432128906
2018-03-12,85.29466247558594
2018-03-13,88.31513977050781
2018-03-14,89.53236389160156
2018-03-15,88.85613250732422
2018-03-16,89.12662506103516
2018-03-19,87.0528564453125
2018-03-20,87.32334899902344
2018-03-21,87.99956512451172
2018-03-22,87.0528564453125
2018-03-23,83.98728942871094
2018-03-26,86.37663269042969
2018-03-27,89.6676025390625
2018-03-28,85.92581939697266
2018-04-02,86.82744598388672
2018-04-03,86.0610580444336
2018-04-04,85.11434173583984
2018-04-05,87.45858764648438
2018-04-06,92.10200500488281
2018-04-09,94.89707946777344
2018-04-10,94.85198974609375
2018-04-11,92.14710235595703
2018-04-12,91.29053497314453
2018-04-13,91.33562469482422
2018-04-16,89.39710998535156
2018-04-17,88.31513977050781
2018-04-18,87.59383392333984
2018-04-19,86.6471176147461
2018-04-20,84.39302825927734
2018-04-23,84.8438491821289
2018-04-24,83.98728942871094
2018-04-25,83.22090911865234
2018-04-26,82.04878234863281
2018-04-27,84.21271514892578
2018-04-30,86.01598358154297
2018-05-02,83.6717300415039
2018-05-03,82.99549865722656
2018-05-04,82.54468536376953
2018-05-07,84.57335662841797
2018-05-08,83.5364761352539
2018-05-09,83.85205078125
2018-05-10,82.40943908691406
2018-05-11,80.065185546875
2018-05-14,80.51599884033203
2018-05-15,77.49551391601562
2018-05-16,68.1635971069336
2018-05-17,68.92998504638672
2018-05-18,67.39720916748047
2018-05-21,70.46278381347656
2018-05-22,73.52833557128906
2018-05-23,72.62669372558594
2018-05-24,74.02421569824219
2018-05-25,75.15127563476562
2018-05-28,79.97502136230469
2018-05-29,77.22502136230469
2018-05-30,77.6307601928711
2018-05-31,75.42176055908203
2018-06-01,74.79061889648438
2018-06-04,75.01602172851562
2018-06-05,74.52013397216797
2018-06-06,76.36847686767578
2018-06-07,77.6307601928711
2018-06-08,81.5528793334961
2018-06-11,82.58975982666016
2018-06-12,82.72501373291016
2018-06-13,82.31927490234375
2018-06-14,82.67992401123047
2018-06-15,81.01190948486328
2018-06-18,79.7947006225586
2018-06-19,78.26191711425781
2018-06-20,77.72093200683594
2018-06-21,75.19635009765625
2018-06-22,73.8438949584961
2018-06-25,71.95047760009766
2018-06-26,71.99554443359375
2018-06-27,69.20048522949219
2018-06-28,65.63903045654297
2018-06-29,68.65950775146484
2018-07-02,70.46278381347656
2018-07-03,69.5611343383789
2018-07-04,68.61441802978516
2018-07-05,68.11851501464844
2018-07-06,69.38080596923828
2018-07-09,70.14720153808594
2018-07-10,70.1922836303711
2018-07-11,68.11851501464844
2018-07-12,68.61441802978516
2018-07-13,66.58573913574219
2018-07-16,66.58573913574219
2018-07-17,70.95866394042969
2018-07-18,67.80294036865234
2018-07-19,67.89311218261719
2018-07-20,68.11851501464844
2018-07-23,71.18407440185547
2018-07-24,71.4996566772461
2018-07-25,71.45457458496094
2018-07-26,72.89718627929688
2018-07-27,73.93406677246094
2018-07-30,77.450439453125
2018-07-31,76.72913360595703
2018-08-01,78.80290222167969
2018-08-02,76.77421569824219
2018-08-03,79.47911834716797
2018-08-06,81.19223022460938
2018-08-07,74.70045471191406
2018-08-08,72.53652954101562
2018-08-09,75.19635009765625
2018-08-10,75.06111145019531
2018-08-13,72.491455078125
2018-08-14,72.04063415527344
2018-08-16,73.52833557128906
2018-08-17,75.2414321899414
2018-08-20,75.91765594482422
2018-08-21,75.42176055908203
2018-08-23,76.18815612792969
2018-08-24,77.36027526855469
2018-08-27,76.8643798828125
2018-08-28,74.74553680419922
2018-08-29,75.87258911132812
2018-08-30,76.72913360595703
2018-08-31,79.47911834716797
2018-09-03,77.85617065429688
2018-09-04,74.97095489501953
2018-09-05,74.92586517333984
2018-09-06,75.06111145019531
2018-09-07,76.09799194335938
2018-09-10,74.5652084350586
2018-09-11,73.66358184814453
2018-09-12,73.16767883300781
2018-09-14,74.6553726196289
2018-09-17,74.835693359375
2018-09-18,71.4996566772461
2018-09-19,71.45457458496094
2018-09-21,65.6841049194336
2018-09-24,62.39313507080078
2018-09-25,60.36445999145508
2018-09-26,60.454627990722656
2018-09-27,56.35218048095703
2018-09-28,53.827606201171875
2018-10-01,56.98332977294922
2018-10-03,58.29070281982422
2018-10-04,58.42595291137695
2018-10-05,57.569393157958984
2018-10-08,56.667755126953125
2018-10-09,56.487430572509766
2018-10-10,59.77839660644531
2018-10-11,57.975128173828125
2018-10-12,59.9587287902832
2018-10-15,60.90544509887695
2018-10-16,63.06937026977539
2018-10-17,59.9587287902832
2018-10-19,59.507911682128906
2018-10-22,59.23741912841797
2018-10-23,58.380863189697266
2018-10-24,59.32758712768555
2018-10-25,59.19232940673828
2018-10-26,59.64315414428711
2018-10-29,63.92591857910156
2018-10-30,65.41361999511719
2018-10-31,66.4054183959961
2018-11-01,66.99148559570312
2018-11-02,62.25790023803711
2018-11-05,63.475101470947266
2018-11-06,63.65542984008789
2018-11-07,63.97100067138672
2018-11-09,64.60214233398438
2018-11-12,63.56526184082031
2018-11-13,63.11444091796875
2018-11-14,63.790679931640625
2018-11-15,64.15132904052734
2018-11-16,65.99967956542969
2018-11-19,66.08984375
2018-11-20,64.28657531738281
2018-11-21,65.54886627197266
2018-11-22,64.64722442626953
2018-11-26,64.24149322509766
2018-11-27,65.32344055175781
2018-11-28,62.75379180908203
2018-11-29,62.79887771606445
2018-11-30,63.0242805480957
2018-12-03,64.42182159423828
2018-12-04,62.708709716796875
2018-12-05,62.167728424072266
2018-12-06,59.59806823730469
2018-12-07,59.507911682128906
2018-12-10,58.47102355957031
2018-12-11,61.942317962646484
2018-12-12,63.835758209228516
2018-12-13,64.33164978027344
2018-12-14,65.50376892089844
2018-12-17,65.6841049194336
2018-12-18,66.94639587402344
2018-12-19,69.38080596923828
2018-12-20,68.61441802978516
2018-12-21,68.8398208618164
2018-12-24,69.15540313720703
2018-12-26,70.10211944580078
2018-12-27,70.2824478149414
2018-12-28,70.73326110839844
2018-12-31,70.41768646240234
2019-01-01,71.95047760009766
2019-01-02,70.1922836303711
2019-01-03,70.1922836303711
2019-01-04,73.30292510986328
2019-01-07,72.62669372558594
2019-01-08,73.66358184814453
2019-01-09,72.76194763183594
2019-01-10,73.2578353881836
2019-01-11,72.71685791015625
2019-01-14,74.38488006591797
2019-01-15,73.88898468017578
2019-01-16,75.9627456665039
2019-01-17,76.23323822021484
2019-01-18,74.70045471191406
2019-01-21,72.35620880126953
2019-01-22,70.8685073852539
2019-01-23,70.10211944580078
2019-01-24,70.41768646240234
2019-01-25,69.06523895263672
2019-01-28,68.61441802978516
2019-01-29,69.69638061523438
2019-01-30,69.65130615234375
2019-01-31,69.87671661376953
2019-02-01,66.63082122802734
2019-02-04,65.95459747314453
2019-02-05,66.18000793457031
2019-02-06,67.80294036865234
2019-02-07,68.20868682861328
2019-02-08,64.19640350341797
2019-02-11,63.88084030151367
2019-02-12,64.33164978027344
2019-02-14,65.14312744140625
2019-02-15,63.15953063964844
2019-02-18,62.21281814575195
2019-02-19,63.06937026977539
2019-02-20,64.10623931884766
2019-02-21,65.95459747314453
2019-02-22,65.99967956542969
2019-02-25,66.27017974853516
2019-02-26,64.78246307373047
2019-02-27,64.4668960571289
2019-02-28,65.1882095336914
2019-03-01,69.11032104492188
2019-03-05,74.52013397216797
2019-03-06,74.29471588134766
2019-03-07,77.04469299316406
2019-03-08,75.5570068359375
2019-03-11,77.40536499023438
2019-03-12,76.9996337890625
2019-03-13,76.50372314453125
2019-03-14,76.14307403564453
2019-03-15,77.585693359375
2019-03-18,78.12667083740234
2019-03-19,81.59796905517578
2019-03-20,84.34795379638672
2019-03-22,82.54468536376953
2019-03-25,81.41764068603516
2019-03-26,83.40122985839844
2019-03-27,84.21271514892578
2019-03-28,85.97088623046875
2019-04-01,87.9094009399414
2019-04-02,88.6307144165039
2019-04-03,85.15940856933594
2019-04-04,84.4381103515625
2019-04-05,83.94221496582031
2019-04-08,83.94221496582031
2019-04-09,85.06925964355469
2019-04-10,84.16761779785156
2019-04-11,83.58155822753906
2019-04-12,84.16761779785156
2019-04-15,84.61844635009766
2019-04-16,83.6717300415039
2019-04-18,81.19223022460938
2019-04-22,78.12667083740234
2019-04-23,78.62256622314453
2019-04-24,79.65943908691406
2019-04-25,78.21683502197266
2019-04-26,79.47911834716797
2019-04-30,76.54881286621094
2019-05-02,77.6307601928711
2019-05-03,78.57748413085938
2019-05-06,77.76600646972656
2019-05-07,75.69225311279297
2019-05-08,75.69225311279297
2019-05-09,75.9627456665039
2019-05-10,77.76600646972656
2019-05-13,71.95047760009766
2019-05-14,74.79061889648438
2019-05-15,74.20455932617188
2019-05-16,73.03242492675781
2019-05-17,74.61029052734375
2019-05-20,79.65943908691406
2019-05-21,77.6307601928711
2019-05-22,76.2783203125
2019-05-23,75.46683502197266
2019-05-24,79.52420043945312
2019-05-27,80.47091674804688
2019-05-28,77.72093200683594
2019-05-29,73.70865631103516
2019-05-30,73.43815612792969
2019-05-31,72.71685791015625
2019-06-03,73.9791488647461
2019-06-04,74.29471588134766
2019-06-06,71.72505950927734
2019-06-07,71.40948486328125
2019-06-10,69.74146270751953
2019-06-11,70.8685073852539
2019-06-12,71.40948486328125
2019-06-13,68.70458221435547
2019-06-14,69.20048522949219
2019-06-17,68.47917938232422
2019-06-18,68.02835083007812
2019-06-19,67.9832763671875
2019-06-20,69.38080596923828
2019-06-21,69.33572387695312
2019-06-24,69.2906494140625
2019-06-25,69.51605224609375
2019-06-26,71.13899993896484
2019-06-27,70.32752990722656
2019-06-28,71.72505950927734
2019-07-01,72.89718627929688
2019-07-02,72.44635772705078
2019-07-03,73.2578353881836
2019-07-04,73.9791488647461
2019-07-05,73.75373840332031
2019-07-08,65.63903045654297
2019-07-09,67.03656005859375
2019-07-10,65.59394073486328
2019-07-11,67.21688842773438
2019-07-12,67.9832763671875
2019-07-15,66.22508239746094
2019-07-16,68.2988510131836
2019-07-17,67.93819427490234
2019-07-18,65.99967956542969
2019-07-19,65.63903045654297
2019-07-22,65.3685302734375
2019-07-23,61.67183303833008
2019-07-24,61.49149703979492
2019-07-25,59.5529899597168
2019-07-26,61.31117248535156
2019-07-29,62.48330307006836
2019-07-30,60.31938552856445
2019-07-31,62.39313507080078
2019-08-01,60.8603630065918
2019-08-02,60.995601654052734
2019-08-05,60.04888916015625
2019-08-06,61.26609420776367
2019-08-07,57.749717712402344
2019-08-08,60.09396743774414
2019-08-09,60.003814697265625
2019-08-13,58.92184066772461
2019-08-14,59.1021728515625
2019-08-16,61.40133285522461
2019-08-19,60.68003463745117
2019-08-20,59.147254943847656
2019-08-21,57.749717712402344
2019-08-22,55.40547180175781
2019-08-23,57.34397888183594
2019-08-26,59.282493591308594
2019-08-27,60.5447883605957
2019-08-28,59.19232940673828
2019-08-29,58.65135192871094
2019-08-30,58.516109466552734
2019-09-03,53.5571174621582
2019-09-04,54.007938385009766
2019-09-05,55.08989715576172
2019-09-06,55.270225524902344
2019-09-09,56.442344665527344
2019-09-11,58.47102355957031
2019-09-12,58.20054244995117
2019-09-13,58.516109466552734
2019-09-16,58.20054244995117
2019-09-17,56.262020111083984
2019-09-18,56.75791931152344
2019-09-19,55.856285095214844
2019-09-20,59.23741912841797
2019-09-23,60.2742919921875
2019-09-24,59.64315414428711
2019-09-25,57.07349395751953
2019-09-26,56.622676849365234
2019-09-27,56.667755126953125
2019-09-30,55.856285095214844
2019-10-01,52.92597198486328
2019-10-03,53.24154281616211
2019-10-04,52.24974822998047
2019-10-07,51.61860275268555
2019-10-09,52.700565338134766
2019-10-10,50.89729690551758
2019-10-11,51.30303192138672
2019-10-14,51.6636848449707
2019-10-15,52.20466995239258
2019-10-16,51.70876693725586
2019-10-17,53.24154281616211
2019-10-18,54.32350540161133
2019-10-22,54.77432632446289
2019-10-23,55.270225524902344
2019-10-24,53.8726921081543
2019-10-25,54.729244232177734
2019-10-27,54.95465087890625
2019-10-29,55.856285095214844
2019-10-30,57.434146881103516
2019-10-31,58.92184066772461
2019-11-01,60.5447883605957
2019-11-04,61.49149703979492
2019-11-05,58.380863189697266
2019-11-06,57.930049896240234
2019-11-07,55.856285095214844
2019-11-08,55.40547180175781
2019-11-11,55.63087844848633
2019-11-13,54.36859130859375
2019-11-14,54.36859130859375
2019-11-15,55.81120681762695
2019-11-18,56.262020111083984
2019-11-19,57.83988571166992
2019-11-20,57.61447525024414
2019-11-21,57.028411865234375
2019-11-22,57.38906478881836
2019-11-25,58.06529235839844
2019-11-26,56.98332977294922
2019-11-27,57.434146881103516
2019-11-28,60.36445999145508
2019-11-29,59.147254943847656
2019-12-02,59.282493591308594
2019-12-03,56.71283721923828
2019-12-04,57.47922897338867
2019-12-05,56.17185974121094
2019-12-06,54.27842330932617
2019-12-09,54.81940460205078
2019-12-10,53.78252410888672
2019-12-11,53.69235610961914
2019-12-12,54.81940460205078
2019-12-13,58.11036682128906
2019-12-16,57.434146881103516
2019-12-17,58.335784912109375
2019-12-18,56.98332977294922
2019-12-19,57.34397888183594
2019-12-20,58.29070281982422
2019-12-23,57.38906478881836
2019-12-24,57.25381851196289
2019-12-26,56.622676849365234
2019-12-27,58.92184066772461
2019-12-30,58.06529235839844
2019-12-31,58.02021026611328
2020-01-01,58.335784912109375
2020-01-02,60.13905334472656
2020-01-03,58.65135192871094
2020-01-06,55.360389709472656
2020-01-07,55.7661247253418
2020-01-08,54.86448669433594
2020-01-09,56.442344665527344
2020-01-10,56.30710220336914
2020-01-13,56.98332977294922
2020-01-14,56.622676849365234
2020-01-15,57.16365432739258
2020-01-16,57.11857604980469
2020-01-17,57.028411865234375
2020-01-20,55.540714263916016
2020-01-21,55.40547180175781
2020-01-22,54.999732971191406
2020-01-23,55.721038818359375
2020-01-24,56.21693801879883
2020-01-27,55.315303802490234
2020-01-28,54.548912048339844
2020-01-29,54.95465087890625
2020-01-30,54.053016662597656
2020-01-31,54.50382995605469
2020-02-03,51.70876693725586
2020-02-04,51.21286392211914
2020-02-05,51.30303192138672
2020-02-06,52.880889892578125
2020-02-07,53.01613235473633
2020-02-10,51.61860275268555
2020-02-11,51.348114013671875
2020-02-12,50.04074478149414
2020-02-13,49.9505729675293
2020-02-14,48.868614196777344
2020-02-17,46.839935302734375
2020-02-18,46.88501739501953
2020-02-19,47.51615905761719
2020-02-20,47.651405334472656
2020-02-24,45.397315979003906
2020-02-25,44.99158477783203
2020-02-26,44.31535720825195
2020-02-27,42.331764221191406
2020-02-28,40.61865234375
2020-03-02,38.54489517211914
2020-03-03,40.12275314331055
2020-03-04,40.07767105102539
2020-03-05,40.57357406616211
2020-03-06,38.18423843383789
2020-03-09,35.83999252319336
2020-03-11,34.66786193847656
2020-03-12,30.4301815032959
2020-03-13,33.72114944458008
2020-03-16,32.27853012084961
2020-03-17,31.827714920043945
2020-03-18,33.13508987426758
2020-03-19,33.54082489013672
2020-03-20,34.30720901489258
2020-03-23,31.917879104614258
2020-03-24,32.72935104370117
2020-03-25,30.926076889038086
2020-03-26,30.114612579345703
2020-03-27,30.159692764282227
2020-03-30,29.663793563842773
2020-03-31,29.167892456054688
2020-04-01,27.454784393310547
2020-04-03,26.733476638793945
2020-04-07,27.09412956237793
2020-04-08,27.499866485595703
2020-04-09,28.311338424682617
2020-04-13,28.26625633239746
2020-04-15,28.040847778320312
2020-04-16,27.995765686035156
2020-04-17,28.67198944091797
2020-04-20,29.618709564208984
2020-04-21,28.040847778320312
2020-04-22,28.040847778320312
2020-04-23,28.131010055541992
2020-04-24,27.22937774658203
2020-04-27,27.72527503967285
2020-04-28,28.176090240478516
2020-04-29,29.122806549072266
2020-04-30,29.122806549072266
2020-05-04,27.184295654296875
2020-05-05,26.327743530273438
2020-05-06,26.46298599243164
2020-05-07,26.7785587310791
2020-05-08,26.327743530273438
2020-05-11,25.967086791992188
2020-05-12,25.876924514770508
2020-05-13,27.590030670166016
2020-05-14,26.417903900146484
2020-05-15,25.967086791992188
2020-05-18,24.659717559814453
2020-05-19,23.983489990234375
2020-05-20,23.983489990234375
2020-05-21,24.344144821166992
2020-05-22,24.0285701751709
2020-05-26,24.073652267456055
2020-05-27,24.79496192932129
2020-05-28,24.118736267089844
2020-05-29,24.118736267089844
2020-06-01,26.327743530273438
2020-06-02,26.372821807861328
2020-06-03,27.274456024169922
2020-06-04,27.950685501098633
2020-06-05,30.4301815032959
2020-06-08,29.393299102783203
2020-06-09,28.67198944091797
2020-06-10,30.520339965820312
2020-06-11,29.573627471923828
2020-06-12,29.799034118652344
2020-06-15,30.340017318725586
2020-06-16,29.889198303222656
2020-06-17,29.889198303222656
2020-06-18,30.565425872802734
2020-06-19,31.106409072875977
2020-06-22,32.27853012084961
2020-06-23,33.7662239074707
2020-06-24,32.9096794128418
2020-06-25,33.450653076171875
2020-06-26,32.999839782714844
2020-06-29,31.87279510498047
2020-06-30,31.331815719604492
2020-07-01,32.819515228271484
2020-07-02,32.68426513671875
2020-07-03,32.413780212402344
2020-07-06,33.450653076171875
2020-07-07,33.1801643371582
2020-07-08,33.58590316772461
2020-07-09,33.450653076171875
2020-07-10,31.60230255126953
2020-07-13,31.15148162841797
2020-07-14,30.24985122680664
2020-07-15,29.753955841064453
2020-07-16,29.9793643951416
2020-07-17,30.294933319091797
2020-07-20,31.15148162841797
2020-07-21,31.331815719604492
2020-07-22,30.88099479675293
2020-07-23,30.926076889038086
2020-07-24,30.24985122680664
2020-07-27,29.122806549072266
2020-07-28,28.942480087280273
2020-07-29,29.52854347229004
2020-07-30,28.626909255981445
2020-07-31,28.80723762512207
2020-08-03,29.663793563842773
2020-08-04,29.303136825561523
2020-08-05,29.393299102783203
2020-08-06,29.167892456054688
2020-08-07,29.573627471923828
2020-08-10,29.618709564208984
2020-08-11,29.618709564208984
2020-08-12,30.47525978088379
2020-08-13,29.9793643951416
2020-08-14,29.077726364135742
2020-08-17,29.258054733276367
2020-08-18,29.618709564208984
2020-08-19,30.83591651916504
2020-08-20,31.647382736206055
2020-08-21,32.143287658691406
2020-08-24,31.827714920043945
2020-08-25,31.737550735473633
2020-08-26,31.917879104614258
2020-08-27,31.827714920043945
2020-08-28,33.405574798583984
2020-08-31,31.60230255126953
2020-09-01,31.286731719970703
2020-09-02,31.376895904541016
2020-09-03,31.106409072875977
2020-09-04,30.340017318725586
2020-09-07,30.47525978088379
2020-09-08,30.340017318725586
2020-09-09,29.663793563842773
2020-09-10,30.24985122680664
2020-09-11,30.385099411010742
2020-09-14,30.294933319091797
2020-09-15,30.024444580078125
2020-09-16,30.294933319091797
2020-09-17,29.9793643951416
2020-09-18,29.393299102783203
2020-09-21,27.635112762451172
2020-09-22,27.09412956237793
2020-09-23,26.46298599243164
2020-09-24,25.290857315063477
2020-09-25,26.192493438720703
2020-09-28,27.184295654296875
2020-09-29,26.237577438354492
2020-09-30,25.741676330566406
2020-10-01,25.245779037475586
2020-10-05,25.516267776489258
2020-10-06,25.561351776123047
2020-10-07,25.02037239074707
2020-10-08,25.06545066833496
2020-10-09,26.057249069213867
2020-10-12,25.65151596069336
2020-10-13,25.110532760620117
2020-10-14,25.381023406982422
2020-10-15,24.97528648376465
2020-10-16,24.749881744384766
2020-10-19,25.200698852539062
2020-10-20,24.659717559814453
2020-10-21,24.524471282958984
2020-10-22,24.524471282958984
2020-10-23,24.704797744750977
2020-10-26,25.245779037475586
2020-10-27,24.659717559814453
2020-10-28,24.434307098388672
2020-10-29,23.983489990234375
2020-10-30,24.118736267089844
2020-11-02,25.200698852539062
2020-11-03,25.06545066833496
2020-11-04,24.749881744384766
2020-11-05,24.97528648376465
2020-11-06,25.02037239074707
2020-11-09,25.786760330200195
2020-11-10,26.68839454650879
2020-11-11,26.372821807861328
2020-11-12,26.237577438354492
2020-11-13,26.598228454589844
2020-11-14,26.68839454650879
2020-11-17,26.913803100585938
2020-11-18,27.815439224243164
2020-11-19,27.049047470092773
2020-11-20,26.86872100830078
2020-11-23,27.09412956237793
2020-11-24,27.40970230102539
2020-11-25,28.26625633239746
2020-11-26,28.89739990234375
2020-11-27,30.159692764282227
2020-12-01,31.061325073242188
2020-12-02,30.61050796508789
2020-12-03,32.27853012084961
2020-12-04,32.143287658691406
2020-12-07,32.23344802856445
2020-12-08,36.606380462646484
2020-12-09,35.524417877197266
2020-12-10,34.62278366088867
2020-12-11,36.516212463378906
2020-12-14,37.192440032958984
2020-12-15,36.606380462646484
2020-12-16,34.217044830322266
2020-12-17,33.36049270629883
2020-12-18,32.95475387573242
2020-12-21,30.74574851989746
2020-12-22,30.114612579345703
2020-12-23,28.67198944091797
2020-12-24,28.35641860961914
2020-12-28,29.212976455688477
2020-12-29,29.934282302856445
2020-12-30,29.52854347229004
2020-12-31,29.799034118652344
2021-01-01,31.376895904541016
2021-01-04,32.05311965942383
2021-01-05,32.098201751708984
2021-01-06,31.737550735473633
2021-01-07,31.96295928955078
2021-01-08,31.917879104614258
2021-01-11,31.467063903808594
2021-01-12,32.9096794128418
2021-01-13,32.999839782714844
2021-01-14,33.36049270629883
2021-01-15,32.413780212402344
2021-01-18,31.96295928955078
2021-01-19,32.9096794128418
2021-01-20,33.31541061401367
2021-01-21,32.143287658691406
2021-01-22,31.15148162841797
2021-01-25,30.79083251953125
2021-01-27,30.06952667236328
2021-01-28,29.348217010498047
2021-01-29,30.06952667236328
2021-02-01,32.23344802856445
2021-02-02,32.63918685913086
2021-02-03,34.577701568603516
2021-02-04,36.516212463378906
2021-02-05,36.200645446777344
2021-02-08,34.262123107910156
2021-02-09,35.20884323120117
2021-02-10,35.56949996948242
2021-02-11,34.938358306884766
2021-02-12,34.98343276977539
2021-02-15,35.659664154052734
2021-02-16,35.61457824707031
2021-02-17,37.598175048828125
2021-02-18,39.491615295410156
2021-02-19,37.91374588012695
2021-02-22,37.012107849121094
2021-02-23,36.96703338623047
2021-02-24,37.6883430480957
2021-02-25,37.77850341796875
2021-02-26,36.831790924072266
2021-03-01,36.78670883178711
2021-03-02,36.96703338623047
2021-03-03,39.266204833984375
2021-03-04,39.311283111572266
2021-03-05,37.598175048828125
2021-03-08,37.64326095581055
2021-03-09,37.50801086425781
2021-03-10,37.4178466796875
2021-03-12,37.012107849121094
2021-03-15,36.78670883178711
2021-03-16,35.88507080078125
2021-03-17,34.62278366088867
2021-03-18,33.99163818359375
2021-03-19,34.66786193847656
2021-03-22,34.217044830322266
2021-03-23,34.938358306884766
2021-03-24,33.36049270629883
2021-03-25,32.00804138183594
2021-03-26,32.45885467529297
2021-03-30,32.5941047668457
2021-03-31,33.044921875
2021-04-01,34.44245910644531
2021-04-05,33.31541061401367
2021-04-06,33.405574798583984
2021-04-07,33.90147018432617
2021-04-08,33.7662239074707
2021-04-09,34.12688064575195
2021-04-12,30.61050796508789
2021-04-13,31.647382736206055
2021-04-15,31.331815719604492
2021-04-16,31.376895904541016
2021-04-19,29.889198303222656
2021-04-20,30.385099411010742
2021-04-22,30.565425872802734
2021-04-23,30.65558624267578
2021-04-26,31.061325073242188
2021-04-27,31.51214027404785
2021-04-28,32.143287658691406
2021-04-29,31.60230255126953
2021-04-30,31.42197608947754
2021-05-03,31.106409072875977
2021-05-04,33.7662239074707
2021-05-05,33.7662239074707
2021-05-06,32.819515228271484
2021-05-07,32.68426513671875
2021-05-10,32.098201751708984
2021-05-11,31.60230255126953
2021-05-12,33.450653076171875
2021-05-14,33.1801643371582
2021-05-17,33.946556091308594
2021-05-18,33.676063537597656
2021-05-19,32.63918685913086
2021-05-20,33.811309814453125
2021-05-21,34.30720901489258
2021-05-24,35.88507080078125
2021-05-25,35.479331970214844
2021-05-26,35.3891716003418
2021-05-27,38.00391387939453
2021-05-28,38.094078063964844
2021-05-31,38.22932052612305
2021-06-01,37.553096771240234
2021-06-02,39.671939849853516
2021-06-03,39.401451110839844
2021-06-04,38.86046600341797
2021-06-07,37.95882797241211
2021-06-08,37.37276840209961
2021-06-09,36.606380462646484
2021-06-10,38.319480895996094
2021-06-11,37.91374588012695
2021-06-14,38.81538009643555
2021-06-15,38.22932052612305
2021-06-16,37.64326095581055
2021-06-17,37.057193756103516
2021-06-18,36.33589172363281
2021-06-21,37.598175048828125
2021-06-22,37.23752212524414
2021-06-23,38.094078063964844
2021-06-24,37.46293258666992
2021-06-25,38.13916015625
2021-06-28,39.085872650146484
2021-06-29,38.77030563354492
2021-06-30,38.13916015625
2021-07-01,38.18423843383789
2021-07-02,37.95882797241211
2021-07-05,38.13916015625
2021-07-06,37.73341751098633
2021-07-07,37.598175048828125
2021-07-08,37.012107849121094
2021-07-09,36.96703338623047
2021-07-12,36.876869201660156
2021-07-13,36.876869201660156
2021-07-14,36.6965446472168
2021-07-15,36.38097381591797
2021-07-16,36.831790924072266
2021-07-19,36.33589172363281
2021-07-20,35.83999252319336
2021-07-22,36.065399169921875
2021-07-23,36.11048126220703
2021-07-26,35.479331970214844
2021-07-27,35.29901123046875
2021-07-28,34.62278366088867
2021-07-29,35.524417877197266
2021-07-30,35.61457824707031
2021-08-02,36.6965446472168
2021-08-03,36.33589172363281
2021-08-04,35.524417877197266
2021-08-05,35.02851867675781
2021-08-06,35.659664154052734
2021-08-09,34.938358306884766
2021-08-10,33.811309814453125
2021-08-11,33.72114944458008
2021-08-12,34.0817985534668
2021-08-13,34.036720275878906
2021-08-16,33.7662239074707
2021-08-17,33.13508987426758
2021-08-18,32.9096794128418
2021-08-20,32.098201751708984
2021-08-23,32.5941047668457
2021-08-24,32.77443313598633
2021-08-25,32.86459732055664
2021-08-26,32.27853012084961
2021-08-27,32.5941047668457
2021-08-30,33.13508987426758
2021-08-31,33.044921875
2021-09-01,33.676063537597656
2021-09-02,33.7662239074707
2021-09-03,34.30720901489258
2021-09-06,34.12688064575195
2021-09-07,33.72114944458008
2021-09-08,33.946556091308594
2021-09-09,33.856388092041016
2021-09-13,33.90147018432617
2021-09-14,34.0817985534668
2021-09-15,34.938358306884766
2021-09-16,37.6883430480957
2021-09-17,35.83999252319336
2021-09-20,34.352291107177734
2021-09-21,34.352291107177734
2021-09-22,34.39737319946289
2021-09-23,34.71294403076172
2021-09-24,34.171966552734375
2021-09-27,34.577701568603516
2021-09-28,35.29901123046875
2021-09-29,35.74982833862305
2021-09-30,36.15555953979492
2021-10-01,36.606380462646484
2021-10-04,37.057193756103516
2021-10-05,37.012107849121094
2021-10-06,35.97523880004883
2021-10-07,35.97523880004883
2021-10-08,36.33589172363281
2021-10-11,36.47113800048828
2021-10-12,37.192440032958984
2021-10-13,37.37276840209961
2021-10-14,38.364566802978516
2021-10-18,41.4752082824707
2021-10-19,39.80718994140625
2021-10-20,38.86046600341797
2021-10-21,40.257999420166016
2021-10-22,39.62685775756836
2021-10-25,40.48340606689453
2021-10-26,41.339962005615234
2021-10-27,41.745697021484375
2021-10-28,37.2826042175293
2021-10-29,37.95882797241211
2021-11-01,37.95882797241211
2021-11-02,37.95882797241211
2021-11-03,37.2826042175293
2021-11-04,37.77850341796875
2021-11-08,38.22932052612305
2021-11-09,38.680137634277344
2021-11-10,38.094078063964844
2021-11-11,37.73341751098633
2021-11-12,37.64326095581055
2021-11-15,37.50801086425781
2021-11-16,37.057193756103516
2021-11-17,36.65146255493164
2021-11-18,37.553096771240234
2021-11-22,35.97523880004883
2021-11-23,36.65146255493164
2021-11-24,36.47113800048828
2021-11-25,36.02031707763672
2021-11-26,34.71294403076172
2021-11-29,33.90147018432617
2021-11-30,33.63098907470703
2021-12-01,34.577701568603516
2021-12-02,34.71294403076172
2021-12-03,34.71294403076172
2021-12-06,34.262123107910156
2021-12-07,34.71294403076172
2021-12-08,35.479331970214844
2021-12-09,35.61457824707031
2021-12-10,36.74163055419922
2021-12-13,36.29080581665039
2021-12-14,36.200645446777344
2021-12-15,35.83999252319336
2021-12-16,35.524417877197266
2021-12-17,34.262123107910156
2021-12-20,33.13508987426758
2021-12-21,33.31541061401367
2021-12-22,33.7662239074707
2021-12-23,34.262123107910156
2021-12-24,33.225250244140625
2021-12-27,33.58590316772461
2021-12-28,33.63098907470703
2021-12-29,33.49574279785156
2021-12-30,33.49574279785156
2021-12-31,33.63098907470703
2022-01-03,34.262123107910156
2022-01-04,34.577701568603516
2022-01-05,34.938358306884766
2022-01-06,34.98343276977539
2022-01-07,35.07360076904297
2022-01-10,36.38097381591797
2022-01-11,36.02031707763672
2022-01-12,36.065399169921875
2022-01-13,36.2457275390625
2022-01-14,36.200645446777344
2022-01-17,35.930152893066406
2022-01-18,35.25392532348633
2022-01-19,36.065399169921875
2022-01-20,36.065399169921875
2022-01-21,34.98343276977539
2022-01-24,34.262123107910156
2022-01-25,35.524417877197266
2022-01-27,37.10227966308594
2022-01-28,36.831790924072266
2022-01-31,37.46293258666992
2022-02-01,37.23752212524414
2022-02-02,38.5899772644043
2022-02-03,38.40964889526367
2022-02-04,37.4178466796875
2022-02-07,37.598175048828125
2022-02-08,37.86866760253906
2022-02-09,37.50801086425781
2022-02-10,36.78670883178711
2022-02-11,35.83999252319336
2022-02-14,33.450653076171875
2022-02-15,34.62278366088867
2022-02-16,34.758026123046875
2022-02-17,34.30720901489258
2022-02-18,34.036720275878906
2022-02-21,33.811309814453125
2022-02-22,33.54082489013672
2022-02-23,33.676063537597656
2022-02-24,28.852319717407227
2022-02-25,31.51214027404785
2022-02-28,31.467063903808594
2022-03-02,31.87279510498047
2022-03-03,31.647382736206055
2022-03-04,31.19656753540039
2022-03-07,30.83591651916504
2022-03-08,31.467063903808594
2022-03-09,32.098201751708984
2022-03-10,32.413780212402344
2022-03-11,32.68426513671875
2022-03-14,33.1801643371582
2022-03-15,32.45885467529297
2022-03-16,32.36869812011719
2022-03-17,32.45885467529297
2022-03-21,32.18836975097656
2022-03-22,32.098201751708984
2022-03-23,32.18836975097656
2022-03-24,32.05311965942383
2022-03-25,31.917879104614258
2022-03-28,32.143287658691406
2022-03-29,31.51214027404785
2022-03-30,31.60230255126953
2022-03-31,31.60230255126953
2022-04-01,32.77443313598633
2022-04-04,33.27033615112305
2022-04-05,33.31541061401367
2022-04-06,33.90147018432617
2022-04-07,33.7662239074707
2022-04-08,34.036720275878906
2022-04-11,33.7662239074707
2022-04-12,33.13508987426758
2022-04-13,33.044921875
2022-04-18,32.63918685913086
2022-04-19,32.18836975097656
2022-04-20,32.18836975097656
2022-04-21,32.413780212402344
2022-04-22,31.917879104614258
2022-04-25,31.467063903808594
2022-04-26,32.098201751708984
2022-04-27,31.917879104614258
2022-04-28,31.87279510498047
2022-04-29,31.647382736206055
2022-05-02,31.60230255126953
2022-05-04,30.971158981323242
2022-05-05,30.88099479675293
2022-05-06,30.520339965820312
2022-05-09,30.20477294921875
2022-05-10,30.024444580078125
2022-05-11,29.844114303588867
2022-05-12,25.786760330200195
2022-05-13,26.417903900146484
2022-05-16,26.643310546875
2022-05-17,27.003969192504883
2022-05-18,26.7785587310791
2022-05-19,26.327743530273438
2022-05-20,27.003969192504883
2022-05-23,27.590030670166016
2022-05-24,27.319538116455078
2022-05-25,26.86872100830078
2022-05-26,27.274456024169922
2022-05-27,27.454784393310547
2022-05-30,28.536746978759766
2022-05-31,28.26625633239746
2022-06-01,28.311338424682617
2022-06-02,28.852319717407227
2022-06-03,28.446582794189453
2022-06-06,28.35641860961914
2022-06-07,28.176090240478516
2022-06-08,28.08592987060547
2022-06-09,28.040847778320312
2022-06-10,27.860519409179688
2022-06-13,27.139211654663086
2022-06-14,26.95888328552246
2022-06-15,27.003969192504883
2022-06-16,26.192493438720703
2022-06-17,26.192493438720703
2022-06-20,25.65151596069336
2022-06-21,26.823638916015625
2022-06-22,26.998716354370117
2022-06-23,26.95264434814453
2022-06-24,27.229080200195312
2022-06-27,27.229080200195312
2022-06-28,27.413373947143555
2022-06-29,27.413373947143555
2022-06-30,26.722280502319336
2022-07-01,27.13693618774414
2022-07-04,27.64373779296875
2022-07-05,27.367300033569336
2022-07-06,27.597667694091797
2022-07-07,28.565196990966797
2022-07-08,28.242685317993164
2022-07-11,28.611268997192383
2022-07-12,28.380905151367188
2022-07-13,28.380905151367188
2022-07-14,28.01232147216797
2022-07-15,27.92017364501953
2022-07-18,28.887706756591797
2022-07-19,29.118070602416992
2022-07-20,28.933778762817383
2022-07-21,29.34843635559082
2022-07-22,29.3023624420166
2022-07-25,29.118070602416992
2022-07-26,29.118070602416992
2022-07-27,29.532726287841797
2022-07-28,30.085603713989258
2022-07-29,28.887706756591797
2022-08-01,30.77669906616211
2022-08-02,31.51386070251465
2022-08-03,31.32956886291504
2022-08-04,30.77669906616211
2022-08-05,30.9149112701416
2022-08-08,30.730621337890625
2022-08-10,30.40811538696289
2022-08-11,30.77669906616211
2022-08-12,30.68454933166504
2022-08-16,30.9149112701416
2022-08-17,31.744226455688477
2022-08-18,31.46778678894043
2022-08-19,30.730621337890625
2022-08-22,29.855239868164062
2022-08-23,30.45418357849121
2022-08-24,30.9149112701416
2022-08-25,32.48139190673828
2022-08-26,32.89604949951172
2022-08-29,32.48139190673828
2022-08-30,33.034263610839844
2022-09-01,32.98819351196289
2022-09-02,32.48139190673828
2022-09-05,32.89604949951172
2022-09-06,34.278236389160156
2022-09-07,34.646812438964844
2022-09-08,35.337913513183594
2022-09-09,35.936859130859375
2022-09-12,36.950462341308594
2022-09-13,36.443660736083984
2022-09-14,36.950462341308594
2022-09-15,37.27297592163086
2022-09-16,36.53580856323242
2022-09-19,37.22690200805664
2022-09-20,37.45726776123047
2022-09-21,36.99654006958008
2022-09-22,37.31904602050781
2022-09-23,35.153621673583984
2022-09-26,33.1724853515625
2022-09-27,33.817508697509766
2022-09-28,32.11280822753906
2022-09-29,32.15888595581055
2022-09-30,33.67928695678711
2022-10-03,32.66568374633789
2022-10-04,33.5871467590332
2022-10-06,33.77143478393555
2022-10-07,33.77143478393555
2022-10-10,33.67928695678711
2022-10-11,32.89604949951172
2022-10-12,33.44892501831055
2022-10-13,33.08034133911133
2022-10-14,33.034263610839844
2022-10-17,34.00180435180664
2022-10-18,35.798641204833984
2022-10-19,36.259368896484375
2022-10-20,37.31904602050781
2022-10-21,37.549415588378906
2022-10-24,37.871917724609375
2022-10-25,39.89912796020508
2022-10-27,39.6226921081543
2022-10-28,39.71483612060547
2022-10-31,39.3001823425293
2022-11-01,36.950462341308594
2022-11-02,36.1672248840332
2022-11-03,38.056209564208984
2022-11-04,38.51694107055664
2022-11-07,38.563011169433594
2022-11-09,41.419532775878906
2022-11-10,40.59022521972656
2022-11-11,41.23524475097656
2022-11-14,40.49808120727539
2022-11-15,40.49808120727539
2022-11-16,40.682373046875
2022-11-17,40.820587158203125
2022-11-18,42.248844146728516
2022-11-21,43.86139678955078
2022-11-22,44.414276123046875
2022-11-23,46.39540481567383
2022-11-24,46.856136322021484
2022-11-25,49.39014434814453
2022-11-28,49.20585250854492
2022-11-29,48.37654113769531
2022-11-30,47.270790100097656
2022-12-01,49.06763458251953
2022-12-02,49.758731842041016
2022-12-05,50.81840133666992
2022-12-06,51.09484100341797
2022-12-07,51.09484100341797
2022-12-08,53.16812515258789
2022-12-09,51.832008361816406
2022-12-12,53.536705017089844
2022-12-13,55.195335388183594
2022-12-14,54.596378326416016
2022-12-15,54.642452239990234
2022-12-16,52.2927360534668
2022-12-19,51.6477165222168
2022-12-20,51.18698501586914
2022-12-21,48.975486755371094
2022-12-22,49.52836608886719
2022-12-23,45.79645919799805
2022-12-26,49.29800033569336
2022-12-27,49.94301986694336
2022-12-28,50.588043212890625
2022-12-29,51.04876708984375
2022-12-30,52.01630401611328
2023-01-02,52.661319732666016
2023-01-03,53.26026916503906
2023-01-04,51.832008361816406
2023-01-05,52.2927360534668
2023-01-06,51.97023010253906
2023-01-09,52.6152458190918
2023-01-10,50.77233123779297
2023-01-11,51.97023010253906
2023-01-12,51.46342468261719
2023-01-13,52.338809967041016
2023-01-16,54.27387237548828
2023-01-17,53.21419906616211
2023-01-18,52.2927360534668
2023-01-19,52.707393646240234
2023-01-20,52.47703170776367
2023-01-23,52.338809967041016
2023-01-24,51.14091491699219
2023-01-25,49.48229217529297
2023-01-27,46.810062408447266
2023-01-30,46.717918395996094
2023-01-31,49.34407424926758
2023-02-01,46.349334716796875
2023-02-02,46.810062408447266
2023-02-03,47.73152160644531
2023-02-06,47.362937927246094
2023-02-07,47.270790100097656
2023-02-08,47.5472297668457
2023-02-09,46.99435806274414
2023-02-10,47.2247200012207
2023-02-13,46.2571907043457
2023-02-14,46.810062408447266
2023-02-15,46.9022102355957
2023-02-16,46.810062408447266
2023-02-17,45.79645919799805
2023-02-20,45.61216735839844
2023-02-21,45.197509765625
2023-02-22,44.045692443847656
2023-02-23,44.46034240722656
2023-02-24,43.81532287597656
2023-02-27,44.32212448120117
2023-02-28,44.552486419677734
2023-03-01,46.21112060546875
2023-03-02,45.842533111572266
2023-03-03,47.73152160644531
2023-03-06,47.270790100097656
2023-03-08,47.45508575439453
2023-03-09,46.9022102355957
2023-03-10,45.98075485229492
2023-03-13,44.368202209472656
2023-03-14,44.368202209472656
2023-03-15,43.95354461669922
2023-03-16,44.22998046875
2023-03-17,44.18391036987305
2023-03-20,43.30852508544922
2023-03-21,43.99961853027344
2023-03-22,44.09176254272461
2023-03-23,43.17030334472656
2023-03-24,41.926334381103516
2023-03-27,41.972408294677734
2023-03-28,41.37345886230469
2023-03-29,42.66350173950195
2023-03-31,42.93994140625
2023-04-03,43.63103103637695
2023-04-05,43.03208923339844
2023-04-06,43.49281692504883
2023-04-10,43.35459518432617
2023-04-11,43.53888702392578
2023-04-12,43.35459518432617
2023-04-13,43.99961853027344
2023-04-17,44.96714401245117
2023-04-18,45.24358367919922
2023-04-19,44.73678207397461
2023-04-20,44.78285598754883
2023-04-21,44.46034240722656
2023-04-24,45.38180160522461
2023-04-25,45.888607025146484
2023-04-26,46.303260803222656
2023-04-27,46.44148254394531
2023-04-28,48.146175384521484
2023-05-02,48.606903076171875
2023-05-03,48.42261505126953
2023-05-04,49.1597785949707
2023-05-05,48.238319396972656
2023-05-08,48.007957458496094
2023-05-09,46.303260803222656
2023-05-10,44.69070816040039
2023-05-11,44.69070816040039
2023-05-12,44.73678207397461
2023-05-15,45.10536575317383
2023-05-16,45.15143966674805
2023-05-17,45.42787170410156
2023-05-18,44.64463806152344
2023-05-19,45.38180160522461
2023-05-22,46.5797004699707
2023-05-23,46.62577438354492
2023-05-24,45.98075485229492
2023-05-25,45.750389099121094
2023-05-26,46.39540481567383
2023-05-29,46.810062408447266
2023-05-30,47.40901184082031
2023-05-31,47.777591705322266
2023-06-01,47.639373779296875
2023-06-02,48.1922492980957
2023-06-05,48.05403137207031
2023-06-06,47.96188735961914
2023-06-07,48.238319396972656
2023-06-08,47.8697395324707
2023-06-09,47.316864013671875
2023-06-12,47.501155853271484
2023-06-13,47.91581344604492
2023-06-14,47.73152160644531
2023-06-15,46.44148254394531
2023-06-16,47.501155853271484
2023-06-19,47.8697395324707
2023-06-20,47.82366943359375
2023-06-21,48.69905090332031
2023-06-22,46.99435806274414
2023-06-23,47.13435745239258
2023-06-26,46.947689056396484
2023-06-27,47.461029052734375
2023-06-28,47.04102325439453
2023-06-30,48.20771026611328
2023-07-03,50.26109313964844
2023-07-04,53.24782180786133
2023-07-05,54.694522857666016
2023-07-06,55.0678596496582
2023-07-07,56.37455749511719
2023-07-10,56.56122589111328
2023-07-11,56.421226501464844
2023-07-12,57.30791091918945
2023-07-13,55.16119384765625
2023-07-14,56.654563903808594
2023-07-17,58.19459533691406
2023-07-18,57.49457931518555
2023-07-19,59.8746337890625
2023-07-20,59.59462356567383
2023-07-21,58.42793273925781
2023-07-24,57.96125793457031
2023-07-25,56.654563903808594
2023-07-26,58.941280364990234
2023-07-27,58.241268157958984
2023-07-28,57.821258544921875
2023-07-31,57.72792053222656
2023-08-01,57.2612419128418
2023-08-02,55.53453826904297
2023-08-03,55.48787307739258
2023-08-04,55.954551696777344
2023-08-07,56.37455749511719
2023-08-08,58.007930755615234
2023-08-09,57.447914123535156
2023-08-10,57.167911529541016
2023-08-11,58.381263732910156
2023-08-14,58.19459533691406
2023-08-16,57.58791732788086
2023-08-17,59.03461456298828
2023-08-18,58.61460494995117
2023-08-21,58.19459533691406
2023-08-22,58.287933349609375
2023-08-23,59.12794876098633
2023-08-24,58.66127014160156
2023-08-25,57.4012451171875
2023-08-28,58.33460235595703
2023-08-29,58.754608154296875
2023-08-30,59.22128677368164
2023-08-31,58.80127716064453
2023-09-01,61.04132843017578
2023-09-04,62.90803527832031
2023-09-05,62.86136245727539
2023-09-06,61.32133102416992
2023-09-07,62.16135025024414
2023-09-08,62.394683837890625
2023-09-11,64.54141235351562
2023-09-12,62.394683837890625
2023-09-13,67.71480560302734
2023-09-14,68.78816223144531
2023-09-15,69.20816802978516
2023-09-18,71.77488708496094
2023-09-20,71.35488891601562
2023-09-21,70.00151824951172
2023-09-22,72.33489990234375
2023-09-25,74.8549575805664
2023-09-26,74.06159973144531
2023-09-27,76.06832122802734
2023-09-28,74.34161376953125
2023-09-29,74.8549575805664
2023-10-03,77.65501403808594
2023-10-04,74.43494415283203
2023-10-05,71.96155548095703
2023-10-06,71.6348876953125
2023-10-09,68.46148681640625
2023-10-10,70.23485565185547
2023-10-11,70.98155212402344
2023-10-12,70.7015380859375
2023-10-13,70.18818664550781
2023-10-16,70.23485565185547
2023-10-17,70.74820709228516
2023-10-18,69.25483703613281
2023-10-19,69.06817626953125
2023-10-20,67.4347915649414
2023-10-23,65.0080795288086
2023-10-25,64.86807250976562
2023-10-26,65.19474792480469
2023-10-27,68.27481842041016
2023-10-30,68.27481842041016
2023-10-31,68.13481903076172
2023-11-01,68.0414810180664
2023-11-02,69.30149841308594
2023-11-03,69.76818084716797
2023-11-06,69.9081802368164
2023-11-07,71.07488250732422
2023-11-08,70.74820709228516
2023-11-09,70.93487548828125
2023-11-10,71.16822052001953
2023-11-13,73.8282699584961
2023-11-15,73.68826293945312
2023-11-16,74.2949447631836
2023-11-17,72.70824432373047
2023-11-20,73.1749267578125
2023-11-21,72.84825897216797
2023-11-22,71.26155090332031
2023-11-23,71.4482192993164
2023-11-24,70.8882064819336
2023-11-28,73.31492614746094
2023-11-29,73.87493133544922
2023-11-30,72.42823791503906
2023-12-01,75.32164001464844
2023-12-04,78.16836547851562
2023-12-05,79.33505249023438
2023-12-06,79.75505828857422
2023-12-07,81.01509857177734
2023-12-08,80.78175354003906
2023-12-11,82.55513000488281
2023-12-12,82.2751235961914
2023-12-13,82.83512878417969
2023-12-14,83.90848541259766
2023-12-15,85.16851806640625
2023-12-18,85.26184844970703
2023-12-19,85.30851745605469
2023-12-20,81.06175231933594
2023-12-21,83.86182403564453
2023-12-22,83.30181121826172
2023-12-26,82.60179901123047
2023-12-27,85.6818618774414
2023-12-28,89.1352767944336
2023-12-29,89.36861419677734
2024-01-01,91.281982421875
2024-01-02,90.53529357910156
2024-01-03,90.0219497680664
2024-01-04,90.90863800048828
2024-01-05,90.76863861083984
2024-01-08,88.66859436035156
2024-01-09,88.6219253540039
2024-01-10,88.10858154296875
2024-01-11,88.48192596435547
2024-01-12,91.18864440917969
2024-01-15,91.65532684326172
2024-01-16,91.70199584960938
2024-01-17,90.72196197509766
2024-01-18,91.9353256225586
2024-01-19,95.38874053955078
2024-01-23,92.16867065429688
2024-01-24,95.38874053955078
2024-01-25,97.53544616699219
2024-01-29,100.33551788330078
2024-01-30,101.96887969970703
2024-01-31,106.7756576538086
2024-02-01,110.9290771484375
2024-02-02,117.04254150390625
2024-02-05,113.54246520996094
2024-02-06,113.77581024169922
2024-02-07,115.64251708984375
2024-02-08,116.01586151123047
2024-02-09,115.64251708984375
2024-02-12,110.36906433105469
2024-02-13,113.96247863769531
2024-02-14,114.75582122802734
2024-02-15,120.26261901855469
2024-02-16,121.47595977783203
2024-02-19,119.88926696777344
2024-02-20,120.86929321289062
2024-02-21,119.79593658447266
2024-02-22,120.40261840820312
2024-02-23,119.42259216308594
2024-02-26,116.5291976928711
2024-02-27,115.17583465576172
2024-02-28,112.70244598388672
2024-02-29,113.72913360595703
2024-03-01,116.5291976928711
2024-03-04,117.64922332763672
2024-03-05,121.05595397949219
2024-03-06,121.66264343261719
2024-03-07,121.19597625732422
2024-03-11,120.30927276611328
2024-03-12,117.5558853149414
2024-03-13,110.88240814208984
2024-03-14,112.60911560058594
2024-03-15,109.90238952636719
2024-03-18,112.00243377685547
2024-03-19,108.78236389160156
2024-03-20,108.87570190429688
2024-03-21,112.98245239257812
2024-03-22,114.56915283203125
2024-03-26,115.68917846679688
2024-03-27,114.56915283203125
2024-03-28,116.10919189453125
2024-04-01,117.22920989990234
2024-04-02,118.25589752197266
2024-04-03,126.14274597167969
2024-04-04,126.09607696533203
2024-04-05,127.4494400024414
2024-04-08,124.04268646240234
2024-04-09,123.66934967041016
2024-04-10,127.21610260009766
2024-04-12,125.86273956298828
2024-04-15,123.99602508544922
2024-04-16,119.98260498046875
2024-04-18,120.91596221923828
2024-04-19,119.70259857177734
2024-04-22,124.2293701171875
2024-04-23,123.99602508544922
2024-04-24,124.13603210449219
2024-04-25,126.8427505493164
2024-04-26,127.35608673095703
2024-04-29,128.102783203125
2024-04-30,131.64952087402344
2024-05-02,128.84947204589844
2024-05-03,126.7494125366211
2024-05-06,118.62924194335938
2024-05-07,114.14915466308594
2024-05-08,116.48253631591797
2024-05-09,114.00914764404297
2024-05-10,115.64251708984375
2024-05-13,114.89582824707031
2024-05-14,117.36921691894531
2024-05-15,116.01586151123047
2024-05-16,116.8092041015625
2024-05-17,116.76252746582031
2024-05-21,117.97589874267578
2024-05-22,117.4625473022461
2024-05-23,118.20923614501953
2024-05-24,118.0225601196289
2024-05-27,120.91596221923828
2024-05-28,119.65592956542969
2024-05-29,119.51593017578125
2024-05-30,118.95591735839844
2024-05-31,120.82262420654297
2024-06-03,127.86943817138672
2024-06-04,107.66233825683594
2024-06-05,113.72913360595703
2024-06-06,115.64251708984375
2024-06-07,116.76252746582031
2024-06-10,116.98653411865234
2024-06-11,117.73322296142578
2024-06-12,118.98392486572266
2024-06-13,118.13456726074219
2024-06-14,120.34661865234375
2024-06-18,120.0572738647461
2024-06-19,119.73992919921875
2024-06-20,119.9266128540039
2024-06-21,118.80279541015625
2024-06-24,118.11339569091797
2024-06-25,117.22567749023438
2024-06-26,117.44288635253906
2024-06-27,112.56989288330078
2024-06-28,116.4040756225586
2024-07-01,115.64856719970703
2024-07-02,113.92035675048828
2024-07-03,114.87417602539062
2024-07-04,114.77030181884766
2024-07-05,115.96965789794922
2024-07-08,114.60974884033203
2024-07-09,115.58245849609375
2024-07-10,112.58878326416016
2024-07-11,112.75877380371094
2024-07-12,111.19110107421875
2024-07-15,114.20367431640625
2024-07-16,113.19319152832031
2024-07-18,112.22991180419922
2024-07-19,110.0295181274414
2024-07-22,111.5877456665039
2024-07-23,111.20054626464844
2024-07-24,110.06729888916016
2024-07-25,111.1722183227539
2024-07-26,113.2781753540039
2024-07-29,119.93605041503906
2024-07-30,118.52892303466797
2024-07-31,117.05569458007812
2024-08-01,116.1113052368164
2024-08-02,113.57093811035156
2024-08-05,107.60246276855469
2024-08-06,107.47969818115234
2024-08-07,109.48178100585938
2024-08-08,107.67801666259766
2024-08-09,108.85848236083984
2024-08-12,108.22575378417969
2024-08-13,107.94244384765625
2024-08-14,107.2530517578125
2024-08-16,106.75253295898438
2024-08-19,108.80182647705078
2024-08-20,110.82279205322266
2024-08-21,109.9350814819336
2024-08-22,110.83224487304688
2024-08-23,109.80286407470703
2024-08-26,109.69898986816406
2024-08-27,109.5101089477539
2024-08-28,108.3674087524414
2024-08-29,109.1040267944336
2024-08-30,110.086181640625
2024-09-02,110.0389633178711
2024-09-03,109.16068267822266
2024-09-04,106.65808868408203
2024-09-05,107.09249877929688
2024-09-06,103.8816146850586
2024-09-09,103.53219604492188
2024-09-10,103.49441528320312
2024-09-11,101.48289489746094
2024-09-12,102.67281341552734
2024-09-13,104.92987823486328
2024-09-16,104.64656066894531
2024-09-17,102.02118682861328
2024-09-18,102.70114135742188
2024-09-19,101.28457641601562
2024-09-20,102.38005065917969
2024-09-23,105.30762481689453
2024-09-24,101.83232116699219
2024-09-25,99.20694732666016
2024-09-26,101.32235717773438
2024-09-27,103.14500427246094
2024-09-30,101.2468032836914
2024-10-01,99.35803985595703
2024-10-03,99.21638488769531
2024-10-04,99.96244812011719
2024-10-07,96.3927001953125
2024-10-08,96.7893295288086
2024-10-09,98.30978393554688
2024-10-10,97.92259216308594
2024-10-11,99.0747299194336
2024-10-14,99.16917419433594
2024-10-15,99.14083862304688
2024-10-16,99.20694732666016
2024-10-17,96.76100158691406
2024-10-18,97.52594757080078
2024-10-21,96.6004638671875
2024-10-22,89.6687240600586
2024-10-23,91.30249786376953
2024-10-24,93.25736236572266
2024-10-25,90.3958969116211
2024-10-28,93.15347290039062
2024-10-29,95.69385528564453
2024-10-30,94.40005493164062
2024-10-31,92.45464324951172
2024-11-01,95.36332702636719
2024-11-04,97.88481903076172
2024-11-05,98.88585662841797
2024-11-06,101.02960205078125
2024-11-07,100.77461242675781
2024-11-08,98.96141052246094
2024-11-11,99.29193115234375
2024-11-12,97.96037292480469
2024-11-13,94.96668243408203
2024-11-14,93.9561996459961
2024-11-18,94.93834686279297
2024-11-19,95.25
2024-11-21,91.00973510742188
2024-11-22,94.2678451538086
2024-11-25,98.31922912597656
2024-11-26,99.26361083984375
2024-11-27,98.57420349121094
2024-11-28,100.37796783447266
2024-11-29,99.0652847290039
2024-12-02,99.15972137451172
2024-12-03,101.96453094482422
2024-12-04,103.89106750488281
2024-12-05,103.01278686523438
2024-12-06,103.9760513305664
2024-12-09,102.72002410888672
2024-12-10,104.32547760009766
2024-12-11,102.54060363769531
2024-12-12,101.8228759765625
2024-12-13,101.73787689208984
2024-12-16,102.162841796875
2024-12-17,100.09465789794922
2024-12-18,97.2992935180664
2024-12-19,97.76203918457031
2024-12-20,95.16500091552734
2024-12-23,95.74107360839844
2024-12-24,95.98661041259766
2024-12-26,96.47769165039062
2024-12-27,95.79773712158203
2024-12-30,96.09994506835938
2024-12-31,97.06320190429688
2025-01-01,96.94988250732422
2025-01-02,99.61302947998047
2025-01-03,100.48185729980469
2025-01-06,96.08104705810547
2025-01-07,97.37484741210938
2025-01-08,96.29825592041016
2025-01-09,96.35491943359375
2025-01-10,93.15347290039062
2025-01-13,90.11257934570312
2025-01-14,92.93627166748047
2025-01-15,92.78517150878906
2025-01-16,94.64559173583984
2025-01-17,94.56060028076172
2025-01-20,95.38221740722656
2025-01-21,94.74003601074219
2025-01-22,92.73795318603516
2025-01-23,93.8995361328125
2025-01-24,92.19021606445312
2025-01-27,90.19757843017578
2025-01-28,94.23006439208984
2025-01-29,92.33186340332031
2025-01-30,91.1513900756836
2025-01-31,95.57108306884766
2025-02-01,93.82398986816406
2025-02-03,92.85127258300781
2025-02-04,93.54067993164062
2025-02-05,94.6833724975586
2025-02-06,94.17340850830078
2025-02-07,93.7484359741211
2025-02-10,92.84182739257812
2025-02-11,89.9237060546875
2025-02-12,90.34867095947266
2025-02-13,89.37596893310547
2025-02-14,87.118896484375
2025-02-17,87.9971694946289
2025-02-18,86.75059509277344
2025-02-19,87.6949691772461
2025-02-20,90.32978820800781
2025-02-21,89.00765228271484
2025-02-24,88.76211547851562
2025-02-25,87.94051361083984
2025-02-27,86.84502410888672
2025-02-28,82.52922058105469
2025-03-03,82.4347915649414
2025-03-04,82.24590301513672
2025-03-05,84.7485122680664
2025-03-06,85.9289779663086
2025-03-07,86.09896850585938
2025-03-10,83.67192077636719
2025-03-11,83.26583099365234
2025-03-12,82.06647491455078
2025-03-13,82.34978485107422
2025-03-17,82.60477447509766
2025-03-18,82.60477447509766
2025-03-19,85.95731353759766
2025-03-20,86.22174835205078
2025-03-21,87.95939636230469
2025-03-24,90.5942153930664
2025-03-25,88.59213256835938
2025-03-26,87.6949691772461
2025-03-27,91.04751586914062
2025-03-28,90.7830810546875
2025-04-01,90.88697052001953
2025-04-02,91.92578125
2025-04-03,93.49345397949219
2025-04-04,91.23639678955078
2025-04-07,89.64038848876953
2025-04-08,91.51970672607422
2025-04-09,90.43367004394531
2025-04-11,90.73587036132812
2025-04-15,91.21749877929688
2025-04-16,93.3329086303711
2025-04-17,93.96564483642578
2025-04-21,96.60990905761719
2025-04-22,97.62982940673828
2025-04-23,97.28041076660156
2025-04-24,96.9876480102539
2025-04-25,93.76732635498047
2025-04-28,96.48712921142578
2025-04-29,96.92154693603516
2025-04-30,94.63614654541016
2025-05-02,93.96564483642578
2025-05-05,93.87120056152344
2025-05-06,89.21541595458984
2025-05-07,89.00765228271484
2025-05-08,86.27840423583984
2025-05-09,86.8544692993164
2025-05-12,90.45256042480469
2025-05-13,92.24687957763672
2025-05-14,92.43574523925781
2025-05-15,92.85127258300781
2025-05-16,93.40846252441406
2025-05-19,95.2972183227539
2025-05-20,94.90057373046875
2025-05-21,96.23214721679688
2025-05-22,94.7872543334961
2025-05-23,94.79669189453125
2025-05-26,95.34443664550781
2025-05-27,96.34547424316406
2025-05-28,96.6004638671875
2025-05-29,96.61934661865234
2025-05-30,99.93411254882812
2025-06-02,102.4272689819336
2025-06-03,103.35276794433594
2025-06-04,103.44719696044922
2025-06-05,102.95612335205078
2025-06-06,104.05160522460938
2025-06-09,105.95924377441406
2025-06-10,105.55316162109375
2025-06-11,104.16493225097656
2025-06-12,102.0117416381836
2025-06-13,100.68017578125
2025-06-16,100.85015869140625
2025-06-17,99.99077606201172
2025-06-18,99.61302947998047
2025-06-19,97.25208282470703
2025-06-20,100.1284408569336
2025-06-23,100.97386169433594
2025-06-24,102.24684143066406
2025-06-25,102.94649505615234
2025-06-26,103.24773406982422
2025-06-27,103.33518981933594
2025-06-30,107.37764739990234
2025-07-01,109.8750228881836
2025-07-02,110.63298797607422
2025-07-03,107.11528015136719
2025-07-04,107.71775817871094
2025-07-07,109.33085632324219
2025-07-08,108.84497833251953
2025-07-09,107.86351776123047
2025-07-10,106.65856170654297
2025-07-11,107.09584045410156
2025-07-14,107.5914306640625
2025-07-15,109.0684814453125
2025-07-16,111.72134399414062
2025-07-17,110.5746841430664
2025-07-18,110.14710998535156
2025-07-21,109.41830444335938
2025-07-22,106.24070739746094
2025-07-23,106.81403350830078
2025-07-24,107.54283905029297
2025-07-25,105.3467025756836
2025-07-28,103.77247619628906
2025-07-29,106.20183563232422
2025-07-30,105.04546356201172
2025-07-31,102.4023208618164
2025-08-01,100.26448822021484
2025-08-04,101.70266723632812
2025-08-05,100.73092651367188
2025-08-06,100.8961181640625
2025-08-07,101.73181915283203
2025-08-08,101.01272583007812
2025-08-11,103.529541015625
2025-08-12,103.63643646240234
2025-08-13,103.62671661376953
2025-08-14,103.27688598632812
2025-08-18,103.75303649902344
2025-08-19,104.85111236572266
2025-08-20,104.08343505859375
2025-08-21,104.13202667236328
2025-08-22,102.31486511230469
2025-08-25,102.24684143066406
2025-08-26,99.8660659790039
2025-08-28,98.58336639404297
2025-08-29,98.02947235107422
2025-09-01,99.3996353149414
2025-09-02,99.95352935791016
2025-09-03,101.35283660888672
2025-09-04,100.4977035522461
2025-09-05,100.81837463378906
2025-09-08,101.265380859375
2025-09-09,101.33340454101562
2025-09-10,103.25745391845703
2025-09-11,104.71507263183594
2025-09-12,104.27777862548828
2025-09-15,105.44387817382812
2025-09-16,105.3758544921875
2025-09-17,108.80610656738281
2025-09-18,108.69921875
2025-09-19,110.0985336303711
2025-09-22,109.84587860107422
2025-09-23,110.224853515625
2025-09-24,107.87323760986328
2025-09-25,108.2522201538086
2025-09-26,104.74422454833984
2025-09-29,106.41561889648438
2025-09-30,109.64180755615234
2025-10-01,109.36972045898438
2025-10-03,111.13829803466797
2025-10-06,111.3034896850586
2025-10-07,110.94393920898438
2025-10-08,109.94304656982422
2025-10-09,111.07027435302734
2025-10-10,113.92719268798828
2025-10-13,113.6453857421875
2025-10-14,112.01285552978516
2025-10-15,113.11093139648438
2025-10-16,112.8291244506836
2025-10-17,110.48722076416016
2025-10-20,114.76289367675781
2025-10-21,114.34504699707031
2025-10-23,114.87950897216797
2025-10-24,113.63567352294922
2025-10-27,116.24966430664062
2025-10-28,117.707275390625
2025-10-29,117.6781234741211
2025-10-30,116.69666290283203
2025-10-31,119.41754913330078
2025-11-03,120.02973937988281
2025-11-04,119.76737213134766
2025-11-06,117.05621337890625
2025-11-07,118.92195892333984
2025-11-10,118.88308715820312
2025-11-11,118.57212829589844
2025-11-12,118.98997497558594
2025-11-13,117.64897155761719
2025-11-14,118.75675964355469
2025-11-17,119.5244369506836
2025-11-18,118.92195892333984
2025-11-19,121.52622985839844
2025-11-20,120.36013793945312
2025-11-21,118.91224670410156
2025-11-24,118.30976104736328
2025-11-25,119.57302856445312
2025-11-26,121.45820617675781
2025-11-27,121.39990234375
2025-11-28,120.9820556640625
2025-12-01,121.75945281982422
2025-12-02,121.80803680419922
2025-12-03,116.41486358642578
2025-12-04,116.1524887084961
2025-12-05,118.27088928222656
2025-12-08,112.72223663330078
2025-12-09,114.50052642822266
2025-12-10,113.8494644165039
2025-12-11,114.24787139892578
2025-12-12,114.48108673095703
2025-12-15,115.38481140136719
2025-12-16,113.72312927246094
2025-12-17,115.95814514160156
2025-12-18,115.54029083251953
2025-12-19,116.43429565429688
2025-12-22,117.88218688964844
2025-12-23,117.48377990722656
2025-12-24,117.51293182373047
2025-12-26,116.96875762939453
2025-12-29,117.13394927978516
2025-12-30,118.92195892333984
2025-12-31,120.08805084228516
2026-01-01,120.43788146972656
2026-01-02,121.80803680419922
2026-01-05,121.54566955566406
2026-01-06,121.92464447021484
2026-01-07,122.12870788574219
2026-01-08,119.33980560302734
2026-01-09,119.4272689819336
2026-01-12,119.67992401123047
2026-01-13,121.0014877319336
2026-01-14,125.04393768310547
2026-01-15,125.04393768310547
2026-01-16,128.61996459960938
2026-01-19,124.43174743652344
2026-01-20,122.2161636352539
2026-01-21,120.48646545410156
2026-01-22,121.62340545654297
2026-01-23,116.75497436523438
2026-01-27,119.47584533691406
2026-01-28,120.9820556640625
2026-01-29,121.71086120605469
2026-01-30,121.65255737304688
2026-02-02,118.57212829589844
2026-02-03,120.36013793945312
2026-02-04,120.15607452392578
2026-02-05,120.59335327148438
2026-02-06,119.37867736816406
2026-02-09,119.95201110839844
2026-02-10,119.48556518554688
2026-02-11,119.4369888305664
2026-02-12,117.54208374023438
2026-02-13,115.40425109863281
2026-02-16,117.16310119628906
2026-02-17,121.29301452636719
2026-02-18,124.54834747314453
2026-02-19,122.5368423461914
2026-02-20,125.92822265625
2026-02-23,126.58901977539062
2026-02-24,127.3275375366211
2026-02-25,126.85137939453125
2026-02-26,126.79307556152344
2026-02-27,125.782470703125
2026-03-02,122.4882583618164
2026-03-04,117.94049835205078
2026-03-05,118.74703979492188
2026-03-06,115.93870544433594
2026-03-09,111.81851196289062
2026-03-10,114.20899963378906
2026-03-11,112.5667495727539
2026-03-12,113.31500244140625
2026-03-13,108.54373168945312
2026-03-16,107.83436584472656
2026-03-17,108.83525848388672
2026-03-18,109.92361450195312
2026-03-19,106.39618682861328
2026-03-20,108.3785400390625
2026-03-23,102.56752014160156
2026-03-24,104.22920227050781
2026-03-25,106.95979309082031
2026-03-27,102.15937805175781
2026-03-30,97.71851348876953
2026-04-01,101.06131744384766
2026-04-02,101.52775573730469
2026-04-06,103.49066925048828
2026-04-07,101.62492370605469
2026-04-08,107.99956512451172
2026-04-09,106.49335479736328
2026-04-10,108.64091491699219
2026-04-13,107.60115051269531
2026-04-15,109.8847427368164
2026-04-16,110.35118103027344
2026-04-17,111.24518585205078
2026-04-20,110.52609252929688
2026-04-21,110.8856430053711
2026-04-22,111.42981719970703
2026-04-23,109.52519989013672
2026-04-24,109.89445495605469
2026-04-27,110.66213989257812
2026-04-28,108.24250030517578
2026-04-29,108.0384292602539
2026-04-30,106.26985931396484
2026-05-01,106.26985931396484
2026-05-04,105.60906982421875
2026-05-05,104.84139251708984
2026-05-06,107.06668853759766
2026-05-07,106.02692413330078
2026-05-08,104.20976257324219
2026-05-11,101.6637954711914
2026-05-12,99.87578582763672
2026-05-13,99.8660659790039
2026-05-14,101.6637954711914
2026-05-15,99.16641998291016
2026-05-18,96.67874908447266
2026-05-19,98.43760681152344
2026-05-20,99.33161163330078
2026-05-21,99.04008483886719
2026-05-22,99.7591781616211
2026-05-25,103.25745391845703
2026-05-26,102.91735076904297
2026-05-27,103.65586853027344
2026-05-28,103.65586853027344
2026-05-29,103.05339050292969
2026-06-01,100.84752655029297
2026-06-02,101.14876556396484
2026-06-03,102.81045532226562
2026-06-04,102.68412017822266
2026-06-05,103.83078002929688
2026-06-08,102.72299194335938
2026-06-09,106.55166625976562
2026-06-10,104.14173889160156
2026-06-11,103.16999816894531
2026-06-12,106.87999725341797
2026-06-15,107.95999908447266
2026-06-16,107.97000122070312
2026-06-17,108.87000274658203
2026-06-18,109.58000183105469
2026-06-19,108.7699966430664
2026-06-22,109.80000305175781
2026-06-23,107.43000030517578
2026-06-24,107.70999908447266
2026-06-25,107.87000274658203
2026-06-26,107.87000274658203
2026-06-29,106.95999908447266
2026-06-30,106.69000244140625
2026-07-01,107.54000091552734
2026-07-02,106.91000366210938
2026-07-03,105.3499984741211
2026-07-06,104.29000091552734
2026-07-07,103.79000091552734
2026-07-08,100.94999694824219
2026-07-09,103.44000244140625
2026-07-10,105.41000366210938
2026-07-13,106.33999633789062
2026-07-14,105.0
2026-07-15,105.70999908447266
2026-07-16,105.22000122070312
2026-07-17,105.7699966430664
2026-07-20,111.76000213623047
2026-07-21,112.08000183105469
2026-07-22,110.7300033569336
2026-07-23,110.1500015258789
2026-07-24,110.37999725341797
2026-07-27,111.62000274658203
2026-07-28,111.6500015258789
2026-07-29,111.08000183105469
2026-07-30,111.63999938964844
2026-07-31,112.70999908447266
2026-08-03,113.0
2026-08-04,113.98999786376953
2026-08-05,113.55000305175781
2026-08-06,114.30000305175781
2026-08-07,114.80999755859375
2026-08-10,113.5
2026-08-11,114.02999877929688
2026-08-12,118.9800033569336
2026-08-13,117.58999633789062
2026-08-14,118.0
2026-08-17,117.31999969482422
2026-08-18,116.5
2026-08-19,117.4800033569336
2026-08-20,118.0
2026-08-21,116.55000305175781
2026-08-24,115.86000061035156
2026-08-25,115.93000030517578
2026-08-26,116.69999694824219
2026-08-27,115.4000015258789
2026-08-28,115.4000015258789
2026-08-31,114.2300033569336
2026-09-01,115.22000122070312
2026-09-02,117.0
2026-09-03,116.31999969482422
2026-09-04,117.0
2026-09-07,115.5999984741211
2026-09-08,116.0
2026-09-09,115.61000061035156
2026-09-10,116.8499984741211
2026-09-11,116.75
2026-09-14,116.75
2026-09-15,114.69999694824219
2026-09-16,116.80000305175781
2026-09-17,116.47000122070312
2026-09-18,117.2699966430664
2026-09-21,118.0999984741211
