Date,RELAXO
2011-06-17,13.52125072479248
2011-06-20,12.507929801940918
2011-06-21,12.279040336608887
2011-06-22,11.685355186462402
2011-06-23,11.921398162841797
2011-06-24,12.290962219238281
2011-06-27,12.932332992553711
2011-06-28,13.111153602600098
2011-06-29,13.230368614196777
2011-06-30,14.293757438659668
2011-07-01,13.869356155395508
2011-07-04,13.948036193847656
2011-07-05,13.218446731567383
2011-07-06,13.495023727416992
2011-07-07,14.165005683898926
2011-07-08,13.721529006958008
2011-07-11,13.161225318908691
2011-07-12,13.113536834716797
2011-07-13,14.107784271240234
2011-07-14,14.305680274963379
2011-07-15,14.303293228149414
2011-07-18,14.958969116210938
2011-07-19,15.545500755310059
2011-07-20,15.307074546813965
2011-07-21,14.622787475585938
2011-07-22,14.317599296569824
2011-07-25,14.305680274963379
2011-07-26,13.824055671691895
2011-07-27,14.305680274963379
2011-07-28,14.305680274963379
2011-07-29,14.305680274963379
2011-08-01,14.16262149810791
2011-08-02,14.222228050231934
2011-08-03,14.308061599731445
2011-08-04,15.106796264648438
2011-08-05,14.54172134399414
2011-08-08,13.609467506408691
2011-08-09,14.00525951385498
2011-08-10,14.191232681274414
2011-08-11,14.067249298095703
2011-08-12,13.638078689575195
2011-08-16,13.626158714294434
2011-08-17,13.170761108398438
2011-08-18,12.684370040893555
2011-08-19,12.588996887207031
2011-08-22,13.351964950561523
2011-08-23,12.608072280883789
2011-08-24,13.27566909790039
2011-08-25,13.328124046325684
2011-08-26,13.621392250061035
2011-08-29,13.804980278015137
2011-08-30,15.257007598876953
2011-09-02,15.02096176147461
2011-09-05,15.340456008911133
2011-09-06,16.527828216552734
2011-09-07,17.469619750976562
2011-09-08,16.84493637084961
2011-09-09,16.854480743408203
2011-09-12,17.119876861572266
2011-09-13,17.385286331176758
2011-09-14,17.57657241821289
2011-09-15,17.36615753173828
2011-09-16,17.468969345092773
2011-09-19,19.484622955322266
2011-09-20,19.604175567626953
2011-09-21,19.883928298950195
2011-09-22,19.494184494018555
2011-09-23,19.08770751953125
2011-09-26,18.841434478759766
2011-09-27,19.955659866333008
2011-09-28,20.18758773803711
2011-09-29,20.65144920349121
2011-09-30,21.038799285888672
2011-10-03,20.26171112060547
2011-10-04,21.194215774536133
2011-10-05,20.634716033935547
2011-10-07,20.472124099731445
2011-10-10,20.390823364257812
2011-10-11,20.8116512298584
2011-10-12,20.395612716674805
2011-10-13,20.799697875976562
2011-10-14,20.354961395263672
2011-10-17,21.37115478515625
2011-10-18,21.607873916625977
2011-10-19,22.112380981445312
2011-10-20,21.277902603149414
2011-10-21,21.04119300842285
2011-10-24,20.792526245117188
2011-10-25,20.134986877441406
2011-10-28,20.479293823242188
2011-10-31,20.763832092285156
2011-11-01,20.543855667114258
2011-11-02,20.7542667388916
2011-11-03,20.37887954711914
2011-11-04,19.86479949951172
2011-11-08,17.99739646911621
2011-11-09,17.002717971801758
2011-11-11,16.636886596679688
2011-11-14,15.673298835754395
2011-11-15,14.422780990600586
2011-11-16,14.35583209991455
2011-11-17,14.91772747039795
2011-11-18,14.181285858154297
2011-11-21,13.566787719726562
2011-11-22,14.437127113342285
2011-11-23,13.891969680786133
2011-11-24,14.4514741897583
2011-11-25,14.38691520690918
2011-11-28,14.38691520690918
2011-11-29,14.195632934570312
2011-11-30,14.394086837768555
2011-12-01,14.346268653869629
2011-12-02,14.585372924804688
2011-12-05,14.154984474182129
2011-12-07,14.382135391235352
2011-12-08,14.018694877624512
2011-12-09,13.693513870239258
2011-12-12,13.868060111999512
2011-12-13,13.987610816955566
2011-12-14,13.485490798950195
2011-12-15,12.992935180664062
2011-12-16,12.837515830993652
2011-12-19,12.665362358093262
2011-12-20,12.801652908325195
2011-12-21,12.713184356689453
2011-12-22,12.433431625366211
2011-12-23,12.069993019104004
2011-12-26,12.610367774963379
2011-12-27,12.34018325805664
2011-12-28,11.70655345916748
2011-12-29,11.536791801452637
2011-12-30,11.534399032592773
2012-01-02,11.257039070129395
2012-01-03,11.357462882995605
2012-01-04,12.122596740722656
2012-01-05,12.194328308105469
2012-01-06,12.576892852783203
2012-01-09,12.091511726379395
2012-01-10,12.596020698547363
2012-01-11,13.17465591430664
2012-01-12,14.059341430664062
2012-01-13,13.889577865600586
2012-01-16,13.868060111999512
2012-01-17,13.406586647033691
2012-01-18,13.628952026367188
2012-01-19,13.547659873962402
2012-01-20,13.425716400146484
2012-01-23,13.442452430725098
2012-01-24,13.14596176147461
2012-01-25,13.148355484008789
2012-01-27,13.569178581237793
2012-01-30,13.162700653076172
2012-01-31,13.875228881835938
2012-02-01,16.502986907958984
2012-02-02,16.25432014465332
2012-02-03,15.589609146118164
2012-02-06,15.328986167907715
2012-02-07,15.065970420837402
2012-02-08,15.281164169311523
2012-02-09,14.967941284179688
2012-02-10,15.17117977142334
2012-02-13,15.410280227661133
2012-02-14,15.783287048339844
2012-02-15,17.292036056518555
2012-02-16,16.641674041748047
2012-02-17,16.4766902923584
2012-02-21,15.912402153015137
2012-02-22,15.276382446289062
2012-02-23,15.797632217407227
2012-02-24,15.541790962219238
2012-02-27,15.733072280883789
2012-02-28,15.606348991394043
2012-02-29,15.309859275817871
2012-03-01,15.522663116455078
2012-03-02,15.40071964263916
2012-03-05,14.65949535369873
2012-03-06,14.305621147155762
2012-03-07,13.777198791503906
2012-03-09,14.35105037689209
2012-03-12,13.889577865600586
2012-03-13,14.171719551086426
2012-03-14,14.202803611755371
2012-03-15,14.339094161987305
2012-03-16,14.296056747436523
2012-03-19,14.530377388000488
2012-03-20,14.35105037689209
2012-03-21,14.582978248596191
2012-03-22,14.585372924804688
2012-03-23,14.774264335632324
2012-03-26,14.606891632080078
2012-03-27,14.147811889648438
2012-03-28,14.276927947998047
2012-03-29,14.415608406066895
2012-03-30,14.367788314819336
2012-04-02,15.061190605163574
2012-04-03,15.62547492980957
2012-04-04,15.273992538452148
2012-04-09,14.963153839111328
2012-04-10,15.26681900024414
2012-04-11,16.14194679260254
2012-04-12,16.036733627319336
2012-04-13,16.194547653198242
2012-04-16,15.81197738647461
2012-04-17,15.40071964263916
2012-04-18,15.8597993850708
2012-04-19,15.874147415161133
2012-04-20,15.790459632873535
2012-04-23,15.53222942352295
2012-04-24,15.348116874694824
2012-04-25,14.991849899291992
2012-04-26,14.819695472717285
2012-04-27,15.006194114685059
2012-04-30,15.025323867797852
2012-05-02,16.16585350036621
2012-05-03,15.75220012664795
2012-05-04,14.967941284179688
2012-05-07,15.725902557373047
2012-05-08,15.317030906677246
2012-05-09,15.422235488891602
2012-05-10,16.151506423950195
2012-05-11,15.924356460571289
2012-05-14,17.633953094482422
2012-05-15,17.378108978271484
2012-05-16,17.421152114868164
2012-05-17,18.41582489013672
2012-05-18,19.281381607055664
2012-05-21,19.448753356933594
2012-05-22,19.819366455078125
2012-05-23,20.54863739013672
2012-05-24,20.134986877441406
2012-05-25,20.099119186401367
2012-05-28,20.134986877441406
2012-05-29,21.43571662902832
2012-05-30,20.546245574951172
2012-05-31,20.522336959838867
2012-06-01,21.5074462890625
2012-06-04,22.148244857788086
2012-06-05,21.79676055908203
2012-06-06,21.775243759155273
2012-06-07,21.622217178344727
2012-06-08,21.51940155029297
2012-06-11,21.51940155029297
2012-06-12,22.179330825805664
2012-06-13,23.1763973236084
2012-06-14,23.327028274536133
2012-06-15,23.83393669128418
2012-06-18,22.798608779907227
2012-06-19,22.62645721435547
2012-06-20,22.17694091796875
2012-06-21,22.002391815185547
2012-06-22,23.16443634033203
2012-06-25,24.70427131652832
2012-06-26,24.6779727935791
2012-06-27,24.8692569732666
2012-06-28,24.18302345275879
2012-06-29,24.4221248626709
2012-07-02,24.355182647705078
2012-07-03,24.8692569732666
2012-07-04,25.440717697143555
2012-07-05,25.557876586914062
2012-07-06,25.249427795410156
2012-07-09,25.584178924560547
2012-07-10,25.75872230529785
2012-07-11,25.83045196533203
2012-07-12,25.577001571655273
2012-07-13,25.631996154785156
2012-07-16,25.357030868530273
2012-07-17,24.797523498535156
2012-07-18,25.715682983398438
2012-07-19,25.20161247253418
2012-07-20,25.517227172851562
2012-07-23,25.105968475341797
2012-07-24,25.03424072265625
2012-07-25,25.316383361816406
2012-07-26,24.627761840820312
2012-07-27,24.441259384155273
2012-07-30,25.18965721130371
2012-07-31,25.95000648498535
2012-08-01,26.148462295532227
2012-08-02,25.99782943725586
2012-08-03,25.775463104248047
2012-08-06,25.431150436401367
2012-08-07,23.88892936706543
2012-08-08,26.09825325012207
2012-08-09,26.311054229736328
2012-08-10,26.71514129638672
2012-08-13,27.100099563598633
2012-08-14,28.23345375061035
2012-08-16,28.82404136657715
2012-08-17,29.09901237487793
2012-08-21,28.066085815429688
2012-08-22,27.75763511657715
2012-08-23,27.783939361572266
2012-08-24,29.161182403564453
2012-08-27,28.2071475982666
2012-08-28,26.717531204223633
2012-08-29,27.877185821533203
2012-08-30,28.40799903869629
2012-08-31,30.229976654052734
2012-09-03,30.44755744934082
2012-09-04,30.562328338623047
2012-09-05,30.117599487304688
2012-09-06,30.75361442565918
2012-09-07,31.15864372253418
2012-09-10,32.00465393066406
2012-09-11,32.869842529296875
2012-09-12,34.49955368041992
2012-09-13,35.20177459716797
2012-09-14,34.2862548828125
2012-09-17,34.2071647644043
2012-09-18,33.80692672729492
2012-09-20,33.06157684326172
2012-09-21,34.73202896118164
2012-09-24,34.38930892944336
2012-09-25,34.20476531982422
2012-09-26,34.442039489746094
2012-09-27,34.506752014160156
2012-09-28,34.81111526489258
2012-10-01,34.561866760253906
2012-10-03,34.875831604003906
2012-10-04,34.844661712646484
2012-10-05,34.470794677734375
2012-10-08,34.69607925415039
2012-10-09,34.30063247680664
2012-10-10,34.063358306884766
2012-10-11,35.3839111328125
2012-10-12,35.07954406738281
2012-10-15,35.091522216796875
2012-10-16,35.17061233520508
2012-10-17,35.04598617553711
2012-10-18,34.86384201049805
2012-10-19,34.54030227661133
2012-10-22,34.65532684326172
2012-10-23,35.1826057434082
2012-10-25,35.28325653076172
2012-10-29,37.569644927978516
2012-10-30,39.27364730834961
2012-10-31,39.218528747558594
2012-11-01,40.534278869628906
2012-11-02,41.98664474487305
2012-11-05,42.76554489135742
2012-11-06,38.57862854003906
2012-11-07,39.1682014465332
2012-11-08,36.471981048583984
2012-11-09,35.695472717285156
2012-11-12,36.79552459716797
2012-11-15,39.77455139160156
2012-11-16,39.544471740722656
2012-11-19,39.36711502075195
2012-11-20,38.91655349731445
2012-11-21,38.08012008666992
2012-11-22,38.1735954284668
2012-11-23,38.25508117675781
2012-11-26,38.36293411254883
2012-11-27,38.993247985839844
2012-11-29,38.42525100708008
2012-11-30,38.88059997558594
2012-12-03,37.68468475341797
2012-12-04,37.29163360595703
2012-12-05,37.711055755615234
2012-12-06,38.30541229248047
2012-12-07,38.118473052978516
2012-12-10,37.298828125
2012-12-11,37.298828125
2012-12-12,37.102298736572266
2012-12-13,36.922550201416016
2012-12-14,36.52231979370117
2012-12-17,37.26767349243164
2012-12-18,37.23651123046875
2012-12-19,36.96089553833008
2012-12-20,36.88420104980469
2012-12-21,36.20595932006836
2012-12-24,36.08852767944336
2012-12-26,36.723636627197266
2012-12-27,36.71643829345703
2012-12-28,37.95310592651367
2012-12-31,38.501930236816406
2013-01-01,38.53548049926758
2013-01-02,38.736812591552734
2013-01-03,38.70325469970703
2013-01-04,38.73440933227539
2013-01-07,40.67329025268555
2013-01-08,40.76914978027344
2013-01-09,40.62774658203125
2013-01-10,40.601383209228516
2013-01-11,40.75237274169922
2013-01-14,41.682281494140625
2013-01-15,43.09627914428711
2013-01-16,42.00102233886719
2013-01-17,41.682281494140625
2013-01-18,42.056148529052734
2013-01-21,41.737388610839844
2013-01-22,41.361114501953125
2013-01-23,41.50731658935547
2013-01-24,39.37430953979492
2013-01-25,38.96208190917969
2013-01-28,39.22092056274414
2013-01-29,39.22572708129883
2013-01-30,38.77275085449219
2013-01-31,39.40066909790039
2013-02-01,39.20894241333008
2013-02-04,36.241905212402344
2013-02-05,35.261688232421875
2013-02-06,35.88480758666992
2013-02-07,34.964500427246094
2013-02-08,34.66012954711914
2013-02-11,34.952518463134766
2013-02-12,33.854854583740234
2013-02-13,32.711666107177734
2013-02-14,31.24492835998535
2013-02-15,32.771575927734375
2013-02-18,32.44804382324219
2013-02-19,32.51993942260742
2013-02-20,32.51274490356445
2013-02-21,31.70987319946289
2013-02-22,31.77219009399414
2013-02-25,29.15745735168457
2013-02-26,29.82851219177246
2013-02-27,30.02743148803711
2013-02-28,31.2017879486084
2013-03-01,30.444448471069336
2013-03-04,29.135887145996094
2013-03-05,29.548107147216797
2013-03-06,30.310239791870117
2013-03-07,30.9213809967041
2013-03-08,32.28506088256836
2013-03-11,31.12508773803711
2013-03-12,31.805744171142578
2013-03-13,31.791362762451172
2013-03-14,31.220956802368164
2013-03-15,30.434860229492188
2013-03-18,31.173025131225586
2013-03-19,30.264705657958984
2013-03-20,29.380340576171875
2013-03-21,27.640384674072266
2013-03-22,26.68892478942871
2013-03-25,27.853687286376953
2013-03-26,28.088558197021484
2013-03-28,28.215579986572266
2013-04-01,27.76740837097168
2013-04-02,26.880653381347656
2013-04-03,26.343809127807617
2013-04-04,26.521162033081055
2013-04-05,25.69432258605957
2013-04-08,26.51636505126953
2013-04-09,25.67993927001953
2013-04-10,25.643991470336914
2013-04-11,26.2551326751709
2013-04-12,26.564298629760742
2013-04-15,26.605039596557617
2013-04-16,27.122713088989258
2013-04-17,27.197010040283203
2013-04-18,27.03883171081543
2013-04-22,27.098745346069336
2013-04-23,27.08197021484375
2013-04-25,27.302461624145508
2013-04-26,27.434274673461914
2013-04-29,28.69729995727539
2013-04-30,28.40730857849121
2013-05-02,29.186220169067383
2013-05-03,28.275493621826172
2013-05-06,28.43606948852539
2013-05-07,28.227561950683594
2013-05-08,27.944759368896484
2013-05-09,27.09156036376953
2013-05-10,28.066987991333008
2013-05-13,29.1958065032959
2013-05-14,29.23894500732422
2013-05-15,29.229352951049805
2013-05-16,29.768596649169922
2013-05-17,29.874053955078125
2013-05-20,29.509765625
2013-05-21,29.102333068847656
2013-05-22,29.914794921875
2013-05-23,30.5546932220459
2013-05-24,30.14966583251953
2013-05-27,30.770389556884766
2013-05-28,30.94295310974121
2013-05-29,31.00046730041504
2013-05-30,31.16823387145996
2013-05-31,31.156251907348633
2013-06-03,31.556486129760742
2013-06-04,32.383323669433594
2013-06-05,32.45522689819336
2013-06-06,33.09272766113281
2013-06-07,32.82670593261719
2013-06-10,32.649356842041016
2013-06-11,31.43425750732422
2013-06-12,32.09093475341797
2013-06-13,31.875234603881836
2013-06-14,33.32040786743164
2013-06-17,34.39650344848633
2013-06-18,34.75599670410156
2013-06-19,35.062767028808594
2013-06-20,35.558868408203125
2013-06-21,36.15562057495117
2013-06-24,35.980674743652344
2013-06-25,36.6780891418457
2013-06-26,37.67749786376953
2013-06-27,38.22152328491211
2013-06-28,38.355735778808594
2013-07-01,38.166404724121094
2013-07-02,38.499542236328125
2013-07-03,38.56424331665039
2013-07-04,38.0106315612793
2013-07-05,37.025611877441406
2013-07-08,36.143638610839844
2013-07-09,35.45820999145508
2013-07-10,35.45820999145508
2013-07-11,35.40787887573242
2013-07-12,35.537296295166016
2013-07-15,36.364131927490234
2013-07-16,35.316810607910156
2013-07-17,35.05796813964844
2013-07-18,35.07954406738281
2013-07-19,34.545082092285156
2013-07-22,34.64335632324219
2013-07-23,33.965110778808594
2013-07-24,34.25031280517578
2013-07-25,33.05917739868164
2013-07-26,33.58404541015625
2013-07-29,37.84764862060547
2013-07-30,37.19816970825195
2013-07-31,37.84046936035156
2013-08-01,36.24430465698242
2013-08-02,35.83927917480469
2013-08-05,34.89739227294922
2013-08-06,35.07475280761719
2013-08-07,34.76078796386719
2013-08-08,34.77037048339844
2013-08-12,34.542694091796875
2013-08-13,35.724239349365234
2013-08-14,36.98725891113281
2013-08-16,36.021419525146484
2013-08-19,35.086734771728516
2013-08-20,35.971092224121094
2013-08-21,35.810516357421875
2013-08-22,35.64274978637695
2013-08-23,35.666717529296875
2013-08-26,35.24970626831055
2013-08-27,34.99565887451172
2013-08-28,34.187992095947266
2013-08-29,34.559471130371094
2013-08-30,34.120887756347656
2013-09-02,34.70326614379883
2013-09-03,34.525917053222656
2013-09-04,35.16581726074219
2013-09-05,34.65774154663086
2013-09-06,34.52112579345703
2013-09-10,34.24311065673828
2013-09-11,34.848758697509766
2013-09-12,34.03642654418945
2013-09-13,34.041236877441406
2013-09-16,34.03402328491211
2013-09-17,35.25493240356445
2013-09-18,35.47364044189453
2013-09-19,35.81010437011719
2013-09-20,36.050445556640625
2013-09-23,40.01359176635742
2013-09-24,39.266143798828125
2013-09-25,39.84775924682617
2013-09-26,40.306793212890625
2013-09-27,40.67692184448242
2013-09-30,40.960506439208984
2013-10-01,40.55675506591797
2013-10-03,39.97994613647461
2013-10-04,39.674713134765625
2013-10-07,40.05925369262695
2013-10-08,40.29958724975586
2013-10-09,41.28977584838867
2013-10-10,40.8643798828125
2013-10-11,40.66730499267578
2013-10-14,40.376495361328125
2013-10-15,40.02320861816406
2013-10-17,39.54733657836914
2013-10-18,40.58799743652344
2013-10-21,40.24913024902344
2013-10-22,40.056854248046875
2013-10-23,43.74360275268555
2013-10-24,42.56355667114258
2013-10-25,43.47684097290039
2013-10-28,41.700748443603516
2013-10-29,41.21046829223633
2013-10-30,41.0494384765625
2013-10-31,41.323429107666016
2013-11-01,41.07587432861328
2013-11-05,41.67190933227539
2013-11-06,40.91965866088867
2013-11-07,40.39573287963867
2013-11-08,39.936683654785156
2013-11-11,39.39592742919922
2013-11-12,40.390907287597656
2013-11-13,40.32603073120117
2013-11-14,40.390907287597656
2013-11-18,40.37168502807617
2013-11-19,40.561561584472656
2013-11-20,40.31161117553711
2013-11-21,40.052040100097656
2013-11-22,43.35666275024414
2013-11-25,49.10070037841797
2013-11-26,45.41155242919922
2013-11-27,43.0081787109375
2013-11-28,41.4580192565918
2013-11-29,42.383304595947266
2013-12-02,41.566162109375
2013-12-03,41.397926330566406
2013-12-04,42.74380874633789
2013-12-05,43.02019500732422
2013-12-06,42.707763671875
2013-12-09,43.65708923339844
2013-12-10,43.56095504760742
2013-12-11,44.10170364379883
2013-12-12,43.729190826416016
2013-12-13,43.741207122802734
2013-12-16,43.94549560546875
2013-12-17,44.73860168457031
2013-12-18,44.678524017333984
2013-12-19,48.87239074707031
2013-12-20,47.971126556396484
2013-12-23,47.61062240600586
2013-12-24,47.83893966674805
2013-12-26,49.95390701293945
2013-12-27,50.56675720214844
2013-12-30,49.78565979003906
2013-12-31,54.9769287109375
2014-01-01,54.19583511352539
2014-01-02,57.608612060546875
2014-01-03,58.88239669799805
2014-01-06,57.32020950317383
2014-01-07,57.716758728027344
2014-01-08,58.23348617553711
2014-01-09,55.64987564086914
2014-01-10,53.883392333984375
2014-01-13,55.024993896484375
2014-01-14,57.22407150268555
2014-01-15,57.89701843261719
2014-01-16,57.969112396240234
2014-01-17,57.28415298461914
2014-01-20,57.74079132080078
2014-01-21,57.23609161376953
2014-01-22,58.52188491821289
2014-01-23,57.68071365356445
2014-01-24,58.08928298950195
2014-01-27,57.16399002075195
2014-01-28,57.584571838378906
2014-01-29,55.397518157958984
2014-01-30,56.310794830322266
2014-01-31,55.46961975097656
2014-02-03,56.38289260864258
2014-02-04,56.19062042236328
2014-02-05,63.20845031738281
2014-02-06,63.72517013549805
2014-02-07,63.68912124633789
2014-02-10,64.2058334350586
2014-02-11,63.98952865600586
2014-02-12,63.60499954223633
2014-02-13,63.66508102416992
2014-02-14,63.701141357421875
2014-02-17,63.857357025146484
2014-02-18,62.5355110168457
2014-02-19,61.52608871459961
2014-02-20,60.78104782104492
2014-02-21,60.805084228515625
2014-02-24,59.83171844482422
2014-02-25,60.336429595947266
2014-02-26,61.23768997192383
2014-02-28,60.94928741455078
2014-03-03,61.89860916137695
2014-03-04,62.84794235229492
2014-03-05,62.51148223876953
2014-03-06,64.13375854492188
2014-03-07,63.292572021484375
2014-03-10,62.48744201660156
2014-03-11,62.75180435180664
2014-03-12,64.0856704711914
2014-03-13,64.90282440185547
2014-03-14,65.08306884765625
2014-03-18,71.74038696289062
2014-03-19,68.85636901855469
2014-03-20,68.79625701904297
2014-03-21,67.66669464111328
2014-03-24,69.02459716796875
2014-03-25,69.87776947021484
2014-03-26,70.82713317871094
2014-03-27,70.93527221679688
2014-03-28,70.59878540039062
2014-03-31,70.73096466064453
2014-04-01,71.90863037109375
2014-04-02,72.07685852050781
2014-04-03,70.77904510498047
2014-04-04,69.80567932128906
2014-04-07,71.60820770263672
2014-04-09,70.07003784179688
2014-04-10,69.32501220703125
2014-04-11,69.21685791015625
2014-04-15,71.12753295898438
2014-04-16,72.25711059570312
2014-04-17,71.66828918457031
2014-04-21,73.72315979003906
2014-04-22,72.49744415283203
2014-04-23,71.84854888916016
2014-04-24,71.84854888916016
2014-04-25,72.95409393310547
2014-04-28,72.66567993164062
2014-04-29,72.56954193115234
2014-04-30,72.90602111816406
2014-05-02,73.338623046875
2014-05-05,73.44676971435547
2014-05-06,81.65425109863281
2014-05-07,80.53669738769531
2014-05-08,81.61820220947266
2014-05-09,81.82250213623047
2014-05-12,87.12191009521484
2014-05-13,86.95368194580078
2014-05-14,86.72534942626953
2014-05-15,88.26350402832031
2014-05-16,85.48761749267578
2014-05-19,86.50904083251953
2014-05-20,86.52106475830078
2014-05-21,85.8481216430664
2014-05-22,87.77083587646484
2014-05-23,86.5571060180664
2014-05-26,86.37686920166016
2014-05-27,86.84552001953125
2014-05-28,87.04979705810547
2014-05-29,88.91241455078125
2014-05-30,88.88838195800781
2014-06-02,89.64543151855469
2014-06-03,90.96729278564453
2014-06-04,96.36284637451172
2014-06-05,96.03839111328125
2014-06-06,95.9782943725586
2014-06-09,93.87535858154297
2014-06-10,94.04359436035156
2014-06-11,93.58695220947266
2014-06-12,92.70970916748047
2014-06-13,92.7818374633789
2014-06-16,93.74317169189453
2014-06-17,93.74317169189453
2014-06-18,93.45478057861328
2014-06-19,91.76039123535156
2014-06-20,91.79644775390625
2014-06-23,90.4505615234375
2014-06-24,90.52266693115234
2014-06-25,90.23426818847656
2014-06-26,91.58016204833984
2014-06-27,91.43595886230469
2014-06-30,92.22904968261719
2014-07-01,91.74839782714844
2014-07-02,95.16114807128906
2014-07-03,92.70970916748047
2014-07-04,96.2787094116211
2014-07-07,94.15174102783203
2014-07-08,89.34502410888672
2014-07-09,89.90979766845703
2014-07-10,93.99553680419922
2014-07-11,94.22383880615234
2014-07-14,93.08223724365234
2014-07-15,93.75520324707031
2014-07-16,93.02216339111328
2014-07-17,95.82209014892578
2014-07-18,94.17577362060547
2014-07-21,95.55773162841797
2014-07-22,97.37226104736328
2014-07-23,95.06501770019531
2014-07-24,94.45216369628906
2014-07-25,94.83671569824219
2014-07-28,92.44536590576172
2014-07-30,93.26250457763672
2014-07-31,93.03418731689453
2014-08-01,92.6256103515625
2014-08-04,93.89937591552734
2014-08-05,95.55773162841797
2014-08-06,95.60578155517578
2014-08-07,95.06501770019531
2014-08-08,96.4109115600586
2014-08-11,93.64704895019531
2014-08-12,94.05560302734375
2014-08-13,92.25308227539062
2014-08-14,93.77922821044922
2014-08-18,94.1277084350586
2014-08-19,95.35343933105469
2014-08-20,96.93964385986328
2014-08-21,96.49501037597656
2014-08-22,96.24266815185547
2014-08-25,96.15855407714844
2014-08-26,93.851318359375
2014-08-27,105.23125457763672
2014-08-28,104.60637664794922
2014-09-01,102.6596450805664
2014-09-02,101.93863677978516
2014-09-03,104.5703125
2014-09-04,103.90939331054688
2014-09-05,105.48359680175781
2014-09-08,106.07242584228516
2014-09-09,106.61317443847656
2014-09-10,113.06146240234375
2014-09-11,111.90655517578125
2014-09-12,112.25543212890625
2014-09-15,112.91709899902344
2014-09-16,114.80586242675781
2014-09-17,115.94876098632812
2014-09-18,116.06904602050781
2014-09-19,115.84048461914062
2014-09-22,122.38500213623047
2014-09-23,118.11421203613281
2014-09-24,119.1608657836914
2014-09-25,115.7923583984375
2014-09-26,112.49601745605469
2014-09-29,114.72164916992188
2014-09-30,114.96227264404297
2014-10-01,124.08129119873047
2014-10-07,119.54582977294922
2014-10-08,120.0150146484375
2014-10-09,120.62855529785156
2014-10-10,118.28263092041016
2014-10-13,119.69020080566406
2014-10-14,119.1849365234375
2014-10-15,119.1849365234375
2014-10-16,118.10218811035156
2014-10-17,120.11126708984375
2014-10-20,118.86011505126953
2014-10-21,120.29170989990234
2014-10-22,119.4736557006836
2014-10-27,120.49623107910156
2014-10-28,120.44811248779297
2014-10-29,121.0977554321289
2014-10-30,121.15790557861328
2014-10-31,123.50382232666016
2014-11-03,125.52493286132812
2014-11-05,125.1519775390625
2014-11-07,124.71888732910156
2014-11-10,124.26175689697266
2014-11-11,124.32188415527344
2014-11-12,125.64522552490234
2014-11-13,127.79866790771484
2014-11-14,127.26932525634766
2014-11-17,126.47534942626953
2014-11-18,125.38054656982422
2014-11-19,123.56396484375
2014-11-20,124.2376708984375
2014-11-21,124.35796356201172
2014-11-24,125.35650634765625
2014-11-25,118.13829040527344
2014-11-26,117.163818359375
2014-11-27,118.63153076171875
2014-11-28,118.83604431152344
2014-12-01,117.65706634521484
2014-12-02,118.30669403076172
2014-12-03,122.28876495361328
2014-12-04,123.6482162475586
2014-12-05,126.84825897216797
2014-12-08,123.76850128173828
2014-12-09,120.821044921875
2014-12-10,124.35796356201172
2014-12-11,124.46627044677734
2014-12-12,123.9489517211914
2014-12-15,124.67078399658203
2014-12-16,123.27525329589844
2014-12-17,123.78052520751953
2014-12-18,129.51898193359375
2014-12-19,131.263427734375
2014-12-22,128.95358276367188
2014-12-23,125.69334411621094
2014-12-24,126.3670654296875
2014-12-26,124.55046844482422
2014-12-29,127.43778228759766
2014-12-30,130.2528533935547
2014-12-31,135.23342895507812
2015-01-01,138.87864685058594
2015-01-02,144.30433654785156
2015-01-05,160.7017822265625
2015-01-06,157.87461853027344
2015-01-07,165.54998779296875
2015-01-08,175.47506713867188
2015-01-09,177.74880981445312
2015-01-12,172.63587951660156
2015-01-13,168.47335815429688
2015-01-14,166.1154327392578
2015-01-15,162.0972900390625
2015-01-16,163.88983154296875
2015-01-19,166.18760681152344
2015-01-20,166.56053161621094
2015-01-21,166.15150451660156
2015-01-22,165.4176483154297
2015-01-23,165.1168670654297
2015-01-27,166.7049102783203
2015-01-28,164.6356964111328
2015-01-29,159.58290100097656
2015-01-30,158.75282287597656
2015-02-02,161.42355346679688
2015-02-03,163.68527221679688
2015-02-04,164.0702362060547
2015-02-05,159.11373901367188
2015-02-06,152.16017150878906
2015-02-09,146.890869140625
2015-02-10,147.0954132080078
2015-02-11,155.02340698242188
2015-02-12,159.27012634277344
2015-02-13,156.73170471191406
2015-02-16,161.1709442138672
2015-02-18,162.37396240234375
2015-02-19,161.25515747070312
2015-02-20,164.13040161132812
2015-02-23,157.88662719726562
2015-02-24,155.52870178222656
2015-02-25,156.41891479492188
2015-02-26,156.4790802001953
2015-02-27,170.24185180664062
2015-03-02,166.4883575439453
2015-03-03,165.7665252685547
2015-03-04,169.4478302001953
2015-03-05,166.7049102783203
2015-03-09,170.87945556640625
2015-03-10,170.1215057373047
2015-03-11,168.0161895751953
2015-03-12,165.9951171875
2015-03-13,161.20703125
2015-03-16,162.8311004638672
2015-03-17,161.49574279785156
2015-03-18,162.07322692871094
2015-03-19,158.06710815429688
2015-03-20,155.30010986328125
2015-03-23,153.7000732421875
2015-03-24,156.44300842285156
2015-03-25,156.8039093017578
2015-03-26,157.03245544433594
2015-03-27,158.83705139160156
2015-03-30,160.2205352783203
2015-03-31,156.85205078125
2015-04-01,159.73931884765625
2015-04-06,162.01303100585938
2015-04-07,167.85983276367188
2015-04-08,175.83595275878906
2015-04-09,180.8165283203125
2015-04-10,174.4404296875
2015-04-13,171.2042694091797
2015-04-15,179.89019775390625
2015-04-16,176.77432250976562
2015-04-17,175.81192016601562
2015-04-20,174.30810546875
2015-04-21,173.11708068847656
2015-04-22,171.9741973876953
2015-04-23,169.80874633789062
2015-04-24,163.01158142089844
2015-04-27,165.89886474609375
2015-04-28,167.1620635986328
2015-04-29,166.71693420410156
2015-04-30,175.05397033691406
2015-05-04,175.0780487060547
2015-05-05,172.45541381835938
2015-05-06,167.8838653564453
2015-05-07,163.97401428222656
2015-05-08,169.76060485839844
2015-05-11,202.66368103027344
2015-05-12,193.3160858154297
2015-05-13,195.2048797607422
2015-05-14,193.4123077392578
2015-05-15,193.80935668945312
2015-05-18,193.32810974121094
2015-05-19,193.4243621826172
2015-05-20,198.6214599609375
2015-05-21,202.32687377929688
2015-05-22,198.4891815185547
2015-05-25,199.83651733398438
2015-05-26,203.1810302734375
2015-05-27,203.5780029296875
2015-05-28,204.4441680908203
2015-05-29,204.4682159423828
2015-06-01,203.55393981933594
2015-06-02,202.6276092529297
2015-06-03,202.9163360595703
2015-06-04,202.47119140625
2015-06-05,203.7825164794922
2015-06-08,204.0952911376953
2015-06-09,206.40512084960938
2015-06-10,203.5780029296875
2015-06-11,203.2411346435547
2015-06-12,202.67572021484375
2015-06-15,205.15399169921875
2015-06-16,215.9331817626953
2015-06-17,214.958740234375
2015-06-18,214.30911254882812
2015-06-19,217.01588439941406
2015-06-22,214.80233764648438
2015-06-23,214.76625061035156
2015-06-24,215.09107971191406
2015-06-25,226.27932739257812
2015-06-26,221.52731323242188
2015-06-29,217.31668090820312
2015-06-30,227.35000610351562
2015-07-01,233.94268798828125
2015-07-02,235.04945373535156
2015-07-03,235.00131225585938
2015-07-06,244.21661376953125
2015-07-07,265.17352294921875
2015-07-08,263.53741455078125
2015-07-09,260.9388122558594
2015-07-10,250.13552856445312
2015-07-13,245.27528381347656
2015-07-14,243.39852905273438
2015-07-15,247.4167022705078
2015-07-16,245.4196014404297
2015-07-17,246.2377166748047
2015-07-20,250.49647521972656
2015-07-21,250.80926513671875
2015-07-22,264.2110595703125
2015-07-23,279.6581115722656
2015-07-24,274.3888244628906
2015-07-27,285.119873046875
2015-07-28,268.7104187011719
2015-07-29,265.1253967285156
2015-07-30,265.5585021972656
2015-07-31,270.97216796875
2015-08-03,277.3482360839844
2015-08-04,275.9768371582031
2015-08-05,271.982666015625
2015-08-06,273.11358642578125
2015-08-07,270.587158203125
2015-08-10,272.1511535644531
2015-08-11,270.9000244140625
2015-08-12,262.5508728027344
2015-08-13,256.96881103515625
2015-08-14,263.4892272949219
2015-08-17,265.87127685546875
2015-08-18,269.1435546875
2015-08-19,266.59307861328125
2015-08-20,259.39886474609375
2015-08-21,266.8337097167969
2015-08-24,243.3022918701172
2015-08-25,231.53659057617188
2015-08-26,238.85107421875
2015-08-27,259.6876525878906
2015-08-28,253.11911010742188
2015-08-31,251.02581787109375
2015-09-01,249.96714782714844
2015-09-02,246.14151000976562
2015-09-03,245.44366455078125
2015-09-04,239.11572265625
2015-09-07,234.73666381835938
2015-09-08,229.8523406982422
2015-09-09,237.74429321289062
2015-09-10,246.95956420898438
2015-09-11,256.4154357910156
2015-09-14,257.9793701171875
2015-09-15,256.3175964355469
2015-09-16,257.281005859375
2015-09-18,256.7270202636719
2015-09-21,253.90927124023438
2015-09-22,257.738525390625
2015-09-23,257.666259765625
2015-09-24,256.79925537109375
2015-09-28,254.77626037597656
2015-09-29,250.89891052246094
2015-09-30,255.06532287597656
2015-10-01,256.96783447265625
2015-10-05,257.13641357421875
2015-10-06,259.087158203125
2015-10-07,264.2891540527344
2015-10-08,264.4095153808594
2015-10-09,264.1446533203125
2015-10-12,264.0242004394531
2015-10-13,259.7133483886719
2015-10-14,260.2672119140625
2015-10-15,259.2076110839844
2015-10-16,259.54473876953125
2015-10-19,258.75
2015-10-20,258.0997314453125
2015-10-21,259.159423828125
2015-10-23,258.9185791015625
2015-10-26,253.62026977539062
2015-10-27,253.74069213867188
2015-10-28,251.7417755126953
2015-10-29,251.26014709472656
2015-10-30,250.1763916015625
2015-11-02,253.16265869140625
2015-11-03,251.57313537597656
2015-11-04,252.82557678222656
2015-11-05,250.58578491210938
2015-11-06,243.79434204101562
2015-11-09,251.5972442626953
2015-11-10,248.03298950195312
2015-11-13,235.55789184570312
2015-11-16,227.99575805664062
2015-11-17,232.54747009277344
2015-11-18,235.38931274414062
2015-11-19,241.12110900878906
2015-11-20,241.26560974121094
2015-11-23,240.90432739257812
2015-11-24,240.8561553955078
2015-11-26,243.24044799804688
2015-11-27,240.90432739257812
2015-11-30,243.3849334716797
2015-12-01,241.77133178710938
2015-12-02,240.59129333496094
2015-12-03,235.4615478515625
2015-12-04,235.9432373046875
2015-12-07,237.3640899658203
2015-12-08,235.1243896484375
2015-12-09,232.76422119140625
2015-12-10,235.50973510742188
2015-12-11,232.2103271484375
2015-12-14,231.48780822753906
2015-12-15,234.57044982910156
2015-12-16,231.56004333496094
2015-12-17,236.35263061523438
2015-12-18,234.3296661376953
2015-12-21,232.4752197265625
2015-12-22,233.00506591796875
2015-12-23,234.6427001953125
2015-12-24,234.18515014648438
2015-12-28,235.91912841796875
2015-12-29,245.35975646972656
2015-12-30,243.69801330566406
2015-12-31,244.90213012695312
2016-01-01,244.7576446533203
2016-01-04,241.24151611328125
2016-01-05,241.19337463378906
2016-01-06,240.92843627929688
2016-01-07,239.02589416503906
2016-01-08,232.37889099121094
2016-01-11,235.70237731933594
2016-01-12,230.3559112548828
2016-01-13,223.58851623535156
2016-01-14,216.0264129638672
2016-01-15,212.5583953857422
2016-01-18,200.87803649902344
2016-01-19,203.67172241210938
2016-01-20,207.6695098876953
2016-01-21,211.16159057617188
2016-01-22,219.95196533203125
2016-01-25,220.8911895751953
2016-01-27,221.73411560058594
2016-01-28,227.46592712402344
2016-01-29,225.1057586669922
2016-02-01,224.21469116210938
2016-02-02,224.0942840576172
2016-02-03,220.72262573242188
2016-02-04,217.47137451171875
2016-02-05,209.76475524902344
2016-02-08,205.57427978515625
2016-02-09,205.0685272216797
2016-02-10,201.19113159179688
2016-02-11,195.2666778564453
2016-02-12,193.3400115966797
2016-02-15,202.44345092773438
2016-02-16,196.9525146484375
2016-02-17,192.232177734375
2016-02-18,190.4981689453125
2016-02-19,191.75051879882812
2016-02-22,190.25735473632812
2016-02-23,188.6919403076172
2016-02-24,187.8731231689453
2016-02-25,188.45114135742188
2016-02-26,185.22396850585938
2016-02-29,188.40296936035156
2016-03-01,191.413330078125
2016-03-02,198.92733764648438
2016-03-03,198.6624298095703
2016-03-04,199.1922149658203
2016-03-08,201.74505615234375
2016-03-09,192.5693359375
2016-03-10,185.9705810546875
2016-03-11,186.18731689453125
2016-03-14,187.48780822753906
2016-03-15,182.83975219726562
2016-03-16,181.4669952392578
2016-03-17,178.7696990966797
2016-03-18,180.86489868164062
2016-03-21,183.8993682861328
2016-03-22,181.22616577148438
2016-03-23,179.25131225585938
2016-03-28,173.68807983398438
2016-03-29,176.9875030517578
2016-03-30,176.72259521484375
2016-03-31,175.5184326171875
2016-04-01,183.1046600341797
2016-04-04,219.71112060546875
2016-04-05,241.55458068847656
2016-04-06,243.0477752685547
2016-04-07,238.01437377929688
2016-04-08,227.4177703857422
2016-04-11,234.66680908203125
2016-04-12,234.93173217773438
2016-04-13,240.92843627929688
2016-04-18,244.5890655517578
2016-04-20,243.24044799804688
2016-04-21,239.38710021972656
2016-04-22,238.01437377929688
2016-04-25,238.4719696044922
2016-04-26,239.77244567871094
2016-04-27,243.1440887451172
2016-04-28,239.24261474609375
2016-04-29,234.66680908203125
2016-05-02,237.26779174804688
2016-05-03,239.79652404785156
2016-05-04,236.2322235107422
2016-05-05,237.74942016601562
2016-05-06,236.40077209472656
2016-05-09,247.57542419433594
2016-05-10,242.87916564941406
2016-05-11,242.0603485107422
2016-05-12,245.50424194335938
2016-05-13,246.87696838378906
2016-05-16,229.97059631347656
2016-05-17,231.68048095703125
2016-05-18,234.95579528808594
2016-05-19,234.4259796142578
2016-05-20,231.9453887939453
2016-05-23,221.059814453125
2016-05-24,219.13316345214844
2016-05-25,216.84523010253906
2016-05-26,218.00123596191406
2016-05-27,215.49656677246094
2016-05-30,217.8085479736328
2016-05-31,215.0390167236328
2016-06-01,217.30279541015625
2016-06-02,211.2579345703125
2016-06-03,210.12600708007812
2016-06-06,217.39913940429688
2016-06-07,220.0242156982422
2016-06-08,222.19171142578125
2016-06-09,223.1068572998047
2016-06-10,223.54034423828125
2016-06-13,219.87969970703125
2016-06-14,221.6859588623047
2016-06-15,225.6355743408203
2016-06-16,226.76748657226562
2016-06-17,238.13479614257812
2016-06-20,238.35153198242188
2016-06-21,233.48672485351562
2016-06-22,233.31813049316406
2016-06-23,230.8134765625
2016-06-24,236.64161682128906
2016-06-27,234.28147888183594
2016-06-28,238.56826782226562
2016-06-29,238.54420471191406
2016-06-30,242.6865234375
2016-07-01,238.90542602539062
2016-07-04,234.2333221435547
2016-07-05,236.25628662109375
2016-07-07,229.70562744140625
2016-07-08,233.12547302246094
2016-07-11,234.7631378173828
2016-07-12,231.4637451171875
2016-07-13,240.71168518066406
2016-07-14,234.90762329101562
2016-07-15,233.02914428710938
2016-07-18,231.48780822753906
2016-07-19,226.71932983398438
2016-07-20,232.4029541015625
2016-07-21,232.16213989257812
2016-07-22,231.19882202148438
2016-07-25,241.0006866455078
2016-07-26,238.35153198242188
2016-07-27,237.19552612304688
2016-07-28,235.9432373046875
2016-07-29,236.01547241210938
2016-08-01,230.16326904296875
2016-08-02,233.63121032714844
2016-08-03,230.47630310058594
2016-08-04,227.10470581054688
2016-08-05,229.51300048828125
2016-08-08,227.4418487548828
2016-08-09,227.80308532714844
2016-08-10,225.41883850097656
2016-08-11,225.4429168701172
2016-08-12,224.33511352539062
2016-08-16,225.05760192871094
2016-08-17,224.50369262695312
2016-08-18,225.29843139648438
2016-08-19,223.37179565429688
2016-08-22,224.1183624267578
2016-08-23,224.1183624267578
2016-08-24,221.32469177246094
2016-08-25,221.8063507080078
2016-08-26,220.9634552001953
2016-08-29,221.75819396972656
2016-08-30,221.0838623046875
2016-08-31,219.51846313476562
2016-09-01,210.34275817871094
2016-09-02,216.41172790527344
2016-09-06,211.354248046875
2016-09-07,202.817138671875
2016-09-08,205.05992126464844
2016-09-09,209.01498413085938
2016-09-12,207.44744873046875
2016-09-14,207.51979064941406
2016-09-15,206.77220153808594
2016-09-16,203.9264678955078
2016-09-19,202.2142333984375
2016-09-20,206.02455139160156
2016-09-21,207.56800842285156
2016-09-22,217.40740966796875
2016-09-23,224.6422882080078
2016-09-26,221.7965850830078
2016-09-27,221.65184020996094
2016-09-28,221.9653778076172
2016-09-29,211.86068725585938
2016-09-30,214.6099853515625
2016-10-03,225.24517822265625
2016-10-04,225.53457641601562
2016-10-05,221.43482971191406
2016-10-06,218.5167694091797
2016-10-07,214.87522888183594
2016-10-10,214.8269805908203
2016-10-13,211.2578125
2016-10-14,214.8511199951172
2016-10-17,214.17584228515625
2016-10-18,210.1725616455078
2016-10-19,209.25613403320312
2016-10-20,210.29312133789062
2016-10-21,208.55677795410156
2016-10-24,209.66612243652344
2016-10-25,208.0262451171875
2016-10-26,207.83328247070312
2016-10-27,208.14678955078125
2016-10-28,205.61459350585938
2016-11-01,207.30271911621094
2016-11-02,203.7576904296875
2016-11-03,201.22547912597656
2016-11-04,197.92153930664062
2016-11-07,196.0404815673828
2016-11-08,194.3041229248047
2016-11-09,194.4729461669922
2016-11-10,198.13856506347656
2016-11-11,193.1947784423828
2016-11-15,194.08706665039062
2016-11-16,192.85716247558594
2016-11-17,193.7252960205078
2016-11-18,196.7157440185547
2016-11-21,188.1544952392578
2016-11-22,192.06130981445312
2016-11-23,192.13368225097656
2016-11-24,198.13856506347656
2016-11-25,199.416748046875
2016-11-28,200.42962646484375
2016-11-29,201.78012084960938
2016-11-30,208.65325927734375
2016-12-01,202.383056640625
2016-12-02,202.79302978515625
2016-12-05,197.2462921142578
2016-12-06,199.416748046875
2016-12-07,197.873291015625
2016-12-08,199.850830078125
2016-12-09,196.5469207763672
2016-12-12,195.67874145507812
2016-12-13,199.24794006347656
2016-12-14,192.5677490234375
2016-12-15,192.71243286132812
2016-12-16,192.80892944335938
2016-12-19,199.12734985351562
2016-12-20,192.5918731689453
2016-12-21,194.81056213378906
2016-12-22,192.9053955078125
2016-12-23,192.7606658935547
2016-12-26,193.02597045898438
2016-12-27,193.94235229492188
2016-12-28,192.9053955078125
2016-12-29,195.3893585205078
2016-12-30,193.87001037597656
2017-01-02,195.58226013183594
2017-01-03,192.61598205566406
2017-01-04,193.31533813476562
2017-01-05,194.01470947265625
2017-01-06,193.50827026367188
2017-01-09,192.47128295898438
2017-01-10,193.2189178466797
2017-01-11,195.148193359375
2017-01-12,205.3010711669922
2017-01-13,200.26083374023438
2017-01-16,197.70449829101562
2017-01-17,198.0662384033203
2017-01-18,201.05665588378906
2017-01-19,199.36851501464844
2017-01-20,201.828369140625
2017-01-23,209.3284912109375
2017-01-24,211.1854705810547
2017-01-25,209.6902313232422
2017-01-27,210.82371520996094
2017-01-30,211.52305603027344
2017-01-31,210.87193298339844
2017-02-01,210.19667053222656
2017-02-02,211.88479614257812
2017-02-03,211.52305603027344
2017-02-06,213.06651306152344
2017-02-07,212.7047576904297
2017-02-08,212.89768981933594
2017-02-09,206.00047302246094
2017-02-10,211.88479614257812
2017-02-13,209.35260009765625
2017-02-14,211.16131591796875
2017-02-15,202.76889038085938
2017-02-16,206.24163818359375
2017-02-17,205.0358123779297
2017-02-20,203.37179565429688
2017-02-21,202.76889038085938
2017-02-22,202.86537170410156
2017-02-23,202.60011291503906
2017-02-27,204.48114013671875
2017-02-28,203.90237426757812
2017-03-01,209.03909301757812
2017-03-02,212.89768981933594
2017-03-03,212.36715698242188
2017-03-06,216.27395629882812
2017-03-07,217.64857482910156
2017-03-08,218.7338104248047
2017-03-09,224.2564239501953
2017-03-10,214.24819946289062
2017-03-14,223.02651977539062
2017-03-15,226.6439208984375
2017-03-16,229.39315795898438
2017-03-17,224.1599884033203
2017-03-20,232.31121826171875
2017-03-21,231.4430694580078
2017-03-22,227.12623596191406
2017-03-23,227.0056610107422
2017-03-24,225.89630126953125
2017-03-27,222.59239196777344
2017-03-28,224.0634765625
2017-03-29,231.00894165039062
2017-03-30,236.2904052734375
2017-03-31,240.58306884765625
2017-04-03,239.30491638183594
2017-04-05,240.19720458984375
2017-04-06,237.1344757080078
2017-04-07,237.93026733398438
2017-04-10,237.85791015625
2017-04-11,237.15858459472656
2017-04-12,236.5315704345703
2017-04-13,238.5572967529297
2017-04-17,235.73574829101562
2017-04-18,236.67625427246094
2017-04-19,239.9078369140625
2017-04-20,235.1328582763672
2017-04-21,236.3627471923828
2017-04-24,239.5943145751953
2017-04-25,239.1361083984375
2017-04-26,233.54116821289062
2017-04-27,233.63758850097656
2017-04-28,238.4608154296875
2017-05-02,238.43673706054688
2017-05-03,238.07498168945312
2017-05-04,235.20516967773438
2017-05-05,235.85630798339844
2017-05-08,235.6151580810547
2017-05-09,234.48167419433594
2017-05-10,237.76148986816406
2017-05-11,233.97525024414062
2017-05-12,232.02182006835938
2017-05-15,226.88507080078125
2017-05-16,224.5699462890625
2017-05-17,224.28053283691406
2017-05-18,219.7707977294922
2017-05-19,220.95249938964844
2017-05-22,230.02015686035156
2017-05-23,227.34329223632812
2017-05-24,227.7050323486328
2017-05-25,227.51210021972656
2017-05-26,228.7178955078125
2017-05-29,226.20980834960938
2017-05-30,223.2917938232422
2017-05-31,224.835205078125
2017-06-01,224.81109619140625
2017-06-02,228.11500549316406
2017-06-05,236.2180633544922
2017-06-06,236.8209686279297
2017-06-07,237.4962158203125
2017-06-08,238.84671020507812
2017-06-09,236.55569458007812
2017-06-12,240.727783203125
2017-06-13,232.5282440185547
2017-06-14,232.40768432617188
2017-06-15,233.34820556640625
2017-06-16,233.66171264648438
2017-06-19,233.0829315185547
2017-06-20,233.66171264648438
2017-06-21,238.05087280273438
2017-06-22,236.31451416015625
2017-06-23,237.18267822265625
2017-06-27,234.65049743652344
2017-06-28,229.17611694335938
2017-06-29,227.9220733642578
2017-06-30,231.6600799560547
2017-07-03,231.03306579589844
2017-07-04,260.4548034667969
2017-07-05,249.98837280273438
2017-07-06,246.10568237304688
2017-07-07,247.93850708007812
2017-07-10,247.79383850097656
2017-07-11,246.94973754882812
2017-07-12,249.02374267578125
2017-07-13,247.52857971191406
2017-07-14,246.1298065185547
2017-07-17,245.1892852783203
2017-07-18,241.18597412109375
2017-07-19,242.5364990234375
2017-07-20,235.80809020996094
2017-07-21,234.62637329101562
2017-07-24,232.62474060058594
2017-07-25,234.36109924316406
2017-07-26,234.07168579101562
2017-07-27,232.45591735839844
2017-07-28,231.081298828125
2017-07-31,229.29669189453125
2017-08-01,227.8497314453125
2017-08-02,223.6053009033203
2017-08-03,221.48306274414062
2017-08-04,220.3978271484375
2017-08-07,235.10873413085938
2017-08-08,240.07662963867188
2017-08-09,236.70034790039062
2017-08-10,234.31285095214844
2017-08-11,234.28872680664062
2017-08-14,237.06210327148438
2017-08-16,237.76148986816406
2017-08-17,237.01390075683594
2017-08-18,236.45921325683594
2017-08-21,237.27915954589844
2017-08-22,238.60556030273438
2017-08-23,241.13775634765625
2017-08-24,240.14898681640625
2017-08-28,241.8371124267578
2017-08-29,243.8387451171875
2017-08-30,243.8387451171875
2017-08-31,245.91278076171875
2017-09-01,245.84042358398438
2017-09-04,247.50445556640625
2017-09-05,246.75682067871094
2017-09-06,243.3805694580078
2017-09-07,245.47866821289062
2017-09-08,244.7310791015625
2017-09-11,249.36135864257812
2017-09-12,249.7471923828125
2017-09-13,249.0706787109375
2017-09-14,252.33267211914062
2017-09-15,256.5369567871094
2017-09-18,258.8565979003906
2017-09-19,254.55567932128906
2017-09-20,251.39031982421875
2017-09-21,252.42929077148438
2017-09-22,242.0876007080078
2017-09-25,249.2156524658203
2017-09-26,242.9333038330078
2017-09-27,241.193603515625
2017-09-28,248.9498748779297
2017-09-29,253.685791015625
2017-10-03,251.24534606933594
2017-10-04,252.4534912109375
2017-10-05,250.54457092285156
2017-10-06,250.4962921142578
2017-10-09,254.3865203857422
2017-10-10,251.100341796875
2017-10-11,248.3699493408203
2017-10-12,246.1710968017578
2017-10-13,249.7230682373047
2017-10-16,248.41827392578125
2017-10-17,249.28814697265625
2017-10-18,252.16351318359375
2017-10-19,254.26573181152344
2017-10-23,250.61705017089844
2017-10-24,247.04100036621094
2017-10-25,251.65609741210938
2017-10-26,251.7769317626953
2017-10-27,256.65777587890625
2017-10-30,266.5645446777344
2017-10-31,265.7913513183594
2017-11-01,288.9877014160156
2017-11-02,282.5604248046875
2017-11-03,287.030517578125
2017-11-06,276.78546142578125
2017-11-07,273.3543395996094
2017-11-08,270.3823547363281
2017-11-09,277.6794738769531
2017-11-10,275.9639587402344
2017-11-13,271.9287414550781
2017-11-14,273.7892761230469
2017-11-15,270.4306335449219
2017-11-16,277.4620361328125
2017-11-17,278.4526672363281
2017-11-20,278.2110290527344
2017-11-21,275.8431091308594
2017-11-22,296.38153076171875
2017-11-23,297.1064453125
2017-11-24,289.8575439453125
2017-11-27,298.4353332519531
2017-11-28,306.91656494140625
2017-11-29,294.5693054199219
2017-11-30,293.2645263671875
2017-12-01,291.3073425292969
2017-12-04,295.27008056640625
2017-12-05,294.9075927734375
2017-12-06,293.6994934082031
2017-12-07,300.7066650390625
2017-12-08,307.1581726074219
2017-12-11,312.59478759765625
2017-12-12,310.9033508300781
2017-12-13,315.0110778808594
2017-12-14,317.76568603515625
2017-12-15,332.9399108886719
2017-12-18,337.70001220703125
2017-12-19,339.27056884765625
2017-12-20,334.1722412109375
2017-12-21,334.9454040527344
2017-12-22,331.7076110839844
2017-12-26,325.54608154296875
2017-12-27,325.86016845703125
2017-12-28,330.18536376953125
2017-12-29,327.55157470703125
2018-01-01,331.92510986328125
2018-01-02,324.2171630859375
2018-01-03,331.5143127441406
2018-01-04,328.8080749511719
2018-01-05,328.39727783203125
2018-01-08,325.59442138671875
2018-01-09,325.98095703125
2018-01-10,328.56646728515625
2018-01-11,326.2951354980469
2018-01-12,327.6723937988281
2018-01-15,328.5906066894531
2018-01-16,321.02764892578125
2018-01-17,314.3828430175781
2018-01-18,314.3103942871094
2018-01-19,308.4146423339844
2018-01-22,303.557861328125
2018-01-23,309.0911865234375
2018-01-24,300.58587646484375
2018-01-25,302.3014221191406
2018-01-29,303.2920837402344
2018-01-30,307.1581726074219
2018-01-31,300.6583557128906
2018-02-01,305.8533630371094
2018-02-02,295.4633483886719
2018-02-05,284.3242492675781
2018-02-06,289.0602111816406
2018-02-07,290.9690246582031
2018-02-08,294.1827697753906
2018-02-09,296.11572265625
2018-02-12,290.60662841796875
2018-02-14,289.4468078613281
2018-02-15,286.184814453125
2018-02-16,288.8668518066406
2018-02-19,290.7999572753906
2018-02-20,291.1865539550781
2018-02-21,285.2182922363281
2018-02-22,291.6214599609375
2018-02-23,294.52099609375
2018-02-26,296.38153076171875
2018-02-27,296.9614562988281
2018-02-28,294.9317932128906
2018-03-01,297.25140380859375
2018-03-05,294.1827697753906
2018-03-06,295.72918701171875
2018-03-07,292.902099609375
2018-03-08,297.3721618652344
2018-03-09,295.4150085449219
2018-03-12,298.82196044921875
2018-03-13,301.4315490722656
2018-03-14,301.8181457519531
2018-03-15,304.5485534667969
2018-03-16,305.2009582519531
2018-03-19,298.1695861816406
2018-03-20,295.1009216308594
2018-03-21,292.4671630859375
2018-03-22,295.0042724609375
2018-03-23,296.3573913574219
2018-03-26,300.0542907714844
2018-03-27,300.2958984375
2018-03-28,310.29931640625
2018-04-02,315.9293212890625
2018-04-03,321.10009765625
2018-04-04,330.1128234863281
2018-04-05,327.9865417480469
2018-04-06,338.49737548828125
2018-04-09,335.9602966308594
2018-04-10,338.15911865234375
2018-04-11,338.76318359375
2018-04-12,339.6330261230469
2018-04-13,337.8691711425781
2018-04-16,338.6423645019531
2018-04-17,326.27099609375
2018-04-18,325.32861328125
2018-04-19,326.9716796875
2018-04-20,326.41595458984375
2018-04-23,331.7318115234375
2018-04-24,337.9899597167969
2018-04-25,338.7148742675781
2018-04-26,332.794921875
2018-04-27,338.13494873046875
2018-04-30,337.5308532714844
2018-05-02,334.6554260253906
2018-05-03,338.15911865234375
2018-05-04,329.2913513183594
2018-05-07,330.3544616699219
2018-05-08,330.91021728515625
2018-05-09,335.33209228515625
2018-05-10,329.6054382324219
2018-05-11,330.93438720703125
2018-05-14,336.41937255859375
2018-05-15,337.3858947753906
2018-05-16,341.20361328125
2018-05-17,341.92852783203125
2018-05-18,341.46942138671875
2018-05-21,334.0514221191406
2018-05-22,338.690673828125
2018-05-23,333.15740966796875
2018-05-24,330.98272705078125
2018-05-25,325.5702819824219
2018-05-28,322.13909912109375
2018-05-29,328.2523193359375
2018-05-30,337.144287109375
2018-05-31,343.37823486328125
2018-06-01,346.0119934082031
2018-06-04,337.3133544921875
2018-06-05,328.56646728515625
2018-06-06,332.6983337402344
2018-06-07,340.2129821777344
2018-06-08,335.93609619140625
2018-06-11,332.28753662109375
2018-06-12,334.9937438964844
2018-06-13,330.2578125
2018-06-14,336.41937255859375
2018-06-15,331.1277160644531
2018-06-18,344.2481384277344
2018-06-19,350.4821472167969
2018-06-20,348.2108154296875
2018-06-21,347.4859619140625
2018-06-22,348.0900573730469
2018-06-25,348.52496337890625
2018-06-26,348.01751708984375
2018-06-27,342.26678466796875
2018-06-28,333.20574951171875
2018-06-29,332.36004638671875
2018-07-02,334.92132568359375
2018-07-03,340.0679931640625
2018-07-04,338.93231201171875
2018-07-05,340.0196228027344
2018-07-06,340.2129821777344
2018-07-09,342.04931640625
2018-07-10,350.433837890625
2018-07-11,362.6119079589844
2018-07-12,365.53564453125
2018-07-13,364.0375061035156
2018-07-16,361.5487060546875
2018-07-17,362.829345703125
2018-07-18,367.3236389160156
2018-07-19,365.7772216796875
2018-07-20,370.94805908203125
2018-07-23,380.58905029296875
2018-07-24,388.9252624511719
2018-07-25,394.5552062988281
2018-07-26,394.3618469238281
2018-07-27,393.5645446777344
2018-07-30,393.05712890625
2018-07-31,393.61285400390625
2018-08-01,394.3618469238281
2018-08-02,390.3750305175781
2018-08-03,394.86932373046875
2018-08-06,398.51788330078125
2018-08-07,400.0885314941406
2018-08-08,400.86175537109375
2018-08-09,395.8599853515625
2018-08-10,404.4378356933594
2018-08-13,405.4043273925781
2018-08-14,408.23138427734375
2018-08-16,404.80023193359375
2018-08-17,409.17376708984375
2018-08-20,410.09185791015625
2018-08-21,409.3186950683594
2018-08-23,409.3186950683594
2018-08-24,410.6959228515625
2018-08-27,411.27581787109375
2018-08-28,407.2165832519531
2018-08-29,409.7052917480469
2018-08-30,409.9227294921875
2018-08-31,407.7481384277344
2018-09-03,407.9897766113281
2018-09-04,406.3466491699219
2018-09-05,400.9825439453125
2018-09-06,403.4954833984375
2018-09-07,407.9172668457031
2018-09-10,403.01220703125
2018-09-11,401.7315673828125
2018-09-12,403.85791015625
2018-09-14,411.3725280761719
2018-09-17,409.8985595703125
2018-09-18,407.6474914550781
2018-09-19,408.66412353515625
2018-09-21,401.62030029296875
2018-09-24,386.1044616699219
2018-09-25,365.4327697753906
2018-09-26,369.9834899902344
2018-09-27,355.0243835449219
2018-09-28,354.10455322265625
2018-10-01,342.510009765625
2018-10-03,344.470703125
2018-10-04,343.8414001464844
2018-10-05,342.7763366699219
2018-10-08,338.12884521484375
2018-10-09,338.709716796875
2018-10-10,338.5160827636719
2018-10-11,331.6417541503906
2018-10-12,328.2771301269531
2018-10-15,333.0456848144531
2018-10-16,343.8414001464844
2018-10-17,345.0758972167969
2018-10-19,346.3829345703125
2018-10-22,359.21197509765625
2018-10-23,359.4540100097656
2018-10-24,362.91546630859375
2018-10-25,360.30126953125
2018-10-26,358.4858093261719
2018-10-29,359.2845764160156
2018-10-30,370.15289306640625
2018-10-31,383.7080078125
2018-11-01,380.9971008300781
2018-11-02,383.46600341796875
2018-11-05,376.20428466796875
2018-11-06,381.7716369628906
2018-11-07,385.7171630859375
2018-11-09,382.20733642578125
2018-11-12,382.4736022949219
2018-11-13,382.44940185546875
2018-11-14,382.4010009765625
2018-11-15,383.8049011230469
2018-11-16,385.1361999511719
2018-11-19,379.5447082519531
2018-11-20,378.6249084472656
2018-11-21,376.20428466796875
2018-11-22,370.0076599121094
2018-11-26,366.3768310546875
2018-11-27,368.1680603027344
2018-11-28,369.16046142578125
2018-11-29,366.30426025390625
2018-11-30,363.83526611328125
2018-12-03,364.8760681152344
2018-12-04,367.9744567871094
2018-12-05,366.64306640625
2018-12-06,360.2286071777344
2018-12-07,360.6159362792969
2018-12-10,358.70367431640625
2018-12-11,358.8730773925781
2018-12-12,360.3980712890625
2018-12-13,355.556884765625
2018-12-14,350.7157897949219
2018-12-17,346.09246826171875
2018-12-18,354.540283203125
2018-12-19,358.99407958984375
2018-12-20,353.52362060546875
2018-12-21,350.7157897949219
2018-12-24,351.8292541503906
2018-12-26,350.93365478515625
2018-12-27,349.96539306640625
2018-12-28,354.2982177734375
2018-12-31,354.7581481933594
2019-01-01,357.59014892578125
2019-01-02,357.7353820800781
2019-01-03,361.5598449707031
2019-01-04,362.9880065917969
2019-01-07,364.8760681152344
2019-01-08,364.85186767578125
2019-01-09,358.6794738769531
2019-01-10,364.77923583984375
2019-01-11,366.7398986816406
2019-01-14,364.85186767578125
2019-01-15,366.6673278808594
2019-01-16,362.5039367675781
2019-01-17,358.12274169921875
2019-01-18,362.4071350097656
2019-01-21,359.8655090332031
2019-01-22,359.3572082519531
2019-01-23,356.47674560546875
2019-01-24,350.0621643066406
2019-01-25,348.8519592285156
2019-01-28,353.8866882324219
2019-01-29,355.60528564453125
2019-01-30,350.69158935546875
2019-01-31,355.4116516113281
2019-02-01,361.9956359863281
2019-02-04,348.60992431640625
2019-02-05,355.60528564453125
2019-02-06,352.0228576660156
2019-02-07,353.59625244140625
2019-02-08,361.5841064453125
2019-02-11,361.0999755859375
2019-02-12,361.46307373046875
2019-02-14,368.0712890625
2019-02-15,358.5584411621094
2019-02-18,360.3496398925781
2019-02-19,364.48883056640625
2019-02-20,361.7535400390625
2019-02-21,353.7898254394531
2019-02-22,354.0077209472656
2019-02-25,362.0682373046875
2019-02-26,362.0198059082031
2019-02-27,357.66278076171875
2019-02-28,362.0198059082031
2019-03-01,358.5584411621094
2019-03-05,363.3269348144531
2019-03-06,363.4721374511719
2019-03-07,363.2059020996094
2019-03-08,364.9971008300781
2019-03-11,366.42523193359375
2019-03-12,367.6113586425781
2019-03-13,358.7278747558594
2019-03-14,365.7958984375
2019-03-15,363.4237365722656
2019-03-18,370.7338562011719
2019-03-19,367.56292724609375
2019-03-20,364.1257629394531
2019-03-22,364.2225341796875
2019-03-25,365.1907043457031
2019-03-26,368.0712890625
2019-03-27,368.04705810546875
2019-03-28,369.23309326171875
2019-04-01,393.70501708984375
2019-04-02,404.91229248046875
2019-04-03,401.1846008300781
2019-04-04,408.1800231933594
2019-04-05,409.0030212402344
2019-04-08,411.10888671875
2019-04-09,407.91375732421875
2019-04-10,406.4613952636719
2019-04-11,411.20574951171875
2019-04-12,411.5929870605469
2019-04-15,423.84112548828125
2019-04-16,423.6474609375
2019-04-18,438.4613037109375
2019-04-22,433.2086486816406
2019-04-23,434.394775390625
2019-04-24,435.4113464355469
2019-04-25,435.45977783203125
2019-04-26,428.17388916015625
2019-04-30,426.3826904296875
2019-05-02,429.6261901855469
2019-05-03,426.2858581542969
2019-05-06,425.5596923828125
2019-05-07,424.2525634765625
2019-05-08,417.32977294921875
2019-05-09,419.9924011230469
2019-05-10,420.3554382324219
2019-05-13,407.7201232910156
2019-05-14,389.6869201660156
2019-05-15,375.06671142578125
2019-05-16,374.9698181152344
2019-05-17,387.7503967285156
2019-05-20,395.3993835449219
2019-05-21,393.4387512207031
2019-05-22,395.0363464355469
2019-05-23,386.6854248046875
2019-05-24,395.0605163574219
2019-05-27,405.6868591308594
2019-05-28,404.11346435546875
2019-05-29,407.0907287597656
2019-05-30,404.0892639160156
2019-05-31,408.4220886230469
2019-06-03,411.3509826660156
2019-06-04,409.438720703125
2019-06-06,407.67169189453125
2019-06-07,410.6005859375
2019-06-10,411.47198486328125
2019-06-11,406.34033203125
2019-06-12,404.6459655761719
2019-06-13,401.4266662597656
2019-06-14,399.19970703125
2019-06-17,399.344970703125
2019-06-18,403.8955993652344
2019-06-19,404.21026611328125
2019-06-20,400.9667053222656
2019-06-21,403.1936340332031
2019-06-24,410.9394226074219
2019-06-25,410.6731872558594
2019-06-26,425.825927734375
2019-06-27,420.9364013671875
2019-06-28,419.8713073730469
2019-07-01,434.8788757324219
2019-07-02,449.0633850097656
2019-07-03,451.2903137207031
2019-07-04,448.4823913574219
2019-07-05,429.117919921875
2019-07-08,423.93792724609375
2019-07-09,418.41900634765625
2019-07-10,413.57781982421875
2019-07-11,413.7715148925781
2019-07-12,409.85015869140625
2019-07-15,409.80181884765625
2019-07-16,408.3494567871094
2019-07-17,410.8183898925781
2019-07-18,405.83209228515625
2019-07-19,408.3978576660156
2019-07-22,405.10589599609375
2019-07-23,396.6338806152344
2019-07-24,391.3086242675781
2019-07-25,390.9214172363281
2019-07-26,395.85931396484375
2019-07-29,393.3902893066406
2019-07-30,389.8563232421875
2019-07-31,405.977294921875
2019-08-01,413.62628173828125
2019-08-02,414.7881164550781
2019-08-05,421.66259765625
2019-08-06,415.3206787109375
2019-08-07,416.43414306640625
2019-08-08,417.9833068847656
2019-08-09,416.3373107910156
2019-08-13,410.1406555175781
2019-08-14,418.2253723144531
2019-08-16,413.3358154296875
2019-08-19,406.655029296875
2019-08-20,411.4477844238281
2019-08-21,412.0771484375
2019-08-22,408.9787902832031
2019-08-23,409.0272521972656
2019-08-26,424.0346984863281
2019-08-27,433.765380859375
2019-08-28,427.810791015625
2019-08-29,439.23583984375
2019-08-30,444.2706298828125
2019-09-03,447.0784606933594
2019-09-04,447.4658203125
2019-09-05,446.1586608886719
2019-09-06,468.137451171875
2019-09-09,476.7546691894531
2019-09-11,476.70623779296875
2019-09-12,472.107177734375
2019-09-13,469.0572509765625
2019-09-16,471.4293518066406
2019-09-17,466.3462219238281
2019-09-18,463.6786193847656
2019-09-19,453.10516357421875
2019-09-20,475.31903076171875
2019-09-23,481.0422668457031
2019-09-24,485.6500244140625
2019-09-25,483.3218688964844
2019-09-26,485.60150146484375
2019-09-27,482.2548522949219
2019-09-30,491.17919921875
2019-10-01,483.85540771484375
2019-10-03,487.92962646484375
2019-10-04,475.70709228515625
2019-10-07,477.065185546875
2019-10-09,476.5315856933594
2019-10-10,475.12506103515625
2019-10-11,483.1763610839844
2019-10-14,484.9224548339844
2019-10-15,481.76983642578125
2019-10-16,480.7027893066406
2019-10-17,485.4560241699219
2019-10-18,512.6170043945312
2019-10-22,504.4202575683594
2019-10-23,511.21051025390625
2019-10-24,522.9965209960938
2019-10-25,517.6126708984375
2019-10-27,530.7568359375
2019-10-29,521.8809204101562
2019-10-30,522.0264892578125
2019-10-31,529.5927734375
2019-11-01,528.0892944335938
2019-11-04,548.0234985351562
2019-11-05,547.0050048828125
2019-11-06,553.6981811523438
2019-11-07,543.997802734375
2019-11-08,534.2489013671875
2019-11-11,531.484375
2019-11-13,529.0592041015625
2019-11-14,531.3873291015625
2019-11-15,529.2532348632812
2019-11-18,533.909423828125
2019-11-19,533.8607788085938
2019-11-20,553.1646728515625
2019-11-21,553.8922729492188
2019-11-22,554.7652587890625
2019-11-25,562.816650390625
2019-11-26,569.6068725585938
2019-11-27,565.8236694335938
2019-11-28,569.9463500976562
2019-11-29,568.2003173828125
2019-12-02,569.412841796875
2019-12-03,560.73095703125
2019-12-04,572.12890625
2019-12-05,582.8964233398438
2019-12-06,584.3514404296875
2019-12-09,590.1716918945312
2019-12-10,603.8976440429688
2019-12-11,596.9619140625
2019-12-12,594.7308349609375
2019-12-13,591.8692626953125
2019-12-16,587.7951049804688
2019-12-17,589.3956298828125
2019-12-18,585.176025390625
2019-12-19,586.8250122070312
2019-12-20,602.8306884765625
2019-12-23,612.2885131835938
2019-12-24,601.1817016601562
2019-12-26,596.7194213867188
2019-12-27,594.7308349609375
2019-12-30,594.1004028320312
2019-12-31,597.3014526367188
2020-01-01,596.7194213867188
2020-01-02,603.170166015625
2020-01-03,610.5426025390625
2020-01-06,606.8079223632812
2020-01-07,611.5125122070312
2020-01-08,607.971923828125
2020-01-09,611.56103515625
2020-01-10,616.07177734375
2020-01-13,623.1044311523438
2020-01-14,622.376953125
2020-01-15,628.1487426757812
2020-01-16,645.2213745117188
2020-01-17,658.219970703125
2020-01-20,674.7105712890625
2020-01-21,670.296875
2020-01-22,660.7905883789062
2020-01-23,658.3169555664062
2020-01-24,670.8303833007812
2020-01-27,686.593505859375
2020-01-28,693.1897583007812
2020-01-29,699.3010864257812
2020-01-30,702.0171508789062
2020-01-31,715.0642700195312
2020-02-03,699.0100708007812
2020-02-04,716.3736572265625
2020-02-05,717.1012573242188
2020-02-06,717.392333984375
2020-02-07,718.5078735351562
2020-02-10,729.6148681640625
2020-02-11,758.618896484375
2020-02-12,768.755859375
2020-02-13,765.894287109375
2020-02-14,771.1810302734375
2020-02-17,791.4061889648438
2020-02-18,791.7457275390625
2020-02-19,789.4661865234375
2020-02-20,781.02685546875
2020-02-24,775.3036499023438
2020-02-25,768.1738891601562
2020-02-26,739.169677734375
2020-02-27,699.2040405273438
2020-02-28,675.6321411132812
2020-03-02,671.6549682617188
2020-03-03,676.5051879882812
2020-03-04,671.2183837890625
2020-03-05,682.42236328125
2020-03-06,681.8888549804688
2020-03-09,641.8262329101562
2020-03-11,654.6064453125
2020-03-12,638.08447265625
2020-03-13,630.552490234375
2020-03-16,621.4654541015625
2020-03-17,604.8463134765625
2020-03-18,582.979248046875
2020-03-19,549.352294921875
2020-03-20,577.34228515625
2020-03-23,492.4976806640625
2020-03-24,502.2164611816406
2020-03-25,498.4747619628906
2020-03-26,558.9252319335938
2020-03-27,582.9307250976562
2020-03-30,579.334716796875
2020-03-31,582.1045532226562
2020-04-01,567.9151611328125
2020-04-03,583.6594848632812
2020-04-07,604.1174926757812
2020-04-08,600.7159423828125
2020-04-09,604.1174926757812
2020-04-13,601.9794311523438
2020-04-15,596.7312622070312
2020-04-16,587.2555541992188
2020-04-17,591.9691162109375
2020-04-20,590.51123046875
2020-04-21,582.3961181640625
2020-04-22,598.1890869140625
2020-04-23,598.3348388671875
2020-04-24,587.1096801757812
2020-04-27,585.797607421875
2020-04-28,592.1634521484375
2020-04-29,597.557373046875
2020-04-30,617.918212890625
2020-05-04,590.7056884765625
2020-05-05,589.3450927734375
2020-05-06,588.2760009765625
2020-05-07,583.2708129882812
2020-05-08,586.2349853515625
2020-05-11,595.0790405273438
2020-05-12,595.5650024414062
2020-05-13,594.4473266601562
2020-05-14,590.7542724609375
2020-05-15,580.646728515625
2020-05-18,570.830810546875
2020-05-19,587.3041381835938
2020-05-20,596.245361328125
2020-05-21,637.2584838867188
2020-05-22,639.3480224609375
2020-05-26,642.7495727539062
2020-05-27,628.5115966796875
2020-05-28,623.8466186523438
2020-05-29,657.5220336914062
2020-06-01,690.3713989257812
2020-06-02,717.1466674804688
2020-06-03,744.261962890625
2020-06-04,755.0497436523438
2020-06-05,734.2030029296875
2020-06-08,700.1874389648438
2020-06-09,641.388916015625
2020-06-10,655.5783081054688
2020-06-11,643.6728515625
2020-06-12,637.1611938476562
2020-06-15,632.3990478515625
2020-06-16,621.0767211914062
2020-06-17,621.3682861328125
2020-06-18,617.7723999023438
2020-06-19,617.1405639648438
2020-06-22,622.2915649414062
2020-06-23,632.1561279296875
2020-06-24,622.4373168945312
2020-06-25,621.951416015625
2020-06-26,618.4526977539062
2020-06-29,613.9819946289062
2020-06-30,615.5370483398438
2020-07-01,610.6776123046875
2020-07-02,613.1559448242188
2020-07-03,637.744384765625
2020-07-06,636.4323120117188
2020-07-07,631.9617309570312
2020-07-08,627.3939208984375
2020-07-09,624.9156494140625
2020-07-10,617.6751098632812
2020-07-13,608.2479858398438
2020-07-14,602.9026489257812
2020-07-15,604.1174926757812
2020-07-16,604.8463134765625
2020-07-17,609.3170166015625
2020-07-20,604.7977905273438
2020-07-21,605.4781494140625
2020-07-22,608.8311157226562
2020-07-23,607.0331420898438
2020-07-24,602.0765991210938
2020-07-27,592.7465209960938
2020-07-28,582.5905151367188
2020-07-29,584.4370727539062
2020-07-30,574.2322998046875
2020-07-31,578.4600219726562
2020-08-03,577.8283081054688
2020-08-04,596.48828125
2020-08-05,613.1072998046875
2020-08-06,613.0587158203125
2020-08-07,619.2787475585938
2020-08-10,621.90283203125
2020-08-11,613.6419067382812
2020-08-12,611.5037841796875
2020-08-13,611.7467651367188
2020-08-14,612.3298950195312
2020-08-17,622.340087890625
2020-08-18,628.1715087890625
2020-08-19,629.240478515625
2020-08-20,622.92333984375
2020-08-21,623.2149047851562
2020-08-24,620.0563354492188
2020-08-25,621.90283203125
2020-08-26,621.3197021484375
2020-08-27,621.8541870117188
2020-08-28,641.5346069335938
2020-08-31,636.9669189453125
2020-09-01,624.9156494140625
2020-09-02,625.7417602539062
2020-09-03,631.62158203125
2020-09-04,638.1817626953125
2020-09-07,630.2609252929688
2020-09-08,626.7621459960938
2020-09-09,617.7236938476562
2020-09-10,621.2224731445312
2020-09-11,623.554931640625
2020-09-14,642.263671875
2020-09-15,645.6651611328125
2020-09-16,656.7444458007812
2020-09-17,653.1000366210938
2020-09-18,654.8494262695312
2020-09-21,634.7316284179688
2020-09-22,619.7647705078125
2020-09-23,630.40673828125
2020-09-24,614.5166015625
2020-09-25,622.6317138671875
2020-09-28,638.8134155273438
2020-09-29,639.1536254882812
2020-09-30,647.9005126953125
2020-10-01,639.4938354492188
2020-10-05,655.2381591796875
2020-10-06,658.5911865234375
2020-10-07,652.6140747070312
2020-10-08,632.0103759765625
2020-10-09,630.7954711914062
2020-10-12,644.4017944335938
2020-10-13,645.9081420898438
2020-10-14,652.1768188476562
2020-10-15,643.2841186523438
2020-10-16,644.2560424804688
2020-10-19,653.3429565429688
2020-10-20,647.3173828125
2020-10-21,647.9005126953125
2020-10-22,639.0078125
2020-10-23,639.7366943359375
2020-10-26,638.2789306640625
2020-10-27,640.8543701171875
2020-10-28,645.17919921875
2020-10-29,639.9796752929688
2020-10-30,641.8262329101562
2020-11-02,645.6651611328125
2020-11-03,666.5604858398438
2020-11-04,673.1206665039062
2020-11-05,683.3739624023438
2020-11-06,679.2435913085938
2020-11-09,681.381591796875
2020-11-10,671.7114868164062
2020-11-11,673.3150634765625
2020-11-12,672.7804565429688
2020-11-13,704.949462890625
2020-11-14,718.1184692382812
2020-11-17,727.5942993164062
2020-11-18,720.8397216796875
2020-11-19,708.6912841796875
2020-11-20,717.8268432617188
2020-11-23,708.7885131835938
2020-11-24,702.5684814453125
2020-11-25,699.8958129882812
2020-11-26,715.44580078125
2020-11-27,716.8551025390625
2020-12-01,708.4483642578125
2020-12-02,707.0391235351562
2020-12-03,707.1362915039062
2020-12-04,706.4072875976562
2020-12-07,699.3612670898438
2020-12-08,698.9240112304688
2020-12-09,701.6937255859375
2020-12-10,719.28466796875
2020-12-11,718.2156982421875
2020-12-14,708.1080932617188
2020-12-15,714.5711059570312
2020-12-16,738.6735229492188
2020-12-17,743.7760009765625
2020-12-18,764.6226806640625
2020-12-21,745.2823486328125
2020-12-22,770.7454223632812
2020-12-23,761.3668823242188
2020-12-24,782.407958984375
2020-12-28,783.8657836914062
2020-12-29,777.1112670898438
2020-12-30,778.763427734375
2020-12-31,786.9271850585938
2021-01-01,805.0526733398438
2021-01-04,813.6051635742188
2021-01-05,868.7590942382812
2021-01-06,873.5699462890625
2021-01-07,854.8126831054688
2021-01-08,866.5723876953125
2021-01-11,866.28076171875
2021-01-12,859.6719970703125
2021-01-13,860.4010009765625
2021-01-14,837.999267578125
2021-01-15,823.7127075195312
2021-01-18,798.1522827148438
2021-01-19,815.7919921875
2021-01-20,815.5974731445312
2021-01-21,819.9224853515625
2021-01-22,812.390380859375
2021-01-25,802.963134765625
2021-01-27,805.3441772460938
2021-01-28,814.4312133789062
2021-01-29,800.5335693359375
2021-02-01,807.1907348632812
2021-02-02,812.390380859375
2021-02-03,814.6741333007812
2021-02-04,818.0272216796875
2021-02-05,857.9712524414062
2021-02-08,849.9532470703125
2021-02-09,854.1809692382812
2021-02-10,868.7590942382812
2021-02-11,868.7105102539062
2021-02-12,848.5440673828125
2021-02-15,849.5159301757812
2021-02-16,850.0504760742188
2021-02-17,841.0607299804688
2021-02-18,851.556884765625
2021-02-19,849.4674072265625
2021-02-22,832.8969116210938
2021-02-23,851.1195678710938
2021-02-24,854.2781372070312
2021-02-25,845.0452880859375
2021-02-26,830.807373046875
2021-03-01,814.86865234375
2021-03-02,813.4593505859375
2021-03-03,815.3545532226562
2021-03-04,816.08349609375
2021-03-05,813.9939575195312
2021-03-08,817.346923828125
2021-03-09,817.444091796875
2021-03-10,821.8660888671875
2021-03-12,827.065673828125
2021-03-15,810.9325561523438
2021-03-16,804.5667724609375
2021-03-17,800.339111328125
2021-03-18,813.896728515625
2021-03-19,825.8507690429688
2021-03-22,845.9200439453125
2021-03-23,845.9200439453125
2021-03-24,853.2576904296875
2021-03-25,825.7049560546875
2021-03-26,855.7845458984375
2021-03-30,857.4368286132812
2021-03-31,851.7512817382812
2021-04-01,878.9152221679688
2021-04-05,888.2938232421875
2021-04-06,924.7390747070312
2021-04-07,919.7825317382812
2021-04-08,924.8848876953125
2021-04-09,918.5676879882812
2021-04-12,866.7667236328125
2021-04-13,876.5827026367188
2021-04-15,879.5469360351562
2021-04-16,867.3499145507812
2021-04-19,851.362548828125
2021-04-20,865.940673828125
2021-04-22,879.3524780273438
2021-04-23,857.8740844726562
2021-04-26,836.1526489257812
2021-04-27,836.8816528320312
2021-04-28,844.364990234375
2021-04-29,843.6361083984375
2021-04-30,850.342041015625
2021-05-03,853.695068359375
2021-05-04,864.628662109375
2021-05-05,872.6466064453125
2021-05-06,868.9534912109375
2021-05-07,856.9993896484375
2021-05-10,870.702880859375
2021-05-11,867.4471435546875
2021-05-12,873.0353393554688
2021-05-14,899.3731079101562
2021-05-17,883.9203491210938
2021-05-18,892.0354614257812
2021-05-19,983.4889526367188
2021-05-20,1001.1770629882812
2021-05-21,1006.1336059570312
2021-05-24,1003.1693725585938
2021-05-25,1068.2364501953125
2021-05-26,1070.8121337890625
2021-05-27,1092.7276611328125
2021-05-28,1089.42333984375
2021-05-31,1103.5155029296875
2021-06-01,1056.8167724609375
2021-06-02,1032.4713134765625
2021-06-03,1049.576416015625
2021-06-04,1045.8348388671875
2021-06-07,1045.6405029296875
2021-06-08,1051.5687255859375
2021-06-09,1056.7197265625
2021-06-10,1074.1162109375
2021-06-11,1066.195556640625
2021-06-14,1070.5689697265625
2021-06-15,1077.6151123046875
2021-06-16,1069.0625
2021-06-17,1068.4794921875
2021-06-18,1093.748291015625
2021-06-21,1075.9144287109375
2021-06-22,1077.1776123046875
2021-06-23,1141.9532470703125
2021-06-24,1155.899658203125
2021-06-25,1149.9224853515625
2021-06-28,1138.9405517578125
2021-06-29,1120.669189453125
2021-06-30,1119.5513916015625
2021-07-01,1107.0142822265625
2021-07-02,1163.3831787109375
2021-07-05,1160.9046630859375
2021-07-06,1147.73583984375
2021-07-07,1143.7998046875
2021-07-08,1143.3623046875
2021-07-09,1134.7127685546875
2021-07-12,1128.49267578125
2021-07-13,1135.7816162109375
2021-07-14,1131.456787109375
2021-07-15,1135.1500244140625
2021-07-16,1126.9376220703125
2021-07-19,1126.111572265625
2021-07-20,1116.004150390625
2021-07-22,1140.349609375
2021-07-23,1136.850830078125
2021-07-26,1149.0478515625
2021-07-27,1137.919921875
2021-07-28,1127.132080078125
2021-07-29,1122.3212890625
2021-07-30,1117.65625
2021-08-02,1116.1983642578125
2021-08-03,1132.5260009765625
2021-08-04,1131.456787109375
2021-08-05,1122.661376953125
2021-08-06,1108.812255859375
2021-08-09,1121.9326171875
2021-08-10,1109.4439697265625
2021-08-11,1113.1368408203125
2021-08-12,1129.7073974609375
2021-08-13,1146.034912109375
2021-08-16,1175.7745361328125
2021-08-17,1190.967041015625
2021-08-18,1178.5501708984375
2021-08-20,1167.83740234375
2021-08-23,1142.5648193359375
2021-08-24,1155.5174560546875
2021-08-25,1138.8641357421875
2021-08-26,1137.8414306640625
2021-08-27,1129.5633544921875
2021-08-30,1146.168212890625
2021-08-31,1160.386962890625
2021-09-01,1164.672119140625
2021-09-02,1167.5938720703125
2021-09-03,1172.7552490234375
2021-09-06,1171.68408203125
2021-09-07,1152.741943359375
2021-09-08,1149.9176025390625
2021-09-09,1148.8463134765625
2021-09-13,1165.5972900390625
2021-09-14,1174.3621826171875
2021-09-15,1167.3016357421875
2021-09-16,1162.7242431640625
2021-09-17,1141.152587890625
2021-09-20,1134.0919189453125
2021-09-21,1124.0123291015625
2021-09-22,1130.6834716796875
2021-09-23,1140.3248291015625
2021-09-24,1131.2191162109375
2021-09-27,1124.1583251953125
2021-09-28,1124.1583251953125
2021-09-29,1111.205810546875
2021-09-30,1111.2542724609375
2021-10-01,1141.006591796875
2021-10-04,1175.190185546875
2021-10-05,1168.567626953125
2021-10-06,1173.2423095703125
2021-10-07,1295.3677978515625
2021-10-08,1278.2762451171875
2021-10-11,1325.4609375
2021-10-12,1324.3895263671875
2021-10-13,1330.4764404296875
2021-10-14,1316.7933349609375
2021-10-18,1334.51806640625
2021-10-19,1316.403564453125
2021-10-20,1302.8668212890625
2021-10-21,1287.0411376953125
2021-10-22,1321.71142578125
2021-10-25,1271.117919921875
2021-10-26,1303.7918701171875
2021-10-27,1292.20263671875
2021-10-28,1278.957763671875
2021-10-29,1296.2442626953125
2021-11-01,1305.447509765625
2021-11-02,1299.7989501953125
2021-11-03,1372.840576171875
2021-11-04,1398.697265625
2021-11-08,1356.3819580078125
2021-11-09,1357.9400634765625
2021-11-10,1349.223876953125
2021-11-11,1325.26611328125
2021-11-12,1340.8485107421875
2021-11-15,1360.7642822265625
2021-11-16,1356.138427734375
2021-11-17,1326.970458984375
2021-11-18,1297.266845703125
2021-11-22,1258.8470458984375
2021-11-23,1256.071533203125
2021-11-24,1281.8306884765625
2021-11-25,1266.686767578125
2021-11-26,1258.700927734375
2021-11-29,1193.2069091796875
2021-11-30,1260.8433837890625
2021-12-01,1252.9063720703125
2021-12-02,1247.208984375
2021-12-03,1241.073486328125
2021-12-06,1219.891357421875
2021-12-07,1230.3121337890625
2021-12-08,1266.0050048828125
2021-12-09,1259.918212890625
2021-12-10,1255.2437744140625
2021-12-13,1255.63330078125
2021-12-14,1251.0557861328125
2021-12-15,1259.0418701171875
2021-12-16,1245.7481689453125
2021-12-17,1238.15185546875
2021-12-20,1197.63818359375
2021-12-21,1215.9473876953125
2021-12-22,1217.0184326171875
2021-12-23,1216.2880859375
2021-12-24,1211.12646484375
2021-12-27,1200.8033447265625
2021-12-28,1219.014892578125
2021-12-29,1223.4461669921875
2021-12-30,1275.3057861328125
2021-12-31,1279.1038818359375
2022-01-03,1286.6514892578125
2022-01-04,1296.9259033203125
2022-01-05,1304.6683349609375
2022-01-06,1312.6055908203125
2022-01-07,1314.06640625
2022-01-10,1301.990234375
2022-01-11,1302.6231689453125
2022-01-12,1287.4305419921875
2022-01-13,1292.2999267578125
2022-01-14,1296.7313232421875
2022-01-17,1297.89990234375
2022-01-18,1280.0777587890625
2022-01-19,1287.4793701171875
2022-01-20,1284.314208984375
2022-01-21,1281.8795166015625
2022-01-24,1258.7496337890625
2022-01-25,1235.9119873046875
2022-01-27,1234.4024658203125
2022-01-28,1238.15185546875
2022-01-31,1198.8555908203125
2022-02-01,1231.7728271484375
2022-02-02,1273.552734375
2022-02-03,1267.85546875
2022-02-04,1276.0849609375
2022-02-07,1260.1131591796875
2022-02-08,1271.3614501953125
2022-02-09,1275.0135498046875
2022-02-10,1275.938720703125
2022-02-11,1261.379150390625
2022-02-14,1233.23388671875
2022-02-15,1238.2491455078125
2022-02-16,1237.42138671875
2022-02-17,1246.040283203125
2022-02-18,1238.1031494140625
2022-02-21,1222.1314697265625
2022-02-22,1217.310546875
2022-02-23,1198.9041748046875
2022-02-24,1140.0814208984375
2022-02-25,1190.333984375
2022-02-28,1185.1239013671875
2022-03-02,1161.70166015625
2022-03-03,1169.4443359375
2022-03-04,1133.361572265625
2022-03-07,1114.176025390625
2022-03-08,1121.86962890625
2022-03-09,1122.0645751953125
2022-03-10,1136.2833251953125
2022-03-11,1132.1441650390625
2022-03-14,1145.583984375
2022-03-15,1114.857666015625
2022-03-16,1120.0194091796875
2022-03-17,1094.9903564453125
2022-03-21,1070.9840087890625
2022-03-22,1049.607177734375
2022-03-23,1025.3572998046875
2022-03-24,1022.2410888671875
2022-03-25,1014.1091918945312
2022-03-28,995.946044921875
2022-03-29,999.7442626953125
2022-03-30,1035.14501953125
2022-03-31,1038.5048828125
2022-04-01,1056.034912109375
2022-04-04,1091.8253173828125
2022-04-05,1116.464599609375
2022-04-06,1124.7913818359375
2022-04-07,1121.7237548828125
2022-04-08,1139.204833984375
2022-04-11,1132.2415771484375
2022-04-12,1097.8148193359375
2022-04-13,1101.8564453125
2022-04-18,1075.9508056640625
2022-04-19,1067.1370849609375
2022-04-20,1082.4273681640625
2022-04-21,1105.2650146484375
2022-04-22,1080.7230224609375
2022-04-25,1073.1265869140625
2022-04-26,1064.3128662109375
2022-04-27,1049.8995361328125
2022-04-28,1065.189453125
2022-04-29,1053.356689453125
2022-05-02,1056.2781982421875
2022-05-04,1045.9063720703125
2022-05-05,1055.4505615234375
2022-05-06,1043.909912109375
2022-05-09,1057.0086669921875
2022-05-10,1020.5367431640625
2022-05-11,1002.6171264648438
2022-05-12,992.1478881835938
2022-05-13,991.7096557617188
2022-05-16,992.0991821289062
2022-05-17,997.5042114257812
2022-05-18,981.9707641601562
2022-05-19,966.7293701171875
2022-05-20,974.0336303710938
2022-05-23,970.7710571289062
2022-05-24,969.991943359375
2022-05-25,952.3646240234375
2022-05-26,934.5424194335938
2022-05-27,937.7075805664062
2022-05-30,958.0618286132812
2022-05-31,965.2686157226562
2022-06-01,958.1104736328125
2022-06-02,954.0689697265625
2022-06-03,958.69482421875
2022-06-06,960.739990234375
2022-06-07,966.0477294921875
2022-06-08,968.28759765625
2022-06-09,958.4026489257812
2022-06-10,959.1331176757812
2022-06-13,949.4429931640625
2022-06-14,949.6864013671875
2022-06-15,962.3469848632812
2022-06-16,940.0935668945312
2022-06-17,930.208740234375
2022-06-20,922.709716796875
2022-06-21,942.2848510742188
2022-06-22,961.3731079101562
2022-06-23,959.327880859375
2022-06-24,959.4253540039062
2022-06-27,952.218505859375
2022-06-28,939.85009765625
2022-06-29,939.8988037109375
2022-06-30,938.6814575195312
2022-07-01,946.95947265625
2022-07-04,952.12109375
2022-07-05,954.507080078125
2022-07-06,954.1663208007812
2022-07-07,949.7838134765625
2022-07-08,960.8861083984375
2022-07-11,973.30322265625
2022-07-12,962.2495727539062
2022-07-13,955.67578125
2022-07-14,960.2530517578125
2022-07-15,959.0844116210938
2022-07-18,954.45849609375
2022-07-19,951.682861328125
2022-07-20,953.9714965820312
2022-07-21,959.5712890625
2022-07-22,981.6298828125
2022-07-25,979.3900146484375
2022-07-26,963.028564453125
2022-07-27,954.4097900390625
2022-07-28,955.67578125
2022-07-29,957.0392456054688
2022-08-01,987.4732055664062
2022-08-02,992.927001953125
2022-08-03,987.8140869140625
2022-08-04,989.226318359375
2022-08-05,972.3294067382812
2022-08-08,975.8353271484375
2022-08-10,976.565673828125
2022-08-11,982.7498168945312
2022-08-12,974.0336303710938
2022-08-16,976.8578491210938
2022-08-17,990.8681640625
2022-08-18,994.2852172851562
2022-08-19,977.4437255859375
2022-08-22,963.7263793945312
2022-08-23,963.5799560546875
2022-08-24,962.7500610351562
2022-08-25,964.6539306640625
2022-08-26,960.7485961914062
2022-08-29,957.8196411132812
2022-08-30,976.85791015625
2022-09-01,987.0116577148438
2022-09-02,982.6669921875
2022-09-05,986.1329345703125
2022-09-06,987.5486450195312
2022-09-07,984.2290649414062
2022-09-08,987.597412109375
2022-09-09,988.1832275390625
2022-09-12,985.5960083007812
2022-09-13,1060.4798583984375
2022-09-14,1051.4976806640625
2022-09-15,1040.1234130859375
2022-09-16,1052.4739990234375
2022-09-19,1043.003662109375
2022-09-20,1062.530029296875
2022-09-21,1051.009521484375
2022-09-22,1049.3009033203125
2022-09-23,1019.425537109375
2022-09-26,990.7216796875
2022-09-27,995.749755859375
2022-09-28,981.544189453125
2022-09-29,992.9671630859375
2022-09-30,983.0086669921875
2022-10-03,989.4524536132812
2022-10-04,997.165283203125
2022-10-06,986.2305908203125
2022-10-07,986.7675170898438
2022-10-10,974.3682861328125
2022-10-11,966.5089111328125
2022-10-12,960.94384765625
2022-10-13,951.8640747070312
2022-10-14,954.256103515625
2022-10-17,942.149658203125
2022-10-18,945.27392578125
2022-10-19,941.2221069335938
2022-10-20,944.248779296875
2022-10-21,946.6895751953125
2022-10-24,957.8196411132812
2022-10-25,955.5740966796875
2022-10-27,946.4943237304688
2022-10-28,940.5875854492188
2022-10-31,944.4439697265625
2022-11-01,949.3256225585938
2022-11-02,953.4261474609375
2022-11-03,910.1751708984375
2022-11-04,914.8126831054688
2022-11-07,914.4221801757812
2022-11-09,913.59228515625
2022-11-10,903.0480346679688
2022-11-11,902.4622192382812
2022-11-14,900.5095825195312
2022-11-15,894.993408203125
2022-11-16,888.0614624023438
2022-11-17,887.036376953125
2022-11-18,868.8768310546875
2022-11-21,876.3456420898438
2022-11-22,873.8071899414062
2022-11-23,868.8768310546875
2022-11-24,885.4742431640625
2022-11-25,896.9948120117188
2022-11-28,911.2980346679688
2022-11-29,916.2283935546875
2022-11-30,923.2579345703125
2022-12-01,929.8480834960938
2022-12-02,933.4115600585938
2022-12-05,926.0891723632812
2022-12-06,924.2341918945312
2022-12-07,924.3806762695312
2022-12-08,914.9591064453125
2022-12-09,919.1573486328125
2022-12-12,917.1559448242188
2022-12-13,909.3453369140625
2022-12-14,908.8571166992188
2022-12-15,907.8319702148438
2022-12-16,901.7788696289062
2022-12-19,898.2152709960938
2022-12-20,902.4134521484375
2022-12-21,892.6990356445312
2022-12-22,882.838134765625
2022-12-23,867.4122924804688
2022-12-26,863.507080078125
2022-12-27,879.7628173828125
2022-12-28,892.943115234375
2022-12-29,890.3558959960938
2022-12-30,888.5008544921875
2023-01-02,885.6695556640625
2023-01-03,879.030517578125
2023-01-04,870.6830444335938
2023-01-05,867.998046875
2023-01-06,875.174072265625
2023-01-09,869.2185668945312
2023-01-10,869.7066650390625
2023-01-11,870.9270629882812
2023-01-12,876.9314575195312
2023-01-13,870.8294067382812
2023-01-16,865.215576171875
2023-01-17,869.3161010742188
2023-01-18,865.215576171875
2023-01-19,846.0308227539062
2023-01-20,820.5490112304688
2023-01-23,797.5076904296875
2023-01-24,798.0447387695312
2023-01-25,813.861083984375
2023-01-27,791.11279296875
2023-01-30,787.8909912109375
2023-01-31,800.6807250976562
2023-02-01,792.7237548828125
2023-02-02,777.2490234375
2023-02-03,785.6454467773438
2023-02-06,757.7714233398438
2023-02-07,773.490234375
2023-02-08,767.1929321289062
2023-02-09,761.7744140625
2023-02-10,769.8778686523438
2023-02-13,770.0731201171875
2023-02-14,764.7033081054688
2023-02-15,768.9014892578125
2023-02-16,765.4844360351562
2023-02-17,760.6515502929688
2023-02-20,752.4993286132812
2023-02-21,771.0982055664062
2023-02-22,765.8749389648438
2023-02-23,758.8942260742188
2023-02-24,757.9667358398438
2023-02-27,754.744873046875
2023-02-28,759.4801025390625
2023-03-01,758.1131591796875
2023-03-02,753.9150390625
2023-03-03,750.790771484375
2023-03-06,744.10302734375
2023-03-08,742.4920654296875
2023-03-09,735.1209106445312
2023-03-10,739.7095336914062
2023-03-13,739.3190307617188
2023-03-14,744.1517944335938
2023-03-15,750.1561889648438
2023-03-16,750.0585327148438
2023-03-17,762.8971557617188
2023-03-20,767.5347290039062
2023-03-21,798.97216796875
2023-03-22,818.6452026367188
2023-03-23,809.6141357421875
2023-03-24,794.7739868164062
2023-03-27,783.1069946289062
2023-03-28,795.7991333007812
2023-03-29,821.2811889648438
2023-03-31,830.80029296875
2023-04-03,828.9452514648438
2023-04-05,819.0844116210938
2023-04-06,813.1288452148438
2023-04-10,803.4633178710938
2023-04-11,799.4603881835938
2023-04-12,794.6764526367188
2023-04-13,795.7503662109375
2023-04-17,789.208984375
2023-04-18,797.995849609375
2023-04-19,792.5773315429688
2023-04-20,805.855224609375
2023-04-21,806.6364135742188
2023-04-24,802.82861328125
2023-04-25,808.1984252929688
2023-04-26,811.02978515625
2023-04-27,823.966064453125
2023-04-28,823.2826538085938
2023-05-02,831.4837646484375
2023-05-03,823.3802490234375
2023-05-04,830.5562744140625
2023-05-05,821.720458984375
2023-05-08,823.5755615234375
2023-05-09,822.8432006835938
2023-05-10,848.3252563476562
2023-05-11,878.4935302734375
2023-05-12,870.4877319335938
2023-05-15,855.501220703125
2023-05-16,854.9154052734375
2023-05-17,859.455322265625
2023-05-18,853.5485229492188
2023-05-19,846.66552734375
2023-05-22,841.4910278320312
2023-05-23,846.71435546875
2023-05-24,849.0086059570312
2023-05-25,854.72021484375
2023-05-26,852.328125
2023-05-29,854.72021484375
2023-05-30,876.1504516601562
2023-05-31,880.7390747070312
2023-06-01,878.8352661132812
2023-06-02,879.5187377929688
2023-06-05,895.9208984375
2023-06-06,885.6695556640625
2023-06-07,881.2760620117188
2023-06-08,879.079345703125
2023-06-09,874.05126953125
2023-06-12,880.8367309570312
2023-06-13,880.7879028320312
2023-06-14,902.6087036132812
2023-06-15,896.3601684570312
2023-06-16,901.4859008789062
2023-06-19,887.7686767578125
2023-06-20,892.5037841796875
2023-06-21,895.1886596679688
2023-06-22,883.6680908203125
2023-06-23,878.15185546875
2023-06-26,887.8173828125
2023-06-27,884.3514404296875
2023-06-28,878.6888427734375
2023-06-30,887.4757080078125
2023-07-03,884.986083984375
2023-07-04,880.0067749023438
2023-07-05,882.0083618164062
2023-07-06,895.7257080078125
2023-07-07,895.2863159179688
2023-07-10,886.3529052734375
2023-07-11,884.5956420898438
2023-07-12,889.4283447265625
2023-07-13,879.5187377929688
2023-07-14,879.567626953125
2023-07-17,889.7700805664062
2023-07-18,917.49755859375
2023-07-19,919.5967407226562
2023-07-20,907.6367797851562
2023-07-21,899.875
2023-07-24,926.0404052734375
2023-07-25,924.9176025390625
2023-07-26,924.771240234375
2023-07-27,930.5802612304688
2023-07-28,929.5551147460938
2023-07-31,923.6972045898438
2023-08-01,909.0036010742188
2023-08-02,905.0982666015625
2023-08-03,916.9606323242188
2023-08-04,911.6397094726562
2023-08-07,901.82763671875
2023-08-08,907.0509033203125
2023-08-09,903.0968627929688
2023-08-10,925.25927734375
2023-08-11,934.387939453125
2023-08-14,907.8807983398438
2023-08-16,899.826171875
2023-08-17,908.4901123046875
2023-08-18,918.8672485351562
2023-08-21,910.3991088867188
2023-08-22,918.4267578125
2023-08-23,909.615966796875
2023-08-24,907.5111694335938
2023-08-25,911.8186645507812
2023-08-28,914.0214233398438
2023-08-29,909.9586181640625
2023-08-30,908.5880126953125
2023-08-31,925.0348510742188
2023-09-01,904.867919921875
2023-09-04,910.9865112304688
2023-09-05,907.2664184570312
2023-09-06,905.455322265625
2023-09-07,904.280517578125
2023-09-08,904.9168701171875
2023-09-11,902.077880859375
2023-09-12,893.3159790039062
2023-09-13,893.3159790039062
2023-09-14,889.2042846679688
2023-09-15,874.6175537109375
2023-09-18,882.59619140625
2023-09-20,881.2745971679688
2023-09-21,891.602783203125
2023-09-22,895.567626953125
2023-09-25,885.288330078125
2023-09-26,886.0715942382812
2023-09-27,884.3093872070312
2023-09-28,882.1067504882812
2023-09-29,881.7151489257812
2023-10-03,891.70068359375
2023-10-04,886.7079467773438
2023-10-05,887.0995483398438
2023-10-06,886.3652954101562
2023-10-09,891.9944458007812
2023-10-10,884.5541381835938
2023-10-11,886.6589965820312
2023-10-12,894.5886840820312
2023-10-13,890.9664306640625
2023-10-16,896.1060791015625
2023-10-17,899.23876953125
2023-10-18,908.0006713867188
2023-10-19,900.2667236328125
2023-10-20,884.2114868164062
2023-10-23,872.8554077148438
2023-10-25,865.9047241210938
2023-10-26,851.5626220703125
2023-10-27,877.4075927734375
2023-10-30,871.8274536132812
2023-10-31,879.1209106445312
2023-11-01,916.9093627929688
2023-11-02,891.30908203125
2023-11-03,888.3231811523438
2023-11-06,888.5189819335938
2023-11-07,886.5120849609375
2023-11-08,889.8895874023438
2023-11-09,889.9874877929688
2023-11-10,886.5120849609375
2023-11-13,882.1557006835938
2023-11-15,881.4703979492188
2023-11-16,880.8829956054688
2023-11-17,882.2536010742188
2023-11-20,882.4003295898438
2023-11-21,881.3235473632812
2023-11-22,878.5823974609375
2023-11-23,874.5195922851562
2023-11-24,869.0374145507812
2023-11-28,886.6589965820312
2023-11-29,879.3656005859375
2023-11-30,890.91748046875
2023-12-01,895.861328125
2023-12-04,898.1619873046875
2023-12-05,895.2250366210938
2023-12-06,890.7216796875
2023-12-07,891.30908203125
2023-12-08,899.4345703125
2023-12-11,897.2808227539062
2023-12-12,889.8406982421875
2023-12-13,901.9309692382812
2023-12-14,890.8685302734375
2023-12-15,891.9944458007812
2023-12-18,890.330078125
2023-12-19,889.1553955078125
2023-12-20,879.9039916992188
2023-12-21,878.9739990234375
2023-12-22,879.2677001953125
2023-12-26,876.6734008789062
2023-12-27,877.65234375
2023-12-28,876.5265502929688
2023-12-29,884.5052490234375
2024-01-01,884.4073486328125
2024-01-02,883.7220458984375
2024-01-03,880.2955932617188
2024-01-04,882.6450805664062
2024-01-05,883.085693359375
2024-01-08,877.750244140625
2024-01-09,876.2328491210938
2024-01-10,872.9043579101562
2024-01-11,881.0787963867188
2024-01-12,876.3796997070312
2024-01-15,873.1001586914062
2024-01-16,872.4638061523438
2024-01-17,866.7367553710938
2024-01-18,855.0869750976562
2024-01-19,853.2268676757812
2024-01-23,836.8291015625
2024-01-24,836.24169921875
2024-01-25,833.4515991210938
2024-01-29,827.0881958007812
2024-01-30,827.430908203125
2024-01-31,842.017578125
2024-02-01,829.1929931640625
2024-02-02,821.21435546875
2024-02-05,827.8714599609375
2024-02-06,839.521240234375
2024-02-07,860.2755126953125
2024-02-08,841.870849609375
2024-02-09,833.9900512695312
2024-02-12,824.0534057617188
2024-02-13,849.4578857421875
2024-02-14,832.5216064453125
2024-02-15,829.7803955078125
2024-02-16,824.3471069335938
2024-02-19,819.7459106445312
2024-02-20,814.6063232421875
2024-02-21,823.3681640625
2024-02-22,825.2771606445312
2024-02-23,822.8297119140625
2024-02-26,820.6759643554688
2024-02-27,817.24951171875
2024-02-28,819.59912109375
2024-02-29,818.130615234375
2024-03-01,820.1375122070312
2024-03-04,813.0888061523438
2024-03-05,816.6132202148438
2024-03-06,814.0188598632812
2024-03-07,820.77392578125
2024-03-11,809.4666748046875
2024-03-12,800.6558837890625
2024-03-13,789.0549926757812
2024-03-14,786.3138427734375
2024-03-15,869.233154296875
2024-03-18,836.7801513671875
2024-03-19,828.6546630859375
2024-03-20,816.5152587890625
2024-03-21,813.7252197265625
2024-03-22,813.3336181640625
2024-03-26,798.4042358398438
2024-03-27,759.7835693359375
2024-03-28,800.117431640625
2024-04-01,805.35498046875
2024-04-02,817.543212890625
2024-04-03,820.77392578125
2024-04-04,824.7876586914062
2024-04-05,822.7808227539062
2024-04-08,817.2984619140625
2024-04-09,808.6834716796875
2024-04-10,813.2357177734375
2024-04-12,812.7462768554688
2024-04-15,805.7954711914062
2024-04-16,802.9564208984375
2024-04-18,802.6138305664062
2024-04-19,797.0336303710938
2024-04-22,795.3694458007812
2024-04-23,804.5228881835938
2024-04-24,806.3829345703125
2024-04-25,822.7808227539062
2024-04-26,813.774169921875
2024-04-29,814.753173828125
2024-04-30,816.7600708007812
2024-05-02,812.2567749023438
2024-05-03,808.0960693359375
2024-05-06,811.1798095703125
2024-05-07,820.9695434570312
2024-05-08,827.430908203125
2024-05-09,824.8366088867188
2024-05-10,833.4026489257812
2024-05-13,818.130615234375
2024-05-14,813.0888061523438
2024-05-15,809.2708740234375
2024-05-16,813.48046875
2024-05-17,815.1937255859375
2024-05-21,808.14501953125
2024-05-22,814.753173828125
2024-05-23,811.5225219726562
2024-05-24,805.1102294921875
2024-05-27,798.9916381835938
2024-05-28,790.817138671875
2024-05-29,791.89404296875
2024-05-30,783.474853515625
2024-05-31,772.6572265625
2024-06-03,772.8040161132812
2024-06-04,765.265869140625
2024-06-05,789.9850463867188
2024-06-06,797.8168334960938
2024-06-07,803.00537109375
2024-06-10,816.3684692382812
2024-06-11,814.3615112304688
2024-06-12,812.1588134765625
2024-06-13,816.9068603515625
2024-06-14,816.564208984375
2024-06-18,814.165771484375
2024-06-19,811.6204223632812
2024-06-20,819.2074584960938
2024-06-21,812.5994262695312
2024-06-24,812.7462768554688
2024-06-25,814.45947265625
2024-06-26,810.2987670898438
2024-06-27,799.2363891601562
2024-06-28,809.9071655273438
2024-07-01,816.3194580078125
2024-07-02,812.990966796875
2024-07-03,816.3194580078125
2024-07-04,817.543212890625
2024-07-05,812.1588134765625
2024-07-08,815.536376953125
2024-07-09,810.2008666992188
2024-07-10,812.3057250976562
2024-07-11,813.8720703125
2024-07-12,807.2150268554688
2024-07-15,799.3342895507812
2024-07-16,818.4732055664062
2024-07-18,812.7952270507812
2024-07-19,803.0543212890625
2024-07-22,804.865478515625
2024-07-23,816.3684692382812
2024-07-24,837.906005859375
2024-07-25,849.3109741210938
2024-07-26,846.6677856445312
2024-07-29,850.9263305664062
2024-07-30,852.4437255859375
2024-07-31,850.4368286132812
2024-08-01,830.2698974609375
2024-08-02,825.91357421875
2024-08-05,799.9705810546875
2024-08-06,813.578369140625
2024-08-07,821.703857421875
2024-08-08,814.85107421875
2024-08-09,804.9143676757812
2024-08-12,798.502197265625
2024-08-13,778.0415649414062
2024-08-14,768.4965209960938
2024-08-16,761.6437377929688
2024-08-19,782.78955078125
2024-08-20,784.4537963867188
2024-08-21,792.0897827148438
2024-08-22,804.2743530273438
2024-08-23,796.3642578125
2024-08-26,786.980224609375
2024-08-27,787.4715576171875
2024-08-28,787.1276245117188
2024-08-29,788.8963012695312
2024-08-30,783.0005493164062
2024-09-02,791.7459106445312
2024-09-03,807.5660400390625
2024-09-04,803.0460815429688
2024-09-05,808.5487060546875
2024-09-06,810.661376953125
2024-09-09,808.9909057617188
2024-09-10,816.606201171875
2024-09-11,821.4210815429688
2024-09-12,824.1232299804688
2024-09-13,821.2244873046875
2024-09-16,813.3635864257812
2024-09-17,808.7943115234375
2024-09-18,802.5547485351562
2024-09-19,813.510986328125
2024-09-20,822.9932250976562
2024-09-23,807.7626342773438
2024-09-24,802.2108154296875
2024-09-25,801.52294921875
2024-09-26,794.4972534179688
2024-09-27,791.05810546875
2024-09-30,797.0521240234375
2024-10-01,798.476806640625
2024-10-03,790.7142333984375
2024-10-04,784.4744873046875
2024-10-07,774.2553100585938
2024-10-08,778.8244018554688
2024-10-09,781.0845336914062
2024-10-10,787.8645629882812
2024-10-11,783.0497436523438
2024-10-14,779.7088012695312
2024-10-15,792.286376953125
2024-10-16,771.1600341796875
2024-10-17,770.3739624023438
2024-10-18,768.4578247070312
2024-10-21,762.2182006835938
2024-10-22,753.2763061523438
2024-10-23,746.348876953125
2024-10-24,745.4154052734375
2024-10-25,727.4334716796875
2024-10-28,730.5778198242188
2024-10-29,728.366943359375
2024-10-30,735.4909057617188
2024-10-31,758.4843139648438
2024-11-01,767.966552734375
2024-11-04,757.8946533203125
2024-11-05,753.8659057617188
2024-11-06,762.4638671875
2024-11-07,765.2151489257812
2024-11-08,756.9120483398438
2024-11-11,725.8121337890625
2024-11-12,687.14599609375
2024-11-13,671.9154052734375
2024-11-14,666.2162475585938
2024-11-18,651.0838623046875
2024-11-19,647.8903198242188
2024-11-21,624.4548950195312
2024-11-22,623.5704956054688
2024-11-25,616.9378051757812
2024-11-26,632.5123901367188
2024-11-27,641.2085571289062
2024-11-28,649.7573852539062
2024-11-29,658.3552856445312
2024-12-02,668.3780517578125
2024-12-03,672.0628662109375
2024-12-04,667.3462524414062
2024-12-05,659.6326293945312
2024-12-06,655.8004760742188
2024-12-09,669.5571899414062
2024-12-10,642.584228515625
2024-12-11,642.5350952148438
2024-12-12,639.2433471679688
2024-12-13,635.01806640625
2024-12-16,643.8125
2024-12-17,629.8593139648438
2024-12-18,627.058837890625
2024-12-19,626.5183715820312
2024-12-20,616.00439453125
2024-12-23,612.7125854492188
2024-12-24,615.1199951171875
2024-12-26,609.2243041992188
2024-12-27,611.3369140625
2024-12-30,610.4034423828125
2024-12-31,609.2243041992188
2025-01-01,614.3829956054688
2025-01-02,620.3770141601562
2025-01-03,622.2930908203125
2025-01-06,607.1607666015625
2025-01-07,613.5969848632812
2025-01-08,607.8485717773438
2025-01-09,601.6090087890625
2025-01-10,591.8319091796875
2025-01-13,571.3443603515625
2025-01-14,571.9338989257812
2025-01-15,567.0698852539062
2025-01-16,566.7750854492188
2025-01-17,569.28076171875
2025-01-20,568.2981567382812
2025-01-21,564.6133422851562
2025-01-22,556.359375
2025-01-23,551.3479614257812
2025-01-24,548.645751953125
2025-01-27,537.001708984375
2025-01-28,522.5571899414062
2025-01-29,530.4181518554688
2025-01-30,535.4295654296875
2025-01-31,539.9004516601562
2025-02-01,546.582275390625
2025-02-03,535.7734375
2025-02-04,527.8633422851562
2025-02-05,524.4733276367188
2025-02-06,527.7650756835938
2025-02-07,526.2911376953125
2025-02-10,516.8580322265625
2025-02-11,502.3643798828125
2025-02-12,495.3877868652344
2025-02-13,483.3015441894531
2025-02-14,461.2908935546875
2025-02-17,442.9158935546875
2025-02-18,437.2658386230469
2025-02-19,438.3467102050781
2025-02-20,436.6762390136719
2025-02-21,435.4479675292969
2025-02-24,424.6391296386719
2025-02-25,432.25445556640625
2025-02-27,433.3353271484375
2025-02-28,419.77520751953125
2025-03-03,410.8333740234375
2025-03-04,410.0472412109375
2025-03-05,423.7547912597656
2025-03-06,428.17657470703125
2025-03-07,434.1705627441406
2025-03-10,414.4690246582031
2025-03-11,407.68896484375
2025-03-12,399.0910339355469
2025-03-13,395.99578857421875
2025-03-17,392.9496765136719
2025-03-18,392.9496765136719
2025-03-19,415.30426025390625
2025-03-20,430.7314147949219
2025-03-21,429.3557434082031
2025-03-24,429.4539794921875
2025-03-25,416.3360290527344
2025-03-26,410.0472412109375
2025-03-27,409.3102722167969
2025-03-28,399.87713623046875
2025-04-01,407.8854675292969
2025-04-02,414.1251525878906
2025-04-03,420.61041259765625
2025-04-04,409.35943603515625
2025-04-07,395.70098876953125
2025-04-08,401.547607421875
2025-04-09,398.0592956542969
2025-04-11,410.39117431640625
2025-04-15,406.3624267578125
2025-04-16,401.154541015625
2025-04-17,400.0245361328125
2025-04-21,404.9376220703125
2025-04-22,414.37078857421875
2025-04-23,422.9195556640625
2025-04-24,427.9309387207031
2025-04-25,415.89385986328125
2025-04-28,411.81597900390625
2025-04-29,409.6051025390625
2025-04-30,402.6775817871094
2025-05-02,400.07366943359375
2025-05-05,404.642822265625
2025-05-06,396.9292907714844
2025-05-07,403.5619812011719
2025-05-08,397.273193359375
2025-05-09,394.86578369140625
2025-05-12,413.3390197753906
2025-05-13,414.9112243652344
2025-05-14,420.21734619140625
2025-05-15,424.9339599609375
2025-05-16,432.05792236328125
2025-05-19,426.9483337402344
2025-05-20,416.1394958496094
2025-05-21,424.39349365234375
2025-05-22,432.0088195800781
2025-05-23,438.6906433105469
2025-05-26,432.9422912597656
2025-05-27,431.4683532714844
2025-05-28,431.4683532714844
2025-05-29,430.5840148925781
2025-05-30,429.4539794921875
2025-06-02,435.7919006347656
2025-06-03,431.9105224609375
2025-06-04,427.4887390136719
2025-06-05,427.6852722167969
2025-06-06,441.1963195800781
2025-06-09,437.6097412109375
2025-06-10,439.9189147949219
2025-06-11,440.0662841796875
2025-06-12,426.5061340332031
2025-06-13,414.3216552734375
2025-06-16,414.8620910644531
2025-06-17,407.5415954589844
2025-06-18,411.1772766113281
2025-06-19,401.154541015625
2025-06-20,398.89453125
2025-06-23,403.611083984375
2025-06-24,408.1802673339844
2025-06-25,412.2581481933594
2025-06-26,417.2203674316406
2025-06-27,417.4168701171875
2025-06-30,427.3905029296875
2025-07-01,431.2718200683594
2025-07-02,432.5001220703125
2025-07-03,429.99444580078125
2025-07-04,456.6725769042969
2025-07-07,497.549560546875
2025-07-08,487.5759582519531
2025-07-09,490.818603515625
2025-07-10,509.8322448730469
2025-07-11,492.09600830078125
2025-07-14,481.6802673339844
2025-07-15,486.0528869628906
2025-07-16,486.2002868652344
2025-07-17,504.03485107421875
2025-07-18,499.3182678222656
2025-07-21,489.0990295410156
2025-07-22,491.9486083984375
2025-07-23,487.330322265625
2025-07-24,487.7724609375
2025-07-25,473.2297058105469
2025-07-28,471.36273193359375
2025-07-29,473.08233642578125
2025-07-30,474.5562744140625
2025-07-31,445.9620361328125
2025-08-01,435.3005676269531
2025-08-04,434.80926513671875
2025-08-05,427.98004150390625
2025-08-06,429.748779296875
2025-08-07,442.5228271484375
2025-08-08,428.9626770019531
2025-08-11,428.323974609375
2025-08-12,425.81829833984375
2025-08-13,425.474365234375
2025-08-14,429.0118408203125
2025-08-18,463.0595703125
2025-08-19,474.65447998046875
2025-08-20,468.41485595703125
2025-08-21,475.7322998046875
2025-08-22,471.52972412109375
2025-08-25,460.45465087890625
2025-08-26,449.8246154785156
2025-08-28,442.7049560546875
2025-08-29,472.2713623046875
2025-09-01,484.2363586425781
2025-09-02,481.1709289550781
2025-09-03,493.828125
2025-09-04,492.7403869628906
2025-09-05,491.6526794433594
2025-09-08,483.0991516113281
2025-09-09,489.4277648925781
2025-09-10,487.6972961425781
2025-09-11,488.6861572265625
2025-09-12,483.8902587890625
2025-09-15,475.583984375
2025-09-16,483.34637451171875
2025-09-17,493.5314636230469
2025-09-18,489.87274169921875
2025-09-19,464.4100341796875
2025-09-22,460.1085510253906
2025-09-23,450.12127685546875
2025-09-24,436.92022705078125
2025-09-25,431.531005859375
2025-09-26,425.44964599609375
2025-09-29,443.4960021972656
2025-09-30,440.9744873046875
2025-10-01,440.6283874511719
2025-10-03,437.01910400390625
2025-10-06,435.58526611328125
2025-10-07,430.9871520996094
2025-10-08,437.7112731933594
2025-10-09,433.0142822265625
2025-10-10,429.7510986328125
2025-10-13,427.13067626953125
2025-10-14,422.23590087890625
2025-10-15,437.06854248046875
2025-10-16,436.2774658203125
2025-10-17,433.3603820800781
2025-10-20,429.4544372558594
2025-10-21,437.6618347167969
2025-10-23,438.79901123046875
2025-10-24,439.2440185546875
2025-10-27,430.0971984863281
2025-10-28,429.602783203125
2025-10-29,435.8819274902344
2025-10-30,436.326904296875
2025-10-31,431.2838134765625
2025-11-03,429.602783203125
2025-11-04,428.3667297363281
2025-11-06,432.5198669433594
2025-11-07,426.6362609863281
2025-11-10,423.17529296875
2025-11-11,427.0812072753906
2025-11-12,429.7510986328125
2025-11-13,424.7574462890625
2025-11-14,421.3953857421875
2025-11-17,423.1258544921875
2025-11-18,416.6983642578125
2025-11-19,408.98541259765625
2025-11-20,409.6281433105469
2025-11-21,403.89288330078125
2025-11-24,398.40478515625
2025-11-25,395.6854553222656
2025-11-26,407.7987976074219
2025-11-27,405.5738830566406
2025-11-28,404.6839294433594
2025-12-01,403.0523376464844
2025-12-02,401.7174072265625
2025-12-03,401.6185302734375
2025-12-04,403.6456604003906
2025-12-05,399.9869384765625
2025-12-08,393.4111328125
2025-12-09,416.2039489746094
2025-12-10,407.1065979003906
2025-12-11,402.1623840332031
2025-12-12,400.5307922363281
2025-12-15,399.7397155761719
2025-12-16,396.5259704589844
2025-12-17,396.773193359375
2025-12-18,398.20703125
2025-12-19,397.66314697265625
2025-12-22,397.9103698730469
2025-12-23,398.94866943359375
2025-12-24,400.82745361328125
2025-12-26,398.7014465332031
2025-12-29,398.80029296875
2025-12-30,395.93267822265625
2025-12-31,399.8880310058594
2026-01-01,398.1575622558594
2026-01-02,398.80029296875
2026-01-05,401.7174072265625
2026-01-06,399.838623046875
2026-01-07,397.4159240722656
2026-01-08,395.438232421875
2026-01-09,395.8337707519531
2026-01-12,389.40631103515625
2026-01-13,391.23565673828125
2026-01-14,388.7141418457031
2026-01-15,388.7141418457031
2026-01-16,383.9676513671875
2026-01-19,372.29931640625
2026-01-20,360.7793273925781
2026-01-21,356.42840576171875
2026-01-22,360.9770812988281
2026-01-23,353.7091064453125
2026-01-27,362.1636962890625
2026-01-28,375.5130615234375
2026-01-29,367.3551025390625
2026-01-30,386.8353271484375
2026-02-02,377.68853759765625
2026-02-03,377.09521484375
2026-02-04,371.8049011230469
2026-02-05,368.4922790527344
2026-02-06,365.1302185058594
2026-02-09,366.9101257324219
2026-02-10,369.0856018066406
2026-02-11,367.3551025390625
2026-02-12,362.5097961425781
2026-02-13,355.78564453125
2026-02-16,350.8414306640625
2026-02-17,364.04248046875
2026-02-18,368.4922790527344
2026-02-19,361.27374267578125
2026-02-20,353.956298828125
2026-02-23,352.8191223144531
2026-02-24,349.0120849609375
2026-02-25,350.0009460449219
2026-02-26,350.1986999511719
2026-02-27,344.2161865234375
2026-03-02,326.3675537109375
2026-03-04,322.6593933105469
2026-03-05,319.3468017578125
2026-03-06,318.2096252441406
2026-03-09,307.5301208496094
2026-03-10,304.51416015625
2026-03-11,301.2509765625
2026-03-12,299.2732849121094
2026-03-13,291.4119873046875
2026-03-16,283.1056823730469
2026-03-17,272.47564697265625
2026-03-18,282.41351318359375
2026-03-19,269.657470703125
2026-03-20,270.8935241699219
2026-03-23,252.00660705566406
2026-03-24,255.61587524414062
2026-03-25,262.78497314453125
2026-03-27,246.9635009765625
2026-03-30,235.24571228027344
2026-04-01,257.53424072265625
2026-04-02,264.4660339355469
2026-04-06,270.0925598144531
2026-04-07,266.84912109375
2026-04-08,277.0045471191406
2026-04-09,278.0131530761719
2026-04-10,286.8830871582031
2026-04-13,291.5701904296875
2026-04-15,301.6761474609375
2026-04-16,301.0729675292969
2026-04-17,305.58209228515625
2026-04-20,301.91351318359375
2026-04-21,302.6748962402344
2026-04-22,308.2420959472656
2026-04-23,306.106201171875
2026-04-24,297.82958984375
2026-04-27,304.8503723144531
2026-04-28,300.9444274902344
2026-04-29,300.75653076171875
2026-04-30,294.76416015625
2026-05-04,297.6911315917969
2026-05-05,296.3067626953125
2026-05-06,298.4822082519531
2026-05-07,301.8442687988281
2026-05-08,305.40411376953125
2026-05-11,306.88739013671875
2026-05-12,286.1711120605469
2026-05-13,283.4517822265625
2026-05-14,287.7532653808594
2026-05-15,285.1822814941406
2026-05-18,284.09454345703125
2026-05-19,287.50604248046875
2026-05-20,288.0498962402344
2026-05-21,290.5220031738281
2026-05-22,291.1153259277344
2026-05-25,295.41680908203125
2026-05-26,298.1361083984375
2026-05-27,298.63055419921875
2026-05-28,298.63055419921875
2026-05-29,341.4474182128906
2026-06-01,324.1426696777344
2026-06-02,324.5876770019531
2026-06-03,333.8333435058594
2026-06-04,333.43780517578125
2026-06-05,326.3675537109375
2026-06-08,315.5892028808594
2026-06-09,343.22735595703125
2026-06-10,340.7552490234375
2026-06-11,332.9433898925781
2026-06-12,338.8269958496094
2026-06-15,337.6898193359375
2026-06-16,346.9355163574219
2026-06-17,360.1860046386719
2026-06-18,363.745849609375
2026-06-19,351.8797302246094
2026-06-22,352.2752685546875
2026-06-23,360.3343200683594
2026-06-24,364.8335876464844
2026-06-25,408.9359436035156
2026-06-26,408.9359436035156
2026-06-29,413.18798828125
2026-06-30,401.2229919433594
2026-07-01,405.4255676269531
2026-07-02,400.92633056640625
2026-07-03,392.71893310546875
2026-07-06,396.2787780761719
2026-07-07,388.0713806152344
2026-07-08,380.5067138671875
2026-07-09,382.53387451171875
2026-07-10,390.2962951660156
2026-07-13,394.39996337890625
2026-07-14,384.8081970214844
2026-07-15,373.4364929199219
2026-07-16,362.5592346191406
2026-07-17,435.0414123535156
2026-07-20,432.17376708984375
2026-07-21,406.364990234375
2026-07-22,397.0204162597656
2026-07-23,391.6806640625
2026-07-24,398.4542236328125
2026-07-27,396.9215087890625
2026-07-28,387.57696533203125
2026-07-29,404.5356140136719
2026-07-30,403.59619140625
2026-07-31,399.4430847167969
2026-08-03,404.14007568359375
2026-08-04,402.0635070800781
2026-08-05,411.5069580078125
2026-08-06,420.80206298828125
2026-08-07,418.72552490234375
2026-08-10,419.71435546875
2026-08-11,416.9455871582031
2026-08-12,412.34747314453125
2026-08-13,414.7701416015625
2026-08-14,391.8289794921875
2026-08-17,386.8353271484375
2026-08-18,379.6662292480469
2026-08-19,369.0361633300781
2026-08-20,369.9261169433594
2026-08-21,372.3982238769531
2026-08-24,373.3376159667969
2026-08-25,364.4380187988281
2026-08-26,363.30084228515625
2026-08-27,352.126953125
2026-08-28,352.7696838378906
2026-08-31,353.857421875
2026-09-01,355.3406677246094
2026-09-02,342.53515625
2026-09-03,340.1125183105469
2026-09-04,340.903564453125
2026-09-07,334.2783203125
2026-09-08,329.97686767578125
2026-09-09,322.461669921875
2026-09-10,323.2527160644531
2026-09-11,321.3244934082031
2026-09-14,321.3244934082031
2026-09-15,313.61151123046875
2026-09-16,307.9256591796875
2026-09-17,310.20001220703125
2026-09-18,291.25
2026-09-21,293.6499938964844
