Date,TATAPOWER
1996-01-01,6.109271049499512
1996-01-02,6.033221244812012
1996-01-03,5.995196342468262
1996-01-04,5.906472206115723
1996-01-05,6.023080825805664
1996-01-08,6.073780059814453
1996-01-09,6.16250467300415
1996-01-10,6.109271049499512
1996-01-11,6.332348346710205
1996-01-12,6.459095001220703
1996-01-15,6.469234943389893
1996-01-16,6.375442028045654
1996-01-17,6.294322967529297
1996-01-18,6.365303993225098
1996-01-19,6.390652179718018
1996-01-22,6.301927089691162
1996-01-23,6.375442028045654
1996-01-24,6.370372772216797
1996-01-25,6.337418079376221
1996-01-26,6.337418079376221
1996-01-29,6.438816070556641
1996-01-30,6.471770763397217
1996-01-31,6.489517688751221
1996-02-01,6.5630292892456055
1996-02-02,6.94834566116333
1996-02-05,6.897644519805908
1996-02-06,6.887506484985352
1996-02-07,6.890039920806885
1996-02-08,7.3818230628967285
1996-02-09,7.440129280090332
1996-02-12,7.407171726226807
1996-02-13,7.6048994064331055
1996-02-14,8.040914535522461
1996-02-15,7.99782133102417
1996-02-16,7.741788387298584
1996-02-19,7.675879001617432
1996-02-20,7.767141342163086
1996-02-21,7.767141342163086
1996-02-22,7.85079288482666
1996-02-23,7.92684268951416
1996-02-26,7.774744510650635
1996-02-27,7.668275356292725
1996-02-28,7.871072769165039
1996-02-29,7.386893272399902
1996-03-01,7.455336570739746
1996-03-04,7.549132823944092
1996-03-05,7.549132823944092
1996-03-06,7.4578752517700195
1996-03-07,7.43505859375
1996-03-08,7.440129280090332
1996-03-11,7.343800067901611
1996-03-12,7.318449974060059
1996-03-13,7.402103900909424
1996-03-14,7.452803134918213
1996-03-15,7.50603723526001
1996-03-18,7.47815465927124
1996-03-19,7.5237812995910645
1996-03-20,7.5237812995910645
1996-03-21,7.53392219543457
1996-03-22,7.465477466583252
1996-03-25,7.43505859375
1996-03-26,7.6023664474487305
1996-03-27,7.488292217254639
1996-03-28,7.592224597930908
1996-03-29,7.4097065925598145
1996-04-01,7.440129280090332
1996-04-02,7.480687141418457
1996-04-03,7.620110511779785
1996-04-04,7.559270858764648
1996-04-05,7.559270858764648
1996-04-08,7.711369514465332
1996-04-09,7.6378560066223145
1996-04-10,7.630249977111816
1996-04-11,7.577016353607178
1996-04-12,7.556737422943115
1996-04-15,7.6530656814575195
1996-04-16,7.660671234130859
1996-04-17,8.081474304199219
1996-04-18,8.682259559631348
1996-04-19,8.950970649719238
1996-04-22,8.77098560333252
1996-04-23,8.598609924316406
1996-04-24,8.945897102355957
1996-04-25,8.482001304626465
1996-04-26,8.433835983276367
1996-04-29,8.360321998596191
1996-04-30,8.129637718200684
1996-05-01,8.428763389587402
1996-05-02,8.44144058227539
1996-05-03,8.58593463897705
1996-05-06,8.3197603225708
1996-05-07,8.388205528259277
1996-05-08,8.530162811279297
1996-05-09,8.289341926574707
1996-05-10,8.160058975219727
1996-05-13,8.182873725891113
1996-05-14,8.243711471557617
1996-05-15,8.352716445922852
1996-05-16,8.4718599319458
1996-05-17,8.332435607910156
1996-05-20,8.16766357421875
1996-05-21,8.068801879882812
1996-05-22,8.106825828552246
1996-05-23,8.086543083190918
1996-05-24,8.114428520202637
1996-05-27,8.096685409545898
1996-05-28,8.040914535522461
1996-05-29,8.337505340576172
1996-05-30,8.269062995910645
1996-05-31,8.322297096252441
1996-06-03,8.390741348266602
1996-06-04,8.342576026916504
1996-06-05,8.405951499938965
1996-06-06,8.563117980957031
1996-06-07,8.677192687988281
1996-06-10,8.834358215332031
1996-06-11,8.831827163696289
1996-06-12,9.7469482421875
1996-06-13,10.051145553588867
1996-06-14,10.791356086730957
1996-06-17,10.89186954498291
1996-06-18,11.090327262878418
1996-06-19,10.827436447143555
1996-06-20,10.822284698486328
1996-06-21,10.729497909545898
1996-06-24,10.641868591308594
1996-06-25,10.404751777648926
1996-06-26,10.162483215332031
1996-06-27,10.144439697265625
1996-06-28,10.07742977142334
1996-07-01,9.90732479095459
1996-07-02,9.688253402709961
1996-07-03,9.350616455078125
1996-07-04,9.469176292419434
1996-07-05,9.538763046264648
1996-07-08,9.641857147216797
1996-07-09,9.417628288269043
1996-07-10,9.45628833770752
1996-07-11,9.543917655944824
1996-07-12,9.329997062683105
1996-07-15,9.270716667175293
1996-07-16,7.902148246765137
1996-07-17,8.701125144958496
1996-07-18,8.760405540466309
1996-07-19,8.672772407531738
1996-07-22,8.951128959655762
1996-07-23,8.422769546508789
1996-07-24,8.531021118164062
1996-07-25,8.62122917175293
1996-07-26,8.680508613586426
1996-07-29,8.497514724731445
1996-07-30,8.39441967010498
1996-07-31,8.613497734069824
1996-08-01,8.4150390625
1996-08-02,8.376379013061523
1996-08-05,8.293903350830078
1996-08-06,8.162459373474121
1996-08-07,8.430506706237793
1996-08-08,8.28101921081543
1996-08-09,8.28101921081543
1996-08-12,8.18565845489502
1996-08-13,8.09802532196045
1996-08-14,7.9923553466796875
1996-08-15,7.9923553466796875
1996-08-16,7.878951549530029
1996-08-19,7.489773273468018
1996-08-20,7.3944091796875
1996-08-21,7.7655487060546875
1996-08-22,7.721734046936035
1996-08-23,7.8170952796936035
1996-08-26,7.7268877029418945
1996-08-27,7.742351531982422
1996-08-28,7.943383693695068
1996-08-29,7.881527423858643
1996-08-30,7.899569511413574
1996-09-02,8.023283004760742
1996-09-03,7.770702838897705
1996-09-04,7.783588886260986
1996-09-05,7.860908031463623
1996-09-06,8.20369815826416
1996-09-09,7.8248291015625
1996-09-10,7.582558631896973
1996-09-11,7.616062641143799
1996-09-12,7.6650309562683105
1996-09-13,7.554205894470215
1996-09-16,7.474307537078857
1996-09-17,7.2036871910095215
1996-09-18,7.541319847106934
1996-09-19,7.291316032409668
1996-09-20,7.144407272338867
1996-09-23,7.123788356781006
1996-09-24,7.018117427825928
1996-09-25,7.020694255828857
1996-09-26,6.8119306564331055
1996-09-27,6.623782634735107
1996-09-30,6.433059215545654
1996-10-01,6.213985443115234
1996-10-02,6.213985443115234
1996-10-03,6.2010979652404785
1996-10-04,6.113467693328857
1996-10-07,5.713980674743652
1996-10-08,5.799032688140869
1996-10-09,5.920167446136475
1996-10-10,6.288729190826416
1996-10-11,6.237181663513184
1996-10-14,5.958827972412109
1996-10-15,6.1315107345581055
1996-10-16,6.1882123947143555
1996-10-17,6.216562747955322
1996-10-18,6.216562747955322
1996-10-21,6.216562747955322
1996-10-22,6.538731098175049
1996-10-23,6.989767551422119
1996-10-24,6.639247417449951
1996-10-25,6.6933722496032715
1996-10-28,6.657288551330566
1996-10-29,6.487183570861816
1996-10-30,6.487183570861816
1996-10-31,6.335119724273682
1996-11-01,6.250068664550781
1996-11-04,6.0696539878845215
1996-11-05,5.894393444061279
1996-11-06,5.850579261779785
1996-11-07,5.940785884857178
1996-11-08,6.030991554260254
1996-11-11,5.956250190734863
1996-11-12,5.956250190734863
1996-11-13,6.113467693328857
1996-11-14,6.020684719085693
1996-11-15,6.1315107345581055
1996-11-18,6.23202657699585
1996-11-19,6.136665344238281
1996-11-20,5.922745227813721
1996-11-21,5.904703617095947
1996-11-22,5.613462924957275
1996-11-25,5.7242889404296875
1996-11-26,5.683051109313965
1996-11-27,5.616039276123047
1996-11-28,5.523254871368408
1996-11-29,5.4639763832092285
1996-12-02,5.415007591247559
1996-12-03,5.391811847686768
1996-12-04,5.252634525299072
1996-12-05,5.2371697425842285
1996-12-06,5.309336185455322
1996-12-09,5.329954624176025
1996-12-10,5.280984878540039
1996-12-11,5.652123928070068
1996-12-12,5.698513507843018
1996-12-13,5.667586803436279
1996-12-16,5.899549961090088
1996-12-17,5.961404800415039
1996-12-18,5.951094627380371
1996-12-19,5.943363189697266
1996-12-20,6.2114081382751465
1996-12-23,6.299038410186768
1996-12-24,6.286149978637695
1996-12-25,6.286149978637695
1996-12-26,6.582545280456543
1996-12-27,6.582545280456543
1996-12-30,6.582545280456543
1996-12-31,6.384090423583984
1997-01-01,6.8299713134765625
1997-01-02,6.631516933441162
1997-01-03,6.6933722496032715
1997-01-06,6.652135372161865
1997-01-07,6.613473892211914
1997-01-08,6.752650737762451
1997-01-09,6.726876258850098
1997-01-10,6.90213680267334
1997-01-13,6.891826629638672
1997-01-14,7.128944396972656
1997-01-15,7.628948211669922
1997-01-16,7.306781768798828
1997-01-17,7.170180320739746
1997-01-20,6.8299713134765625
1997-01-21,6.716567039489746
1997-01-22,6.945953369140625
1997-01-23,6.945953369140625
1997-01-24,6.938222885131836
1997-01-27,7.0567779541015625
1997-01-28,7.52327823638916
1997-01-29,7.500082492828369
1997-01-30,7.275851726531982
1997-01-31,6.886670112609863
1997-02-03,6.652135372161865
1997-02-04,6.7114129066467285
1997-02-05,6.858322620391846
1997-02-06,6.935642242431641
1997-02-07,7.074819087982178
1997-02-10,7.090281963348389
1997-02-11,7.1830668449401855
1997-02-12,7.24234676361084
1997-02-13,7.054200172424316
1997-02-14,6.969147682189941
1997-02-17,7.1469855308532715
1997-02-18,6.9820356369018555
1997-02-19,7.059354782104492
1997-02-20,7.000076770782471
1997-02-21,6.858322620391846
1997-02-24,6.5078020095825195
1997-02-25,6.456254959106445
1997-02-26,6.750072956085205
1997-02-27,7.224303722381592
1997-02-28,7.6804938316345215
1997-03-03,7.458843231201172
1997-03-04,7.417608737945557
1997-03-05,7.512967586517334
1997-03-06,7.376368999481201
1997-03-07,7.376368999481201
1997-03-10,6.927910804748535
1997-03-11,6.974301338195801
1997-03-12,7.2552313804626465
1997-03-13,7.069664478302002
1997-03-14,7.072242259979248
1997-03-17,7.118636131286621
1997-03-18,7.512967586517334
1997-03-19,7.373790264129639
1997-03-20,7.355749607086182
1997-03-21,7.402143955230713
1997-03-24,7.402143955230713
1997-03-25,7.278430938720703
1997-03-26,7.23976993560791
1997-03-27,7.144407272338867
1997-03-28,7.144407272338867
1997-03-31,6.433059215545654
1997-04-01,6.422749996185303
1997-04-02,6.768115997314453
1997-04-03,6.927910804748535
1997-04-04,6.827392578125
1997-04-07,6.631516933441162
1997-04-08,6.631516933441162
1997-04-09,7.098016738891602
1997-04-10,6.966570854187012
1997-04-11,6.961416244506836
1997-04-14,6.961416244506836
1997-04-15,6.79646635055542
1997-04-16,6.79646635055542
1997-04-17,6.644402027130127
1997-04-18,6.644402027130127
1997-04-21,6.837703227996826
1997-04-22,6.943373680114746
1997-04-23,7.0335798263549805
1997-04-24,6.9768805503845215
1997-04-25,7.007808685302734
1997-04-28,7.118636131286621
1997-04-29,7.072242259979248
1997-04-30,7.2088422775268555
1997-05-01,7.2088422775268555
1997-05-02,7.198531627655029
1997-05-05,7.224303722381592
1997-05-06,7.100592613220215
1997-05-07,6.93306303024292
1997-05-08,7.007808685302734
1997-05-09,6.915022850036621
1997-05-12,6.793887615203857
1997-05-13,6.804195880889893
1997-05-14,6.915022850036621
1997-05-15,6.876363277435303
1997-05-16,7.082551002502441
1997-05-19,7.0052313804626465
1997-05-20,6.966570854187012
1997-05-21,6.809351444244385
1997-05-22,6.817084312438965
1997-05-23,6.747496128082275
1997-05-26,6.732032299041748
1997-05-27,6.750072956085205
1997-05-28,6.791311740875244
1997-05-29,6.781001567840576
1997-05-30,6.9176025390625
1997-06-02,6.963992595672607
1997-06-03,6.9201788902282715
1997-06-04,6.93306303024292
1997-06-05,6.8815178871154785
1997-06-06,6.817084312438965
1997-06-09,6.729455947875977
1997-06-10,6.925333023071289
1997-06-11,7.404717922210693
1997-06-12,7.4665751457214355
1997-06-13,7.531009197235107
1997-06-16,7.299046516418457
1997-06-17,7.489773273468018
1997-06-18,7.512967586517334
1997-06-19,7.484616756439209
1997-06-20,7.427917003631592
1997-06-23,7.3686370849609375
1997-06-24,7.396985054016113
1997-06-25,7.301626205444336
1997-06-26,7.134098052978516
1997-06-27,6.891826629638672
1997-06-30,6.9201788902282715
1997-07-01,7.170180320739746
1997-07-02,7.082551002502441
1997-07-03,6.994922161102295
1997-07-04,7.043890953063965
1997-07-07,7.0567779541015625
1997-07-08,7.105745792388916
1997-07-09,7.43630838394165
1997-07-10,7.544732093811035
1997-07-11,7.319951057434082
1997-07-14,7.013191223144531
1997-07-15,6.93649959564209
1997-07-16,6.9893903732299805
1997-07-17,7.118971824645996
1997-07-18,7.118971824645996
1997-07-21,7.571179389953613
1997-07-22,7.80389404296875
1997-07-23,7.788024425506592
1997-07-24,7.568534851074219
1997-07-25,7.386063098907471
1997-07-28,7.4627532958984375
1997-07-29,7.431020259857178
1997-07-30,7.468043804168701
1997-07-31,7.534153461456299
1997-08-01,7.5077104568481445
1997-08-04,7.470685005187988
1997-08-05,7.560600757598877
1997-08-06,7.764224052429199
1997-08-07,7.526222229003906
1997-08-08,7.412509441375732
1997-08-11,7.367550849914551
1997-08-12,7.415152549743652
1997-08-13,7.34904146194458
1997-08-14,7.216814994812012
1997-08-15,7.216814994812012
1997-08-18,7.129547595977783
1997-08-19,7.007901668548584
1997-08-20,7.163926601409912
1997-08-21,7.105745792388916
1997-08-22,6.997323513031006
1997-08-25,7.08988094329834
1997-08-26,7.0951690673828125
1997-08-27,7.153346538543701
1997-08-28,7.081947326660156
1997-08-29,6.587427616119385
1997-09-01,6.37586784362793
1997-09-02,6.3229780197143555
1997-09-03,6.500157833099365
1997-09-04,6.5662713050842285
1997-09-05,6.571559906005859
1997-09-08,6.563625335693359
1997-09-09,6.497513294219971
1997-09-10,6.4842915534973145
1997-09-11,6.479003429412842
1997-09-12,6.389090538024902
1997-09-15,6.34677791595459
1997-09-16,6.270087718963623
1997-09-17,6.225131511688232
1997-09-18,6.0823283195495605
1997-09-19,6.013574123382568
1997-09-22,5.984484672546387
1997-09-23,5.960682392120361
1997-09-24,6.1087727546691895
1997-09-25,6.3361992835998535
1997-09-26,6.568916320800781
1997-09-29,6.703784942626953
1997-09-30,6.732873439788818
1997-10-01,6.447269439697266
1997-10-02,6.447269439697266
1997-10-03,6.447269439697266
1997-10-06,6.447269439697266
1997-10-07,6.447269439697266
1997-10-08,6.447269439697266
1997-10-09,6.571559906005859
1997-10-10,6.724942207336426
1997-10-13,6.64560604095459
1997-10-14,6.571559906005859
1997-10-15,6.5980048179626465
1997-10-16,6.698496341705322
1997-10-17,6.648250579833984
1997-10-20,6.560983180999756
1997-10-21,6.357356548309326
1997-10-22,6.2912445068359375
1997-10-23,6.1986870765686035
1997-10-24,6.180174827575684
1997-10-27,6.13257360458374
1997-10-28,5.770280361175537
1997-10-29,6.251575469970703
1997-10-30,6.077040672302246
1997-10-31,6.077040672302246
1997-11-03,6.024148941040039
1997-11-04,5.96597146987915
1997-11-05,6.000350475311279
1997-11-06,5.958039283752441
1997-11-07,5.775567531585693
1997-11-10,5.685655117034912
1997-11-11,5.648633003234863
1997-11-12,5.482029438018799
1997-11-13,5.288982391357422
1997-11-14,5.288982391357422
1997-11-17,5.347161769866943
1997-11-18,5.283692836761475
1997-11-19,5.2916259765625
1997-11-20,5.323360443115234
1997-11-21,5.2942705154418945
1997-11-24,5.220225811004639
1997-11-25,5.275759220123291
1997-11-26,5.16733455657959
1997-11-27,5.331294536590576
1997-11-28,5.283692836761475
1997-12-01,5.281049728393555
1997-12-02,5.286337852478027
1997-12-03,5.288982391357422
1997-12-04,5.265182018280029
1997-12-05,5.339227676391602
1997-12-08,5.497897624969482
1997-12-09,5.431784629821777
1997-12-10,5.347161769866943
1997-12-11,5.402695178985596
1997-12-12,5.37624979019165
1997-12-15,5.386828422546387
1997-12-16,5.463517665863037
1997-12-17,5.659210681915283
1997-12-18,5.608964443206787
1997-12-19,5.7094550132751465
1997-12-22,5.868125915527344
1997-12-23,5.8549017906188965
1997-12-24,5.809946060180664
1997-12-25,5.809946060180664
1997-12-26,5.809946060180664
1997-12-29,5.870769500732422
1997-12-30,5.788790702819824
1997-12-31,5.820526123046875
1998-01-01,5.836390972137451
1998-01-02,6.026793956756592
1998-01-05,6.373223781585693
1998-01-06,6.251575469970703
1998-01-07,6.267443656921387
1998-01-08,6.211909294128418
1998-01-09,6.066461086273193
1998-01-12,5.968615531921387
1998-01-13,5.973903179168701
1998-01-14,5.950106143951416
1998-01-15,5.873413562774658
1998-01-16,5.870769500732422
1998-01-19,6.034728527069092
1998-01-20,5.960682392120361
1998-01-21,5.958039283752441
1998-01-22,5.817878246307373
1998-01-23,5.7993693351745605
1998-01-26,5.7993693351745605
1998-01-27,5.569296836853027
1998-01-28,5.595743656158447
1998-01-29,5.64069938659668
1998-01-30,5.7094550132751465
1998-02-02,5.688299179077148
1998-02-03,5.574585914611816
1998-02-04,5.569296836853027
1998-02-05,5.550785541534424
1998-02-06,5.529630184173584
1998-02-09,5.540208339691162
1998-02-10,5.442361831665039
1998-02-11,5.524341106414795
1998-02-12,5.442361831665039
1998-02-13,5.402695178985596
1998-02-16,5.402695178985596
1998-02-17,5.413272857666016
1998-02-18,5.503184795379639
1998-02-19,5.550785541534424
1998-02-20,5.595743656158447
1998-02-23,5.788790702819824
1998-02-24,5.78614616394043
1998-02-25,5.973903179168701
1998-02-26,5.960682392120361
1998-02-27,5.9421706199646
1998-03-02,6.233063697814941
1998-03-03,5.878703594207764
1998-03-04,6.156374931335449
1998-03-05,6.055883407592773
1998-03-06,6.042661666870117
1998-03-09,6.071751594543457
1998-03-10,5.976548194885254
1998-03-11,6.021506309509277
1998-03-12,5.981837272644043
1998-03-13,5.981837272644043
1998-03-16,6.106128692626953
1998-03-17,6.063817024230957
1998-03-18,6.288600444793701
1998-03-19,6.304466724395752
1998-03-20,6.299178123474121
1998-03-23,6.3600006103515625
1998-03-24,6.338845729827881
1998-03-25,6.825432300567627
1998-03-26,6.6032938957214355
1998-03-27,6.600649356842041
1998-03-30,6.37586784362793
1998-03-31,6.259509086608887
1998-04-01,6.4842915534973145
1998-04-02,6.5504045486450195
1998-04-03,6.5345377922058105
1998-04-06,6.5662713050842285
1998-04-07,6.500157833099365
1998-04-08,6.500157833099365
1998-04-09,6.849232196807861
1998-04-10,6.6667609214782715
1998-04-13,6.4102463722229
1998-04-14,6.4102463722229
1998-04-15,6.695852756500244
1998-04-16,6.767252445220947
1998-04-17,6.761963844299316
1998-04-20,6.563625335693359
1998-04-21,6.486935138702393
1998-04-22,6.383800983428955
1998-04-23,5.981837272644043
1998-04-24,5.846968173980713
1998-04-27,5.823169231414795
1998-04-28,5.7411909103393555
1998-04-29,5.8258137702941895
1998-04-30,5.907792568206787
1998-05-01,5.907792568206787
1998-05-04,5.926303863525391
1998-05-05,6.106128692626953
1998-05-06,6.040016174316406
1998-05-07,6.040016174316406
1998-05-08,6.040016174316406
1998-05-11,6.100839614868164
1998-05-12,6.000350475311279
1998-05-13,5.794078350067139
1998-05-14,5.902503490447998
1998-05-15,5.865480899810791
1998-05-18,5.913082122802734
1998-05-19,5.754411220550537
1998-05-20,5.7411909103393555
1998-05-21,5.603675842285156
1998-05-22,5.6565656661987305
1998-05-25,5.653921127319336
1998-05-26,5.429139614105225
1998-05-27,5.564010143280029
1998-05-28,5.4502949714660645
1998-05-29,5.360382556915283
1998-06-01,5.471450328826904
1998-06-02,5.249314785003662
1998-06-03,5.299560070037842
1998-06-04,5.310137748718262
1998-06-05,5.048332691192627
1998-06-08,4.74157190322876
1998-06-09,4.71248197555542
1998-06-10,4.717772006988525
1998-06-11,4.649014949798584
1998-06-12,4.641082763671875
1998-06-15,4.660406589508057
1998-06-16,4.723909378051758
1998-06-17,5.196023464202881
1998-06-18,4.966868877410889
1998-06-19,4.8260626792907715
1998-06-22,4.84262752532959
1998-06-23,4.911649703979492
1998-06-24,5.060739517211914
1998-06-25,5.193263053894043
1998-06-26,5.080065727233887
1998-06-29,5.190502643585205
1998-06-30,5.1021528244018555
1998-07-01,5.063499450683594
1998-07-02,4.994478225708008
1998-07-03,4.870236396789551
1998-07-06,4.892323017120361
1998-07-07,4.892323017120361
1998-07-08,4.955825328826904
1998-07-09,4.975151062011719
1998-07-10,5.124241828918457
1998-07-13,5.074543476104736
1998-07-14,5.030367374420166
1998-07-15,5.091109275817871
1998-07-16,5.124241828918457
1998-07-17,5.0441741943359375
1998-07-20,5.049696922302246
1998-07-21,4.972390174865723
1998-07-22,4.969629287719727
1998-07-23,4.884040355682373
1998-07-24,4.8371076583862305
1998-07-27,4.823301792144775
1998-07-28,4.850909233093262
1998-07-29,4.969629287719727
1998-07-30,4.917171478271484
1998-07-31,4.900606155395508
1998-08-03,4.845388412475586
1998-08-04,4.84262752532959
1998-08-05,4.870236396789551
1998-08-06,4.84262752532959
1998-08-07,4.806734561920166
1998-08-10,4.828824043273926
1998-08-11,4.815019130706787
1998-08-12,4.781888008117676
1998-08-13,4.834345817565918
1998-08-14,4.798452377319336
1998-08-17,4.828824043273926
1998-08-18,4.732191562652588
1998-08-19,4.776365280151367
1998-08-20,4.856431484222412
1998-08-21,4.834345817565918
1998-08-24,4.795691967010498
1998-08-25,4.8094964027404785
1998-08-26,4.8094964027404785
1998-08-27,4.953063011169434
1998-08-28,4.9088897705078125
1998-08-31,5.030367374420166
1998-09-01,5.002761363983154
1998-09-02,5.022086143493652
1998-09-03,5.115957736968994
1998-09-04,5.132523536682129
1998-09-07,5.220871925354004
1998-09-08,5.190502643585205
1998-09-09,5.196023464202881
1998-09-10,5.149089336395264
1998-09-11,5.057977676391602
1998-09-14,5.138044834136963
1998-09-15,5.179457187652588
1998-09-16,5.1739349365234375
1998-09-17,5.179457187652588
1998-09-18,5.165651798248291
1998-09-21,5.118717193603516
1998-09-22,5.187740325927734
1998-09-23,5.1684160232543945
1998-09-24,5.248479843139648
1998-09-25,5.287133693695068
1998-09-28,5.300937175750732
1998-09-29,5.234675884246826
1998-09-30,5.20706844329834
1998-10-01,5.20706844329834
1998-10-02,5.20706844329834
1998-10-05,4.9613471031188965
1998-10-06,4.903367519378662
1998-10-07,5.013803005218506
1998-10-08,4.9309773445129395
1998-10-09,4.889563083648682
1998-10-12,4.856431484222412
1998-10-13,4.787408351898193
1998-10-14,4.710103988647461
1998-10-15,4.682495594024658
1998-10-16,4.654885292053223
1998-10-19,4.607950210571289
1998-10-20,4.511319160461426
1998-10-21,4.511319160461426
1998-10-22,4.55549430847168
1998-10-23,4.594144344329834
1998-10-26,4.950303554534912
1998-10-27,4.8039751052856445
1998-10-28,4.654885292053223
1998-10-29,4.665929794311523
1998-10-30,4.607950210571289
1998-11-02,4.5140790939331055
1998-11-03,4.588624954223633
1998-11-04,4.588624954223633
1998-11-05,4.8094964027404785
1998-11-06,4.997239112854004
1998-11-09,5.179457187652588
1998-11-10,5.303698539733887
1998-11-11,4.975151062011719
1998-11-12,4.950303554534912
1998-11-13,4.980672836303711
1998-11-16,4.861953258514404
1998-11-17,4.903367519378662
1998-11-18,5.080065727233887
1998-11-19,4.986194133758545
1998-11-20,4.96410608291626
1998-11-23,4.870236396789551
1998-11-24,4.886801719665527
1998-11-25,4.886801719665527
1998-11-26,4.9144110679626465
1998-11-27,4.8039751052856445
1998-11-30,4.806734561920166
1998-12-01,4.983433723449707
1998-12-02,5.046934604644775
1998-12-03,5.190502643585205
1998-12-04,5.245720386505127
1998-12-07,5.281612396240234
1998-12-08,5.289895057678223
1998-12-09,5.596354007720947
1998-12-10,5.510766983032227
1998-12-11,5.483157634735107
1998-12-14,5.463830947875977
1998-12-15,5.524571895599365
1998-12-16,5.585310935974121
1998-12-17,5.369960784912109
1998-12-18,5.577028751373291
1998-12-21,5.62120246887207
1998-12-22,5.632246494293213
1998-12-23,5.665378093719482
1998-12-24,5.709551811218262
1998-12-25,5.709551811218262
1998-12-28,5.704030513763428
1998-12-29,5.662616729736328
1998-12-30,5.933184623718262
1998-12-31,5.742683410644531
1999-01-01,5.847597122192383
1999-01-04,5.7564873695373535
1999-01-05,5.687464237213135
1999-01-06,5.786856651306152
1999-01-07,5.853117942810059
1999-01-08,5.927664279937744
1999-01-11,5.8393144607543945
1999-01-12,5.811704635620117
1999-01-13,5.4721150398254395
1999-01-14,5.466590881347656
1999-01-15,5.135282516479492
1999-01-18,5.135282516479492
1999-01-19,4.886801719665527
1999-01-20,4.886801719665527
1999-01-21,4.828824043273926
1999-01-22,5.024847507476807
1999-01-25,4.8371076583862305
1999-01-26,4.8371076583862305
1999-01-27,4.972390174865723
1999-01-28,4.903367519378662
1999-01-29,4.765322685241699
1999-02-01,4.638320446014404
1999-02-02,4.489232540130615
1999-02-03,4.630037784576416
1999-02-04,4.610712051391602
1999-02-05,4.668689727783203
1999-02-08,4.621755599975586
1999-02-09,4.624516010284424
1999-02-10,4.663167953491211
1999-02-11,4.583101749420166
1999-02-12,4.497514247894287
1999-02-15,4.329098701477051
1999-02-16,4.251793384552002
1999-02-17,4.420208930969238
1999-02-18,4.251793384552002
1999-02-19,4.24627161026001
1999-02-22,4.240750312805176
1999-02-23,4.141357898712158
1999-02-24,4.196576118469238
1999-02-25,4.2324676513671875
1999-02-26,4.251793384552002
1999-03-01,4.141357898712158
1999-03-02,4.141357898712158
1999-03-03,4.108226299285889
1999-03-04,4.02263879776001
1999-03-05,3.923245429992676
1999-03-08,3.9149627685546875
1999-03-09,3.727221965789795
1999-03-10,4.025399684906006
1999-03-11,3.8542227745056152
1999-03-12,3.8210928440093994
1999-03-15,3.735503911972046
1999-03-16,3.630589485168457
1999-03-17,3.7189393043518066
1999-03-18,3.832136392593384
1999-03-19,3.7078959941864014
1999-03-22,3.7051355838775635
1999-03-23,3.616786003112793
1999-03-24,3.7161781787872314
1999-03-25,3.7189393043518066
1999-03-26,3.727221965789795
1999-03-29,3.727221965789795
1999-03-30,3.727221965789795
1999-03-31,4.003312110900879
1999-04-01,3.8652658462524414
1999-04-02,3.8652658462524414
1999-04-05,3.779679536819458
1999-04-06,4.083378791809082
1999-04-07,4.141357898712158
1999-04-08,4.036443710327148
1999-04-09,3.923245429992676
1999-04-12,3.9066803455352783
1999-04-13,3.8652658462524414
1999-04-14,3.8652658462524414
1999-04-15,3.8983991146087646
1999-04-16,4.086140155792236
1999-04-19,3.9315290451049805
1999-04-20,3.8100497722625732
1999-04-21,3.851463556289673
1999-04-22,3.8100497722625732
1999-04-23,3.710655689239502
1999-04-26,3.475979804992676
1999-04-27,3.475979804992676
1999-04-28,3.4180002212524414
1999-04-29,3.464935779571533
1999-04-30,3.586416244506836
1999-05-03,3.5560462474823
1999-05-04,3.5891761779785156
1999-05-05,3.5698494911193848
1999-05-06,3.5726115703582764
1999-05-07,3.6416335105895996
1999-05-10,3.8873536586761475
1999-05-11,3.975703477859497
1999-05-12,3.8901150226593018
1999-05-13,4.014355659484863
1999-05-14,4.337380409240723
1999-05-17,4.6852569580078125
1999-05-18,5.060739517211914
1999-05-19,5.466590881347656
1999-05-20,5.096631050109863
1999-05-21,4.69077730178833
1999-05-24,4.31529426574707
1999-05-25,4.660406589508057
1999-05-26,4.287685394287109
1999-05-27,4.144118309020996
1999-05-28,3.950854778289795
1999-05-31,4.224184989929199
1999-06-01,4.086140155792236
1999-06-02,4.1220316886901855
1999-06-03,4.251793384552002
1999-06-04,4.594144344329834
1999-06-07,4.859194278717041
1999-06-08,4.817778587341309
1999-06-09,4.7515177726745605
1999-06-10,4.657646656036377
1999-06-11,4.461622714996338
1999-06-14,4.30701208114624
1999-06-15,4.30701208114624
1999-06-16,4.218663215637207
1999-06-17,4.257314205169678
1999-06-18,4.353948593139648
1999-06-21,4.704463958740234
1999-06-22,4.692876815795898
1999-06-23,4.6465277671813965
1999-06-24,4.577003479003906
1999-06-25,4.521963119506836
1999-06-28,4.527757167816162
1999-06-29,4.513272762298584
1999-06-30,4.458232879638672
1999-07-01,4.452438831329346
1999-07-02,4.469820022583008
1999-07-05,4.71605110168457
1999-07-06,4.620455265045166
1999-07-07,4.730536460876465
1999-07-08,4.65521764755249
1999-07-09,4.669703006744385
1999-07-12,4.979663848876953
1999-07-13,5.095537185668945
1999-07-14,5.150576591491699
1999-07-15,5.031806945800781
1999-07-16,4.918829917907715
1999-07-19,4.942004680633545
1999-07-20,4.924623966217041
1999-07-21,4.9941487312316895
1999-07-22,5.16506290435791
1999-07-23,4.962283611297607
1999-07-26,4.878274917602539
1999-07-27,4.866687297821045
1999-07-28,4.907242298126221
1999-07-29,4.808749675750732
1999-07-30,4.6725993156433105
1999-08-02,4.490097522735596
1999-08-03,4.353947162628174
1999-08-04,4.579901218414307
1999-08-05,4.487201690673828
1999-08-06,4.348154067993164
1999-08-09,4.429264068603516
1999-08-10,4.3684306144714355
1999-08-11,4.469820022583008
1999-08-12,4.3742241859436035
1999-08-13,4.466922760009766
1999-08-16,4.658114433288574
1999-08-17,4.71605110168457
1999-08-18,5.095537185668945
1999-08-19,5.16506290435791
1999-08-20,5.324387550354004
1999-08-23,5.750222206115723
1999-08-24,5.692286968231201
1999-08-25,5.376533508300781
1999-08-26,5.466332912445068
1999-08-27,5.321491241455078
1999-08-30,5.3620452880859375
1999-08-31,5.240380764007568
1999-09-01,5.214308261871338
1999-09-02,4.947798728942871
1999-09-03,4.939108371734619
1999-09-06,4.9825615882873535
1999-09-07,4.9767680168151855
1999-09-08,4.930417537689209
1999-09-09,5.057878017425537
1999-09-10,4.892758369445801
1999-09-13,4.892758369445801
1999-09-14,5.2867279052734375
1999-09-15,5.153473854064941
1999-09-16,4.939108371734619
1999-09-17,4.849306583404541
1999-09-20,4.745020389556885
1999-09-21,4.61755895614624
1999-09-22,4.7392258644104
1999-09-23,4.698671340942383
1999-09-24,4.684185981750488
1999-09-27,4.637836933135986
1999-09-28,4.550931930541992
1999-09-29,4.689979076385498
1999-09-30,4.6436309814453125
1999-10-01,4.548035621643066
1999-10-04,4.440852165222168
1999-10-05,4.417677402496338
1999-10-06,4.548035621643066
1999-10-07,4.684185981750488
1999-10-08,4.698671340942383
1999-10-11,4.7624006271362305
1999-10-12,4.5596232414245605
1999-10-13,4.5364484786987305
1999-10-14,4.542240619659424
1999-10-15,4.432161331176758
1999-10-18,4.3452558517456055
1999-10-19,4.3452558517456055
1999-10-20,4.545137882232666
1999-10-21,4.5248613357543945
1999-10-22,4.443748474121094
1999-10-25,4.51616907119751
1999-10-26,4.64073371887207
1999-10-27,4.649423599243164
1999-10-28,4.426368236541748
1999-10-29,4.284422397613525
1999-11-01,4.099025249481201
1999-11-02,4.336565971374512
1999-11-03,4.212002277374268
1999-11-04,4.191723346710205
1999-11-05,4.104818344116211
1999-11-08,4.104818344116211
1999-11-09,4.174342632293701
1999-11-10,4.22938346862793
1999-11-11,4.130890846252441
1999-11-12,4.058469772338867
1999-11-15,4.101922035217285
1999-11-16,4.104818344116211
1999-11-17,4.099025249481201
1999-11-18,4.070056915283203
1999-11-19,4.015016078948975
1999-11-22,3.922318458557129
1999-11-23,3.922318458557129
1999-11-24,4.049778938293457
1999-11-25,4.072952747344971
1999-11-26,4.023707866668701
1999-11-29,4.0063252449035645
1999-11-30,4.107715129852295
1999-12-01,4.145374774932861
1999-12-02,4.264145851135254
1999-12-03,4.1598591804504395
1999-12-06,4.206208229064941
1999-12-07,4.24386739730835
1999-12-08,4.316287517547607
1999-12-09,4.339463233947754
1999-12-10,4.437955379486084
1999-12-13,4.351049423217773
1999-12-14,4.235176086425781
1999-12-15,4.264145851135254
1999-12-16,4.362637042999268
1999-12-17,4.356844425201416
1999-12-20,4.275731563568115
1999-12-21,4.177238941192627
1999-12-22,4.319183349609375
1999-12-23,4.3452558517456055
1999-12-24,4.23807430267334
1999-12-27,4.214898109436035
1999-12-28,4.217794895172119
1999-12-29,4.275731563568115
1999-12-30,4.206208229064941
1999-12-31,4.206208229064941
2000-01-03,4.446645259857178
2000-01-04,4.4553351402282715
2000-01-05,4.542240619659424
2000-01-06,4.684185981750488
2000-01-07,4.675495624542236
2000-01-10,5.002838611602783
2000-01-11,4.765298366546631
2000-01-12,4.840616703033447
2000-01-13,4.71605110168457
2000-01-14,4.689979076385498
2000-01-17,4.698671340942383
2000-01-18,4.5103759765625
2000-01-19,4.458232879638672
2000-01-20,4.336565971374512
2000-01-21,4.290217876434326
2000-01-24,4.258352279663086
2000-01-25,4.6001787185668945
2000-01-26,4.6001787185668945
2000-01-27,4.5364484786987305
2000-01-28,4.736329555511475
2000-01-31,4.773988723754883
2000-02-01,4.632043838500977
2000-02-02,4.718947410583496
2000-02-03,4.6001787185668945
2000-02-04,4.38001823425293
2000-02-07,4.464027404785156
2000-02-08,4.579901218414307
2000-02-09,4.588590145111084
2000-02-10,4.6117658615112305
2000-02-11,4.579901218414307
2000-02-14,4.51616907119751
2000-02-15,4.3858113288879395
2000-02-16,4.695774555206299
2000-02-17,4.840616703033447
2000-02-18,4.568314075469971
2000-02-21,4.490097522735596
2000-02-22,4.745020389556885
2000-02-23,4.730536460876465
2000-02-24,4.753711223602295
2000-02-25,4.779783248901367
2000-02-28,5.162163734436035
2000-02-29,4.913036346435547
2000-03-01,4.730536460876465
2000-03-02,4.394501686096191
2000-03-03,4.6523213386535645
2000-03-06,4.458232879638672
2000-03-07,4.3858113288879395
2000-03-08,4.185931205749512
2000-03-09,4.200414657592773
2000-03-10,4.1222004890441895
2000-03-13,3.8498971462249756
2000-03-14,3.9020397663116455
2000-03-15,3.9686670303344727
2000-03-16,3.8817615509033203
2000-03-17,3.8817615509033203
2000-03-20,3.8817615509033203
2000-03-21,3.83541202545166
2000-03-22,3.983151435852051
2000-03-23,3.896247386932373
2000-03-24,3.846998691558838
2000-03-27,3.8238253593444824
2000-03-28,3.7398171424865723
2000-03-29,3.7977545261383057
2000-03-30,4.015016078948975
2000-03-31,3.8991432189941406
2000-04-03,4.000533103942871
2000-04-04,3.8383090496063232
2000-04-05,3.6847779750823975
2000-04-06,3.887777805328369
2000-04-07,3.986203670501709
2000-04-10,3.860095977783203
2000-04-11,3.8354907035827637
2000-04-12,3.8231868743896484
2000-04-13,3.712458848953247
2000-04-14,3.712458848953247
2000-04-17,3.684776544570923
2000-04-18,3.641716718673706
2000-04-19,3.564821720123291
2000-04-20,3.361820697784424
2000-04-21,3.361820697784424
2000-04-24,3.324911594390869
2000-04-25,3.0634710788726807
2000-04-26,3.149592399597168
2000-04-27,3.081925630569458
2000-04-28,2.906606435775757
2000-05-01,2.906606435775757
2000-05-02,2.749741792678833
2000-05-03,2.845090627670288
2000-05-04,2.906606435775757
2000-05-05,2.8973782062530518
2000-05-08,2.9312124252319336
2000-05-09,2.9958038330078125
2000-05-10,3.011183023452759
2000-05-11,3.023486375808716
2000-05-12,2.965045928955078
2000-05-15,3.011183023452759
2000-05-16,3.0788486003875732
2000-05-17,3.109607458114624
2000-05-18,3.1311378479003906
2000-05-19,3.13728928565979
2000-05-22,3.1649718284606934
2000-05-23,3.106531858444214
2000-05-24,3.121910333633423
2000-05-25,3.121910333633423
2000-05-26,3.149592399597168
2000-05-29,3.2357146739959717
2000-05-30,3.3648970127105713
2000-05-31,3.3525941371917725
2000-06-01,3.260319948196411
2000-06-02,3.607881784439087
2000-06-05,3.7001566886901855
2000-06-06,3.7708992958068848
2000-06-07,3.7432169914245605
2000-06-08,3.92161226272583
2000-06-09,4.3799028396606445
2000-06-12,4.321462631225586
2000-06-13,4.173825263977051
2000-06-14,4.0138840675354
2000-06-15,4.321462631225586
2000-06-16,4.841268539428711
2000-06-19,5.121164321899414
2000-06-20,5.585605621337891
2000-06-21,5.548696041107178
2000-06-22,5.505636215209961
2000-06-23,5.600984573364258
2000-06-26,5.388757228851318
2000-06-27,5.084253787994385
2000-06-28,4.881253719329834
2000-06-29,4.982753276824951
2000-06-30,4.979677200317383
2000-07-03,4.939691543579102
2000-07-04,4.939691543579102
2000-07-05,5.065799713134766
2000-07-06,5.096558570861816
2000-07-07,5.447196006774902
2000-07-10,5.293407440185547
2000-07-11,5.259376049041748
2000-07-12,5.410970211029053
2000-07-13,5.3026885986328125
2000-07-14,5.274844646453857
2000-07-17,5.160376071929932
2000-07-18,5.083032608032227
2000-07-19,5.067563056945801
2000-07-20,5.076844215393066
2000-07-21,4.999501705169678
2000-07-24,4.724157810211182
2000-07-25,4.885031700134277
2000-07-26,4.9469075202941895
2000-07-27,4.971657752990723
2000-07-28,4.925251483917236
2000-07-31,4.810782432556152
2000-08-01,4.813876152038574
2000-08-02,4.816970348358154
2000-08-03,4.761282444000244
2000-08-04,4.764376163482666
2000-08-07,4.708687782287598
2000-08-08,4.690126419067383
2000-08-09,4.625156879425049
2000-08-10,4.786032199859619
2000-08-11,4.560189247131348
2000-08-14,4.764376163482666
2000-08-15,4.764376163482666
2000-08-16,4.841719150543213
2000-08-17,4.956188201904297
2000-08-18,5.247000694274902
2000-08-21,5.3274383544921875
2000-08-22,5.330533027648926
2000-08-23,5.13562536239624
2000-08-24,4.98712682723999
2000-08-25,5.216063976287842
2000-08-28,5.141814231872559
2000-08-29,5.061375617980957
2000-08-30,5.061375617980957
2000-08-31,5.0397186279296875
2000-09-01,5.0397186279296875
2000-09-04,5.206782817840576
2000-09-05,5.20987606048584
2000-09-06,5.219155311584473
2000-09-07,5.194406509399414
2000-09-08,5.225345134735107
2000-09-11,5.160376071929932
2000-09-12,5.163470268249512
2000-09-13,5.070657253265381
2000-09-14,5.049001216888428
2000-09-15,5.005687713623047
2000-09-18,4.776750564575195
2000-09-19,4.7272515296936035
2000-09-20,4.8324384689331055
2000-09-21,4.773657321929932
2000-09-22,4.600405216217041
2000-09-25,4.532345294952393
2000-09-26,4.445720672607422
2000-09-27,4.4673752784729
2000-09-28,4.30340576171875
2000-09-29,4.229156970977783
2000-10-02,4.229156970977783
2000-10-03,4.102313041687012
2000-10-04,4.222970008850098
2000-10-05,4.158000469207764
2000-10-06,4.086845397949219
2000-10-09,4.037343502044678
2000-10-10,4.031157493591309
2000-10-11,4.018782615661621
2000-10-12,3.953812837600708
2000-10-13,3.9228744506835938
2000-10-16,4.003313064575195
2000-10-17,3.9383444786071777
2000-10-18,4.244626045227051
2000-10-19,4.3683762550354
2000-10-20,4.284843921661377
2000-10-23,4.0775628089904785
2000-10-24,3.9692814350128174
2000-10-25,4.065188884735107
2000-10-26,4.170376300811768
2000-10-27,4.2260637283325195
2000-10-30,4.250813007354736
2000-10-31,4.207501411437988
2000-11-01,4.445720672607422
2000-11-02,4.4890313148498535
2000-11-03,4.646812915802002
2000-11-06,4.557095050811768
2000-11-07,4.510688304901123
2000-11-08,4.430250644683838
2000-11-09,4.4642815589904785
2000-11-10,4.454999923706055
2000-11-13,4.328157424926758
2000-11-14,4.5045013427734375
2000-11-15,4.569469451904297
2000-11-16,4.519969940185547
2000-11-17,4.4673752784729
2000-11-20,4.476656913757324
2000-11-21,4.470470905303955
2000-11-22,4.4890313148498535
2000-11-23,4.523064136505127
2000-11-24,4.501407146453857
2000-11-27,4.609688758850098
2000-11-28,4.779844760894775
2000-11-29,4.838627338409424
2000-11-30,5.024251461029053
2000-12-01,4.8819379806518555
2000-12-04,5.101595401763916
2000-12-05,5.219155311584473
2000-12-06,5.151094913482666
2000-12-07,5.191312313079834
2000-12-08,5.355281352996826
2000-12-11,5.423344135284424
2000-12-12,5.401688098907471
2000-12-13,5.432626724243164
2000-12-14,5.602781772613525
2000-12-15,5.899780750274658
2000-12-18,6.073032855987549
2000-12-19,6.014250755310059
2000-12-20,5.871938705444336
2000-12-21,5.930719375610352
2000-12-22,5.435720443725586
2000-12-25,5.435720443725586
2000-12-26,5.4821248054504395
2000-12-27,5.658470630645752
2000-12-28,5.6708455085754395
2000-12-29,6.076125621795654
2001-01-01,6.147281646728516
2001-01-02,6.4133453369140625
2001-01-03,6.762938976287842
2001-01-04,6.481407165527344
2001-01-05,6.53400182723999
2001-01-08,6.8588457107543945
2001-01-09,6.75365686416626
2001-01-10,6.5216240882873535
2001-01-11,6.323625087738037
2001-01-12,6.267938613891602
2001-01-15,6.345282077789307
2001-01-16,6.586594104766846
2001-01-17,6.5525641441345215
2001-01-18,6.577314376831055
2001-01-19,6.704156875610352
2001-01-22,7.146564960479736
2001-01-23,6.865033149719238
2001-01-24,6.868128299713135
2001-01-25,7.1218132972717285
2001-01-26,7.1218132972717285
2001-01-29,6.883594036102295
2001-01-30,6.945471286773682
2001-01-31,7.078501224517822
2001-02-01,6.994971752166748
2001-02-02,7.103253364562988
2001-02-05,7.573501110076904
2001-02-06,7.836470603942871
2001-02-07,8.217002868652344
2001-02-08,9.2224702835083
2001-02-09,10.076346397399902
2001-02-12,9.621564865112305
2001-02-13,10.54659652709961
2001-02-14,10.466156959533691
2001-02-15,10.385723114013672
2001-02-16,9.859784126281738
2001-02-19,9.927845001220703
2001-02-20,10.21556568145752
2001-02-21,10.063973426818848
2001-02-22,9.865971565246582
2001-02-23,9.163691520690918
2001-02-26,9.377156257629395
2001-02-27,9.7174711227417
2001-02-28,9.036845207214355
2001-03-01,8.922378540039062
2001-03-02,8.684157371520996
2001-03-05,7.793158054351807
2001-03-06,7.793158054351807
2001-03-07,8.247937202453613
2001-03-08,8.396438598632812
2001-03-09,7.669407367706299
2001-03-12,6.509252071380615
2001-03-13,5.64609432220459
2001-03-14,6.549470901489258
2001-03-15,7.505440711975098
2001-03-16,7.093969821929932
2001-03-19,7.378596305847168
2001-03-20,7.2208147048950195
2001-03-21,7.387877941131592
2001-03-22,7.230096340179443
2001-03-23,6.685595989227295
2001-03-26,6.704156875610352
2001-03-27,6.877408027648926
2001-03-28,6.9795002937316895
2001-03-29,6.598969459533691
2001-03-30,6.172032833099365
2001-04-02,6.3793134689331055
2001-04-03,6.351471424102783
2001-04-04,6.339094638824463
2001-04-05,6.339094638824463
2001-04-06,6.261752605438232
2001-04-09,6.366939067840576
2001-04-10,6.246282577514648
2001-04-11,6.100876331329346
2001-04-12,6.227718830108643
2001-04-13,6.227718830108643
2001-04-16,6.7691264152526855
2001-04-17,6.930001735687256
2001-04-18,7.338374614715576
2001-04-19,7.387877941131592
2001-04-20,7.236282825469971
2001-04-23,7.298159122467041
2001-04-24,7.15894079208374
2001-04-25,7.5642218589782715
2001-04-26,7.694159507751465
2001-04-27,7.1218132972717285
2001-04-30,7.468313694000244
2001-05-01,7.468313694000244
2001-05-02,7.520907402038574
2001-05-03,7.307438373565674
2001-05-04,7.344561576843262
2001-05-07,7.938562870025635
2001-05-08,7.966407775878906
2001-05-09,7.765314102172852
2001-05-10,7.777689456939697
2001-05-11,7.520907402038574
2001-05-14,7.452845096588135
2001-05-15,7.799344539642334
2001-05-16,7.882876873016357
2001-05-17,8.062314987182617
2001-05-18,8.272687911987305
2001-05-21,8.439752578735352
2001-05-22,8.291251182556152
2001-05-23,8.356220245361328
2001-05-24,8.7367525100708
2001-05-25,8.99353313446045
2001-05-28,9.259593963623047
2001-05-29,9.200811386108398
2001-05-30,8.965688705444336
2001-05-31,9.05540943145752
2001-06-01,8.928564071655273
2001-06-04,8.501626968383789
2001-06-05,8.380971908569336
2001-06-06,8.37478256225586
2001-06-07,8.350032806396484
2001-06-08,8.789344787597656
2001-06-11,8.690345764160156
2001-06-12,8.495439529418945
2001-06-13,8.551126480102539
2001-06-14,8.507814407348633
2001-06-15,8.306719779968262
2001-06-18,8.291251182556152
2001-06-19,8.189157485961914
2001-06-20,8.476876258850098
2001-06-21,8.158221244812012
2001-06-22,7.898345947265625
2001-06-25,7.341469764709473
2001-06-26,7.746750831604004
2001-06-27,7.836470603942871
2001-06-28,7.5425639152526855
2001-06-29,8.000438690185547
2001-07-02,8.359313011169434
2001-07-03,8.24484634399414
2001-07-04,8.294347763061523
2001-07-05,8.609908103942871
2001-07-06,8.6068115234375
2001-07-09,8.773687362670898
2001-07-10,8.90205192565918
2001-07-11,8.712713241577148
2001-07-12,8.837870597839355
2001-07-13,9.152363777160645
2001-07-16,9.16519832611084
2001-07-17,9.123479843139648
2001-07-18,9.052879333496094
2001-07-19,9.113853454589844
2001-07-20,9.145944595336914
2001-07-23,9.126690864562988
2001-07-24,8.022758483886719
2001-07-25,8.029176712036133
2001-07-26,8.343672752380371
2001-07-27,8.369340896606445
2001-07-30,8.343672752380371
2001-07-31,8.192840576171875
2001-08-01,8.308367729187012
2001-08-02,8.436732292175293
2001-08-03,8.6228609085083
2001-08-06,8.47203254699707
2001-08-07,8.523377418518066
2001-08-08,8.346879959106445
2001-08-09,8.109403610229492
2001-08-10,8.045222282409668
2001-08-13,8.119032859802246
2001-08-14,7.948948860168457
2001-08-15,7.948948860168457
2001-08-16,7.936113357543945
2001-08-17,7.955366134643555
2001-08-20,8.14791202545166
2001-08-21,8.074104309082031
2001-08-22,8.074104309082031
2001-08-23,7.878347873687744
2001-08-24,7.733938694000244
2001-08-27,7.705057144165039
2001-08-28,7.7082672119140625
2001-08-29,7.701845645904541
2001-08-30,7.531764984130859
2001-08-31,7.534974575042725
2001-09-03,7.416239261627197
2001-09-04,7.307128429412842
2001-09-05,7.214064598083496
2001-09-06,6.9220356941223145
2001-09-07,6.713444232940674
2001-09-10,6.613962173461914
2001-09-11,6.49522590637207
2001-09-12,6.466341495513916
2001-09-13,6.501642227172852
2001-09-14,6.588290214538574
2001-09-17,6.132595539093018
2001-09-18,6.222451210021973
2001-09-19,6.21282434463501
2001-09-20,6.434251308441162
2001-09-21,6.418206691741943
2001-09-24,6.47275972366333
2001-09-25,6.408580303192139
2001-09-26,6.363651275634766
2001-09-27,6.3508148193359375
2001-09-28,6.440670967102051
2001-10-01,6.267379283905029
2001-10-02,6.267379283905029
2001-10-03,6.273796081542969
2001-10-04,6.219242095947266
2001-10-05,6.110132694244385
2001-10-08,6.235288619995117
2001-10-09,6.398951530456543
2001-10-10,6.360443115234375
2001-10-11,6.151850700378418
2001-10-12,6.248123645782471
2001-10-15,6.2320780754089355
2001-10-16,6.225661277770996
2001-10-17,6.8482255935668945
2001-10-18,7.137045383453369
2001-10-19,7.111372947692871
2001-10-22,7.137045383453369
2001-10-23,7.079282283782959
2001-10-24,7.0600266456604
2001-10-25,7.0118913650512695
2001-10-26,7.0118913650512695
2001-10-29,6.886734485626221
2001-10-30,6.658889293670654
2001-10-31,6.751953601837158
2001-11-01,7.3135457038879395
2001-11-02,7.53818416595459
2001-11-05,7.628039360046387
2001-11-06,7.650503635406494
2001-11-07,7.644082546234131
2001-11-08,7.637665748596191
2001-11-09,7.868721008300781
2001-11-12,8.1126127243042
2001-11-13,8.022758483886719
2001-11-14,8.196048736572266
2001-11-15,8.022758483886719
2001-11-16,8.022758483886719
2001-11-19,8.404640197753906
2001-11-20,8.183215141296387
2001-11-21,8.385387420654297
2001-11-22,8.452777862548828
2001-11-23,8.427106857299805
2001-11-26,8.411057472229004
2001-11-27,8.163960456848145
2001-11-28,7.929694652557373
2001-11-29,7.887976169586182
2001-11-30,7.887976169586182
2001-12-03,7.9393229484558105
2001-12-04,7.945739269256592
2001-12-05,8.23134994506836
2001-12-06,8.170376777648926
2001-12-07,8.18000602722168
2001-12-10,8.908470153808594
2001-12-11,8.6228609085083
2001-12-12,8.443150520324707
2001-12-13,8.192840576171875
2001-12-14,8.2120943069458
2001-12-17,8.2120943069458
2001-12-18,7.955366134643555
2001-12-19,7.746776580810547
2001-12-20,7.746776580810547
2001-12-21,7.669756889343262
2001-12-24,7.4387006759643555
2001-12-25,7.4387006759643555
2001-12-26,7.191600322723389
2001-12-27,7.249364376068115
2001-12-28,7.223690509796143
2001-12-31,7.679382801055908
2002-01-01,7.640875339508057
2002-01-02,7.5863213539123535
2002-01-03,7.798120021820068
2002-01-04,7.817375659942627
2002-01-07,7.855885028839111
2002-01-08,7.78207540512085
2002-01-09,7.7307305335998535
2002-01-10,7.749985694885254
2002-01-11,7.740355968475342
2002-01-14,8.115821838378906
2002-01-15,8.00350284576416
2002-01-16,7.92648458480835
2002-01-17,8.125450134277344
2002-01-18,8.131866455078125
2002-01-21,8.215306282043457
2002-01-22,8.157540321350098
2002-01-23,8.058059692382812
2002-01-24,7.637665748596191
2002-01-25,7.3745198249816895
2002-01-28,7.15950870513916
2002-01-29,7.242945671081543
2002-01-30,7.3745198249816895
2002-01-31,7.419448375701904
2002-02-01,7.576693534851074
2002-02-04,7.599156379699707
2002-02-05,7.656921863555908
2002-02-06,8.035594940185547
2002-02-07,7.839838981628418
2002-02-08,7.971413612365723
2002-02-11,8.250604629516602
2002-02-12,8.366129875183105
2002-02-13,8.215306282043457
2002-02-14,8.285903930664062
2002-02-15,8.423894882202148
2002-02-18,8.587560653686523
2002-02-19,8.366129875183105
2002-02-20,8.128658294677734
2002-02-21,8.144702911376953
2002-02-22,8.337250709533691
2002-02-25,8.372550010681152
2002-02-26,8.433525085449219
2002-02-27,8.398222923278809
2002-02-28,7.653711795806885
2002-03-01,7.859095096588135
2002-03-04,8.250604629516602
2002-03-05,8.058059692382812
2002-03-06,7.900813102722168
2002-03-07,7.894394397735596
2002-03-08,7.794911861419678
2002-03-11,7.650503635406494
2002-03-12,7.547811508178711
2002-03-13,7.573483943939209
2002-03-14,7.560647487640381
2002-03-15,7.692220687866211
2002-03-18,7.650503635406494
2002-03-19,7.509302139282227
2002-03-20,7.457956790924072
2002-03-21,7.403402328491211
2002-03-22,7.326382637023926
2002-03-25,7.326382637023926
2002-03-26,7.239735126495361
2002-03-27,7.3103346824646
2002-03-28,7.268617153167725
2002-03-29,7.268617153167725
2002-04-01,7.319962024688721
2002-04-02,7.403402328491211
2002-04-03,7.307128429412842
2002-04-04,7.284663200378418
2002-04-05,7.352054119110107
2002-04-08,7.348845958709717
2002-04-09,7.307128429412842
2002-04-10,7.303919315338135
2002-04-11,7.522137641906738
2002-04-12,7.5253472328186035
2002-04-15,7.4451189041137695
2002-04-16,7.371310234069824
2002-04-17,7.236529350280762
2002-04-18,7.303919315338135
2002-04-19,7.284663200378418
2002-04-22,7.226901054382324
2002-04-23,7.297502040863037
2002-04-24,7.297502040863037
2002-04-25,7.121001720428467
2002-04-26,7.146673202514648
2002-04-29,7.143463134765625
2002-04-30,7.188392162322998
2002-05-01,7.188392162322998
2002-05-02,7.602365493774414
2002-05-03,7.727521896362305
2002-05-06,7.942531108856201
2002-05-07,7.942531108856201
2002-05-08,7.894394397735596
2002-05-09,7.981038570404053
2002-05-10,7.997085094451904
2002-05-13,7.929694652557373
2002-05-14,7.92648458480835
2002-05-15,7.759612560272217
2002-05-16,7.672966957092285
2002-05-17,7.621619701385498
2002-05-20,7.5028815269470215
2002-05-21,7.220484256744385
2002-05-22,7.26540994644165
2002-05-23,7.291080951690674
2002-05-24,7.644082546234131
2002-05-27,7.660127639770508
2002-05-28,7.605574607849121
2002-05-29,7.669233798980713
2002-05-30,7.592173099517822
2002-05-31,7.685985565185547
2002-06-03,7.8300580978393555
2002-06-04,8.044486999511719
2002-06-05,8.362783432006836
2002-06-06,8.366131782531738
2002-06-07,8.302473068237305
2002-06-10,8.392934799194336
2002-06-11,8.88210391998291
2002-06-12,8.999372482299805
2002-06-13,8.701179504394531
2002-06-14,8.741386413574219
2002-06-17,8.865352630615234
2002-06-18,8.634169578552246
2002-06-19,8.409688949584961
2002-06-20,8.587265014648438
2002-06-21,8.6743745803833
2002-06-24,8.654271125793457
2002-06-25,8.526954650878906
2002-06-26,8.483399391174316
2002-06-27,8.550409317016602
2002-06-28,8.7346830368042
2002-07-01,8.915609359741211
2002-07-02,8.727983474731445
2002-07-03,8.423091888427734
2002-07-04,8.406338691711426
2002-07-05,8.429791450500488
2002-07-08,8.453243255615234
2002-07-09,8.28907299041748
2002-07-10,8.141650199890137
2002-07-11,8.057889938354492
2002-07-12,7.923870086669922
2002-07-15,7.645780563354492
2002-07-16,7.675933837890625
2002-07-17,7.629028797149658
2002-07-18,7.696038246154785
2002-07-19,7.632375240325928
2002-07-22,7.478255748748779
2002-07-23,7.545267581939697
2002-07-24,7.461504936218262
2002-07-25,7.350939750671387
2002-07-26,7.103003025054932
2002-07-29,6.995789527893066
2002-07-30,6.912027835845947
2002-07-31,6.9555840492248535
2002-08-01,6.935480117797852
2002-08-02,6.938830852508545
2002-08-05,7.139859676361084
2002-08-06,7.1767144203186035
2002-08-07,7.1633124351501465
2002-08-08,6.687544822692871
2002-08-09,6.8416666984558105
2002-08-12,6.851716041564941
2002-08-13,6.932129383087158
2002-08-14,6.885223865509033
2002-08-15,6.885223865509033
2002-08-16,6.97568416595459
2002-08-19,6.992437362670898
2002-08-20,6.9723358154296875
2002-08-21,6.999138355255127
2002-08-22,6.932129383087158
2002-08-23,6.868470668792725
2002-08-26,6.858420372009277
2002-08-27,6.855067729949951
2002-08-28,6.818213939666748
2002-08-29,6.6238861083984375
2002-08-30,6.831615924835205
2002-09-02,6.9086761474609375
2002-09-03,6.878523349761963
2002-09-04,6.838315010070801
2002-09-05,6.885223865509033
2002-09-06,6.801460266113281
2002-09-09,6.6942458152771
2002-09-10,6.6942458152771
2002-09-11,6.7042975425720215
2002-09-12,6.767955780029297
2002-09-13,6.791409492492676
2002-09-16,6.761254787445068
2002-09-17,6.778007984161377
2002-09-18,6.6942458152771
2002-09-19,6.62723445892334
2002-09-20,6.630586624145508
2002-09-23,6.620535850524902
2002-09-24,6.553524971008301
2002-09-25,6.536773681640625
2002-09-26,6.543475151062012
2002-09-27,6.4798150062561035
2002-09-30,6.416156768798828
2002-10-01,6.325695991516113
2002-10-02,6.325695991516113
2002-10-03,6.37595272064209
2002-10-04,6.382652759552002
2002-10-07,6.513319969177246
2002-10-08,6.543475151062012
2002-10-09,6.506619453430176
2002-10-10,6.613836288452148
2002-10-11,6.7042975425720215
2002-10-14,6.767955780029297
2002-10-15,6.767955780029297
2002-10-16,6.818213939666748
2002-10-17,6.8416666984558105
2002-10-18,6.901975631713867
2002-10-21,6.838315010070801
2002-10-22,6.570279598236084
2002-10-23,6.513319969177246
2002-10-24,6.496568202972412
2002-10-25,6.4798150062561035
2002-10-28,6.439610004425049
2002-10-29,6.503268718719482
2002-10-30,6.476466178894043
2002-10-31,6.442959785461426
2002-11-01,6.513319969177246
2002-11-04,6.543475151062012
2002-11-05,6.570279598236084
2002-11-06,6.570279598236084
2002-11-07,6.546823978424072
2002-11-08,6.499919414520264
2002-11-11,6.496568202972412
2002-11-12,6.533423900604248
2002-11-13,6.573627948760986
2002-11-14,6.6238861083984375
2002-11-15,6.71769905090332
2002-11-18,6.801460266113281
2002-11-19,6.801460266113281
2002-11-20,6.66409158706665
2002-11-21,6.670792579650879
2002-11-22,6.690897464752197
2002-11-25,6.791409492492676
2002-11-26,6.938830852508545
2002-11-27,7.009190559387207
2002-11-28,7.096302032470703
2002-11-29,7.149909496307373
2002-12-02,7.2169189453125
2002-12-03,7.032643795013428
2002-12-04,7.029293060302734
2002-12-05,7.0694990158081055
2002-12-06,7.200167179107666
2002-12-09,7.106353759765625
2002-12-10,7.0661492347717285
2002-12-11,7.039344787597656
2002-12-12,7.029293060302734
2002-12-13,7.159961700439453
2002-12-16,7.042695999145508
2002-12-17,6.962284564971924
2002-12-18,7.039344787597656
2002-12-19,7.103003025054932
2002-12-20,7.2437238693237305
2002-12-23,7.350939750671387
2002-12-24,7.495008945465088
2002-12-25,7.495008945465088
2002-12-26,7.4011969566345215
2002-12-27,7.424649715423584
2002-12-30,7.438052177429199
2002-12-31,7.484957695007324
2003-01-01,7.468207359313965
2003-01-02,7.4011969566345215
2003-01-03,7.320784568786621
2003-01-06,7.223621368408203
2003-01-07,7.139859676361084
2003-01-08,7.2403740882873535
2003-01-09,7.35429048538208
2003-01-10,7.257124900817871
2003-01-13,7.334187030792236
2003-01-14,7.364341735839844
2003-01-15,7.39449405670166
2003-01-16,7.434702396392822
2003-01-17,7.481607437133789
2003-01-20,7.572070121765137
2003-01-21,7.525162696838379
2003-01-22,7.508410930633545
2003-01-23,7.374392986297607
2003-01-24,7.511761665344238
2003-01-27,7.35429048538208
2003-01-28,7.481607437133789
2003-01-29,7.518463611602783
2003-01-30,7.438052177429199
2003-01-31,7.444752216339111
2003-02-03,7.709439754486084
2003-02-04,7.823355674743652
2003-02-05,7.876961708068848
2003-02-06,7.883667469024658
2003-02-07,7.967428207397461
2003-02-10,8.061240196228027
2003-02-11,7.937272548675537
2003-02-12,7.840108394622803
2003-02-13,7.840108394622803
2003-02-14,7.75299596786499
2003-02-17,8.05453872680664
2003-02-18,8.037785530090332
2003-02-19,8.061240196228027
2003-02-20,8.222061157226562
2003-02-21,8.128251075744629
2003-02-24,8.158403396606445
2003-02-25,8.091394424438477
2003-02-26,8.034433364868164
2003-02-27,8.188559532165527
2003-02-28,8.19190788269043
2003-03-03,8.19190788269043
2003-03-04,8.094744682312012
2003-03-05,8.134952545166016
2003-03-06,8.000931739807129
2003-03-07,7.716140270233154
2003-03-10,7.545267581939697
2003-03-11,7.722840309143066
2003-03-12,7.62232780456543
2003-03-13,7.642427444458008
2003-03-14,7.642427444458008
2003-03-17,7.588820934295654
2003-03-18,7.588820934295654
2003-03-19,7.645780563354492
2003-03-20,7.706089496612549
2003-03-21,7.799903869628906
2003-03-24,7.669233798980713
2003-03-25,7.63572883605957
2003-03-26,7.67258358001709
2003-03-27,7.67258358001709
2003-03-28,7.659182071685791
2003-03-31,7.582120418548584
2003-04-01,7.645780563354492
2003-04-02,7.736241817474365
2003-04-03,7.732893466949463
2003-04-04,8.0076322555542
2003-04-07,7.990880012512207
2003-04-08,7.97077751159668
2003-04-09,7.900417327880859
2003-04-10,7.836759090423584
2003-04-11,7.957374572753906
2003-04-15,7.940621852874756
2003-04-16,7.930569171905518
2003-04-17,7.863561153411865
2003-04-18,7.863561153411865
2003-04-21,7.883667469024658
2003-04-22,7.763045310974121
2003-04-23,7.585472583770752
2003-04-24,7.685985565185547
2003-04-25,7.679286003112793
2003-04-28,7.739593982696533
2003-04-29,7.866911888122559
2003-04-30,8.024384498596191
2003-05-01,8.024384498596191
2003-05-02,8.034433364868164
2003-05-05,8.21200942993164
2003-05-06,8.111495971679688
2003-05-07,8.044486999511719
2003-05-08,7.930569171905518
2003-05-09,7.923870086669922
2003-05-12,7.997579097747803
2003-05-13,8.141650199890137
2003-05-14,8.29912281036377
2003-05-15,8.55375862121582
2003-05-16,8.543708801269531
2003-05-19,8.563810348510742
2003-05-20,8.557108879089355
2003-05-21,8.570511817932129
2003-05-22,8.7045316696167
2003-05-23,8.915609359741211
2003-05-26,8.8016939163208
2003-05-27,8.81844711303711
2003-05-28,8.815094947814941
2003-05-29,8.667675971984863
2003-05-30,8.741386413574219
2003-06-02,8.982621192932129
2003-06-03,8.798344612121582
2003-06-04,8.835200309753418
2003-06-05,8.738036155700684
2003-06-06,8.841900825500488
2003-06-09,9.227205276489258
2003-06-10,9.398076057434082
2003-06-11,9.625910758972168
2003-06-12,9.522045135498047
2003-06-13,9.448336601257324
2003-06-16,9.3076171875
2003-06-17,9.48183822631836
2003-06-18,9.565601348876953
2003-06-19,9.602457046508789
2003-06-20,9.793432235717773
2003-06-23,9.944206237792969
2003-06-24,9.940855026245117
2003-06-25,10.111730575561523
2003-06-26,10.071523666381836
2003-06-27,10.269205093383789
2003-06-30,10.600898742675781
2003-07-01,10.744970321655273
2003-07-02,10.935946464538574
2003-07-03,11.080015182495117
2003-07-04,10.923072814941406
2003-07-07,10.658019065856934
2003-07-08,10.36506462097168
2003-07-09,10.190685272216797
2003-07-10,10.159295082092285
2003-07-11,10.340651512145996
2003-07-14,10.403427124023438
2003-07-15,10.337162017822266
2003-07-16,10.53246784210205
2003-07-17,10.490616798400879
2003-07-18,10.333674430847168
2003-07-21,10.065131187438965
2003-07-22,9.698936462402344
2003-07-23,9.807050704956055
2003-07-24,10.089545249938965
2003-07-25,10.38947582244873
2003-07-28,10.291824340820312
2003-07-29,10.333674430847168
2003-07-30,10.420866012573242
2003-07-31,10.061643600463867
2003-08-01,10.455740928649902
2003-08-04,11.125353813171387
2003-08-05,10.853322982788086
2003-08-06,10.602219581604004
2003-08-07,10.919587135314941
2003-08-08,11.24044418334961
2003-08-11,11.620589256286621
2003-08-12,11.617098808288574
2003-08-13,11.847284317016602
2003-08-14,11.882158279418945
2003-08-15,11.882158279418945
2003-08-18,12.346002578735352
2003-08-19,12.101875305175781
2003-08-20,12.234404563903809
2003-08-21,12.747076988220215
2003-08-22,12.94237995147705
2003-08-25,12.509921073913574
2003-08-26,13.057470321655273
2003-08-27,13.280672073364258
2003-08-28,13.451562881469727
2003-08-29,13.528291702270508
2003-09-01,13.636404991149902
2003-09-02,13.611991882324219
2003-09-03,13.099321365356445
2003-09-04,12.841238975524902
2003-09-05,13.249284744262695
2003-09-08,13.381814002990723
2003-09-09,13.235332489013672
2003-09-10,13.444587707519531
2003-09-11,13.538756370544434
2003-09-12,13.193485260009766
2003-09-15,12.649423599243164
2003-09-16,12.830774307250977
2003-09-17,12.544794082641602
2003-09-18,11.777531623840332
2003-09-19,11.477599143981934
2003-09-22,11.32414722442627
2003-09-23,11.735676765441895
2003-09-24,12.300665855407715
2003-09-25,11.990273475646973
2003-09-26,12.175111770629883
2003-09-29,12.785439491271973
2003-09-30,12.886576652526855
2003-10-01,12.5971097946167
2003-10-02,12.5971097946167
2003-10-03,12.94935131072998
2003-10-06,13.601531982421875
2003-10-07,13.528291702270508
2003-10-08,14.068862915039062
2003-10-09,14.588512420654297
2003-10-10,14.686163902282715
2003-10-13,14.895419120788574
2003-10-14,14.312997817993164
2003-10-15,14.689656257629395
2003-10-16,15.146520614624023
2003-10-17,15.596418380737305
2003-10-20,15.725462913513184
2003-10-21,15.209299087524414
2003-10-22,15.010513305664062
2003-10-23,14.714065551757812
2003-10-24,15.132569313049316
2003-10-27,14.860543251037598
2003-10-28,14.881468772888184
2003-10-29,15.247668266296387
2003-10-30,15.739409446716309
2003-10-31,16.44390296936035
2003-11-03,16.747318267822266
2003-11-04,17.15885353088379
2003-11-05,17.434371948242188
2003-11-06,17.709888458251953
2003-11-07,17.256505966186523
2003-11-10,18.25395393371582
2003-11-11,18.40391731262207
2003-11-12,18.341142654418945
2003-11-13,17.66803741455078
2003-11-14,17.47970962524414
2003-11-17,18.466691970825195
2003-11-18,18.738723754882812
2003-11-19,18.372529983520508
2003-11-20,17.769182205200195
2003-11-21,17.93658447265625
2003-11-24,18.19466209411621
2003-11-25,18.59572982788086
2003-11-26,18.59572982788086
2003-11-27,18.442277908325195
2003-11-28,18.710826873779297
2003-12-01,19.20256805419922
2003-12-02,19.209543228149414
2003-12-03,19.624568939208984
2003-12-04,19.24441909790039
2003-12-05,18.689899444580078
2003-12-08,18.515518188476562
2003-12-09,19.16769027709961
2003-12-10,19.289762496948242
2003-12-11,19.26883888244629
2003-12-12,19.254884719848633
2003-12-15,19.41182518005371
2003-12-16,19.56179428100586
2003-12-17,19.64200210571289
2003-12-18,19.826845169067383
2003-12-19,19.88613510131836
2003-12-22,20.200016021728516
2003-12-23,20.074464797973633
2003-12-24,20.11631202697754
2003-12-25,20.11631202697754
2003-12-26,20.768491744995117
2003-12-29,21.281158447265625
2003-12-30,21.602020263671875
2003-12-31,21.85661506652832
2004-01-01,22.47042465209961
2004-01-02,22.94473648071289
2004-01-05,23.453922271728516
2004-01-06,24.583898544311523
2004-01-07,25.853374481201172
2004-01-08,26.624122619628906
2004-01-09,28.280712127685547
2004-01-12,27.8726749420166
2004-01-13,28.615535736083984
2004-01-14,29.456029891967773
2004-01-15,28.43766212463379
2004-01-16,27.97730255126953
2004-01-19,28.38185691833496
2004-01-20,27.021705627441406
2004-01-21,24.63969612121582
2004-01-22,25.197708129882812
2004-01-23,26.74968147277832
2004-01-26,26.74968147277832
2004-01-27,28.30513572692871
2004-01-28,27.1263370513916
2004-01-29,27.440216064453125
2004-01-30,26.174222946166992
2004-02-02,26.174222946166992
2004-02-03,24.793153762817383
2004-02-04,26.324193954467773
2004-02-05,25.535999298095703
2004-02-06,26.13237190246582
2004-02-09,27.11237907409668
2004-02-10,26.812458038330078
2004-02-11,27.11237907409668
2004-02-12,27.074020385742188
2004-02-13,27.537872314453125
2004-02-16,27.516939163208008
2004-02-17,27.597158432006836
2004-02-18,27.426271438598633
2004-02-19,26.191661834716797
2004-02-20,25.971954345703125
2004-02-23,25.44183921813965
2004-02-24,25.82546615600586
2004-02-25,25.124465942382812
2004-02-26,24.311864852905273
2004-02-27,24.20026206970215
2004-03-01,25.2186336517334
2004-03-02,25.2186336517334
2004-03-03,25.811527252197266
2004-03-04,26.195144653320312
2004-03-05,27.579715728759766
2004-03-08,28.273746490478516
2004-03-09,27.851747512817383
2004-03-10,28.245845794677734
2004-03-11,27.645984649658203
2004-03-12,27.551815032958984
2004-03-15,25.60924530029297
2004-03-16,25.560415267944336
2004-03-17,25.923126220703125
2004-03-18,25.13144302368164
2004-03-19,25.075641632080078
2004-03-22,23.882888793945312
2004-03-23,23.90032958984375
2004-03-24,24.09563636779785
2004-03-25,24.925678253173828
2004-03-26,25.801054000854492
2004-03-29,26.927541732788086
2004-03-30,26.045185089111328
2004-03-31,26.30675506591797
2004-04-01,26.774091720581055
2004-04-02,27.43324089050293
2004-04-05,28.835247039794922
2004-04-06,28.643428802490234
2004-04-07,28.894527435302734
2004-04-08,28.39232063293457
2004-04-09,28.39232063293457
2004-04-12,28.210969924926758
2004-04-13,28.713178634643555
2004-04-14,28.713178634643555
2004-04-15,28.35395622253418
2004-04-16,28.26328468322754
2004-04-19,28.479509353637695
2004-04-20,27.97730255126953
2004-04-21,28.594602584838867
2004-04-22,29.170047760009766
2004-04-23,28.866634368896484
2004-04-27,27.060070037841797
2004-04-28,26.843849182128906
2004-04-29,26.82988929748535
2004-04-30,26.481124877929688
2004-05-03,25.27791976928711
2004-05-04,26.236997604370117
2004-05-05,26.617143630981445
2004-05-06,27.20306396484375
2004-05-07,27.00775146484375
2004-05-10,26.05216407775879
2004-05-11,24.106096267700195
2004-05-12,24.18282699584961
2004-05-13,25.176780700683594
2004-05-14,22.49832534790039
2004-05-17,17.91217041015625
2004-05-18,20.046566009521484
2004-05-19,21.908926010131836
2004-05-20,21.58806610107422
2004-05-21,20.43717384338379
2004-05-24,21.549707412719727
2004-05-25,20.907995223999023
2004-05-26,21.190488815307617
2004-05-27,20.681303024291992
2004-05-28,19.188623428344727
2004-05-31,18.302778244018555
2004-06-01,18.505056381225586
2004-06-02,17.29486846923828
2004-06-03,17.130950927734375
2004-06-04,16.715932846069336
2004-06-07,16.653156280517578
2004-06-08,17.023221969604492
2004-06-09,17.22083282470703
2004-06-10,17.17772102355957
2004-06-11,16.592073440551758
2004-06-14,15.959721565246582
2004-06-15,17.069931030273438
2004-06-16,16.854358673095703
2004-06-17,17.245986938476562
2004-06-18,17.041187286376953
2004-06-21,16.631595611572266
2004-06-22,16.581295013427734
2004-06-23,15.758520126342773
2004-06-24,15.747739791870117
2004-06-25,16.448360443115234
2004-06-28,16.90825080871582
2004-06-29,16.725013732910156
2004-06-30,16.66393280029297
2004-07-01,17.260353088378906
2004-07-02,16.969331741333008
2004-07-05,16.940589904785156
2004-07-06,18.079544067382812
2004-07-07,18.331045150756836
2004-07-08,18.04720687866211
2004-07-09,18.280742645263672
2004-07-12,18.251998901367188
2004-07-13,18.04720687866211
2004-07-14,17.88552474975586
2004-07-15,18.237625122070312
2004-07-16,18.481948852539062
2004-07-19,18.528657913208008
2004-07-20,18.244813919067383
2004-07-21,18.89154052734375
2004-07-22,19.365808486938477
2004-07-23,19.739469528198242
2004-07-26,19.351430892944336
2004-07-27,18.388530731201172
2004-07-28,18.2484073638916
2004-07-29,18.528657913208008
2004-07-30,18.988548278808594
2004-08-02,19.290353775024414
2004-08-03,19.250825881958008
2004-08-04,18.938249588012695
2004-08-05,19.01729393005371
2004-08-06,18.931060791015625
2004-08-09,19.452035903930664
2004-08-10,19.40532875061035
2004-08-11,19.1861629486084
2004-08-12,19.11071014404297
2004-08-13,19.222084045410156
2004-08-16,19.27597999572754
2004-08-17,19.297536849975586
2004-08-18,18.632848739624023
2004-08-19,18.740636825561523
2004-08-20,17.910676956176758
2004-08-23,17.50108528137207
2004-08-24,17.871152877807617
2004-08-25,18.223257064819336
2004-08-26,18.402902603149414
2004-08-27,18.295116424560547
2004-08-30,18.78375244140625
2004-08-31,18.661596298217773
2004-09-01,19.01729393005371
2004-09-02,19.434070587158203
2004-09-03,20.073610305786133
2004-09-06,20.231693267822266
2004-09-07,20.192174911499023
2004-09-08,20.619735717773438
2004-09-09,20.396970748901367
2004-09-10,20.605358123779297
2004-09-13,20.885610580444336
2004-09-14,20.691593170166016
2004-09-15,20.389785766601562
2004-09-16,21.12274169921875
2004-09-17,21.74072265625
2004-09-20,21.89881134033203
2004-09-21,22.506011962890625
2004-09-22,22.36948013305664
2004-09-23,22.340736389160156
2004-09-24,22.56349754333496
2004-09-27,22.265287399291992
2004-09-28,21.747907638549805
2004-09-29,22.44493293762207
2004-09-30,22.603015899658203
2004-10-01,22.92279052734375
2004-10-04,23.447357177734375
2004-10-05,23.01261329650879
2004-10-06,22.73236656188965
2004-10-07,23.788681030273438
2004-10-08,23.56233024597168
2004-10-11,23.116804122924805
2004-10-12,22.700031280517578
2004-10-14,22.40182113647461
2004-10-15,22.473678588867188
2004-10-18,22.053308486938477
2004-10-19,22.7108097076416
2004-10-20,22.466489791870117
2004-10-21,22.581462860107422
2004-10-22,22.581462860107422
2004-10-25,21.636526107788086
2004-10-26,21.402984619140625
2004-10-27,21.9311466217041
2004-10-28,21.744319915771484
2004-10-29,21.561073303222656
2004-11-01,21.956298828125
2004-11-02,22.707216262817383
2004-11-03,22.68565559387207
2004-11-04,22.707216262817383
2004-11-05,22.57427406311035
2004-11-08,22.595836639404297
2004-11-09,22.373069763183594
2004-11-10,22.581462860107422
2004-11-11,23.149141311645508
2004-11-12,22.904829025268555
2004-11-15,22.904829025268555
2004-11-16,23.02698516845703
2004-11-17,23.1347713470459
2004-11-18,22.937162399291992
2004-11-19,23.1922550201416
2004-11-22,24.01503562927246
2004-11-23,24.805479049682617
2004-11-24,24.525232315063477
2004-11-25,24.306060791015625
2004-11-26,24.306060791015625
2004-11-29,24.597082138061523
2004-11-30,24.69409942626953
2004-12-01,24.942005157470703
2004-12-02,25.430646896362305
2004-12-03,24.938413619995117
2004-12-06,24.898889541625977
2004-12-07,24.809072494506836
2004-12-08,24.521635055541992
2004-12-09,24.90248680114746
2004-12-10,25.473756790161133
2004-12-13,25.736038208007812
2004-12-14,26.127674102783203
2004-12-15,26.16718864440918
2004-12-16,26.156410217285156
2004-12-17,26.6342716217041
2004-12-20,26.90373992919922
2004-12-21,27.82352066040039
2004-12-22,27.176795959472656
2004-12-23,27.453454971313477
2004-12-24,27.385189056396484
2004-12-27,27.331300735473633
2004-12-28,27.453454971313477
2004-12-29,27.67262077331543
2004-12-30,27.331300735473633
2004-12-31,28.12891960144043
2005-01-03,28.68582534790039
2005-01-04,28.973255157470703
2005-01-05,27.873825073242188
2005-01-06,27.065420150756836
2005-01-07,26.540849685668945
2005-01-10,25.477352142333984
2005-01-11,25.61388397216797
2005-01-12,24.38151741027832
2005-01-13,25.76119041442871
2005-01-14,24.589900970458984
2005-01-17,25.728857040405273
2005-01-18,26.99715232849121
2005-01-19,26.50492286682129
2005-01-20,25.912097930908203
2005-01-24,24.927631378173828
2005-01-25,24.783918380737305
2005-01-27,25.24380874633789
2005-01-28,27.137279510498047
2005-01-31,27.66902732849121
2005-02-01,27.291772842407227
2005-02-02,28.14328956604004
2005-02-03,28.394798278808594
2005-02-04,28.384021759033203
2005-02-07,28.05347442626953
2005-02-08,28.29779052734375
2005-02-09,28.17203712463379
2005-02-10,28.87983512878418
2005-02-11,29.418781280517578
2005-02-14,29.357698440551758
2005-02-15,30.245149612426758
2005-02-16,29.882261276245117
2005-02-17,30.058317184448242
2005-02-18,29.688249588012695
2005-02-21,29.45111083984375
2005-02-22,29.443933486938477
2005-02-23,29.11697769165039
2005-02-24,28.955297470092773
2005-02-25,28.833131790161133
2005-02-28,29.31817626953125
2005-03-01,28.434322357177734
2005-03-02,28.570846557617188
2005-03-03,29.002004623413086
2005-03-04,29.005592346191406
2005-03-07,28.829538345336914
2005-03-08,28.75768280029297
2005-03-09,28.387611389160156
2005-03-10,28.441505432128906
2005-03-11,28.25826644897461
2005-03-14,27.956462860107422
2005-03-15,27.575613021850586
2005-03-16,27.32770347595215
2005-03-17,27.219919204711914
2005-03-18,27.24147605895996
2005-03-21,27.072607040405273
2005-03-22,25.84023094177246
2005-03-23,24.57912254333496
2005-03-24,24.442594528198242
2005-03-28,25.315670013427734
2005-03-29,24.489295959472656
2005-03-30,25.61388397216797
2005-03-31,25.76837921142578
2005-04-01,26.023473739624023
2005-04-04,25.61029052734375
2005-04-05,24.909671783447266
2005-04-06,25.272550582885742
2005-04-07,24.920454025268555
2005-04-08,24.57193374633789
2005-04-11,24.492889404296875
2005-04-12,25.02104949951172
2005-04-13,25.315670013427734
2005-04-15,24.309650421142578
2005-04-18,23.824613571166992
2005-04-19,24.191083908081055
2005-04-20,25.412683486938477
2005-04-21,26.03066062927246
2005-04-22,25.73963165283203
2005-04-25,25.621070861816406
2005-04-26,25.40908432006836
2005-04-27,25.168359756469727
2005-04-28,25.236629486083984
2005-04-29,24.8521785736084
2005-05-02,24.927631378173828
2005-05-03,25.04261016845703
2005-05-04,26.016279220581055
2005-05-05,25.822269439697266
2005-05-06,25.700109481811523
2005-05-09,25.983949661254883
2005-05-10,26.483369827270508
2005-05-11,26.156410217285156
2005-05-12,26.433067321777344
2005-05-13,26.479774475097656
2005-05-16,26.530078887939453
2005-05-17,25.87616729736328
2005-05-18,26.274986267089844
2005-05-19,26.217491149902344
2005-05-20,26.35042953491211
2005-05-23,26.210296630859375
2005-05-24,26.533662796020508
2005-05-25,26.874990463256836
2005-05-26,27.967241287231445
2005-05-27,27.762449264526367
2005-05-30,27.475019454956055
2005-05-31,27.722917556762695
2005-06-01,27.148056030273438
2005-06-02,26.77798843383789
2005-06-03,26.918109893798828
2005-06-06,27.122909545898438
2005-06-07,27.625913619995117
2005-06-08,27.4893798828125
2005-06-09,27.61513328552246
2005-06-10,27.356443405151367
2005-06-13,27.2810001373291
2005-06-14,27.32410430908203
2005-06-15,27.93490982055664
2005-06-16,27.514535903930664
2005-06-17,26.88218116760254
2005-06-20,26.346837997436523
2005-06-21,26.95403289794922
2005-06-22,27.2235107421875
2005-06-23,27.148056030273438
2005-06-24,27.112123489379883
2005-06-27,27.44985580444336
2005-06-28,27.20913314819336
2005-06-29,26.760019302368164
2005-06-30,27.065420150756836
2005-07-01,27.665433883666992
2005-07-04,28.610370635986328
2005-07-05,27.960052490234375
2005-07-06,28.696605682373047
2005-07-07,28.419944763183594
2005-07-08,28.50259017944336
2005-07-11,28.513364791870117
2005-07-12,28.985774993896484
2005-07-13,29.893985748291016
2005-07-14,29.674259185791016
2005-07-15,29.472837448120117
2005-07-18,29.54974937438965
2005-07-19,29.09564208984375
2005-07-20,29.304386138916016
2005-07-21,29.05170440673828
2005-07-22,29.425233840942383
2005-07-25,29.513132095336914
2005-07-26,29.245792388916016
2005-07-27,29.286069869995117
2005-07-28,30.34772491455078
2005-07-29,28.799009323120117
2005-08-01,29.546079635620117
2005-08-02,30.036819458007812
2005-08-03,29.802433013916016
2005-08-04,29.908632278442383
2005-08-05,31.417442321777344
2005-08-08,30.527544021606445
2005-08-09,30.17230987548828
2005-08-10,31.14277458190918
2005-08-11,31.25996208190918
2005-08-12,31.062206268310547
2005-08-16,30.545846939086914
2005-08-17,31.24165916442871
2005-08-18,31.54560661315918
2005-08-19,31.483348846435547
2005-08-22,31.68478012084961
2005-08-23,31.113483428955078
2005-08-24,30.611764907836914
2005-08-25,31.479684829711914
2005-08-26,31.413772583007812
2005-08-29,30.97797966003418
2005-08-30,31.58954620361328
2005-08-31,33.01412582397461
2005-09-01,33.36935043334961
2005-09-02,34.391090393066406
2005-09-05,33.72824478149414
2005-09-06,33.76486587524414
2005-09-08,33.860076904296875
2005-09-09,33.53049087524414
2005-09-12,34.02853775024414
2005-09-13,33.951629638671875
2005-09-14,33.44258499145508
2005-09-15,33.80514144897461
2005-09-16,33.65134048461914
2005-09-19,33.80514144897461
2005-09-20,33.446258544921875
2005-09-21,32.76510238647461
2005-09-22,31.563915252685547
2005-09-23,31.51630973815918
2005-09-26,32.85664749145508
2005-09-27,33.076385498046875
2005-09-28,33.977272033691406
2005-09-29,34.314178466796875
2005-09-30,35.22239685058594
2005-10-03,35.251686096191406
2005-10-04,35.09054946899414
2005-10-05,34.841529846191406
2005-10-06,33.74289321899414
2005-10-07,34.56686782836914
2005-10-10,33.896705627441406
2005-10-11,33.636688232421875
2005-10-13,33.03609848022461
2005-10-14,32.48311996459961
2005-10-17,32.127891540527344
2005-10-18,31.40278434753418
2005-10-19,31.014606475830078
2005-10-20,29.260440826416016
2005-10-21,31.512651443481445
2005-10-24,30.036819458007812
2005-10-25,30.414012908935547
2005-10-26,29.172544479370117
2005-10-27,28.30828285217285
2005-10-28,28.582950592041016
2005-10-31,28.96013641357422
2005-11-02,30.168651580810547
2005-11-04,30.168651580810547
2005-11-07,31.281940460205078
2005-11-08,31.578567504882812
2005-11-09,31.02924919128418
2005-11-10,31.06587028503418
2005-11-11,32.12422561645508
2005-11-14,32.21578598022461
2005-11-16,32.55635452270508
2005-11-17,32.772422790527344
2005-11-18,32.19380569458008
2005-11-21,31.794641494750977
2005-11-22,31.450389862060547
2005-11-23,32.263389587402344
2005-11-24,32.36958694458008
2005-11-25,32.223106384277344
2005-11-28,33.61838912963867
2005-11-29,33.05807113647461
2005-11-30,32.69551467895508
2005-12-01,32.69917678833008
2005-12-02,32.31832504272461
2005-12-05,31.39912223815918
2005-12-06,31.83858299255371
2005-12-07,31.574913024902344
2005-12-08,31.72139549255371
2005-12-09,32.560028076171875
2005-12-12,32.84933090209961
2005-12-13,32.65157699584961
2005-12-14,32.53071975708008
2005-12-15,32.592987060546875
2005-12-16,32.82369613647461
2005-12-19,33.138633728027344
2005-12-20,32.99580764770508
2005-12-21,33.09469223022461
2005-12-22,32.97383499145508
2005-12-23,31.988727569580078
2005-12-26,30.68134307861328
2005-12-27,31.54926872253418
2005-12-28,31.223339080810547
2005-12-29,31.622516632080078
2005-12-30,31.948436737060547
2006-01-02,31.801965713500977
2006-01-03,32.38790512084961
2006-01-04,32.911590576171875
2006-01-05,32.77607727050781
2006-01-06,32.76144027709961
2006-01-09,33.83444595336914
2006-01-10,33.464561462402344
2006-01-12,33.329063415527344
2006-01-13,33.182579040527344
2006-01-16,32.99216079711914
2006-01-17,32.85664749145508
2006-01-18,32.64425277709961
2006-01-19,33.061729431152344
2006-01-20,33.12764358520508
2006-01-23,33.039756774902344
2006-01-24,33.109344482421875
2006-01-25,32.948211669921875
2006-01-27,33.55978012084961
2006-01-30,34.112770080566406
2006-01-31,34.55589294433594
2006-02-01,34.10544204711914
2006-02-02,34.74998092651367
2006-02-03,35.41280746459961
2006-02-06,35.95115661621094
2006-02-07,36.31371307373047
2006-02-08,36.4272346496582
2006-02-10,37.03148651123047
2006-02-13,37.47460174560547
2006-02-14,36.2111701965332
2006-02-15,35.83030700683594
2006-02-16,36.67625427246094
2006-02-17,35.67649841308594
2006-02-20,35.9145393371582
2006-02-21,36.35764694213867
2006-02-22,37.166988372802734
2006-02-23,37.251216888427734
2006-02-24,37.950679779052734
2006-02-27,38.21800994873047
2006-02-28,37.44164276123047
2006-03-01,38.470706939697266
2006-03-02,39.24340057373047
2006-03-03,40.06373596191406
2006-03-06,42.36721420288086
2006-03-07,41.83986282348633
2006-03-08,41.2246208190918
2006-03-09,41.3747673034668
2006-03-10,42.54298782348633
2006-03-13,42.184112548828125
2006-03-14,41.39309310913086
2006-03-16,42.378196716308594
2006-03-17,41.80690383911133
2006-03-20,41.63844299316406
2006-03-21,41.44801330566406
2006-03-22,41.73731994628906
2006-03-23,41.70436477661133
2006-03-24,43.011741638183594
2006-03-27,43.557403564453125
2006-03-28,42.71511459350586
2006-03-29,42.400169372558594
2006-03-30,42.033966064453125
2006-03-31,42.656517028808594
2006-04-03,42.835960388183594
2006-04-04,42.89822769165039
2006-04-05,42.84329605102539
2006-04-07,42.890907287597656
2006-04-10,43.13625717163086
2006-04-12,42.41481018066406
2006-04-13,41.90944290161133
2006-04-17,43.495140075683594
2006-04-18,43.19851303100586
2006-04-19,42.72243881225586
2006-04-20,42.890907287597656
2006-04-21,42.466094970703125
2006-04-24,41.93141555786133
2006-04-25,40.1333122253418
2006-04-26,40.821781158447266
2006-04-27,40.3786735534668
2006-04-28,40.0197868347168
2006-05-02,40.21022033691406
2006-05-03,40.94997024536133
2006-05-04,42.213401794433594
2006-05-05,41.33448791503906
2006-05-08,41.36012268066406
2006-05-09,41.4443473815918
2006-05-10,42.887229919433594
2006-05-11,41.949729919433594
2006-05-12,41.81056594848633
2006-05-15,41.43336486816406
2006-05-16,40.9865837097168
2006-05-17,41.45167922973633
2006-05-18,39.95752716064453
2006-05-19,38.63549041748047
2006-05-22,37.822509765625
2006-05-23,40.27246856689453
2006-05-24,38.760009765625
2006-05-25,36.81542205810547
2006-05-26,36.4601936340332
2006-05-29,37.15599060058594
2006-05-30,37.888427734375
2006-05-31,36.6286506652832
2006-06-01,35.22605895996094
2006-06-02,34.98434829711914
2006-06-05,34.365447998046875
2006-06-06,34.41672134399414
2006-06-07,34.20431900024414
2006-06-08,31.483348846435547
2006-06-09,32.094932556152344
2006-06-12,31.252649307250977
2006-06-13,28.83929443359375
2006-06-14,29.893985748291016
2006-06-15,31.56026268005371
2006-06-16,31.820274353027344
2006-06-19,31.89717674255371
2006-06-20,31.54560661315918
2006-06-21,31.611530303955078
2006-06-22,32.629600524902344
2006-06-23,33.07271957397461
2006-06-26,31.336872100830078
2006-06-27,33.083702087402344
2006-06-28,33.28879165649414
2006-06-29,34.68039321899414
2006-06-30,35.3395881652832
2006-07-03,35.32126998901367
2006-07-04,34.30686569213867
2006-07-05,35.200416564941406
2006-07-06,35.072242736816406
2006-07-07,35.29966735839844
2006-07-10,35.63895034790039
2006-07-11,36.11616897583008
2006-07-12,35.661319732666016
2006-07-13,36.880470275878906
2006-07-14,35.691139221191406
2006-07-17,35.95958709716797
2006-07-18,36.32495880126953
2006-07-19,35.70233154296875
2006-07-20,36.075157165527344
2006-07-21,34.606201171875
2006-07-24,35.18037033081055
2006-07-25,35.926029205322266
2006-07-26,37.074344635009766
2006-07-27,37.38752365112305
2006-07-28,37.01469039916992
2006-07-31,36.48154830932617
2006-08-01,36.26903533935547
2006-08-02,37.17874526977539
2006-08-03,37.02960968017578
2006-08-04,37.07061004638672
2006-08-07,37.10417175292969
2006-08-08,37.6373176574707
2006-08-09,37.34651565551758
2006-08-10,37.4583625793457
2006-08-11,37.30550003051758
2006-08-14,37.4322624206543
2006-08-16,37.66714859008789
2006-08-17,38.51719665527344
2006-08-18,39.12491226196289
2006-08-21,39.06153869628906
2006-08-22,39.046634674072266
2006-08-23,39.04288864135742
2006-08-24,39.17338562011719
2006-08-25,39.85194778442383
2006-08-28,40.496944427490234
2006-08-29,40.176307678222656
2006-08-30,39.24422836303711
2006-08-31,39.356082916259766
2006-09-01,40.16138458251953
2006-09-04,40.69081115722656
2006-09-05,40.142757415771484
2006-09-06,39.98615646362305
2006-09-07,40.243408203125
2006-09-08,40.12411117553711
2006-09-11,37.864749908447266
2006-09-12,37.56648635864258
2006-09-13,39.10255432128906
2006-09-14,39.74009704589844
2006-09-15,39.29642868041992
2006-09-18,38.8192024230957
2006-09-19,38.52838897705078
2006-09-20,38.849029541015625
2006-09-21,39.091365814208984
2006-09-22,39.24049377441406
2006-09-25,39.3076057434082
2006-09-26,39.45674133300781
2006-09-27,40.09428405761719
2006-09-28,41.40664291381836
2006-09-29,42.34244918823242
2006-10-03,41.51103591918945
2006-10-04,40.153934478759766
2006-10-05,40.03089904785156
2006-10-06,40.269508361816406
2006-10-09,40.329166412353516
2006-10-10,40.06446075439453
2006-10-11,40.41864013671875
2006-10-12,40.18749237060547
2006-10-13,39.889217376708984
2006-10-16,40.083099365234375
2006-10-17,39.620784759521484
2006-10-18,39.773643493652344
2006-10-19,39.594696044921875
2006-10-20,39.501468658447266
2006-10-23,39.67298126220703
2006-10-26,39.31879425048828
2006-10-27,39.5350341796875
2006-10-30,39.822113037109375
2006-10-31,40.30678939819336
2006-11-01,40.81012725830078
2006-11-02,41.07482147216797
2006-11-03,41.320892333984375
2006-11-06,41.354461669921875
2006-11-07,40.86604690551758
2006-11-08,40.82502746582031
2006-11-09,40.884681701660156
2006-11-10,40.99653625488281
2006-11-13,41.04500198364258
2006-11-14,41.5222282409668
2006-11-15,41.604251861572266
2006-11-16,41.544593811035156
2006-11-17,41.53340148925781
2006-11-20,41.268699645996094
2006-11-21,41.16431427001953
2006-11-22,42.018089294433594
2006-11-23,42.92033767700195
2006-11-24,43.032196044921875
2006-11-27,43.997825622558594
2006-11-28,43.20368576049805
2006-11-29,43.337913513183594
2006-11-30,43.34537887573242
2006-12-01,44.56826400756836
2006-12-04,45.41085433959961
2006-12-05,44.10221862792969
2006-12-06,44.62046432495117
2006-12-07,44.352012634277344
2006-12-08,43.66973876953125
2006-12-11,41.41410446166992
2006-12-12,40.224769592285156
2006-12-13,40.59760284423828
2006-12-14,41.72355270385742
2006-12-15,41.67509460449219
2006-12-18,44.09849166870117
2006-12-19,42.60343551635742
2006-12-20,41.48122024536133
2006-12-21,40.85112380981445
2006-12-22,41.36564254760742
2006-12-26,41.67881774902344
2006-12-27,41.26124954223633
2006-12-28,41.53713607788086
2006-12-29,41.794395446777344
2007-01-02,42.11875534057617
2007-01-03,41.9547119140625
2007-01-04,41.734737396240234
2007-01-05,41.76457214355469
2007-01-08,41.891326904296875
2007-01-09,41.77202606201172
2007-01-10,41.57441711425781
2007-01-11,42.290260314941406
2007-01-12,43.177589416503906
2007-01-15,43.45348358154297
2007-01-16,42.9166145324707
2007-01-17,43.3714714050293
2007-01-18,43.10303497314453
2007-01-19,43.21115493774414
2007-01-22,43.953086853027344
2007-01-23,44.728572845458984
2007-01-24,45.00074005126953
2007-01-25,45.8806266784668
2007-01-29,45.63083267211914
2007-01-31,45.146148681640625
2007-02-01,44.25880432128906
2007-02-02,45.31764602661133
2007-02-05,45.705406188964844
2007-02-06,45.604732513427734
2007-02-07,44.918724060058594
2007-02-08,45.26545333862305
2007-02-09,44.754669189453125
2007-02-12,44.91498947143555
2007-02-13,45.01565933227539
2007-02-14,45.574913024902344
2007-02-15,45.358665466308594
2007-02-19,45.53388977050781
2007-02-20,45.42205047607422
2007-02-21,44.8628044128418
2007-02-22,44.43403244018555
2007-02-23,42.853240966796875
2007-02-26,42.9166145324707
2007-02-27,41.37308883666992
2007-02-28,40.47084045410156
2007-03-01,40.35899353027344
2007-03-02,39.486568450927734
2007-03-05,37.92067337036133
2007-03-06,36.7238883972168
2007-03-07,37.18992233276367
2007-03-08,38.964603424072266
2007-03-09,38.047447204589844
2007-03-12,38.2711296081543
2007-03-13,38.610408782958984
2007-03-14,38.43891143798828
2007-03-15,38.28977584838867
2007-03-16,37.928138732910156
2007-03-19,37.74544143676758
2007-03-20,37.56275939941406
2007-03-21,37.801368713378906
2007-03-22,38.435176849365234
2007-03-23,37.85356903076172
2007-03-26,37.54039001464844
2007-03-28,37.75662612915039
2007-03-29,38.0772705078125
2007-03-30,37.97659683227539
2007-04-02,36.96995544433594
2007-04-03,37.23466873168945
2007-04-04,37.65596389770508
2007-04-05,37.49938201904297
2007-04-09,37.931861877441406
2007-04-10,38.21147918701172
2007-04-11,39.75872802734375
2007-04-12,39.031715393066406
2007-04-13,39.80720138549805
2007-04-16,41.246334075927734
2007-04-17,41.42528533935547
2007-04-18,40.142757415771484
2007-04-19,39.769920349121094
2007-04-20,40.698272705078125
2007-04-23,42.36109924316406
2007-04-24,43.367733001708984
2007-04-25,44.63909912109375
2007-04-26,44.58689498901367
2007-04-27,43.539241790771484
2007-04-30,44.13204574584961
2007-05-03,45.41085433959961
2007-05-04,45.10887145996094
2007-05-07,45.07158279418945
2007-05-08,44.21780014038086
2007-05-09,43.848697662353516
2007-05-10,42.83458709716797
2007-05-11,42.640716552734375
2007-05-14,43.86732864379883
2007-05-15,43.25216293334961
2007-05-16,43.86732864379883
2007-05-17,44.139503479003906
2007-05-18,43.419944763183594
2007-05-21,44.56453323364258
2007-05-22,45.60100555419922
2007-05-23,45.369850158691406
2007-05-24,44.92617416381836
2007-05-25,45.04547882080078
2007-05-28,45.064125061035156
2007-05-29,44.687564849853516
2007-05-30,44.19169998168945
2007-05-31,43.67719268798828
2007-06-01,44.00529098510742
2007-06-04,44.687564849853516
2007-06-05,45.03429412841797
2007-06-06,44.15814208984375
2007-06-07,43.33046340942383
2007-06-08,43.140323638916016
2007-06-11,44.38556671142578
2007-06-12,43.42739486694336
2007-06-13,43.293174743652344
2007-06-14,43.27081298828125
2007-06-15,44.187965393066406
2007-06-18,44.23643493652344
2007-06-19,44.50860595703125
2007-06-20,46.46597671508789
2007-06-21,47.46888732910156
2007-06-22,47.647850036621094
2007-06-25,47.46514892578125
2007-06-26,47.20790100097656
2007-06-27,48.10269546508789
2007-06-28,50.037681579589844
2007-06-29,50.007869720458984
2007-07-02,49.82145690917969
2007-07-03,49.884830474853516
2007-07-04,48.93410873413086
2007-07-05,50.015323638916016
2007-07-06,49.19136428833008
2007-07-09,49.90346908569336
2007-07-10,50.0451545715332
2007-07-11,50.060062408447266
2007-07-12,52.058441162109375
2007-07-13,51.24940490722656
2007-07-16,51.76017761230469
2007-07-17,50.46361541748047
2007-07-18,50.53921890258789
2007-07-19,50.5618896484375
2007-07-20,50.63371658325195
2007-07-23,50.5618896484375
2007-07-24,51.869789123535156
2007-07-25,51.767738342285156
2007-07-26,53.79384994506836
2007-07-27,53.10586929321289
2007-07-30,54.56875228881836
2007-07-31,55.55533981323242
2007-08-01,52.93199920654297
2007-08-02,52.640926361083984
2007-08-03,52.637142181396484
2007-08-06,50.667747497558594
2007-08-07,52.21377944946289
2007-08-08,53.04539489746094
2007-08-09,52.06636047363281
2007-08-10,51.93028259277344
2007-08-13,54.81446075439453
2007-08-14,53.85810852050781
2007-08-16,52.51239776611328
2007-08-17,53.01893615722656
2007-08-20,51.99832534790039
2007-08-21,51.46533203125
2007-08-22,51.46155548095703
2007-08-23,51.55983352661133
2007-08-24,51.3708381652832
2007-08-27,52.19866180419922
2007-08-28,51.741275787353516
2007-08-29,51.8017578125
2007-08-30,52.05124282836914
2007-08-31,51.767738342285156
2007-09-03,51.75638198852539
2007-09-04,52.954673767089844
2007-09-05,53.918582916259766
2007-09-06,55.11308670043945
2007-09-07,54.35707092285156
2007-09-10,54.980777740478516
2007-09-11,55.097957611083984
2007-09-12,55.536441802978516
2007-09-13,56.76873016357422
2007-09-14,56.47390365600586
2007-09-17,55.58180236816406
2007-09-18,56.5872917175293
2007-09-19,57.604122161865234
2007-09-20,58.53402328491211
2007-09-21,59.42610549926758
2007-09-24,63.07007598876953
2007-09-25,63.21750259399414
2007-09-26,62.858394622802734
2007-09-27,63.64841079711914
2007-09-28,64.58587646484375
2007-10-01,68.774169921875
2007-10-03,77.85005187988281
2007-10-04,75.09062957763672
2007-10-05,71.37863159179688
2007-10-08,68.22984313964844
2007-10-09,74.08892059326172
2007-10-10,83.00225830078125
2007-10-11,82.64693450927734
2007-10-12,79.35073852539062
2007-10-15,83.79230499267578
2007-10-16,103.25198364257812
2007-10-17,88.88400268554688
2007-10-18,81.87957763671875
2007-10-19,73.94149017333984
2007-10-22,75.4799575805664
2007-10-23,79.9555435180664
2007-10-24,82.49573516845703
2007-10-25,84.69194793701172
2007-10-26,85.958251953125
2007-10-29,89.45478820800781
2007-10-30,90.62660217285156
2007-10-31,91.7568359375
2007-11-01,92.81525421142578
2007-11-02,98.61006164550781
2007-11-05,103.56192779541016
2007-11-06,102.5073013305664
2007-11-07,97.52519989013672
2007-11-08,93.47676849365234
2007-11-12,92.51663970947266
2007-11-13,95.0870590209961
2007-11-14,99.25269317626953
2007-11-15,94.42933654785156
2007-11-16,94.62211608886719
2007-11-19,96.1152572631836
2007-11-20,91.46957397460938
2007-11-21,87.40602111816406
2007-11-22,86.1888427734375
2007-11-23,86.92593383789062
2007-11-26,89.11837768554688
2007-11-27,85.86376190185547
2007-11-28,84.15518188476562
2007-11-29,84.4235610961914
2007-11-30,88.34723663330078
2007-12-03,95.41216278076172
2007-12-04,98.57227325439453
2007-12-05,99.61177825927734
2007-12-06,98.28874969482422
2007-12-07,100.07672882080078
2007-12-10,99.58531188964844
2007-12-11,99.47569274902344
2007-12-12,102.64717102050781
2007-12-13,98.54959869384766
2007-12-14,98.33789825439453
2007-12-17,97.90321350097656
2007-12-18,94.9925765991211
2007-12-19,95.3630142211914
2007-12-20,97.07536315917969
2007-12-24,100.23548126220703
2007-12-26,102.06502532958984
2007-12-27,102.53755187988281
2007-12-28,105.11175537109375
2007-12-31,111.13714599609375
2008-01-01,116.70893096923828
2008-01-02,116.6522216796875
2008-01-03,121.10511016845703
2008-01-04,123.165283203125
2008-01-07,121.66836547851562
2008-01-08,118.28144836425781
2008-01-09,118.41752624511719
2008-01-10,113.42406463623047
2008-01-11,110.21858215332031
2008-01-14,115.7903823852539
2008-01-15,117.03401184082031
2008-01-16,110.35089111328125
2008-01-17,111.8402099609375
2008-01-18,110.18077087402344
2008-01-21,93.69599914550781
2008-01-22,81.83802032470703
2008-01-23,95.06438446044922
2008-01-24,91.10289764404297
2008-01-25,95.07572174072266
2008-01-28,96.53482818603516
2008-01-29,99.15438842773438
2008-01-30,99.54751586914062
2008-01-31,96.61422729492188
2008-02-01,101.41486358642578
2008-02-04,106.23821258544922
2008-02-05,109.48524475097656
2008-02-06,107.67083740234375
2008-02-07,107.10006713867188
2008-02-08,100.81383514404297
2008-02-11,89.27335357666016
2008-02-12,89.46992492675781
2008-02-13,91.74927520751953
2008-02-14,96.62931823730469
2008-02-15,97.8880844116211
2008-02-18,100.30731964111328
2008-02-19,98.08843231201172
2008-02-20,101.4715576171875
2008-02-21,101.88357543945312
2008-02-22,102.72653198242188
2008-02-25,102.08769989013672
2008-02-26,102.81726837158203
2008-02-27,104.07979583740234
2008-02-28,105.34232330322266
2008-02-29,105.833740234375
2008-03-03,98.74236297607422
2008-03-04,93.35580444335938
2008-03-05,90.58126831054688
2008-03-07,86.23798370361328
2008-03-10,83.46341705322266
2008-03-11,89.87437438964844
2008-03-12,89.980224609375
2008-03-13,88.35858917236328
2008-03-14,87.74622344970703
2008-03-17,85.3118667602539
2008-03-18,80.43183135986328
2008-03-19,79.19953918457031
2008-03-24,82.73765563964844
2008-03-25,88.25652313232422
2008-03-26,87.93142700195312
2008-03-27,88.41527557373047
2008-03-28,91.93828582763672
2008-03-31,88.56649017333984
2008-04-01,88.86888885498047
2008-04-02,89.90839385986328
2008-04-03,87.93142700195312
2008-04-04,84.7675552368164
2008-04-07,89.11837768554688
2008-04-08,85.69364929199219
2008-04-09,89.56063842773438
2008-04-10,90.6568603515625
2008-04-11,94.3272705078125
2008-04-15,96.30045318603516
2008-04-16,95.70323944091797
2008-04-17,98.22073364257812
2008-04-21,99.50971984863281
2008-04-22,99.32070922851562
2008-04-23,100.13722229003906
2008-04-24,102.88528442382812
2008-04-25,101.10111999511719
2008-04-28,102.22759246826172
2008-04-29,105.08150482177734
2008-04-30,105.5351333618164
2008-05-02,107.50830078125
2008-05-05,105.22515869140625
2008-05-06,100.73444366455078
2008-05-07,103.13478088378906
2008-05-08,101.45267486572266
2008-05-09,102.21244812011719
2008-05-12,101.9327392578125
2008-05-13,101.62277221679688
2008-05-14,102.62448120117188
2008-05-15,105.90556335449219
2008-05-16,109.76498413085938
2008-05-20,112.90998840332031
2008-05-21,113.13301086425781
2008-05-22,111.7797622680664
2008-05-23,108.89935302734375
2008-05-26,104.31793212890625
2008-05-27,102.5073013305664
2008-05-28,105.22892761230469
2008-05-29,103.05916595458984
2008-05-30,102.43547821044922
2008-06-02,97.97123718261719
2008-06-03,94.30460357666016
2008-06-04,88.04107666015625
2008-06-05,95.13998413085938
2008-06-06,96.4819107055664
2008-06-09,97.25304412841797
2008-06-10,97.72552490234375
2008-06-11,98.3265609741211
2008-06-12,99.20732879638672
2008-06-13,94.70148468017578
2008-06-16,98.477783203125
2008-06-17,98.1073226928711
2008-06-18,96.75028228759766
2008-06-19,96.50459289550781
2008-06-20,94.66748046875
2008-06-23,90.0747299194336
2008-06-24,84.44624328613281
2008-06-25,83.60706329345703
2008-06-26,85.25516510009766
2008-06-27,80.14453125
2008-06-30,79.91018676757812
2008-07-01,76.26622009277344
2008-07-02,83.21773529052734
2008-07-03,76.08477020263672
2008-07-04,83.5239028930664
2008-07-07,82.03456115722656
2008-07-08,77.9067611694336
2008-07-09,80.11052703857422
2008-07-10,78.77616882324219
2008-07-11,73.76383209228516
2008-07-14,75.50265502929688
2008-07-15,73.35179138183594
2008-07-16,72.07792663574219
2008-07-17,75.7143325805664
2008-07-18,76.6782455444336
2008-07-21,78.88199615478516
2008-07-22,84.24967956542969
2008-07-23,85.00568389892578
2008-07-24,79.21087646484375
2008-07-25,76.3493881225586
2008-07-28,79.59642028808594
2008-07-29,78.70436096191406
2008-07-30,84.23455047607422
2008-07-31,87.52320861816406
2008-08-01,84.40087890625
2008-08-04,84.6314468383789
2008-08-05,83.3046646118164
2008-08-06,80.40158081054688
2008-08-07,79.40365600585938
2008-08-08,80.16343688964844
2008-08-11,81.49781036376953
2008-08-12,78.43218994140625
2008-08-13,77.04113006591797
2008-08-14,78.26209259033203
2008-08-18,77.81527709960938
2008-08-19,77.65108489990234
2008-08-20,78.20098114013672
2008-08-21,78.13988494873047
2008-08-22,80.2173080444336
2008-08-25,78.0978775024414
2008-08-26,78.54084777832031
2008-08-27,77.29975128173828
2008-08-28,77.49068450927734
2008-08-29,80.25548553466797
2008-09-01,79.42680358886719
2008-09-02,81.74480438232422
2008-09-04,83.55873107910156
2008-09-05,82.21452331542969
2008-09-08,84.41030883789062
2008-09-09,82.96681213378906
2008-09-10,80.29368591308594
2008-09-11,77.42576599121094
2008-09-12,76.57035827636719
2008-09-15,75.65765380859375
2008-09-16,74.5464096069336
2008-09-17,74.09960174560547
2008-09-18,72.25894165039062
2008-09-19,78.34227752685547
2008-09-22,78.36136627197266
2008-09-23,78.36900329589844
2008-09-24,78.28116607666016
2008-09-25,76.53981018066406
2008-09-26,75.53164672851562
2008-09-29,69.91805267333984
2008-09-30,69.28413391113281
2008-10-01,72.5071792602539
2008-10-03,67.75279235839844
2008-10-06,61.05082702636719
2008-10-07,58.66411590576172
2008-10-08,61.74585723876953
2008-10-10,58.759578704833984
2008-10-13,60.088504791259766
2008-10-14,63.47957992553711
2008-10-15,60.38254165649414
2008-10-16,61.4098014831543
2008-10-17,57.148048400878906
2008-10-20,55.009525299072266
2008-10-21,60.252708435058594
2008-10-22,57.44591522216797
2008-10-23,55.36085891723633
2008-10-24,48.05934143066406
2008-10-27,43.32406234741211
2008-10-29,46.79915237426758
2008-10-31,52.668617248535156
2008-11-03,52.98175048828125
2008-11-04,57.480281829833984
2008-11-05,56.892189025878906
2008-11-06,54.8185920715332
2008-11-07,56.109336853027344
2008-11-10,61.673301696777344
2008-11-11,57.510826110839844
2008-11-12,55.89549255371094
2008-11-14,57.02964782714844
2008-11-17,55.37230682373047
2008-11-18,52.17599868774414
2008-11-19,51.729190826416016
2008-11-20,48.498512268066406
2008-11-21,48.147178649902344
2008-11-24,49.97256088256836
2008-11-25,49.68614959716797
2008-11-26,50.068016052246094
2008-11-27,50.068016052246094
2008-11-28,51.060909271240234
2008-12-01,49.31954574584961
2008-12-02,49.10188293457031
2008-12-03,49.49521255493164
2008-12-04,52.172176361083984
2008-12-05,51.14874267578125
2008-12-08,52.47386169433594
2008-12-10,56.109336853027344
2008-12-11,55.81528854370117
2008-12-12,57.45354461669922
2008-12-15,56.15517044067383
2008-12-16,56.949462890625
2008-12-17,53.78752136230469
2008-12-18,55.52505874633789
2008-12-19,56.5714111328125
2008-12-22,56.59815216064453
2008-12-23,55.96040344238281
2008-12-24,55.39141845703125
2008-12-26,55.784732818603516
2008-12-29,55.41050720214844
2008-12-30,56.495033264160156
2008-12-31,57.2167854309082
2009-01-02,58.88176727294922
2009-01-05,63.60559844970703
2009-01-06,61.562557220458984
2009-01-07,60.74916076660156
2009-01-09,57.266422271728516
2009-01-12,55.54415512084961
2009-01-13,57.38099670410156
2009-01-14,58.515167236328125
2009-01-15,56.23917007446289
2009-01-16,59.01544189453125
2009-01-19,58.049285888671875
2009-01-20,58.69847106933594
2009-01-21,54.55509948730469
2009-01-22,54.47490692138672
2009-01-23,54.1197509765625
2009-01-27,56.53322982788086
2009-01-28,57.346622467041016
2009-01-29,57.59483337402344
2009-01-30,58.26312255859375
2009-02-02,57.49555206298828
2009-02-03,57.62157440185547
2009-02-04,57.2167854309082
2009-02-05,56.663063049316406
2009-02-06,57.4993782043457
2009-02-09,59.42023468017578
2009-02-10,60.60786437988281
2009-02-11,61.74204635620117
2009-02-12,60.7338752746582
2009-02-13,60.82935333251953
2009-02-16,59.25982666015625
2009-02-17,57.01821517944336
2009-02-18,57.5833854675293
2009-02-19,57.41918182373047
2009-02-20,56.357566833496094
2009-02-24,56.460655212402344
2009-02-25,56.90364074707031
2009-02-26,55.89167022705078
2009-02-27,55.51361083984375
2009-03-02,54.3641471862793
2009-03-03,51.02653503417969
2009-03-04,51.38932418823242
2009-03-05,48.903297424316406
2009-03-06,48.77727508544922
2009-03-09,47.497989654541016
2009-03-12,46.35617446899414
2009-03-13,50.77068328857422
2009-03-16,51.587890625
2009-03-17,51.75974655151367
2009-03-18,50.25133514404297
2009-03-19,50.59501647949219
2009-03-20,50.99980545043945
2009-03-23,53.31017303466797
2009-03-24,52.92829895019531
2009-03-25,56.48358154296875
2009-03-26,59.66843032836914
2009-03-27,59.847930908203125
2009-03-30,58.366241455078125
2009-03-31,58.70228576660156
2009-04-01,60.61933135986328
2009-04-02,64.69395446777344
2009-04-06,65.57608795166016
2009-04-08,67.08831787109375
2009-04-09,67.60386657714844
2009-04-13,69.09319305419922
2009-04-15,68.6845703125
2009-04-16,66.66062927246094
2009-04-17,67.12269592285156
2009-04-20,65.6410140991211
2009-04-21,67.37091827392578
2009-04-22,65.01472473144531
2009-04-23,65.33168029785156
2009-04-24,67.7947998046875
2009-04-27,65.94651794433594
2009-04-28,64.09823608398438
2009-04-29,68.49363708496094
2009-04-30,68.37144470214844
2009-05-04,69.1428451538086
2009-05-05,68.97482299804688
2009-05-06,69.67364501953125
2009-05-07,69.58200073242188
2009-05-08,68.78005981445312
2009-05-11,69.08936309814453
2009-05-12,69.19629669189453
2009-05-13,68.19578552246094
2009-05-14,67.56950378417969
2009-05-15,69.39485931396484
2009-05-18,79.78577423095703
2009-05-19,80.62207794189453
2009-05-20,81.04215240478516
2009-05-21,79.23969268798828
2009-05-22,79.74375915527344
2009-05-25,82.1572265625
2009-05-26,81.45076751708984
2009-05-27,83.36015319824219
2009-05-28,84.17737579345703
2009-05-29,81.75627136230469
2009-06-01,82.8828125
2009-06-02,80.16765594482422
2009-06-03,80.26693725585938
2009-06-04,79.86215209960938
2009-06-05,82.53911590576172
2009-06-08,82.70331573486328
2009-06-09,87.30496215820312
2009-06-10,92.81546020507812
2009-06-11,91.4636001586914
2009-06-12,89.9551773071289
2009-06-15,87.10636901855469
2009-06-16,90.32562255859375
2009-06-17,90.22631072998047
2009-06-18,89.97809600830078
2009-06-19,88.8897476196289
2009-06-22,84.75399780273438
2009-06-23,86.46482849121094
2009-06-24,86.4571762084961
2009-06-25,88.21381378173828
2009-06-26,88.85155487060547
2009-06-29,87.90831756591797
2009-06-30,87.85867309570312
2009-07-01,87.66011047363281
2009-07-02,89.43201446533203
2009-07-03,90.66548156738281
2009-07-06,84.30721282958984
2009-07-07,83.24179077148438
2009-07-08,82.69187927246094
2009-07-09,83.94441223144531
2009-07-10,81.23308563232422
2009-07-13,79.80867767333984
2009-07-14,81.84744262695312
2009-07-15,85.26081848144531
2009-07-16,84.34568786621094
2009-07-17,88.40387725830078
2009-07-20,89.21089172363281
2009-07-21,86.96748352050781
2009-07-22,86.58908081054688
2009-07-23,88.37300109863281
2009-07-24,90.52373504638672
2009-07-27,95.87159729003906
2009-07-28,98.06094360351562
2009-07-29,100.8951187133789
2009-07-30,100.21166229248047
2009-07-31,100.49739074707031
2009-08-03,104.56719970703125
2009-08-04,100.28890228271484
2009-08-05,101.8758773803711
2009-08-06,99.90660858154297
2009-08-07,95.21517944335938
2009-08-10,97.13421630859375
2009-08-11,98.46249389648438
2009-08-12,97.01837921142578
2009-08-13,99.57840728759766
2009-08-14,98.99921417236328
2009-08-17,96.86779022216797
2009-08-18,97.41995239257812
2009-08-19,97.04541778564453
2009-08-20,98.99921417236328
2009-08-21,100.89897918701172
2009-08-24,102.02259826660156
2009-08-25,101.49361419677734
2009-08-26,103.19257354736328
2009-08-27,105.07685852050781
2009-08-28,103.70225524902344
2009-08-31,101.0727310180664
2009-09-01,100.53987121582031
2009-09-02,99.06101989746094
2009-09-03,97.70569610595703
2009-09-04,99.88732147216797
2009-09-07,102.12300872802734
2009-09-08,98.89109802246094
2009-09-09,100.06106567382812
2009-09-10,99.24634552001953
2009-09-11,98.17291259765625
2009-09-14,98.3775634765625
2009-09-15,99.18070983886719
2009-09-16,100.98778533935547
2009-09-17,101.42411041259766
2009-09-18,101.60943603515625
2009-09-22,101.76776885986328
2009-09-23,100.85263061523438
2009-09-24,101.29668426513672
2009-09-25,99.00309753417969
2009-09-29,101.33916473388672
2009-09-30,101.78706359863281
2009-10-01,99.59387969970703
2009-10-05,98.7212142944336
2009-10-06,99.4548568725586
2009-10-07,99.8525619506836
2009-10-08,101.2464828491211
2009-10-09,100.58235168457031
2009-10-12,101.84882354736328
2009-10-13,101.55924987792969
2009-10-14,103.74473571777344
2009-10-15,105.77577209472656
2009-10-16,109.52120971679688
2009-10-20,109.66405487060547
2009-10-21,111.50201416015625
2009-10-22,110.30890655517578
2009-10-23,112.8843765258789
2009-10-26,111.89972686767578
2009-10-27,108.18135070800781
2009-10-28,108.05778503417969
2009-10-29,108.3357925415039
2009-10-30,103.39337158203125
2009-11-03,101.13836669921875
2009-11-04,100.94917297363281
2009-11-05,102.22725677490234
2009-11-06,98.15747833251953
2009-11-09,101.89903259277344
2009-11-10,102.308349609375
2009-11-11,102.59407043457031
2009-11-12,102.43961334228516
2009-11-13,102.7060546875
2009-11-16,102.81802368164062
2009-11-17,101.87200927734375
2009-11-18,102.18091583251953
2009-11-19,101.84882354736328
2009-11-20,102.02259826660156
2009-11-23,103.39720916748047
2009-11-24,103.11534118652344
2009-11-25,103.23505401611328
2009-11-26,102.7060546875
2009-11-27,102.01488494873047
2009-11-30,104.60964965820312
2009-12-01,104.99964904785156
2009-12-02,104.43203735351562
2009-12-03,104.81816864013672
2009-12-04,105.04597473144531
2009-12-07,105.17726135253906
2009-12-08,106.49394989013672
2009-12-09,105.30856323242188
2009-12-10,105.20428466796875
2009-12-11,105.08074951171875
2009-12-14,104.05364227294922
2009-12-15,102.3160629272461
2009-12-16,102.26972961425781
2009-12-17,101.77162170410156
2009-12-18,101.82180786132812
2009-12-21,101.6905517578125
2009-12-22,102.04192352294922
2009-12-23,103.43582916259766
2009-12-24,104.54015350341797
2009-12-29,104.44747161865234
2009-12-30,104.96874237060547
2009-12-31,106.68316650390625
2010-01-04,107.29710388183594
2010-01-05,108.8609390258789
2010-01-06,113.91146087646484
2010-01-07,114.3825454711914
2010-01-08,114.32076263427734
2010-01-11,114.29375457763672
2010-01-12,114.99649810791016
2010-01-13,115.0544204711914
2010-01-14,112.47120666503906
2010-01-15,112.48666381835938
2010-01-18,111.4556884765625
2010-01-19,109.59456634521484
2010-01-20,109.74128723144531
2010-01-21,104.77182006835938
2010-01-22,103.02266693115234
2010-01-25,101.89517974853516
2010-01-27,101.30055236816406
2010-01-28,102.20022583007812
2010-01-29,100.77155303955078
2010-02-01,99.8680191040039
2010-02-02,99.16525268554688
2010-02-03,100.30433654785156
2010-02-04,98.65169525146484
2010-02-05,99.27722930908203
2010-02-08,99.23090362548828
2010-02-09,100.4124526977539
2010-02-10,98.47024536132812
2010-02-11,97.7674789428711
2010-02-15,95.73258209228516
2010-02-16,95.50090789794922
2010-02-17,97.48946380615234
2010-02-18,96.75968933105469
2010-02-19,95.7866439819336
2010-02-22,96.8871078491211
2010-02-23,96.6670150756836
2010-02-24,97.1380844116211
2010-02-25,98.02618408203125
2010-02-26,93.68612670898438
2010-03-02,98.4316177368164
2010-03-03,103.07671356201172
2010-03-04,103.38177490234375
2010-03-05,102.81031036376953
2010-03-08,103.95323181152344
2010-03-09,102.76011657714844
2010-03-10,103.69840240478516
2010-03-11,102.59794616699219
2010-03-12,104.42817687988281
2010-03-15,104.9378662109375
2010-03-16,106.93415069580078
2010-03-17,105.24677276611328
2010-03-18,103.77561950683594
2010-03-19,104.97261810302734
2010-03-22,103.18870544433594
2010-03-23,104.71390533447266
2010-03-25,104.32779693603516
2010-03-26,105.3703384399414
2010-03-29,105.59042358398438
2010-03-30,106.03446197509766
2010-03-31,106.080810546875
2010-04-01,104.64440155029297
2010-04-05,106.89167022705078
2010-04-06,105.7834701538086
2010-04-07,106.62909698486328
2010-04-08,105.89933013916016
2010-04-09,105.5556869506836
2010-04-12,103.86830139160156
2010-04-13,103.51691436767578
2010-04-15,103.0805892944336
2010-04-16,102.32765197753906
2010-04-19,101.47816467285156
2010-04-20,101.3739013671875
2010-04-21,102.28516387939453
2010-04-22,103.40109252929688
2010-04-23,105.19657897949219
2010-04-26,105.68695831298828
2010-04-27,105.79891967773438
2010-04-28,102.89910125732422
2010-04-29,105.08074951171875
2010-04-30,104.86837768554688
2010-05-03,103.54781341552734
2010-05-04,101.86042785644531
2010-05-05,101.96082305908203
2010-05-06,100.61323547363281
2010-05-07,99.07645416259766
2010-05-10,103.17325592041016
2010-05-11,102.82960510253906
2010-05-12,104.30075073242188
2010-05-13,104.4358901977539
2010-05-14,103.10763549804688
2010-05-17,101.91448974609375
2010-05-18,100.5862045288086
2010-05-19,100.547607421875
2010-05-20,99.57069396972656
2010-05-21,97.26937103271484
2010-05-24,96.09941101074219
2010-05-25,92.97563934326172
2010-05-26,94.8329086303711
2010-05-27,96.23841094970703
2010-05-28,98.12272644042969
2010-05-31,99.26179504394531
2010-06-01,96.9527587890625
2010-06-02,95.84841918945312
2010-06-03,96.11871337890625
2010-06-04,95.6630859375
2010-06-07,94.36954498291016
2010-06-08,96.02603149414062
2010-06-09,93.59344482421875
2010-06-10,94.94873809814453
2010-06-11,95.77892303466797
2010-06-14,96.80217742919922
2010-06-15,97.37364196777344
2010-06-16,97.01837921142578
2010-06-17,97.38909149169922
2010-06-18,98.0763931274414
2010-06-21,101.61717224121094
2010-06-22,102.06509399414062
2010-06-23,102.01874542236328
2010-06-24,101.85655212402344
2010-06-25,101.15767669677734
2010-06-28,102.99176788330078
2010-06-29,100.62096405029297
2010-06-30,101.0379867553711
2010-07-01,101.15767669677734
2010-07-02,101.20402526855469
2010-07-05,101.1036376953125
2010-07-06,101.48975372314453
2010-07-07,100.7754135131836
2010-07-08,100.88353729248047
2010-07-09,101.62103271484375
2010-07-12,101.65965270996094
2010-07-13,102.36627197265625
2010-07-14,102.45506286621094
2010-07-15,103.63662719726562
2010-07-16,103.08832550048828
2010-07-19,102.8759536743164
2010-07-20,102.58635711669922
2010-07-21,103.1385269165039
2010-07-22,102.70219421386719
2010-07-23,102.23110961914062
2010-07-26,102.37398529052734
2010-07-27,102.37012481689453
2010-07-28,103.3238525390625
2010-07-29,102.65972137451172
2010-07-30,102.01101684570312
2010-08-02,102.38168334960938
2010-08-03,102.59407043457031
2010-08-04,102.99176788330078
2010-08-05,102.4241714477539
2010-08-06,102.20022583007812
2010-08-09,102.40101623535156
2010-08-10,102.6944580078125
2010-08-11,103.05355834960938
2010-08-12,102.70219421386719
2010-08-13,102.46664428710938
2010-08-16,102.48614501953125
2010-08-17,102.17831420898438
2010-08-18,102.3965072631836
2010-08-19,101.43408203125
2010-08-20,100.51448822021484
2010-08-23,100.47942352294922
2010-08-24,99.70793914794922
2010-08-25,97.82979583740234
2010-08-26,99.07667541503906
2010-08-27,96.46602630615234
2010-08-30,95.91271209716797
2010-08-31,95.26199340820312
2010-09-01,96.5556411743164
2010-09-02,98.2506332397461
2010-09-03,97.45963287353516
2010-09-06,99.91832733154297
2010-09-07,98.9792709350586
2010-09-08,99.28710174560547
2010-09-09,98.18437957763672
2010-09-13,99.3728256225586
2010-09-14,98.5350570678711
2010-09-15,98.87017059326172
2010-09-16,98.71432495117188
2010-09-17,98.55067443847656
2010-09-20,98.51948547363281
2010-09-21,101.6717529296875
2010-09-22,102.47835540771484
2010-09-23,102.72771453857422
2010-09-24,103.56158447265625
2010-09-27,104.7032470703125
2010-09-28,105.10460662841797
2010-09-29,105.3033218383789
2010-09-30,105.61113739013672
2010-10-01,108.40492248535156
2010-10-04,107.90229034423828
2010-10-05,108.98942565917969
2010-10-06,109.35569763183594
2010-10-07,112.083251953125
2010-10-08,111.1169204711914
2010-10-11,110.86752319335938
2010-10-12,110.30253601074219
2010-10-13,111.73646545410156
2010-10-14,111.55332946777344
2010-10-15,111.43643951416016
2010-10-18,108.71668243408203
2010-10-19,107.14637756347656
2010-10-20,108.44389343261719
2010-10-21,111.63126373291016
2010-10-22,111.3078384399414
2010-10-25,110.16227722167969
2010-10-26,110.10772705078125
2010-10-27,109.38297271728516
2010-10-28,110.11551666259766
2010-10-29,108.89590454101562
2010-11-01,109.46478271484375
2010-11-02,107.78929138183594
2010-11-03,107.55162048339844
2010-11-04,108.95436096191406
2010-11-08,108.56859588623047
2010-11-09,107.73863983154297
2010-11-10,107.33729553222656
2010-11-11,108.92707061767578
2010-11-12,107.22819519042969
2010-11-15,108.31143188476562
2010-11-16,104.82013702392578
2010-11-18,103.0433349609375
2010-11-19,102.2484359741211
2010-11-22,105.03056335449219
2010-11-23,101.23536682128906
2010-11-24,100.4677505493164
2010-11-25,99.18968200683594
2010-11-26,100.5456771850586
2010-11-29,101.78477478027344
2010-11-30,100.79894256591797
2010-12-01,102.48614501953125
2010-12-02,101.6288833618164
2010-12-03,100.55736541748047
2010-12-06,100.67815399169922
2010-12-07,101.61721801757812
2010-12-08,100.97818756103516
2010-12-09,99.76637268066406
2010-12-10,99.94171142578125
2010-12-13,101.94841003417969
2010-12-14,102.18222045898438
2010-12-15,102.62251281738281
2010-12-16,101.10675811767578
2010-12-20,99.61439514160156
2010-12-21,100.11705017089844
2010-12-22,100.98987579345703
2010-12-23,100.53398132324219
2010-12-24,101.49641418457031
2010-12-27,102.23675537109375
2010-12-28,104.09148406982422
2010-12-29,104.53959655761719
2010-12-30,106.39434051513672
2010-12-31,106.41773223876953
2011-01-03,107.1346664428711
2011-01-04,107.59447479248047
2011-01-05,109.17255401611328
2011-01-06,109.04785919189453
2011-01-07,108.26466369628906
2011-01-10,106.9944076538086
2011-01-11,106.83074951171875
2011-01-12,105.99689483642578
2011-01-13,105.240966796875
2011-01-14,106.19171905517578
2011-01-17,104.60195922851562
2011-01-18,103.84992218017578
2011-01-19,102.66146087646484
2011-01-20,103.77978515625
2011-01-21,102.53289794921875
2011-01-24,102.3965072631836
2011-01-25,102.80564880371094
2011-01-27,101.04442596435547
2011-01-28,98.44157409667969
2011-01-31,96.87516021728516
2011-02-01,95.99453735351562
2011-02-02,95.04381561279297
2011-02-03,95.59709167480469
2011-02-04,92.2928466796875
2011-02-07,93.0643539428711
2011-02-08,94.29566192626953
2011-02-09,94.73987579345703
2011-02-10,94.71259307861328
2011-02-11,93.48518371582031
2011-02-14,96.73877716064453
2011-02-15,98.86627197265625
2011-02-16,100.1053695678711
2011-02-17,100.30408477783203
2011-02-18,98.56623077392578
2011-02-21,97.41287994384766
2011-02-22,96.40756225585938
2011-02-23,93.88652038574219
2011-02-24,92.8266830444336
2011-02-25,91.38107299804688
2011-02-28,89.63153076171875
2011-03-01,89.71336364746094
2011-03-03,92.86175537109375
2011-03-04,95.39448547363281
2011-03-07,96.32964324951172
2011-03-08,95.93997192382812
2011-03-09,95.99063873291016
2011-03-10,93.59428405761719
2011-03-11,93.81249237060547
2011-03-14,97.46353912353516
2011-03-15,94.36579895019531
2011-03-16,95.60877990722656
2011-03-17,95.71009826660156
2011-03-18,95.73345947265625
2011-03-21,95.86595153808594
2011-03-22,96.7894287109375
2011-03-23,97.86878204345703
2011-03-24,99.1740951538086
2011-03-25,101.6717529296875
2011-03-28,101.50811004638672
2011-03-29,103.72523498535156
2011-03-30,103.23816680908203
2011-03-31,104.04864501953125
2011-04-01,102.66146087646484
2011-04-04,104.23957061767578
2011-04-05,102.44327545166016
2011-04-06,101.54705810546875
2011-04-07,102.85630798339844
2011-04-08,102.63809967041016
2011-04-11,102.71212005615234
2011-04-13,102.11206817626953
2011-04-15,101.80813598632812
2011-04-18,101.55486297607422
2011-04-19,101.30940246582031
2011-04-20,103.37065124511719
2011-04-21,103.71353149414062
2011-04-25,103.70183563232422
2011-04-26,103.16023254394531
2011-04-27,102.33805847167969
2011-04-28,101.99127960205078
2011-04-29,101.65228271484375
2011-05-02,104.35646057128906
2011-05-03,103.49922180175781
2011-05-04,101.23536682128906
2011-05-05,95.9516830444336
2011-05-06,95.7529525756836
2011-05-09,97.98176574707031
2011-05-10,97.15961456298828
2011-05-11,95.43734741210938
2011-05-12,95.31266021728516
2011-05-13,95.88543701171875
2011-05-16,95.78414154052734
2011-05-17,96.07637786865234
2011-05-18,97.44793701171875
2011-05-19,94.75544738769531
2011-05-20,96.34912872314453
2011-05-23,94.36968994140625
2011-05-24,94.3541030883789
2011-05-25,92.58119201660156
2011-05-26,93.51634979248047
2011-05-27,93.93717193603516
2011-05-30,94.30345153808594
2011-05-31,95.99453735351562
2011-06-01,97.16349029541016
2011-06-02,97.53756713867188
2011-06-03,97.39338684082031
2011-06-06,97.35832214355469
2011-06-07,96.7738265991211
2011-06-08,96.72708892822266
2011-06-09,96.16598510742188
2011-06-10,96.71149444580078
2011-06-13,96.41925811767578
2011-06-14,97.40508270263672
2011-06-15,96.4582290649414
2011-06-16,95.7529525756836
2011-06-17,96.38419342041016
2011-06-20,94.60738372802734
2011-06-21,94.23722076416016
2011-06-22,96.02571868896484
2011-06-23,96.72319030761719
2011-06-24,99.49362182617188
2011-06-27,100.3157730102539
2011-06-28,100.25341796875
2011-06-29,99.98457336425781
2011-06-30,101.95230102539062
2011-07-01,101.6834487915039
2011-07-04,103.06671142578125
2011-07-05,102.65367889404297
2011-07-06,100.54177856445312
2011-07-07,102.38873291015625
2011-07-08,100.58074188232422
2011-07-11,100.86907958984375
2011-07-12,100.4638442993164
2011-07-13,99.7819595336914
2011-07-14,99.22086334228516
2011-07-15,98.34803771972656
2011-07-18,100.91584014892578
2011-07-19,102.57186889648438
2011-07-20,100.60411834716797
2011-07-21,100.08587646484375
2011-07-22,101.44577026367188
2011-07-25,102.4198989868164
2011-07-26,101.31330108642578
2011-07-27,101.30940246582031
2011-07-28,100.56515502929688
2011-07-29,99.84429931640625
2011-08-01,100.97428894042969
2011-08-02,100.48641967773438
2011-08-03,101.23001861572266
2011-08-04,99.77032470703125
2011-08-05,97.05162811279297
2011-08-08,94.9112548828125
2011-08-09,92.64108276367188
2011-08-10,92.5466537475586
2011-08-11,88.4902114868164
2011-08-12,85.4173812866211
2011-08-16,84.9924545288086
2011-08-17,84.46916961669922
2011-08-18,81.96684265136719
2011-08-19,82.9111328125
2011-08-22,85.8226318359375
2011-08-23,85.4842758178711
2011-08-24,81.70325469970703
2011-08-25,82.29734802246094
2011-08-26,79.72420501708984
2011-08-29,82.21867370605469
2011-08-30,82.21080017089844
2011-09-02,80.27896881103516
2011-09-05,79.60224151611328
2011-09-06,78.7641830444336
2011-09-07,81.72290802001953
2011-09-08,80.8179931640625
2011-09-09,78.85075378417969
2011-09-12,78.28812408447266
2011-09-13,77.10385131835938
2011-09-14,75.49465942382812
2011-09-15,75.38449096679688
2011-09-16,77.50517272949219
2011-09-19,77.59172821044922
2011-09-20,78.5163345336914
2011-09-21,78.59502410888672
2011-09-22,77.00942993164062
2011-09-23,77.95762634277344
2011-09-26,76.25006103515625
2011-09-27,79.59437561035156
2011-09-28,79.35831451416016
2011-09-29,80.30257415771484
2011-09-30,78.57140350341797
2011-10-03,76.13203430175781
2011-10-04,76.13203430175781
2011-10-05,77.27302551269531
2011-10-07,77.35172271728516
2011-10-10,81.52226257324219
2011-10-11,80.81405639648438
2011-10-12,79.63372039794922
2011-10-13,77.74516296386719
2011-10-14,78.80747985839844
2011-10-17,78.6894302368164
2011-10-18,78.88616943359375
2011-10-19,78.80747985839844
2011-10-20,76.682861328125
2011-10-21,76.52548217773438
2011-10-24,77.46974182128906
2011-10-25,78.6894302368164
2011-10-28,80.223876953125
2011-10-31,79.04353332519531
2011-11-01,79.51567840576172
2011-11-02,80.30257415771484
2011-11-03,82.93867492675781
2011-11-04,81.28617095947266
2011-11-08,81.12881469726562
2011-11-09,80.53863525390625
2011-11-11,80.34193420410156
2011-11-14,79.75174713134766
2011-11-15,77.74516296386719
2011-11-16,77.1943359375
2011-11-17,74.79431915283203
2011-11-18,76.4468002319336
2011-11-21,75.58121490478516
2011-11-22,73.8893814086914
2011-11-23,71.64674377441406
2011-11-24,72.43363189697266
2011-11-25,72.63035583496094
2011-11-28,73.92872619628906
2011-11-29,72.43363189697266
2011-11-30,72.19756317138672
2011-12-01,73.14183044433594
2011-12-02,76.8009033203125
2011-12-05,76.64350128173828
2011-12-07,76.99760437011719
2011-12-08,77.27302551269531
2011-12-09,74.91236114501953
2011-12-12,69.60079956054688
2011-12-13,71.21394348144531
2011-12-14,68.26310729980469
2011-12-15,71.37133026123047
2011-12-16,69.8368911743164
2011-12-19,68.02701568603516
2011-12-20,63.73845672607422
2011-12-21,68.38111877441406
2011-12-22,70.11228942871094
2011-12-23,69.28607177734375
2011-12-26,69.56147766113281
2011-12-27,71.25328826904297
2011-12-28,72.39427185058594
2011-12-29,69.64016723632812
2011-12-30,68.65654754638672
2012-01-02,69.36473083496094
2012-01-03,72.90576934814453
2012-01-04,72.31558227539062
2012-01-05,73.73200988769531
2012-01-06,72.23689270019531
2012-01-09,73.45659637451172
2012-01-10,73.96807098388672
2012-01-11,72.94510650634766
2012-01-12,74.20413970947266
2012-01-13,75.659912109375
2012-01-16,76.84024810791016
2012-01-17,76.9582748413086
2012-01-18,76.99760437011719
2012-01-19,81.7583236694336
2012-01-20,82.62391662597656
2012-01-23,82.62391662597656
2012-01-24,84.70917510986328
2012-01-25,82.97803497314453
2012-01-27,82.66326141357422
2012-01-30,81.08946990966797
2012-01-31,81.7583236694336
2012-02-01,86.67642974853516
2012-02-02,87.50265502929688
2012-02-03,88.68299102783203
2012-02-06,84.512451171875
2012-02-07,84.31573486328125
2012-02-08,84.9845962524414
2012-02-09,87.69937896728516
2012-02-10,87.18789672851562
2012-02-13,84.9845962524414
2012-02-14,81.994384765625
2012-02-15,86.83379364013672
2012-02-16,89.66663360595703
2012-02-17,93.36500549316406
2012-02-21,90.88630676269531
2012-02-22,87.22724151611328
2012-02-23,87.8174057006836
2012-02-24,89.54857635498047
2012-02-27,86.20427703857422
2012-02-28,88.25020599365234
2012-02-29,90.41416931152344
2012-03-01,91.4371337890625
2012-03-02,90.25678253173828
2012-03-05,89.31250762939453
2012-03-06,85.29934692382812
2012-03-07,85.7321548461914
2012-03-09,85.49608612060547
2012-03-12,84.70917510986328
2012-03-13,85.06328582763672
2012-03-14,86.44035339355469
2012-03-15,86.282958984375
2012-03-16,83.05669403076172
2012-03-19,80.73536682128906
2012-03-20,81.64028930664062
2012-03-21,81.9550552368164
2012-03-22,77.98123168945312
2012-03-23,78.37469482421875
2012-03-26,75.22711181640625
2012-03-27,75.659912109375
2012-03-28,75.30580139160156
2012-03-29,76.52548217773438
2012-03-30,79.43699645996094
2012-04-02,78.72877502441406
2012-04-03,79.90911865234375
2012-04-04,79.27960968017578
2012-04-09,78.88616943359375
2012-04-10,82.23047637939453
2012-04-11,80.5779800415039
2012-04-12,81.28617095947266
2012-04-13,81.20751190185547
2012-04-16,81.05014038085938
2012-04-17,81.91572570800781
2012-04-18,83.92229461669922
2012-04-19,84.59114837646484
2012-04-20,82.66326141357422
2012-04-23,80.14519500732422
2012-04-24,82.58456420898438
2012-04-25,83.37146759033203
2012-04-26,80.4599380493164
2012-04-27,81.60095977783203
2012-04-30,83.09605407714844
2012-05-02,81.08946990966797
2012-05-03,79.24028015136719
2012-05-04,78.72877502441406
2012-05-07,80.06649780273438
2012-05-08,78.0992660522461
2012-05-09,76.8009033203125
2012-05-10,76.64350128173828
2012-05-11,73.10247802734375
2012-05-14,73.96807098388672
2012-05-15,74.63692474365234
2012-05-16,72.74838256835938
2012-05-17,71.56805419921875
2012-05-18,71.52870178222656
2012-05-21,75.26644897460938
2012-05-22,71.13525390625
2012-05-23,69.7582015991211
2012-05-24,70.26968383789062
2012-05-25,70.19097900390625
2012-05-28,72.70903778076172
2012-05-29,73.33856201171875
2012-05-30,74.47956085205078
2012-05-31,73.57462310791016
2012-06-01,73.25987243652344
2012-06-04,70.74180603027344
2012-06-05,70.11228942871094
2012-06-06,72.07952117919922
2012-06-07,73.41726684570312
2012-06-08,74.20413970947266
2012-06-11,75.58121490478516
2012-06-12,75.58121490478516
2012-06-13,74.16480255126953
2012-06-14,72.47296142578125
2012-06-15,73.6533203125
2012-06-18,72.51231384277344
2012-06-19,71.48936462402344
2012-06-20,72.82707977294922
2012-06-21,74.24349212646484
2012-06-22,74.36152648925781
2012-06-25,74.00741577148438
2012-06-26,75.34513854980469
2012-06-27,76.99760437011719
2012-06-28,77.82386779785156
2012-06-29,82.38783264160156
2012-07-02,82.15177154541016
2012-07-03,81.9550552368164
2012-07-04,82.38783264160156
2012-07-05,83.09605407714844
2012-07-06,81.56159210205078
2012-07-09,79.75174713134766
2012-07-10,79.79108428955078
2012-07-11,78.72877502441406
2012-07-12,79.35831451416016
2012-07-13,77.58780670166016
2012-07-16,75.89595794677734
2012-07-17,75.30580139160156
2012-07-18,77.5484390258789
2012-07-19,79.31895446777344
2012-07-20,78.33533477783203
2012-07-23,76.8009033203125
2012-07-24,77.27915954589844
2012-07-25,76.72117614746094
2012-07-26,74.17044067382812
2012-07-27,75.48567199707031
2012-07-30,78.47480010986328
2012-07-31,78.31539154052734
2012-08-01,79.59074401855469
2012-08-02,78.11610412597656
2012-08-03,77.55813598632812
2012-08-06,77.47842407226562
2012-08-07,78.75379943847656
2012-08-08,78.23567962646484
2012-08-09,80.14872741699219
2012-08-10,79.71031188964844
2012-08-13,80.38787078857422
2012-08-14,80.30815124511719
2012-08-16,80.70670318603516
2012-08-17,77.51829528808594
2012-08-21,79.55088806152344
2012-08-22,78.55451965332031
2012-08-23,79.27190399169922
2012-08-24,78.35525512695312
2012-08-27,77.11974334716797
2012-08-28,78.11610412597656
2012-08-29,79.03277587890625
2012-08-30,79.59074401855469
2012-08-31,79.31175231933594
2012-09-03,77.75739288330078
2012-09-04,76.84075164794922
2012-09-05,75.76465606689453
2012-09-06,76.00379943847656
2012-09-07,76.60161590576172
2012-09-10,76.00379943847656
2012-09-11,75.80449676513672
2012-09-12,76.16320037841797
2012-09-13,75.96392822265625
2012-09-14,77.79727935791016
2012-09-17,79.11249542236328
2012-09-18,78.23567962646484
2012-09-20,78.63423156738281
2012-09-21,81.82264709472656
2012-09-24,82.30091094970703
2012-09-25,82.14148712158203
2012-09-26,81.94219970703125
2012-09-27,83.33715057373047
2012-09-28,85.25019073486328
2012-10-01,84.53279113769531
2012-10-03,83.69583892822266
2012-10-04,83.25743865966797
2012-10-05,82.89872741699219
2012-10-08,80.74656677246094
2012-10-09,81.62336730957031
2012-10-10,79.7900161743164
2012-10-11,81.1849594116211
2012-10-12,81.70308685302734
2012-10-15,82.61974334716797
2012-10-16,81.06537628173828
2012-10-17,82.85887145996094
2012-10-18,85.29005432128906
2012-10-19,83.69583892822266
2012-10-22,84.73206329345703
2012-10-23,84.01467895507812
2012-10-25,83.69583892822266
2012-10-29,84.93135070800781
2012-10-30,84.01467895507812
2012-10-31,84.53279113769531
2012-11-01,84.65235900878906
2012-11-02,84.8915023803711
2012-11-05,84.0943832397461
2012-11-06,84.85163116455078
2012-11-07,82.73930358886719
2012-11-08,81.1052474975586
2012-11-09,80.58712768554688
2012-11-12,79.35162353515625
2012-11-15,79.90959930419922
2012-11-16,78.992919921875
2012-11-19,77.1994400024414
2012-11-20,78.47480010986328
2012-11-21,80.18859100341797
2012-11-22,80.54728698730469
2012-11-23,81.4240951538086
2012-11-26,82.26105499267578
2012-11-27,82.4603271484375
2012-11-29,84.53279113769531
2012-11-30,85.9277114868164
2012-12-03,85.68859100341797
2012-12-04,88.99656677246094
2012-12-05,85.88786315917969
2012-12-06,86.68496704101562
2012-12-07,87.52193450927734
2012-12-10,86.88424682617188
2012-12-11,85.64872741699219
2012-12-12,84.8915023803711
2012-12-13,84.3335189819336
2012-12-14,83.4566879272461
2012-12-17,84.65235900878906
2012-12-18,84.73206329345703
2012-12-19,85.40959930419922
2012-12-20,85.96757507324219
2012-12-21,84.45308685302734
2012-12-24,85.40959930419922
2012-12-26,86.8045425415039
2012-12-27,86.56541442871094
2012-12-28,87.0835189819336
2012-12-31,87.96034240722656
2013-01-01,88.79729461669922
2013-01-02,89.27555084228516
2013-01-03,87.80091857910156
2013-01-04,87.84076690673828
2013-01-07,86.7248306274414
2013-01-08,87.28280639648438
2013-01-09,87.04366302490234
2013-01-10,86.68496704101562
2013-01-11,85.13063049316406
2013-01-14,84.77192687988281
2013-01-15,86.12702941894531
2013-01-16,84.57264709472656
2013-01-17,84.93135070800781
2013-01-18,86.20672607421875
2013-01-21,86.52554321289062
2013-01-22,85.60887908935547
2013-01-23,87.68135070800781
2013-01-24,85.80814361572266
2013-01-25,84.45308685302734
2013-01-28,84.49293518066406
2013-01-29,84.8915023803711
2013-01-30,82.42047119140625
2013-01-31,80.58712768554688
2013-02-01,81.54365539550781
2013-02-04,79.949462890625
2013-02-05,78.63423156738281
2013-02-06,78.91321563720703
2013-02-07,77.27915954589844
2013-02-08,77.43858337402344
2013-02-11,77.79727935791016
2013-02-12,77.07988739013672
2013-02-13,74.9675521850586
2013-02-14,75.72480010986328
2013-02-15,76.96031951904297
2013-02-18,76.72117614746094
2013-02-19,77.15958404541016
2013-02-20,77.6378402709961
2013-02-21,77.55813598632812
2013-02-22,77.59798431396484
2013-02-25,78.35525512695312
2013-02-26,77.59798431396484
2013-02-27,77.6378402709961
2013-02-28,75.24653625488281
2013-03-01,77.59798431396484
2013-03-04,77.51829528808594
2013-03-05,78.71393585205078
2013-03-06,78.23567962646484
2013-03-07,78.0363998413086
2013-03-08,78.75379943847656
2013-03-11,80.62699127197266
2013-03-12,78.15596771240234
2013-03-13,78.11610412597656
2013-03-14,80.26830291748047
2013-03-15,81.06537628173828
2013-03-18,78.35525512695312
2013-03-19,78.11610412597656
2013-03-20,78.43496704101562
2013-03-21,75.44581604003906
2013-03-22,76.36249542236328
2013-03-25,76.242919921875
2013-03-26,75.64509582519531
2013-03-28,76.92044830322266
2013-04-01,76.40234375
2013-04-02,75.96392822265625
2013-04-03,76.48204803466797
2013-04-04,75.76465606689453
2013-04-05,75.84436798095703
2013-04-08,77.00017547607422
2013-04-09,75.52554321289062
2013-04-10,75.76465606689453
2013-04-11,75.00740051269531
2013-04-12,76.00379943847656
2013-04-15,74.8878402709961
2013-04-16,76.6414794921875
2013-04-17,75.36610412597656
2013-04-18,75.64509582519531
2013-04-22,76.20307159423828
2013-04-23,75.52554321289062
2013-04-25,75.40595245361328
2013-04-26,75.60523223876953
2013-04-29,75.96392822265625
2013-04-30,75.48567199707031
2013-05-02,75.24653625488281
2013-05-03,74.6885757446289
2013-05-06,74.92770385742188
2013-05-07,75.08711242675781
2013-05-08,74.8878402709961
2013-05-09,74.8878402709961
2013-05-10,74.92770385742188
2013-05-13,74.21031188964844
2013-05-14,74.92770385742188
2013-05-15,74.92770385742188
2013-05-16,74.25017547607422
2013-05-17,74.8878402709961
2013-05-20,74.48929595947266
2013-05-21,73.85161590576172
2013-05-22,72.41683959960938
2013-05-23,70.14506530761719
2013-05-24,72.93495178222656
2013-05-27,73.09436798095703
2013-05-28,72.45668029785156
2013-05-29,71.85885620117188
2013-05-30,71.85885620117188
2013-05-31,71.26102447509766
2013-06-03,70.18494415283203
2013-06-04,70.98204040527344
2013-06-05,70.90233612060547
2013-06-06,70.34435272216797
2013-06-07,70.62335968017578
2013-06-10,69.86609649658203
2013-06-11,65.64144134521484
2013-06-12,63.60882568359375
2013-06-13,62.29361343383789
2013-06-14,64.56536102294922
2013-06-17,65.64144134521484
2013-06-18,66.39869689941406
2013-06-19,66.00013732910156
2013-06-20,64.5255126953125
2013-06-21,64.96390533447266
2013-06-24,65.52188873291016
2013-06-25,64.12694549560547
2013-06-26,64.12694549560547
2013-06-27,64.88420104980469
2013-06-28,68.79000854492188
2013-07-01,70.6632080078125
2013-07-02,69.10885620117188
2013-07-03,65.80085754394531
2013-07-04,68.19219207763672
2013-07-05,68.3914566040039
2013-07-08,67.75377655029297
2013-07-09,68.19219207763672
2013-07-10,68.86970520019531
2013-07-11,70.38421630859375
2013-07-12,71.42044067382812
2013-07-15,70.62335968017578
2013-07-16,71.10160827636719
2013-07-17,72.53638458251953
2013-07-18,74.21031188964844
2013-07-19,73.7320327758789
2013-07-22,74.56900024414062
2013-07-23,75.32625579833984
2013-07-24,73.65233612060547
2013-07-25,71.46029663085938
2013-07-26,71.82366943359375
2013-07-29,71.21804809570312
2013-07-30,69.76464080810547
2013-07-31,71.09696197509766
2013-08-01,71.05657196044922
2013-08-02,68.23046112060547
2013-08-05,67.82672119140625
2013-08-06,57.6527214050293
2013-08-07,62.174503326416016
2013-08-08,62.739715576171875
2013-08-12,60.92294692993164
2013-08-13,61.690025329589844
2013-08-14,63.14345169067383
2013-08-16,59.30802536010742
2013-08-19,60.51919937133789
2013-08-20,59.38876724243164
2013-08-21,59.75212478637695
2013-08-22,60.27696228027344
2013-08-23,63.0223388671875
2013-08-26,62.739715576171875
2013-08-27,60.115478515625
2013-08-28,62.25525665283203
2013-08-29,62.09376525878906
2013-08-30,61.245914459228516
2013-09-02,59.95398712158203
2013-09-03,58.09681701660156
2013-09-04,58.944664001464844
2013-09-05,58.581302642822266
2013-09-06,57.16824722290039
2013-09-10,58.46017837524414
2013-09-11,59.46951675415039
2013-09-12,61.9322624206543
2013-09-13,63.30495071411133
2013-09-16,61.56889724731445
2013-09-17,61.0440559387207
2013-09-18,63.10307693481445
2013-09-19,67.14038848876953
2013-09-20,66.45403289794922
2013-09-23,63.789432525634766
2013-09-24,65.28323364257812
2013-09-25,65.68695068359375
2013-09-26,66.57514953613281
2013-09-27,65.92919921875
2013-09-30,65.52545928955078
2013-10-01,62.86083984375
2013-10-03,65.52545928955078
2013-10-04,65.40435791015625
2013-10-07,66.0906982421875
2013-10-08,67.90747833251953
2013-10-09,69.32054138183594
2013-10-10,67.6248779296875
2013-10-11,66.00994873046875
2013-10-14,65.40435791015625
2013-10-15,64.03166198730469
2013-10-17,63.66831588745117
2013-10-18,64.47575378417969
2013-10-21,64.59687805175781
2013-10-22,66.21180725097656
2013-10-23,66.0503158569336
2013-10-24,65.44471740722656
2013-10-25,64.63725280761719
2013-10-28,63.87016677856445
2013-10-29,65.60621643066406
2013-10-30,65.08135223388672
2013-10-31,66.33293151855469
2013-11-01,66.61553192138672
2013-11-05,67.38262176513672
2013-11-06,67.86711120605469
2013-11-07,66.17142486572266
2013-11-08,66.49442291259766
2013-11-11,65.8888168334961
2013-11-12,63.87016677856445
2013-11-13,62.739715576171875
2013-11-14,63.46643829345703
2013-11-18,63.708683013916016
2013-11-19,63.708683013916016
2013-11-20,64.15277862548828
2013-11-21,62.4167366027832
2013-11-22,62.09376525878906
2013-11-25,63.14345169067383
2013-11-26,62.69934844970703
2013-11-27,62.739715576171875
2013-11-28,63.062705993652344
2013-11-29,64.19314575195312
2013-12-02,64.5565185546875
2013-12-03,64.59687805175781
2013-12-04,66.21180725097656
2013-12-05,67.42300415039062
2013-12-06,71.37957000732422
2013-12-09,71.90441131591797
2013-12-10,70.8547134399414
2013-12-11,69.36090087890625
2013-12-12,72.0658950805664
2013-12-13,70.41061401367188
2013-12-16,71.74292755126953
2013-12-17,71.09696197509766
2013-12-18,73.96342468261719
2013-12-19,72.26775360107422
2013-12-20,73.23672485351562
2013-12-23,71.90441131591797
2013-12-24,69.64350891113281
2013-12-26,72.59075927734375
2013-12-27,72.38887786865234
2013-12-30,71.74292755126953
2013-12-31,73.76158142089844
2014-01-01,72.99447631835938
2014-01-02,70.5317153930664
2014-01-03,67.86711120605469
2014-01-06,66.0906982421875
2014-01-07,64.23351287841797
2014-01-08,65.40435791015625
2014-01-09,65.60621643066406
2014-01-10,64.87948608398438
2014-01-13,63.66831588745117
2014-01-14,62.98197937011719
2014-01-15,63.30495071411133
2014-01-16,63.0223388671875
2014-01-17,63.26456069946289
2014-01-20,62.537872314453125
2014-01-21,62.09376525878906
2014-01-22,61.89188766479492
2014-01-23,62.05338668823242
2014-01-24,61.08442687988281
2014-01-27,58.581302642822266
2014-01-28,59.146514892578125
2014-01-29,58.944664001464844
2014-01-30,58.09681701660156
2014-01-31,59.71174240112305
2014-02-03,58.662044525146484
2014-02-04,58.662044525146484
2014-02-05,58.90427780151367
2014-02-06,60.761444091796875
2014-02-07,60.47883987426758
2014-02-10,61.00368881225586
2014-02-11,61.28630065917969
2014-02-12,60.64032745361328
2014-02-13,59.025413513183594
2014-02-14,59.631004333496094
2014-02-17,62.537872314453125
2014-02-18,64.15277862548828
2014-02-19,62.49747085571289
2014-02-20,63.26456069946289
2014-02-21,63.627933502197266
2014-02-24,66.89815521240234
2014-02-25,65.36398315429688
2014-02-26,64.15277862548828
2014-02-28,63.627933502197266
2014-03-03,63.18381881713867
2014-03-04,64.63725280761719
2014-03-05,62.537872314453125
2014-03-06,63.30495071411133
2014-03-07,64.15277862548828
2014-03-10,63.910545349121094
2014-03-11,66.373291015625
2014-03-12,67.26150512695312
2014-03-13,67.10002899169922
2014-03-14,67.3018798828125
2014-03-18,67.7459945678711
2014-03-19,66.4365463256836
2014-03-20,65.26512908935547
2014-03-21,66.8130874633789
2014-03-24,67.31512451171875
2014-03-25,68.23551177978516
2014-03-26,68.48654174804688
2014-03-27,69.2396011352539
2014-03-28,72.419189453125
2014-03-31,71.24776458740234
2014-04-01,70.49468231201172
2014-04-02,71.24776458740234
2014-04-03,70.62020874023438
2014-04-04,69.74163818359375
2014-04-07,69.44877624511719
2014-04-09,70.2436752319336
2014-04-10,73.0467300415039
2014-04-11,72.16815948486328
2014-04-15,70.82939910888672
2014-04-16,68.3191909790039
2014-04-17,70.2436752319336
2014-04-21,69.9508285522461
2014-04-22,70.11817169189453
2014-04-23,69.99266052246094
2014-04-24,69.99266052246094
2014-04-25,69.49063110351562
2014-04-28,69.40694427490234
2014-04-29,67.691650390625
2014-04-30,65.34880065917969
2014-05-02,67.06410217285156
2014-05-05,65.8926773071289
2014-05-06,64.84675598144531
2014-05-07,64.21920013427734
2014-05-08,63.842674255371094
2014-05-09,67.44062042236328
2014-05-12,68.2773666381836
2014-05-13,70.78754425048828
2014-05-14,70.9130630493164
2014-05-15,73.29773712158203
2014-05-16,76.05897521972656
2014-05-19,81.74874114990234
2014-05-20,81.62324523925781
2014-05-21,80.61915588378906
2014-05-22,83.21302032470703
2014-05-23,88.52629089355469
2014-05-26,84.80282592773438
2014-05-27,82.54364776611328
2014-05-28,85.5140380859375
2014-05-29,84.55180358886719
2014-05-30,86.85282897949219
2014-06-02,88.73546600341797
2014-06-03,88.48443603515625
2014-06-04,88.60995483398438
2014-06-05,92.0823974609375
2014-06-06,93.04463195800781
2014-06-09,95.34564208984375
2014-06-10,94.17422485351562
2014-06-11,89.53036499023438
2014-06-12,89.44670104980469
2014-06-13,86.72730255126953
2014-06-16,88.40077209472656
2014-06-17,89.27933502197266
2014-06-18,88.10791778564453
2014-06-19,86.97832489013672
2014-06-20,84.63545989990234
2014-06-23,85.0956802368164
2014-06-24,86.60179138183594
2014-06-25,87.77320861816406
2014-06-26,86.60179138183594
2014-06-27,86.85282897949219
2014-06-30,90.19973754882812
2014-07-01,90.7017822265625
2014-07-02,91.49667358398438
2014-07-03,89.36302185058594
2014-07-04,89.65587615966797
2014-07-07,92.9609603881836
2014-07-08,88.65179443359375
2014-07-09,86.05791473388672
2014-07-10,88.60995483398438
2014-07-11,85.30486297607422
2014-07-14,87.68953704833984
2014-07-15,87.4803695678711
2014-07-16,87.81504821777344
2014-07-17,90.82730102539062
2014-07-18,88.56809997558594
2014-07-21,86.89464569091797
2014-07-22,87.3548583984375
2014-07-23,87.43953704833984
2014-07-24,87.56657409667969
2014-07-25,85.23767852783203
2014-07-28,85.74580383300781
2014-07-30,84.34845733642578
2014-07-31,82.7817611694336
2014-08-01,80.45285034179688
2014-08-04,81.55378723144531
2014-08-05,81.8078384399414
2014-08-06,81.08799743652344
2014-08-07,80.36817169189453
2014-08-08,77.36176300048828
2014-08-11,76.9383316040039
2014-08-12,77.36176300048828
2014-08-13,74.99053192138672
2014-08-14,76.72661590576172
2014-08-18,77.74286651611328
2014-08-19,78.42035675048828
2014-08-20,80.11410522460938
2014-08-21,79.0555191040039
2014-08-22,79.35192108154297
2014-08-25,76.5572280883789
2014-08-26,74.39771270751953
2014-08-27,75.0752182006836
2014-08-28,73.3391342163086
2014-09-01,76.38785552978516
2014-09-02,75.32926940917969
2014-09-03,76.21849060058594
2014-09-04,75.49864196777344
2014-09-05,74.82115173339844
2014-09-08,74.27067565917969
2014-09-09,75.0752182006836
2014-09-10,76.13380432128906
2014-09-11,76.98066711425781
2014-09-12,75.66801452636719
2014-09-15,75.37161254882812
2014-09-16,70.75617218017578
2014-09-17,72.40756225585938
2014-09-18,74.52473449707031
2014-09-19,74.48240661621094
2014-09-22,73.76256561279297
2014-09-23,71.85708618164062
2014-09-24,72.19583892822266
2014-09-25,70.71381378173828
2014-09-26,71.39131164550781
2014-09-29,71.01020812988281
2014-09-30,70.3327407836914
2014-10-01,68.4272689819336
2014-10-07,68.68132019042969
2014-10-08,69.73990631103516
2014-10-09,71.5606918334961
2014-10-10,70.12101745605469
2014-10-13,72.11116790771484
2014-10-14,73.63553619384766
2014-10-15,73.63553619384766
2014-10-16,70.92554473876953
2014-10-17,71.94178771972656
2014-10-20,73.4661636352539
2014-10-21,74.44007110595703
2014-10-22,74.39771270751953
2014-10-27,74.90583801269531
2014-10-28,76.68427276611328
2014-10-29,76.98066711425781
2014-10-30,76.76895141601562
2014-10-31,79.47894287109375
2014-11-03,79.0555191040039
2014-11-05,77.74286651611328
2014-11-07,77.36176300048828
2014-11-10,79.0555191040039
2014-11-11,79.2248764038086
2014-11-12,77.10770416259766
2014-11-13,75.15989685058594
2014-11-14,75.2022476196289
2014-11-17,74.99053192138672
2014-11-18,75.28691864013672
2014-11-19,74.94818878173828
2014-11-20,75.7103500366211
2014-11-21,74.60943603515625
2014-11-24,77.74286651611328
2014-11-25,76.38785552978516
2014-11-26,76.85365295410156
2014-11-27,78.29331970214844
2014-11-28,78.75910949707031
2014-12-01,76.59956359863281
2014-12-02,76.76895141601562
2014-12-03,76.76895141601562
2014-12-04,75.49864196777344
2014-12-05,75.62567138671875
2014-12-08,75.45630645751953
2014-12-09,72.3228759765625
2014-12-10,73.59319305419922
2014-12-11,71.77242279052734
2014-12-12,71.39131164550781
2014-12-15,71.01020812988281
2014-12-16,67.62272644042969
2014-12-17,66.47946166992188
2014-12-18,68.9354019165039
2014-12-19,70.62914276123047
2014-12-22,71.26428985595703
2014-12-23,68.8930435180664
2014-12-24,68.7660140991211
2014-12-26,68.72367095947266
2014-12-29,68.9354019165039
2014-12-30,68.97773742675781
2014-12-31,69.57054138183594
2015-01-01,69.57054138183594
2015-01-02,70.58678436279297
2015-01-05,70.16334533691406
2015-01-06,67.45337677001953
2015-01-07,66.26773834228516
2015-01-08,67.74977111816406
2015-01-09,67.58039855957031
2015-01-12,68.00383758544922
2015-01-13,66.98757934570312
2015-01-14,66.77586364746094
2015-01-15,69.189453125
2015-01-16,70.03630828857422
2015-01-19,70.12101745605469
2015-01-20,69.52818298339844
2015-01-21,70.62914276123047
2015-01-22,70.5444564819336
2015-01-23,75.24457550048828
2015-01-27,75.37161254882812
2015-01-28,74.52473449707031
2015-01-29,74.65177154541016
2015-01-30,76.64191436767578
2015-02-02,77.19239044189453
2015-02-03,73.9742660522461
2015-02-04,76.30317687988281
2015-02-05,70.5444564819336
2015-02-06,69.52818298339844
2015-02-09,67.79210662841797
2015-02-10,68.8507080078125
2015-02-11,69.57054138183594
2015-02-12,71.05257415771484
2015-02-13,71.47601318359375
2015-02-16,71.2219467163086
2015-02-18,73.042724609375
2015-02-19,74.77880859375
2015-02-20,72.78865051269531
2015-02-23,71.94178771972656
2015-02-24,71.51834106445312
2015-02-25,70.2903823852539
2015-02-26,70.03630828857422
2015-02-27,73.93192291259766
2015-03-02,73.042724609375
2015-03-03,73.88958740234375
2015-03-04,71.43365478515625
2015-03-05,72.23819732666016
2015-03-09,69.65522003173828
2015-03-10,68.68132019042969
2015-03-11,68.46959686279297
2015-03-12,68.97773742675781
2015-03-13,67.4957046508789
2015-03-16,68.59663391113281
2015-03-17,68.2155532836914
2015-03-18,68.04617309570312
2015-03-19,67.58039855957031
2015-03-20,66.86054229736328
2015-03-23,66.69117736816406
2015-03-24,66.35243225097656
2015-03-25,65.50555419921875
2015-03-26,64.53164672851562
2015-03-27,63.43071365356445
2015-03-30,62.964942932128906
2015-03-31,65.29383087158203
2015-04-01,65.63259887695312
2015-04-06,65.4208755493164
2015-04-07,66.394775390625
2015-04-08,65.50555419921875
2015-04-09,66.35243225097656
2015-04-10,66.81819915771484
2015-04-13,67.87679290771484
2015-04-15,68.7660140991211
2015-04-16,67.91912841796875
2015-04-17,68.13086700439453
2015-04-20,66.69117736816406
2015-04-21,65.63259887695312
2015-04-22,66.60648345947266
2015-04-23,67.11460876464844
2015-04-24,66.14070892333984
2015-04-27,65.71728515625
2015-04-28,65.97135162353516
2015-04-29,65.59024047851562
2015-04-30,64.19291687011719
2015-05-04,65.46321868896484
2015-05-05,64.44695281982422
2015-05-06,62.202754974365234
2015-05-07,60.720726013183594
2015-05-08,61.991031646728516
2015-05-11,62.922607421875
2015-05-12,60.551353454589844
2015-05-13,62.160423278808594
2015-05-14,62.28744888305664
2015-05-15,61.821659088134766
2015-05-18,63.72713088989258
2015-05-19,64.2352523803711
2015-05-20,65.25149536132812
2015-05-21,64.53164672851562
2015-05-22,64.31993865966797
2015-05-25,63.346038818359375
2015-05-26,63.6000862121582
2015-05-27,64.2352523803711
2015-05-28,62.75320816040039
2015-05-29,63.13431930541992
2015-06-01,64.44695281982422
2015-06-02,63.5577507019043
2015-06-03,60.00088882446289
2015-06-04,59.4080810546875
2015-06-05,59.83150863647461
2015-06-08,60.4666748046875
2015-06-09,61.27119827270508
2015-06-10,62.541500091552734
2015-06-11,59.28104782104492
2015-06-12,61.52526092529297
2015-06-15,61.01713943481445
2015-06-16,62.75320816040039
2015-06-17,61.60993576049805
2015-06-18,61.90635681152344
2015-06-19,61.228851318359375
2015-06-22,63.09196472167969
2015-06-23,62.795570373535156
2015-06-24,62.4991569519043
2015-06-25,63.515411376953125
2015-06-26,62.541500091552734
2015-06-29,61.694644927978516
2015-06-30,62.795570373535156
2015-07-01,63.30369186401367
2015-07-02,63.43071365356445
2015-07-03,62.922607421875
2015-07-06,63.04963302612305
2015-07-07,62.456817626953125
2015-07-08,61.398223876953125
2015-07-09,61.35588836669922
2015-07-10,60.551353454589844
2015-07-13,61.60993576049805
2015-07-14,61.77931594848633
2015-07-15,62.880252838134766
2015-07-16,64.3622817993164
2015-07-17,64.27759552001953
2015-07-20,64.19142150878906
2015-07-21,62.166595458984375
2015-07-22,62.89897918701172
2015-07-23,61.951202392578125
2015-07-24,61.86502456665039
2015-07-27,61.39113998413086
2015-07-28,61.13264083862305
2015-07-29,58.849327087402344
2015-07-30,59.96943664550781
2015-07-31,58.97856140136719
2015-08-03,59.88328170776367
2015-08-04,60.22793197631836
2015-08-05,60.098690032958984
2015-08-06,60.098690032958984
2015-08-07,59.538631439208984
2015-08-10,59.538631439208984
2015-08-11,58.806243896484375
2015-08-12,58.20310974121094
2015-08-13,59.58171081542969
2015-08-14,60.05560302734375
2015-08-17,59.15089416503906
2015-08-18,58.677005767822266
2015-08-19,58.07386016845703
2015-08-20,58.1600227355957
2015-08-21,58.59083938598633
2015-08-24,53.63646697998047
2015-08-25,50.40535354614258
2015-08-26,51.870121002197266
2015-08-27,52.17169189453125
2015-08-28,52.602508544921875
2015-08-31,52.17169189453125
2015-09-01,51.99936294555664
2015-09-02,50.362274169921875
2015-09-03,51.61163330078125
2015-09-04,48.72516632080078
2015-09-07,48.380523681640625
2015-09-08,50.53459167480469
2015-09-09,51.00849151611328
2015-09-10,52.51634979248047
2015-09-11,51.31005859375
2015-09-14,53.24872970581055
2015-09-15,53.29180908203125
2015-09-16,53.550296783447266
2015-09-18,55.40280532836914
2015-09-21,55.74745559692383
2015-09-22,54.153438568115234
2015-09-23,54.49809646606445
2015-09-24,56.049034118652344
2015-09-28,56.4367561340332
2015-09-29,56.91065979003906
2015-09-30,55.96286392211914
2015-10-01,56.73832702636719
2015-10-05,57.90153121948242
2015-10-06,59.495548248291016
2015-10-07,60.61566925048828
2015-10-08,60.52950668334961
2015-10-09,60.05560302734375
2015-10-12,60.270999908447266
2015-10-13,60.44334411621094
2015-10-14,60.01252365112305
2015-10-15,60.486419677734375
2015-10-16,60.14176940917969
2015-10-19,59.84019088745117
2015-10-20,61.08956527709961
2015-10-21,60.831077575683594
2015-10-23,60.65876007080078
2015-10-26,60.8741455078125
2015-10-27,61.13264083862305
2015-10-28,60.05560302734375
2015-10-29,60.01252365112305
2015-10-30,59.323219299316406
2015-11-02,59.237064361572266
2015-11-03,59.323219299316406
2015-11-04,59.10780715942383
2015-11-05,59.02165222167969
2015-11-06,58.20310974121094
2015-11-09,58.677005767822266
2015-11-10,58.41850662231445
2015-11-13,58.849327087402344
2015-11-16,57.98768997192383
2015-11-17,58.07386016845703
2015-11-18,56.73832702636719
2015-11-19,57.513790130615234
2015-11-20,57.42762756347656
2015-11-23,57.686126708984375
2015-11-24,57.34148406982422
2015-11-26,57.12607192993164
2015-11-27,57.08298873901367
2015-11-30,57.90153121948242
2015-12-01,57.38455581665039
2015-12-02,57.12607192993164
2015-12-03,56.56600570678711
2015-12-04,55.316646575927734
2015-12-07,55.27356719970703
2015-12-08,54.7565803527832
2015-12-09,53.42105484008789
2015-12-10,53.93803405761719
2015-12-11,53.29180908203125
2015-12-14,53.0764045715332
2015-12-15,52.94716262817383
2015-12-16,53.42105484008789
2015-12-17,55.7905387878418
2015-12-18,56.00594711303711
2015-12-21,56.00594711303711
2015-12-22,56.221351623535156
2015-12-23,56.65216827392578
2015-12-24,57.21223068237305
2015-12-28,58.1600227355957
2015-12-29,57.81536865234375
2015-12-30,58.37541961669922
2015-12-31,58.50467300415039
2016-01-01,59.40938186645508
2016-01-04,58.806243896484375
2016-01-05,59.75403594970703
2016-01-06,59.28013610839844
2016-01-07,57.16914749145508
2016-01-08,59.19397735595703
2016-01-11,57.858455657958984
2016-01-12,57.729209899902344
2016-01-13,56.60908889770508
2016-01-14,55.7905387878418
2016-01-15,53.20564651489258
2016-01-18,53.119483947753906
2016-01-19,55.35971450805664
2016-01-20,53.20564651489258
2016-01-21,52.68867492675781
2016-01-22,53.20564651489258
2016-01-25,52.86099624633789
2016-01-27,52.817909240722656
2016-01-28,51.69779586791992
2016-01-29,51.783958435058594
2016-02-01,52.21477127075195
2016-02-02,50.62076187133789
2016-02-03,49.15598678588867
2016-02-04,50.87924575805664
2016-02-05,51.9132080078125
2016-02-08,50.79308319091797
2016-02-09,51.43931198120117
2016-02-10,51.00849151611328
2016-02-11,48.509761810302734
2016-02-12,48.85441970825195
2016-02-15,51.31005859375
2016-02-16,50.44843673706055
2016-02-17,50.57767868041992
2016-02-18,51.00849151611328
2016-02-19,50.66383743286133
2016-02-22,50.49151611328125
2016-02-23,49.97453689575195
2016-02-24,49.802207946777344
2016-02-25,49.15598678588867
2016-02-26,49.58679962158203
2016-02-29,49.37139892578125
2016-03-01,50.319190979003906
2016-03-02,50.750003814697266
2016-03-03,51.26697540283203
2016-03-04,51.05156707763672
2016-03-08,50.62076187133789
2016-03-09,50.53459167480469
2016-03-10,50.750003814697266
2016-03-11,50.83616256713867
2016-03-14,51.00849151611328
2016-03-15,50.62076187133789
2016-03-16,50.7069206237793
2016-03-17,50.362274169921875
2016-03-18,50.40535354614258
2016-03-21,50.96541213989258
2016-03-22,53.24872970581055
2016-03-23,53.98112106323242
2016-03-28,52.51634979248047
2016-03-29,52.90407943725586
2016-03-30,53.98112106323242
2016-03-31,55.70438003540039
2016-04-01,56.17826843261719
2016-04-04,58.849327087402344
2016-04-05,57.729209899902344
2016-04-06,57.29838562011719
2016-04-07,55.058162689208984
2016-04-08,56.695255279541016
2016-04-11,58.33234786987305
2016-04-12,58.46159362792969
2016-04-13,60.31409454345703
2016-04-18,59.96943664550781
2016-04-20,60.787994384765625
2016-04-21,60.05560302734375
2016-04-22,60.270999908447266
2016-04-25,59.92636489868164
2016-04-26,62.037357330322266
2016-04-27,60.96031951904297
2016-04-28,59.66788101196289
2016-04-29,60.74490737915039
2016-05-02,60.44334411621094
2016-05-03,61.261878967285156
2016-05-04,60.65876007080078
2016-05-05,60.57258605957031
2016-05-06,62.209678649902344
2016-05-09,63.28671646118164
2016-05-10,62.42509078979492
2016-05-11,61.175724029541016
2016-05-12,61.04648208618164
2016-05-13,60.61566925048828
2016-05-16,60.52950668334961
2016-05-17,60.31409454345703
2016-05-18,60.31409454345703
2016-05-19,58.93549728393555
2016-05-20,59.79712677001953
2016-05-23,60.8741455078125
2016-05-24,61.77886962890625
2016-05-25,63.028228759765625
2016-05-26,63.45905685424805
2016-05-27,62.55433654785156
2016-05-30,64.7514877319336
2016-05-31,63.54520797729492
2016-06-01,62.683570861816406
2016-06-02,62.25276184082031
2016-06-03,63.6744499206543
2016-06-06,63.932945251464844
2016-06-07,63.32979202270508
2016-06-08,65.00996398925781
2016-06-09,65.18230438232422
2016-06-10,65.65620422363281
2016-06-13,65.18230438232422
2016-06-14,65.18230438232422
2016-06-15,65.95777893066406
2016-06-16,65.74237823486328
2016-06-17,63.502140045166016
2016-06-20,64.66533660888672
2016-06-21,63.15746307373047
2016-06-22,63.502140045166016
2016-06-23,62.98515319824219
2016-06-24,62.640499114990234
2016-06-27,62.209678649902344
2016-06-28,62.037357330322266
2016-06-29,62.597412109375
2016-06-30,63.20054626464844
2016-07-01,64.06218719482422
2016-07-04,64.53608703613281
2016-07-05,64.01911163330078
2016-07-07,63.37289810180664
2016-07-08,63.071311950683594
2016-07-11,63.717533111572266
2016-07-12,62.640499114990234
2016-07-13,62.08043670654297
2016-07-14,61.86502456665039
2016-07-15,61.735782623291016
2016-07-18,60.61566925048828
2016-07-19,60.65876007080078
2016-07-20,62.33892822265625
2016-07-21,60.96031951904297
2016-07-22,62.08043670654297
2016-07-25,62.037357330322266
2016-07-26,61.4773063659668
2016-07-27,61.21881103515625
2016-07-28,60.917236328125
2016-07-29,62.037357330322266
2016-08-01,62.037357330322266
2016-08-02,61.77886962890625
2016-08-03,61.39113998413086
2016-08-04,61.003395080566406
2016-08-05,61.261878967285156
2016-08-08,62.683570861816406
2016-08-09,64.96691131591797
2016-08-10,63.7606086730957
2016-08-11,64.32067108154297
2016-08-12,64.79457092285156
2016-08-16,65.95777893066406
2016-08-17,67.16404724121094
2016-08-18,66.25935363769531
2016-08-19,67.25021362304688
2016-08-22,66.38858795166016
2016-08-23,64.44992065429688
2016-08-24,65.87161254882812
2016-08-25,65.18230438232422
2016-08-26,65.26846313476562
2016-08-29,65.44078063964844
2016-08-30,66.43165588378906
2016-08-31,67.63794708251953
2016-09-01,67.33638000488281
2016-09-02,68.06877899169922
2016-09-06,67.63794708251953
2016-09-07,67.19987487792969
2016-09-08,67.9446029663086
2016-09-09,67.63794708251953
2016-09-12,65.09716033935547
2016-09-14,66.01708984375
2016-09-15,65.53521728515625
2016-09-16,66.10469818115234
2016-09-19,67.33130645751953
2016-09-20,66.36753845214844
2016-09-21,66.80561065673828
2016-09-22,66.54277038574219
2016-09-23,66.23612213134766
2016-09-26,66.45515441894531
2016-09-27,65.6228256225586
2016-09-28,66.67418670654297
2016-09-29,64.52764892578125
2016-09-30,66.06090545654297
2016-10-03,66.98084259033203
2016-10-04,67.85699462890625
2016-10-05,68.6017074584961
2016-10-06,69.2588119506836
2016-10-07,70.70442199707031
2016-10-10,70.83586120605469
2016-10-13,68.07601165771484
2016-10-14,68.6893310546875
2016-10-17,67.9446029663086
2016-10-18,68.9959716796875
2016-10-19,71.18631744384766
2016-10-20,71.79961395263672
2016-10-21,73.24523162841797
2016-10-24,73.2890396118164
2016-10-25,72.19388580322266
2016-10-26,70.83586120605469
2016-10-27,69.6968765258789
2016-10-28,68.6017074584961
2016-11-01,68.47028350830078
2016-11-02,67.50652313232422
2016-11-03,67.19987487792969
2016-11-04,65.3599853515625
2016-11-07,66.01708984375
2016-11-08,65.18476867675781
2016-11-09,62.81917953491211
2016-11-10,65.22856903076172
2016-11-11,63.16963195800781
2016-11-15,60.672645568847656
2016-11-16,61.943031311035156
2016-11-17,61.46117401123047
2016-11-18,61.37355422973633
2016-11-21,60.1031494140625
2016-11-22,60.4098014831543
2016-11-23,60.71644592285156
2016-11-24,60.8040771484375
2016-11-25,61.37355422973633
2016-11-28,63.6953125
2016-11-29,63.30106735229492
2016-11-30,64.87812042236328
2016-12-01,63.82674026489258
2016-12-02,64.3524398803711
2016-12-05,64.08958435058594
2016-12-06,65.88565063476562
2016-12-07,65.09716033935547
2016-12-08,66.19230651855469
2016-12-09,67.50652313232422
2016-12-12,67.15607452392578
2016-12-13,67.9884033203125
2016-12-14,68.9521484375
2016-12-15,68.47028350830078
2016-12-16,67.11225891113281
2016-12-19,67.59414672851562
2016-12-20,67.06846618652344
2016-12-21,66.63040161132812
2016-12-22,65.49140930175781
2016-12-23,64.79049682617188
2016-12-26,64.39623260498047
2016-12-27,64.48384094238281
2016-12-28,64.74668884277344
2016-12-29,65.84185028076172
2016-12-30,66.49897003173828
2017-01-02,66.06090545654297
2017-01-03,66.2799301147461
2017-01-04,66.4113540649414
2017-01-05,67.33130645751953
2017-01-06,67.55033874511719
2017-01-09,66.9370346069336
2017-01-10,67.55033874511719
2017-01-11,67.33130645751953
2017-01-12,69.47784423828125
2017-01-13,69.47784423828125
2017-01-16,68.11982727050781
2017-01-17,68.20745086669922
2017-01-18,68.90835571289062
2017-01-19,69.47784423828125
2017-01-20,67.9446029663086
2017-01-23,67.9446029663086
2017-01-24,70.00353240966797
2017-01-25,70.17874908447266
2017-01-27,70.96728515625
2017-01-30,70.5730209350586
2017-01-31,69.91592407226562
2017-02-01,70.5291976928711
2017-02-02,70.48540496826172
2017-02-03,70.66062927246094
2017-02-06,72.06245422363281
2017-02-07,71.14250946044922
2017-02-08,71.5367660522461
2017-02-09,71.49296569824219
2017-02-10,71.49296569824219
2017-02-13,73.07000732421875
2017-02-14,73.1576156616211
2017-02-15,71.58056640625
2017-02-16,72.85098266601562
2017-02-17,73.68331146240234
2017-02-20,74.77848815917969
2017-02-21,73.81472778320312
2017-02-22,73.72710418701172
2017-02-23,73.11383056640625
2017-02-27,72.45670318603516
2017-02-28,72.36910247802734
2017-03-01,71.79961395263672
2017-03-02,71.0110855102539
2017-03-03,71.75581359863281
2017-03-06,72.23768615722656
2017-03-07,72.71955108642578
2017-03-08,71.93102264404297
2017-03-09,72.01864624023438
2017-03-10,71.79961395263672
2017-03-14,73.2890396118164
2017-03-15,74.51565551757812
2017-03-16,75.52320098876953
2017-03-17,75.65462493896484
2017-03-20,76.35552978515625
2017-03-21,76.79360961914062
2017-03-22,76.18031311035156
2017-03-23,76.3117446899414
2017-03-24,75.8298568725586
2017-03-27,76.48695373535156
2017-03-28,77.80116271972656
2017-03-29,78.85253143310547
2017-03-30,78.76492309570312
2017-03-31,79.1591796875
2017-04-03,78.15161895751953
2017-04-05,77.27547454833984
2017-04-06,76.48695373535156
2017-04-07,76.66218566894531
2017-04-10,76.2679214477539
2017-04-11,74.8660888671875
2017-04-12,74.95372009277344
2017-04-13,74.208984375
2017-04-17,73.6395034790039
2017-04-18,73.2014389038086
2017-04-19,75.04132080078125
2017-04-20,73.72710418701172
2017-04-21,73.72710418701172
2017-04-24,75.34796905517578
2017-04-25,74.64706420898438
2017-04-26,74.47183227539062
2017-04-27,74.16519927978516
2017-04-28,73.85853576660156
2017-05-02,73.33284759521484
2017-05-03,72.01864624023438
2017-05-04,72.71955108642578
2017-05-05,73.07000732421875
2017-05-08,72.80716705322266
2017-05-09,72.80716705322266
2017-05-10,71.44915008544922
2017-05-11,72.36910247802734
2017-05-12,72.10626983642578
2017-05-15,73.2014389038086
2017-05-16,73.46427154541016
2017-05-17,74.77848815917969
2017-05-18,73.37665557861328
2017-05-19,73.72710418701172
2017-05-22,71.88723754882812
2017-05-23,70.5291976928711
2017-05-24,70.31016540527344
2017-05-25,70.44158935546875
2017-05-26,71.0110855102539
2017-05-29,71.09869384765625
2017-05-30,72.19388580322266
2017-05-31,70.96728515625
2017-06-01,70.70442199707031
2017-06-02,71.0110855102539
2017-06-05,70.96728515625
2017-06-06,69.74068450927734
2017-06-07,70.09114837646484
2017-06-08,69.2588119506836
2017-06-09,68.16364288330078
2017-06-12,69.12739562988281
2017-06-13,68.42646789550781
2017-06-14,67.9446029663086
2017-06-15,67.55033874511719
2017-06-16,68.25123596191406
2017-06-19,68.3826675415039
2017-06-20,71.93102264404297
2017-06-21,71.62438201904297
2017-06-22,72.50052642822266
2017-06-23,71.40535736083984
2017-06-27,71.05489349365234
2017-06-28,71.5367660522461
2017-06-29,71.44915008544922
2017-06-30,70.5730209350586
2017-07-03,70.44158935546875
2017-07-04,71.14250946044922
2017-07-05,71.62438201904297
2017-07-06,71.79961395263672
2017-07-07,71.58056640625
2017-07-10,73.11383056640625
2017-07-11,72.71955108642578
2017-07-12,72.76336669921875
2017-07-13,72.93858337402344
2017-07-14,72.67574310302734
2017-07-17,73.07000732421875
2017-07-18,72.23768615722656
2017-07-19,72.67574310302734
2017-07-20,72.63195037841797
2017-07-21,73.02620697021484
2017-07-24,72.93858337402344
2017-07-25,72.71955108642578
2017-07-26,72.32530212402344
2017-07-27,71.84341430664062
2017-07-28,71.97484588623047
2017-07-31,71.84341430664062
2017-08-01,72.54432678222656
2017-08-02,72.36910247802734
2017-08-03,72.41290283203125
2017-08-04,70.31016540527344
2017-08-07,70.09114837646484
2017-08-08,68.55789184570312
2017-08-09,68.16364288330078
2017-08-10,68.34183502197266
2017-08-11,68.20819091796875
2017-08-14,70.88126373291016
2017-08-16,73.10884857177734
2017-08-17,72.75242614746094
2017-08-18,71.5495376586914
2017-08-21,71.4604263305664
2017-08-22,71.3267822265625
2017-08-23,70.16844940185547
2017-08-24,70.52485656738281
2017-08-28,70.25755310058594
2017-08-29,68.56459045410156
2017-08-30,69.18830871582031
2017-08-31,70.61394500732422
2017-09-01,71.37133026123047
2017-09-04,69.90113830566406
2017-09-05,69.8120346069336
2017-09-06,69.50017547607422
2017-09-07,68.92100524902344
2017-09-08,68.6091537475586
2017-09-11,71.81684112548828
2017-09-12,72.17326354980469
2017-09-13,75.55916595458984
2017-09-14,75.96012115478516
2017-09-15,75.1136474609375
2017-09-18,74.57902526855469
2017-09-19,75.38096618652344
2017-09-20,74.84635162353516
2017-09-21,74.0444107055664
2017-09-22,71.63863372802734
2017-09-25,72.93063354492188
2017-09-26,71.23767852783203
2017-09-27,69.63382720947266
2017-09-28,68.83189392089844
2017-09-29,69.32197570800781
2017-10-03,68.96556091308594
2017-10-04,69.50017547607422
2017-10-05,70.3466567993164
2017-10-06,71.86139678955078
2017-10-09,72.57421112060547
2017-10-10,72.66331481933594
2017-10-11,72.17326354980469
2017-10-12,72.79696655273438
2017-10-13,72.75242614746094
2017-10-16,73.01973724365234
2017-10-17,72.70787811279297
2017-10-18,72.9751968383789
2017-10-19,72.61878204345703
2017-10-23,72.8415298461914
2017-10-24,73.19794464111328
2017-10-25,73.28704071044922
2017-10-26,73.19794464111328
2017-10-27,75.82646179199219
2017-10-30,76.58385467529297
2017-10-31,75.64826965332031
2017-11-01,75.91557312011719
2017-11-02,75.55916595458984
2017-11-03,75.29186248779297
2017-11-06,76.13832092285156
2017-11-07,73.99987030029297
2017-11-08,74.22261047363281
2017-11-09,74.62358093261719
2017-11-10,73.91075897216797
2017-11-13,73.24249267578125
2017-11-14,72.8860855102539
2017-11-15,73.10884857177734
2017-11-16,75.55916595458984
2017-11-17,79.25692749023438
2017-11-20,81.70726013183594
2017-11-21,82.77648162841797
2017-11-22,82.91014099121094
2017-11-23,82.99923706054688
2017-11-24,83.44477081298828
2017-11-27,84.87041473388672
2017-11-28,85.405029296875
2017-11-29,84.69220733642578
2017-11-30,84.38033294677734
2017-12-01,80.415283203125
2017-12-04,80.05885314941406
2017-12-05,79.21238708496094
2017-12-06,77.87583923339844
2017-12-07,80.94987487792969
2017-12-08,81.61815643310547
2017-12-11,83.35565185546875
2017-12-12,80.68257904052734
2017-12-13,80.415283203125
2017-12-14,80.63802337646484
2017-12-15,81.26174926757812
2017-12-18,81.17263793945312
2017-12-19,81.17263793945312
2017-12-20,80.94987487792969
2017-12-21,81.08354187011719
2017-12-22,82.64282989501953
2017-12-26,82.99923706054688
2017-12-27,82.24187469482422
2017-12-28,82.01911163330078
2017-12-29,83.31111145019531
2018-01-01,86.56336212158203
2018-01-02,88.83547973632812
2018-01-03,89.81560516357422
2018-01-04,88.74638366699219
2018-01-05,88.70182800292969
2018-01-08,88.96913146972656
2018-01-09,87.8553466796875
2018-01-10,87.5434799194336
2018-01-11,88.70182800292969
2018-01-12,88.25631713867188
2018-01-15,87.27617645263672
2018-01-16,83.44477081298828
2018-01-17,83.04378509521484
2018-01-18,80.72711944580078
2018-01-19,82.15276336669922
2018-01-22,82.06365966796875
2018-01-23,82.42008209228516
2018-01-24,81.7963638305664
2018-01-25,80.14796447753906
2018-01-29,80.23706817626953
2018-01-30,80.72711944580078
2018-01-31,79.30148315429688
2018-02-01,79.92520141601562
2018-02-02,75.55916595458984
2018-02-05,75.73736572265625
2018-02-06,73.77710723876953
2018-02-07,75.47005462646484
2018-02-08,75.78193664550781
2018-02-09,75.78193664550781
2018-02-12,77.29666137695312
2018-02-14,77.6085433959961
2018-02-15,76.85115051269531
2018-02-16,77.20756530761719
2018-02-19,76.71749114990234
2018-02-20,76.98480987548828
2018-02-21,76.94026184082031
2018-02-22,75.64826965332031
2018-02-23,76.4056396484375
2018-02-26,76.539306640625
2018-02-27,76.31653594970703
2018-02-28,75.29186248779297
2018-03-01,75.1136474609375
2018-03-05,73.19794464111328
2018-03-06,72.8415298461914
2018-03-07,70.56939697265625
2018-03-08,71.1931381225586
2018-03-09,71.28224182128906
2018-03-12,72.03960418701172
2018-03-13,72.48512268066406
2018-03-14,71.63863372802734
2018-03-15,71.5049819946289
2018-03-16,71.23767852783203
2018-03-19,70.88126373291016
2018-03-20,71.5940933227539
2018-03-21,71.23767852783203
2018-03-22,71.28224182128906
2018-03-23,71.28224182128906
2018-03-26,71.1931381225586
2018-03-27,71.37133026123047
2018-03-28,70.39120483398438
2018-04-02,72.9751968383789
2018-04-03,75.24729919433594
2018-04-04,73.99987030029297
2018-04-05,74.40081787109375
2018-04-06,75.29186248779297
2018-04-09,75.73736572265625
2018-04-10,77.6085433959961
2018-04-11,77.5194320678711
2018-04-12,78.27679443359375
2018-04-13,78.09860229492188
2018-04-16,78.23223876953125
2018-04-17,77.92039489746094
2018-04-18,78.09860229492188
2018-04-19,77.34123229980469
2018-04-20,76.539306640625
2018-04-23,76.09378051757812
2018-04-24,75.96012115478516
2018-04-25,76.6729507446289
2018-04-26,76.6729507446289
2018-04-27,78.23223876953125
2018-04-30,78.6777572631836
2018-05-02,77.5194320678711
2018-05-03,76.76204681396484
2018-05-04,76.13832092285156
2018-05-07,75.82646179199219
2018-05-08,75.069091796875
2018-05-09,74.26717376708984
2018-05-10,73.06428527832031
2018-05-11,72.9751968383789
2018-05-14,72.66331481933594
2018-05-15,72.3960189819336
2018-05-16,72.3960189819336
2018-05-17,72.75242614746094
2018-05-18,72.03960418701172
2018-05-21,70.21299743652344
2018-05-22,69.36653137207031
2018-05-23,69.01011657714844
2018-05-24,68.11907958984375
2018-05-25,72.3514633178711
2018-05-28,73.33160400390625
2018-05-29,74.40081787109375
2018-05-30,73.46525573730469
2018-05-31,72.44056701660156
2018-06-01,70.92581939697266
2018-06-04,68.787353515625
2018-06-05,70.21299743652344
2018-06-06,69.58927154541016
2018-06-07,69.8120346069336
2018-06-08,69.45561981201172
2018-06-11,69.85659790039062
2018-06-12,69.32197570800781
2018-06-13,68.65369415283203
2018-06-14,68.87647247314453
2018-06-15,67.80721282958984
2018-06-18,66.82710266113281
2018-06-19,65.40145111083984
2018-06-20,65.80241394042969
2018-06-21,66.42613220214844
2018-06-22,67.85177612304688
2018-06-25,68.02998352050781
2018-06-26,66.91618347167969
2018-06-27,64.06490325927734
2018-06-28,63.84214401245117
2018-06-29,65.26779174804688
2018-07-02,64.37677001953125
2018-07-03,64.33220672607422
2018-07-04,64.19856262207031
2018-07-05,63.48574447631836
2018-07-06,63.93124771118164
2018-07-09,65.22323608398438
2018-07-10,65.08958435058594
2018-07-11,64.33220672607422
2018-07-12,63.0619010925293
2018-07-13,63.651695251464844
2018-07-16,62.56285095214844
2018-07-17,64.33221435546875
2018-07-18,63.515586853027344
2018-07-19,61.882320404052734
2018-07-20,61.56474685668945
2018-07-23,61.746219635009766
2018-07-24,61.51938247680664
2018-07-25,61.51938247680664
2018-07-26,64.28683471679688
2018-07-27,65.1942138671875
2018-07-30,67.00894927978516
2018-07-31,67.64410400390625
2018-08-01,66.28305053710938
2018-08-02,65.28494262695312
2018-08-03,65.64788818359375
2018-08-06,65.1942138671875
2018-08-07,63.78779983520508
2018-08-08,63.01652908325195
2018-08-09,63.42484664916992
2018-08-10,62.9257926940918
2018-08-13,62.38138198852539
2018-08-14,62.38138198852539
2018-08-16,60.92959976196289
2018-08-17,62.2906379699707
2018-08-20,63.56095504760742
2018-08-21,65.55715942382812
2018-08-23,65.37569427490234
2018-08-24,65.10348510742188
2018-08-27,68.59683227539062
2018-08-28,67.91630554199219
2018-08-29,69.77640533447266
2018-08-30,69.0505142211914
2018-08-31,69.59493255615234
2018-09-03,70.95598602294922
2018-09-04,66.55525207519531
2018-09-05,67.96167755126953
2018-09-06,68.0977783203125
2018-09-07,68.23387908935547
2018-09-10,66.96357727050781
2018-09-11,67.55335998535156
2018-09-12,67.1450424194336
2018-09-14,69.14126586914062
2018-09-17,70.68377685546875
2018-09-18,67.68946838378906
2018-09-19,68.55146026611328
2018-09-21,66.14694213867188
2018-09-24,62.6989631652832
2018-09-25,63.78779983520508
2018-09-26,63.742431640625
2018-09-27,62.245269775390625
2018-09-28,59.75001525878906
2018-10-01,61.65548324584961
2018-10-03,61.247169494628906
2018-10-04,60.657386779785156
2018-10-05,57.027915954589844
2018-10-08,55.802978515625
2018-10-09,55.303924560546875
2018-10-10,58.978759765625
2018-10-11,56.48350524902344
2018-10-12,62.47211456298828
2018-10-15,64.64979553222656
2018-10-16,66.96357727050781
2018-10-17,65.82938385009766
2018-10-19,63.651695251464844
2018-10-22,63.15263366699219
2018-10-23,63.01652908325195
2018-10-24,62.835060119628906
2018-10-25,62.608211517333984
2018-10-26,62.517486572265625
2018-10-29,70.41155242919922
2018-10-30,70.54767608642578
2018-10-31,69.45882415771484
2018-11-01,69.27735900878906
2018-11-02,68.95977020263672
2018-11-05,68.32463073730469
2018-11-06,68.64219665527344
2018-11-07,68.9144058227539
2018-11-09,68.86904907226562
2018-11-12,67.64410400390625
2018-11-13,69.0051498413086
2018-11-14,70.72913360595703
2018-11-15,69.59493255615234
2018-11-16,69.68566131591797
2018-11-19,70.1847152709961
2018-11-20,71.0467300415039
2018-11-21,70.9106216430664
2018-11-22,67.96167755126953
2018-11-26,68.55146026611328
2018-11-27,68.64219665527344
2018-11-28,67.50799560546875
2018-11-29,68.23387908935547
2018-11-30,69.0505142211914
2018-12-03,74.90301513671875
2018-12-04,73.95028686523438
2018-12-05,72.9975357055664
2018-12-06,72.04481506347656
2018-12-07,72.0901870727539
2018-12-10,70.4569320678711
2018-12-11,71.8179702758789
2018-12-12,71.7726058959961
2018-12-13,71.40966033935547
2018-12-14,71.95408630371094
2018-12-17,70.68377685546875
2018-12-18,71.3642807006836
2018-12-19,72.13555908203125
2018-12-20,72.81608581542969
2018-12-21,69.36809539794922
2018-12-24,69.68566131591797
2018-12-26,68.9144058227539
2018-12-27,69.86714172363281
2018-12-28,69.95787048339844
2018-12-31,69.68566131591797
2019-01-01,69.59493255615234
2019-01-02,67.91630554199219
2019-01-03,67.3265151977539
2019-01-04,68.0977783203125
2019-01-07,67.78020477294922
2019-01-08,68.00703430175781
2019-01-09,67.4626235961914
2019-01-10,67.96167755126953
2019-01-11,68.05241394042969
2019-01-14,67.4172592163086
2019-01-15,68.0977783203125
2019-01-16,69.41346740722656
2019-01-17,68.95977020263672
2019-01-18,68.95977020263672
2019-01-21,68.9144058227539
2019-01-22,69.27735900878906
2019-01-23,68.23387908935547
2019-01-24,67.64410400390625
2019-01-25,67.09967041015625
2019-01-28,64.37757873535156
2019-01-29,64.46831512451172
2019-01-30,61.83695983886719
2019-01-31,64.69515991210938
2019-02-01,64.87663269042969
2019-02-04,64.01464080810547
2019-02-05,63.42484664916992
2019-02-06,63.87854766845703
2019-02-07,63.15263366699219
2019-02-08,62.38138198852539
2019-02-11,59.477806091308594
2019-02-12,60.1583366394043
2019-02-14,61.292537689208984
2019-02-15,62.78968048095703
2019-02-18,59.29633331298828
2019-02-19,59.795379638671875
2019-02-20,60.7027473449707
2019-02-21,61.20179748535156
2019-02-22,60.88422393798828
2019-02-25,60.38517379760742
2019-02-26,60.0222282409668
2019-02-27,59.432430267333984
2019-02-28,59.38706588745117
2019-03-01,60.83885192871094
2019-03-05,62.74432373046875
2019-03-06,64.69515991210938
2019-03-07,64.01464080810547
2019-03-08,63.515586853027344
2019-03-11,65.05810546875
2019-03-12,66.55525207519531
2019-03-13,66.96357727050781
2019-03-14,66.28305053710938
2019-03-15,66.96357727050781
2019-03-18,66.28305053710938
2019-03-19,66.2376708984375
2019-03-20,65.37569427490234
2019-03-22,65.82938385009766
2019-03-25,65.23958587646484
2019-03-26,64.69515991210938
2019-03-27,64.78589630126953
2019-03-28,64.92200469970703
2019-04-01,67.50799560546875
2019-04-02,67.19042205810547
2019-04-03,64.83126068115234
2019-04-04,64.19610595703125
2019-04-05,65.28494262695312
2019-04-08,65.23958587646484
2019-04-09,65.8747329711914
2019-04-10,64.33221435546875
2019-04-11,65.9654541015625
2019-04-12,66.46452331542969
2019-04-15,64.74051666259766
2019-04-16,64.83126068115234
2019-04-18,64.01464080810547
2019-04-22,62.78968048095703
2019-04-23,61.92770004272461
2019-04-24,61.51938247680664
2019-04-25,61.42863464355469
2019-04-26,61.61012268066406
2019-04-30,61.51938247680664
2019-05-02,60.430545806884766
2019-05-03,60.74811935424805
2019-05-06,59.75001525878906
2019-05-07,58.38896942138672
2019-05-08,58.52507400512695
2019-05-09,58.43434524536133
2019-05-10,57.88991928100586
2019-05-13,56.80107498168945
2019-05-14,57.34550094604492
2019-05-15,55.666873931884766
2019-05-16,55.666873931884766
2019-05-17,55.712249755859375
2019-05-20,59.65928268432617
2019-05-21,58.43434524536133
2019-05-22,58.79729080200195
2019-05-23,58.615806579589844
2019-05-24,61.42863464355469
2019-05-27,64.24147033691406
2019-05-28,64.01464080810547
2019-05-29,62.2906379699707
2019-05-30,63.969261169433594
2019-05-31,62.42675018310547
2019-06-03,62.0184211730957
2019-06-04,61.6946907043457
2019-06-06,60.21476364135742
2019-06-07,61.3247184753418
2019-06-10,61.55595397949219
2019-06-11,61.37095260620117
2019-06-12,61.278472900390625
2019-06-13,60.908477783203125
2019-06-14,60.26101303100586
2019-06-17,59.65978240966797
2019-06-18,59.47480392456055
2019-06-19,58.734832763671875
2019-06-20,59.752281188964844
2019-06-21,60.3535041809082
2019-06-24,60.168514251708984
2019-06-25,61.3247184753418
2019-06-26,63.4058723449707
2019-06-27,63.49836730957031
2019-06-28,63.82209777832031
2019-07-01,65.39452362060547
2019-07-02,67.61442565917969
2019-07-03,68.30814361572266
2019-07-04,66.73572540283203
2019-07-05,65.30203247070312
2019-07-08,63.45211410522461
2019-07-09,63.359615325927734
2019-07-10,61.37095260620117
2019-07-11,62.342166900634766
2019-07-12,63.03588104248047
2019-07-15,63.4058723449707
2019-07-16,62.850894927978516
2019-07-17,63.868343353271484
2019-07-18,61.37095260620117
2019-07-19,61.55595397949219
2019-07-22,62.06467819213867
2019-07-23,61.278472900390625
2019-07-24,59.058563232421875
2019-07-25,56.93115997314453
2019-07-26,57.624874114990234
2019-07-29,56.792423248291016
2019-07-30,54.48002243041992
2019-07-31,56.006202697753906
2019-08-01,55.26624298095703
2019-08-02,54.711265563964844
2019-08-05,53.55506134033203
2019-08-06,54.85000228881836
2019-08-07,54.6187629699707
2019-08-08,53.416324615478516
2019-08-09,53.18508529663086
2019-08-13,51.56640625
2019-08-14,51.33516311645508
2019-08-16,51.890140533447266
2019-08-19,52.95383834838867
2019-08-20,51.79764175415039
2019-08-21,47.265342712402344
2019-08-22,49.39274978637695
2019-08-23,50.41020584106445
2019-08-26,51.75139617919922
2019-08-27,51.19641876220703
2019-08-28,51.28892135620117
2019-08-29,51.33516311645508
2019-08-30,52.491363525390625
2019-09-03,49.80898666381836
2019-09-04,50.04022216796875
2019-09-05,51.150177001953125
2019-09-06,53.83255386352539
2019-09-09,55.86746597290039
2019-09-11,56.607425689697266
2019-09-12,59.10481262207031
2019-09-13,59.47480392456055
2019-09-16,59.56729507446289
2019-09-17,59.15105438232422
2019-09-18,59.243560791015625
2019-09-19,59.89102554321289
2019-09-20,62.01842498779297
2019-09-23,62.15716552734375
2019-09-24,61.417205810546875
2019-09-25,59.0123176574707
2019-09-26,58.87357711791992
2019-09-27,57.43989181518555
2019-09-30,57.80986785888672
2019-10-01,54.89624786376953
2019-10-03,54.89624786376953
2019-10-04,53.647560119628906
2019-10-07,53.83255386352539
2019-10-09,56.83866500854492
2019-10-10,56.9774055480957
2019-10-11,56.51492691040039
2019-10-14,55.31248474121094
2019-10-15,55.26624298095703
2019-10-16,53.74005889892578
2019-10-17,55.35873031616211
2019-10-18,55.451229095458984
2019-10-22,54.757511138916016
2019-10-23,56.51492691040039
2019-10-24,54.711265563964844
2019-10-25,53.2775764465332
2019-10-27,53.78630447387695
2019-10-29,54.06378936767578
2019-10-30,54.202537536621094
2019-10-31,54.85000228881836
2019-11-01,55.034996032714844
2019-11-04,55.219993591308594
2019-11-05,54.2950325012207
2019-11-06,54.48002243041992
2019-11-07,54.341278076171875
2019-11-08,55.08123779296875
2019-11-11,53.18508529663086
2019-11-13,51.24266815185547
2019-11-14,50.548954010009766
2019-11-15,50.41020584106445
2019-11-18,51.75139617919922
2019-11-19,51.56640625
2019-11-20,51.24266815185547
2019-11-21,50.73394012451172
2019-11-22,51.01143264770508
2019-11-25,51.75139617919922
2019-11-26,52.39887237548828
2019-11-27,52.5376091003418
2019-11-28,52.21387481689453
2019-11-29,53.04633331298828
2019-12-02,52.12137985229492
2019-12-03,51.28892135620117
2019-12-04,51.65890121459961
2019-12-05,51.61265563964844
2019-12-06,49.48524856567383
2019-12-09,48.51404571533203
2019-12-10,47.54283905029297
2019-12-11,48.8377799987793
2019-12-12,49.34650421142578
2019-12-13,49.947731018066406
2019-12-16,50.87268829345703
2019-12-17,51.84389114379883
2019-12-18,51.33516311645508
2019-12-19,51.52015686035156
2019-12-20,51.28892135620117
2019-12-23,51.56640625
2019-12-24,51.890140533447266
2019-12-26,51.01143264770508
2019-12-27,51.890140533447266
2019-12-30,52.21387481689453
2019-12-31,52.2601203918457
2020-01-01,53.2775764465332
2020-01-02,53.647560119628906
2020-01-03,53.416324615478516
2020-01-06,52.491363525390625
2020-01-07,52.35261917114258
2020-01-08,52.02888107299805
2020-01-09,53.46256637573242
2020-01-10,54.52627182006836
2020-01-13,54.9425048828125
2020-01-14,55.682464599609375
2020-01-15,56.3299446105957
2020-01-16,56.42243576049805
2020-01-17,56.93115997314453
2020-01-20,55.728721618652344
2020-01-21,55.08123779296875
2020-01-22,54.711265563964844
2020-01-23,55.6362190246582
2020-01-24,56.607425689697266
2020-01-27,56.14494705200195
2020-01-28,56.19119644165039
2020-01-29,56.3299446105957
2020-01-30,55.774959564208984
2020-01-31,53.74005889892578
2020-02-03,50.780189514160156
2020-02-04,52.16762924194336
2020-02-05,52.9075927734375
2020-02-06,53.37007141113281
2020-02-07,53.647560119628906
2020-02-10,52.676361083984375
2020-02-11,53.323822021484375
2020-02-12,51.79764175415039
2020-02-13,51.150177001953125
2020-02-14,49.76273727416992
2020-02-17,47.86656951904297
2020-02-18,47.68157958984375
2020-02-19,47.496585845947266
2020-02-20,47.72782516479492
2020-02-24,47.95906448364258
2020-02-25,47.82032775878906
2020-02-26,45.646671295166016
2020-02-27,45.600425720214844
2020-02-28,43.19553756713867
2020-03-02,40.51315689086914
2020-03-03,41.068138122558594
2020-03-04,41.39186477661133
2020-03-05,40.92939376831055
2020-03-06,39.819435119628906
2020-03-09,36.7670783996582
2020-03-11,35.055904388427734
2020-03-12,37.32204818725586
2020-03-13,38.98698043823242
2020-03-16,37.414554595947266
2020-03-17,36.02711486816406
2020-03-18,32.46601867675781
2020-03-19,31.633563995361328
2020-03-20,33.94596481323242
2020-03-23,30.431119918823242
2020-03-24,31.81855583190918
2020-03-25,32.373531341552734
2020-03-26,32.55852508544922
2020-03-27,31.40232276916504
2020-03-30,29.876140594482422
2020-03-31,30.38486671447754
2020-04-01,29.182422637939453
2020-04-03,27.887479782104492
2020-04-07,31.124834060668945
2020-04-08,32.97475051879883
2020-04-09,33.76095962524414
2020-04-13,33.205989837646484
2020-04-15,32.41978073120117
2020-04-16,32.096046447753906
2020-04-17,31.81855583190918
2020-04-20,31.032339096069336
2020-04-21,30.01488494873047
2020-04-22,29.968639373779297
2020-04-23,30.24612808227539
2020-04-24,28.719945907592773
2020-04-27,28.719945907592773
2020-04-28,28.396211624145508
2020-04-29,28.766189575195312
2020-04-30,29.3211669921875
2020-05-04,27.841232299804688
2020-05-05,28.211217880249023
2020-05-06,26.823780059814453
2020-05-07,26.823780059814453
2020-05-08,26.36130142211914
2020-05-11,25.25135040283203
2020-05-12,26.2688045501709
2020-05-13,28.026226043701172
2020-05-14,28.58119773864746
2020-05-15,29.043678283691406
2020-05-18,28.951181411743164
2020-05-19,30.01488494873047
2020-05-20,30.75484848022461
2020-05-21,30.38486671447754
2020-05-22,31.217330932617188
2020-05-26,33.06724548339844
2020-05-27,33.06724548339844
2020-05-28,34.130950927734375
2020-05-29,33.807212829589844
2020-06-01,36.48958969116211
2020-06-02,39.35695266723633
2020-06-03,38.570743560791016
2020-06-04,39.31071090698242
2020-06-05,40.605655670166016
2020-06-08,39.44945526123047
2020-06-09,39.541954040527344
2020-06-10,39.588199615478516
2020-06-11,38.10826873779297
2020-06-12,38.570743560791016
2020-06-15,39.21821594238281
2020-06-16,37.969520568847656
2020-06-17,38.154518127441406
2020-06-18,39.72694778442383
2020-06-19,39.95818328857422
2020-06-22,40.374412536621094
2020-06-23,41.114383697509766
2020-06-24,40.00443649291992
2020-06-25,40.698143005371094
2020-06-26,42.87179946899414
2020-06-29,41.48435974121094
2020-06-30,41.48435974121094
2020-07-01,42.64056396484375
2020-07-02,46.06290817260742
2020-07-03,46.155399322509766
2020-07-06,46.57162857055664
2020-07-07,47.03411102294922
2020-07-08,48.282806396484375
2020-07-09,48.5602912902832
2020-07-10,46.525386810302734
2020-07-13,45.924163818359375
2020-07-14,45.971900939941406
2020-07-15,45.01713943481445
2020-07-16,44.587493896484375
2020-07-17,47.06987762451172
2020-07-20,46.8311882019043
2020-07-21,46.64023208618164
2020-07-22,47.785953521728516
2020-07-23,47.738216400146484
2020-07-24,46.6879768371582
2020-07-27,47.260833740234375
2020-07-28,46.926666259765625
2020-07-29,47.499515533447266
2020-07-30,45.82868194580078
2020-07-31,46.49702072143555
2020-08-03,46.54475784301758
2020-08-04,47.451786041259766
2020-08-05,46.73571014404297
2020-08-06,47.16535568237305
2020-08-07,47.451786041259766
2020-08-10,49.122623443603516
2020-08-11,49.55226516723633
2020-08-12,50.55476760864258
2020-08-13,53.56227493286133
2020-08-14,52.464298248291016
2020-08-17,53.5145378112793
2020-08-18,53.132633209228516
2020-08-19,54.1351318359375
2020-08-20,58.62253189086914
2020-08-21,59.147647857666016
2020-08-24,58.14514923095703
2020-08-25,57.285858154296875
2020-08-26,59.815982818603516
2020-08-27,58.813480377197266
2020-08-28,58.43157196044922
2020-08-31,56.092403411865234
2020-09-01,56.808475494384766
2020-09-02,58.19287872314453
2020-09-03,57.954193115234375
2020-09-04,56.23561477661133
2020-09-07,54.803466796875
2020-09-08,52.70298767089844
2020-09-09,53.132633209228516
2020-09-10,52.941680908203125
2020-09-11,54.1351318359375
2020-09-14,54.51704025268555
2020-09-15,55.13764190673828
2020-09-16,54.230613708496094
2020-09-17,54.18287658691406
2020-09-18,53.657752990722656
2020-09-21,50.60250473022461
2020-09-22,49.122623443603516
2020-09-23,51.03215408325195
2020-09-24,48.16786193847656
2020-09-25,50.6979866027832
2020-09-28,51.70048904418945
2020-09-29,51.5095329284668
2020-09-30,50.88893127441406
2020-10-01,51.986915588378906
2020-10-05,51.41405487060547
2020-10-06,52.130123138427734
2020-10-07,53.61001205444336
2020-10-08,52.51203536987305
2020-10-09,51.986915588378906
2020-10-12,50.45928955078125
2020-10-13,51.605003356933594
2020-10-14,50.55476760864258
2020-10-15,50.50703430175781
2020-10-16,51.70048904418945
2020-10-19,52.70298767089844
2020-10-20,52.27334213256836
2020-10-21,51.5095329284668
2020-10-22,52.607513427734375
2020-10-23,52.75072479248047
2020-10-26,51.461795806884766
2020-10-27,51.318580627441406
2020-10-28,50.6979866027832
2020-10-29,49.74321365356445
2020-10-30,49.79096221923828
2020-11-02,50.268341064453125
2020-11-03,51.17536544799805
2020-11-04,50.88893127441406
2020-11-05,52.84619903564453
2020-11-06,52.22560501098633
2020-11-09,52.464298248291016
2020-11-10,54.1351318359375
2020-11-11,54.66025161743164
2020-11-12,53.08489227294922
2020-11-13,52.75072479248047
2020-11-14,53.41905975341797
2020-11-17,55.04216003417969
2020-11-18,57.85871505737305
2020-11-19,56.47430419921875
2020-11-20,55.471805572509766
2020-11-23,56.1878776550293
2020-11-24,57.238121032714844
2020-11-25,58.7180061340332
2020-11-26,59.52954864501953
2020-11-27,61.96419906616211
2020-12-01,65.73551940917969
2020-12-02,64.87623596191406
2020-12-03,66.11742401123047
2020-12-04,68.40885925292969
2020-12-07,68.40885925292969
2020-12-08,68.74302673339844
2020-12-09,69.84101104736328
2020-12-10,69.36361694335938
2020-12-11,69.5068359375
2020-12-14,70.12743377685547
2020-12-15,71.75054168701172
2020-12-16,72.7052993774414
2020-12-17,71.79827117919922
2020-12-18,72.60982513427734
2020-12-21,65.92647552490234
2020-12-22,68.40885925292969
2020-12-23,70.79576873779297
2020-12-24,71.12992858886719
2020-12-28,73.70780181884766
2020-12-29,73.08721160888672
2020-12-30,72.37113189697266
2020-12-31,72.22791290283203
2021-01-01,73.85102081298828
2021-01-04,75.6650619506836
2021-01-05,77.4791259765625
2021-01-06,78.7203140258789
2021-01-07,78.1474609375
2021-01-08,79.29318237304688
2021-01-11,79.5318603515625
2021-01-12,82.15746307373047
2021-01-13,81.96651458740234
2021-01-14,82.06198120117188
2021-01-15,81.68009185791016
2021-01-18,78.38613891601562
2021-01-19,81.536865234375
2021-01-20,80.9640121459961
2021-01-21,79.24543762207031
2021-01-22,75.80828094482422
2021-01-25,75.6650619506836
2021-01-27,72.51434326171875
2021-01-28,73.61231231689453
2021-01-29,71.98922729492188
2021-02-01,76.2856674194336
2021-02-02,79.81829071044922
2021-02-03,80.39114379882812
2021-02-04,85.546875
2021-02-05,83.49412536621094
2021-02-08,85.92878723144531
2021-02-09,83.20771789550781
2021-02-10,84.11473083496094
2021-02-11,83.82830810546875
2021-02-12,83.35092163085938
2021-02-15,82.7780532836914
2021-02-16,86.16747283935547
2021-02-17,86.97901916503906
2021-02-18,88.88855743408203
2021-02-19,86.97901916503906
2021-02-22,86.02426147460938
2021-02-23,87.88603973388672
2021-02-24,89.79557800292969
2021-02-25,91.65736389160156
2021-02-26,90.84581756591797
2021-03-01,93.47142028808594
2021-03-02,95.81059265136719
2021-03-03,100.48893737792969
2021-03-04,104.35574340820312
2021-03-05,102.49393463134766
2021-03-08,104.11705017089844
2021-03-09,102.1597671508789
2021-03-10,102.49393463134766
2021-03-12,108.1270523071289
2021-03-15,106.50395202636719
2021-03-16,104.73763275146484
2021-03-17,98.62715148925781
2021-03-18,96.00155639648438
2021-03-19,99.4386978149414
2021-03-22,100.01155853271484
2021-03-23,99.82061767578125
2021-03-24,96.66989135742188
2021-03-25,94.1875
2021-03-26,98.7703628540039
2021-03-30,98.91357421875
2021-03-31,98.57941436767578
2021-04-01,100.2979965209961
2021-04-05,98.67488098144531
2021-04-06,99.96382141113281
2021-04-07,99.7251205444336
2021-04-08,100.20250701904297
2021-04-09,99.39095306396484
2021-04-12,88.02926635742188
2021-04-13,91.51415252685547
2021-04-15,89.89105987548828
2021-04-16,92.75535583496094
2021-04-19,89.55689239501953
2021-04-20,89.36593627929688
2021-04-22,89.98652648925781
2021-04-23,91.32320404052734
2021-04-26,91.94380187988281
2021-04-27,93.56690216064453
2021-04-28,93.5191650390625
2021-04-29,93.23271942138672
2021-04-30,94.3784408569336
2021-05-03,95.33320617675781
2021-05-04,96.47892761230469
2021-05-05,97.38595581054688
2021-05-06,98.24524688720703
2021-05-07,98.05429077148438
2021-05-10,104.97632598876953
2021-05-11,104.40347290039062
2021-05-12,101.77786254882812
2021-05-14,96.9085693359375
2021-05-17,98.7703628540039
2021-05-18,100.58441162109375
2021-05-19,99.5341796875
2021-05-20,98.29296875
2021-05-21,100.15477752685547
2021-05-24,102.44621276855469
2021-05-25,102.58942413330078
2021-05-26,101.30049133300781
2021-05-27,101.53916931152344
2021-05-28,100.58441162109375
2021-05-31,101.63465881347656
2021-06-01,99.91608428955078
2021-06-02,103.21000671386719
2021-06-03,103.73513793945312
2021-06-04,103.25775146484375
2021-06-07,108.22252655029297
2021-06-08,111.75515747070312
2021-06-09,119.0113754272461
2021-06-10,121.82791900634766
2021-06-11,120.01386260986328
2021-06-14,117.81790161132812
2021-06-15,116.62445831298828
2021-06-16,120.2525634765625
2021-06-17,119.81755828857422
2021-06-18,117.40090942382812
2021-06-21,119.1892318725586
2021-06-22,117.40090942382812
2021-06-23,116.7242431640625
2021-06-24,114.88758850097656
2021-06-25,117.06257629394531
2021-06-28,118.46424102783203
2021-06-29,118.70590209960938
2021-06-30,118.02923583984375
2021-07-01,117.30424499511719
2021-07-02,116.91757202148438
2021-07-05,121.70256042480469
2021-07-06,118.89923095703125
2021-07-07,119.72089385986328
2021-07-08,119.28589630126953
2021-07-09,120.30088806152344
2021-07-12,119.67256927490234
2021-07-13,119.91423034667969
2021-07-14,120.39756774902344
2021-07-15,120.30088806152344
2021-07-16,120.01089477539062
2021-07-19,121.60588836669922
2021-07-20,117.73924255371094
2021-07-22,119.57588958740234
2021-07-23,118.80256652832031
2021-07-26,118.5125732421875
2021-07-27,117.11091613769531
2021-07-28,116.33757781982422
2021-07-29,118.6575698852539
2021-07-30,120.83256530761719
2021-08-02,129.00083923339844
2021-08-03,128.17918395996094
2021-08-04,127.26084899902344
2021-08-05,130.06417846679688
2021-08-06,130.64414978027344
2021-08-09,127.64752197265625
2021-08-10,125.71418762207031
2021-08-11,125.2791976928711
2021-08-12,129.1941680908203
2021-08-13,128.130859375
2021-08-16,127.69585418701172
2021-08-17,126.72919464111328
2021-08-18,126.1008529663086
2021-08-20,121.9925537109375
2021-08-23,120.78422546386719
2021-08-24,121.70256042480469
2021-08-25,121.84754943847656
2021-08-26,121.46088409423828
2021-08-27,123.00753784179688
2021-08-30,124.84420013427734
2021-08-31,124.7475357055664
2021-09-01,128.95249938964844
2021-09-02,129.14584350585938
2021-09-03,129.38751220703125
2021-09-06,127.79251861572266
2021-09-07,125.71418762207031
2021-09-08,128.8074951171875
2021-09-09,128.3241729736328
2021-09-13,126.68086242675781
2021-09-14,128.56582641601562
2021-09-15,135.38079833984375
2021-09-16,135.5741424560547
2021-09-17,133.30247497558594
2021-09-20,129.82247924804688
2021-09-21,131.32083129882812
2021-09-22,133.254150390625
2021-09-23,138.8607635498047
2021-09-24,134.46246337890625
2021-09-27,134.1241455078125
2021-09-28,135.38079833984375
2021-09-29,146.5457305908203
2021-09-30,153.4573516845703
2021-10-01,158.29066467285156
2021-10-04,162.97894287109375
2021-10-05,173.4188690185547
2021-10-06,170.08389282226562
2021-10-07,171.8238983154297
2021-10-08,170.9539031982422
2021-10-11,185.11546325683594
2021-10-12,189.27210998535156
2021-10-13,216.7252655029297
2021-10-14,215.17861938476562
2021-10-18,248.7217254638672
2021-10-19,222.09024047851562
2021-10-20,222.6702423095703
2021-10-21,218.61026000976562
2021-10-22,214.59861755371094
2021-10-25,206.47866821289062
2021-10-26,217.78858947753906
2021-10-27,216.7736053466797
2021-10-28,210.73194885253906
2021-10-29,207.15533447265625
2021-11-01,215.51693725585938
2021-11-02,220.8819122314453
2021-11-03,221.17189025878906
2021-11-04,223.63690185546875
2021-11-08,226.73020935058594
2021-11-09,233.83514404296875
2021-11-10,229.0985107421875
2021-11-11,231.7568359375
2021-11-12,231.853515625
2021-11-15,233.59349060058594
2021-11-16,236.34848022460938
2021-11-17,241.56845092773438
2021-11-18,229.19517517089844
2021-11-22,220.06024169921875
2021-11-23,229.05018615722656
2021-11-24,230.59686279296875
2021-11-25,234.7051544189453
2021-11-26,219.770263671875
2021-11-29,211.3603057861328
2021-11-30,209.5719757080078
2021-12-01,217.69190979003906
2021-12-02,218.85191345214844
2021-12-03,218.07859802246094
2021-12-06,213.48696899414062
2021-12-07,218.90023803710938
2021-12-08,221.7518768310547
2021-12-09,220.10858154296875
2021-12-10,220.39857482910156
2021-12-13,222.57354736328125
2021-12-14,221.41357421875
2021-12-15,220.25357055664062
2021-12-16,214.50193786621094
2021-12-17,208.60531616210938
2021-12-20,202.12867736816406
2021-12-21,204.83534240722656
2021-12-22,210.73194885253906
2021-12-23,210.78030395507812
2021-12-24,209.5719757080078
2021-12-27,210.10366821289062
2021-12-28,214.2119598388672
2021-12-29,212.13363647460938
2021-12-30,211.0703125
2021-12-31,213.58360290527344
2022-01-03,215.95191955566406
2022-01-04,218.75523376464844
2022-01-05,216.04859924316406
2022-01-06,220.8335723876953
2022-01-07,222.13856506347656
2022-01-10,224.02354431152344
2022-01-11,225.3285369873047
2022-01-12,229.82351684570312
2022-01-13,237.12181091308594
2022-01-14,236.25181579589844
2022-01-17,239.5867919921875
2022-01-18,231.12850952148438
2022-01-19,240.21511840820312
2022-01-20,240.36012268066406
2022-01-21,233.8834991455078
2022-01-24,221.89691162109375
2022-01-25,230.8385009765625
2022-01-27,233.0135040283203
2022-01-28,235.91348266601562
2022-01-31,237.8468017578125
2022-02-01,241.52012634277344
2022-02-02,242.2451171875
2022-02-03,244.42010498046875
2022-02-04,245.87008666992188
2022-02-07,243.40512084960938
2022-02-08,227.0202178955078
2022-02-09,230.065185546875
2022-02-10,233.25515747070312
2022-02-11,224.55520629882812
2022-02-14,213.14862060546875
2022-02-15,222.7185516357422
2022-02-16,223.63690185546875
2022-02-17,220.15692138671875
2022-02-18,218.2235870361328
2022-02-21,217.4986114501953
2022-02-22,215.22694396972656
2022-02-23,213.82528686523438
2022-02-24,197.48870849609375
2022-02-25,212.66529846191406
2022-02-28,215.61361694335938
2022-03-02,217.88525390625
2022-03-03,219.04525756835938
2022-03-04,214.06695556640625
2022-03-07,208.99195861816406
2022-03-08,219.38357543945312
2022-03-09,221.60690307617188
2022-03-10,224.5068817138672
2022-03-11,225.37686157226562
2022-03-14,223.83023071289062
2022-03-15,219.81857299804688
2022-03-16,222.76687622070312
2022-03-17,224.02354431152344
2022-03-21,220.35025024414062
2022-03-22,223.68521118164062
2022-03-23,226.48854064941406
2022-03-24,231.51515197753906
2022-03-25,233.30349731445312
2022-03-28,231.61184692382812
2022-03-29,231.12850952148438
2022-03-30,233.64181518554688
2022-03-31,230.69351196289062
2022-04-01,237.26678466796875
2022-04-04,243.5500946044922
2022-04-05,264.4783020019531
2022-04-06,280.1381530761719
2022-04-07,268.5382385253906
2022-04-08,268.8282470703125
2022-04-11,273.4682312011719
2022-04-12,265.97662353515625
2022-04-13,263.9949645996094
2022-04-18,249.3017120361328
2022-04-19,238.2334747314453
2022-04-20,241.32676696777344
2022-04-21,250.22006225585938
2022-04-22,244.66175842285156
2022-04-25,239.10345458984375
2022-04-26,240.553466796875
2022-04-27,239.10345458984375
2022-04-28,239.9734649658203
2022-04-29,234.27015686035156
2022-05-02,240.21511840820312
2022-05-04,236.78346252441406
2022-05-05,239.24847412109375
2022-05-06,237.025146484375
2022-05-09,222.33187866210938
2022-05-10,214.7436065673828
2022-05-11,218.9485626220703
2022-05-12,211.74697875976562
2022-05-13,215.37193298339844
2022-05-16,219.04525756835938
2022-05-17,233.1101531982422
2022-05-18,229.77517700195312
2022-05-19,220.8335723876953
2022-05-20,225.4735565185547
2022-05-23,222.13856506347656
2022-05-24,219.43190002441406
2022-05-25,213.5352783203125
2022-05-26,214.06695556640625
2022-05-27,217.16024780273438
2022-05-30,225.4735565185547
2022-05-31,227.31019592285156
2022-06-01,224.99021911621094
2022-06-02,226.391845703125
2022-06-03,223.34689331054688
2022-06-06,224.5068817138672
2022-06-07,226.92352294921875
2022-06-08,225.23187255859375
2022-06-09,225.28021240234375
2022-06-10,222.57354736328125
2022-06-13,212.1819610595703
2022-06-14,213.05194091796875
2022-06-15,213.34426879882812
2022-06-16,204.42855834960938
2022-06-17,204.91574096679688
2022-06-20,189.91001892089844
2022-06-21,199.31295776367188
2022-06-22,196.1461639404297
2022-06-23,197.75392150878906
2022-06-24,202.5771942138672
2022-06-27,202.82078552246094
2022-06-28,203.3079833984375
2022-06-29,201.9925537109375
2022-06-30,197.02313232421875
2022-07-01,201.7002410888672
2022-07-04,206.03628540039062
2022-07-05,207.35174560546875
2022-07-06,208.52101135253906
2022-07-07,209.05694580078125
2022-07-08,214.41612243652344
2022-07-11,215.0981903076172
2022-07-12,215.82899475097656
2022-07-13,215.0981903076172
2022-07-14,215.68284606933594
2022-07-15,219.23939514160156
2022-07-18,221.96771240234375
2022-07-19,222.16258239746094
2022-07-20,221.7728271484375
2022-07-21,224.2088165283203
2022-07-22,224.9396209716797
2022-07-25,226.54737854003906
2022-07-26,220.3599395751953
2022-07-27,212.41859436035156
2022-07-28,212.56475830078125
2022-07-29,216.21875
2022-08-01,224.45240783691406
2022-08-02,226.69351196289062
2022-08-03,226.54737854003906
2022-08-04,221.821533203125
2022-08-05,226.15760803222656
2022-08-08,222.4061737060547
2022-08-10,222.64976501464844
2022-08-11,223.52671813964844
2022-08-12,226.44992065429688
2022-08-16,229.95774841308594
2022-08-17,231.2244873046875
2022-08-18,231.85781860351562
2022-08-19,226.69351196289062
2022-08-22,218.4111328125
2022-08-23,225.5242462158203
2022-08-24,223.72161865234375
2022-08-25,223.42929077148438
2022-08-26,229.08079528808594
2022-08-29,226.69351196289062
2022-08-30,230.8834228515625
2022-09-01,231.1270294189453
2022-09-02,229.17822265625
2022-09-05,230.39620971679688
2022-09-06,241.0171661376953
2022-09-07,240.6273956298828
2022-09-08,238.62986755371094
2022-09-09,236.1451873779297
2022-09-12,236.5836639404297
2022-09-13,234.87847900390625
2022-09-14,235.3169403076172
2022-09-15,239.11708068847656
2022-09-16,230.25009155273438
2022-09-19,226.40121459960938
2022-09-20,229.22694396972656
2022-09-21,225.2806396484375
2022-09-22,225.71910095214844
2022-09-23,218.75218200683594
2022-09-26,209.78773498535156
2022-09-27,211.93138122558594
2022-09-28,208.42355346679688
2022-09-29,206.81581115722656
2022-09-30,210.95700073242188
2022-10-03,207.69277954101562
2022-10-04,213.4417266845703
2022-10-06,216.02386474609375
2022-10-07,216.8033905029297
2022-10-10,214.7084197998047
2022-10-11,211.59036254882812
2022-10-12,212.36988830566406
2022-10-13,210.615966796875
2022-10-14,210.3723602294922
2022-10-17,212.36988830566406
2022-10-18,215.00074768066406
2022-10-19,212.808349609375
2022-10-20,215.14691162109375
2022-10-21,213.00323486328125
2022-10-24,213.3929901123047
2022-10-25,215.00074768066406
2022-10-27,220.067626953125
2022-10-28,219.28810119628906
2022-10-31,220.21377563476562
2022-11-01,224.69601440429688
2022-11-02,223.18569946289062
2022-11-03,221.5779266357422
2022-11-04,222.45489501953125
2022-11-07,223.28314208984375
2022-11-09,225.42681884765625
2022-11-10,223.3318634033203
2022-11-11,223.86776733398438
2022-11-14,221.87025451660156
2022-11-15,223.62417602539062
2022-11-16,218.84962463378906
2022-11-17,215.73155212402344
2022-11-18,214.8058624267578
2022-11-21,215.73155212402344
2022-11-22,214.85458374023438
2022-11-23,215.14691162109375
2022-11-24,215.0981903076172
2022-11-25,218.36241149902344
2022-11-28,218.84962463378906
2022-11-29,217.72906494140625
2022-11-30,219.0445098876953
2022-12-01,219.09323120117188
2022-12-02,219.48297119140625
2022-12-05,218.45986938476562
2022-12-06,222.94207763671875
2022-12-07,220.067626953125
2022-12-08,219.28810119628906
2022-12-09,213.78274536132812
2022-12-12,212.12628173828125
2022-12-13,213.24685668945312
2022-12-14,216.99827575683594
2022-12-15,216.12130737304688
2022-12-16,211.78526306152344
2022-12-19,211.24932861328125
2022-12-20,212.2724609375
2022-12-21,208.3261260986328
2022-12-22,203.5515899658203
2022-12-23,191.85882568359375
2022-12-26,197.9488067626953
2022-12-27,202.38230895996094
2022-12-28,202.91824340820312
2022-12-29,200.57968139648438
2022-12-30,202.38230895996094
2023-01-02,206.4260711669922
2023-01-03,205.93887329101562
2023-01-04,202.77207946777344
2023-01-05,202.2848663330078
2023-01-06,200.1411895751953
2023-01-09,200.9207000732422
2023-01-10,200.77456665039062
2023-01-11,200.57968139648438
2023-01-12,200.43350219726562
2023-01-13,201.16432189941406
2023-01-16,201.65151977539062
2023-01-17,202.38230895996094
2023-01-18,202.1874237060547
2023-01-19,200.04376220703125
2023-01-20,201.89511108398438
2023-01-23,201.7002410888672
2023-01-24,200.57968139648438
2023-01-25,196.29232788085938
2023-01-27,197.16928100585938
2023-01-30,199.11807250976562
2023-01-31,207.4491729736328
2023-02-01,200.57968139648438
2023-02-02,201.01815795898438
2023-02-03,200.04376220703125
2023-02-06,203.21054077148438
2023-02-07,201.01815795898438
2023-02-08,201.8463897705078
2023-02-09,200.23863220214844
2023-02-10,199.5565643310547
2023-02-13,198.38729858398438
2023-02-14,197.90008544921875
2023-02-15,199.9950408935547
2023-02-16,199.8975830078125
2023-02-17,199.45912170410156
2023-02-20,198.5821533203125
2023-02-21,202.62591552734375
2023-02-22,197.1205596923828
2023-02-23,196.1461639404297
2023-02-24,197.1205596923828
2023-02-27,194.6358642578125
2023-02-28,197.36415100097656
2023-03-01,199.31295776367188
2023-03-02,200.33609008789062
2023-03-03,202.4310302734375
2023-03-06,204.91574096679688
2023-03-08,205.8414306640625
2023-03-09,204.37982177734375
2023-03-10,203.40542602539062
2023-03-13,197.65647888183594
2023-03-14,198.19239807128906
2023-03-15,197.75392150878906
2023-03-16,198.19239807128906
2023-03-17,199.8975830078125
2023-03-20,197.4128875732422
2023-03-21,197.1205596923828
2023-03-22,195.80511474609375
2023-03-23,194.97689819335938
2023-03-24,187.81507873535156
2023-03-27,181.87123107910156
2023-03-28,179.24037170410156
2023-03-29,180.7506866455078
2023-03-31,185.3790740966797
2023-04-03,188.98434448242188
2023-04-05,189.61770629882812
2023-04-06,190.25106811523438
2023-04-10,190.6895294189453
2023-04-11,192.4921875
2023-04-12,192.0537109375
2023-04-13,191.274169921875
2023-04-17,191.9075469970703
2023-04-18,192.19984436035156
2023-04-19,188.4971466064453
2023-04-20,191.37161254882812
2023-04-21,190.6895294189453
2023-04-24,190.83570861816406
2023-04-25,192.58961486816406
2023-04-26,193.1255340576172
2023-04-27,193.41786193847656
2023-04-28,195.9512939453125
2023-05-02,196.58465576171875
2023-05-03,198.5821533203125
2023-05-04,198.63087463378906
2023-05-05,195.02560424804688
2023-05-08,197.51031494140625
2023-05-09,198.09495544433594
2023-05-10,198.92320251464844
2023-05-11,201.01815795898438
2023-05-12,201.7489471435547
2023-05-15,202.82078552246094
2023-05-16,205.93887329101562
2023-05-17,202.4310302734375
2023-05-18,199.3616943359375
2023-05-19,200.57968139648438
2023-05-22,200.9207000732422
2023-05-23,201.602783203125
2023-05-24,201.8463897705078
2023-05-25,205.4029541015625
2023-05-26,206.76708984375
2023-05-29,211.44419860839844
2023-05-30,211.3467559814453
2023-05-31,208.08255004882812
2023-06-01,209.78773498535156
2023-06-02,210.12875366210938
2023-06-05,213.4417266845703
2023-06-06,211.2006072998047
2023-06-07,214.83944702148438
2023-06-08,217.00308227539062
2023-06-09,217.54400634765625
2023-06-12,217.29812622070312
2023-06-13,218.1340789794922
2023-06-14,220.4452362060547
2023-06-15,216.95391845703125
2023-06-16,218.57662963867188
2023-06-19,219.46176147460938
2023-06-20,221.23202514648438
2023-06-21,220.5927734375
2023-06-22,217.44566345214844
2023-06-23,214.6919403076172
2023-06-26,214.98696899414062
2023-06-27,215.626220703125
2023-06-28,214.44606018066406
2023-06-30,218.18325805664062
2023-07-03,218.232421875
2023-07-04,217.00308227539062
2023-07-05,218.0357208251953
2023-07-06,225.80517578125
2023-07-07,224.2316131591797
2023-07-10,221.2812042236328
2023-07-11,221.77291870117188
2023-07-12,222.55970764160156
2023-07-13,218.18325805664062
2023-07-14,217.396484375
2023-07-17,219.8059844970703
2023-07-18,217.83905029296875
2023-07-19,215.87210083007812
2023-07-20,214.54440307617188
2023-07-21,213.80679321289062
2023-07-24,213.7576446533203
2023-07-25,215.8229217529297
2023-07-26,217.83905029296875
2023-07-27,217.24896240234375
2023-07-28,230.7716827392578
2023-07-31,232.78781127929688
2023-08-01,240.3605499267578
2023-08-02,231.85353088378906
2023-08-03,231.55845642089844
2023-08-04,231.7551727294922
2023-08-07,228.95228576660156
2023-08-08,230.03408813476562
2023-08-09,231.01756286621094
2023-08-10,233.23036193847656
2023-08-11,232.29608154296875
2023-08-14,227.3295440673828
2023-08-16,231.0667266845703
2023-08-17,228.65724182128906
2023-08-18,226.29690551757812
2023-08-21,235.39402770996094
2023-08-22,239.4754180908203
2023-08-23,241.5407257080078
2023-08-24,245.6221160888672
2023-08-25,241.5407257080078
2023-08-28,240.9014434814453
2023-08-29,242.8192138671875
2023-08-30,243.2617950439453
2023-08-31,241.04898071289062
2023-09-01,251.12957763671875
2023-09-04,254.8667755126953
2023-09-05,254.17832946777344
2023-09-06,253.24403381347656
2023-09-07,259.341552734375
2023-09-08,264.4064025878906
2023-09-11,267.406005859375
2023-09-12,258.35809326171875
2023-09-13,260.62005615234375
2023-09-14,260.7184143066406
2023-09-15,259.58746337890625
2023-09-18,261.16094970703125
2023-09-20,257.6696472167969
2023-09-21,252.40806579589844
2023-09-22,252.8506622314453
2023-09-25,252.65394592285156
2023-09-26,255.55519104003906
2023-09-27,255.4568328857422
2023-09-28,253.78492736816406
2023-09-29,257.96466064453125
2023-10-03,259.58746337890625
2023-10-04,252.40806579589844
2023-10-05,253.5390625
2023-10-06,254.47337341308594
2023-10-09,245.8679962158203
2023-10-10,249.70352172851562
2023-10-11,249.75270080566406
2023-10-12,250.93287658691406
2023-10-13,249.90023803710938
2023-10-16,250.5886688232422
2023-10-17,252.65394592285156
2023-10-18,248.86756896972656
2023-10-19,247.83493041992188
2023-10-20,243.3109588623047
2023-10-23,234.31219482421875
2023-10-25,232.78781127929688
2023-10-26,230.5258331298828
2023-10-27,234.21385192871094
2023-10-30,235.14816284179688
2023-10-31,235.39402770996094
2023-11-01,232.9844970703125
2023-11-02,240.75393676757812
2023-11-03,240.5572509765625
2023-11-06,245.42543029785156
2023-11-07,245.67129516601562
2023-11-08,250.7361602783203
2023-11-09,243.9010467529297
2023-11-10,247.24484252929688
2023-11-13,252.8014678955078
2023-11-15,254.9159393310547
2023-11-16,258.1122131347656
2023-11-17,258.3089294433594
2023-11-20,256.5386657714844
2023-11-21,258.3089294433594
2023-11-22,257.76800537109375
2023-11-23,256.4403076171875
2023-11-24,253.88328552246094
2023-11-28,266.3241882324219
2023-11-29,268.8812255859375
2023-11-30,263.4721374511719
2023-12-01,271.4382629394531
2023-12-04,276.8965148925781
2023-12-05,276.84735107421875
2023-12-06,289.28826904296875
2023-12-07,320.4151611328125
2023-12-08,318.20233154296875
2023-12-11,328.1354064941406
2023-12-12,325.3324890136719
2023-12-13,332.56103515625
2023-12-14,329.85650634765625
2023-12-15,327.69287109375
2023-12-18,331.47918701171875
2023-12-19,330.3482360839844
2023-12-20,314.8585205078125
2023-12-21,323.11968994140625
2023-12-22,321.2510986328125
2023-12-26,320.0217590332031
2023-12-27,319.4808654785156
2023-12-28,324.34906005859375
2023-12-29,326.66021728515625
2024-01-01,324.84075927734375
2024-01-02,324.3982238769531
2024-01-03,321.30029296875
2024-01-04,332.2660217285156
2024-01-05,335.1180725097656
2024-01-08,333.34783935546875
2024-01-09,334.5771789550781
2024-01-10,340.7238464355469
2024-01-11,351.39453125
2024-01-12,351.83709716796875
2024-01-15,352.96807861328125
2024-01-16,347.608154296875
2024-01-17,343.0350036621094
2024-01-18,339.8387145996094
2024-01-19,342.8874816894531
2024-01-23,340.4779968261719
2024-01-24,351.05029296875
2024-01-25,359.06561279296875
2024-01-29,375.5879211425781
2024-01-30,376.9156494140625
2024-01-31,383.3082275390625
2024-02-01,382.423095703125
2024-02-02,383.35736083984375
2024-02-05,387.48797607421875
2024-02-06,386.455322265625
2024-02-07,388.6189270019531
2024-02-08,400.6664733886719
2024-02-09,385.6193542480469
2024-02-12,355.7218322753906
2024-02-13,359.0164489746094
2024-02-14,367.52349853515625
2024-02-15,372.5883483886719
2024-02-16,370.0804748535156
2024-02-19,374.2110900878906
2024-02-20,372.68670654296875
2024-02-21,369.24456787109375
2024-02-22,371.654052734375
2024-02-23,372.1457824707031
2024-02-26,372.1457824707031
2024-02-27,369.3428955078125
2024-02-28,359.7048645019531
2024-02-29,365.605712890625
2024-03-01,371.1623229980469
2024-03-04,385.275146484375
2024-03-05,389.6024169921875
2024-03-06,388.4222412109375
2024-03-07,418.221435546875
2024-03-11,406.3214416503906
2024-03-12,389.55322265625
2024-03-13,365.8023986816406
2024-03-14,378.0957946777344
2024-03-15,374.4569396972656
2024-03-18,386.25860595703125
2024-03-19,376.9156494140625
2024-03-20,373.62103271484375
2024-03-21,385.66851806640625
2024-03-22,384.2425231933594
2024-03-26,383.6524353027344
2024-03-27,381.9804992675781
2024-03-28,387.6846618652344
2024-04-01,400.2239074707031
2024-04-02,402.0433044433594
2024-04-03,405.4363098144531
2024-04-04,407.2557373046875
2024-04-05,407.7474670410156
2024-04-08,409.46856689453125
2024-04-09,422.79461669921875
2024-04-10,424.8106994628906
2024-04-12,429.72808837890625
2024-04-15,424.46649169921875
2024-04-16,423.28631591796875
2024-04-18,422.6470642089844
2024-04-19,421.02435302734375
2024-04-22,420.8768310546875
2024-04-23,422.5487365722656
2024-04-24,421.22100830078125
2024-04-25,424.3190002441406
2024-04-26,429.67889404296875
2024-04-29,440.5954284667969
2024-04-30,441.8247985839844
2024-05-02,450.28265380859375
2024-05-03,447.2338562011719
2024-05-06,438.92352294921875
2024-05-07,429.1871643066406
2024-05-08,427.8594665527344
2024-05-09,406.6656494140625
2024-05-10,407.99334716796875
2024-05-13,404.9445495605469
2024-05-14,423.2371826171875
2024-05-15,424.1714172363281
2024-05-16,426.7776794433594
2024-05-17,429.08880615234375
2024-05-21,434.3995666503906
2024-05-22,440.3004150390625
2024-05-23,441.7264404296875
2024-05-24,439.80865478515625
2024-05-27,438.6776428222656
2024-05-28,429.67889404296875
2024-05-29,425.69586181640625
2024-05-30,418.3197937011719
2024-05-31,429.5313720703125
2024-06-03,449.0041198730469
2024-06-04,392.99542236328125
2024-06-05,415.81195068359375
2024-06-06,424.4173278808594
2024-06-07,436.218994140625
2024-06-10,440.5954284667969
2024-06-11,440.98883056640625
2024-06-12,442.2181396484375
2024-06-13,444.4309997558594
2024-06-14,441.23468017578125
2024-06-18,444.23431396484375
2024-06-19,435.0388488769531
2024-06-20,436.31732177734375
2024-06-21,431.44915771484375
2024-06-24,428.4004211425781
2024-06-25,423.6305236816406
2024-06-26,425.0566101074219
2024-06-27,432.186767578125
2024-06-28,433.3177490234375
2024-07-01,428.2037048339844
2024-07-02,425.5975036621094
2024-07-03,426.6793212890625
2024-07-04,431.026611328125
2024-07-05,434.6823425292969
2024-07-08,428.2601623535156
2024-07-09,433.6943054199219
2024-07-10,432.11346435546875
2024-07-11,435.1269226074219
2024-07-12,428.85296630859375
2024-07-15,434.0895080566406
2024-07-16,431.6688537597656
2024-07-18,424.80206298828125
2024-07-19,409.19122314453125
2024-07-22,418.9726867675781
2024-07-23,411.4637145996094
2024-07-24,414.9217834472656
2024-07-25,418.28106689453125
2024-07-26,439.3754577636719
2024-07-29,436.9548034667969
2024-07-30,438.7826232910156
2024-07-31,448.1689147949219
2024-08-01,458.8395690917969
2024-08-02,454.83807373046875
2024-08-05,429.5939636230469
2024-08-06,431.47125244140625
2024-08-07,425.1478576660156
2024-08-08,412.9457702636719
2024-08-09,412.7481384277344
2024-08-12,413.1433410644531
2024-08-13,403.36187744140625
2024-08-14,400.59539794921875
2024-08-16,408.69720458984375
2024-08-19,413.7855529785156
2024-08-20,417.24365234375
2024-08-21,419.4173278808594
2024-08-22,417.8858947753906
2024-08-23,412.9457702636719
2024-08-26,417.4412536621094
2024-08-27,423.0235900878906
2024-08-28,426.23468017578125
2024-08-29,425.7406921386719
2024-08-30,429.4457702636719
2024-09-02,428.0131530761719
2024-09-03,428.7541809082031
2024-09-04,415.86041259765625
2024-09-05,415.86041259765625
2024-09-06,412.0071105957031
2024-09-09,412.8469543457031
2024-09-10,440.0176696777344
2024-09-11,430.4338073730469
2024-09-12,434.6329040527344
2024-09-13,436.5101623535156
2024-09-16,438.0416259765625
2024-09-17,439.7706604003906
2024-09-18,435.3245544433594
2024-09-19,434.3365173339844
2024-09-20,438.83203125
2024-09-23,449.00872802734375
2024-09-24,463.1374816894531
2024-09-25,462.49530029296875
2024-09-26,470.35009765625
2024-09-27,479.68695068359375
2024-09-30,476.8216857910156
2024-10-01,475.48785400390625
2024-10-03,466.15093994140625
2024-10-04,461.0626525878906
2024-10-07,436.0161437988281
2024-10-08,451.42938232421875
2024-10-09,455.33209228515625
2024-10-10,460.0745849609375
2024-10-11,455.62847900390625
2024-10-14,456.76470947265625
2024-10-15,457.95037841796875
2024-10-16,454.9368591308594
2024-10-17,444.80963134765625
2024-10-18,448.1194763183594
2024-10-21,448.3664855957031
2024-10-22,430.6314392089844
2024-10-23,432.4592590332031
2024-10-24,432.75567626953125
2024-10-25,417.0460510253906
2024-10-28,420.60296630859375
2024-10-29,420.3065185546875
2024-10-30,421.88739013671875
2024-10-31,434.7811279296875
2024-11-01,440.1164855957031
2024-11-04,423.912841796875
2024-11-05,428.9023742675781
2024-11-06,443.92034912109375
2024-11-07,439.57305908203125
2024-11-08,427.56854248046875
2024-11-11,426.33349609375
2024-11-12,409.19122314453125
2024-11-13,394.5684509277344
2024-11-14,399.80499267578125
2024-11-18,399.8544006347656
2024-11-19,403.21368408203125
2024-11-21,403.1642761230469
2024-11-22,408.7960205078125
2024-11-25,407.41278076171875
2024-11-26,405.3872985839844
2024-11-27,412.6493225097656
2024-11-28,409.53704833984375
2024-11-29,409.19122314453125
2024-12-02,411.51312255859375
2024-12-03,423.4187927246094
2024-12-04,420.55352783203125
2024-12-05,425.6912841796875
2024-12-06,434.4353332519531
2024-12-09,435.4727478027344
2024-12-10,429.98919677734375
2024-12-11,429.5939636230469
2024-12-12,428.35894775390625
2024-12-13,423.3200378417969
2024-12-16,420.40533447265625
2024-12-17,415.86041259765625
2024-12-18,410.0310363769531
2024-12-19,407.6597900390625
2024-12-20,396.2974853515625
2024-12-23,395.1118469238281
2024-12-24,394.6178283691406
2024-12-26,399.45916748046875
2024-12-27,394.2226257324219
2024-12-30,385.0833740234375
2024-12-31,387.7016296386719
2025-01-01,387.6522521972656
2025-01-02,390.7645568847656
2025-01-03,391.9007568359375
2025-01-06,374.11627197265625
2025-01-07,374.215087890625
2025-01-08,369.57135009765625
2025-01-09,362.75396728515625
2025-01-10,352.08331298828125
2025-01-13,335.8796691894531
2025-01-14,352.6761169433594
2025-01-15,361.0743408203125
2025-01-16,364.4830322265625
2025-01-17,369.12677001953125
2025-01-20,369.96661376953125
2025-01-21,361.5189514160156
2025-01-22,354.5533752441406
2025-01-23,358.40667724609375
2025-01-24,359.0488586425781
2025-01-27,347.6865539550781
2025-01-28,342.2030334472656
2025-01-29,346.7479553222656
2025-01-30,347.9335632324219
2025-01-31,360.1357116699219
2025-02-01,363.989013671875
2025-02-03,350.6506652832031
2025-02-04,357.71502685546875
2025-02-05,361.81536865234375
2025-02-06,360.97552490234375
2025-02-07,362.70458984375
2025-02-10,353.9111633300781
2025-02-11,344.92010498046875
2025-02-12,343.9320983886719
2025-02-13,343.6850891113281
2025-02-14,333.1131896972656
2025-02-17,333.16259765625
2025-02-18,335.5338439941406
2025-02-19,343.4874572753906
2025-02-20,353.6641540527344
2025-02-21,352.9231262207031
2025-02-24,350.354248046875
2025-02-25,347.2913818359375
2025-02-27,339.1895446777344
2025-02-28,335.1386413574219
2025-03-03,338.74493408203125
2025-03-04,341.8078308105469
2025-03-05,347.19256591796875
2025-03-06,349.8108215332031
2025-03-07,347.2419738769531
2025-03-10,348.2300109863281
2025-03-11,348.2300109863281
2025-03-12,351.9844970703125
2025-03-13,346.55035400390625
2025-03-17,346.55035400390625
2025-03-18,346.55035400390625
2025-03-19,367.00250244140625
2025-03-20,365.9156799316406
2025-03-21,374.95611572265625
2025-03-24,378.7106018066406
2025-03-25,372.5848693847656
2025-03-26,371.498046875
2025-03-27,378.8094177246094
2025-03-28,370.90521240234375
2025-04-01,370.2629699707031
2025-04-02,373.7210693359375
2025-04-03,381.032470703125
2025-04-04,364.5324401855469
2025-04-07,350.6012878417969
2025-04-08,355.3932189941406
2025-04-09,353.9605712890625
2025-04-11,360.0863342285156
2025-04-15,373.96807861328125
2025-04-16,376.6851501464844
2025-04-17,377.1297912597656
2025-04-21,386.1701965332031
2025-04-22,383.9471740722656
2025-04-23,389.72711181640625
2025-04-24,391.1103515625
2025-04-25,382.9591369628906
2025-04-28,390.3693542480469
2025-04-29,388.6402893066406
2025-04-30,379.79742431640625
2025-05-02,376.7345275878906
2025-05-05,384.441162109375
2025-05-06,370.4111633300781
2025-05-07,372.8318786621094
2025-05-08,365.7180480957031
2025-05-09,366.5578918457031
2025-05-12,386.713623046875
2025-05-13,384.6387634277344
2025-05-14,392.19720458984375
2025-05-15,393.1852111816406
2025-05-16,400.9411926269531
2025-05-19,403.21368408203125
2025-05-20,394.1732177734375
2025-05-21,397.03851318359375
2025-05-22,390.86334228515625
2025-05-23,397.236083984375
2025-05-26,397.779541015625
2025-05-27,397.3843078613281
2025-05-28,391.6043701171875
2025-05-29,392.54296875
2025-05-30,388.09686279296875
2025-06-02,392.098388671875
2025-06-03,386.81243896484375
2025-06-04,388.93670654296875
2025-06-05,388.837890625
2025-06-06,394.7660217285156
2025-06-09,401.33642578125
2025-06-10,408.25262451171875
2025-06-11,407.1163635253906
2025-06-12,396.8409118652344
2025-06-13,392.4441833496094
2025-06-16,394.6178283691406
2025-06-17,391.30792236328125
2025-06-18,388.689697265625
2025-06-19,379.94561767578125
2025-06-20,387.6976013183594
2025-06-23,390.5797424316406
2025-06-24,395.9961853027344
2025-06-25,400.5678405761719
2025-06-26,403.1518249511719
2025-06-27,406.3321533203125
2025-06-30,402.9530944824219
2025-07-01,404.0462951660156
2025-07-02,404.14569091796875
2025-07-03,397.437255859375
2025-07-04,398.5304870605469
2025-07-07,398.729248046875
2025-07-08,398.38140869140625
2025-07-09,398.1826171875
2025-07-10,397.437255859375
2025-07-11,394.4060363769531
2025-07-14,400.0709228515625
2025-07-15,401.41259765625
2025-07-16,412.1461181640625
2025-07-17,410.90380859375
2025-07-18,405.3879699707031
2025-07-21,399.375244140625
2025-07-22,396.6918640136719
2025-07-23,400.021240234375
2025-07-24,398.2323303222656
2025-07-25,392.915283203125
2025-07-28,396.7415771484375
2025-07-29,397.3875732421875
2025-07-30,398.8783264160156
2025-07-31,395.3005065917969
2025-08-01,386.90252685546875
2025-08-04,384.7160949707031
2025-08-05,383.17559814453125
2025-08-06,383.17559814453125
2025-08-07,383.17559814453125
2025-08-08,376.4671936035156
2025-08-11,381.9333190917969
2025-08-12,382.0823974609375
2025-08-13,384.8154602050781
2025-08-14,382.9271545410156
2025-08-18,384.9148254394531
2025-08-19,386.7534484863281
2025-08-20,388.1448059082031
2025-08-21,385.66021728515625
2025-08-22,383.2253112792969
2025-08-25,380.8898010253906
2025-08-26,375.42364501953125
2025-08-28,368.8146057128906
2025-08-29,371.8458251953125
2025-09-01,378.2063903808594
2025-09-02,383.67254638671875
2025-09-03,386.7534484863281
2025-09-04,380.2438049316406
2025-09-05,383.424072265625
2025-09-08,380.8898010253906
2025-09-09,382.2811584472656
2025-09-10,384.1197814941406
2025-09-11,385.7099304199219
2025-09-12,383.8713073730469
2025-09-15,385.61053466796875
2025-09-16,393.6109619140625
2025-09-17,392.2195739746094
2025-09-18,390.67913818359375
2025-09-19,393.8594055175781
2025-09-22,392.8655700683594
2025-09-23,393.0643615722656
2025-09-24,387.8963623046875
2025-09-25,383.62286376953125
2025-09-26,381.4364013671875
2025-09-29,385.66021728515625
2025-09-30,386.25653076171875
2025-10-01,388.7411193847656
2025-10-03,392.4680480957031
2025-10-06,393.114013671875
2025-10-07,390.08282470703125
2025-10-08,383.0762634277344
2025-10-09,385.809326171875
2025-10-10,387.6976013183594
2025-10-13,388.7411193847656
2025-10-14,389.138671875
2025-10-15,394.0581970214844
2025-10-16,396.54278564453125
2025-10-17,395.35015869140625
2025-10-20,397.3378601074219
2025-10-21,396.3440246582031
2025-10-23,395.20111083984375
2025-10-24,394.4060363769531
2025-10-27,397.78509521484375
2025-10-28,396.1949462890625
2025-10-29,408.1707458496094
2025-10-30,407.2762756347656
2025-10-31,402.4064636230469
2025-11-03,406.08367919921875
2025-11-04,398.1329345703125
2025-11-06,389.3374328613281
2025-11-07,390.7785339355469
2025-11-10,393.4122009277344
2025-11-11,393.1637268066406
2025-11-12,386.25653076171875
2025-11-13,386.4056091308594
2025-11-14,386.008056640625
2025-11-17,390.331298828125
2025-11-18,383.8713073730469
2025-11-19,386.7037658691406
2025-11-20,385.7099304199219
2025-11-21,384.61669921875
2025-11-24,380.194091796875
2025-11-25,377.6597900390625
2025-11-26,389.0889892578125
2025-11-27,389.6355895996094
2025-11-28,387.6976013183594
2025-12-01,387.3497619628906
2025-12-02,386.0577697753906
2025-12-03,381.2873229980469
2025-12-04,382.0823974609375
2025-12-05,382.132080078125
2025-12-08,371.8458251953125
2025-12-09,373.9328918457031
2025-12-10,377.5107421875
2025-12-11,377.8088684082031
2025-12-12,379.5978088378906
2025-12-15,379.29962158203125
2025-12-16,377.5107421875
2025-12-17,376.2187194824219
2025-12-18,372.64093017578125
2025-12-19,378.2063903808594
2025-12-22,378.4548645019531
2025-12-23,379.84625244140625
2025-12-24,377.3616638183594
2025-12-26,377.2125549316406
2025-12-29,373.8832092285156
2025-12-30,372.04461669921875
2025-12-31,377.26226806640625
2026-01-01,379.4984130859375
2026-01-02,390.67913818359375
2026-01-05,386.455322265625
2026-01-06,384.1197814941406
2026-01-07,378.4051818847656
2026-01-08,371.8955383300781
2026-01-09,362.55340576171875
2026-01-12,368.31768798828125
2026-01-13,366.1809387207031
2026-01-14,365.13739013671875
2026-01-15,365.13739013671875
2026-01-16,363.84539794921875
2026-01-19,360.9632873535156
2026-01-20,350.7763977050781
2026-01-21,347.1985778808594
2026-01-22,351.12420654296875
2026-01-23,343.1238098144531
2026-01-27,345.6083984375
2026-01-28,352.8634338378906
2026-01-29,364.1932678222656
2026-01-30,364.0441589355469
2026-02-02,356.5903625488281
2026-02-03,362.8515625
2026-02-04,369.2618408203125
2026-02-05,362.2552490234375
2026-02-06,363.69635009765625
2026-02-09,366.4294128417969
2026-02-10,367.6717224121094
2026-02-11,373.3365783691406
2026-02-12,378.2063903808594
2026-02-13,371.796142578125
2026-02-16,379.74688720703125
2026-02-17,376.06964111328125
2026-02-18,377.26226806640625
2026-02-19,367.02569580078125
2026-02-20,375.672119140625
2026-02-23,376.9144287109375
2026-02-24,377.4113464355469
2026-02-25,378.902099609375
2026-02-26,378.0573425292969
2026-02-27,375.2248840332031
2026-03-02,366.08154296875
2026-03-04,363.5969543457031
2026-03-05,374.5292053222656
2026-03-06,373.1875305175781
2026-03-09,370.603515625
2026-03-10,378.9517822265625
2026-03-11,383.3743896484375
2026-03-12,399.67340087890625
2026-03-13,392.51776123046875
2026-03-16,388.1448059082031
2026-03-17,398.38140869140625
2026-03-18,397.8844909667969
2026-03-19,396.0458679199219
2026-03-20,399.9218444824219
2026-03-23,384.5670166015625
2026-03-24,382.38055419921875
2026-03-25,388.2939147949219
2026-03-27,383.32470703125
2026-03-30,376.4175109863281
2026-04-01,377.85858154296875
2026-04-02,382.6289978027344
2026-04-06,381.4861145019531
2026-04-07,385.3124084472656
2026-04-08,392.51776123046875
2026-04-09,392.269287109375
2026-04-10,396.8906555175781
2026-04-13,407.0278015136719
2026-04-15,419.2520751953125
2026-04-16,423.97283935546875
2026-04-17,424.9666748046875
2026-04-20,430.9297180175781
2026-04-21,433.3646240234375
2026-04-22,433.3646240234375
2026-04-23,427.6500244140625
2026-04-24,432.32110595703125
2026-04-27,450.4090270996094
2026-04-28,458.9560241699219
2026-04-29,448.719482421875
2026-04-30,441.812255859375
2026-05-01,441.812255859375
2026-05-04,438.6816711425781
2026-05-05,439.9239807128906
2026-05-06,440.5202941894531
2026-05-07,436.544921875
2026-05-08,433.31494140625
2026-05-11,430.5321960449219
2026-05-12,415.82330322265625
2026-05-13,401.959228515625
2026-05-14,405.3382873535156
2026-05-15,404.4935302734375
2026-05-18,401.85986328125
2026-05-19,412.4442443847656
2026-05-20,410.9534912109375
2026-05-21,407.97198486328125
2026-05-22,406.3818054199219
2026-05-25,411.003173828125
2026-05-26,418.3576354980469
2026-05-27,423.177734375
2026-05-28,423.177734375
2026-05-29,418.1588439941406
2026-06-01,416.9165344238281
2026-06-02,412.3448791503906
2026-06-03,409.2142639160156
2026-06-04,408.2701110839844
2026-06-05,406.67999267578125
2026-06-08,401.7107849121094
2026-06-09,396.1949462890625
2026-06-10,392.3189697265625
2026-06-11,387.8466796875
2026-06-12,391.1263427734375
2026-06-15,401.61138916015625
2026-06-16,399.77276611328125
2026-06-17,399.02740478515625
2026-06-18,400.41876220703125
2026-06-19,399.8721618652344
2026-06-22,403.45001220703125
2026-06-23,398.29998779296875
2026-06-24,393.1000061035156
2026-06-25,388.95001220703125
2026-06-26,388.95001220703125
2026-06-29,386.5
2026-06-30,385.5
2026-07-01,375.45001220703125
2026-07-02,376.3999938964844
2026-07-03,375.20001220703125
2026-07-06,377.54998779296875
2026-07-07,377.20001220703125
2026-07-08,372.1000061035156
2026-07-09,375.5
2026-07-10,381.29998779296875
2026-07-13,377.8500061035156
2026-07-14,377.70001220703125
2026-07-15,380.8999938964844
2026-07-16,377.1000061035156
2026-07-17,377.25
2026-07-20,384.29998779296875
2026-07-21,381.45001220703125
2026-07-22,378.54998779296875
2026-07-23,376.1499938964844
2026-07-24,374.3999938964844
2026-07-27,377.3500061035156
2026-07-28,371.3500061035156
2026-07-29,377.25
2026-07-30,375.95001220703125
2026-07-31,380.70001220703125
2026-08-03,382.0
2026-08-04,380.0
2026-08-05,383.0
2026-08-06,378.6000061035156
2026-08-07,380.54998779296875
2026-08-10,382.0
2026-08-11,380.0
2026-08-12,379.45001220703125
2026-08-13,382.79998779296875
2026-08-14,382.04998779296875
2026-08-17,381.5
2026-08-18,381.0
2026-08-19,378.8999938964844
2026-08-20,375.25
2026-08-21,374.29998779296875
2026-08-24,373.5
2026-08-25,370.6000061035156
2026-08-26,364.0
2026-08-27,352.0
2026-08-28,351.8500061035156
2026-08-31,347.0
2026-09-01,350.54998779296875
2026-09-02,364.0
2026-09-03,365.70001220703125
2026-09-04,368.0
2026-09-07,365.70001220703125
2026-09-08,365.54998779296875
2026-09-09,370.0
2026-09-10,367.0
2026-09-11,364.6499938964844
2026-09-14,364.6499938964844
2026-09-15,363.0
2026-09-16,360.3999938964844
2026-09-17,369.0
2026-09-18,374.79998779296875
2026-09-21,366.8500061035156
