Date,TRITURBINE
2011-10-28,33.338478088378906
2011-10-31,35.01866912841797
2011-11-01,35.77033615112305
2011-11-02,34.00172424316406
2011-11-03,34.48808288574219
2011-11-04,35.50503921508789
2011-11-08,36.70634460449219
2011-11-09,35.28257751464844
2011-11-11,35.59403610229492
2011-11-14,35.23808288574219
2011-11-15,32.65752029418945
2011-11-16,32.034629821777344
2011-11-17,29.36507225036621
2011-11-18,29.36507225036621
2011-11-21,31.055789947509766
2011-11-22,29.276092529296875
2011-11-23,29.454055786132812
2011-11-24,29.809993743896484
2011-11-25,29.809993743896484
2011-11-28,31.545209884643555
2011-11-29,30.34390640258789
2011-11-30,31.011287689208984
2011-12-01,31.45622444152832
2011-12-02,31.32274627685547
2011-12-05,30.25492286682129
2011-12-07,29.36507225036621
2011-12-08,31.634191513061523
2011-12-09,31.500715255737305
2011-12-12,30.07695198059082
2011-12-13,29.987966537475586
2011-12-14,29.987966537475586
2011-12-15,30.92230987548828
2011-12-16,31.189268112182617
2011-12-19,32.924468994140625
2011-12-20,29.765506744384766
2011-12-21,29.36507225036621
2011-12-22,29.854496002197266
2011-12-23,30.655363082885742
2011-12-26,29.498550415039062
2011-12-27,30.61086082458496
2011-12-28,30.25492286682129
2011-12-29,30.25492286682129
2011-12-30,31.144777297973633
2012-01-02,30.833332061767578
2012-01-03,30.521881103515625
2012-01-04,30.699851989746094
2012-01-05,30.25492286682129
2012-01-06,30.744342803955078
2012-01-09,32.16810607910156
2012-01-10,34.615196228027344
2012-01-11,35.14910125732422
2012-01-12,35.90547180175781
2012-01-13,36.394893646240234
2012-01-16,35.59403610229492
2012-01-17,35.68299865722656
2012-01-18,33.3693962097168
2012-01-19,33.41389083862305
2012-01-20,33.50288009643555
2012-01-23,33.45838165283203
2012-01-24,34.44245147705078
2012-01-25,34.84503936767578
2012-01-27,33.995147705078125
2012-01-30,34.88975524902344
2012-01-31,34.93449020385742
2012-02-01,34.75557327270508
2012-02-02,34.12934875488281
2012-02-03,33.368927001953125
2012-02-06,35.158145904541016
2012-02-07,35.06868362426758
2012-02-08,38.24454116821289
2012-02-09,38.602386474609375
2012-02-10,37.39467239379883
2012-02-13,35.60544967651367
2012-02-14,36.09748840332031
2012-02-15,35.73964309692383
2012-02-16,37.21574020385742
2012-02-17,39.27334976196289
2012-02-21,42.1360969543457
2012-02-22,41.330955505371094
2012-02-23,39.22861862182617
2012-02-24,37.79723358154297
2012-02-27,40.21269226074219
2012-02-28,40.52580261230469
2012-02-29,40.25741958618164
2012-03-01,40.65998840332031
2012-03-02,38.87078094482422
2012-03-05,37.21574020385742
2012-03-06,37.57358932495117
2012-03-07,36.365867614746094
2012-03-09,36.72370529174805
2012-03-12,36.231666564941406
2012-03-13,36.67897415161133
2012-03-14,36.67897415161133
2012-03-15,35.91856002807617
2012-03-16,35.515995025634766
2012-03-19,34.487186431884766
2012-03-20,35.829105377197266
2012-03-21,39.00496292114258
2012-03-22,38.602386474609375
2012-03-23,37.663047790527344
2012-03-26,38.468204498291016
2012-03-27,38.24454116821289
2012-03-28,38.5129280090332
2012-03-29,39.72066116333008
2012-03-30,42.85179138183594
2012-04-02,42.94124984741211
2012-04-03,41.330955505371094
2012-04-04,44.19369888305664
2012-04-09,44.506813049316406
2012-04-10,45.177772521972656
2012-04-11,43.65694046020508
2012-04-12,43.43328094482422
2012-04-13,43.4780158996582
2012-04-16,43.880584716796875
2012-04-17,43.3885498046875
2012-04-18,42.94124984741211
2012-04-19,42.717594146728516
2012-04-20,42.67285919189453
2012-04-23,41.50986862182617
2012-04-24,38.55765151977539
2012-04-25,39.27334976196289
2012-04-26,40.07849884033203
2012-04-27,39.09442901611328
2012-04-30,38.69184494018555
2012-05-02,38.69184494018555
2012-05-03,38.065616607666016
2012-05-04,36.99209976196289
2012-05-07,39.18388748168945
2012-05-08,40.74944305419922
2012-05-09,42.00191116333008
2012-05-10,40.25741958618164
2012-05-11,39.22861862182617
2012-05-14,38.15509033203125
2012-05-15,37.88671112060547
2012-05-16,39.40753936767578
2012-05-17,41.01784133911133
2012-05-18,39.49699783325195
2012-05-21,41.196746826171875
2012-05-22,38.91550827026367
2012-05-23,38.8260498046875
2012-05-24,38.73657989501953
2012-05-25,37.17101287841797
2012-05-28,37.97616195678711
2012-05-29,38.37873458862305
2012-05-30,38.15509033203125
2012-05-31,39.81011199951172
2012-06-01,37.57358932495117
2012-06-04,37.84197235107422
2012-06-05,37.84197235107422
2012-06-06,38.15509033203125
2012-06-07,38.8260498046875
2012-06-08,38.55765151977539
2012-06-11,38.55765151977539
2012-06-12,38.55765151977539
2012-06-13,38.55765151977539
2012-06-14,37.752506256103516
2012-06-15,37.61832046508789
2012-06-18,37.17101287841797
2012-06-19,37.03682327270508
2012-06-20,36.94737243652344
2012-06-21,36.99209976196289
2012-06-22,37.26048278808594
2012-06-25,38.37873458862305
2012-06-26,38.55765151977539
2012-06-27,37.93142318725586
2012-06-28,38.19981384277344
2012-06-29,39.36280822753906
2012-07-02,38.19981384277344
2012-07-03,40.30214309692383
2012-07-04,40.30214309692383
2012-07-05,41.86771774291992
2012-07-06,42.67285919189453
2012-07-09,41.15202713012695
2012-07-10,43.128761291503906
2012-07-11,43.2635498046875
2012-07-12,43.21860885620117
2012-07-13,42.00560760498047
2012-07-16,42.23024368286133
2012-07-17,40.83754348754883
2012-07-18,38.68110275268555
2012-07-19,39.08544158935547
2012-07-20,39.44485092163086
2012-07-23,39.17528533935547
2012-07-24,41.15202331542969
2012-07-25,40.657840728759766
2012-07-26,39.75932693481445
2012-07-27,39.3549919128418
2012-07-30,38.86080551147461
2012-07-31,41.01725387573242
2012-08-01,40.79261779785156
2012-08-02,42.275169372558594
2012-08-03,41.062171936035156
2012-08-06,42.23024368286133
2012-08-07,43.21860885620117
2012-08-08,42.23024368286133
2012-08-09,41.421573638916016
2012-08-10,41.96068572998047
2012-08-13,41.19694900512695
2012-08-14,40.34336471557617
2012-08-16,39.57962417602539
2012-08-17,41.24187469482422
2012-08-21,41.33172607421875
2012-08-22,40.74769592285156
2012-08-23,41.01725387573242
2012-08-24,39.80425262451172
2012-08-27,38.770957946777344
2012-08-28,39.17528533935547
2012-08-29,38.770957946777344
2012-08-30,38.72602844238281
2012-08-31,38.68110275268555
2012-09-03,37.73766326904297
2012-09-04,39.80425262451172
2012-09-05,38.63617706298828
2012-09-06,38.36663055419922
2012-09-07,39.71439743041992
2012-09-10,40.388282775878906
2012-09-11,39.98396301269531
2012-09-12,39.3549919128418
2012-09-13,38.72602844238281
2012-09-14,38.81588363647461
2012-09-17,41.601280212402344
2012-09-18,39.84917449951172
2012-09-20,42.14039611816406
2012-09-21,41.421573638916016
2012-09-24,41.691139221191406
2012-09-25,42.949058532714844
2012-09-26,41.646209716796875
2012-09-27,41.466514587402344
2012-09-28,41.33172607421875
2012-10-01,42.49979782104492
2012-10-03,44.56637954711914
2012-10-04,44.56637954711914
2012-10-05,44.65624237060547
2012-10-08,44.6113166809082
2012-10-09,44.34176254272461
2012-10-10,43.62294387817383
2012-10-11,45.28520584106445
2012-10-12,44.880863189697266
2012-10-15,44.9257926940918
2012-10-16,43.5780143737793
2012-10-17,43.53308868408203
2012-10-18,43.4881706237793
2012-10-19,43.21860885620117
2012-10-22,42.58964920043945
2012-10-23,43.128761291503906
2012-10-25,44.6113166809082
2012-10-29,44.65624237060547
2012-10-30,47.08223342895508
2012-10-31,49.463294982910156
2012-11-01,49.86762619018555
2012-11-02,49.64300537109375
2012-11-05,49.508216857910156
2012-11-06,52.15884780883789
2012-11-07,52.832733154296875
2012-11-08,52.11084747314453
2012-11-09,50.26103591918945
2012-11-12,48.68191146850586
2012-11-15,49.44890594482422
2012-11-16,48.59168243408203
2012-11-19,47.64421081542969
2012-11-20,47.82468032836914
2012-11-21,48.727027893066406
2012-11-22,49.17820358276367
2012-11-23,48.27585983276367
2012-11-26,48.27585983276367
2012-11-27,50.48661422729492
2012-11-29,48.77214813232422
2012-11-30,46.335784912109375
2012-12-03,47.28326416015625
2012-12-04,49.44890594482422
2012-12-05,48.68191146850586
2012-12-06,48.005149841308594
2012-12-07,47.82468032836914
2012-12-10,48.54656219482422
2012-12-11,48.05026626586914
2012-12-12,47.9149055480957
2012-12-13,47.4637336730957
2012-12-14,46.47113800048828
2012-12-17,46.92232894897461
2012-12-18,47.01255798339844
2012-12-19,47.4637336730957
2012-12-20,48.727027893066406
2012-12-21,48.50143814086914
2012-12-24,49.6293830871582
2012-12-26,51.073143005371094
2012-12-27,48.95261001586914
2012-12-28,50.35126495361328
2012-12-31,53.73508834838867
2013-01-01,51.749908447265625
2013-01-02,54.096031188964844
2013-01-03,54.63743209838867
2013-01-04,55.269081115722656
2013-01-07,55.58489990234375
2013-01-08,55.765377044677734
2013-01-09,53.50949478149414
2013-01-10,54.50208282470703
2013-01-11,53.46438217163086
2013-01-14,55.990970611572266
2013-01-15,55.04350280761719
2013-01-16,52.6973762512207
2013-01-17,54.998374938964844
2013-01-18,54.772789001464844
2013-01-21,53.23878479003906
2013-01-22,53.41926574707031
2013-01-23,51.84014892578125
2013-01-24,50.44148635864258
2013-01-25,51.16337966918945
2013-01-28,51.29874038696289
2013-01-29,51.343849182128906
2013-01-30,50.89268112182617
2013-01-31,52.24619674682617
2013-02-01,51.975494384765625
2013-02-04,52.155975341796875
2013-02-05,50.44148635864258
2013-02-06,49.764739990234375
2013-02-07,49.268436431884766
2013-02-08,49.268436431884766
2013-02-11,49.674495697021484
2013-02-12,49.44890594482422
2013-02-13,49.44890594482422
2013-02-14,48.77214813232422
2013-02-15,47.2381477355957
2013-02-18,47.82468032836914
2013-02-19,50.1707878112793
2013-02-20,49.674495697021484
2013-02-21,49.494022369384766
2013-02-22,49.53915023803711
2013-02-25,47.9149055480957
2013-02-26,47.37350082397461
2013-02-27,49.268436431884766
2013-02-28,46.200443267822266
2013-03-01,47.77956008911133
2013-03-04,47.19302749633789
2013-03-05,48.366085052490234
2013-03-06,49.08796310424805
2013-03-07,49.44890594482422
2013-03-08,50.57685089111328
2013-03-11,48.727027893066406
2013-03-12,49.13309097290039
2013-03-13,47.9149055480957
2013-03-14,47.50886154174805
2013-03-15,47.4637336730957
2013-03-18,47.50886154174805
2013-03-19,47.01255798339844
2013-03-20,46.92232894897461
2013-03-21,46.92232894897461
2013-03-22,46.92232894897461
2013-03-25,46.92232894897461
2013-03-26,46.92232894897461
2013-03-28,47.19302749633789
2013-04-01,47.05767822265625
2013-04-02,47.19302749633789
2013-04-03,46.69673538208008
2013-04-04,46.92232894897461
2013-04-05,48.18562316894531
2013-04-08,46.96743392944336
2013-04-09,46.92232894897461
2013-04-10,47.01255798339844
2013-04-11,47.50886154174805
2013-04-12,47.82468032836914
2013-04-15,47.01255798339844
2013-04-16,46.96743392944336
2013-04-17,47.3283805847168
2013-04-18,47.01255798339844
2013-04-22,47.77956008911133
2013-04-23,47.5539665222168
2013-04-25,46.96743392944336
2013-04-26,46.92232894897461
2013-04-29,46.96743392944336
2013-04-30,46.96743392944336
2013-05-02,48.140499114990234
2013-05-03,48.50143814086914
2013-05-06,49.13309097290039
2013-05-07,49.6293830871582
2013-05-08,50.30613327026367
2013-05-09,51.02802658081055
2013-05-10,51.38896942138672
2013-05-13,48.727027893066406
2013-05-14,49.94520568847656
2013-05-15,50.44148635864258
2013-05-16,51.4340934753418
2013-05-17,52.87784194946289
2013-05-20,51.524330139160156
2013-05-21,50.62196350097656
2013-05-22,50.53173828125
2013-05-23,51.47920227050781
2013-05-24,50.71220779418945
2013-05-27,50.66709518432617
2013-05-28,50.53173828125
2013-05-29,50.89268112182617
2013-05-30,51.16337966918945
2013-05-31,50.62196350097656
2013-06-03,50.57685089111328
2013-06-04,51.118263244628906
2013-06-05,50.53173828125
2013-06-06,50.982906341552734
2013-06-07,50.08055877685547
2013-06-10,49.042850494384766
2013-06-11,47.86980438232422
2013-06-12,47.82468032836914
2013-06-13,48.230735778808594
2013-06-14,50.71220779418945
2013-06-17,50.84756088256836
2013-06-18,49.990318298339844
2013-06-19,49.7196159362793
2013-06-20,48.32096481323242
2013-06-21,48.32096481323242
2013-06-24,47.01255798339844
2013-06-25,46.56137466430664
2013-06-26,46.78696823120117
2013-06-27,46.47113800048828
2013-06-28,47.4637336730957
2013-07-01,47.37350082397461
2013-07-02,47.41861343383789
2013-07-03,47.19302749633789
2013-07-04,49.674495697021484
2013-07-05,50.75731658935547
2013-07-08,49.6293830871582
2013-07-09,49.6293830871582
2013-07-10,49.990318298339844
2013-07-11,49.6293830871582
2013-07-12,49.90008544921875
2013-07-15,50.035438537597656
2013-07-16,49.6293830871582
2013-07-17,49.6293830871582
2013-07-18,49.7196159362793
2013-07-19,54.72766876220703
2013-07-22,54.32161331176758
2013-07-23,50.84756088256836
2013-07-24,49.75406265258789
2013-07-25,49.207305908203125
2013-07-26,48.79725646972656
2013-07-29,49.38957595825195
2013-07-30,46.01795196533203
2013-07-31,43.329776763916016
2013-08-01,45.4712028503418
2013-08-02,45.79014205932617
2013-08-05,44.42326736450195
2013-08-06,44.55995559692383
2013-08-07,47.567073822021484
2013-08-08,46.564693450927734
2013-08-12,48.0682487487793
2013-08-13,48.79725646972656
2013-08-14,48.15938186645508
2013-08-16,46.10906982421875
2013-08-19,44.24101638793945
2013-08-20,45.92683410644531
2013-08-21,46.245765686035156
2013-08-22,45.152259826660156
2013-08-23,44.28657913208008
2013-08-26,43.785396575927734
2013-08-27,43.193084716796875
2013-08-28,44.51438903808594
2013-08-29,43.967647552490234
2013-08-30,43.466453552246094
2013-09-02,41.96290588378906
2013-09-03,42.464088439941406
2013-09-04,41.91733932495117
2013-09-05,43.922088623046875
2013-09-06,45.56233215332031
2013-09-10,46.428016662597656
2013-09-11,45.60789489746094
2013-09-12,45.33451461791992
2013-09-13,45.653446197509766
2013-09-16,45.4712028503418
2013-09-17,45.51675796508789
2013-09-18,45.79014205932617
2013-09-19,45.69901657104492
2013-09-20,45.69901657104492
2013-09-23,45.38007354736328
2013-09-24,46.610260009765625
2013-09-25,45.56233215332031
2013-09-26,45.60789489746094
2013-09-27,45.97238540649414
2013-09-30,45.56233215332031
2013-10-01,46.245765686035156
2013-10-03,45.79014205932617
2013-10-04,45.51675796508789
2013-10-07,45.653446197509766
2013-10-08,45.881263732910156
2013-10-09,47.2936897277832
2013-10-10,48.79725646972656
2013-10-11,49.02506637573242
2013-10-14,49.93631362915039
2013-10-15,48.569435119628906
2013-10-17,49.662940979003906
2013-10-18,48.25050735473633
2013-10-21,48.15938186645508
2013-10-22,48.79725646972656
2013-10-23,47.70376205444336
2013-10-24,48.93394470214844
2013-10-25,47.02031707763672
2013-10-28,45.79014205932617
2013-10-29,46.01795196533203
2013-10-30,47.202579498291016
2013-10-31,47.79487991333008
2013-11-01,48.387184143066406
2013-11-05,49.79963302612305
2013-11-06,49.48069381713867
2013-11-07,46.9291877746582
2013-11-08,46.519142150878906
2013-11-11,46.79249954223633
2013-11-12,46.47357177734375
2013-11-13,45.60789489746094
2013-11-14,46.245765686035156
2013-11-18,45.74259567260742
2013-11-19,45.69684600830078
2013-11-20,45.74259567260742
2013-11-21,45.74259567260742
2013-11-22,47.02339172363281
2013-11-25,46.245765686035156
2013-11-26,46.428741455078125
2013-11-27,47.02339172363281
2013-11-28,47.80100631713867
2013-11-29,47.2978401184082
2013-12-02,47.663780212402344
2013-12-03,47.02339172363281
2013-12-04,47.11487579345703
2013-12-05,47.11487579345703
2013-12-06,47.4350700378418
2013-12-09,47.069129943847656
2013-12-10,46.84041213989258
2013-12-11,47.2978401184082
2013-12-12,47.20634841918945
2013-12-13,47.11487579345703
2013-12-16,47.11487579345703
2013-12-17,47.70952224731445
2013-12-18,47.80100631713867
2013-12-19,47.25210189819336
2013-12-20,47.160621643066406
2013-12-23,46.93190383911133
2013-12-24,46.428741455078125
2013-12-26,46.65744400024414
2013-12-27,47.25210189819336
2013-12-30,47.34357833862305
2013-12-31,47.57229995727539
2014-01-01,49.17328643798828
2014-01-02,49.264774322509766
2014-01-03,50.179622650146484
2014-01-06,51.27745056152344
2014-01-07,51.64338302612305
2014-01-08,52.46675109863281
2014-01-09,53.01566696166992
2014-01-10,53.06141662597656
2014-01-13,54.84537124633789
2014-01-14,59.55685043334961
2014-01-15,59.78557586669922
2014-01-16,60.15150451660156
2014-01-17,58.04734802246094
2014-01-20,55.94319152832031
2014-01-21,55.02833938598633
2014-01-22,54.387943267822266
2014-01-23,54.936851501464844
2014-01-24,53.107147216796875
2014-01-27,51.963592529296875
2014-01-28,51.963592529296875
2014-01-29,51.68912887573242
2014-01-30,51.963592529296875
2014-01-31,50.91150665283203
2014-02-03,51.04873275756836
2014-02-04,52.00933074951172
2014-02-05,51.18595886230469
2014-02-06,50.82002258300781
2014-02-07,51.36894226074219
2014-02-10,51.27745056152344
2014-02-11,51.41468048095703
2014-02-12,49.85942459106445
2014-02-13,50.45408630371094
2014-02-14,51.27745056152344
2014-02-17,50.59130859375
2014-02-18,51.82635498046875
2014-02-19,52.32953643798828
2014-02-20,53.06141662597656
2014-02-21,55.16556930541992
2014-02-24,58.36754608154297
2014-02-25,54.84537124633789
2014-02-26,53.51884078979492
2014-02-28,53.107147216796875
2014-03-03,52.7412109375
2014-03-04,53.107147216796875
2014-03-05,53.88478088378906
2014-03-06,55.02833938598633
2014-03-07,57.452701568603516
2014-03-10,61.29507827758789
2014-03-11,60.74616622924805
2014-03-12,60.380218505859375
2014-03-13,57.086753845214844
2014-03-14,56.949527740478516
2014-03-18,57.041015625
2014-03-19,59.8313102722168
2014-03-20,59.60260772705078
2014-03-21,60.42596435546875
2014-03-24,62.438636779785156
2014-03-25,63.90239334106445
2014-03-26,64.0396499633789
2014-03-27,64.95448303222656
2014-03-28,65.73210144042969
2014-03-31,65.91508483886719
2014-04-01,65.91508483886719
2014-04-02,66.78418731689453
2014-04-03,67.79054260253906
2014-04-04,67.33309173583984
2014-04-07,65.45764923095703
2014-04-09,65.6863784790039
2014-04-10,67.65328979492188
2014-04-11,65.13744354248047
2014-04-15,66.64695739746094
2014-04-16,67.4703140258789
2014-04-17,68.70538330078125
2014-04-21,70.85526275634766
2014-04-22,71.58716583251953
2014-04-23,68.88835144042969
2014-04-24,68.88835144042969
2014-04-25,66.09806823730469
2014-04-28,68.88835144042969
2014-04-29,66.55546569824219
2014-04-30,64.31410217285156
2014-05-02,65.64060974121094
2014-05-05,65.1832046508789
2014-05-06,64.0396499633789
2014-05-07,64.40557098388672
2014-05-08,63.99388885498047
2014-05-09,65.45764923095703
2014-05-12,64.40557098388672
2014-05-13,65.0002212524414
2014-05-14,67.97349548339844
2014-05-15,67.56180572509766
2014-05-16,71.90735626220703
2014-05-19,82.24518585205078
2014-05-20,80.1410140991211
2014-05-21,78.2198257446289
2014-05-22,87.50558471679688
2014-05-23,90.98200225830078
2014-05-26,85.26419067382812
2014-05-27,85.85884094238281
2014-05-28,87.09391021728516
2014-05-29,84.34933471679688
2014-05-30,83.2057876586914
2014-06-02,87.73428344726562
2014-06-03,86.8194351196289
2014-06-04,87.9172592163086
2014-06-05,88.37468719482422
2014-06-06,88.87786102294922
2014-06-09,87.27685546875
2014-06-10,84.57806396484375
2014-06-11,85.58438110351562
2014-06-12,86.4534912109375
2014-06-13,82.74834442138672
2014-06-16,79.31765747070312
2014-06-17,84.02914428710938
2014-06-18,83.2057876586914
2014-06-19,82.24518585205078
2014-06-20,82.24518585205078
2014-06-23,82.336669921875
2014-06-24,83.75467681884766
2014-06-25,81.1930923461914
2014-06-26,80.27825164794922
2014-06-27,80.18678283691406
2014-06-30,83.70893859863281
2014-07-01,85.9960708618164
2014-07-02,87.82579803466797
2014-07-03,88.51190948486328
2014-07-04,88.64915466308594
2014-07-07,90.7532958984375
2014-07-08,87.04815673828125
2014-07-09,86.91093444824219
2014-07-10,85.58438110351562
2014-07-11,84.25786590576172
2014-07-14,84.25786590576172
2014-07-15,85.17272186279297
2014-07-16,86.8194351196289
2014-07-17,87.4140853881836
2014-07-18,87.82579803466797
2014-07-21,87.32259368896484
2014-07-22,87.32259368896484
2014-07-23,89.97566986083984
2014-07-24,89.56400299072266
2014-07-25,85.30995178222656
2014-07-28,84.21212005615234
2014-07-30,86.59073638916016
2014-07-31,88.64915466308594
2014-08-01,85.01486206054688
2014-08-04,85.5208969116211
2014-08-05,84.27879333496094
2014-08-06,84.23278045654297
2014-08-07,82.66864776611328
2014-08-08,81.8865966796875
2014-08-11,83.1747055053711
2014-08-12,80.9665298461914
2014-08-13,75.99812316894531
2014-08-14,77.79226684570312
2014-08-18,76.78018188476562
2014-08-19,82.76066589355469
2014-08-20,84.37080383300781
2014-08-21,83.26673126220703
2014-08-22,83.1747055053711
2014-08-25,79.9544448852539
2014-08-26,78.20630645751953
2014-08-27,76.5041732788086
2014-08-28,78.02228546142578
2014-09-01,78.20630645751953
2014-09-02,79.9544448852539
2014-09-03,81.19654083251953
2014-09-04,79.9544448852539
2014-09-05,86.07294464111328
2014-09-08,88.9711685180664
2014-09-09,96.05574798583984
2014-09-10,93.66355895996094
2014-09-11,88.00511169433594
2014-09-12,84.73883819580078
2014-09-15,80.9205322265625
2014-09-16,81.65657806396484
2014-09-17,82.34859466552734
2014-09-18,85.76248168945312
2014-09-19,84.7475357055664
2014-09-22,85.11660766601562
2014-09-23,81.05685424804688
2014-09-24,81.74887084960938
2014-09-25,78.98084259033203
2014-09-26,80.50323486328125
2014-09-29,81.42591857910156
2014-09-30,84.37847900390625
2014-10-01,85.94701385498047
2014-10-07,80.68777465820312
2014-10-08,80.68777465820312
2014-10-09,83.31741333007812
2014-10-10,82.67151641845703
2014-10-13,82.44085693359375
2014-10-14,83.36353302001953
2014-10-15,83.36353302001953
2014-10-16,79.94964599609375
2014-10-17,79.39603424072266
2014-10-20,82.117919921875
2014-10-21,81.14911651611328
2014-10-22,84.0093994140625
2014-10-27,84.56300354003906
2014-10-28,85.9009017944336
2014-10-29,87.05422973632812
2014-10-30,86.26995086669922
2014-10-31,84.14778900146484
2014-11-03,83.77873229980469
2014-11-05,83.45580291748047
2014-11-07,84.05553436279297
2014-11-10,84.88595581054688
2014-11-11,85.34725952148438
2014-11-12,84.0093994140625
2014-11-13,100.80205535888672
2014-11-14,104.16981506347656
2014-11-17,104.53888702392578
2014-11-18,101.54020690917969
2014-11-19,96.78842163085938
2014-11-20,97.01909637451172
2014-11-21,96.14254760742188
2014-11-24,94.62014770507812
2014-11-25,93.83586883544922
2014-11-26,93.19000244140625
2014-11-27,95.17375946044922
2014-11-28,93.32839965820312
2014-12-01,92.31346130371094
2014-12-02,101.72472381591797
2014-12-03,106.9378433227539
2014-12-04,104.12367248535156
2014-12-05,101.40179443359375
2014-12-08,103.84688568115234
2014-12-09,98.81830596923828
2014-12-10,97.89563751220703
2014-12-11,96.23482513427734
2014-12-12,95.08148193359375
2014-12-15,95.3121566772461
2014-12-16,91.99053192138672
2014-12-17,93.51293182373047
2014-12-18,96.41935729980469
2014-12-19,96.83456420898438
2014-12-22,97.01909637451172
2014-12-23,98.81830596923828
2014-12-24,98.4953842163086
2014-12-26,96.88070678710938
2014-12-29,97.75724029541016
2014-12-30,99.27964782714844
2014-12-31,104.49276733398438
2015-01-01,107.81437683105469
2015-01-02,107.2146224975586
2015-01-05,105.78450012207031
2015-01-06,101.54020690917969
2015-01-07,97.38816833496094
2015-01-08,106.98395538330078
2015-01-09,103.47782135009766
2015-01-12,102.60127258300781
2015-01-13,102.8780746459961
2015-01-14,102.69353485107422
2015-01-15,105.27701568603516
2015-01-16,104.03141021728516
2015-01-19,105.50769805908203
2015-01-20,103.29327392578125
2015-01-21,100.20233154296875
2015-01-22,99.37191009521484
2015-01-23,101.07884979248047
2015-01-27,101.40179443359375
2015-01-28,102.37060546875
2015-01-29,100.29458618164062
2015-01-30,97.71109008789062
2015-02-02,100.47913360595703
2015-02-03,100.80205535888672
2015-02-04,100.20233154296875
2015-02-05,97.61884307861328
2015-02-06,97.11136627197266
2015-02-09,99.18737030029297
2015-02-10,98.63375854492188
2015-02-11,98.0801773071289
2015-02-12,110.02879333496094
2015-02-13,113.11974334716797
2015-02-16,110.81305694580078
2015-02-18,110.07493591308594
2015-02-19,108.96771240234375
2015-02-20,107.49143981933594
2015-02-23,107.9989013671875
2015-02-24,105.46155548095703
2015-02-25,107.07624053955078
2015-02-26,106.7994384765625
2015-02-27,110.39788055419922
2015-03-02,116.71817779541016
2015-03-03,118.74806213378906
2015-03-04,116.02617645263672
2015-03-05,112.79679107666016
2015-03-09,116.07229614257812
2015-03-10,114.13468933105469
2015-03-11,118.37899780273438
2015-03-12,119.94754028320312
2015-03-13,116.62588500976562
2015-03-16,114.91897583007812
2015-03-17,117.77925872802734
2015-03-18,124.23797607421875
2015-03-19,127.37503051757812
2015-03-20,133.18788146972656
2015-03-23,125.76033782958984
2015-03-24,123.776611328125
2015-03-25,122.94622039794922
2015-03-26,122.99234771728516
2015-03-27,120.31659698486328
2015-03-30,119.80912780761719
2015-03-31,119.80912780761719
2015-04-01,124.42250061035156
2015-04-06,123.13075256347656
2015-04-07,124.2840805053711
2015-04-08,124.60702514648438
2015-04-09,122.43873596191406
2015-04-10,122.43873596191406
2015-04-13,121.42381286621094
2015-04-15,118.97872924804688
2015-04-16,117.27178192138672
2015-04-17,116.57978057861328
2015-04-20,110.30558776855469
2015-04-21,112.3816146850586
2015-04-22,109.70585632324219
2015-04-23,109.15225219726562
2015-04-24,104.3543472290039
2015-04-27,101.77085876464844
2015-04-28,104.90794372558594
2015-04-29,102.78580474853516
2015-04-30,106.19969940185547
2015-05-04,107.72209930419922
2015-05-05,107.35304260253906
2015-05-06,108.18344116210938
2015-05-07,106.7994384765625
2015-05-08,106.19969940185547
2015-05-11,106.98395538330078
2015-05-12,105.04634094238281
2015-05-13,103.29327392578125
2015-05-14,102.8780746459961
2015-05-15,105.78450012207031
2015-05-18,105.04634094238281
2015-05-19,104.58501434326172
2015-05-20,104.30821990966797
2015-05-21,104.40047454833984
2015-05-22,102.8780746459961
2015-05-25,104.30821990966797
2015-05-26,104.2620849609375
2015-05-27,103.70848846435547
2015-05-28,104.03141021728516
2015-05-29,104.30821990966797
2015-06-01,104.67729187011719
2015-06-02,102.55514526367188
2015-06-03,99.18737030029297
2015-06-04,97.61884307861328
2015-06-05,96.92682647705078
2015-06-08,96.97295379638672
2015-06-09,95.5889663696289
2015-06-10,96.7423095703125
2015-06-11,96.92682647705078
2015-06-12,97.15750885009766
2015-06-15,96.97295379638672
2015-06-16,97.71109008789062
2015-06-17,96.92682647705078
2015-06-18,107.76824188232422
2015-06-19,107.16851043701172
2015-06-22,106.61489868164062
2015-06-23,107.95279693603516
2015-06-24,108.04503631591797
2015-06-25,108.27570343017578
2015-06-26,108.36797332763672
2015-06-29,107.62984466552734
2015-06-30,107.8604965209961
2015-07-01,107.2146224975586
2015-07-02,108.50638580322266
2015-07-03,111.73572540283203
2015-07-06,110.21331787109375
2015-07-07,109.15225219726562
2015-07-08,112.52001190185547
2015-07-09,111.3666763305664
2015-07-10,110.81305694580078
2015-07-13,111.135986328125
2015-07-14,118.93257141113281
2015-07-15,118.0560531616211
2015-07-16,115.65709686279297
2015-07-17,117.3640365600586
2015-07-20,116.11843872070312
2015-07-21,114.08856201171875
2015-07-22,114.27308654785156
2015-07-23,113.48880767822266
2015-07-24,110.72078704833984
2015-07-27,107.95279693603516
2015-07-28,107.8604965209961
2015-07-29,109.47516632080078
2015-07-30,109.7981185913086
2015-07-31,116.01134490966797
2015-08-03,112.209228515625
2015-08-04,111.79193878173828
2015-08-05,112.48743438720703
2015-08-06,112.62652587890625
2015-08-07,109.75174713134766
2015-08-10,107.75794219970703
2015-08-11,109.98358917236328
2015-08-12,105.30048370361328
2015-08-13,105.30048370361328
2015-08-14,102.28660583496094
2015-08-17,107.71157836914062
2015-08-18,111.51371002197266
2015-08-19,111.79193878173828
2015-08-20,111.42097473144531
2015-08-21,111.83828735351562
2015-08-24,101.96202087402344
2015-08-25,98.4381103515625
2015-08-26,97.51075744628906
2015-08-27,103.26031494140625
2015-08-28,106.83060455322266
2015-08-31,106.69151306152344
2015-09-01,103.02848052978516
2015-09-02,100.29277801513672
2015-09-03,100.7101058959961
2015-09-04,98.39173126220703
2015-09-07,98.90179443359375
2015-09-08,98.7162857055664
2015-09-09,100.06095123291016
2015-09-10,99.3190689086914
2015-09-11,99.08723449707031
2015-09-14,98.48445129394531
2015-09-15,98.3453598022461
2015-09-16,99.55091857910156
2015-09-18,99.27272033691406
2015-09-21,100.52464294433594
2015-09-22,99.27272033691406
2015-09-23,98.4381103515625
2015-09-24,98.57719421386719
2015-09-28,98.80903625488281
2015-09-29,99.04087829589844
2015-09-30,98.66993713378906
2015-10-01,98.9481430053711
2015-10-05,100.431884765625
2015-10-06,106.87696838378906
2015-10-07,104.60497283935547
2015-10-08,101.4056167602539
2015-10-09,101.6838150024414
2015-10-12,100.38552856445312
2015-10-13,100.52464294433594
2015-10-14,100.2000732421875
2015-10-15,100.84921264648438
2015-10-16,104.00218963623047
2015-10-19,106.59876251220703
2015-10-20,108.9171371459961
2015-10-21,105.30048370361328
2015-10-23,101.77654266357422
2015-10-26,100.75647735595703
2015-10-27,102.98210906982422
2015-10-28,101.31288146972656
2015-10-29,100.2464370727539
2015-10-30,100.52464294433594
2015-11-02,100.2000732421875
2015-11-03,98.66993713378906
2015-11-04,99.08723449707031
2015-11-05,98.11353302001953
2015-11-06,97.13980102539062
2015-11-09,101.26651000976562
2015-11-10,101.26651000976562
2015-11-13,101.77654266357422
2015-11-16,101.91565704345703
2015-11-17,100.57098388671875
2015-11-18,102.5184097290039
2015-11-19,104.37986755371094
2015-11-20,104.24027252197266
2015-11-23,103.63529968261719
2015-11-24,104.1937255859375
2015-11-26,103.63529968261719
2015-11-27,103.21646881103516
2015-11-30,102.00653839111328
2015-12-01,101.9134750366211
2015-12-02,102.00653839111328
2015-12-03,100.93620300292969
2015-12-04,98.84209442138672
2015-12-07,98.8886489868164
2015-12-08,96.51530456542969
2015-12-09,93.44393920898438
2015-12-10,99.07476806640625
2015-12-11,97.49256134033203
2015-12-14,96.8875961303711
2015-12-15,95.67766571044922
2015-12-16,94.93309020996094
2015-12-17,96.79452514648438
2015-12-18,96.14303588867188
2015-12-21,98.516357421875
2015-12-22,102.28575897216797
2015-12-23,100.93620300292969
2015-12-24,102.33229064941406
2015-12-28,104.89176940917969
2015-12-29,102.37882995605469
2015-12-30,103.49568939208984
2015-12-31,105.0779037475586
2016-01-01,106.10169982910156
2016-01-04,101.4481201171875
2016-01-05,104.1937255859375
2016-01-06,102.47189331054688
2016-01-07,97.67870330810547
2016-01-08,99.77281951904297
2016-01-11,98.8886489868164
2016-01-12,96.04993438720703
2016-01-13,94.28158569335938
2016-01-14,94.88655853271484
2016-01-15,93.30432891845703
2016-01-18,90.46564483642578
2016-01-19,96.32915496826172
2016-01-20,92.23401641845703
2016-01-21,92.04786682128906
2016-01-22,92.83897399902344
2016-01-25,93.35087585449219
2016-01-27,92.97857666015625
2016-01-28,92.97857666015625
2016-01-29,92.93206024169922
2016-02-01,92.28055572509766
2016-02-02,90.2795181274414
2016-02-03,89.2557144165039
2016-02-04,88.41807556152344
2016-02-05,90.37256622314453
2016-02-08,90.60525512695312
2016-02-09,90.23297119140625
2016-02-10,90.2795181274414
2016-02-11,88.37152862548828
2016-02-12,87.95272064208984
2016-02-15,88.41807556152344
2016-02-16,86.78933715820312
2016-02-17,87.62696075439453
2016-02-18,87.95272064208984
2016-02-19,85.81206512451172
2016-02-22,85.3001708984375
2016-02-23,88.27847290039062
2016-02-24,86.3239517211914
2016-02-25,85.718994140625
2016-02-26,85.39324951171875
2016-02-29,83.85755920410156
2016-03-01,84.74173736572266
2016-03-02,88.46461486816406
2016-03-03,91.16368103027344
2016-03-04,91.53598022460938
2016-03-08,91.2102279663086
2016-03-09,91.95479583740234
2016-03-10,92.97857666015625
2016-03-11,91.34982299804688
2016-03-14,92.28055572509766
2016-03-15,92.51324462890625
2016-03-16,93.25780487060547
2016-03-17,90.41912078857422
2016-03-18,93.07167053222656
2016-03-21,93.95584869384766
2016-03-22,93.5809555053711
2016-03-23,90.72245025634766
2016-03-28,90.1132583618164
2016-03-29,87.34846496582031
2016-03-30,89.22290802001953
2016-03-31,89.6446533203125
2016-04-01,90.5350112915039
2016-04-04,93.86211395263672
2016-04-05,93.72154235839844
2016-04-06,92.9249038696289
2016-04-07,91.84709930419922
2016-04-08,91.19107055664062
2016-04-11,91.2847671508789
2016-04-12,91.98768615722656
2016-04-13,90.1132583618164
2016-04-18,93.20606231689453
2016-04-20,91.80023193359375
2016-04-21,91.2847671508789
2016-04-22,91.65966033935547
2016-04-25,96.53317260742188
2016-04-26,100.23518371582031
2016-04-27,101.50042724609375
2016-04-28,99.06366729736328
2016-04-29,102.9999771118164
2016-05-02,104.49951171875
2016-05-03,104.64009857177734
2016-05-04,102.67193603515625
2016-05-05,101.45356750488281
2016-05-06,102.0158920288086
2016-05-09,100.56321716308594
2016-05-10,102.2033462524414
2016-05-11,100.65692901611328
2016-05-12,101.26612091064453
2016-05-13,102.2033462524414
2016-05-16,103.14055633544922
2016-05-17,105.85848999023438
2016-05-18,104.0777587890625
2016-05-19,103.65601348876953
2016-05-20,101.73473358154297
2016-05-23,100.37577056884766
2016-05-24,102.2033462524414
2016-05-25,100.93809509277344
2016-05-26,100.98495483398438
2016-05-27,102.0158920288086
2016-05-30,99.2510986328125
2016-05-31,100.00086975097656
2016-06-01,100.7975082397461
2016-06-02,100.89124298095703
2016-06-03,101.54728698730469
2016-06-06,103.23428344726562
2016-06-07,103.98404693603516
2016-06-08,104.59323120117188
2016-06-09,104.78067779541016
2016-06-10,107.73291015625
2016-06-13,107.68604278564453
2016-06-14,105.53044891357422
2016-06-15,105.2492904663086
2016-06-16,106.5145263671875
2016-06-17,105.7178955078125
2016-06-20,105.99906158447266
2016-06-21,104.35893249511719
2016-06-22,103.46856689453125
2016-06-23,104.03091430664062
2016-06-24,106.23335266113281
2016-06-27,109.13872528076172
2016-06-28,109.46675109863281
2016-06-29,111.06002044677734
2016-06-30,112.37213134765625
2016-07-01,115.51177978515625
2016-07-04,115.4180679321289
2016-07-05,114.38712310791016
2016-07-07,113.91852569580078
2016-07-08,112.6064224243164
2016-07-11,112.27839660644531
2016-07-12,112.13783264160156
2016-07-13,111.8097915649414
2016-07-14,112.41898345947266
2016-07-15,111.95037841796875
2016-07-18,110.26338958740234
2016-07-19,108.71697998046875
2016-07-20,110.63826751708984
2016-07-21,113.4499282836914
2016-07-22,113.356201171875
2016-07-25,115.46492004394531
2016-07-26,112.65326690673828
2016-07-27,114.34027862548828
2016-07-28,114.24655151367188
2016-07-29,114.80888366699219
2016-08-01,115.18376922607422
2016-08-02,112.41898345947266
2016-08-03,108.71697998046875
2016-08-04,109.84163665771484
2016-08-05,114.76203155517578
2016-08-08,115.55867004394531
2016-08-09,111.99723052978516
2016-08-10,111.66920471191406
2016-08-11,114.24655151367188
2016-08-12,117.52680206298828
2016-08-16,115.98040771484375
2016-08-17,121.50996398925781
2016-08-18,120.00520324707031
2016-08-19,119.58200073242188
2016-08-22,115.91412353515625
2016-08-23,117.23078918457031
2016-08-24,119.15877532958984
2016-08-25,117.37186431884766
2016-08-26,115.53791809082031
2016-08-29,118.17125701904297
2016-08-30,116.52542877197266
2016-08-31,117.74805450439453
2016-09-01,121.27484893798828
2016-09-02,115.82007598876953
2016-09-06,118.45341491699219
2016-09-07,116.76055145263672
2016-09-08,118.359375
2016-09-09,117.41889190673828
2016-09-12,111.49386596679688
2016-09-14,111.77601623535156
2016-09-15,110.74149322509766
2016-09-16,115.02066040039062
2016-09-19,112.29327392578125
2016-09-20,112.24625396728516
2016-09-21,113.42182922363281
2016-09-22,117.41889190673828
2016-09-23,114.87960052490234
2016-09-26,112.6224365234375
2016-09-27,114.31529998779297
2016-09-28,113.75102233886719
2016-09-29,113.37482452392578
2016-09-30,115.63197326660156
2016-10-03,115.67899322509766
2016-10-04,118.359375
2016-10-05,118.17125701904297
2016-10-06,115.91412353515625
2016-10-07,115.96116638183594
2016-10-10,116.2432861328125
2016-10-13,114.87960052490234
2016-10-14,115.77304077148438
2016-10-17,115.67899322509766
2016-10-18,118.07723999023438
2016-10-19,120.19330596923828
2016-10-20,118.5474624633789
2016-10-21,120.28736114501953
2016-10-24,119.62901306152344
2016-10-25,118.7825927734375
2016-10-26,117.98316192626953
2016-10-27,118.50044250488281
2016-10-28,119.53496551513672
2016-11-01,119.53496551513672
2016-11-02,119.44091033935547
2016-11-03,119.44091033935547
2016-11-04,119.77008056640625
2016-11-07,118.87662506103516
2016-11-08,119.58200073242188
2016-11-09,118.87662506103516
2016-11-10,119.44091033935547
2016-11-11,119.62901306152344
2016-11-15,114.55043029785156
2016-11-16,114.26828002929688
2016-11-17,112.5754165649414
2016-11-18,111.11766815185547
2016-11-21,109.47184753417969
2016-11-22,112.05815124511719
2016-11-23,111.63492584228516
2016-11-24,112.1521987915039
2016-11-25,111.49386596679688
2016-11-28,110.08313751220703
2016-11-29,110.0361328125
2016-11-30,109.09563446044922
2016-12-01,108.29623413085938
2016-12-02,108.86051940917969
2016-12-05,108.06112670898438
2016-12-06,109.18968200683594
2016-12-07,109.89503479003906
2016-12-08,110.9295654296875
2016-12-09,112.52838897705078
2016-12-12,111.91707611083984
2016-12-13,112.01113891601562
2016-12-14,110.9295654296875
2016-12-15,111.68196868896484
2016-12-16,111.352783203125
2016-12-19,108.95455932617188
2016-12-20,109.70695495605469
2016-12-21,108.15515899658203
2016-12-22,109.70695495605469
2016-12-23,108.01409149169922
2016-12-26,107.6849365234375
2016-12-27,107.59086608886719
2016-12-28,110.41230010986328
2016-12-29,111.72898864746094
2016-12-30,111.77601623535156
2017-01-02,112.38731384277344
2017-01-03,113.13970947265625
2017-01-04,112.52838897705078
2017-01-05,112.29327392578125
2017-01-06,111.39981842041016
2017-01-09,110.74149322509766
2017-01-10,112.34029388427734
2017-01-11,112.52838897705078
2017-01-12,111.63492584228516
2017-01-13,110.5063705444336
2017-01-16,106.46229553222656
2017-01-17,108.90753936767578
2017-01-18,107.49681854248047
2017-01-19,109.18968200683594
2017-01-20,110.74149322509766
2017-01-23,111.25874328613281
2017-01-24,112.05815124511719
2017-01-25,112.9986343383789
2017-01-27,112.90459442138672
2017-01-30,112.85755920410156
2017-01-31,113.09268951416016
2017-02-01,112.85755920410156
2017-02-02,111.96410369873047
2017-02-03,118.26531219482422
2017-02-06,120.05223083496094
2017-02-07,117.84210205078125
2017-02-08,117.23078918457031
2017-02-09,120.85162353515625
2017-02-10,117.37186431884766
2017-02-13,119.39388275146484
2017-02-14,117.84210205078125
2017-02-15,116.05519104003906
2017-02-16,116.71353149414062
2017-02-17,115.67899322509766
2017-02-20,116.00817108154297
2017-02-21,114.7855453491211
2017-02-22,115.58495330810547
2017-02-23,115.20877075195312
2017-02-27,115.58495330810547
2017-02-28,113.28076934814453
2017-03-01,114.50340270996094
2017-03-02,114.50340270996094
2017-03-03,115.20877075195312
2017-03-06,114.83255767822266
2017-03-07,115.06768035888672
2017-03-08,114.73851776123047
2017-03-09,115.77304077148438
2017-03-10,115.58495330810547
2017-03-14,115.91412353515625
2017-03-15,116.52542877197266
2017-03-16,116.2903060913086
2017-03-17,118.17125701904297
2017-03-20,117.51293182373047
2017-03-21,117.79507446289062
2017-03-22,119.44091033935547
2017-03-23,117.1367416381836
2017-03-24,117.79507446289062
2017-03-27,116.76055145263672
2017-03-28,120.05223083496094
2017-03-29,133.7362060546875
2017-03-30,129.73915100097656
2017-03-31,136.27549743652344
2017-04-03,134.8177490234375
2017-04-05,132.60763549804688
2017-04-06,133.26596069335938
2017-04-07,131.57308959960938
2017-04-10,130.67965698242188
2017-04-11,131.19691467285156
2017-04-12,130.91476440429688
2017-04-13,131.1028289794922
2017-04-17,131.7141876220703
2017-04-18,128.42250061035156
2017-04-19,127.85821533203125
2017-04-20,131.19691467285156
2017-04-21,131.90228271484375
2017-04-24,131.99632263183594
2017-04-25,131.94932556152344
2017-04-26,130.86773681640625
2017-04-27,130.11537170410156
2017-04-28,129.55108642578125
2017-05-02,130.11537170410156
2017-05-03,130.30348205566406
2017-05-04,128.84571838378906
2017-05-05,129.45706176757812
2017-05-08,129.69216918945312
2017-05-09,129.97427368164062
2017-05-10,129.45706176757812
2017-05-11,129.8802490234375
2017-05-12,129.31594848632812
2017-05-15,131.0558624267578
2017-05-16,130.53857421875
2017-05-17,130.06832885742188
2017-05-18,132.09039306640625
2017-05-19,125.4129638671875
2017-05-22,126.25936126708984
2017-05-23,127.1528549194336
2017-05-24,124.23735046386719
2017-05-25,127.38797760009766
2017-05-26,129.1748809814453
2017-05-29,129.69216918945312
2017-05-30,132.60763549804688
2017-05-31,129.2689208984375
2017-06-01,128.04629516601562
2017-06-02,130.67965698242188
2017-06-05,131.76121520996094
2017-06-06,131.85523986816406
2017-06-07,130.5856170654297
2017-06-08,129.36300659179688
2017-06-09,131.57308959960938
2017-06-12,131.38499450683594
2017-06-13,131.7141876220703
2017-06-14,129.31594848632812
2017-06-15,127.71715545654297
2017-06-16,131.57308959960938
2017-06-19,130.20938110351562
2017-06-20,130.30348205566406
2017-06-21,129.69216918945312
2017-06-22,132.09039306640625
2017-06-23,131.0558624267578
2017-06-27,131.24392700195312
2017-06-28,130.06832885742188
2017-06-29,131.1028289794922
2017-06-30,132.56060791015625
2017-07-03,133.54811096191406
2017-07-04,147.56124877929688
2017-07-05,147.74937438964844
2017-07-06,144.88087463378906
2017-07-07,142.10646057128906
2017-07-10,138.5326690673828
2017-07-11,143.32908630371094
2017-07-12,146.52674865722656
2017-07-13,144.6927947998047
2017-07-14,142.62371826171875
2017-07-17,140.50765991210938
2017-07-18,134.11244201660156
2017-07-19,136.51063537597656
2017-07-20,136.13441467285156
2017-07-21,133.64215087890625
2017-07-24,133.64215087890625
2017-07-25,133.31297302246094
2017-07-26,133.31297302246094
2017-07-27,138.015380859375
2017-07-28,135.6171875
2017-07-31,134.15940856933594
2017-08-01,132.56060791015625
2017-08-02,132.70169067382812
2017-08-03,131.80340576171875
2017-08-04,129.4869384765625
2017-08-07,131.33070373535156
2017-08-08,126.36678314208984
2017-08-09,124.52306365966797
2017-08-10,122.96295928955078
2017-08-11,126.22496032714844
2017-08-14,126.79226684570312
2017-08-16,126.83953857421875
2017-08-17,124.9012451171875
2017-08-18,123.43572235107422
2017-08-21,121.02468872070312
2017-08-22,123.10477447509766
2017-08-23,123.34117126464844
2017-08-24,123.01023864746094
2017-08-28,127.64324951171875
2017-08-29,124.14485168457031
2017-08-30,127.40681457519531
2017-08-31,125.3740005493164
2017-09-01,124.7121810913086
2017-09-04,123.15206909179688
2017-09-05,123.53028106689453
2017-09-06,123.15206909179688
2017-09-07,123.0575180053711
2017-09-08,125.94132232666016
2017-09-11,123.8139419555664
2017-09-12,126.17771911621094
2017-09-13,130.24337768554688
2017-09-14,129.7233123779297
2017-09-15,128.06871032714844
2017-09-18,129.34512329101562
2017-09-19,130.1960906982422
2017-09-20,130.47975158691406
2017-09-21,133.88357543945312
2017-09-22,123.9084701538086
2017-09-25,119.984619140625
2017-09-26,125.04308319091797
2017-09-27,123.76665496826172
2017-09-28,121.6865463256836
2017-09-29,122.63204956054688
2017-10-03,121.16651153564453
2017-10-04,120.8355941772461
2017-10-05,119.89009094238281
2017-10-06,119.55915832519531
2017-10-09,119.984619140625
2017-10-10,122.67933654785156
2017-10-11,124.9012451171875
2017-10-12,123.8139419555664
2017-10-13,119.7482681274414
2017-10-16,121.54471588134766
2017-10-17,121.16651153564453
2017-10-18,121.92291259765625
2017-10-19,123.15206909179688
2017-10-23,122.96295928955078
2017-10-24,123.15206909179688
2017-10-25,119.89009094238281
2017-10-26,122.67933654785156
2017-10-27,123.38845825195312
2017-10-30,122.30111694335938
2017-10-31,123.43572235107422
2017-11-01,122.72659301757812
2017-11-02,123.24663543701172
2017-11-03,123.62482452392578
2017-11-06,131.4252471923828
2017-11-07,132.3707733154297
2017-11-08,127.40681457519531
2017-11-09,126.03585815429688
2017-11-10,127.78504943847656
2017-11-13,128.58871459960938
2017-11-14,133.4108123779297
2017-11-15,132.323486328125
2017-11-16,129.8651580810547
2017-11-17,127.78504943847656
2017-11-20,128.78114318847656
2017-11-21,132.90785217285156
2017-11-22,133.0501251220703
2017-11-23,132.8604278564453
2017-11-24,132.90785217285156
2017-11-27,136.22816467285156
2017-11-28,130.53616333007812
2017-11-29,130.72592163085938
2017-11-30,129.30288696289062
2017-12-01,126.83638000488281
2017-12-04,126.8838119506836
2017-12-05,126.17230987548828
2017-12-06,127.64274597167969
2017-12-07,125.41338348388672
2017-12-08,124.22757720947266
2017-12-11,123.37374877929688
2017-12-12,121.80845642089844
2017-12-13,122.0456314086914
2017-12-14,120.85980224609375
2017-12-15,122.18791961669922
2017-12-18,122.56739044189453
2017-12-19,122.28278350830078
2017-12-20,122.23536682128906
2017-12-21,123.1365966796875
2017-12-22,122.56739044189453
2017-12-26,128.11709594726562
2017-12-27,129.1132049560547
2017-12-28,126.36206817626953
2017-12-29,126.694091796875
2018-01-01,124.03782653808594
2018-01-02,122.80457305908203
2018-01-03,123.18402099609375
2018-01-04,123.80067443847656
2018-01-05,125.60311889648438
2018-01-08,127.16842651367188
2018-01-09,125.36595916748047
2018-01-10,126.64665985107422
2018-01-11,127.64274597167969
2018-01-12,127.35811614990234
2018-01-15,127.12096405029297
2018-01-16,127.21583557128906
2018-01-17,127.12096405029297
2018-01-18,127.12096405029297
2018-01-19,126.74151611328125
2018-01-22,126.50434875488281
2018-01-23,126.9312515258789
2018-01-24,127.59532165527344
2018-01-25,127.12096405029297
2018-01-29,123.6109390258789
2018-01-30,123.32633972167969
2018-01-31,121.71360778808594
2018-02-01,122.89942932128906
2018-02-02,120.0060043334961
2018-02-05,120.38545227050781
2018-02-06,117.16000366210938
2018-02-07,121.61872863769531
2018-02-08,120.38545227050781
2018-02-09,119.3893814086914
2018-02-12,117.3971939086914
2018-02-14,115.4524154663086
2018-02-15,113.55509185791016
2018-02-16,114.0294189453125
2018-02-19,113.83968353271484
2018-02-20,112.41669464111328
2018-02-21,110.80396270751953
2018-02-22,109.6181411743164
2018-02-23,111.13600158691406
2018-02-26,115.0255126953125
2018-02-27,112.8910140991211
2018-02-28,115.73702239990234
2018-03-01,112.93846893310547
2018-03-05,111.13600158691406
2018-03-06,109.76041412353516
2018-03-07,107.00931549072266
2018-03-08,108.29000854492188
2018-03-09,108.05284118652344
2018-03-12,106.44010925292969
2018-03-13,104.495361328125
2018-03-14,108.00540924072266
2018-03-15,109.04893493652344
2018-03-16,105.2542724609375
2018-03-19,104.3530502319336
2018-03-20,102.07626342773438
2018-03-21,101.69679260253906
2018-03-22,98.66106414794922
2018-03-23,94.62924194335938
2018-03-26,94.01261901855469
2018-03-27,91.8306884765625
2018-03-28,95.34074401855469
2018-04-02,95.24586486816406
2018-04-03,94.96127319335938
2018-04-04,94.91383361816406
2018-04-05,95.43560791015625
2018-04-06,94.72411346435547
2018-04-09,94.53437805175781
2018-04-10,93.25369262695312
2018-04-11,94.20233154296875
2018-04-12,93.58570861816406
2018-04-13,91.97298431396484
2018-04-16,92.49474334716797
2018-04-17,92.54218292236328
2018-04-18,93.82288360595703
2018-04-19,92.77934265136719
2018-04-20,94.72411346435547
2018-04-23,93.82288360595703
2018-04-24,94.1549072265625
2018-04-25,94.34463500976562
2018-04-26,94.72411346435547
2018-04-27,92.96907043457031
2018-04-30,94.53437805175781
2018-05-02,102.31341552734375
2018-05-03,100.41609954833984
2018-05-04,98.28160095214844
2018-05-07,96.85861206054688
2018-05-08,95.86250305175781
2018-05-09,95.67277526855469
2018-05-10,94.53437805175781
2018-05-11,93.53827667236328
2018-05-14,94.62924194335938
2018-05-15,93.11137390136719
2018-05-16,93.20626831054688
2018-05-17,94.72411346435547
2018-05-18,95.15100860595703
2018-05-21,92.44731903076172
2018-05-22,93.87030792236328
2018-05-23,98.80335235595703
2018-05-24,101.22245025634766
2018-05-25,102.50315856933594
2018-05-28,102.50315856933594
2018-05-29,104.44791412353516
2018-05-30,104.54277801513672
2018-05-31,104.3530502319336
2018-06-01,104.3530502319336
2018-06-04,102.50315856933594
2018-06-05,103.49923706054688
2018-06-06,103.87872314453125
2018-06-07,102.55058288574219
2018-06-08,102.45570373535156
2018-06-11,104.21075439453125
2018-06-12,104.44791412353516
2018-06-13,106.29781341552734
2018-06-14,107.2464599609375
2018-06-15,107.29390716552734
2018-06-18,107.19903564453125
2018-06-19,104.59021759033203
2018-06-20,110.32964324951172
2018-06-21,108.19514465332031
2018-06-22,106.91443634033203
2018-06-25,107.2464599609375
2018-06-26,109.57069396972656
2018-06-27,109.90272521972656
2018-06-28,109.99759674072266
2018-06-29,109.38097381591797
2018-07-02,109.80786895751953
2018-07-03,108.38485717773438
2018-07-04,111.8949203491211
2018-07-05,109.71299743652344
2018-07-06,109.00150299072266
2018-07-09,109.04893493652344
2018-07-10,111.7052001953125
2018-07-11,118.15611267089844
2018-07-12,113.12818908691406
2018-07-13,110.66166687011719
2018-07-16,110.139892578125
2018-07-17,108.76433563232422
2018-07-18,109.14380645751953
2018-07-19,110.80396270751953
2018-07-20,108.90664672851562
2018-07-23,109.28610229492188
2018-07-24,108.76433563232422
2018-07-25,108.76433563232422
2018-07-26,106.819580078125
2018-07-27,108.811767578125
2018-07-30,108.90664672851562
2018-07-31,109.00150299072266
2018-08-01,111.9423599243164
2018-08-02,112.08466339111328
2018-08-03,111.08855438232422
2018-08-06,107.72080993652344
2018-08-07,109.90272521972656
2018-08-08,110.66166687011719
2018-08-09,119.57910919189453
2018-08-10,116.92284393310547
2018-08-13,114.40888214111328
2018-08-14,113.22306060791016
2018-08-16,111.98979187011719
2018-08-17,112.65387725830078
2018-08-20,111.9423599243164
2018-08-21,111.98979187011719
2018-08-23,113.27049255371094
2018-08-24,115.92674255371094
2018-08-27,115.35753631591797
2018-08-28,115.40497589111328
2018-08-29,115.78445434570312
2018-08-30,115.87932586669922
2018-08-31,115.78445434570312
2018-09-03,110.61422729492188
2018-09-04,114.17172241210938
2018-09-05,114.8864974975586
2018-09-06,115.31534576416016
2018-09-07,115.31534576416016
2018-09-10,113.50463104248047
2018-09-11,114.36231231689453
2018-09-12,112.98045349121094
2018-09-14,113.45696258544922
2018-09-17,113.50463104248047
2018-09-18,112.45629119873047
2018-09-19,111.59856414794922
2018-09-21,104.5938720703125
2018-09-24,105.45159149169922
2018-09-25,103.0213851928711
2018-09-26,103.73615264892578
2018-09-27,100.06704711914062
2018-09-28,98.44690704345703
2018-10-01,99.8764419555664
2018-10-03,101.97306823730469
2018-10-04,104.49857330322266
2018-10-05,100.734130859375
2018-10-08,93.3482437133789
2018-10-09,98.16098022460938
2018-10-10,99.11402130126953
2018-10-11,96.77912139892578
2018-10-12,96.77912139892578
2018-10-15,97.20796203613281
2018-10-16,97.39859008789062
2018-10-17,93.72945404052734
2018-10-19,93.30061340332031
2018-10-22,94.63481903076172
2018-10-23,94.01536560058594
2018-10-24,91.58515930175781
2018-10-25,91.68045043945312
2018-10-26,94.77776336669922
2018-10-29,94.53951263427734
2018-10-30,97.20796203613281
2018-10-31,96.49321746826172
2018-11-01,97.5415267944336
2018-11-02,106.73816680908203
2018-11-05,107.64354705810547
2018-11-06,106.54756927490234
2018-11-07,107.45294189453125
2018-11-09,108.0723876953125
2018-11-12,106.59520721435547
2018-11-13,106.88111877441406
2018-11-14,107.64354705810547
2018-11-15,111.36031341552734
2018-11-16,109.64488220214844
2018-11-19,110.5025863647461
2018-11-20,110.5025863647461
2018-11-21,111.26502227783203
2018-11-22,110.93147277832031
2018-11-26,109.78783416748047
2018-11-27,109.59722137451172
2018-11-28,109.69253540039062
2018-11-29,109.83548736572266
2018-11-30,109.59722137451172
2018-12-03,109.64488220214844
2018-12-04,109.83548736572266
2018-12-05,110.26432037353516
2018-12-06,109.59722137451172
2018-12-07,110.02609252929688
2018-12-10,110.55024719238281
2018-12-11,111.07440948486328
2018-12-12,111.64622497558594
2018-12-13,112.50393676757812
2018-12-14,112.88514709472656
2018-12-17,116.8878402709961
2018-12-18,116.8878402709961
2018-12-19,116.36366271972656
2018-12-20,115.36300659179688
2018-12-21,117.0307846069336
2018-12-24,116.36366271972656
2018-12-26,114.60057830810547
2018-12-27,107.21467590332031
2018-12-28,108.1677017211914
2018-12-31,105.30864715576172
2019-01-01,104.11736297607422
2019-01-02,110.9791030883789
2019-01-03,106.59520721435547
2019-01-04,104.0220718383789
2019-01-07,105.68984985351562
2019-01-08,103.59320831298828
2019-01-09,104.8321304321289
2019-01-10,107.6911849975586
2019-01-11,107.5482406616211
2019-01-14,108.78717041015625
2019-01-15,108.5965576171875
2019-01-16,109.1207275390625
2019-01-17,108.02473449707031
2019-01-18,108.0723876953125
2019-01-21,108.73950958251953
2019-01-22,108.45361328125
2019-01-23,107.16703033447266
2019-01-24,104.0220718383789
2019-01-25,101.5442123413086
2019-01-28,100.78178405761719
2019-01-29,101.35359954833984
2019-01-30,101.6871566772461
2019-01-31,101.4012680053711
2019-02-01,100.92475891113281
2019-02-04,100.01937103271484
2019-02-05,98.92340087890625
2019-02-06,97.6368408203125
2019-02-07,98.11334991455078
2019-02-08,98.30394744873047
2019-02-11,95.49253845214844
2019-02-12,96.77912139892578
2019-02-14,100.54354858398438
2019-02-15,99.11402130126953
2019-02-18,96.25497436523438
2019-02-19,96.15965270996094
2019-02-20,95.73078155517578
2019-02-21,95.68313598632812
2019-02-22,100.82943725585938
2019-02-25,98.63750457763672
2019-02-26,96.58851623535156
2019-02-27,96.63616180419922
2019-02-28,97.35092163085938
2019-03-01,99.44757080078125
2019-03-05,108.73950958251953
2019-03-06,106.49991607666016
2019-03-07,106.92877197265625
2019-03-08,106.8334732055664
2019-03-11,107.50059509277344
2019-03-12,112.45629119873047
2019-03-13,116.36366271972656
2019-03-14,110.74085235595703
2019-03-15,108.54890441894531
2019-03-18,107.59588623046875
2019-03-19,106.59520721435547
2019-03-20,104.78446960449219
2019-03-22,103.68850708007812
2019-03-25,100.87710571289062
2019-03-26,100.97240447998047
2019-03-27,102.06837463378906
2019-03-28,102.40193176269531
2019-04-01,106.59520721435547
2019-04-02,105.30864715576172
2019-04-03,109.50193786621094
2019-04-04,107.119384765625
2019-04-05,105.64219665527344
2019-04-08,104.49857330322266
2019-04-09,104.35562896728516
2019-04-10,103.0213851928711
2019-04-11,101.02005767822266
2019-04-12,105.35629272460938
2019-04-15,104.7368392944336
2019-04-16,104.45091247558594
2019-04-18,102.49724578857422
2019-04-22,102.1636734008789
2019-04-23,101.92542266845703
2019-04-24,104.16503143310547
2019-04-25,102.73548889160156
2019-04-26,102.78314208984375
2019-04-30,100.16232299804688
2019-05-02,100.59120178222656
2019-05-03,100.6865005493164
2019-05-06,99.6858139038086
2019-05-07,99.16168212890625
2019-05-08,99.06635284423828
2019-05-09,99.06635284423828
2019-05-10,97.11267852783203
2019-05-13,96.92205810546875
2019-05-14,99.8764419555664
2019-05-15,97.30329132080078
2019-05-16,96.44556427001953
2019-05-17,98.63750457763672
2019-05-20,114.17172241210938
2019-05-21,104.7368392944336
2019-05-22,105.11804962158203
2019-05-23,102.592529296875
2019-05-24,104.7368392944336
2019-05-27,104.16503143310547
2019-05-28,104.06971740722656
2019-05-29,105.83280181884766
2019-05-30,103.92676544189453
2019-05-31,103.59320831298828
2019-06-03,102.92607879638672
2019-06-04,101.44891357421875
2019-06-06,104.49857330322266
2019-06-07,103.35494995117188
2019-06-10,102.21133422851562
2019-06-11,102.49724578857422
2019-06-12,104.7368392944336
2019-06-13,105.260986328125
2019-06-14,105.64219665527344
2019-06-17,104.8321304321289
2019-06-18,101.78248596191406
2019-06-19,100.92475891113281
2019-06-20,100.6865005493164
2019-06-21,99.20931243896484
2019-06-24,99.30461120605469
2019-06-25,99.2569580078125
2019-06-26,98.54220581054688
2019-06-27,98.63750457763672
2019-06-28,98.92340087890625
2019-07-01,98.44690704345703
2019-07-02,99.39991760253906
2019-07-03,99.35226440429688
2019-07-04,99.11402130126953
2019-07-05,97.97039031982422
2019-07-08,98.11334991455078
2019-07-09,98.11334991455078
2019-07-10,97.44623565673828
2019-07-11,98.0180435180664
2019-07-12,96.06436157226562
2019-07-15,94.58716583251953
2019-07-16,93.30061340332031
2019-07-17,96.35025787353516
2019-07-18,93.01469421386719
2019-07-19,97.92274475097656
2019-07-22,92.91938018798828
2019-07-23,91.6328125
2019-07-24,88.20194244384766
2019-07-25,82.96034240722656
2019-07-26,79.81536865234375
2019-07-29,79.95831298828125
2019-07-30,81.43550872802734
2019-07-31,97.20796203613281
2019-08-01,95.87374877929688
2019-08-02,96.73146057128906
2019-08-05,97.11267852783203
2019-08-06,95.25428771972656
2019-08-07,92.77642822265625
2019-08-08,92.15696716308594
2019-08-09,95.3495864868164
2019-08-13,95.49253845214844
2019-08-14,100.06704711914062
2019-08-16,95.87374877929688
2019-08-19,97.16031646728516
2019-08-20,100.82943725585938
2019-08-21,99.06635284423828
2019-08-22,97.06501770019531
2019-08-23,98.35160064697266
2019-08-26,95.49253845214844
2019-08-27,96.35025787353516
2019-08-28,95.58784484863281
2019-08-29,95.635498046875
2019-08-30,94.53951263427734
2019-09-03,93.5388412475586
2019-09-04,98.25628662109375
2019-09-05,96.20731353759766
2019-09-06,92.82408142089844
2019-09-09,92.68113708496094
2019-09-11,94.34891510009766
2019-09-12,93.96770477294922
2019-09-13,93.01469421386719
2019-09-16,92.5858383178711
2019-09-17,91.20394897460938
2019-09-18,89.53617095947266
2019-09-19,87.63014221191406
2019-09-20,87.8683853149414
2019-09-23,101.30596160888672
2019-09-24,98.54220581054688
2019-09-25,96.6838150024414
2019-09-26,99.2569580078125
2019-09-27,99.01872253417969
2019-09-30,98.63750457763672
2019-10-01,99.59052276611328
2019-10-03,96.73146057128906
2019-10-04,95.30194091796875
2019-10-07,96.63616180419922
2019-10-09,95.77845001220703
2019-10-10,95.30194091796875
2019-10-11,97.11267852783203
2019-10-14,95.25428771972656
2019-10-15,99.39991760253906
2019-10-16,94.11067199707031
2019-10-17,92.5858383178711
2019-10-18,95.15898895263672
2019-10-22,93.3482437133789
2019-10-23,92.63348388671875
2019-10-24,93.01469421386719
2019-10-25,90.96568298339844
2019-10-27,92.15696716308594
2019-10-29,93.49119567871094
2019-10-30,93.30061340332031
2019-10-31,96.06436157226562
2019-11-01,99.6858139038086
2019-11-04,101.11536407470703
2019-11-05,98.39924621582031
2019-11-06,97.6368408203125
2019-11-07,99.35226440429688
2019-11-08,95.77845001220703
2019-11-11,95.96903991699219
2019-11-13,96.11200714111328
2019-11-14,94.57958221435547
2019-11-15,93.47814178466797
2019-11-18,94.34012603759766
2019-11-19,93.23869323730469
2019-11-20,93.57391357421875
2019-11-21,92.71192932128906
2019-11-22,94.19646453857422
2019-11-25,93.76548767089844
2019-11-26,91.84993743896484
2019-11-27,91.65837860107422
2019-11-28,90.50907135009766
2019-11-29,89.838623046875
2019-12-02,90.22173309326172
2019-12-03,88.97663116455078
2019-12-04,89.0724105834961
2019-12-05,89.45552825927734
2019-12-06,91.03583526611328
2019-12-09,89.5033950805664
2019-12-10,88.1146469116211
2019-12-11,90.0301742553711
2019-12-12,89.1681900024414
2019-12-13,88.78507232666016
2019-12-16,87.87519836425781
2019-12-17,91.03583526611328
2019-12-18,87.53998565673828
2019-12-19,87.25264739990234
2019-12-20,89.0724105834961
2019-12-23,86.58220672607422
2019-12-24,88.30619812011719
2019-12-26,89.5512924194336
2019-12-27,88.59352111816406
2019-12-30,89.6949691772461
2019-12-31,90.07807159423828
2020-01-01,90.07807159423828
2020-01-02,92.08937072753906
2020-01-03,92.32881927490234
2020-01-06,90.0301742553711
2020-01-07,91.03583526611328
2020-01-08,90.6048355102539
2020-01-09,91.99361419677734
2020-01-10,94.86691284179688
2020-01-13,95.05845642089844
2020-01-14,93.86124420166016
2020-01-15,93.19082641601562
2020-01-16,92.32881927490234
2020-01-17,93.86124420166016
2020-01-20,92.32881927490234
2020-01-21,92.61614990234375
2020-01-22,92.56826782226562
2020-01-23,92.61614990234375
2020-01-24,93.47814178466797
2020-01-27,92.13726043701172
2020-01-28,93.57391357421875
2020-01-29,94.1007080078125
2020-01-30,93.76548767089844
2020-01-31,93.86124420166016
2020-02-03,95.34579467773438
2020-02-04,92.4245834350586
2020-02-05,91.17949676513672
2020-02-06,90.26961517333984
2020-02-07,91.17949676513672
2020-02-10,89.79073333740234
2020-02-11,91.94571685791016
2020-02-12,90.55695343017578
2020-02-13,89.12029266357422
2020-02-14,90.17383575439453
2020-02-17,88.68930053710938
2020-02-18,87.30055236816406
2020-02-19,90.98795318603516
2020-02-20,95.82466888427734
2020-02-24,90.1259536743164
2020-02-25,89.79073333740234
2020-02-26,88.06676483154297
2020-02-27,88.16253662109375
2020-02-28,91.08372497558594
2020-03-02,87.10897827148438
2020-03-03,89.6949691772461
2020-03-04,89.6470718383789
2020-03-05,86.6780014038086
2020-03-06,85.28923034667969
2020-03-09,80.69193267822266
2020-03-11,79.5426254272461
2020-03-12,77.57919311523438
2020-03-13,74.75377655029297
2020-03-16,69.82128143310547
2020-03-17,64.84088897705078
2020-03-18,52.15046310424805
2020-03-19,49.13349533081055
2020-03-20,48.36728286743164
2020-03-23,47.026397705078125
2020-03-24,48.12783432006836
2020-03-25,50.953250885009766
2020-03-26,52.868778228759766
2020-03-27,55.35898208618164
2020-03-30,54.640655517578125
2020-03-31,56.029422760009766
2020-04-01,54.35332489013672
2020-04-03,54.06599426269531
2020-04-07,55.07164764404297
2020-04-08,60.53092956542969
2020-04-09,64.4098892211914
2020-04-13,62.015464782714844
2020-04-15,63.212677001953125
2020-04-16,61.72813415527344
2020-04-17,62.20701599121094
2020-04-20,63.93100357055664
2020-04-21,61.345035552978516
2020-04-22,65.65499114990234
2020-04-23,64.98455047607422
2020-04-24,63.40422821044922
2020-04-27,62.78168487548828
2020-04-28,62.15913009643555
2020-04-29,73.84390258789062
2020-04-30,73.36502075195312
2020-05-04,65.9902114868164
2020-05-05,66.27753448486328
2020-05-06,66.90007781982422
2020-05-07,64.5535659790039
2020-05-08,62.87746047973633
2020-05-11,61.153472900390625
2020-05-12,60.57881546020508
2020-05-13,63.356346130371094
2020-05-14,62.15913009643555
2020-05-15,62.25491714477539
2020-05-18,58.95061111450195
2020-05-19,58.66328048706055
2020-05-20,58.90272521972656
2020-05-21,58.759056091308594
2020-05-22,57.897064208984375
2020-05-26,58.28017044067383
2020-05-27,59.38161087036133
2020-05-28,59.38161087036133
2020-05-29,60.818260192871094
2020-06-01,64.12255096435547
2020-06-02,62.97322463989258
2020-06-03,63.16480255126953
2020-06-04,63.02113342285156
2020-06-05,65.31977844238281
2020-06-08,70.77904510498047
2020-06-09,67.8099594116211
2020-06-10,66.22964477539062
2020-06-11,66.32542419433594
2020-06-12,67.37895965576172
2020-06-15,65.31977844238281
2020-06-16,64.5535659790039
2020-06-17,68.67195129394531
2020-06-18,73.12556457519531
2020-06-19,72.59881591796875
2020-06-22,70.87482452392578
2020-06-23,70.58748626708984
2020-06-24,69.24661254882812
2020-06-25,68.62406158447266
2020-06-26,69.15083312988281
2020-06-29,67.04375457763672
2020-06-30,65.70287322998047
2020-07-01,66.56487274169922
2020-07-02,67.09164428710938
2020-07-03,70.39594268798828
2020-07-06,82.224365234375
2020-07-07,76.38198852539062
2020-07-08,72.07203674316406
2020-07-09,69.34239959716797
2020-07-10,67.04375457763672
2020-07-13,64.45777130126953
2020-07-14,65.51131439208984
2020-07-15,64.36199188232422
2020-07-16,64.6014404296875
2020-07-17,62.25491714477539
2020-07-20,61.153472900390625
2020-07-21,62.111244201660156
2020-07-22,62.92534255981445
2020-07-23,62.59012985229492
2020-07-24,61.20137023925781
2020-07-27,60.243595123291016
2020-07-28,60.770362854003906
2020-07-29,61.29714584350586
2020-07-30,59.90837478637695
2020-07-31,59.81260299682617
2020-08-03,61.919700622558594
2020-08-04,61.1055908203125
2020-08-05,61.536582946777344
2020-08-06,61.20137023925781
2020-08-07,61.29714584350586
2020-08-10,62.59012985229492
2020-08-11,62.30279541015625
2020-08-12,61.29714584350586
2020-08-13,62.25491714477539
2020-08-14,62.92534255981445
2020-08-17,62.63801574707031
2020-08-18,62.97322463989258
2020-08-19,64.69723510742188
2020-08-20,71.59313201904297
2020-08-21,72.64668273925781
2020-08-24,70.49171447753906
2020-08-25,71.88047790527344
2020-08-26,70.39594268798828
2020-08-27,71.83258056640625
2020-08-28,77.81864166259766
2020-08-31,72.31147003173828
2020-09-01,68.91138458251953
2020-09-02,70.3001480102539
2020-09-03,71.01849365234375
2020-09-04,70.25226593017578
2020-09-07,72.50301361083984
2020-09-08,70.01282501220703
2020-09-09,67.95362854003906
2020-09-10,69.19873046875
2020-09-11,68.00151824951172
2020-09-14,70.53961181640625
2020-09-15,75.18477630615234
2020-09-16,74.37065887451172
2020-09-17,70.77904510498047
2020-09-18,70.25226593017578
2020-09-21,66.5169677734375
2020-09-22,65.60709381103516
2020-09-23,67.42684936523438
2020-09-24,66.32542419433594
2020-09-25,67.18742370605469
2020-09-28,66.42119598388672
2020-09-29,66.42119598388672
2020-09-30,65.70287322998047
2020-10-01,65.9902114868164
2020-10-05,68.04939270019531
2020-10-06,68.86351013183594
2020-10-07,68.95928955078125
2020-10-08,69.0071792602539
2020-10-09,69.24661254882812
2020-10-12,69.34239959716797
2020-10-13,69.67760467529297
2020-10-14,70.20438385009766
2020-10-15,67.37895965576172
2020-10-16,67.09164428710938
2020-10-19,67.33108520507812
2020-10-20,67.33108520507812
2020-10-21,66.75640106201172
2020-10-22,66.03809356689453
2020-10-23,66.56487274169922
2020-10-26,66.42119598388672
2020-10-27,66.56487274169922
2020-10-28,66.56487274169922
2020-10-29,65.94232177734375
2020-10-30,66.9479751586914
2020-11-02,67.09164428710938
2020-11-03,65.65499114990234
2020-11-04,68.28885650634766
2020-11-05,68.91138458251953
2020-11-06,68.240966796875
2020-11-09,67.13951873779297
2020-11-10,67.61841583251953
2020-11-11,67.61841583251953
2020-11-12,68.62406158447266
2020-11-13,68.76773071289062
2020-11-14,68.57617950439453
2020-11-17,71.49737548828125
2020-11-18,69.82128143310547
2020-11-19,74.08333587646484
2020-11-20,71.88047790527344
2020-11-23,71.01849365234375
2020-11-24,70.87482452392578
2020-11-25,69.91705322265625
2020-11-26,71.25792694091797
2020-11-27,71.40159606933594
2020-12-01,73.60445404052734
2020-12-02,76.09466552734375
2020-12-03,79.2073974609375
2020-12-04,80.40460205078125
2020-12-07,80.3567123413086
2020-12-08,77.33975219726562
2020-12-09,77.77074432373047
2020-12-10,82.224365234375
2020-12-11,81.41026306152344
2020-12-14,79.6384048461914
2020-12-15,80.9792709350586
2020-12-16,81.07504272460938
2020-12-17,80.02149963378906
2020-12-18,80.02149963378906
2020-12-21,74.84956359863281
2020-12-22,76.42989349365234
2020-12-23,77.14820861816406
2020-12-24,77.72286224365234
2020-12-28,77.24398803710938
2020-12-29,77.86653137207031
2020-12-30,76.57353973388672
2020-12-31,77.77074432373047
2021-01-01,77.53130340576172
2021-01-04,77.96231079101562
2021-01-05,77.77074432373047
2021-01-06,80.69193267822266
2021-01-07,80.54828643798828
2021-01-08,85.24134063720703
2021-01-11,92.23306274414062
2021-01-12,93.86124420166016
2021-01-13,88.880859375
2021-01-14,90.46117401123047
2021-01-15,88.49775695800781
2021-01-18,85.6723403930664
2021-01-19,86.10332489013672
2021-01-20,83.3258056640625
2021-01-21,81.60182189941406
2021-01-22,85.14556884765625
2021-01-25,82.51170349121094
2021-01-27,80.69193267822266
2021-01-28,81.1229476928711
2021-01-29,80.40460205078125
2021-02-01,81.02716064453125
2021-02-02,83.75679779052734
2021-02-03,85.72023010253906
2021-02-04,87.01321411132812
2021-02-05,87.5878677368164
2021-02-08,91.80204010009766
2021-02-09,92.71192932128906
2021-02-10,94.24436950683594
2021-02-11,97.30921936035156
2021-02-12,94.53169250488281
2021-02-15,93.76548767089844
2021-02-16,92.99925994873047
2021-02-17,95.48945617675781
2021-02-18,105.6896743774414
2021-02-19,105.11502075195312
2021-02-22,99.5599594116211
2021-02-23,101.283935546875
2021-02-24,101.23604583740234
2021-02-25,99.94307708740234
2021-02-26,96.59088897705078
2021-03-01,108.0841064453125
2021-03-02,105.45024108886719
2021-03-03,106.02489471435547
2021-03-04,105.8333511352539
2021-03-05,107.1263198852539
2021-03-08,104.77980041503906
2021-03-09,102.28961944580078
2021-03-10,100.32617950439453
2021-03-12,97.35710144042969
2021-03-15,96.1598892211914
2021-03-16,103.53469848632812
2021-03-17,99.75151062011719
2021-03-18,97.97965240478516
2021-03-19,98.79375457763672
2021-03-22,98.12332153320312
2021-03-23,99.22474670410156
2021-03-24,97.35710144042969
2021-03-25,96.92610931396484
2021-03-26,97.64442443847656
2021-03-30,97.83598327636719
2021-03-31,97.50077056884766
2021-04-01,97.452880859375
2021-04-05,96.25566864013672
2021-04-06,97.1176528930664
2021-04-07,97.02188873291016
2021-04-08,96.59088897705078
2021-04-09,97.1655502319336
2021-04-12,93.19082641601562
2021-04-13,94.53169250488281
2021-04-15,98.02753448486328
2021-04-16,97.59654235839844
2021-04-19,96.3514404296875
2021-04-20,97.1176528930664
2021-04-22,97.1655502319336
2021-04-23,97.83598327636719
2021-04-26,97.1655502319336
2021-04-27,97.1176528930664
2021-04-28,97.50077056884766
2021-04-29,96.207763671875
2021-04-30,96.49510192871094
2021-05-03,99.79940032958984
2021-05-04,96.207763671875
2021-05-05,97.21343231201172
2021-05-06,95.44157409667969
2021-05-07,95.72888946533203
2021-05-10,95.34579467773438
2021-05-11,96.1598892211914
2021-05-12,92.75980377197266
2021-05-14,92.56826782226562
2021-05-17,93.38236236572266
2021-05-18,92.61614990234375
2021-05-19,96.3514404296875
2021-05-20,93.90914154052734
2021-05-21,94.34012603759766
2021-05-24,93.86124420166016
2021-05-25,93.71757507324219
2021-05-26,98.21910858154297
2021-05-27,97.97965240478516
2021-05-28,96.73456573486328
2021-05-31,97.06977081298828
2021-06-01,102.96003723144531
2021-06-02,110.52641296386719
2021-06-03,108.46720886230469
2021-06-04,108.27565002441406
2021-06-07,117.3265609741211
2021-06-08,114.3095932006836
2021-06-09,111.19683837890625
2021-06-10,112.82505798339844
2021-06-11,111.5799560546875
2021-06-14,109.85596466064453
2021-06-15,115.0758056640625
2021-06-16,111.8672866821289
2021-06-17,110.478515625
2021-06-18,108.37142944335938
2021-06-21,116.56034088134766
2021-06-22,115.65045928955078
2021-06-23,113.97437286376953
2021-06-24,113.01660919189453
2021-06-25,115.79412841796875
2021-06-28,113.59126281738281
2021-06-29,118.14067077636719
2021-06-30,118.09278106689453
2021-07-01,117.51811218261719
2021-07-02,116.99134826660156
2021-07-05,117.08710479736328
2021-07-06,119.9604263305664
2021-07-07,121.30131530761719
2021-07-08,119.8646469116211
2021-07-09,117.85333251953125
2021-07-12,117.9491195678711
2021-07-13,118.42799377441406
2021-07-14,117.99698638916016
2021-07-15,125.70703125
2021-07-16,129.82542419433594
2021-07-19,126.13803100585938
2021-07-20,119.57731628417969
2021-07-22,127.3352279663086
2021-07-23,122.97738647460938
2021-07-26,122.211181640625
2021-07-27,117.51811218261719
2021-07-28,116.65613555908203
2021-07-29,116.70401000976562
2021-07-30,117.08710479736328
2021-08-02,115.0758056640625
2021-08-03,117.9012222290039
2021-08-04,115.3631362915039
2021-08-05,116.0335693359375
2021-08-06,114.0701675415039
2021-08-09,115.02792358398438
2021-08-10,109.28131103515625
2021-08-11,109.13764190673828
2021-08-12,110.09541320800781
2021-08-13,113.20816040039062
2021-08-16,124.0788345336914
2021-08-17,129.3465576171875
2021-08-18,125.80280303955078
2021-08-20,120.58296966552734
2021-08-23,119.72097778320312
2021-08-24,120.15196990966797
2021-08-25,119.28999328613281
2021-08-26,117.66178131103516
2021-08-27,117.80545043945312
2021-08-30,117.70967102050781
2021-08-31,123.64784240722656
2021-09-01,128.1493377685547
2021-09-02,137.39178466796875
2021-09-03,137.2481231689453
2021-09-06,142.0369873046875
2021-09-07,133.8778076171875
2021-09-08,136.87110900878906
2021-09-09,137.54701232910156
2021-09-13,133.3467559814453
2021-09-14,134.6985626220703
2021-09-15,135.13307189941406
2021-09-16,133.78126525878906
2021-09-17,134.21578979492188
2021-09-20,130.40171813964844
2021-09-21,128.03604125976562
2021-09-22,127.6015396118164
2021-09-23,133.39501953125
2021-09-24,130.11203002929688
2021-09-27,128.71194458007812
2021-09-28,137.06422424316406
2021-09-29,139.62301635742188
2021-09-30,153.96188354492188
2021-10-01,167.9145050048828
2021-10-04,176.89442443847656
2021-10-05,171.969970703125
2021-10-06,173.75631713867188
2021-10-07,168.2524871826172
2021-10-08,166.51443481445312
2021-10-11,162.0244903564453
2021-10-12,165.01780700683594
2021-10-13,163.37632751464844
2021-10-14,162.74868774414062
2021-10-18,159.41744995117188
2021-10-19,158.9346466064453
2021-10-20,158.403564453125
2021-10-21,162.07278442382812
2021-10-22,172.83900451660156
2021-10-25,167.0455322265625
2021-10-26,163.9073944091797
2021-10-27,163.9073944091797
2021-10-28,172.64588928222656
2021-10-29,185.19845581054688
2021-11-01,194.4197235107422
2021-11-02,203.73760986328125
2021-11-03,194.7576904296875
2021-11-04,192.6334228515625
2021-11-08,196.3210906982422
2021-11-09,204.42430114746094
2021-11-10,212.67311096191406
2021-11-11,214.85659790039062
2021-11-12,204.7154541015625
2021-11-15,189.96469116210938
2021-11-16,185.79176330566406
2021-11-17,182.49227905273438
2021-11-18,175.16542053222656
2021-11-22,161.87030029296875
2021-11-23,177.78558349609375
2021-11-24,177.78558349609375
2021-11-25,181.18214416503906
2021-11-26,170.0220184326172
2021-11-29,176.03878784179688
2021-11-30,180.4058074951172
2021-12-01,184.77281188964844
2021-12-02,177.05776977539062
2021-12-03,178.0767364501953
2021-12-06,177.00921630859375
2021-12-07,175.84469604492188
2021-12-08,176.66958618164062
2021-12-09,178.901611328125
2021-12-10,179.2412567138672
2021-12-13,179.4353485107422
2021-12-14,184.33612060546875
2021-12-15,181.47329711914062
2021-12-16,176.52401733398438
2021-12-17,169.77943420410156
2021-12-20,176.23287963867188
2021-12-21,173.17596435546875
2021-12-22,174.24346923828125
2021-12-23,171.33212280273438
2021-12-24,169.19715881347656
2021-12-27,167.4503631591797
2021-12-28,171.04098510742188
2021-12-29,172.59371948242188
2021-12-30,176.23287963867188
2021-12-31,183.8508758544922
2022-01-03,185.7432403564453
2022-01-04,182.05557250976562
2022-01-05,178.75601196289062
2022-01-06,176.28140258789062
2022-01-07,173.32154846191406
2022-01-10,175.26243591308594
2022-01-11,173.2730255126953
2022-01-12,173.85528564453125
2022-01-13,173.4671173095703
2022-01-14,196.02996826171875
2022-01-17,198.5045928955078
2022-01-18,194.04055786132812
2022-01-19,191.0321502685547
2022-01-20,189.91616821289062
2022-01-21,196.36962890625
2022-01-24,181.76443481445312
2022-01-25,207.96646118164062
2022-01-27,201.70709228515625
2022-01-28,201.46446228027344
2022-01-31,197.00042724609375
2022-02-01,200.00881958007812
2022-02-02,203.7935333251953
2022-02-03,199.5720977783203
2022-02-04,203.69647216796875
2022-02-07,201.85264587402344
2022-02-08,203.21128845214844
2022-02-09,198.7957305908203
2022-02-10,201.2218475341797
2022-02-11,197.24301147460938
2022-02-14,181.08511352539062
2022-02-15,180.26023864746094
2022-02-16,187.44151306152344
2022-02-17,183.0745391845703
2022-02-18,182.78338623046875
2022-02-21,171.235107421875
2022-02-22,173.41859436035156
2022-02-23,174.3405303955078
2022-02-24,155.85354614257812
2022-02-25,175.26243591308594
2022-02-28,170.79840087890625
2022-03-02,174.14642333984375
2022-03-03,173.70973205566406
2022-03-04,170.6042938232422
2022-03-07,169.58534240722656
2022-03-08,170.65284729003906
2022-03-09,172.0599822998047
2022-03-10,176.08731079101562
2022-03-11,177.2518310546875
2022-03-14,177.44593811035156
2022-03-15,173.3700714111328
2022-03-16,178.0281982421875
2022-03-17,182.39520263671875
2022-03-21,183.80235290527344
2022-03-22,186.81072998046875
2022-03-23,193.3126983642578
2022-03-24,197.19451904296875
2022-03-25,197.0489501953125
2022-03-28,188.80015563964844
2022-03-29,192.19671630859375
2022-03-30,191.371826171875
2022-03-31,196.17555236816406
2022-04-01,197.8253173828125
2022-04-04,197.63121032714844
2022-04-05,205.49180603027344
2022-04-06,202.28933715820312
2022-04-07,196.12701416015625
2022-04-08,197.5341796875
2022-04-11,199.3294677734375
2022-04-12,197.8253173828125
2022-04-13,200.05731201171875
2022-04-18,200.78514099121094
2022-04-19,198.16494750976562
2022-04-20,195.9814453125
2022-04-21,193.9435272216797
2022-04-22,193.9435272216797
2022-04-25,191.4688720703125
2022-04-26,196.66075134277344
2022-04-27,191.4688720703125
2022-04-28,192.73046875
2022-04-29,187.15040588378906
2022-05-02,187.5871124267578
2022-05-04,185.16098022460938
2022-05-05,181.08511352539062
2022-05-06,178.99867248535156
2022-05-09,173.41859436035156
2022-05-10,171.9629364013672
2022-05-11,167.2562713623047
2022-05-12,173.85528564453125
2022-05-13,168.51783752441406
2022-05-16,168.71194458007812
2022-05-17,174.14642333984375
2022-05-18,173.12744140625
2022-05-19,170.16758728027344
2022-05-20,173.80679321289062
2022-05-23,173.5641632080078
2022-05-24,174.14642333984375
2022-05-25,173.75823974609375
2022-05-26,179.92059326171875
2022-05-27,170.45872497558594
2022-05-30,170.41024780273438
2022-05-31,165.266845703125
2022-06-01,163.32595825195312
2022-06-02,166.09170532226562
2022-06-03,163.47152709960938
2022-06-06,159.00750732421875
2022-06-07,160.26904296875
2022-06-08,157.79443359375
2022-06-09,161.77325439453125
2022-06-10,158.7163543701172
2022-06-13,150.66165161132812
2022-06-14,151.24392700195312
2022-06-15,153.9126434326172
2022-06-16,147.992919921875
2022-06-17,154.10671997070312
2022-06-20,151.632080078125
2022-06-21,152.84515380859375
2022-06-22,146.7798614501953
2022-06-23,154.2037811279297
2022-06-24,152.40843200683594
2022-06-27,153.184814453125
2022-06-28,151.14688110351562
2022-06-29,152.79664611816406
2022-06-30,151.7291259765625
2022-07-01,150.8072052001953
2022-07-04,149.64268493652344
2022-07-05,154.54342651367188
2022-07-06,155.46536254882812
2022-07-07,159.78384399414062
2022-07-08,158.0370330810547
2022-07-11,156.29025268554688
2022-07-12,155.659423828125
2022-07-13,152.79664611816406
2022-07-14,152.3599395751953
2022-07-15,150.95278930664062
2022-07-18,152.8936767578125
2022-07-19,153.52447509765625
2022-07-20,162.98629760742188
2022-07-21,167.69297790527344
2022-07-22,167.1106719970703
2022-07-25,168.3722686767578
2022-07-26,171.623291015625
2022-07-27,166.1402587890625
2022-07-28,165.1697998046875
2022-07-29,165.80059814453125
2022-08-01,175.60208129882812
2022-08-02,187.24742126464844
2022-08-03,183.9964599609375
2022-08-04,180.93954467773438
2022-08-05,183.70530700683594
2022-08-08,186.90780639648438
2022-08-10,189.18833923339844
2022-08-11,189.3350830078125
2022-08-12,185.56890869140625
2022-08-16,189.7752685546875
2022-08-17,192.17190551757812
2022-08-18,194.07945251464844
2022-08-19,193.1990509033203
2022-08-22,193.73707580566406
2022-08-23,196.5249786376953
2022-08-24,195.40003967285156
2022-08-25,198.18800354003906
2022-08-26,195.8402557373047
2022-08-29,193.10122680664062
2022-08-30,200.48680114746094
2022-09-01,205.28012084960938
2022-09-02,209.29083251953125
2022-09-05,226.2140655517578
2022-09-06,213.15478515625
2022-09-07,213.20372009277344
2022-09-08,211.9320068359375
2022-09-09,216.2362060546875
2022-09-12,214.57322692871094
2022-09-13,214.71995544433594
2022-09-14,216.28512573242188
2022-09-15,215.60037231445312
2022-09-16,218.04591369628906
2022-09-19,233.20835876464844
2022-09-20,223.96414184570312
2022-09-21,226.3607940673828
2022-09-22,224.20870971679688
2022-09-23,227.04559326171875
2022-09-26,227.68141174316406
2022-09-27,224.9912872314453
2022-09-28,226.0184326171875
2022-09-29,227.094482421875
2022-09-30,229.78457641601562
2022-10-03,249.9359893798828
2022-10-04,263.2887268066406
2022-10-06,253.3597412109375
2022-10-07,248.02845764160156
2022-10-10,254.8759765625
2022-10-11,248.66429138183594
2022-10-12,260.50079345703125
2022-10-13,251.8924102783203
2022-10-14,258.0552673339844
2022-10-17,262.7017822265625
2022-10-18,259.0334167480469
2022-10-19,263.1908874511719
2022-10-20,266.4679260253906
2022-10-21,280.55438232421875
2022-10-24,277.42401123046875
2022-10-25,283.4401550292969
2022-10-27,293.7603454589844
2022-10-28,283.4401550292969
2022-10-31,273.706787109375
2022-11-01,271.55474853515625
2022-11-02,277.0816345214844
2022-11-03,275.32086181640625
2022-11-04,279.1848449707031
2022-11-07,281.8260803222656
2022-11-09,281.3858642578125
2022-11-10,273.8535461425781
2022-11-11,266.2723388671875
2022-11-14,267.8374328613281
2022-11-15,275.5165100097656
2022-11-16,279.38055419921875
2022-11-17,270.6253967285156
2022-11-18,283.4401550292969
2022-11-21,276.3969421386719
2022-11-22,275.5165100097656
2022-11-23,270.28302001953125
2022-11-24,272.09271240234375
2022-11-25,269.5982971191406
2022-11-28,269.5004577636719
2022-11-29,274.1959228515625
2022-11-30,280.7010803222656
2022-12-01,287.10845947265625
2022-12-02,283.8803405761719
2022-12-05,282.1684265136719
2022-12-06,280.2608947753906
2022-12-07,281.92388916015625
2022-12-08,293.36907958984375
2022-12-09,285.200927734375
2022-12-12,287.69537353515625
2022-12-13,288.086669921875
2022-12-14,297.6243896484375
2022-12-15,291.3148193359375
2022-12-16,287.7932434082031
2022-12-19,288.4290771484375
2022-12-20,292.8799743652344
2022-12-21,279.4294128417969
2022-12-22,260.0116882324219
2022-12-23,246.12091064453125
2022-12-26,263.53326416015625
2022-12-27,266.66357421875
2022-12-28,258.2019958496094
2022-12-29,253.06629943847656
2022-12-30,254.58251953125
2023-01-02,244.1155548095703
2023-01-03,239.3711700439453
2023-01-04,241.2298126220703
2023-01-05,239.27337646484375
2023-01-06,248.22410583496094
2023-01-09,254.04454040527344
2023-01-10,254.14231872558594
2023-01-11,258.8867492675781
2023-01-12,268.27764892578125
2023-01-13,268.5711364746094
2023-01-16,286.5704650878906
2023-01-17,284.1249084472656
2023-01-18,282.75537109375
2023-01-19,273.5600891113281
2023-01-20,268.6689147949219
2023-01-23,269.6960754394531
2023-01-24,269.7450256347656
2023-01-25,266.9081726074219
2023-01-27,267.6418151855469
2023-01-30,258.739990234375
2023-01-31,265.3429870605469
2023-02-01,261.8214111328125
2023-02-02,255.41403198242188
2023-02-03,258.3976135253906
2023-02-06,258.1530456542969
2023-02-07,272.6307678222656
2023-02-08,278.5490417480469
2023-02-09,277.6686096191406
2023-02-10,274.7339172363281
2023-02-13,276.25018310546875
2023-02-14,276.4458312988281
2023-02-15,283.4401550292969
2023-02-16,285.44549560546875
2023-02-17,278.2066345214844
2023-02-20,293.3201599121094
2023-02-21,299.5318908691406
2023-02-22,297.6732482910156
2023-02-23,290.7768249511719
2023-02-24,285.6411437988281
2023-02-27,294.10272216796875
2023-02-28,310.6347351074219
2023-03-01,337.38909912109375
2023-03-02,314.6943664550781
2023-03-03,315.9171447753906
2023-03-06,327.2644958496094
2023-03-08,329.2698669433594
2023-03-09,328.19384765625
2023-03-10,332.25347900390625
2023-03-13,325.45477294921875
2023-03-14,308.5804443359375
2023-03-15,302.3687438964844
2023-03-16,292.9778137207031
2023-03-17,294.29840087890625
2023-03-20,290.9234924316406
2023-03-21,288.5758056640625
2023-03-22,294.4451599121094
2023-03-23,307.7978515625
2023-03-24,302.0263671875
2023-03-27,303.3469543457031
2023-03-28,302.0263671875
2023-03-29,314.35198974609375
2023-03-31,325.8949890136719
2023-04-03,318.6561584472656
2023-04-05,326.0906677246094
2023-04-06,319.8789367675781
2023-04-10,324.8678894042969
2023-04-11,330.83502197265625
2023-04-12,336.5086975097656
2023-04-13,333.96533203125
2023-04-17,327.2644958496094
2023-04-18,326.7264709472656
2023-04-19,330.5415344238281
2023-04-20,334.74798583984375
2023-04-21,335.77508544921875
2023-04-24,332.0088806152344
2023-04-25,333.76971435546875
2023-04-26,359.54583740234375
2023-04-27,357.0513916015625
2023-04-28,357.3448486328125
2023-05-02,342.32916259765625
2023-05-03,335.13922119140625
2023-05-04,348.4430236816406
2023-05-05,349.66583251953125
2023-05-08,379.550537109375
2023-05-09,378.3766784667969
2023-05-10,384.39276123046875
2023-05-11,396.7183837890625
2023-05-12,391.925048828125
2023-05-15,386.4959716796875
2023-05-16,375.93109130859375
2023-05-17,389.6751403808594
2023-05-18,381.70263671875
2023-05-19,369.2303161621094
2023-05-22,392.3163757324219
2023-05-23,391.0935363769531
2023-05-24,394.2727966308594
2023-05-25,385.4687805175781
2023-05-26,391.338134765625
2023-05-29,381.3602294921875
2023-05-30,376.664794921875
2023-05-31,390.8000793457031
2023-06-01,382.9254150390625
2023-06-02,379.94183349609375
2023-06-05,376.8115234375
2023-06-06,391.14251708984375
2023-06-07,398.0389404296875
2023-06-08,403.2724609375
2023-06-09,408.603759765625
2023-06-12,392.5609130859375
2023-06-13,405.6690979003906
2023-06-14,401.4138488769531
2023-06-15,404.7886962890625
2023-06-16,413.8861999511719
2023-06-19,399.0661315917969
2023-06-20,401.0225524902344
2023-06-21,398.08782958984375
2023-06-22,383.3656005859375
2023-06-23,393.8326110839844
2023-06-26,395.4466857910156
2023-06-27,391.0935363769531
2023-06-28,393.490234375
2023-06-30,397.89227294921875
2023-07-03,391.48486328125
2023-07-04,389.3816833496094
2023-07-05,389.8218994140625
2023-07-06,386.98504638671875
2023-07-07,395.4466857910156
2023-07-10,392.365234375
2023-07-11,381.3602294921875
2023-07-12,385.8600769042969
2023-07-13,393.490234375
2023-07-14,386.64263916015625
2023-07-17,380.6755065917969
2023-07-18,391.0446472167969
2023-07-19,391.1913757324219
2023-07-20,395.9846496582031
2023-07-21,397.3052673339844
2023-07-24,391.28924560546875
2023-07-25,395.2021179199219
2023-07-26,395.9846496582031
2023-07-27,391.631591796875
2023-07-28,390.01751708984375
2023-07-31,391.28924560546875
2023-08-01,384.68621826171875
2023-08-02,389.72406005859375
2023-08-03,390.94683837890625
2023-08-04,388.0611267089844
2023-08-07,386.10467529296875
2023-08-08,388.452392578125
2023-08-09,388.9903564453125
2023-08-10,390.3110046386719
2023-08-11,391.2402648925781
2023-08-14,380.5287780761719
2023-08-16,384.39276123046875
2023-08-17,371.8226318359375
2023-08-18,370.1107177734375
2023-08-21,363.11639404296875
2023-08-22,366.6379699707031
2023-08-23,366.344482421875
2023-08-24,378.4744873046875
2023-08-25,379.8440246582031
2023-08-28,378.22991943359375
2023-08-29,381.3602294921875
2023-08-30,378.6212158203125
2023-08-31,382.9254150390625
2023-09-01,380.8711853027344
2023-09-04,380.1374816894531
2023-09-05,380.8222351074219
2023-09-06,382.2406311035156
2023-09-07,397.4031066894531
2023-09-08,394.4195251464844
2023-09-11,404.05499267578125
2023-09-12,392.4631042480469
2023-09-13,384.4416809082031
2023-09-14,390.01751708984375
2023-09-15,423.9129333496094
2023-09-18,423.277099609375
2023-09-20,425.5270080566406
2023-09-21,409.9732971191406
2023-09-22,402.0985412597656
2023-09-25,399.7508544921875
2023-09-26,411.88079833984375
2023-09-27,435.60272216796875
2023-09-28,429.8312072753906
2023-09-29,428.85296630859375
2023-10-03,420.0489501953125
2023-10-04,415.5980529785156
2023-10-05,412.0764465332031
2023-10-06,405.6690979003906
2023-10-09,393.1967468261719
2023-10-10,376.420166015625
2023-10-11,376.51806640625
2023-10-12,373.09429931640625
2023-10-13,367.029296875
2023-10-16,359.49700927734375
2023-10-17,364.43701171875
2023-10-18,362.4805603027344
2023-10-19,358.9589538574219
2023-10-20,357.7850646972656
2023-10-23,338.6119079589844
2023-10-25,321.9332275390625
2023-10-26,309.1184997558594
2023-10-27,330.10137939453125
2023-10-30,331.32415771484375
2023-10-31,351.37774658203125
2023-11-01,351.03533935546875
2023-11-02,383.1699523925781
2023-11-03,383.9525146484375
2023-11-06,369.1324462890625
2023-11-07,383.1699523925781
2023-11-08,378.22991943359375
2023-11-09,395.4466857910156
2023-11-10,394.4684143066406
2023-11-13,394.6640930175781
2023-11-15,394.3217468261719
2023-11-16,395.6423034667969
2023-11-17,399.79974365234375
2023-11-20,414.7665710449219
2023-11-21,411.24493408203125
2023-11-22,404.9842834472656
2023-11-23,409.0439453125
2023-11-24,405.81585693359375
2023-11-28,402.5876770019531
2023-11-29,398.821533203125
2023-11-30,421.4674072265625
2023-12-01,420.78265380859375
2023-12-04,423.13037109375
2023-12-05,425.33135986328125
2023-12-06,413.73944091796875
2023-12-07,407.2342529296875
2023-12-08,408.016845703125
2023-12-11,402.294189453125
2023-12-12,394.2238464355469
2023-12-13,396.4248352050781
2023-12-14,406.1581726074219
2023-12-15,405.17999267578125
2023-12-18,397.4031066894531
2023-12-19,395.5445251464844
2023-12-20,395.3977355957031
2023-12-21,395.0064697265625
2023-12-22,393.1478271484375
2023-12-26,399.4573669433594
2023-12-27,405.47344970703125
2023-12-28,413.2014465332031
2023-12-29,414.91326904296875
2024-01-01,411.0004577636719
2024-01-02,411.9296875
2024-01-03,411.4406433105469
2024-01-04,412.2231750488281
2024-01-05,403.859375
2024-01-08,398.528076171875
2024-01-09,392.805419921875
2024-01-10,384.0992736816406
2024-01-11,389.3327941894531
2024-01-12,394.6151428222656
2024-01-15,408.310302734375
2024-01-16,401.2181701660156
2024-01-17,396.4737548828125
2024-01-18,388.9903564453125
2024-01-19,384.148193359375
2024-01-23,387.6697692871094
2024-01-24,386.1535339355469
2024-01-25,377.3984375
2024-01-29,365.8065185546875
2024-01-30,361.1109924316406
2024-01-31,368.349853515625
2024-02-01,365.0728759765625
2024-02-02,359.2035217285156
2024-02-05,346.2909240722656
2024-02-06,415.54913330078125
2024-02-07,459.37353515625
2024-02-08,458.8354797363281
2024-02-09,456.24322509765625
2024-02-12,419.0218811035156
2024-02-13,435.8472595214844
2024-02-14,427.72802734375
2024-02-15,449.1022033691406
2024-02-16,453.083984375
2024-02-19,450.3311462402344
2024-02-20,443.6457214355469
2024-02-21,446.2510681152344
2024-02-22,447.97161865234375
2024-02-23,449.5937805175781
2024-02-26,448.4140319824219
2024-02-27,451.4617919921875
2024-02-28,458.2455139160156
2024-02-29,489.8045654296875
2024-03-01,483.1683044433594
2024-03-04,484.102294921875
2024-03-05,472.4519958496094
2024-03-06,467.58538818359375
2024-03-07,476.48291015625
2024-03-11,472.5502624511719
2024-03-12,460.2609558105469
2024-03-13,453.32977294921875
2024-03-14,463.3087158203125
2024-03-15,464.2918701171875
2024-03-18,453.7229919433594
2024-03-19,480.12054443359375
2024-03-20,474.4674377441406
2024-03-21,491.32843017578125
2024-03-22,493.8846435546875
2024-03-26,528.5404663085938
2024-03-27,536.799072265625
2024-03-28,527.65576171875
2024-04-01,561.9676513671875
2024-04-02,545.7947998046875
2024-04-03,540.7316284179688
2024-04-04,553.1685180664062
2024-04-05,547.8103637695312
2024-04-08,540.2400512695312
2024-04-09,539.8468017578125
2024-04-10,545.6473388671875
2024-04-12,536.2583618164062
2024-04-15,531.5392456054688
2024-04-16,524.116455078125
2024-04-18,510.4015808105469
2024-04-19,526.8201293945312
2024-04-22,521.904296875
2024-04-23,522.3468017578125
2024-04-24,528.884765625
2024-04-25,522.0518188476562
2024-04-26,526.672607421875
2024-04-29,529.9661254882812
2024-04-30,528.491455078125
2024-05-02,550.169921875
2024-05-03,566.4409790039062
2024-05-06,560.2962646484375
2024-05-07,546.2372436523438
2024-05-08,569.6854248046875
2024-05-09,541.4197998046875
2024-05-10,546.0406494140625
2024-05-13,546.138916015625
2024-05-14,547.1712646484375
2024-05-15,574.7978515625
2024-05-16,594.903076171875
2024-05-17,620.2683715820312
2024-05-21,583.0560913085938
2024-05-22,571.5532836914062
2024-05-23,575.141845703125
2024-05-24,578.5337524414062
2024-05-27,565.3595581054688
2024-05-28,563.3441162109375
2024-05-29,556.9044799804688
2024-05-30,584.0884399414062
2024-05-31,577.3047485351562
2024-06-03,573.4213256835938
2024-06-04,530.9492797851562
2024-06-05,552.3818969726562
2024-06-06,553.31591796875
2024-06-07,545.3033447265625
2024-06-10,547.1221923828125
2024-06-11,540.2400512695312
2024-06-12,557.9859008789062
2024-06-13,556.9535522460938
2024-06-14,564.8679809570312
2024-06-18,566.4409790039062
2024-06-19,584.9241943359375
2024-06-20,581.0407104492188
2024-06-21,589.1517333984375
2024-06-24,576.6657104492188
2024-06-25,587.13623046875
2024-06-26,607.290771484375
2024-06-27,596.2303466796875
2024-06-28,610.0436401367188
2024-07-01,599.4255981445312
2024-07-02,597.2626953125
2024-07-03,634.2290649414062
2024-07-04,634.7206420898438
2024-07-05,624.2992553710938
2024-07-08,618.7935791015625
2024-07-09,619.7276000976562
2024-07-10,616.1882934570312
2024-07-11,619.2360229492188
2024-07-12,620.1209716796875
2024-07-15,624.1026611328125
2024-07-16,631.0830078125
2024-07-18,611.1742553710938
2024-07-19,586.3005981445312
2024-07-22,593.6249389648438
2024-07-23,580.5983276367188
2024-07-24,599.9171142578125
2024-07-25,596.279541015625
2024-07-26,598.6390991210938
2024-07-29,596.9677734375
2024-07-30,591.9537353515625
2024-07-31,584.5800170898438
2024-08-01,594.3624267578125
2024-08-02,597.4593505859375
2024-08-05,585.6124267578125
2024-08-06,609.0113525390625
2024-08-07,627.740234375
2024-08-08,676.5536499023438
2024-08-09,683.9763793945312
2024-08-12,688.843017578125
2024-08-13,773.7869262695312
2024-08-14,784.552490234375
2024-08-16,796.3502807617188
2024-08-19,776.539794921875
2024-08-20,775.3600463867188
2024-08-21,755.1563110351562
2024-08-22,743.1127319335938
2024-08-23,717.3050537109375
2024-08-26,708.014404296875
2024-08-27,737.3121948242188
2024-08-28,719.9596557617188
2024-08-29,707.7194213867188
2024-08-30,708.014404296875
2024-09-02,720.4511108398438
2024-09-03,749.4049072265625
2024-09-04,752.6984252929688
2024-09-05,744.4891967773438
2024-09-06,734.591552734375
2024-09-09,735.3794555664062
2024-09-10,735.9702758789062
2024-09-11,742.3717651367188
2024-09-12,746.9512329101562
2024-09-13,752.663330078125
2024-09-16,775.5608520507812
2024-09-17,725.1863403320312
2024-09-18,731.3909301757812
2024-09-19,729.7657470703125
2024-09-20,721.0499877929688
2024-09-23,726.1218872070312
2024-09-24,718.9818115234375
2024-09-25,702.4365234375
2024-09-26,700.7130737304688
2024-09-27,687.9593505859375
2024-09-30,674.516357421875
2024-10-01,701.8456420898438
2024-10-03,675.8458862304688
2024-10-04,661.1718139648438
2024-10-07,648.6643676757812
2024-10-08,720.1143798828125
2024-10-09,741.042236328125
2024-10-10,733.2620239257812
2024-10-11,783.7349853515625
2024-10-14,786.0986328125
2024-10-15,802.0530395507812
2024-10-16,786.886474609375
2024-10-17,760.9359741210938
2024-10-18,772.5078735351562
2024-10-21,753.7466430664062
2024-10-22,722.4779663085938
2024-10-23,733.5574340820312
2024-10-24,695.4442138671875
2024-10-25,679.7852783203125
2024-10-28,658.2664794921875
2024-10-29,651.569580078125
2024-10-30,661.7626953125
2024-10-31,681.4102172851562
2024-11-01,694.6070556640625
2024-11-04,670.5770263671875
2024-11-05,652.505126953125
2024-11-06,670.1830444335938
2024-11-07,646.0053100585938
2024-11-08,623.846435546875
2024-11-11,615.8690795898438
2024-11-12,638.1265258789062
2024-11-13,635.6644287109375
2024-11-14,645.709716796875
2024-11-18,636.107666015625
2024-11-19,681.1640014648438
2024-11-21,686.6298828125
2024-11-22,673.4330444335938
2024-11-25,752.5648803710938
2024-11-26,811.4581909179688
2024-11-27,822.1929931640625
2024-11-28,785.45849609375
2024-11-29,756.0118408203125
2024-12-02,729.076416015625
2024-12-03,728.4855346679688
2024-12-04,729.076416015625
2024-12-05,728.6332397460938
2024-12-06,744.2921752929688
2024-12-09,768.814697265625
2024-12-10,794.8143920898438
2024-12-11,806.0415649414062
2024-12-12,800.2802124023438
2024-12-13,793.0909423828125
2024-12-16,806.8294677734375
2024-12-17,816.283935546875
2024-12-18,812.1968994140625
2024-12-19,767.8298950195312
2024-12-20,743.2089233398438
2024-12-23,728.583984375
2024-12-24,728.0422973632812
2024-12-26,724.9401245117188
2024-12-27,737.2013549804688
2024-12-30,728.0422973632812
2024-12-31,730.1104736328125
2025-01-01,742.3717651367188
2025-01-02,751.8262329101562
2025-01-03,766.254150390625
2025-01-06,740.8452758789062
2025-01-07,751.0875854492188
2025-01-08,728.0422973632812
2025-01-09,708.4440307617188
2025-01-10,698.8418579101562
2025-01-13,664.9634399414062
2025-01-14,676.8799438476562
2025-01-15,691.307861328125
2025-01-16,690.322998046875
2025-01-17,672.2511596679688
2025-01-20,707.65625
2025-01-21,673.4822387695312
2025-01-22,665.8004760742188
2025-01-23,649.4029541015625
2025-01-24,639.8992309570312
2025-01-27,619.8084716796875
2025-01-28,584.2066040039062
2025-01-29,612.8654174804688
2025-01-30,625.3236694335938
2025-01-31,660.1869506835938
2025-02-01,649.8953247070312
2025-02-03,624.3880004882812
2025-02-04,564.8544921875
2025-02-05,568.941650390625
2025-02-06,562.1226196289062
2025-02-07,575.1676025390625
2025-02-10,561.1836547851562
2025-02-11,550.3128662109375
2025-02-12,569.0404052734375
2025-02-13,559.6519165039062
2025-02-14,581.7889404296875
2025-02-17,540.479736328125
2025-02-18,559.8990478515625
2025-02-19,555.995361328125
2025-02-20,571.0169067382812
2025-02-21,581.2948608398438
2025-02-24,556.9835815429688
2025-02-25,543.5927124023438
2025-02-27,517.8485107421875
2025-02-28,480.29461669921875
2025-03-03,472.68499755859375
2025-03-04,481.1346435546875
2025-03-05,494.8714599609375
2025-03-06,529.4606323242188
2025-03-07,606.2978515625
2025-03-10,559.2072143554688
2025-03-11,524.025146484375
2025-03-12,513.5496215820312
2025-03-13,508.2129821777344
2025-03-17,503.0246276855469
2025-03-18,503.0246276855469
2025-03-19,560.5413208007812
2025-03-20,561.62841796875
2025-03-21,558.9107666015625
2025-03-24,569.0404052734375
2025-03-25,549.1270141601562
2025-03-26,557.2306518554688
2025-03-27,553.8706665039062
2025-03-28,556.9835815429688
2025-04-01,530.1524047851562
2025-04-02,535.5877685546875
2025-04-03,529.1146850585938
2025-04-04,512.3143310546875
2025-04-07,487.60772705078125
2025-04-08,482.6664733886719
2025-04-09,471.7461853027344
2025-04-11,489.97955322265625
2025-04-15,501.39398193359375
2025-04-16,506.9282531738281
2025-04-17,503.9140319824219
2025-04-21,506.58233642578125
2025-04-22,503.7164001464844
2025-04-23,515.1307983398438
2025-04-24,514.0437622070312
2025-04-25,500.801025390625
2025-04-28,518.9850463867188
2025-04-29,517.2061157226562
2025-04-30,514.0437622070312
2025-05-02,503.37054443359375
2025-05-05,520.269775390625
2025-05-06,498.6268310546875
2025-05-07,510.9306945800781
2025-05-08,519.923828125
2025-05-09,509.5965881347656
2025-05-12,552.9318237304688
2025-05-13,544.13623046875
2025-05-14,567.3109741210938
2025-05-15,607.9778442382812
2025-05-16,598.0458984375
2025-05-19,593.3516845703125
2025-05-20,578.231201171875
2025-05-21,568.2498168945312
2025-05-22,565.6309204101562
2025-05-23,574.82177734375
2025-05-26,583.8643188476562
2025-05-27,598.8858642578125
2025-05-28,585.1490478515625
2025-05-29,588.4103393554688
2025-05-30,574.4264526367188
2025-06-02,568.7933349609375
2025-06-03,583.2219848632812
2025-06-04,584.2102661132812
2025-06-05,580.2571411132812
2025-06-06,584.8031616210938
2025-06-09,600.3189086914062
2025-06-10,601.455322265625
2025-06-11,604.7660522460938
2025-06-12,595.2293090820312
2025-06-13,593.3021850585938
2025-06-16,593.8457641601562
2025-06-17,598.0952758789062
2025-06-18,607.7802124023438
2025-06-19,601.9989013671875
2025-06-20,595.1304931640625
2025-06-23,590.9303588867188
2025-06-24,599.676513671875
2025-06-25,604.7660522460938
2025-06-26,601.1588745117188
2025-06-27,599.57763671875
2025-06-30,605.2601928710938
2025-07-01,598.8858642578125
2025-07-02,611.9803466796875
2025-07-03,629.5713500976562
2025-07-04,638.0704345703125
2025-07-07,629.6702270507812
2025-07-08,632.5361938476562
2025-07-09,635.6986083984375
2025-07-10,639.7504272460938
2025-07-11,636.2421264648438
2025-07-14,641.381103515625
2025-07-15,653.0425415039062
2025-07-16,644.2470703125
2025-07-17,643.505859375
2025-07-18,659.9109497070312
2025-07-21,657.8356323242188
2025-07-22,652.647216796875
2025-07-23,621.6158447265625
2025-07-24,617.0203857421875
2025-07-25,608.7684936523438
2025-07-28,605.8037109375
2025-07-29,599.0836181640625
2025-07-30,602.54248046875
2025-07-31,592.2645263671875
2025-08-01,580.9489135742188
2025-08-04,583.4195556640625
2025-08-05,526.5946044921875
2025-08-06,523.1357421875
2025-08-07,513.5001220703125
2025-08-08,521.8509521484375
2025-08-11,514.8343505859375
2025-08-12,509.64593505859375
2025-08-13,510.9306945800781
2025-08-14,505.2975769042969
2025-08-18,519.775634765625
2025-08-19,519.3803100585938
2025-08-20,526.1004638671875
2025-08-21,529.2135620117188
2025-08-22,527.780517578125
2025-08-25,525.9028930664062
2025-08-26,523.5803833007812
2025-08-28,517.8485107421875
2025-08-29,513.0060424804688
2025-09-01,516.379150390625
2025-09-02,526.0519409179688
2025-09-03,523.2245483398438
2025-09-04,510.77386474609375
2025-09-05,507.0039367675781
2025-09-08,504.0276794433594
2025-09-09,509.23614501953125
2025-09-10,511.8651428222656
2025-09-11,509.3353576660156
2025-09-12,527.4408569335938
2025-09-15,538.05615234375
2025-09-16,535.575927734375
2025-09-17,535.8735961914062
2025-09-18,532.7484741210938
2025-09-19,531.8555908203125
2025-09-22,535.5263061523438
2025-09-23,525.9527587890625
2025-09-24,518.01611328125
2025-09-25,512.0635986328125
2025-09-26,511.4187316894531
2025-09-29,514.9406127929688
2025-09-30,514.8413696289062
2025-10-01,519.45458984375
2025-10-03,517.52001953125
2025-10-06,517.6688232421875
2025-10-07,519.6530151367188
2025-10-08,522.2820434570312
2025-10-09,523.8197631835938
2025-10-10,522.48046875
2025-10-13,521.2899169921875
2025-10-14,520.000244140625
2025-10-15,519.3554077148438
2025-10-16,518.1649169921875
2025-10-17,517.1727905273438
2025-10-20,513.9981079101562
2025-10-21,524.0181884765625
2025-10-23,524.5637817382812
2025-10-24,519.8018188476562
2025-10-27,516.8751831054688
2025-10-28,518.1649169921875
2025-10-29,531.7564697265625
2025-10-30,524.0678100585938
2025-10-31,531.0619506835938
2025-11-03,535.7743530273438
2025-11-04,531.954833984375
2025-11-06,522.0836181640625
2025-11-07,511.76593017578125
2025-11-10,524.8613891601562
2025-11-11,531.954833984375
2025-11-12,538.8994140625
2025-11-13,531.0123291015625
2025-11-14,536.2703857421875
2025-11-17,532.8973388671875
2025-11-18,535.8735961914062
2025-11-19,542.3717651367188
2025-11-20,536.8656616210938
2025-11-21,535.0798950195312
2025-11-24,537.262451171875
2025-11-25,534.6334838867188
2025-11-26,537.56005859375
2025-11-27,537.80810546875
2025-11-28,532.6493530273438
2025-12-01,522.3812255859375
2025-12-02,520.2979125976562
2025-12-03,540.9827880859375
2025-12-04,533.9885864257812
2025-12-05,541.08203125
2025-12-08,532.8973388671875
2025-12-09,545.1990966796875
2025-12-10,529.1770629882812
2025-12-11,520.248291015625
2025-12-12,528.6809692382812
2025-12-15,531.3099365234375
2025-12-16,523.125244140625
2025-12-17,521.8355712890625
2025-12-18,518.71044921875
2025-12-19,524.2166137695312
2025-12-22,532.1532592773438
2025-12-23,533.5421752929688
2025-12-24,540.7347412109375
2025-12-26,540.4867553710938
2025-12-29,539.2962036132812
2025-12-30,528.333740234375
2025-12-31,533.9885864257812
2026-01-01,533.046142578125
2026-01-02,536.5184326171875
2026-01-05,534.6830444335938
2026-01-06,534.3854370117188
2026-01-07,528.7305297851562
2026-01-08,526.2008056640625
2026-01-09,513.7501220703125
2026-01-12,510.22821044921875
2026-01-13,509.23614501953125
2026-01-14,504.52374267578125
2026-01-15,504.52374267578125
2026-01-16,498.91845703125
2026-01-19,477.29107666015625
2026-01-20,467.17181396484375
2026-01-21,465.4853210449219
2026-01-22,472.4299011230469
2026-01-23,458.639892578125
2026-01-27,465.5348815917969
2026-01-28,476.1005554199219
2026-01-29,479.176025390625
2026-01-30,498.4720458984375
2026-02-02,501.20025634765625
2026-02-03,545.0503540039062
2026-02-04,505.019775390625
2026-02-05,495.6941833496094
2026-02-06,498.7696533203125
2026-02-09,500.8125915527344
2026-02-10,497.6236572265625
2026-02-11,485.7149658203125
2026-02-12,487.20977783203125
2026-02-13,489.0035705566406
2026-02-16,488.4056396484375
2026-02-17,489.2527160644531
2026-02-18,485.31634521484375
2026-02-19,485.5156555175781
2026-02-20,488.50531005859375
2026-02-23,491.6444091796875
2026-02-24,482.9744567871094
2026-02-25,491.9931945800781
2026-02-26,494.1855773925781
2026-02-27,487.5087585449219
2026-03-02,465.385498046875
2026-03-04,458.6090087890625
2026-03-05,471.21527099609375
2026-03-06,470.2685546875
2026-03-09,466.7806396484375
2026-03-10,466.63116455078125
2026-03-11,472.959228515625
2026-03-12,468.674072265625
2026-03-13,457.8616027832031
2026-03-16,460.4526062011719
2026-03-17,464.0401611328125
2026-03-18,473.8561096191406
2026-03-19,463.59173583984375
2026-03-20,454.572998046875
2026-03-23,433.7452697753906
2026-03-24,442.51483154296875
2026-03-25,450.08856201171875
2026-03-27,450.3875427246094
2026-03-30,438.3293762207031
2026-04-01,452.4802551269531
2026-04-02,459.05743408203125
2026-04-06,456.8152160644531
2026-04-07,455.2705993652344
2026-04-08,463.1432800292969
2026-04-09,453.32733154296875
2026-04-10,458.5591735839844
2026-04-13,457.96124267578125
2026-04-15,470.6671447753906
2026-04-16,476.14813232421875
2026-04-17,513.6680297851562
2026-04-20,574.2080078125
2026-04-21,568.1290283203125
2026-04-22,568.9263305664062
2026-04-23,576.998291015625
2026-04-24,567.8798828125
2026-04-27,577.9948120117188
2026-04-28,579.63916015625
2026-04-29,572.6134643554688
2026-04-30,571.2681884765625
2026-05-01,571.2681884765625
2026-05-04,568.0294189453125
2026-05-05,554.5262451171875
2026-05-06,555.373291015625
2026-05-07,572.1151733398438
2026-05-08,595.8329467773438
2026-05-11,580.0377197265625
2026-05-12,558.7615966796875
2026-05-13,563.3456420898438
2026-05-14,576.5498046875
2026-05-15,604.8516845703125
2026-05-18,594.5872802734375
2026-05-19,635.8441162109375
2026-05-20,654.2801513671875
2026-05-21,703.1605834960938
2026-05-22,704.5059814453125
2026-05-25,690.3550415039062
2026-05-26,688.06298828125
2026-05-27,716.6637573242188
2026-05-28,716.6637573242188
2026-05-29,738.9365234375
2026-06-01,692.0989990234375
2026-06-02,686.8671264648438
2026-06-03,666.5376586914062
2026-06-04,691.0028076171875
2026-06-05,684.5252685546875
2026-06-08,661.3057861328125
2026-06-09,670.8726196289062
2026-06-10,649.7957153320312
2026-06-11,638.4849853515625
2026-06-12,668.8795776367188
2026-06-15,660.8573608398438
2026-06-16,659.96044921875
2026-06-17,675.05810546875
2026-06-18,671.8193359375
2026-06-19,669.9757080078125
2026-06-22,734.7509765625
2026-06-23,715.1689453125
2026-06-24,673.2144775390625
2026-06-25,667.035888671875
2026-06-26,667.035888671875
2026-06-29,685.0235595703125
2026-06-30,687.3654174804688
2026-07-01,675.0082397460938
2026-07-02,662.5016479492188
2026-07-03,655.6255493164062
2026-07-06,647.1549072265625
2026-07-07,634.3493041992188
2026-07-08,610.9803466796875
2026-07-09,609.8842163085938
2026-07-10,604.0045776367188
2026-07-13,614.5679931640625
2026-07-14,605.5492553710938
2026-07-15,637.0399780273438
2026-07-16,623.536865234375
2026-07-17,613.1229858398438
2026-07-20,612.0765991210938
2026-07-21,616.4115600585938
2026-07-22,611.4786376953125
2026-07-23,607.4426879882812
2026-07-24,609.6848754882812
2026-07-27,621.2448120117188
2026-07-28,607.2433471679688
2026-07-29,613.770751953125
2026-07-30,605.3997802734375
2026-07-31,599.6198120117188
2026-08-03,609.4855346679688
2026-08-04,616.6607055664062
2026-08-05,621.2946166992188
2026-08-06,644.1154174804688
2026-08-07,634.2496948242188
2026-08-10,634.5486450195312
2026-08-11,598.2744750976562
2026-08-12,584.7214965820312
2026-08-13,589.9035034179688
2026-08-14,590.3519897460938
2026-08-17,595.8329467773438
2026-08-18,579.8883056640625
2026-08-19,567.6806640625
2026-08-20,578.0446166992188
2026-08-21,572.8626098632812
2026-08-24,574.805908203125
2026-08-25,570.6702880859375
2026-08-26,572.4142456054688
2026-08-27,581.4329223632812
2026-08-28,578.2937622070312
2026-08-31,576.1512451171875
2026-09-01,576.5
2026-09-02,565.2000122070312
2026-09-03,571.7000122070312
2026-09-04,577.2999877929688
2026-09-07,568.75
2026-09-08,580.5999755859375
2026-09-09,565.0499877929688
2026-09-10,560.8499755859375
2026-09-11,569.6500244140625
2026-09-14,569.6500244140625
2026-09-15,546.9000244140625
2026-09-16,540.7999877929688
2026-09-18,567.7999877929688
2026-09-21,555.5
