Date,UPL
2002-07-01,16.359527587890625
2002-07-02,16.30571174621582
2002-07-03,16.03664207458496
2002-07-04,17.65106964111328
2002-07-05,19.42693519592285
2002-07-08,21.418066024780273
2002-07-09,20.287967681884766
2002-07-10,19.42693519592285
2002-07-11,18.02776527404785
2002-07-12,19.857450485229492
2002-07-15,18.135393142700195
2002-07-16,17.381996154785156
2002-07-17,16.7900390625
2002-07-18,18.458276748657227
2002-07-19,18.35065460205078
2002-07-22,16.574785232543945
2002-07-23,16.89766502380371
2002-07-24,16.198083877563477
2002-07-25,16.090456008911133
2002-07-26,14.798912048339844
2002-07-29,13.507369995117188
2002-07-30,12.269640922546387
2002-07-31,12.269640922546387
2002-08-01,13.507369995117188
2002-08-02,13.937881469726562
2002-08-05,14.314582824707031
2002-08-06,14.09932804107666
2002-08-07,14.422215461730957
2002-08-08,13.507369995117188
2002-08-09,13.668816566467285
2002-08-12,14.314582824707031
2002-08-13,13.884073257446289
2002-08-14,13.722627639770508
2002-08-15,13.722627639770508
2002-08-16,13.776442527770996
2002-08-19,13.668816566467285
2002-08-20,13.99169635772705
2002-08-21,13.830255508422852
2002-08-22,13.830255508422852
2002-08-23,13.99169635772705
2002-08-26,14.09932804107666
2002-08-27,13.56118392944336
2002-08-28,13.453557014465332
2002-08-29,13.345929145812988
2002-08-30,13.830255508422852
2002-09-02,13.937881469726562
2002-09-03,13.56118392944336
2002-09-04,12.269640922546387
2002-09-05,12.431085586547852
2002-09-06,13.18448543548584
2002-09-09,12.431085586547852
2002-09-10,12.431085586547852
2002-09-11,12.646344184875488
2002-09-12,13.453557014465332
2002-09-13,13.830255508422852
2002-09-16,13.884073257446289
2002-09-17,14.476025581359863
2002-09-18,14.637474060058594
2002-09-19,13.99169635772705
2002-09-20,14.637474060058594
2002-09-23,14.906540870666504
2002-09-24,14.206957817077637
2002-09-25,14.045515060424805
2002-09-26,14.745100975036621
2002-09-27,14.852724075317383
2002-09-30,14.798912048339844
2002-10-01,14.368396759033203
2002-10-02,14.368396759033203
2002-10-03,14.09932804107666
2002-10-04,13.99169635772705
2002-10-07,14.260771751403809
2002-10-08,13.722627639770508
2002-10-09,13.722627639770508
2002-10-10,14.206957817077637
2002-10-11,14.476025581359863
2002-10-14,14.153143882751465
2002-10-15,14.153143882751465
2002-10-16,13.99169635772705
2002-10-17,13.99169635772705
2002-10-18,13.614999771118164
2002-10-21,13.56118392944336
2002-10-22,13.292112350463867
2002-10-23,13.345929145812988
2002-10-24,13.453557014465332
2002-10-25,13.453557014465332
2002-10-28,13.238299369812012
2002-10-29,12.915414810180664
2002-10-30,13.453557014465332
2002-10-31,12.915414810180664
2002-11-01,13.023042678833008
2002-11-04,13.345929145812988
2002-11-05,13.345929145812988
2002-11-06,13.345929145812988
2002-11-07,13.023042678833008
2002-11-08,13.56118392944336
2002-11-11,13.453557014465332
2002-11-12,13.18448543548584
2002-11-13,13.292112350463867
2002-11-14,13.076858520507812
2002-11-15,13.18448543548584
2002-11-18,13.453557014465332
2002-11-19,13.453557014465332
2002-11-20,12.96922779083252
2002-11-21,13.130671501159668
2002-11-22,12.96922779083252
2002-11-25,12.915414810180664
2002-11-26,12.96922779083252
2002-11-27,12.915414810180664
2002-11-28,12.915414810180664
2002-11-29,13.453557014465332
2002-12-02,13.722627639770508
2002-12-03,13.130671501159668
2002-12-04,13.130671501159668
2002-12-05,12.915414810180664
2002-12-06,13.884073257446289
2002-12-09,13.722627639770508
2002-12-10,13.345929145812988
2002-12-11,13.18448543548584
2002-12-12,13.130671501159668
2002-12-13,13.023042678833008
2002-12-16,12.915414810180664
2002-12-17,12.915414810180664
2002-12-18,12.377272605895996
2002-12-19,12.377272605895996
2002-12-20,12.377272605895996
2002-12-23,12.646344184875488
2002-12-24,11.462427139282227
2002-12-25,11.462427139282227
2002-12-26,12.538715362548828
2002-12-27,11.839127540588379
2002-12-30,12.000572204589844
2002-12-31,12.915414810180664
2003-01-01,14.206957817077637
2003-01-02,13.668816566467285
2003-01-03,13.668816566467285
2003-01-06,13.668816566467285
2003-01-07,12.915414810180664
2003-01-08,13.023042678833008
2003-01-09,12.700157165527344
2003-01-10,13.023042678833008
2003-01-13,12.915414810180664
2003-01-14,12.96922779083252
2003-01-15,12.96922779083252
2003-01-16,12.646344184875488
2003-01-17,12.646344184875488
2003-01-20,12.753971099853516
2003-01-21,12.753971099853516
2003-01-22,12.753971099853516
2003-01-23,12.915414810180664
2003-01-24,12.484899520874023
2003-01-27,12.377272605895996
2003-01-28,12.915414810180664
2003-01-29,12.753971099853516
2003-01-30,12.484899520874023
2003-01-31,12.753971099853516
2003-02-03,12.861601829528809
2003-02-04,12.108201026916504
2003-02-05,12.646344184875488
2003-02-06,12.592528343200684
2003-02-07,12.16201400756836
2003-02-10,11.8929443359375
2003-02-11,12.108201026916504
2003-02-12,12.16201400756836
2003-02-13,12.16201400756836
2003-02-14,11.839127540588379
2003-02-17,12.054388046264648
2003-02-18,11.946760177612305
2003-02-19,11.731500625610352
2003-02-20,11.731500625610352
2003-02-21,12.16201400756836
2003-02-24,12.16201400756836
2003-02-25,11.462427139282227
2003-02-26,11.300989151000977
2003-02-27,11.516246795654297
2003-02-28,11.623873710632324
2003-03-03,11.300989151000977
2003-03-04,10.762845993041992
2003-03-05,10.224702835083008
2003-03-06,10.224702835083008
2003-03-07,9.740375518798828
2003-03-10,9.740375518798828
2003-03-11,10.709033012390137
2003-03-12,10.816658973693848
2003-03-13,11.08573055267334
2003-03-14,11.08573055267334
2003-03-17,10.117072105407715
2003-03-18,10.117072105407715
2003-03-19,9.955632209777832
2003-03-20,10.547590255737305
2003-03-21,10.224702835083008
2003-03-24,10.224702835083008
2003-03-25,9.68656063079834
2003-03-26,9.68656063079834
2003-03-27,9.901816368103027
2003-03-28,9.68656063079834
2003-03-31,9.68656063079834
2003-04-01,9.68656063079834
2003-04-02,9.68656063079834
2003-04-03,9.901816368103027
2003-04-04,10.117072105407715
2003-04-07,10.762845993041992
2003-04-08,10.762845993041992
2003-04-09,10.762845993041992
2003-04-10,9.68656063079834
2003-04-11,10.278517723083496
2003-04-14,10.278517723083496
2003-04-15,10.009446144104004
2003-04-16,9.794188499450684
2003-04-17,9.68656063079834
2003-04-18,9.68656063079834
2003-04-21,9.794188499450684
2003-04-22,9.955632209777832
2003-04-23,10.439961433410645
2003-04-24,10.870471954345703
2003-04-25,10.709033012390137
2003-04-28,10.332332611083984
2003-04-29,10.493775367736816
2003-04-30,10.009446144104004
2003-05-01,10.009446144104004
2003-05-02,10.224702835083008
2003-05-05,11.247172355651855
2003-05-06,12.377272605895996
2003-05-07,12.108201026916504
2003-05-08,11.785316467285156
2003-05-09,12.269640922546387
2003-05-12,12.108201026916504
2003-05-13,12.323458671569824
2003-05-14,12.269640922546387
2003-05-15,12.700157165527344
2003-05-16,12.96922779083252
2003-05-19,12.484899520874023
2003-05-20,12.861601829528809
2003-05-21,11.8929443359375
2003-05-22,12.16201400756836
2003-05-23,11.8929443359375
2003-05-26,12.16201400756836
2003-05-27,12.215828895568848
2003-05-28,11.570058822631836
2003-05-29,11.570058822631836
2003-05-30,11.40861701965332
2003-06-02,11.247172355651855
2003-06-03,11.139546394348145
2003-06-04,12.269640922546387
2003-06-05,11.570058822631836
2003-06-06,11.40861701965332
2003-06-09,11.839127540588379
2003-06-10,12.108201026916504
2003-06-11,11.8929443359375
2003-06-12,12.431085586547852
2003-06-13,13.453557014465332
2003-06-16,14.798912048339844
2003-06-17,14.583653450012207
2003-06-18,14.368396759033203
2003-06-19,14.852724075317383
2003-06-20,15.121796607971191
2003-06-23,15.121796607971191
2003-06-24,16.52096176147461
2003-06-25,18.189212799072266
2003-06-26,20.018892288208008
2003-06-27,22.063833236694336
2003-06-30,20.987550735473633
2003-07-01,20.987550735473633
2003-07-02,21.202802658081055
2003-07-03,20.503219604492188
2003-07-04,19.911264419555664
2003-07-07,20.449405670166016
2003-07-08,22.17146110534668
2003-07-09,20.933734893798828
2003-07-10,20.072704315185547
2003-07-11,19.911264419555664
2003-07-14,19.69600486755371
2003-07-15,18.78116798400879
2003-07-16,20.66466522216797
2003-07-17,21.84857749938965
2003-07-18,20.449405670166016
2003-07-21,19.911264419555664
2003-07-22,19.965076446533203
2003-07-23,21.310434341430664
2003-07-24,22.22527313232422
2003-07-25,24.32402992248535
2003-07-28,25.238874435424805
2003-07-29,24.754545211791992
2003-07-30,24.00114631652832
2003-07-31,24.216402053833008
2003-08-01,22.81723403930664
2003-08-04,22.709604263305664
2003-08-05,21.633317947387695
2003-08-06,21.633317947387695
2003-08-07,22.81723403930664
2003-08-08,22.17146110534668
2003-08-11,20.87992286682129
2003-08-12,20.933734893798828
2003-08-13,21.633317947387695
2003-08-14,21.256620407104492
2003-08-15,21.256620407104492
2003-08-18,21.579504013061523
2003-08-19,21.095182418823242
2003-08-20,20.718481063842773
2003-08-21,20.826108932495117
2003-08-22,20.557035446166992
2003-08-25,20.449405670166016
2003-08-26,21.84857749938965
2003-08-27,21.956205368041992
2003-08-28,23.193931579589844
2003-08-29,25.561756134033203
2003-09-01,28.14484405517578
2003-09-02,28.14484405517578
2003-09-03,27.9833927154541
2003-09-04,29.651643753051758
2003-09-05,32.55759811401367
2003-09-08,32.93430709838867
2003-09-09,31.58894920349121
2003-09-10,30.727928161621094
2003-09-11,30.83556365966797
2003-09-12,29.597824096679688
2003-09-15,29.490201950073242
2003-09-16,29.005868911743164
2003-09-17,31.642765045166016
2003-09-18,29.490201950073242
2003-09-19,29.328750610351562
2003-09-22,30.135967254638672
2003-09-23,30.243593215942383
2003-09-24,31.427515029907227
2003-09-25,31.319887161254883
2003-09-26,31.212244033813477
2003-09-29,32.77287292480469
2003-09-30,31.642765045166016
2003-10-01,32.61142349243164
2003-10-02,32.61142349243164
2003-10-03,34.06439971923828
2003-10-06,33.257198333740234
2003-10-07,31.804214477539062
2003-10-08,32.07328414916992
2003-10-09,33.580078125
2003-10-10,32.77287292480469
2003-10-13,32.180912017822266
2003-10-14,32.180912017822266
2003-10-15,31.427515029907227
2003-10-16,33.633888244628906
2003-10-17,32.71905517578125
2003-10-20,31.804214477539062
2003-10-21,30.78173065185547
2003-10-22,30.94318199157715
2003-10-23,30.458858489990234
2003-10-24,30.51266098022461
2003-10-27,30.889368057250977
2003-10-28,30.29741668701172
2003-10-29,30.35122299194336
2003-10-30,30.94318199157715
2003-10-31,31.266061782836914
2003-11-03,31.212244033813477
2003-11-04,32.180912017822266
2003-11-05,32.23472213745117
2003-11-06,32.1270866394043
2003-11-07,32.82667922973633
2003-11-10,35.08687973022461
2003-11-11,35.732643127441406
2003-11-12,38.8538703918457
2003-11-13,37.72377395629883
2003-11-14,36.43222427368164
2003-11-17,37.13181686401367
2003-11-18,39.930152893066406
2003-11-19,41.32933044433594
2003-11-20,41.544578552246094
2003-11-21,40.414493560791016
2003-11-24,42.02890396118164
2003-11-25,41.544578552246094
2003-11-26,41.544578552246094
2003-11-27,41.75984573364258
2003-11-28,40.9526252746582
2003-12-01,41.92127990722656
2003-12-02,40.46828842163086
2003-12-03,38.96150588989258
2003-12-04,39.39200973510742
2003-12-05,39.39200973510742
2003-12-08,39.39200973510742
2003-12-09,39.39200973510742
2003-12-10,39.39200973510742
2003-12-11,39.39200973510742
2003-12-12,39.39200973510742
2003-12-15,39.39200973510742
2003-12-16,39.39200973510742
2003-12-17,39.39200973510742
2003-12-18,39.39200973510742
2003-12-19,39.39200973510742
2003-12-22,39.39200973510742
2003-12-23,39.39200973510742
2003-12-24,39.39200973510742
2003-12-25,39.39200973510742
2003-12-26,39.39200973510742
2003-12-29,39.39200973510742
2003-12-30,39.39200973510742
2003-12-31,39.39200973510742
2004-01-01,39.39200973510742
2004-01-02,39.39200973510742
2004-01-05,39.39200973510742
2004-01-06,39.39200973510742
2004-01-07,39.39200973510742
2004-01-08,39.39200973510742
2004-01-09,39.39200973510742
2004-01-12,39.39200973510742
2004-01-13,39.39200973510742
2004-01-14,39.39200973510742
2004-01-15,39.39200973510742
2004-01-16,39.39200973510742
2004-01-19,39.39200973510742
2004-01-20,39.39200973510742
2004-01-21,39.39200973510742
2004-01-22,39.39200973510742
2004-01-23,29.80232048034668
2004-01-26,29.80232048034668
2004-01-27,29.078521728515625
2004-01-28,28.997798919677734
2004-01-29,27.719707489013672
2004-01-30,25.989578247070312
2004-02-02,25.989578247070312
2004-02-03,24.832571029663086
2004-02-04,25.56983184814453
2004-02-05,25.83890151977539
2004-02-06,25.871187210083008
2004-02-09,25.39762306213379
2004-02-10,25.712434768676758
2004-02-11,25.817373275756836
2004-02-12,26.172550201416016
2004-02-13,26.5196475982666
2004-02-16,26.603063583374023
2004-02-17,26.78065299987793
2004-02-18,27.00128936767578
2004-02-19,25.91424560546875
2004-02-20,25.561756134033203
2004-02-23,25.249637603759766
2004-02-24,25.970746994018555
2004-02-25,25.33842658996582
2004-02-26,25.327667236328125
2004-02-27,25.707054138183594
2004-03-01,25.81199073791504
2004-03-02,25.81199073791504
2004-03-03,27.800424575805664
2004-03-04,26.850608825683594
2004-03-05,26.880210876464844
2004-03-08,27.61745834350586
2004-03-09,27.569026947021484
2004-03-10,27.43987464904785
2004-03-11,27.725088119506836
2004-03-12,26.761817932128906
2004-03-15,26.821008682250977
2004-03-16,25.906169891357422
2004-03-17,25.677459716796875
2004-03-18,25.91693115234375
2004-03-19,26.067609786987305
2004-03-22,24.829883575439453
2004-03-23,23.9150390625
2004-03-24,23.261194229125977
2004-03-25,23.476455688476562
2004-03-26,24.520450592041016
2004-03-29,24.310577392578125
2004-03-30,24.62807846069336
2004-03-31,24.72225570678711
2004-04-01,26.059539794921875
2004-04-02,25.86580467224121
2004-04-05,26.194072723388672
2004-04-06,25.89271354675293
2004-04-07,25.941146850585938
2004-04-08,25.91424560546875
2004-04-09,25.91424560546875
2004-04-12,25.75279998779297
2004-04-13,25.61556625366211
2004-04-14,25.61556625366211
2004-04-15,26.126802444458008
2004-04-16,26.36897087097168
2004-04-19,25.992267608642578
2004-04-20,25.540239334106445
2004-04-21,25.83890151977539
2004-04-22,25.35457420349121
2004-04-23,25.063974380493164
2004-04-27,24.466638565063477
2004-04-28,25.677459716796875
2004-04-29,26.861364364624023
2004-04-30,27.127750396728516
2004-05-03,26.398569107055664
2004-05-04,26.829086303710938
2004-05-05,27.181564331054688
2004-05-06,28.602266311645508
2004-05-07,28.987037658691406
2004-05-10,28.50539779663086
2004-05-11,27.0954647064209
2004-05-12,27.038957595825195
2004-05-13,28.720653533935547
2004-05-14,27.951108932495117
2004-05-17,25.190439224243164
2004-05-18,26.664947509765625
2004-05-19,28.298215866088867
2004-05-20,26.853296279907227
2004-05-21,25.949216842651367
2004-05-24,27.119680404663086
2004-05-25,26.17523765563965
2004-05-26,26.2021484375
2004-05-27,25.637096405029297
2004-05-28,23.605609893798828
2004-05-31,23.18855094909668
2004-06-01,23.102453231811523
2004-06-02,23.567943572998047
2004-06-03,23.01903533935547
2004-06-04,23.917734146118164
2004-06-07,23.619062423706055
2004-06-08,24.25945472717285
2004-06-09,23.67556381225586
2004-06-10,23.683645248413086
2004-06-11,23.14550018310547
2004-06-14,23.010963439941406
2004-06-15,24.181425094604492
2004-06-16,24.02805519104004
2004-06-17,24.26753044128418
2004-06-18,24.030752182006836
2004-06-21,24.216402053833008
2004-06-22,25.319591522216797
2004-06-23,25.46758460998535
2004-06-24,25.725893020629883
2004-06-25,26.4523868560791
2004-06-28,27.063169479370117
2004-06-29,27.585172653198242
2004-06-30,28.282066345214844
2004-07-01,27.8542423248291
2004-07-02,27.97263526916504
2004-07-05,27.60400390625
2004-07-06,27.8569278717041
2004-07-07,28.007612228393555
2004-07-08,28.540369033813477
2004-07-09,29.221126556396484
2004-07-12,29.248027801513672
2004-07-13,29.30992317199707
2004-07-14,29.081199645996094
2004-07-15,29.500957489013672
2004-07-16,29.323379516601562
2004-07-19,29.25879669189453
2004-07-20,29.110811233520508
2004-07-21,29.2507266998291
2004-07-22,29.748498916625977
2004-07-23,29.051610946655273
2004-07-26,29.382572174072266
2004-07-27,29.748498916625977
2004-07-28,30.014883041381836
2004-07-29,32.27777862548828
2004-07-30,33.87605667114258
2004-08-02,33.956787109375
2004-08-03,33.975616455078125
2004-08-04,34.22584533691406
2004-08-05,34.51107406616211
2004-08-06,33.52627182006836
2004-08-09,34.045570373535156
2004-08-10,33.956787109375
2004-08-11,33.90564727783203
2004-08-12,33.90296173095703
2004-08-13,33.819549560546875
2004-08-16,33.90296173095703
2004-08-17,33.90812683105469
2004-08-18,33.91080856323242
2004-08-19,34.026546478271484
2004-08-20,33.93772888183594
2004-08-23,33.90005111694336
2004-08-24,34.15840148925781
2004-08-25,34.89308166503906
2004-08-26,34.93344497680664
2004-08-27,34.21760559082031
2004-08-30,34.19607162475586
2004-08-31,34.1772346496582
2004-09-01,34.14225387573242
2004-09-02,33.95926284790039
2004-09-03,34.2418327331543
2004-09-06,34.68316650390625
2004-09-07,35.73539733886719
2004-09-08,37.59226608276367
2004-09-09,36.467376708984375
2004-09-10,36.526580810546875
2004-09-13,36.53466796875
2004-09-14,35.97760009765625
2004-09-15,35.96144485473633
2004-09-16,35.829593658447266
2004-09-17,35.67619323730469
2004-09-20,35.14873504638672
2004-09-21,35.01417922973633
2004-09-22,35.01687240600586
2004-09-23,34.09111404418945
2004-09-24,34.992652893066406
2004-09-27,35.47705078125
2004-09-28,34.98456573486328
2004-09-29,35.372093200683594
2004-09-30,34.801578521728516
2004-10-01,35.60084533691406
2004-10-04,36.92488098144531
2004-10-05,36.64500045776367
2004-10-06,37.382362365722656
2004-10-07,36.47275924682617
2004-10-08,36.7768669128418
2004-10-11,35.848419189453125
2004-10-12,34.56745910644531
2004-10-14,34.723533630371094
2004-10-15,34.45442199707031
2004-10-18,34.60782241821289
2004-10-19,34.44367218017578
2004-10-20,34.65895080566406
2004-10-21,34.43827438354492
2004-10-22,34.43827438354492
2004-10-25,34.667022705078125
2004-10-26,34.58628845214844
2004-10-27,34.58628845214844
2004-10-28,34.50017547607422
2004-10-29,34.91190719604492
2004-11-01,34.987266540527344
2004-11-02,35.522796630859375
2004-11-03,37.48463439941406
2004-11-04,36.59116744995117
2004-11-05,37.56806182861328
2004-11-08,36.56156921386719
2004-11-09,36.610015869140625
2004-11-10,36.92488098144531
2004-11-11,36.803775787353516
2004-11-12,37.04866409301758
2004-11-15,37.04866409301758
2004-11-16,36.08525085449219
2004-11-17,36.628849029541016
2004-11-18,36.965248107910156
2004-11-19,36.79839324951172
2004-11-22,36.941017150878906
2004-11-23,38.3700065612793
2004-11-24,38.07398223876953
2004-11-25,39.263458251953125
2004-11-26,39.263458251953125
2004-11-29,38.684871673583984
2004-11-30,39.04279327392578
2004-12-01,39.0777702331543
2004-12-02,38.98896026611328
2004-12-03,38.997039794921875
2004-12-06,39.16927719116211
2004-12-07,39.0185661315918
2004-12-08,40.05195999145508
2004-12-09,39.858192443847656
2004-12-10,38.76829528808594
2004-12-13,39.093910217285156
2004-12-14,40.36143493652344
2004-12-15,40.487918853759766
2004-12-16,39.177345275878906
2004-12-17,41.62356948852539
2004-12-20,40.910423278808594
2004-12-21,42.522396087646484
2004-12-22,41.61011505126953
2004-12-23,42.47665023803711
2004-12-24,41.585899353027344
2004-12-27,41.604740142822266
2004-12-28,42.463199615478516
2004-12-29,41.85231399536133
2004-12-30,41.680084228515625
2004-12-31,41.785037994384766
2005-01-03,40.587493896484375
2005-01-04,40.3641242980957
2005-01-05,39.75863265991211
2005-01-06,38.67948913574219
2005-01-07,38.69563293457031
2005-01-10,39.675201416015625
2005-01-11,38.02015686035156
2005-01-12,36.77954864501953
2005-01-13,38.464195251464844
2005-01-14,38.052452087402344
2005-01-17,37.66493225097656
2005-01-18,36.78492736816406
2005-01-19,37.62187576293945
2005-01-20,37.11594009399414
2005-01-24,37.61379623413086
2005-01-25,36.941017150878906
2005-01-27,38.67141342163086
2005-01-28,37.79948806762695
2005-01-31,38.937828063964844
2005-02-01,39.32265853881836
2005-02-02,39.09661102294922
2005-02-03,39.29844284057617
2005-02-04,39.0078010559082
2005-02-07,37.69992446899414
2005-02-08,37.3016357421875
2005-02-09,37.675689697265625
2005-02-10,37.09979248046875
2005-02-11,36.84952163696289
2005-02-14,37.675689697265625
2005-02-15,37.66493225097656
2005-02-16,36.860286712646484
2005-02-17,36.30323028564453
2005-02-18,36.45661544799805
2005-02-21,36.71766662597656
2005-02-22,36.32744216918945
2005-02-23,36.39741897583008
2005-02-24,36.57771682739258
2005-02-25,36.32744216918945
2005-02-28,36.32206726074219
2005-03-01,35.657344818115234
2005-03-02,36.435089111328125
2005-03-03,36.4296989440918
2005-03-04,36.87912368774414
2005-03-07,38.0067024230957
2005-03-08,43.95677185058594
2005-03-09,42.2021598815918
2005-03-10,41.69892501831055
2005-03-11,42.02993392944336
2005-03-14,41.21989822387695
2005-03-15,41.338314056396484
2005-03-16,41.53746795654297
2005-03-17,40.85122299194336
2005-03-18,40.23495864868164
2005-03-21,39.615997314453125
2005-03-22,39.0239372253418
2005-03-23,38.480342864990234
2005-03-24,36.9544792175293
2005-03-28,38.28657531738281
2005-03-29,37.44695281982422
2005-03-30,37.81563186645508
2005-03-31,39.39262771606445
2005-04-01,39.586395263671875
2005-04-04,38.808658599853516
2005-04-05,39.02125549316406
2005-04-06,39.04010009765625
2005-04-07,38.32963562011719
2005-04-08,38.644493103027344
2005-04-11,38.9620475769043
2005-04-12,40.07886505126953
2005-04-13,40.31837844848633
2005-04-15,40.25379180908203
2005-04-18,40.19996643066406
2005-04-19,40.533660888671875
2005-04-20,40.13538360595703
2005-04-21,40.824302673339844
2005-04-22,40.4798469543457
2005-04-25,40.10578536987305
2005-04-26,40.84584045410156
2005-04-27,40.455623626708984
2005-04-28,40.27532196044922
2005-04-29,38.897464752197266
2005-05-02,38.82210922241211
2005-05-03,39.43030548095703
2005-05-04,41.63971710205078
2005-05-05,40.14344787597656
2005-05-06,40.28876876831055
2005-05-09,40.369510650634766
2005-05-10,40.388343811035156
2005-05-11,40.369510650634766
2005-05-12,40.10846710205078
2005-05-13,39.7828483581543
2005-05-16,39.88510513305664
2005-05-17,39.828590393066406
2005-05-18,39.74517822265625
2005-05-19,40.342594146728516
2005-05-20,40.6090202331543
2005-05-23,41.88191223144531
2005-05-24,42.683868408203125
2005-05-25,43.141357421875
2005-05-26,43.674198150634766
2005-05-27,43.098304748535156
2005-05-30,42.80766296386719
2005-05-31,42.62466812133789
2005-06-01,44.29048156738281
2005-06-02,44.080562591552734
2005-06-03,43.44814682006836
2005-06-06,43.6015510559082
2005-06-07,43.24631118774414
2005-06-08,44.16398239135742
2005-06-09,44.71834945678711
2005-06-10,45.03860092163086
2005-06-13,45.364227294921875
2005-06-14,45.557987213134766
2005-06-15,44.196285247802734
2005-06-16,44.301239013671875
2005-06-17,43.96754455566406
2005-06-20,44.215126037597656
2005-06-21,43.795310974121094
2005-06-22,42.901851654052734
2005-06-23,43.8383674621582
2005-06-24,44.09939956665039
2005-06-27,42.95836639404297
2005-06-28,42.064918518066406
2005-06-29,42.69463348388672
2005-06-30,43.70650100708008
2005-07-01,42.58699417114258
2005-07-04,42.796897888183594
2005-07-05,42.39592742919922
2005-07-06,42.78074645996094
2005-07-07,42.50895309448242
2005-07-08,42.79958724975586
2005-07-11,43.51005554199219
2005-07-12,43.88681411743164
2005-07-13,44.66184616088867
2005-07-14,46.79591369628906
2005-07-15,47.64091491699219
2005-07-18,47.56825637817383
2005-07-19,47.66514205932617
2005-07-20,48.17375946044922
2005-07-21,46.73131561279297
2005-07-22,48.18452453613281
2005-07-25,49.01876449584961
2005-07-26,47.910030364990234
2005-07-27,47.88850402832031
2005-07-28,28.733104705810547
2005-07-29,48.61241912841797
2005-08-01,48.19528579711914
2005-08-02,48.47785949707031
2005-08-03,48.37559509277344
2005-08-04,48.10647964477539
2005-08-05,48.24103546142578
2005-08-08,48.34867858886719
2005-08-09,47.90734100341797
2005-08-10,48.4348030090332
2005-08-11,47.56018829345703
2005-08-12,49.24213409423828
2005-08-16,48.91112518310547
2005-08-17,50.74274444580078
2005-08-18,51.56161880493164
2005-08-19,51.294063568115234
2005-08-22,52.5372314453125
2005-08-23,52.41561508178711
2005-08-24,51.945369720458984
2005-08-25,52.78855895996094
2005-08-26,51.821044921875
2005-08-29,50.69950485229492
2005-08-30,50.52112579345703
2005-08-31,51.242713928222656
2005-09-01,53.65877914428711
2005-09-02,52.12914276123047
2005-09-05,52.942604064941406
2005-09-06,52.91827392578125
2005-09-08,52.9642219543457
2005-09-09,52.969635009765625
2005-09-12,52.9642219543457
2005-09-13,52.107521057128906
2005-09-14,52.066986083984375
2005-09-15,52.188594818115234
2005-09-16,52.09401321411133
2005-09-19,51.78321838378906
2005-09-20,52.164268493652344
2005-09-21,52.21832275390625
2005-09-22,48.07804489135742
2005-09-23,51.75889205932617
2005-09-26,53.45879364013672
2005-09-27,58.34767150878906
2005-09-28,58.78007888793945
2005-09-29,57.37476348876953
2005-09-30,56.63155746459961
2005-10-03,57.050472259521484
2005-10-04,58.09092330932617
2005-10-05,59.61784744262695
2005-10-06,56.86127853393555
2005-10-07,55.361366271972656
2005-10-10,52.726402282714844
2005-10-11,52.942604064941406
2005-10-13,52.199405670166016
2005-10-14,52.5777587890625
2005-10-17,52.2669792175293
2005-10-18,52.429115295410156
2005-10-19,51.88861083984375
2005-10-20,52.2669792175293
2005-10-21,52.969635009765625
2005-10-24,52.80746841430664
2005-10-25,53.91551208496094
2005-10-26,54.92897033691406
2005-10-27,53.79389953613281
2005-10-28,54.32089614868164
2005-10-31,55.26677703857422
2005-11-02,54.92897033691406
2005-11-04,54.92897033691406
2005-11-07,58.33414077758789
2005-11-08,57.28017044067383
2005-11-09,58.698997497558594
2005-11-10,63.3743782043457
2005-11-11,61.40153121948242
2005-11-14,59.55029296875
2005-11-16,58.41522979736328
2005-11-17,57.874732971191406
2005-11-18,56.780189514160156
2005-11-21,58.13146209716797
2005-11-22,56.26671600341797
2005-11-23,56.4829216003418
2005-11-24,56.591026306152344
2005-11-25,57.185569763183594
2005-11-28,57.158546447753906
2005-11-29,56.80722427368164
2005-11-30,59.293540954589844
2005-12-01,58.1719970703125
2005-12-02,59.65838623046875
2005-12-05,58.37470626831055
2005-12-06,57.48284149169922
2005-12-07,57.185569763183594
2005-12-08,58.87465286254883
2005-12-09,59.55029296875
2005-12-12,60.10430145263672
2005-12-13,61.252891540527344
2005-12-14,62.67169952392578
2005-12-15,64.6580810546875
2005-12-16,63.536521911621094
2005-12-19,66.26609802246094
2005-12-20,65.67153930664062
2005-12-21,64.7391586303711
2005-12-22,65.17156219482422
2005-12-23,65.64449310302734
2005-12-26,64.06351470947266
2005-12-27,64.84724426269531
2005-12-28,65.6850357055664
2005-12-29,65.2391128540039
2005-12-30,64.8202133178711
2006-01-02,66.41471099853516
2006-01-03,67.9011001586914
2006-01-04,68.42810821533203
2006-01-05,68.21189880371094
2006-01-06,67.61736297607422
2006-01-09,70.4820327758789
2006-01-10,68.75240325927734
2006-01-12,69.90100860595703
2006-01-13,69.60370635986328
2006-01-16,70.25232696533203
2006-01-17,69.95504760742188
2006-01-18,69.91450500488281
2006-01-19,70.54959869384766
2006-01-20,70.45500946044922
2006-01-23,70.60364532470703
2006-01-24,71.22522735595703
2006-01-25,77.85994720458984
2006-01-27,74.90067291259766
2006-01-30,74.83309173583984
2006-01-31,73.50887298583984
2006-02-01,75.23848724365234
2006-02-02,77.71131134033203
2006-02-03,76.04924774169922
2006-02-06,77.33296203613281
2006-02-07,75.30606842041016
2006-02-08,73.50887298583984
2006-02-10,73.80615997314453
2006-02-13,73.76560974121094
2006-02-14,74.40070343017578
2006-02-15,72.00895690917969
2006-02-16,73.80615997314453
2006-02-17,72.76566314697266
2006-02-20,74.58988952636719
2006-02-21,74.90067291259766
2006-02-22,73.15754699707031
2006-02-23,74.91419982910156
2006-02-24,74.91419982910156
2006-02-27,73.2656478881836
2006-02-28,73.22509765625
2006-03-01,76.98161315917969
2006-03-02,75.91410827636719
2006-03-03,75.48174285888672
2006-03-06,75.34658813476562
2006-03-07,74.25206756591797
2006-03-08,72.21163940429688
2006-03-09,74.25206756591797
2006-03-10,74.99526977539062
2006-03-13,75.30606842041016
2006-03-14,73.84668731689453
2006-03-16,74.2385482788086
2006-03-17,73.495361328125
2006-03-20,71.59008026123047
2006-03-21,70.71174621582031
2006-03-22,73.29267120361328
2006-03-23,73.37374114990234
2006-03-24,73.98182678222656
2006-03-27,71.95490264892578
2006-03-28,71.71168518066406
2006-03-29,71.60357666015625
2006-03-30,71.52250671386719
2006-03-31,70.90093231201172
2006-04-03,72.77920532226562
2006-04-04,71.64413452148438
2006-04-05,71.25224304199219
2006-04-07,74.88716125488281
2006-04-10,75.56279754638672
2006-04-12,71.09010314941406
2006-04-13,71.21171569824219
2006-04-17,71.09010314941406
2006-04-18,72.86027526855469
2006-04-19,71.46846008300781
2006-04-20,71.79277801513672
2006-04-21,72.86027526855469
2006-04-24,72.72513580322266
2006-04-25,72.19813537597656
2006-04-26,71.91436767578125
2006-04-27,72.98187255859375
2006-04-28,72.13058471679688
2006-05-02,73.4818344116211
2006-05-03,73.19808959960938
2006-05-04,76.1978988647461
2006-05-05,81.27864074707031
2006-05-08,82.40018463134766
2006-05-09,80.64356231689453
2006-05-10,82.80558013916016
2006-05-11,80.44086456298828
2006-05-12,77.94102478027344
2006-05-15,73.21159362792969
2006-05-16,72.19813537597656
2006-05-17,75.6708984375
2006-05-18,71.96842193603516
2006-05-19,71.68466186523438
2006-05-22,69.11724853515625
2006-05-23,66.49578857421875
2006-05-24,67.65789031982422
2006-05-25,66.90118408203125
2006-05-26,69.56317138671875
2006-05-29,71.67115783691406
2006-05-30,70.86038970947266
2006-05-31,68.17137145996094
2006-06-01,69.19833374023438
2006-06-02,69.73883056640625
2006-06-05,67.37411499023438
2006-06-06,65.19857025146484
2006-06-07,64.9283218383789
2006-06-08,60.37456512451172
2006-06-09,63.34733200073242
2006-06-12,64.7931900024414
2006-06-13,63.185211181640625
2006-06-14,62.968997955322266
2006-06-15,65.1850814819336
2006-06-16,66.33364868164062
2006-06-19,68.90106201171875
2006-06-20,66.2120361328125
2006-06-21,69.11724853515625
2006-06-22,68.63079833984375
2006-06-23,67.38763427734375
2006-06-26,65.79313659667969
2006-06-27,64.61753845214844
2006-06-28,62.496063232421875
2006-06-29,64.13109588623047
2006-06-30,63.9959716796875
2006-07-03,62.239315032958984
2006-07-04,62.0366096496582
2006-07-05,62.0771598815918
2006-07-06,60.806983947753906
2006-07-07,61.29343032836914
2006-07-10,58.928714752197266
2006-07-11,58.25307083129883
2006-07-12,59.6448860168457
2006-07-13,57.253135681152344
2006-07-14,58.95574188232422
2006-07-17,58.901668548583984
2006-07-18,58.28010559082031
2006-07-19,57.14505386352539
2006-07-20,56.94233703613281
2006-07-21,57.4693489074707
2006-07-24,57.33421325683594
2006-07-25,61.07721710205078
2006-07-26,61.18533706665039
2006-07-27,60.82047653198242
2006-07-28,60.698875427246094
2006-07-31,60.2124137878418
2006-08-01,60.334022521972656
2006-08-02,59.36111068725586
2006-08-03,61.22586441040039
2006-08-04,60.793453216552734
2006-08-07,60.59076690673828
2006-08-08,60.53670883178711
2006-08-09,62.92845153808594
2006-08-10,62.658206939697266
2006-08-11,62.91494369506836
2006-08-14,63.76622772216797
2006-08-16,64.1175765991211
2006-08-17,61.77988052368164
2006-08-18,60.698875427246094
2006-08-21,60.73941421508789
2006-08-22,61.036685943603516
2006-08-23,61.4555778503418
2006-08-24,61.52315139770508
2006-08-25,61.15829086303711
2006-08-28,61.104251861572266
2006-08-29,62.482540130615234
2006-08-30,64.88778686523438
2006-08-31,63.42841720581055
2006-09-01,64.54997253417969
2006-09-04,64.05001068115234
2006-09-05,63.77976608276367
2006-09-06,64.29322814941406
2006-09-07,63.30533218383789
2006-09-08,64.01082611083984
2006-09-11,62.62696838378906
2006-09-12,60.99887466430664
2006-09-13,60.55113983154297
2006-09-14,61.32450485229492
2006-09-15,62.43701171875
2006-09-18,63.38673400878906
2006-09-19,62.47771072387695
2006-09-20,62.55913543701172
2006-09-21,62.328468322753906
2006-09-22,62.369205474853516
2006-09-25,62.20637512207031
2006-09-26,63.23749923706055
2006-09-27,65.6660385131836
2006-09-28,64.8791275024414
2006-09-29,66.27656555175781
2006-10-03,66.39867401123047
2006-10-04,64.03797149658203
2006-10-05,65.39471435546875
2006-10-06,66.57506561279297
2006-10-09,70.93018341064453
2006-10-10,70.45532989501953
2006-10-11,70.31967163085938
2006-10-12,70.90306091308594
2006-10-13,71.2829360961914
2006-10-16,71.73065948486328
2006-10-17,71.09298706054688
2006-10-18,71.81205749511719
2006-10-19,71.40505981445312
2006-10-20,73.00599670410156
2006-10-23,75.12248992919922
2006-10-26,78.24299621582031
2006-10-27,79.12487030029297
2006-10-30,79.8710708618164
2006-10-31,80.07460021972656
2006-11-01,80.57658386230469
2006-11-02,82.96443939208984
2006-11-03,81.20068359375
2006-11-06,79.11131286621094
2006-11-07,80.08815002441406
2006-11-08,79.09772491455078
2006-11-09,78.17515563964844
2006-11-10,76.28931427001953
2006-11-13,78.88066864013672
2006-11-14,82.54385375976562
2006-11-15,83.71065521240234
2006-11-16,82.5981216430664
2006-11-17,78.96206665039062
2006-11-20,77.51036071777344
2006-11-21,76.18077850341797
2006-11-22,79.59973907470703
2006-11-23,85.50154113769531
2006-11-24,89.3818130493164
2006-11-27,89.70743560791016
2006-11-28,85.5558090209961
2006-11-29,87.46880340576172
2006-11-30,90.62999725341797
2006-12-01,87.889404296875
2006-12-04,88.60845947265625
2006-12-05,89.06974792480469
2006-12-06,87.80799102783203
2006-12-07,87.0482177734375
2006-12-08,85.35230255126953
2006-12-11,84.63323974609375
2006-12-12,81.72980499267578
2006-12-13,79.6133041381836
2006-12-14,81.44489288330078
2006-12-15,82.7880630493164
2006-12-18,80.11529541015625
2006-12-19,78.25657653808594
2006-12-20,78.14803314208984
2006-12-21,78.3515396118164
2006-12-22,81.89261627197266
2006-12-26,81.53984832763672
2006-12-27,81.36349487304688
2006-12-28,82.0689926147461
2006-12-29,81.45846557617188
2007-01-02,81.11929321289062
2007-01-03,83.33074951171875
2007-01-04,81.32278442382812
2007-01-05,81.83834838867188
2007-01-08,80.0610122680664
2007-01-09,78.09376525878906
2007-01-10,77.95806884765625
2007-01-11,78.98921203613281
2007-01-12,82.29965209960938
2007-01-15,85.78643798828125
2007-01-16,86.2884521484375
2007-01-17,92.01387023925781
2007-01-18,91.15911865234375
2007-01-19,89.13758087158203
2007-01-22,88.39137268066406
2007-01-23,85.01309204101562
2007-01-24,86.24774932861328
2007-01-25,85.17589569091797
2007-01-29,86.81757354736328
2007-01-31,88.92053985595703
2007-02-01,91.53900909423828
2007-02-02,90.00590515136719
2007-02-05,89.85667419433594
2007-02-06,88.22857666015625
2007-02-07,89.73455810546875
2007-02-08,88.68987274169922
2007-02-09,88.1064682006836
2007-02-12,87.27886962890625
2007-02-13,86.7768783569336
2007-02-14,86.7768783569336
2007-02-15,88.47278594970703
2007-02-19,89.218994140625
2007-02-20,87.65875244140625
2007-02-21,88.86624145507812
2007-02-22,88.1064682006836
2007-02-23,85.88142395019531
2007-02-26,86.80400848388672
2007-02-27,88.5813217163086
2007-02-28,86.3834228515625
2007-03-01,87.76728057861328
2007-03-02,84.93171691894531
2007-03-05,80.02032470703125
2007-03-06,78.01236724853516
2007-03-07,81.36349487304688
2007-03-08,82.01472473144531
2007-03-09,84.972412109375
2007-03-12,86.83112335205078
2007-03-13,85.43370056152344
2007-03-14,84.64678955078125
2007-03-15,85.52867889404297
2007-03-16,84.14479064941406
2007-03-19,84.09052276611328
2007-03-20,85.42012786865234
2007-03-21,86.75492858886719
2007-03-22,89.7098388671875
2007-03-23,91.31666564941406
2007-03-26,92.06561279296875
2007-03-28,86.8774642944336
2007-03-29,88.6068344116211
2007-03-30,88.41619110107422
2007-04-02,85.91064453125
2007-04-03,86.01957702636719
2007-04-04,89.62812042236328
2007-04-05,89.60089874267578
2007-04-09,90.3226089477539
2007-04-10,87.42213439941406
2007-04-11,86.00595092773438
2007-04-12,86.07405853271484
2007-04-13,89.92770385742188
2007-04-16,93.40009307861328
2007-04-17,92.70561981201172
2007-04-18,93.89028930664062
2007-04-19,92.44688415527344
2007-04-20,92.76009368896484
2007-04-23,91.12603759765625
2007-04-24,91.561767578125
2007-04-25,92.51496124267578
2007-04-26,92.39241027832031
2007-04-27,91.57537078857422
2007-04-30,90.02303314208984
2007-05-03,89.77792358398438
2007-05-04,84.31745910644531
2007-05-07,82.3565673828125
2007-05-08,80.98124694824219
2007-05-09,79.91909790039062
2007-05-10,79.12931060791016
2007-05-11,81.2263412475586
2007-05-14,78.58460998535156
2007-05-15,78.8569564819336
2007-05-16,80.6271743774414
2007-05-17,79.29269409179688
2007-05-18,77.9173812866211
2007-05-21,78.679931640625
2007-05-22,78.21695709228516
2007-05-23,78.679931640625
2007-05-24,79.40164947509766
2007-05-25,79.41525268554688
2007-05-28,79.38800811767578
2007-05-29,79.0067367553711
2007-05-30,77.52246856689453
2007-05-31,76.93693542480469
2007-06-01,79.74208068847656
2007-06-04,78.36675262451172
2007-06-05,77.79481506347656
2007-06-06,75.11225128173828
2007-06-07,74.79904174804688
2007-06-08,74.32244110107422
2007-06-11,73.818603515625
2007-06-12,74.66287994384766
2007-06-13,75.67053985595703
2007-06-14,78.14886474609375
2007-06-15,85.43405151367188
2007-06-18,81.87995910644531
2007-06-19,81.32166290283203
2007-06-20,83.21446228027344
2007-06-21,82.1386947631836
2007-06-22,82.64253234863281
2007-06-25,82.0161361694336
2007-06-26,81.62124633789062
2007-06-27,81.51231384277344
2007-06-28,81.68932342529297
2007-06-29,84.8076400756836
2007-07-02,85.39318084716797
2007-07-03,86.7685317993164
2007-07-04,82.30209350585938
2007-07-05,82.99657440185547
2007-07-06,83.85446166992188
2007-07-09,82.71060943603516
2007-07-10,83.18721771240234
2007-07-11,81.45781707763672
2007-07-12,82.75146484375
2007-07-13,85.611083984375
2007-07-16,83.0782699584961
2007-07-17,82.76509857177734
2007-07-18,83.30976104736328
2007-07-19,81.94807434082031
2007-07-20,84.0587158203125
2007-07-23,85.3115005493164
2007-07-24,87.85790252685547
2007-07-25,85.85616302490234
2007-07-26,84.20851135253906
2007-07-27,84.6442642211914
2007-07-30,81.71656036376953
2007-07-31,83.90892791748047
2007-08-01,87.34046173095703
2007-08-02,90.7175064086914
2007-08-03,91.31666564941406
2007-08-06,92.13367462158203
2007-08-07,92.4060287475586
2007-08-08,92.41964721679688
2007-08-09,90.40431213378906
2007-08-10,88.90640258789062
2007-08-13,91.67070007324219
2007-08-14,88.75662231445312
2007-08-16,87.85790252685547
2007-08-17,85.69278717041016
2007-08-20,85.99235534667969
2007-08-21,83.15998077392578
2007-08-22,84.4263687133789
2007-08-23,86.44171905517578
2007-08-24,85.7608642578125
2007-08-27,87.59917449951172
2007-08-28,87.09535217285156
2007-08-29,87.06809997558594
2007-08-30,86.8502426147461
2007-08-31,90.40431213378906
2007-09-03,91.24858093261719
2007-09-04,91.91580963134766
2007-09-05,91.19410705566406
2007-09-06,89.94132232666016
2007-09-07,89.2196044921875
2007-09-10,92.21539306640625
2007-09-11,93.97200012207031
2007-09-12,97.18566131591797
2007-09-13,97.73033142089844
2007-09-14,96.01456451416016
2007-09-17,97.56694030761719
2007-09-18,101.36611938476562
2007-09-19,103.2589111328125
2007-09-20,106.60873413085938
2007-09-21,106.66319274902344
2007-09-24,103.57209777832031
2007-09-25,98.45205688476562
2007-09-26,101.81548309326172
2007-09-27,103.61295318603516
2007-09-28,108.2019271850586
2007-10-01,107.84788513183594
2007-10-03,106.94915008544922
2007-10-04,102.76868438720703
2007-10-05,98.42481231689453
2007-10-08,99.41886138916016
2007-10-09,100.52186584472656
2007-10-10,100.0044174194336
2007-10-11,97.880126953125
2007-10-12,99.58228302001953
2007-10-15,103.99423217773438
2007-10-16,100.05887603759766
2007-10-17,101.50228881835938
2007-10-18,99.96354675292969
2007-10-19,93.50900268554688
2007-10-22,95.83756256103516
2007-10-23,100.49462127685547
2007-10-24,98.96951293945312
2007-10-25,97.6077880859375
2007-10-26,100.0044174194336
2007-10-29,100.88951110839844
2007-10-30,100.61719512939453
2007-10-31,97.64864349365234
2007-11-01,98.45205688476562
2007-11-02,98.02992248535156
2007-11-05,94.48946380615234
2007-11-06,96.45032501220703
2007-11-07,92.71920013427734
2007-11-08,90.40431213378906
2007-11-12,85.22978973388672
2007-11-13,86.45533752441406
2007-11-14,91.00345611572266
2007-11-15,95.93286895751953
2007-11-16,93.4681625366211
2007-11-19,93.3456039428711
2007-11-20,92.6239013671875
2007-11-21,91.4936752319336
2007-11-22,89.81875610351562
2007-11-23,88.6068344116211
2007-11-26,87.25874328613281
2007-11-27,91.80687713623047
2007-11-28,91.18048858642578
2007-11-29,90.98985290527344
2007-11-30,93.40009307861328
2007-12-03,93.74050903320312
2007-12-04,92.6239013671875
2007-12-05,92.73283386230469
2007-12-06,93.9992446899414
2007-12-07,94.18987274169922
2007-12-10,93.94475555419922
2007-12-11,95.1975326538086
2007-12-12,98.80610656738281
2007-12-13,97.94821166992188
2007-12-14,97.96183013916016
2007-12-17,98.30226135253906
2007-12-18,96.69544982910156
2007-12-19,95.25203704833984
2007-12-20,95.21117401123047
2007-12-24,94.61202239990234
2007-12-26,94.1081771850586
2007-12-27,93.37283325195312
2007-12-28,94.3260498046875
2007-12-31,95.03414154052734
2008-01-01,96.3277587890625
2008-01-02,102.0061264038086
2008-01-03,102.49633026123047
2008-01-04,104.44359588623047
2008-01-07,105.21977233886719
2008-01-08,102.64613342285156
2008-01-09,106.25468444824219
2008-01-10,110.96621704101562
2008-01-11,108.92366027832031
2008-01-14,112.42324829101562
2008-01-15,112.60028076171875
2008-01-16,108.88278198242188
2008-01-17,106.18657684326172
2008-01-18,99.1873779296875
2008-01-21,94.1081771850586
2008-01-22,86.71405792236328
2008-01-23,94.843505859375
2008-01-24,90.66301727294922
2008-01-25,92.28348541259766
2008-01-28,95.1567153930664
2008-01-29,90.59495544433594
2008-01-30,91.03070831298828
2008-01-31,94.3260498046875
2008-02-01,95.3200912475586
2008-02-04,99.07842254638672
2008-02-05,99.3780288696289
2008-02-06,94.51669311523438
2008-02-07,91.62985229492188
2008-02-08,88.34811401367188
2008-02-11,85.67915344238281
2008-02-12,87.16342163085938
2008-02-13,86.94554138183594
2008-02-14,85.70639038085938
2008-02-15,88.0621566772461
2008-02-18,89.76428985595703
2008-02-19,88.2528076171875
2008-02-20,85.08001708984375
2008-02-21,85.12085723876953
2008-02-22,83.0918960571289
2008-02-25,81.77103424072266
2008-02-26,83.786376953125
2008-02-27,85.63829803466797
2008-02-28,86.9183120727539
2008-02-29,91.2349624633789
2008-03-03,88.51153564453125
2008-03-04,85.74724578857422
2008-03-05,83.8135986328125
2008-03-07,82.76509857177734
2008-03-10,81.04933166503906
2008-03-11,81.74380493164062
2008-03-12,79.63313293457031
2008-03-13,74.83989715576172
2008-03-14,74.69010925292969
2008-03-17,70.53688049316406
2008-03-18,67.99047088623047
2008-03-19,67.51385498046875
2008-03-24,71.20411682128906
2008-03-25,74.2407455444336
2008-03-26,71.92583465576172
2008-03-27,73.4645767211914
2008-03-28,71.93943786621094
2008-03-31,71.39476776123047
2008-04-01,68.26280975341797
2008-04-02,70.99986267089844
2008-04-03,74.13179779052734
2008-04-04,75.97012329101562
2008-04-07,81.38975524902344
2008-04-08,82.90125274658203
2008-04-09,81.70294952392578
2008-04-10,78.72078704833984
2008-04-11,80.1778335571289
2008-04-15,84.22212982177734
2008-04-16,84.94384002685547
2008-04-17,88.947265625
2008-04-21,89.50558471679688
2008-04-22,87.61280059814453
2008-04-23,87.68087005615234
2008-04-24,84.84851837158203
2008-04-25,85.18893432617188
2008-04-28,85.92425537109375
2008-04-29,89.2876968383789
2008-04-30,87.83068084716797
2008-05-02,86.12852478027344
2008-05-05,87.5174789428711
2008-05-06,88.2528076171875
2008-05-07,90.58132934570312
2008-05-08,95.23838806152344
2008-05-09,95.1975326538086
2008-05-12,93.87670135498047
2008-05-13,94.21710968017578
2008-05-14,93.6587905883789
2008-05-15,94.59838104248047
2008-05-16,96.84523010253906
2008-05-20,96.2324447631836
2008-05-21,95.5516128540039
2008-05-22,96.4911880493164
2008-05-23,95.25203704833984
2008-05-26,93.82221221923828
2008-05-27,91.35751342773438
2008-05-28,91.13964080810547
2008-05-29,92.92346954345703
2008-05-30,93.00521087646484
2008-06-02,91.00345611572266
2008-06-03,92.13367462158203
2008-06-04,87.34046173095703
2008-06-05,86.74127960205078
2008-06-06,88.19833374023438
2008-06-09,86.033203125
2008-06-10,82.8740234375
2008-06-11,84.83489990234375
2008-06-12,87.3949203491211
2008-06-13,86.49617767333984
2008-06-16,83.3642349243164
2008-06-17,90.7175064086914
2008-06-18,86.86384582519531
2008-06-19,83.80000305175781
2008-06-20,84.46722412109375
2008-06-23,78.66631317138672
2008-06-24,82.09785461425781
2008-06-25,82.206787109375
2008-06-26,80.28675842285156
2008-06-27,78.03990936279297
2008-06-30,76.88246154785156
2008-07-01,78.24417114257812
2008-07-02,75.01692199707031
2008-07-03,72.8381576538086
2008-07-04,71.78965759277344
2008-07-07,73.53265380859375
2008-07-08,73.8730697631836
2008-07-09,76.29692840576172
2008-07-10,76.54204559326172
2008-07-11,76.7735366821289
2008-07-14,76.89608764648438
2008-07-15,74.0364990234375
2008-07-16,72.7020034790039
2008-07-17,73.5462646484375
2008-07-18,76.90970611572266
2008-07-21,76.25608825683594
2008-07-22,78.8569564819336
2008-07-23,84.56255340576172
2008-07-24,87.23151397705078
2008-07-25,91.62985229492188
2008-07-28,88.11662292480469
2008-07-29,85.20254516601562
2008-07-30,88.64768981933594
2008-07-31,92.59668731689453
2008-08-01,95.30648040771484
2008-08-04,95.74224090576172
2008-08-05,98.20691680908203
2008-08-06,96.04181671142578
2008-08-07,94.65284729003906
2008-08-08,94.85711669921875
2008-08-11,95.27925109863281
2008-08-12,94.4486083984375
2008-08-13,93.95838928222656
2008-08-14,91.22135162353516
2008-08-18,88.6068344116211
2008-08-19,87.2995834350586
2008-08-20,87.2859878540039
2008-08-21,86.14213562011719
2008-08-22,86.08767700195312
2008-08-25,86.15575408935547
2008-08-26,86.95919036865234
2008-08-27,89.1923828125
2008-08-28,89.65535736083984
2008-08-29,91.48007202148438
2008-09-01,92.6239013671875
2008-09-02,92.06561279296875
2008-09-04,94.23445892333984
2008-09-05,91.74199676513672
2008-09-08,93.029296875
2008-09-09,93.7414321899414
2008-09-10,92.30347442626953
2008-09-11,89.13996124267578
2008-09-12,89.19474029541016
2008-09-15,85.59297180175781
2008-09-16,85.51081848144531
2008-09-17,84.7302017211914
2008-09-18,86.08600616455078
2008-09-19,88.70172119140625
2008-09-22,89.098876953125
2008-09-23,87.68831634521484
2008-09-24,86.7844467163086
2008-09-25,86.16817474365234
2008-09-26,84.2098159790039
2008-09-29,84.10025024414062
2008-09-30,84.78498840332031
2008-10-01,83.23748016357422
2008-10-03,74.26731872558594
2008-10-06,70.03560638427734
2008-10-07,68.3237533569336
2008-10-08,60.39440155029297
2008-10-10,52.94440460205078
2008-10-13,59.83293151855469
2008-10-14,64.0920181274414
2008-10-15,63.503150939941406
2008-10-16,58.8057975769043
2008-10-17,55.8887939453125
2008-10-20,51.889892578125
2008-10-21,54.683650970458984
2008-10-22,53.38264083862305
2008-10-23,50.02738571166992
2008-10-24,47.42535400390625
2008-10-27,39.71514892578125
2008-10-29,46.31607437133789
2008-10-31,58.17584228515625
2008-11-03,52.28704071044922
2008-11-04,52.97178649902344
2008-11-05,58.75102996826172
2008-11-06,53.08134841918945
2008-11-07,55.21775817871094
2008-11-10,58.066280364990234
2008-11-11,57.49110412597656
2008-11-12,54.31388473510742
2008-11-14,51.98575210571289
2008-11-17,49.76719284057617
2008-11-18,47.658180236816406
2008-11-19,51.328407287597656
2008-11-20,51.492740631103516
2008-11-21,51.24623107910156
2008-11-24,48.64421081542969
2008-11-25,47.38426971435547
2008-11-26,45.987403869628906
2008-11-27,45.987403869628906
2008-11-28,44.535743713378906
2008-12-01,44.23446273803711
2008-12-02,42.892356872558594
2008-12-03,45.768287658691406
2008-12-04,48.80854797363281
2008-12-05,48.753761291503906
2008-12-08,48.69898986816406
2008-12-10,49.274166107177734
2008-12-11,49.301570892333984
2008-12-12,49.38372039794922
2008-12-15,51.08189392089844
2008-12-16,54.31388473510742
2008-12-17,60.20268630981445
2008-12-18,60.14789962768555
2008-12-19,62.14735412597656
2008-12-22,62.037803649902344
2008-12-23,59.654876708984375
2008-12-24,60.312225341796875
2008-12-26,57.02547836303711
2008-12-29,56.9706916809082
2008-12-30,59.10708999633789
2008-12-31,59.18926239013672
2009-01-02,63.68117141723633
2009-01-05,65.13282775878906
2009-01-06,63.462059020996094
2009-01-07,60.14789962768555
2009-01-09,58.25801086425781
2009-01-12,58.09367370605469
2009-01-13,60.25748062133789
2009-01-14,59.18926239013672
2009-01-15,57.244590759277344
2009-01-16,56.9706916809082
2009-01-19,55.87509536743164
2009-01-20,54.971248626708984
2009-01-21,57.16242599487305
2009-01-22,51.794029235839844
2009-01-23,49.13722229003906
2009-01-27,50.123260498046875
2009-01-28,51.57490539550781
2009-01-29,50.397151947021484
2009-01-30,51.4653434753418
2009-02-02,52.643104553222656
2009-02-03,52.94440460205078
2009-02-04,50.643653869628906
2009-02-05,50.67104721069336
2009-02-06,51.54752731323242
2009-02-09,50.424537658691406
2009-02-10,52.0405387878418
2009-02-11,51.1640625
2009-02-12,50.99972152709961
2009-02-13,53.218284606933594
2009-02-16,55.35468673706055
2009-02-17,54.176937103271484
2009-02-18,54.23171615600586
2009-02-19,54.77951431274414
2009-02-20,52.47877502441406
2009-02-24,49.82196044921875
2009-02-25,48.397701263427734
2009-02-26,47.90467834472656
2009-02-27,48.45248031616211
2009-03-02,46.34346389770508
2009-03-03,43.221038818359375
2009-03-04,41.02985382080078
2009-03-05,40.61900329589844
2009-03-06,41.49547576904297
2009-03-09,41.11202621459961
2009-03-12,43.823604583740234
2009-03-13,47.24733352661133
2009-03-16,51.08189392089844
2009-03-17,48.205963134765625
2009-03-18,48.37030792236328
2009-03-19,48.86332702636719
2009-03-20,48.397701263427734
2009-03-23,51.383182525634766
2009-03-24,53.683921813964844
2009-03-25,52.06792449951172
2009-03-26,53.683921813964844
2009-03-27,53.46480941772461
2009-03-30,52.643104553222656
2009-03-31,53.82087326049805
2009-04-01,57.326751708984375
2009-04-02,58.12104034423828
2009-04-06,57.682823181152344
2009-04-08,58.47713088989258
2009-04-09,59.35360336303711
2009-04-13,62.695152282714844
2009-04-15,68.50180053710938
2009-04-16,67.73487091064453
2009-04-17,67.8991928100586
2009-04-20,69.15912628173828
2009-04-21,67.05011749267578
2009-04-22,65.51629638671875
2009-04-23,67.10490417480469
2009-04-24,69.84387969970703
2009-04-27,68.85785675048828
2009-04-28,63.95507049560547
2009-04-29,62.969051361083984
2009-04-30,62.969051361083984
2009-05-04,67.6527099609375
2009-05-05,70.2821044921875
2009-05-06,69.15912628173828
2009-05-07,68.11832427978516
2009-05-08,64.72198486328125
2009-05-11,65.7080307006836
2009-05-12,63.023826599121094
2009-05-13,63.90029525756836
2009-05-14,67.98138427734375
2009-05-15,69.24129486083984
2009-05-18,79.34812927246094
2009-05-19,83.18268585205078
2009-05-20,86.27771759033203
2009-05-21,82.2788314819336
2009-05-22,89.975341796875
2009-05-25,93.42646026611328
2009-05-26,87.9485092163086
2009-05-27,88.74282836914062
2009-05-28,88.27717590332031
2009-05-29,89.78361511230469
2009-06-01,89.92057037353516
2009-06-02,89.26319885253906
2009-06-03,95.94629669189453
2009-06-04,93.50862884521484
2009-06-05,93.42646026611328
2009-06-08,85.4560317993164
2009-06-09,89.89318084716797
2009-06-10,94.38510131835938
2009-06-11,92.38565063476562
2009-06-12,90.4957504272461
2009-06-15,86.11339569091797
2009-06-16,86.71598052978516
2009-06-17,80.55326080322266
2009-06-18,80.38892364501953
2009-06-19,81.18323516845703
2009-06-22,81.29280090332031
2009-06-23,80.2519760131836
2009-06-24,81.0462875366211
2009-06-25,81.62147521972656
2009-06-26,85.319091796875
2009-06-29,83.26486206054688
2009-06-30,78.19775390625
2009-07-01,81.18323516845703
2009-07-02,79.1290054321289
2009-07-03,81.73103332519531
2009-07-06,80.36154174804688
2009-07-07,79.07421875
2009-07-08,75.26705932617188
2009-07-09,76.74608612060547
2009-07-10,76.14352416992188
2009-07-13,76.69131469726562
2009-07-14,79.21116638183594
2009-07-15,81.95014953613281
2009-07-16,83.5935287475586
2009-07-17,82.00492095947266
2009-07-20,84.71650695800781
2009-07-21,86.4146728515625
2009-07-22,81.67625427246094
2009-07-23,82.14187622070312
2009-07-24,88.19500732421875
2009-07-27,93.97425079345703
2009-07-28,94.4124984741211
2009-07-29,93.0429916381836
2009-07-30,92.8238754272461
2009-07-31,93.89207458496094
2009-08-03,100.52037811279297
2009-08-04,97.89097595214844
2009-08-05,94.87812042236328
2009-08-06,94.08380889892578
2009-08-07,89.29059600830078
2009-08-10,83.9496078491211
2009-08-11,83.23748016357422
2009-08-12,83.3744125366211
2009-08-13,86.79814147949219
2009-08-14,95.26158142089844
2009-08-17,87.53767395019531
2009-08-18,86.60640716552734
2009-08-19,84.90823364257812
2009-08-20,85.81208801269531
2009-08-21,84.743896484375
2009-08-24,86.35990905761719
2009-08-25,88.71542358398438
2009-08-26,88.8249740600586
2009-08-27,91.92002868652344
2009-08-28,90.98876190185547
2009-08-31,92.63214874267578
2009-09-01,91.89262390136719
2009-09-02,90.87920379638672
2009-09-03,91.86772155761719
2009-09-04,92.22689056396484
2009-09-07,92.03349304199219
2009-09-08,90.3204574584961
2009-09-09,90.9559326171875
2009-09-10,94.2990951538086
2009-09-11,93.47020721435547
2009-09-14,91.67430114746094
2009-09-15,92.36503601074219
2009-09-16,93.74650573730469
2009-09-17,91.23223114013672
2009-09-18,90.54151916503906
2009-09-22,90.26522064208984
2009-09-23,87.86146545410156
2009-09-24,87.11546325683594
2009-09-25,91.34275817871094
2009-09-29,91.31512451171875
2009-09-30,91.64668273925781
2009-10-01,93.11103057861328
2009-10-05,93.52547454833984
2009-10-06,92.44794464111328
2009-10-07,97.22782897949219
2009-10-08,94.32672882080078
2009-10-09,90.15469360351562
2009-10-12,90.70728302001953
2009-10-13,90.6243896484375
2009-10-14,91.48091125488281
2009-10-15,90.04415893554688
2009-10-16,89.71261596679688
2009-10-20,90.1270751953125
2009-10-21,88.3587875366211
2009-10-22,86.59051513671875
2009-10-23,86.83916473388672
2009-10-26,84.5459213256836
2009-10-27,80.42915344238281
2009-10-28,79.48974609375
2009-10-29,77.50042724609375
2009-10-30,79.48974609375
2009-11-03,77.03072357177734
2009-11-04,78.3293228149414
2009-11-05,79.57264709472656
2009-11-06,79.62787628173828
2009-11-09,82.05928802490234
2009-11-10,82.58424377441406
2009-11-11,82.30794525146484
2009-11-12,80.18048095703125
2009-11-13,80.09760284423828
2009-11-16,82.16980743408203
2009-11-17,79.9870834350586
2009-11-18,80.0423355102539
2009-11-19,76.75444030761719
2009-11-20,74.57173919677734
2009-11-23,76.97547912597656
2009-11-24,80.84358215332031
2009-11-25,85.7616195678711
2009-11-26,83.21971130371094
2009-11-27,81.31327819824219
2009-11-30,82.52897644042969
2009-12-01,87.33649444580078
2009-12-02,89.3258285522461
2009-12-03,91.14934539794922
2009-12-04,88.16537475585938
2009-12-07,86.89442443847656
2009-12-08,91.72956848144531
2009-12-09,92.89000701904297
2009-12-10,91.09410095214844
2009-12-11,90.40335083007812
2009-12-14,88.96662139892578
2009-12-15,89.29816436767578
2009-12-16,90.48624420166016
2009-12-17,91.72956848144531
2009-12-18,91.03886413574219
2009-12-21,92.72422790527344
2009-12-22,91.86772155761719
2009-12-23,92.03349304199219
2009-12-24,91.5085220336914
2009-12-29,93.49784088134766
2009-12-30,96.17790222167969
2009-12-31,95.9844970703125
2010-01-04,96.34368133544922
2010-01-05,101.06830596923828
2010-01-06,99.27238464355469
2010-01-07,98.3329849243164
2010-01-08,97.72513580322266
2010-01-11,97.00676727294922
2010-01-12,93.33209228515625
2010-01-13,95.04508972167969
2010-01-14,93.44258880615234
2010-01-15,92.14400482177734
2010-01-18,93.91228485107422
2010-01-19,92.50318908691406
2010-01-20,91.14934539794922
2010-01-21,90.26522064208984
2010-01-22,88.44165802001953
2010-01-25,88.46929168701172
2010-01-27,85.87214660644531
2010-01-28,87.1430892944336
2010-01-29,85.87214660644531
2010-02-01,85.37480926513672
2010-02-02,83.82755279541016
2010-02-03,86.9496841430664
2010-02-04,86.56285858154297
2010-02-05,85.29193115234375
2010-02-08,84.46304321289062
2010-02-09,84.43540954589844
2010-02-10,83.91044616699219
2010-02-11,83.49600219726562
2010-02-15,83.55126190185547
2010-02-16,82.88816833496094
2010-02-17,86.14842224121094
2010-02-18,87.06019592285156
2010-02-19,86.20368194580078
2010-02-22,86.17607116699219
2010-02-23,88.33114624023438
2010-02-24,85.65109252929688
2010-02-25,83.88282012939453
2010-02-26,83.66178894042969
2010-03-02,84.60118865966797
2010-03-03,86.20368194580078
2010-03-04,86.20368194580078
2010-03-05,90.67964935302734
2010-03-08,88.85609436035156
2010-03-09,87.33649444580078
2010-03-10,87.778564453125
2010-03-11,88.93899536132812
2010-03-12,87.61278533935547
2010-03-15,86.47998046875
2010-03-16,86.2313232421875
2010-03-17,87.61278533935547
2010-03-18,85.8445053100586
2010-03-19,86.64575958251953
2010-03-22,85.65109252929688
2010-03-23,85.92739868164062
2010-03-25,83.55126190185547
2010-03-26,83.38549041748047
2010-03-29,82.1145248413086
2010-03-30,81.56195831298828
2010-03-31,82.44609832763672
2010-04-01,82.55659484863281
2010-04-05,82.99868774414062
2010-04-06,85.0985107421875
2010-04-07,84.93272399902344
2010-04-08,85.29193115234375
2010-04-09,84.49066162109375
2010-04-12,83.52363586425781
2010-04-13,82.91577911376953
2010-04-15,83.24736022949219
2010-04-16,82.72238159179688
2010-04-19,80.09760284423828
2010-04-20,79.7936782836914
2010-04-21,79.93181610107422
2010-04-22,79.84893035888672
2010-04-23,80.01469421386719
2010-04-26,82.14215087890625
2010-04-27,82.52897644042969
2010-04-28,80.40151977539062
2010-04-29,81.6172103881836
2010-04-30,94.05044555664062
2010-05-03,95.04508972167969
2010-05-04,92.39266967773438
2010-05-05,94.1885757446289
2010-05-06,95.01744842529297
2010-05-07,91.2874984741211
2010-05-10,94.9898452758789
2010-05-11,96.39893341064453
2010-05-12,94.02281188964844
2010-05-13,94.79642486572266
2010-05-14,93.71888732910156
2010-05-17,94.93458557128906
2010-05-18,95.12798309326172
2010-05-19,90.84542846679688
2010-05-20,91.9229736328125
2010-05-21,91.17697143554688
2010-05-24,89.60210418701172
2010-05-25,87.83381652832031
2010-05-26,92.66897583007812
2010-05-27,93.80176544189453
2010-05-28,94.21621704101562
2010-05-31,100.65385437011719
2010-06-01,96.92389678955078
2010-06-02,98.91321563720703
2010-06-03,100.07365417480469
2010-06-04,103.47206115722656
2010-06-07,102.39452362060547
2010-06-08,99.3276596069336
2010-06-09,99.63154602050781
2010-06-10,103.5549545288086
2010-06-11,101.2064437866211
2010-06-14,101.48274230957031
2010-06-15,99.21713256835938
2010-06-16,102.72607421875
2010-06-17,104.71538543701172
2010-06-18,105.15745544433594
2010-06-21,107.3677978515625
2010-06-22,107.5335693359375
2010-06-23,107.11912536621094
2010-06-24,107.67170715332031
2010-06-25,105.9034423828125
2010-06-28,107.11912536621094
2010-06-29,105.93107604980469
2010-06-30,101.70377349853516
2010-07-01,100.23942565917969
2010-07-02,100.73674011230469
2010-07-05,99.57630920410156
2010-07-06,97.42121887207031
2010-07-07,96.50945281982422
2010-07-08,97.69751739501953
2010-07-09,96.89625549316406
2010-07-12,96.4542007446289
2010-07-13,99.0789794921875
2010-07-14,97.72513580322266
2010-07-15,96.64759063720703
2010-07-16,96.67523193359375
2010-07-19,96.7304916381836
2010-07-20,97.25543975830078
2010-07-21,99.3276596069336
2010-07-22,101.81428527832031
2010-07-23,99.76972198486328
2010-07-26,99.10661315917969
2010-07-27,102.94708251953125
2010-07-28,100.48808288574219
2010-07-29,98.96846008300781
2010-07-30,101.78666687011719
2010-08-02,102.11820220947266
2010-08-03,103.02999114990234
2010-08-04,102.36688232421875
2010-08-05,101.28933715820312
2010-08-06,101.59324645996094
2010-08-09,102.75370025634766
2010-08-10,101.48274230957031
2010-08-11,102.09058380126953
2010-08-12,102.69842529296875
2010-08-13,104.74299621582031
2010-08-16,104.13516235351562
2010-08-17,104.41144561767578
2010-08-18,109.05319213867188
2010-08-19,109.93733215332031
2010-08-20,108.03089904785156
2010-08-23,106.56655883789062
2010-08-24,108.05852508544922
2010-08-25,106.87046813964844
2010-08-26,104.22969818115234
2010-08-27,102.75066375732422
2010-08-30,102.16463470458984
2010-08-31,102.89019775390625
2010-09-01,104.25759887695312
2010-09-02,104.11808776855469
2010-09-03,103.9785385131836
2010-09-06,104.34130859375
2010-09-07,102.7227554321289
2010-09-08,102.35997772216797
2010-09-09,102.89019775390625
2010-09-13,106.15522766113281
2010-09-14,106.26685333251953
2010-09-15,106.37847137451172
2010-09-16,103.16926574707031
2010-09-17,104.4808349609375
2010-09-20,104.59248352050781
2010-09-21,104.25759887695312
2010-09-22,104.45294189453125
2010-09-23,104.45294189453125
2010-09-24,104.87152862548828
2010-09-27,103.83900451660156
2010-09-28,102.55532836914062
2010-09-29,101.94137573242188
2010-09-30,100.12747955322266
2010-10-01,101.63441467285156
2010-10-04,102.83440399169922
2010-10-05,103.02972412109375
2010-10-06,104.81573486328125
2010-10-07,102.13672637939453
2010-10-08,101.43909454345703
2010-10-11,103.4762191772461
2010-10-12,106.4900894165039
2010-10-13,106.65753173828125
2010-10-14,109.78302764892578
2010-10-15,106.37847137451172
2010-10-18,105.09477996826172
2010-10-19,105.68083190917969
2010-10-20,106.74125671386719
2010-10-21,114.35963439941406
2010-10-22,117.40145111083984
2010-10-25,121.19667053222656
2010-10-26,112.07133483886719
2010-10-27,112.74108123779297
2010-10-28,115.14102172851562
2010-10-29,111.2341537475586
2010-11-01,113.99687957763672
2010-11-02,114.6666259765625
2010-11-03,116.31309509277344
2010-11-04,118.62931060791016
2010-11-08,117.42932891845703
2010-11-09,115.30845642089844
2010-11-10,115.69915008544922
2010-11-11,114.19219970703125
2010-11-12,109.89466094970703
2010-11-15,110.36906433105469
2010-11-16,105.29013061523438
2010-11-18,104.17388153076172
2010-11-19,103.19715881347656
2010-11-22,104.4808349609375
2010-11-23,103.95063018798828
2010-11-24,102.24835968017578
2010-11-25,102.77857971191406
2010-11-26,102.08091735839844
2010-11-29,103.55994415283203
2010-11-30,105.20641326904297
2010-12-01,107.91332244873047
2010-12-02,106.18313598632812
2010-12-03,102.55532836914062
2010-12-06,102.35997772216797
2010-12-07,100.74140930175781
2010-12-08,100.54607391357422
2010-12-09,96.0252685546875
2010-12-10,95.55085754394531
2010-12-13,91.95098876953125
2010-12-14,92.4532699584961
2010-12-15,92.76024627685547
2010-12-16,89.88591766357422
2010-12-20,85.7278823852539
2010-12-21,88.85337829589844
2010-12-22,88.46268463134766
2010-12-23,87.7650375366211
2010-12-24,89.74638366699219
2010-12-27,88.37895965576172
2010-12-28,90.69520568847656
2010-12-29,92.67652893066406
2010-12-30,96.05316925048828
2010-12-31,96.527587890625
2011-01-03,94.3788070678711
2011-01-04,93.17884826660156
2011-01-05,91.19749450683594
2011-01-06,90.27660369873047
2011-01-07,89.63475036621094
2011-01-10,86.95574951171875
2011-01-11,88.29524993896484
2011-01-12,89.21615600585938
2011-01-13,89.27196502685547
2011-01-14,85.9790267944336
2011-01-17,85.4767074584961
2011-01-18,86.92784118652344
2011-01-19,86.53717041015625
2011-01-20,85.0581283569336
2011-01-21,85.0023193359375
2011-01-24,86.53717041015625
2011-01-25,86.56507110595703
2011-01-27,83.35585021972656
2011-01-28,78.30482482910156
2011-01-31,75.960693359375
2011-02-01,76.23975372314453
2011-02-02,75.09562683105469
2011-02-03,79.44898223876953
2011-02-04,78.55599212646484
2011-02-07,78.38854217529297
2011-02-08,75.960693359375
2011-02-09,73.30961608886719
2011-02-10,73.67239379882812
2011-02-11,75.31887817382812
2011-02-14,77.57925415039062
2011-02-15,79.97919464111328
2011-02-16,80.84428405761719
2011-02-17,80.20245361328125
2011-02-18,75.93280029296875
2011-02-21,77.32811737060547
2011-02-22,76.2676773071289
2011-02-23,73.47705078125
2011-02-24,70.49108123779297
2011-02-25,72.58405303955078
2011-02-28,75.93280029296875
2011-03-01,78.41645050048828
2011-03-03,79.14203643798828
2011-03-04,79.33734893798828
2011-03-07,75.6258316040039
2011-03-08,75.960693359375
2011-03-09,75.65373992919922
2011-03-10,76.23975372314453
2011-03-11,73.36541748046875
2011-03-14,74.20262145996094
2011-03-15,70.82596588134766
2011-03-16,73.30961608886719
2011-03-17,75.68163299560547
2011-03-18,75.9048843383789
2011-03-21,76.68627166748047
2011-03-22,78.33272552490234
2011-03-23,79.28154754638672
2011-03-24,78.77921295166016
2011-03-25,81.34660339355469
2011-03-28,81.9326400756836
2011-03-29,83.32796478271484
2011-03-30,84.69534301757812
2011-03-31,83.41166687011719
2011-04-01,83.8023452758789
2011-04-04,83.99768829345703
2011-04-05,84.69534301757812
2011-04-06,84.44419860839844
2011-04-07,86.28600311279297
2011-04-08,84.41629028320312
2011-04-11,83.74653625488281
2011-04-13,84.9186019897461
2011-04-15,85.67207336425781
2011-04-18,85.8395004272461
2011-04-19,87.62550354003906
2011-04-20,89.43940734863281
2011-04-21,89.74638366699219
2011-04-25,90.5556411743164
2011-04-26,89.66263580322266
2011-04-27,90.24867248535156
2011-04-28,89.24404907226562
2011-04-29,84.44419860839844
2011-05-02,84.61162567138672
2011-05-03,83.6349105834961
2011-05-04,82.74192810058594
2011-05-05,87.15109252929688
2011-05-06,86.89994812011719
2011-05-09,88.1278076171875
2011-05-10,88.65802001953125
2011-05-11,89.7742691040039
2011-05-12,91.25331115722656
2011-05-13,94.21136474609375
2011-05-16,92.03467559814453
2011-05-17,93.6253433227539
2011-05-18,91.39282989501953
2011-05-19,91.28121948242188
2011-05-20,91.36492919921875
2011-05-23,91.95098876953125
2011-05-24,89.49522399902344
2011-05-25,87.65340423583984
2011-05-26,89.99754333496094
2011-05-27,90.44402313232422
2011-05-30,88.01617431640625
2011-05-31,90.52771759033203
2011-06-01,90.30451202392578
2011-06-02,91.33702087402344
2011-06-03,92.00677490234375
2011-06-06,89.21615600585938
2011-06-07,89.83009338378906
2011-06-08,89.16033172607422
2011-06-09,87.62550354003906
2011-06-10,86.67670440673828
2011-06-13,88.76966094970703
2011-06-14,89.43940734863281
2011-06-15,89.02082824707031
2011-06-16,87.45806121826172
2011-06-17,84.75115966796875
2011-06-20,81.56985473632812
2011-06-21,80.76058197021484
2011-06-22,79.11410522460938
2011-06-23,80.9280014038086
2011-06-24,82.93724060058594
2011-06-27,86.31390380859375
2011-06-28,87.59758758544922
2011-06-29,87.06737518310547
2011-06-30,85.2255859375
2011-07-01,85.8674087524414
2011-07-04,87.98828887939453
2011-07-05,87.90455627441406
2011-07-06,87.98828887939453
2011-07-07,88.60221862792969
2011-07-08,86.53717041015625
2011-07-11,86.89994812011719
2011-07-12,84.10931396484375
2011-07-13,87.98828887939453
2011-07-14,86.69922637939453
2011-07-15,87.15122985839844
2011-07-18,86.64271545410156
2011-07-19,86.72749328613281
2011-07-20,85.90821838378906
2011-07-21,85.11721801757812
2011-07-22,87.06648254394531
2011-07-25,87.40547180175781
2011-07-26,88.6202392578125
2011-07-27,92.23622131347656
2011-07-28,91.86898040771484
2011-07-29,93.93123626708984
2011-08-01,92.6317138671875
2011-08-02,90.54122161865234
2011-08-03,89.24172973632812
2011-08-04,87.82923126220703
2011-08-05,87.2077407836914
2011-08-08,85.76698303222656
2011-08-09,82.91372680664062
2011-08-10,85.42797088623047
2011-08-11,83.13972473144531
2011-08-12,82.17923736572266
2011-08-16,83.28096771240234
2011-08-17,83.39397430419922
2011-08-18,79.2129898071289
2011-08-19,79.38247680664062
2011-08-22,77.71571350097656
2011-08-23,76.86823272705078
2011-08-24,77.09423065185547
2011-08-25,75.79473876953125
2011-08-26,76.81172943115234
2011-08-29,78.93048095703125
2011-08-30,82.20746612548828
2011-09-02,82.71598815917969
2011-09-05,81.21871948242188
2011-09-06,84.97598266601562
2011-09-07,82.5464859008789
2011-09-08,84.32621002197266
2011-09-09,83.6482162475586
2011-09-12,81.89673614501953
2011-09-13,81.52947998046875
2011-09-14,82.29222869873047
2011-09-15,83.9589614868164
2011-09-16,84.52397155761719
2011-09-19,83.5634765625
2011-09-20,86.4167251586914
2011-09-21,88.05523681640625
2011-09-22,82.23572540283203
2011-09-23,82.40523529052734
2011-09-26,79.43897247314453
2011-09-27,78.87398529052734
2011-09-28,78.19598388671875
2011-09-29,77.96997833251953
2011-09-30,77.80048370361328
2011-10-03,76.41625213623047
2011-10-04,72.82848358154297
2011-10-05,70.37073516845703
2011-10-07,72.46123504638672
2011-10-10,75.59698486328125
2011-10-11,74.86247253417969
2011-10-12,75.14498138427734
2011-10-13,75.70999145507812
2011-10-14,81.24698638916016
2011-10-17,80.56897735595703
2011-10-18,80.82323455810547
2011-10-19,82.094482421875
2011-10-20,82.1509780883789
2011-10-21,81.07747650146484
2011-10-24,80.56897735595703
2011-10-25,82.65946960449219
2011-10-28,83.93071746826172
2011-10-31,82.7724838256836
2011-11-01,82.68772888183594
2011-11-02,81.41645812988281
2011-11-03,82.71598815917969
2011-11-04,83.36572265625
2011-11-08,83.6482162475586
2011-11-09,85.08898162841797
2011-11-11,80.99272918701172
2011-11-14,79.32598114013672
2011-11-15,76.95299530029297
2011-11-16,76.33148956298828
2011-11-17,77.20723724365234
2011-11-18,74.94722747802734
2011-11-21,74.94722747802734
2011-11-22,75.45574951171875
2011-11-23,70.65325164794922
2011-11-24,73.39347839355469
2011-11-25,73.4499740600586
2011-11-28,75.22972106933594
2011-11-29,74.83424377441406
2011-11-30,77.65924072265625
2011-12-01,79.49549102783203
2011-12-02,77.51797485351562
2011-12-05,74.38223266601562
2011-12-07,75.03199005126953
2011-12-08,76.95299530029297
2011-12-09,74.86247253417969
2011-12-12,75.25798034667969
2011-12-13,75.11672973632812
2011-12-14,74.2974853515625
2011-12-15,74.7494888305664
2011-12-16,75.8512191772461
2011-12-19,75.31448364257812
2011-12-20,74.7212142944336
2011-12-21,73.87374114990234
2011-12-22,74.04325103759766
2011-12-23,75.76648712158203
2011-12-26,75.14498138427734
2011-12-27,74.46699523925781
2011-12-28,72.94147491455078
2011-12-29,70.85098266601562
2011-12-30,71.698486328125
2012-01-02,71.75496673583984
2012-01-03,73.98673248291016
2012-01-04,74.63648986816406
2012-01-05,75.00373077392578
2012-01-06,75.03199005126953
2012-01-09,77.3484878540039
2012-01-10,82.094482421875
2012-01-11,81.24698638916016
2012-01-12,79.86273193359375
2012-01-13,77.63098907470703
2012-01-16,75.62523651123047
2012-01-17,78.56322479248047
2012-01-18,77.17897033691406
2012-01-19,80.56897735595703
2012-01-20,80.48422241210938
2012-01-23,79.09998321533203
2012-01-24,79.12822723388672
2012-01-25,80.9644775390625
2012-01-27,84.5522232055664
2012-01-30,81.21871948242188
2012-01-31,83.39397430419922
2012-02-01,82.94197845458984
2012-02-02,81.9532241821289
2012-02-03,83.16796112060547
2012-02-06,84.834716796875
2012-02-07,83.08322143554688
2012-02-08,84.43922424316406
2012-02-09,85.08898162841797
2012-02-10,85.31497955322266
2012-02-13,86.75574493408203
2012-02-14,89.10047149658203
2012-02-15,90.93672943115234
2012-02-16,94.52447509765625
2012-02-17,91.04972076416016
2012-02-21,89.29822540283203
2012-02-22,85.5692367553711
2012-02-23,86.4167251586914
2012-02-24,83.05496978759766
2012-02-27,81.27523803710938
2012-02-28,83.28096771240234
2012-02-29,88.05523681640625
2012-03-01,80.22998809814453
2012-03-02,76.72698211669922
2012-03-05,76.19022369384766
2012-03-06,77.3484878540039
2012-03-07,77.46148681640625
2012-03-09,77.20723724365234
2012-03-12,76.78348541259766
2012-03-13,76.86823272705078
2012-03-14,77.3767318725586
2012-03-15,75.08848571777344
2012-03-16,75.76648712158203
2012-03-19,74.83424377441406
2012-03-20,74.01497650146484
2012-03-21,75.11672973632812
2012-03-22,73.78897094726562
2012-03-23,75.11672973632812
2012-03-26,73.33698272705078
2012-03-27,73.19572448730469
2012-03-28,72.80023956298828
2012-03-29,71.95272827148438
2012-03-30,73.50648498535156
2012-04-02,74.69298553466797
2012-04-03,77.94282531738281
2012-04-04,77.05419158935547
2012-04-09,76.62419891357422
2012-04-10,75.96488189697266
2012-04-11,75.10491180419922
2012-04-12,75.13359069824219
2012-04-13,73.67160034179688
2012-04-16,72.7542953491211
2012-04-17,72.78295135498047
2012-04-18,72.46763610839844
2012-04-19,73.38494110107422
2012-04-20,73.38494110107422
2012-04-23,73.24160766601562
2012-04-24,68.79839324951172
2012-04-25,69.05638122558594
2012-04-26,64.75648498535156
2012-04-27,62.835845947265625
2012-04-30,66.6771011352539
2012-05-02,68.855712890625
2012-05-03,72.86894226074219
2012-05-04,68.76970672607422
2012-05-07,68.42572784423828
2012-05-08,69.25703430175781
2012-05-09,66.84909057617188
2012-05-10,68.65506744384766
2012-05-11,68.33972930908203
2012-05-14,68.05306243896484
2012-05-15,66.01778411865234
2012-05-16,66.82044219970703
2012-05-17,69.37169647216797
2012-05-18,67.79508972167969
2012-05-21,66.99241638183594
2012-05-22,66.53378295898438
2012-05-23,66.59110260009766
2012-05-24,65.84577941894531
2012-05-25,65.64512634277344
2012-05-28,66.82044219970703
2012-05-29,66.73442840576172
2012-05-30,65.30113983154297
2012-05-31,63.49518585205078
2012-06-01,61.77520751953125
2012-06-04,63.15118408203125
2012-06-05,64.24049377441406
2012-06-06,65.35846710205078
2012-06-07,64.81380462646484
2012-06-08,64.03984069824219
2012-06-11,64.32649993896484
2012-06-12,64.81380462646484
2012-06-13,65.35846710205078
2012-06-14,64.89981079101562
2012-06-15,64.92848205566406
2012-06-18,65.07180786132812
2012-06-19,64.81380462646484
2012-06-20,65.07180786132812
2012-06-21,65.32979583740234
2012-06-22,65.35846710205078
2012-06-25,65.35846710205078
2012-06-26,67.70907592773438
2012-06-27,70.80501556396484
2012-06-28,70.08836364746094
2012-06-29,72.18096923828125
2012-07-02,71.37831115722656
2012-07-03,72.72562408447266
2012-07-04,73.0982894897461
2012-07-05,73.21295166015625
2012-07-06,71.95164489746094
2012-07-09,69.6870346069336
2012-07-10,70.31768035888672
2012-07-11,69.88768005371094
2012-07-12,69.30038452148438
2012-07-13,70.16374206542969
2012-07-16,70.62422943115234
2012-07-17,70.94078063964844
2012-07-18,71.68905639648438
2012-07-19,70.7968978881836
2012-07-20,71.45882415771484
2012-07-23,70.19255065917969
2012-07-24,71.40125274658203
2012-07-25,70.0774154663086
2012-07-26,69.07015228271484
2012-07-27,69.9623031616211
2012-07-30,69.32916259765625
2012-07-31,69.0125961303711
2012-08-01,69.67449951171875
2012-08-02,69.32916259765625
2012-08-03,69.0125961303711
2012-08-06,69.18526458740234
2012-08-07,69.93352508544922
2012-08-08,69.67449951171875
2012-08-09,68.78235626220703
2012-08-10,69.04135131835938
2012-08-13,69.09891510009766
2012-08-14,69.41548156738281
2012-08-16,67.08438873291016
2012-08-17,66.22099304199219
2012-08-21,64.2064437866211
2012-08-22,62.47970199584961
2012-08-23,63.976226806640625
2012-08-24,65.35762023925781
2012-08-27,66.30734252929688
2012-08-28,66.73902893066406
2012-08-29,66.96926879882812
2012-08-30,68.78235626220703
2012-08-31,68.83991241455078
2012-09-03,68.72479248046875
2012-09-04,69.04135131835938
2012-09-05,69.32916259765625
2012-09-06,70.0774154663086
2012-09-07,69.47306060791016
2012-09-10,70.59544372558594
2012-09-11,71.34369659423828
2012-09-12,71.1998062133789
2012-09-13,71.57393646240234
2012-09-14,71.48760223388672
2012-09-17,73.96260833740234
2012-09-18,74.79720306396484
2012-09-20,73.70360565185547
2012-09-21,75.372802734375
2012-09-24,73.1855697631836
2012-09-25,72.20706939697266
2012-09-26,71.57393646240234
2012-09-27,73.76115417480469
2012-09-28,75.77570343017578
2012-10-01,75.9483871459961
2012-10-03,76.29374694824219
2012-10-04,75.77570343017578
2012-10-05,76.46642303466797
2012-10-08,75.63180541992188
2012-10-09,75.43037414550781
2012-10-10,72.20706939697266
2012-10-11,72.66754150390625
2012-10-12,71.22858428955078
2012-10-15,72.43731689453125
2012-10-16,70.99835968017578
2012-10-17,69.58817291259766
2012-10-18,69.21405029296875
2012-10-19,68.2931137084961
2012-10-22,67.1419448852539
2012-10-23,68.14920806884766
2012-10-25,68.35066986083984
2012-10-29,67.91898345947266
2012-10-30,66.76781463623047
2012-10-31,65.67420196533203
2012-11-01,67.40095520019531
2012-11-02,67.77508544921875
2012-11-05,68.00531768798828
2012-11-06,68.26432800292969
2012-11-07,68.52333068847656
2012-11-08,67.19949340820312
2012-11-09,65.24251556396484
2012-11-12,63.71721267700195
2012-11-15,62.968955993652344
2012-11-16,65.01228332519531
2012-11-19,65.87566375732422
2012-11-20,64.69570922851562
2012-11-21,63.314300537109375
2012-11-22,63.314300537109375
2012-11-23,63.91866683959961
2012-11-26,63.34309768676758
2012-11-27,64.14891052246094
2012-11-29,65.8180923461914
2012-11-30,67.8038558959961
2012-12-03,72.1207504272461
2012-12-04,71.40125274658203
2012-12-05,70.7968978881836
2012-12-06,70.94078063964844
2012-12-07,73.2431411743164
2012-12-10,73.21434020996094
2012-12-11,71.71784973144531
2012-12-12,70.7968978881836
2012-12-13,72.32218933105469
2012-12-14,72.06318664550781
2012-12-17,72.40853881835938
2012-12-18,71.45882415771484
2012-12-19,71.83293914794922
2012-12-20,72.17830657958984
2012-12-21,70.91203308105469
2012-12-24,70.88323211669922
2012-12-26,71.37248229980469
2012-12-27,71.08470153808594
2012-12-28,74.16407012939453
2012-12-31,74.94110870361328
2013-01-01,76.2073974609375
2013-01-02,75.80449676513672
2013-01-03,78.7399673461914
2013-01-04,78.22193908691406
2013-01-07,78.99899291992188
2013-01-08,79.200439453125
2013-01-09,78.27951049804688
2013-01-10,78.79753112792969
2013-01-11,77.09955596923828
2013-01-14,79.51700592041016
2013-01-15,78.50971221923828
2013-01-16,77.47367858886719
2013-01-17,79.77601623535156
2013-01-18,81.21498107910156
2013-01-21,81.84812927246094
2013-01-22,80.5242691040039
2013-01-23,79.40188598632812
2013-01-24,76.26495361328125
2013-01-25,79.25799560546875
2013-01-28,78.59607696533203
2013-01-29,78.6823959350586
2013-01-30,77.50247192382812
2013-01-31,76.61030578613281
2013-02-01,75.60302734375
2013-02-04,73.38703155517578
2013-02-05,74.6533203125
2013-02-06,73.44459533691406
2013-02-07,73.41581726074219
2013-02-08,73.73238372802734
2013-02-11,73.44459533691406
2013-02-12,72.6387710571289
2013-02-13,72.2358627319336
2013-02-14,68.3218765258789
2013-02-15,70.50910186767578
2013-02-18,72.55242156982422
2013-02-19,72.98412322998047
2013-02-20,73.38703155517578
2013-02-21,70.42276763916016
2013-02-22,72.1207504272461
2013-02-25,71.05591583251953
2013-02-26,69.5018310546875
2013-02-27,70.27888488769531
2013-02-28,66.65270233154297
2013-03-01,68.63846588134766
2013-03-04,66.36490631103516
2013-03-05,68.66724395751953
2013-03-06,69.32916259765625
2013-03-07,71.1998062133789
2013-03-08,72.95533752441406
2013-03-11,73.93383026123047
2013-03-12,72.20706939697266
2013-03-13,72.46609497070312
2013-03-14,72.46609497070312
2013-03-15,71.34369659423828
2013-03-18,70.65300750732422
2013-03-19,67.77508544921875
2013-03-20,67.40095520019531
2013-03-21,67.89019012451172
2013-03-22,68.8111343383789
2013-03-25,67.717529296875
2013-03-26,67.05558776855469
2013-03-28,67.57361602783203
2013-04-01,69.04135131835938
2013-04-02,70.65300750732422
2013-04-03,70.82569122314453
2013-04-04,69.04135131835938
2013-04-05,68.4082260131836
2013-04-08,68.60968017578125
2013-04-09,68.89746856689453
2013-04-10,68.95503997802734
2013-04-11,69.41548156738281
2013-04-12,70.7968978881836
2013-04-15,69.9910888671875
2013-04-16,70.2213134765625
2013-04-17,72.5811996459961
2013-04-18,72.26463317871094
2013-04-22,74.68209075927734
2013-04-23,74.25040435791016
2013-04-25,76.12104034423828
2013-04-26,79.86236572265625
2013-04-29,79.66090393066406
2013-04-30,81.2437515258789
2013-05-02,83.54609680175781
2013-05-03,82.88418579101562
2013-05-06,84.78359985351562
2013-05-07,84.98505401611328
2013-05-08,86.30890655517578
2013-05-09,86.45280456542969
2013-05-10,88.64002227783203
2013-05-13,83.68999481201172
2013-05-14,86.9996109008789
2013-05-15,87.51763153076172
2013-05-16,88.72635650634766
2013-05-17,89.15805053710938
2013-05-20,88.81269073486328
2013-05-21,89.07170104980469
2013-05-22,89.53217315673828
2013-05-23,90.51066589355469
2013-05-24,90.68334197998047
2013-05-27,89.76241302490234
2013-05-28,89.18683624267578
2013-05-29,87.71910095214844
2013-05-30,89.33071899414062
2013-05-31,89.2155990600586
2013-06-03,93.53251647949219
2013-06-04,94.02174377441406
2013-06-05,95.25923156738281
2013-06-06,93.61881256103516
2013-06-07,89.73363494873047
2013-06-10,88.2658920288086
2013-06-11,85.70453643798828
2013-06-12,85.10015869140625
2013-06-13,80.5242691040039
2013-06-14,79.71847534179688
2013-06-17,84.17922973632812
2013-06-18,83.68999481201172
2013-06-19,84.23680114746094
2013-06-20,82.13591003417969
2013-06-21,78.45218658447266
2013-06-24,74.22162628173828
2013-06-25,76.40885162353516
2013-06-26,77.50247192382812
2013-06-27,77.76148986816406
2013-06-28,78.1355972290039
2013-07-01,80.15015411376953
2013-07-02,79.08531951904297
2013-07-03,76.66786193847656
2013-07-04,78.95269775390625
2013-07-05,77.6631851196289
2013-07-08,79.62674713134766
2013-07-09,80.94554901123047
2013-07-10,81.26791381835938
2013-07-11,84.05207824707031
2013-07-12,84.02278137207031
2013-07-15,81.64891815185547
2013-07-16,80.65249633789062
2013-07-17,81.03346252441406
2013-07-18,84.37445068359375
2013-07-19,86.27938842773438
2013-07-22,87.01206970214844
2013-07-23,84.40377807617188
2013-07-24,83.4659423828125
2013-07-25,84.31585693359375
2013-07-26,82.87979888916016
2013-07-29,80.3008041381836
2013-07-30,80.5352554321289
2013-07-31,74.64457702636719
2013-08-01,73.06200408935547
2013-08-02,73.17923736572266
2013-08-05,74.73250579833984
2013-08-06,75.72892761230469
2013-08-07,74.23429107666016
2013-08-08,80.3008041381836
2013-08-12,84.40377807617188
2013-08-13,86.7483139038086
2013-08-14,88.82910919189453
2013-08-16,84.0813980102539
2013-08-19,86.42594146728516
2013-08-20,84.52099609375
2013-08-21,81.38516235351562
2013-08-22,85.45880126953125
2013-08-23,84.52099609375
2013-08-26,84.69684600830078
2013-08-27,83.46593475341797
2013-08-28,83.43663787841797
2013-08-29,79.94910430908203
2013-08-30,78.19071197509766
2013-09-02,79.74397277832031
2013-09-03,77.45804595947266
2013-09-04,78.74754333496094
2013-09-05,79.2457504272461
2013-09-06,81.03346252441406
2013-09-10,79.71467590332031
2013-09-11,78.86477661132812
2013-09-12,78.36656188964844
2013-09-13,79.21644592285156
2013-09-16,78.57169342041016
2013-09-17,78.24932861328125
2013-09-18,79.8319091796875
2013-09-19,83.90555572509766
2013-09-20,84.78475189208984
2013-09-23,81.2093276977539
2013-09-24,83.26080322265625
2013-09-25,82.70397186279297
2013-09-26,84.57960510253906
2013-09-27,83.70039367675781
2013-09-30,84.9019775390625
2013-10-01,83.99346923828125
2013-10-03,86.77761840820312
2013-10-04,90.05999755859375
2013-10-07,90.76335906982422
2013-10-08,87.8326644897461
2013-10-09,88.97563934326172
2013-10-10,88.88772583007812
2013-10-11,87.53960418701172
2013-10-14,88.74117279052734
2013-10-15,87.48097229003906
2013-10-17,91.2615737915039
2013-10-18,91.05643463134766
2013-10-21,92.28732299804688
2013-10-22,92.49246215820312
2013-10-23,90.14791870117188
2013-10-24,90.7047348022461
2013-10-25,91.75979614257812
2013-10-28,90.58750915527344
2013-10-29,92.19939422607422
2013-10-30,93.72335052490234
2013-10-31,96.41958618164062
2013-11-01,96.62472534179688
2013-11-05,97.85562133789062
2013-11-06,100.78630065917969
2013-11-07,98.32452392578125
2013-11-08,98.41242980957031
2013-11-11,97.03501892089844
2013-11-12,98.26590728759766
2013-11-13,97.62116241455078
2013-11-14,99.05718231201172
2013-11-18,99.81918334960938
2013-11-19,97.70909118652344
2013-11-20,95.01284790039062
2013-11-21,95.39384460449219
2013-11-22,92.63899230957031
2013-11-25,93.34236145019531
2013-11-26,94.9542465209961
2013-11-27,98.32452392578125
2013-11-28,98.85204315185547
2013-11-29,97.94354248046875
2013-12-02,97.85562133789062
2013-12-03,96.00926971435547
2013-12-04,94.92494201660156
2013-12-05,97.24016571044922
2013-12-06,99.37957000732422
2013-12-09,102.19303894042969
2013-12-10,104.97718048095703
2013-12-11,107.76133728027344
2013-12-12,105.50470733642578
2013-12-13,101.46037292480469
2013-12-16,104.33242797851562
2013-12-17,103.71698760986328
2013-12-18,103.71698760986328
2013-12-19,102.39818572998047
2013-12-20,108.81639099121094
2013-12-23,110.69202423095703
2013-12-24,109.87142944335938
2013-12-26,111.16092681884766
2013-12-27,113.4761734008789
2013-12-30,115.20527648925781
2013-12-31,116.0258560180664
2014-01-01,116.31893157958984
2014-01-02,115.43973541259766
2014-01-03,117.28607177734375
2014-01-06,118.07734680175781
2014-01-07,118.25320434570312
2014-01-08,118.16527557373047
2014-01-09,119.39616394042969
2014-01-10,119.601318359375
2014-01-13,120.80287170410156
2014-01-14,121.74069213867188
2014-01-15,123.20606231689453
2014-01-16,126.51770782470703
2014-01-17,127.04523468017578
2014-01-20,126.81080627441406
2014-01-21,124.7007064819336
2014-01-22,125.55062866210938
2014-01-23,121.15458679199219
2014-01-24,119.83577728271484
2014-01-27,113.68133544921875
2014-01-28,108.34748077392578
2014-01-29,113.85716247558594
2014-01-30,109.90074157714844
2014-01-31,110.83856201171875
2014-02-03,108.49401092529297
2014-02-04,110.80924224853516
2014-02-05,111.51261901855469
2014-02-06,109.49044036865234
2014-02-07,114.35539245605469
2014-02-10,115.41043853759766
2014-02-11,110.63341522216797
2014-02-12,110.57478332519531
2014-02-13,107.14588928222656
2014-02-14,108.49401092529297
2014-02-17,107.11658477783203
2014-02-18,109.1973648071289
2014-02-19,108.75775909423828
2014-02-20,107.1751937866211
2014-02-21,105.50470733642578
2014-02-24,104.62550354003906
2014-02-25,108.5233154296875
2014-02-26,107.40965270996094
2014-02-28,107.14588928222656
2014-03-03,106.26669311523438
2014-03-04,106.99935150146484
2014-03-05,109.72489166259766
2014-03-06,110.36964416503906
2014-03-07,110.89717102050781
2014-03-10,110.92646789550781
2014-03-11,111.21954345703125
2014-03-12,111.89359283447266
2014-03-13,111.92291259765625
2014-03-14,109.87142944335938
2014-03-18,111.33676147460938
2014-03-19,109.13874816894531
2014-03-20,109.51973724365234
2014-03-21,108.78706359863281
2014-03-24,108.40608978271484
2014-03-25,106.14946746826172
2014-03-26,108.20093536376953
2014-03-27,108.14231872558594
2014-03-28,107.35103607177734
2014-03-31,108.1130142211914
2014-04-01,112.97796630859375
2014-04-02,112.97796630859375
2014-04-03,117.69635772705078
2014-04-04,118.75141906738281
2014-04-07,118.5755615234375
2014-04-09,119.63062286376953
2014-04-10,124.49556732177734
2014-04-11,127.07456970214844
2014-04-15,129.5656280517578
2014-04-16,125.60922241210938
2014-04-17,126.0195083618164
2014-04-21,128.4226531982422
2014-04-22,128.0709991455078
2014-04-23,125.84364318847656
2014-04-24,125.84364318847656
2014-04-25,135.0167236328125
2014-04-28,162.12557983398438
2014-04-29,161.27565002441406
2014-04-30,157.1433868408203
2014-05-02,164.08914184570312
2014-05-05,163.4443359375
2014-05-06,163.64956665039062
2014-05-07,165.7303466796875
2014-05-08,158.75527954101562
2014-05-09,161.94972229003906
2014-05-12,158.31568908691406
2014-05-13,161.129150390625
2014-05-14,162.7410125732422
2014-05-15,159.28280639648438
2014-05-16,166.96119689941406
2014-05-19,179.3286590576172
2014-05-20,174.22930908203125
2014-05-21,176.95484924316406
2014-05-22,179.79763793945312
2014-05-23,180.29583740234375
2014-05-26,180.76473999023438
2014-05-27,178.68394470214844
2014-05-28,182.31796264648438
2014-05-29,180.96986389160156
2014-05-30,176.896240234375
2014-06-02,179.06495666503906
2014-06-03,177.33584594726562
2014-06-04,180.47166442871094
2014-06-05,183.4609832763672
2014-06-06,184.77976989746094
2014-06-09,188.3258819580078
2014-06-10,184.6918487548828
2014-06-11,177.4237518310547
2014-06-12,179.1821746826172
2014-06-13,173.81900024414062
2014-06-16,176.925537109375
2014-06-17,184.89700317382812
2014-06-18,183.5488739013672
2014-06-19,189.9084930419922
2014-06-20,183.1092987060547
2014-06-23,181.73184204101562
2014-06-24,186.33302307128906
2014-06-25,184.72117614746094
2014-06-26,190.6997528076172
2014-06-27,193.19082641601562
2014-06-30,200.13658142089844
2014-07-01,196.35597229003906
2014-07-02,197.6161651611328
2014-07-03,201.4553985595703
2014-07-04,206.7012939453125
2014-07-07,200.60545349121094
2014-07-08,189.1171875
2014-07-09,188.09144592285156
2014-07-10,188.1793670654297
2014-07-11,188.1793670654297
2014-07-14,186.6553955078125
2014-07-15,192.721923828125
2014-07-16,193.19082641601562
2014-07-17,191.4617156982422
2014-07-18,190.28945922851562
2014-07-21,190.08432006835938
2014-07-22,189.9964141845703
2014-07-23,187.09498596191406
2014-07-24,184.39878845214844
2014-07-25,184.57464599609375
2014-07-28,182.2007598876953
2014-07-30,190.0550079345703
2014-07-31,192.75123596191406
2014-08-01,195.00787353515625
2014-08-04,195.88706970214844
2014-08-05,194.3631134033203
2014-08-06,195.27163696289062
2014-08-07,187.70358276367188
2014-08-08,180.024658203125
2014-08-11,182.3668670654297
2014-08-12,182.81158447265625
2014-08-13,181.3884735107422
2014-08-14,186.2804718017578
2014-08-18,192.44732666015625
2014-08-19,194.01864624023438
2014-08-20,190.19403076171875
2014-08-21,193.01063537597656
2014-08-22,200.71920776367188
2014-08-25,192.44732666015625
2014-08-26,193.04025268554688
2014-08-27,192.62518310546875
2014-08-28,187.4367218017578
2014-09-01,194.31515502929688
2014-09-02,192.44732666015625
2014-09-03,203.298583984375
2014-09-04,219.01220703125
2014-09-05,224.31927490234375
2014-09-08,225.74237060546875
2014-09-09,228.94442749023438
2014-09-10,225.44590759277344
2014-09-11,221.6509246826172
2014-09-12,218.09312438964844
2014-09-15,214.80213928222656
2014-09-16,202.94284057617188
2014-09-17,203.59506225585938
2014-09-18,213.11221313476562
2014-09-19,209.31719970703125
2014-09-22,210.47349548339844
2014-09-23,206.61920166015625
2014-09-24,204.988525390625
2014-09-25,199.17745971679688
2014-09-26,200.65992736816406
2014-09-29,205.75941467285156
2014-09-30,201.63829040527344
2014-10-01,200.83778381347656
2014-10-07,200.8081512451172
2014-10-08,200.86744689941406
2014-10-09,202.79458618164062
2014-10-10,196.77597045898438
2014-10-13,198.58448791503906
2014-10-14,204.09910583496094
2014-10-15,204.09910583496094
2014-10-16,189.77896118164062
2014-10-17,191.37997436523438
2014-10-20,196.0347442626953
2014-10-21,193.81109619140625
2014-10-22,199.0292205810547
2014-10-27,199.20712280273438
2014-10-28,198.7624053955078
2014-10-29,202.82421875
2014-10-30,201.63829040527344
2014-10-31,206.67852783203125
2014-11-03,203.2393035888672
2014-11-05,200.6895294189453
2014-11-07,197.6654052734375
2014-11-10,198.9995880126953
2014-11-11,195.3824920654297
2014-11-12,206.58958435058594
2014-11-13,212.43028259277344
2014-11-14,214.5056610107422
2014-11-17,212.69711303710938
2014-11-18,213.14183044433594
2014-11-19,206.29306030273438
2014-11-20,209.4951171875
2014-11-21,207.65689086914062
2014-11-24,210.41419982910156
2014-11-25,203.5357666015625
2014-11-26,200.71920776367188
2014-11-27,200.71920776367188
2014-11-28,205.04786682128906
2014-12-01,203.59506225585938
2014-12-02,204.45489501953125
2014-12-03,205.58151245117188
2014-12-04,201.43072509765625
2014-12-05,199.08856201171875
2014-12-08,195.97544860839844
2014-12-09,188.593017578125
2014-12-10,194.28549194335938
2014-12-11,191.37997436523438
2014-12-12,183.19700622558594
2014-12-15,182.21865844726562
2014-12-16,179.4910125732422
2014-12-17,184.9166259765625
2014-12-18,190.52015686035156
2014-12-19,191.4689178466797
2014-12-22,196.1829833984375
2014-12-23,196.06439208984375
2014-12-24,196.42018127441406
2014-12-26,198.16943359375
2014-12-29,199.29608154296875
2014-12-30,200.4820098876953
2014-12-31,205.49258422851562
2015-01-01,202.55738830566406
2015-01-02,208.87246704101562
2015-01-05,204.988525390625
2015-01-06,195.05638122558594
2015-01-07,191.55784606933594
2015-01-08,197.3393096923828
2015-01-09,197.0724639892578
2015-01-12,196.0347442626953
2015-01-13,204.42523193359375
2015-01-14,212.40065002441406
2015-01-15,214.9503936767578
2015-01-16,219.486572265625
2015-01-19,220.02024841308594
2015-01-20,220.19815063476562
2015-01-21,216.01771545410156
2015-01-22,213.67550659179688
2015-01-23,212.31166076660156
2015-01-27,207.92372131347656
2015-01-28,210.05841064453125
2015-01-29,216.55137634277344
2015-01-30,218.41921997070312
2015-02-02,233.51026916503906
2015-02-03,246.8519744873047
2015-02-04,254.7384796142578
2015-02-05,247.83038330078125
2015-02-06,253.99720764160156
2015-02-09,245.2509765625
2015-02-10,251.80325317382812
2015-02-11,258.32586669921875
2015-02-12,262.18017578125
2015-02-13,254.7384796142578
2015-02-16,252.87062072753906
2015-02-18,247.7711181640625
2015-02-19,253.76004028320312
2015-02-20,249.6686248779297
2015-02-23,247.35597229003906
2015-02-24,245.54750061035156
2015-02-25,243.85751342773438
2015-02-26,241.5449676513672
2015-02-27,248.92739868164062
2015-03-02,250.73587036132812
2015-03-03,248.1861572265625
2015-03-04,246.22938537597656
2015-03-05,250.05404663085938
2015-03-09,258.8299255371094
2015-03-10,257.2882080078125
2015-03-11,252.33692932128906
2015-03-12,254.29371643066406
2015-03-13,245.0137939453125
2015-03-16,242.13792419433594
2015-03-17,247.5932159423828
2015-03-18,250.49867248535156
2015-03-19,253.96759033203125
2015-03-20,247.4450225830078
2015-03-23,248.92739868164062
2015-03-24,245.75497436523438
2015-03-25,249.01634216308594
2015-03-26,253.10781860351562
2015-03-27,258.0886535644531
2015-03-30,261.2611083984375
2015-03-31,262.18017578125
2015-04-01,261.3203430175781
2015-04-06,267.0128479003906
2015-04-07,280.62139892578125
2015-04-08,274.09881591796875
2015-04-09,269.3551025390625
2015-04-10,274.7807312011719
2015-04-13,281.4812316894531
2015-04-15,273.2686462402344
2015-04-16,267.9911804199219
2015-04-17,254.3234100341797
2015-04-20,243.0570068359375
2015-04-21,251.98117065429688
2015-04-22,254.88668823242188
2015-04-23,259.27459716796875
2015-04-24,257.7625732421875
2015-04-27,264.3741760253906
2015-04-28,282.16314697265625
2015-04-29,277.8937683105469
2015-04-30,290.93902587890625
2015-05-04,294.7933654785156
2015-05-05,293.5777893066406
2015-05-06,283.9717102050781
2015-05-07,289.36767578125
2015-05-08,300.36724853515625
2015-05-11,299.29986572265625
2015-05-12,290.0199890136719
2015-05-13,301.1084289550781
2015-05-14,305.52606201171875
2015-05-15,309.1431579589844
2015-05-18,312.908447265625
2015-05-19,309.0245361328125
2015-05-20,306.65264892578125
2015-05-21,319.4903869628906
2015-05-22,318.8084716796875
2015-05-25,327.08038330078125
2015-05-26,335.1743469238281
2015-05-27,318.48236083984375
2015-05-28,307.6903076171875
2015-05-29,327.7029724121094
2015-06-01,322.01055908203125
2015-06-02,314.924560546875
2015-06-03,320.14263916015625
2015-06-04,332.3577880859375
2015-06-05,326.2205505371094
2015-06-08,316.99993896484375
2015-06-09,306.20794677734375
2015-06-10,308.7873229980469
2015-06-11,300.36724853515625
2015-06-12,310.7441711425781
2015-06-15,304.8441162109375
2015-06-16,307.8682556152344
2015-06-17,315.6361389160156
2015-06-18,311.3371276855469
2015-06-19,309.2320251464844
2015-06-22,323.87841796875
2015-06-23,331.7351379394531
2015-06-24,321.061767578125
2015-06-25,330.8457336425781
2015-06-26,331.4979553222656
2015-06-29,319.1049499511719
2015-06-30,317.59295654296875
2015-07-01,324.4713439941406
2015-07-02,325.4793395996094
2015-07-03,324.5899353027344
2015-07-06,331.2311706542969
2015-07-07,327.85125732421875
2015-07-08,316.22906494140625
2015-07-09,306.4451599121094
2015-07-10,307.57177734375
2015-07-13,309.1134033203125
2015-07-14,309.8250427246094
2015-07-15,312.34515380859375
2015-07-16,321.01995849609375
2015-07-17,319.52386474609375
2015-07-20,327.0938415527344
2015-07-21,324.9395446777344
2015-07-22,326.8245544433594
2015-07-23,323.9222106933594
2015-07-24,321.0498046875
2015-07-27,321.25927734375
2015-07-28,314.8562316894531
2015-07-29,315.18536376953125
2015-07-30,310.7571105957031
2015-07-31,320.5711364746094
2015-08-03,323.9222106933594
2015-08-04,335.5914001464844
2015-08-05,339.0022888183594
2015-08-06,329.2780456542969
2015-08-07,325.56787109375
2015-08-10,336.818115234375
2015-08-11,336.51885986328125
2015-08-12,324.760009765625
2015-08-13,330.355224609375
2015-08-14,327.6324157714844
2015-08-17,331.1930236816406
2015-08-18,335.44171142578125
2015-08-19,338.1644592285156
2015-08-20,327.6324157714844
2015-08-21,320.5711364746094
2015-08-24,292.2959899902344
2015-08-25,299.1478271484375
2015-08-26,302.4091491699219
2015-08-27,310.42791748046875
2015-08-28,312.22320556640625
2015-08-31,300.733642578125
2015-09-01,314.6767272949219
2015-09-02,317.78851318359375
2015-09-03,327.9316101074219
2015-09-04,316.9507141113281
2015-09-07,314.1979675292969
2015-09-08,310.4579162597656
2015-09-09,311.5350341796875
2015-09-10,296.87384033203125
2015-09-11,303.06744384765625
2015-09-14,300.4942321777344
2015-09-15,294.5400085449219
2015-09-16,285.982666015625
2015-09-18,287.86773681640625
2015-09-21,281.70404052734375
2015-09-22,276.8269958496094
2015-09-23,278.29302978515625
2015-09-24,279.1607971191406
2015-09-28,271.8899841308594
2015-09-29,264.08074951171875
2015-09-30,274.25372314453125
2015-10-01,271.68060302734375
2015-10-05,270.48370361328125
2015-10-06,278.113525390625
2015-10-07,268.628662109375
2015-10-08,266.0255126953125
2015-10-09,271.0821838378906
2015-10-12,279.5796203613281
2015-10-13,284.6063232421875
2015-10-14,281.43475341796875
2015-10-15,285.114990234375
2015-10-16,285.1748352050781
2015-10-19,292.056640625
2015-10-20,288.28662109375
2015-10-21,287.0299377441406
2015-10-23,276.3182678222656
2015-10-26,268.1199951171875
2015-10-27,280.7166748046875
2015-10-28,283.7386474609375
2015-10-29,284.6960754394531
2015-10-30,275.0915832519531
2015-11-02,274.1639709472656
2015-11-03,270.0648193359375
2015-11-04,272.0396423339844
2015-11-05,263.0334777832031
2015-11-06,268.41925048828125
2015-11-09,275.74981689453125
2015-11-10,271.2617492675781
2015-11-13,260.28070068359375
2015-11-16,262.82403564453125
2015-11-17,266.1452331542969
2015-11-18,266.3247985839844
2015-11-19,269.22705078125
2015-11-20,274.7923278808594
2015-11-23,264.4696350097656
2015-11-24,261.53741455078125
2015-11-26,257.5579528808594
2015-11-27,251.96278381347656
2015-11-30,248.79119873046875
2015-12-01,254.41624450683594
2015-12-02,254.08718872070312
2015-12-03,252.1721954345703
2015-12-04,250.67617797851562
2015-12-07,247.59442138671875
2015-12-08,242.0889434814453
2015-12-09,236.22445678710938
2015-12-10,244.39279174804688
2015-12-11,237.33154296875
2015-12-14,242.44798278808594
2015-12-15,250.79591369628906
2015-12-16,253.96749877929688
2015-12-17,255.55325317382812
2015-12-18,252.62106323242188
2015-12-21,256.2115173339844
2015-12-22,255.64303588867188
2015-12-23,259.802001953125
2015-12-24,259.143798828125
2015-12-28,260.2209167480469
2015-12-29,259.62249755859375
2015-12-30,260.28070068359375
2015-12-31,262.1658020019531
2016-01-01,263.5121765136719
2016-01-04,259.62249755859375
2016-01-05,260.49017333984375
2016-01-06,265.30743408203125
2016-01-07,249.778564453125
2016-01-08,254.59579467773438
2016-01-11,254.2666473388672
2016-01-12,254.2666473388672
2016-01-13,246.00856018066406
2016-01-14,238.4984893798828
2016-01-15,233.59146118164062
2016-01-18,232.18511962890625
2016-01-19,234.54893493652344
2016-01-20,223.47821044921875
2016-01-21,226.02146911621094
2016-01-22,238.88742065429688
2016-01-25,240.32359313964844
2016-01-27,247.2353057861328
2016-01-28,245.7392578125
2016-01-29,261.5972595214844
2016-02-01,262.1957092285156
2016-02-02,248.94076538085938
2016-02-03,244.81173706054688
2016-02-04,242.5078125
2016-02-05,246.5471649169922
2016-02-08,241.49049377441406
2016-02-09,233.5615234375
2016-02-10,236.5535888671875
2016-02-11,232.00563049316406
2016-02-12,227.03880310058594
2016-02-15,242.3582000732422
2016-02-16,241.4306640625
2016-02-17,236.733154296875
2016-02-18,235.59613037109375
2016-02-19,238.19921875
2016-02-22,236.19451904296875
2016-02-23,235.98509216308594
2016-02-24,226.61985778808594
2016-02-25,228.71437072753906
2016-02-26,226.53013610839844
2016-02-29,228.38522338867188
2016-03-01,243.1361541748047
2016-03-02,246.27783203125
2016-03-03,254.17694091796875
2016-03-04,266.1751403808594
2016-03-08,260.60992431640625
2016-03-09,260.3406066894531
2016-03-10,267.760986328125
2016-03-11,262.4051818847656
2016-03-14,263.30279541015625
2016-03-15,259.8618469238281
2016-03-16,257.5579528808594
2016-03-17,261.6869812011719
2016-03-18,263.901123046875
2016-03-21,266.4444580078125
2016-03-22,265.9357604980469
2016-03-23,273.0868835449219
2016-03-28,270.2742919921875
2016-03-29,270.09478759765625
2016-03-30,282.5119323730469
2016-03-31,285.863037109375
2016-04-01,279.13079833984375
2016-04-04,279.7591247558594
2016-04-05,274.4332580566406
2016-04-06,274.0742492675781
2016-04-07,276.91668701171875
2016-04-08,275.2710876464844
2016-04-11,284.7559509277344
2016-04-12,295.4077453613281
2016-04-13,301.48162841796875
2016-04-18,303.5462341308594
2016-04-20,301.8406982421875
2016-04-21,307.7051696777344
2016-04-22,313.1507873535156
2016-04-25,313.9286804199219
2016-04-26,305.52099609375
2016-04-27,308.1540222167969
2016-04-28,309.35076904296875
2016-04-29,321.88763427734375
2016-05-02,355.9972839355469
2016-05-03,346.7517395019531
2016-05-04,346.5423278808594
2016-05-05,354.53118896484375
2016-05-06,354.8004150390625
2016-05-09,351.3895263671875
2016-05-10,352.2272644042969
2016-05-11,355.1894836425781
2016-05-12,358.6602783203125
2016-05-13,349.324951171875
2016-05-16,349.9831848144531
2016-05-17,347.2005615234375
2016-05-18,341.33612060546875
2016-05-19,335.740966796875
2016-05-20,344.8668212890625
2016-05-23,341.5156555175781
2016-05-24,340.04962158203125
2016-05-25,352.07769775390625
2016-05-26,354.83038330078125
2016-05-27,356.2965393066406
2016-05-30,354.1123046875
2016-05-31,356.3563232421875
2016-06-01,353.8729553222656
2016-06-02,362.0113830566406
2016-06-03,362.6697082519531
2016-06-06,365.9908447265625
2016-06-07,359.1090393066406
2016-06-08,358.5106201171875
2016-06-09,353.3044738769531
2016-06-10,347.0809020996094
2016-06-13,351.2099914550781
2016-06-14,348.51708984375
2016-06-15,350.0131530761719
2016-06-16,342.9817199707031
2016-06-17,342.1973571777344
2016-06-20,343.3437194824219
2016-06-21,338.81854248046875
2016-06-22,335.4698181152344
2016-06-23,327.05291748046875
2016-06-24,325.9366455078125
2016-06-27,328.83282470703125
2016-06-28,329.5267028808594
2016-06-29,331.638427734375
2016-06-30,331.90997314453125
2016-07-01,338.1849365234375
2016-07-04,335.4095153808594
2016-07-05,329.6172180175781
2016-07-07,334.4139099121094
2016-07-08,332.8451843261719
2016-07-11,329.7982177734375
2016-07-12,331.9703063964844
2016-07-13,338.6675720214844
2016-07-14,343.3738708496094
2016-07-15,341.865478515625
2016-07-18,335.2887878417969
2016-07-19,333.7803649902344
2016-07-20,333.50885009765625
2016-07-21,337.3403015136719
2016-07-22,352.4243469238281
2016-07-25,349.5885314941406
2016-07-26,348.8040771484375
2016-07-27,367.327392578125
2016-07-28,368.11175537109375
2016-07-29,377.01141357421875
2016-08-01,369.0167541503906
2016-08-02,354.7774353027344
2016-08-03,351.88128662109375
2016-08-04,363.405517578125
2016-08-05,370.46490478515625
2016-08-08,375.3822937011719
2016-08-09,371.61126708984375
2016-08-10,374.2660217285156
2016-08-11,379.1230773925781
2016-08-12,379.84716796875
2016-08-16,377.825927734375
2016-08-17,387.7210388183594
2016-08-18,388.5959167480469
2016-08-19,389.2898254394531
2016-08-22,393.3927001953125
2016-08-23,389.3199768066406
2016-08-24,388.6864318847656
2016-08-25,381.476318359375
2016-08-26,383.0148010253906
2016-08-29,384.4327087402344
2016-08-30,385.3981018066406
2016-08-31,385.518798828125
2016-09-01,378.3990783691406
2016-09-02,383.25616455078125
2016-09-06,390.94903564453125
2016-09-07,398.732421875
2016-09-08,397.827392578125
2016-09-09,398.521240234375
2016-09-12,391.64288330078125
2016-09-14,420.12164306640625
2016-09-15,413.15277099609375
2016-09-16,418.0098571777344
2016-09-19,411.6443786621094
2016-09-20,410.1661376953125
2016-09-21,412.8209533691406
2016-09-22,412.8511047363281
2016-09-23,417.7685546875
2016-09-26,411.58404541015625
2016-09-27,412.5192565917969
2016-09-28,412.096923828125
2016-09-29,392.366943359375
2016-09-30,406.5762023925781
2016-10-03,410.4075012207031
2016-10-04,408.175048828125
2016-10-05,410.5281677246094
2016-10-06,405.15826416015625
2016-10-07,405.5805358886719
2016-10-10,404.79620361328125
2016-10-13,403.8610534667969
2016-10-14,412.3080749511719
2016-10-17,414.4198913574219
2016-10-18,417.8891906738281
2016-10-19,428.53857421875
2016-10-20,431.3742980957031
2016-10-21,433.4258117675781
2016-10-24,435.2962341308594
2016-10-25,430.137451171875
2016-10-26,421.84130859375
2016-10-27,426.27593994140625
2016-10-28,421.02667236328125
2016-11-01,426.1251220703125
2016-11-02,410.3773193359375
2016-11-03,403.8610534667969
2016-11-04,405.7314453125
2016-11-07,403.2576599121094
2016-11-08,412.9416198730469
2016-11-09,398.9435729980469
2016-11-10,418.884765625
2016-11-11,390.4361877441406
2016-11-15,362.22894287109375
2016-11-16,374.50738525390625
2016-11-17,372.3352355957031
2016-11-18,376.2571716308594
2016-11-21,367.3575439453125
2016-11-22,365.7586364746094
2016-11-23,368.68499755859375
2016-11-24,367.598876953125
2016-11-25,379.33428955078125
2016-11-28,379.3041687011719
2016-11-29,377.37335205078125
2016-11-30,382.5019836425781
2016-12-01,392.4875793457031
2016-12-02,393.5133361816406
2016-12-05,400.42181396484375
2016-12-06,405.79180908203125
2016-12-07,405.5805358886719
2016-12-08,422.4446105957031
2016-12-09,419.63897705078125
2016-12-12,419.6690979003906
2016-12-13,409.1101989746094
2016-12-14,392.8496398925781
2016-12-15,389.0785827636719
2016-12-16,400.27099609375
2016-12-19,386.75567626953125
2016-12-20,382.713134765625
2016-12-21,380.7823791503906
2016-12-22,373.4515075683594
2016-12-23,378.30859375
2016-12-26,369.4391784667969
2016-12-27,384.0103454589844
2016-12-28,380.90301513671875
2016-12-29,384.9455871582031
2016-12-30,390.3758239746094
2017-01-02,397.405029296875
2017-01-03,395.20269775390625
2017-01-04,402.7749938964844
2017-01-05,407.0286560058594
2017-01-06,398.1591796875
2017-01-09,406.0029296875
2017-01-10,400.3314208984375
2017-01-11,403.7704772949219
2017-01-12,413.6354675292969
2017-01-13,415.1438903808594
2017-01-16,423.9831237792969
2017-01-17,443.2002868652344
2017-01-18,440.75665283203125
2017-01-19,446.2472839355469
2017-01-20,442.7175598144531
2017-01-23,438.0716857910156
2017-01-24,440.1834411621094
2017-01-25,446.6092834472656
2017-01-27,439.5197448730469
2017-01-30,445.31207275390625
2017-01-31,437.2873229980469
2017-02-01,447.2729797363281
2017-02-02,446.5489501953125
2017-02-03,445.40252685546875
2017-02-06,438.2527160644531
2017-02-07,439.8818054199219
2017-02-08,439.06719970703125
2017-02-09,445.5533447265625
2017-02-10,438.61468505859375
2017-02-13,440.5152587890625
2017-02-14,431.9173583984375
2017-02-15,427.84466552734375
2017-02-16,422.2937927246094
2017-02-17,428.5687561035156
2017-02-20,431.2536926269531
2017-02-21,429.2022399902344
2017-02-22,427.7239685058594
2017-02-23,433.27496337890625
2017-02-27,431.7363586425781
2017-02-28,433.3956298828125
2017-03-01,432.8224182128906
2017-03-02,423.289306640625
2017-03-03,416.68243408203125
2017-03-06,412.790771484375
2017-03-07,424.10382080078125
2017-03-08,427.06036376953125
2017-03-09,430.4693603515625
2017-03-10,425.0993957519531
2017-03-14,423.6211242675781
2017-03-15,428.870361328125
2017-03-16,427.6033935546875
2017-03-17,432.21905517578125
2017-03-20,432.520751953125
2017-03-21,438.9164123535156
2017-03-22,433.36541748046875
2017-03-23,440.0024108886719
2017-03-24,435.68841552734375
2017-03-27,437.8907470703125
2017-03-28,435.7185363769531
2017-03-29,434.059326171875
2017-03-30,431.10284423828125
2017-03-31,438.5845031738281
2017-04-03,443.7433166503906
2017-04-05,441.7220764160156
2017-04-06,439.9119873046875
2017-04-07,438.55438232421875
2017-04-10,441.752197265625
2017-04-11,443.3209533691406
2017-04-12,444.07513427734375
2017-04-13,438.79571533203125
2017-04-17,443.92431640625
2017-04-18,459.40057373046875
2017-04-19,466.0375671386719
2017-04-20,471.8902282714844
2017-04-21,470.32147216796875
2017-04-24,479.2511901855469
2017-04-25,486.9139099121094
2017-04-26,501.5454406738281
2017-04-27,493.85260009765625
2017-04-28,486.4010925292969
2017-05-02,485.3753662109375
2017-05-03,490.2927551269531
2017-05-04,489.5687255859375
2017-05-05,487.45697021484375
2017-05-08,485.0133361816406
2017-05-09,491.07708740234375
2017-05-10,496.869384765625
2017-05-11,497.985595703125
2017-05-12,497.3219909667969
2017-05-15,505.1656494140625
2017-05-16,499.0113525390625
2017-05-17,501.06280517578125
2017-05-18,493.520751953125
2017-05-19,477.5316162109375
2017-05-22,476.9584655761719
2017-05-23,473.9717712402344
2017-05-24,474.9673156738281
2017-05-25,488.93511962890625
2017-05-26,505.3768615722656
2017-05-29,510.2943420410156
2017-05-30,512.948974609375
2017-05-31,519.6766357421875
2017-06-01,529.1192016601562
2017-06-02,521.9995727539062
2017-06-05,527.7918090820312
2017-06-06,522.2709350585938
2017-06-07,518.4697875976562
2017-06-08,522.904541015625
2017-06-09,516.870849609375
2017-06-12,508.182373046875
2017-06-13,512.255126953125
2017-06-14,510.9579162597656
2017-06-15,515.1212158203125
2017-06-16,522.54248046875
2017-06-19,527.1884765625
2017-06-20,520.0687255859375
2017-06-21,522.602783203125
2017-06-22,523.6759033203125
2017-06-23,507.1666259765625
2017-06-27,507.8050231933594
2017-06-28,506.4673767089844
2017-06-29,502.6060791015625
2017-06-30,511.0279235839844
2017-07-03,520.57470703125
2017-07-04,515.4668579101562
2017-07-05,519.0240478515625
2017-07-06,516.7134399414062
2017-07-07,516.5006103515625
2017-07-10,517.3519287109375
2017-07-11,519.2369995117188
2017-07-12,525.6217651367188
2017-07-13,525.8953247070312
2017-07-14,524.8920288085938
2017-07-17,525.4392700195312
2017-07-18,520.8179931640625
2017-07-19,522.3990478515625
2017-07-20,520.4835205078125
2017-07-21,524.8920288085938
2017-07-24,527.75
2017-07-25,537.4488525390625
2017-07-26,531.0335693359375
2017-07-27,528.1755981445312
2017-07-28,528.1149291992188
2017-07-31,533.3746948242188
2017-08-01,543.681640625
2017-08-02,540.5805053710938
2017-08-03,535.5637817382812
2017-08-04,539.3945922851562
2017-08-07,533.6786499023438
2017-08-08,524.9832153320312
2017-08-09,505.0080261230469
2017-08-10,499.5352478027344
2017-08-11,493.3633117675781
2017-08-14,522.0036010742188
2017-08-16,518.1424560546875
2017-08-17,520.057861328125
2017-08-18,513.7945556640625
2017-08-21,492.99847412109375
2017-08-22,484.36376953125
2017-08-23,495.0355529785156
2017-08-24,506.58892822265625
2017-08-28,510.2374267578125
2017-08-29,510.8758239746094
2017-08-30,510.6934509277344
2017-08-31,503.5181884765625
2017-09-01,506.3457336425781
2017-09-04,496.7989807128906
2017-09-05,498.5927734375
2017-09-06,501.0249938964844
2017-09-07,501.26824951171875
2017-09-08,494.9442443847656
2017-09-11,493.6976623535156
2017-09-12,495.21795654296875
2017-09-13,493.42401123046875
2017-09-14,499.2008361816406
2017-09-15,503.3052673339844
2017-09-18,507.2578430175781
2017-09-19,508.1700744628906
2017-09-20,504.8559875488281
2017-09-21,498.3799133300781
2017-09-22,490.56610107421875
2017-09-25,476.914794921875
2017-09-26,473.5096130371094
2017-09-27,468.21929931640625
2017-09-28,465.9085693359375
2017-09-29,473.387939453125
2017-10-03,484.029296875
2017-10-04,479.255859375
2017-10-05,477.15802001953125
2017-10-06,482.4483642578125
2017-10-09,482.11383056640625
2017-10-10,498.3799133300781
2017-10-11,494.48834228515625
2017-10-12,492.0863037109375
2017-10-13,487.9210205078125
2017-10-16,493.9712829589844
2017-10-17,490.0492248535156
2017-10-18,479.985595703125
2017-10-19,482.6307373046875
2017-10-23,473.2967224121094
2017-10-24,485.9447326660156
2017-10-25,485.640625
2017-10-26,494.36663818359375
2017-10-27,505.494384765625
2017-10-30,501.29864501953125
2017-10-31,486.03594970703125
2017-11-01,475.54656982421875
2017-11-02,473.8743896484375
2017-11-03,471.62451171875
2017-11-06,463.2938537597656
2017-11-07,449.8553161621094
2017-11-08,447.5142517089844
2017-11-09,452.74371337890625
2017-11-10,446.9974670410156
2017-11-13,449.7641906738281
2017-11-14,451.649169921875
2017-11-15,438.6971435546875
2017-11-16,444.7171630859375
2017-11-17,440.369384765625
2017-11-20,443.227294921875
2017-11-21,458.7940979003906
2017-11-22,454.2943420410156
2017-11-23,455.5712890625
2017-11-24,452.439697265625
2017-11-27,459.2805480957031
2017-11-28,463.1722412109375
2017-11-29,457.4563293457031
2017-11-30,444.7171630859375
2017-12-01,443.8354187011719
2017-12-04,432.3731384277344
2017-12-05,424.893798828125
2017-12-06,417.0799865722656
2017-12-07,439.0315856933594
2017-12-08,442.7104797363281
2017-12-11,453.351806640625
2017-12-12,444.1698913574219
2017-12-13,441.4942626953125
2017-12-14,437.5722351074219
2017-12-15,436.4776611328125
2017-12-18,431.76507568359375
2017-12-19,448.7608337402344
2017-12-20,447.9703369140625
2017-12-21,444.473876953125
2017-12-22,444.8691101074219
2017-12-26,447.2710266113281
2017-12-27,450.1898193359375
2017-12-28,464.1451416015625
2017-12-29,463.78033447265625
2018-01-01,459.55419921875
2018-01-02,470.31719970703125
2018-01-03,471.74615478515625
2018-01-04,475.3033447265625
2018-01-05,470.77325439453125
2018-01-08,476.94525146484375
2018-01-09,480.7456359863281
2018-01-10,473.60076904296875
2018-01-11,478.0701599121094
2018-01-12,471.4725341796875
2018-01-15,470.86444091796875
2018-01-16,466.3038330078125
2018-01-17,474.7560729980469
2018-01-18,486.7656555175781
2018-01-19,487.89056396484375
2018-01-22,494.7314453125
2018-01-23,490.8701477050781
2018-01-24,501.20751953125
2018-01-25,467.580810546875
2018-01-29,479.46881103515625
2018-01-30,468.67529296875
2018-01-31,457.3042907714844
2018-02-01,461.4392395019531
2018-02-02,445.7508544921875
2018-02-05,439.33563232421875
2018-02-06,425.684326171875
2018-02-07,426.41400146484375
2018-02-08,436.62969970703125
2018-02-09,430.7313537597656
2018-02-12,441.7679748535156
2018-02-14,438.97076416015625
2018-02-15,435.4439697265625
2018-02-16,427.84295654296875
2018-02-19,426.44439697265625
2018-02-20,422.8263854980469
2018-02-21,418.5090026855469
2018-02-22,410.72564697265625
2018-02-23,425.98834228515625
2018-02-26,438.1195068359375
2018-02-27,438.5147399902344
2018-02-28,443.13604736328125
2018-03-01,434.3190002441406
2018-03-05,438.3627014160156
2018-03-06,427.1133117675781
2018-03-07,426.8700256347656
2018-03-08,432.2210998535156
2018-03-09,433.0420227050781
2018-03-12,436.56884765625
2018-03-13,439.51806640625
2018-03-14,436.8121643066406
2018-03-15,438.5147399902344
2018-03-16,437.63299560546875
2018-03-19,426.7788391113281
2018-03-20,433.1332702636719
2018-03-21,434.7142333984375
2018-03-22,435.930419921875
2018-03-23,428.54229736328125
2018-03-26,440.4909362792969
2018-03-27,448.0311584472656
2018-03-28,444.0482482910156
2018-04-02,457.51715087890625
2018-04-03,465.5741271972656
2018-04-04,445.4163818359375
2018-04-05,460.283935546875
2018-04-06,458.0035705566406
2018-04-09,456.7874450683594
2018-04-10,457.09149169921875
2018-04-11,453.351806640625
2018-04-12,454.78076171875
2018-04-13,454.2943420410156
2018-04-16,464.3276062011719
2018-04-17,460.6487121582031
2018-04-18,460.6791687011719
2018-04-19,467.55035400390625
2018-04-20,465.63494873046875
2018-04-23,458.368408203125
2018-04-24,452.8349609375
2018-04-25,452.3484802246094
2018-04-26,456.2097473144531
2018-04-27,458.7029113769531
2018-04-30,443.80499267578125
2018-05-02,445.9636535644531
2018-05-03,430.4577331542969
2018-05-04,427.87335205078125
2018-05-07,436.2344055175781
2018-05-08,438.7275695800781
2018-05-09,444.68670654296875
2018-05-10,439.0315856933594
2018-05-11,447.0885925292969
2018-05-14,442.9841003417969
2018-05-15,445.9028625488281
2018-05-16,441.3726806640625
2018-05-17,429.9712219238281
2018-05-18,431.4002685546875
2018-05-21,415.0429382324219
2018-05-22,414.89093017578125
2018-05-23,416.8064270019531
2018-05-24,422.4310607910156
2018-05-25,423.981689453125
2018-05-28,438.42352294921875
2018-05-29,428.60308837890625
2018-05-30,428.5118408203125
2018-05-31,430.2752990722656
2018-06-01,424.2857360839844
2018-06-04,417.4144592285156
2018-06-05,416.9584045410156
2018-06-06,421.7318115234375
2018-06-07,428.11663818359375
2018-06-08,433.4980773925781
2018-06-11,425.2282409667969
2018-06-12,418.7826232910156
2018-06-13,418.0833435058594
2018-06-14,416.4719543457031
2018-06-15,426.07958984375
2018-06-18,420.9413146972656
2018-06-19,409.90472412109375
2018-06-20,396.6182556152344
2018-06-21,392.8177185058594
2018-06-22,389.2909240722656
2018-06-25,385.61199951171875
2018-06-26,389.04766845703125
2018-06-27,377.4029846191406
2018-06-28,368.8898620605469
2018-06-29,376.27801513671875
2018-07-02,379.8656921386719
2018-07-03,383.2406005859375
2018-07-04,379.5616760253906
2018-07-05,378.8623962402344
2018-07-06,377.85906982421875
2018-07-09,379.3184509277344
2018-07-10,387.4058837890625
2018-07-11,366.9440002441406
2018-07-12,353.87042236328125
2018-07-13,342.0736999511719
2018-07-16,340.4014892578125
2018-07-17,347.2119445800781
2018-07-18,338.607666015625
2018-07-19,335.65850830078125
2018-07-20,334.1991271972656
2018-07-23,384.365478515625
2018-07-24,383.2101135253906
2018-07-25,387.80108642578125
2018-07-26,387.6490783691406
2018-07-27,386.4329528808594
2018-07-30,390.7502746582031
2018-07-31,391.63201904296875
2018-08-01,390.2942199707031
2018-08-02,387.19305419921875
2018-08-03,389.8077697753906
2018-08-06,398.9593200683594
2018-08-07,393.5474548339844
2018-08-08,393.9426574707031
2018-08-09,392.44976806640625
2018-08-10,391.7420959472656
2018-08-13,384.8499755859375
2018-08-14,375.6502990722656
2018-08-16,375.157958984375
2018-08-17,379.5270690917969
2018-08-20,380.85009765625
2018-08-21,397.64959716796875
2018-08-23,399.9572448730469
2018-08-24,402.1417236328125
2018-08-27,405.89556884765625
2018-08-28,402.5417785644531
2018-08-29,418.4490051269531
2018-08-30,428.38714599609375
2018-08-31,440.17144775390625
2018-09-03,443.4635925292969
2018-09-04,429.894775390625
2018-09-05,429.1256408691406
2018-09-06,433.8639221191406
2018-09-07,439.37139892578125
2018-09-10,432.7562561035156
2018-09-11,423.1565246582031
2018-09-12,433.0024108886719
2018-09-14,453.3709716796875
2018-09-17,445.2174377441406
2018-09-18,436.32537841796875
2018-09-19,426.0179443359375
2018-09-21,409.7107849121094
2018-09-24,400.8495178222656
2018-09-25,406.7262268066406
2018-09-26,429.2486267089844
2018-09-27,420.35662841796875
2018-09-28,408.7877502441406
2018-10-01,409.5877380371094
2018-10-03,395.4650573730469
2018-10-04,386.9114685058594
2018-10-05,367.1582336425781
2018-10-08,381.0039367675781
2018-10-09,371.7427062988281
2018-10-10,383.0346984863281
2018-10-11,372.38885498046875
2018-10-12,386.419189453125
2018-10-15,391.3420715332031
2018-10-16,395.1266174316406
2018-10-17,392.7574462890625
2018-10-19,396.5112609863281
2018-10-22,389.9267883300781
2018-10-23,378.6655578613281
2018-10-24,383.25006103515625
2018-10-25,368.8812561035156
2018-10-26,383.18853759765625
2018-10-29,388.6652526855469
2018-10-30,391.8651428222656
2018-10-31,414.9721374511719
2018-11-01,428.2332763671875
2018-11-02,437.8022766113281
2018-11-05,445.709716796875
2018-11-06,444.2328186035156
2018-11-07,448.97113037109375
2018-11-09,455.3710021972656
2018-11-12,451.18646240234375
2018-11-13,453.24798583984375
2018-11-14,467.83209228515625
2018-11-15,469.9243469238281
2018-11-16,474.9703369140625
2018-11-19,477.0318298339844
2018-11-20,467.18597412109375
2018-11-21,479.5240173339844
2018-11-22,478.9394836425781
2018-11-26,475.7395935058594
2018-11-27,472.9396057128906
2018-11-28,474.9703369140625
2018-11-29,479.43182373046875
2018-11-30,466.3244323730469
2018-12-03,450.8172302246094
2018-12-04,462.41693115234375
2018-12-05,461.1554260253906
2018-12-06,459.555419921875
2018-12-07,466.2629089355469
2018-12-10,459.4016418457031
2018-12-11,460.2630615234375
2018-12-12,486.1700134277344
2018-12-13,475.9549560546875
2018-12-14,470.6012878417969
2018-12-17,472.6319580078125
2018-12-18,457.6170349121094
2018-12-19,465.0321960449219
2018-12-20,473.8319091796875
2018-12-21,452.6941223144531
2018-12-24,453.1864318847656
2018-12-26,461.64764404296875
2018-12-27,461.30926513671875
2018-12-28,466.6936950683594
2018-12-31,466.60137939453125
2019-01-01,463.6783752441406
2019-01-02,465.5245056152344
2019-01-03,459.4631652832031
2019-01-04,465.4630126953125
2019-01-07,469.98590087890625
2019-01-08,462.8784484863281
2019-01-09,470.6319885253906
2019-01-10,475.7395935058594
2019-01-11,482.10858154296875
2019-01-14,474.0780334472656
2019-01-15,477.49334716796875
2019-01-16,471.4320068359375
2019-01-17,473.24737548828125
2019-01-18,471.4012756347656
2019-01-21,473.308837890625
2019-01-22,469.7089538574219
2019-01-23,469.4320983886719
2019-01-24,459.8938903808594
2019-01-25,463.4322814941406
2019-01-28,467.70904541015625
2019-01-29,467.86285400390625
2019-01-30,472.2012023925781
2019-01-31,483.9854431152344
2019-02-01,479.8933410644531
2019-02-04,474.38580322265625
2019-02-05,489.80072021484375
2019-02-06,495.5236511230469
2019-02-07,497.8312072753906
2019-02-08,499.80047607421875
2019-02-11,495.8927917480469
2019-02-12,489.95452880859375
2019-02-14,505.246337890625
2019-02-15,503.5848693847656
2019-02-18,505.73876953125
2019-02-19,502.4156188964844
2019-02-20,506.2925109863281
2019-02-21,508.4462890625
2019-02-22,509.1231994628906
2019-02-25,521.6151123046875
2019-02-26,526.1688232421875
2019-02-27,534.9378051757812
2019-02-28,540.0452880859375
2019-03-01,535.2147216796875
2019-03-05,538.7530517578125
2019-03-06,539.8915405273438
2019-03-07,536.6300048828125
2019-03-08,542.5990600585938
2019-03-11,551.7987670898438
2019-03-12,552.783447265625
2019-03-13,560.7216796875
2019-03-14,556.1371459960938
2019-03-15,568.2598876953125
2019-03-18,570.5059814453125
2019-03-19,573.090576171875
2019-03-20,575.6134643554688
2019-03-22,575.3365478515625
2019-03-25,561.6447143554688
2019-03-26,555.8601684570312
2019-03-27,554.9987182617188
2019-03-28,571.7059326171875
2019-04-01,574.9365844726562
2019-04-02,570.5059814453125
2019-04-03,568.752197265625
2019-04-04,573.2135620117188
2019-04-05,579.0595092773438
2019-04-08,582.6287231445312
2019-04-09,581.3056640625
2019-04-10,569.79833984375
2019-04-11,567.7059936523438
2019-04-12,569.7059936523438
2019-04-15,572.1366577148438
2019-04-16,574.6903686523438
2019-04-18,574.7827758789062
2019-04-22,576.7826538085938
2019-04-23,580.1363525390625
2019-04-24,583.4901733398438
2019-04-25,593.889892578125
2019-04-26,597.1205444335938
2019-04-30,596.382080078125
2019-05-02,593.1514282226562
2019-05-03,597.1205444335938
2019-05-06,584.4747924804688
2019-05-07,585.305419921875
2019-05-08,591.7667846679688
2019-05-09,583.9208984375
2019-05-10,590.1361694335938
2019-05-13,586.5362548828125
2019-05-14,587.7362670898438
2019-05-15,596.597412109375
2019-05-16,597.42822265625
2019-05-17,597.3052368164062
2019-05-20,626.9658203125
2019-05-21,615.2738647460938
2019-05-22,624.3812255859375
2019-05-23,622.8735961914062
2019-05-24,628.1964721679688
2019-05-27,630.4119262695312
2019-05-28,629.6516723632812
2019-05-29,618.1505126953125
2019-05-30,623.6375732421875
2019-05-31,619.3594970703125
2019-06-03,624.41259765625
2019-06-04,626.7996826171875
2019-06-06,627.5745849609375
2019-06-07,632.0697631835938
2019-06-10,630.1787109375
2019-06-11,641.4009399414062
2019-06-12,632.875732421875
2019-06-13,623.110595703125
2019-06-14,623.7305908203125
2019-06-17,616.8794555664062
2019-06-18,619.8245849609375
2019-06-19,589.196044921875
2019-06-20,539.564208984375
2019-06-21,551.8715209960938
2019-06-24,580.6707763671875
2019-06-25,579.6788330078125
2019-06-26,594.2490844726562
2019-06-27,584.97998046875
2019-06-28,581.2288818359375
2019-07-01,587.89404296875
2019-07-02,610.2299194335938
2019-07-03,606.184326171875
2019-07-04,649.4765625
2019-07-05,619.2045288085938
2019-07-08,615.7634887695312
2019-07-09,595.2566528320312
2019-07-10,590.4205322265625
2019-07-11,587.072509765625
2019-07-12,585.9564208984375
2019-07-15,602.0922241210938
2019-07-16,596.9772338867188
2019-07-17,613.577880859375
2019-07-18,608.9278564453125
2019-07-19,598.418701171875
2019-07-22,594.1405029296875
2019-07-23,599.9996948242188
2019-07-24,573.8662109375
2019-07-25,562.054931640625
2019-07-26,559.450927734375
2019-07-29,543.6407470703125
2019-07-30,533.5501098632812
2019-07-31,553.5919189453125
2019-08-01,536.43310546875
2019-08-02,533.364013671875
2019-08-05,503.092041015625
2019-08-06,510.9042053222656
2019-08-07,495.512451171875
2019-08-08,495.5589599609375
2019-08-09,496.116943359375
2019-08-13,467.8909606933594
2019-08-14,490.3043212890625
2019-08-16,510.6252136230469
2019-08-19,504.11505126953125
2019-08-20,502.1155700683594
2019-08-21,498.39544677734375
2019-08-22,481.794677734375
2019-08-23,508.951171875
2019-08-26,511.3227233886719
2019-08-27,517.0888061523438
2019-08-28,518.0187377929688
2019-08-29,519.2742919921875
2019-08-30,523.784912109375
2019-09-03,514.6242065429688
2019-09-04,521.785400390625
2019-09-05,529.7835083007812
2019-09-06,528.2024536132812
2019-09-09,546.3377685546875
2019-09-11,537.2701416015625
2019-09-12,527.5979614257812
2019-09-13,537.6885986328125
2019-09-16,524.6218872070312
2019-09-17,523.8778076171875
2019-09-18,518.0653076171875
2019-09-19,522.71533203125
2019-09-20,522.7619018554688
2019-09-23,540.19970703125
2019-09-24,538.8512573242188
2019-09-25,536.3865356445312
2019-09-26,542.7572021484375
2019-09-27,541.315673828125
2019-09-30,561.6830444335938
2019-10-01,553.3129272460938
2019-10-03,552.8013916015625
2019-10-04,541.7807006835938
2019-10-07,540.3857421875
2019-10-09,540.990234375
2019-10-10,542.6177978515625
2019-10-11,548.56982421875
2019-10-14,545.59375
2019-10-15,542.292236328125
2019-10-16,547.5468139648438
2019-10-17,550.5228881835938
2019-10-18,557.0794067382812
2019-10-22,555.219482421875
2019-10-23,555.219482421875
2019-10-24,555.8705444335938
2019-10-25,552.9873657226562
2019-10-27,554.3823852539062
2019-10-29,553.2664184570312
2019-10-30,543.268798828125
2019-10-31,554.7080078125
2019-11-01,547.36083984375
2019-11-04,552.661865234375
2019-11-05,563.2640991210938
2019-11-06,564.1475830078125
2019-11-07,537.2701416015625
2019-11-08,516.9491577148438
2019-11-11,510.4390869140625
2019-11-13,503.4175109863281
2019-11-14,498.0699768066406
2019-11-15,493.1874084472656
2019-11-18,510.5785827636719
2019-11-19,512.6712036132812
2019-11-20,514.1591796875
2019-11-21,506.6725769042969
2019-11-22,496.1634826660156
2019-11-25,506.3935852050781
2019-11-26,503.78955078125
2019-11-27,513.229248046875
2019-11-28,539.3162231445312
2019-11-29,533.1315307617188
2019-12-02,530.3414916992188
2019-12-03,529.64404296875
2019-12-04,530.3414916992188
2019-12-05,528.7604370117188
2019-12-06,522.389892578125
2019-12-09,524.1102905273438
2019-12-10,518.7162475585938
2019-12-11,521.785400390625
2019-12-12,530.0625610351562
2019-12-13,525.4589233398438
2019-12-16,524.2498168945312
2019-12-17,524.6218872070312
2019-12-18,526.6215209960938
2019-12-19,523.3663940429688
2019-12-20,537.6885986328125
2019-12-23,537.2236328125
2019-12-24,529.3185424804688
2019-12-26,529.5975341796875
2019-12-27,539.6416625976562
2019-12-30,548.1046752929688
2019-12-31,543.5942993164062
2020-01-01,547.081787109375
2020-01-02,553.7779541015625
2020-01-03,549.40673828125
2020-01-06,544.0127563476562
2020-01-07,553.4058837890625
2020-01-08,558.7999267578125
2020-01-09,562.2410278320312
2020-01-10,558.2883911132812
2020-01-13,550.5228881835938
2020-01-14,542.7107543945312
2020-01-15,544.8032836914062
2020-01-16,546.9422607421875
2020-01-17,548.0118408203125
2020-01-20,543.6871948242188
2020-01-21,537.2701416015625
2020-01-22,523.5524291992188
2020-01-23,504.254638671875
2020-01-24,505.277587890625
2020-01-27,499.65093994140625
2020-01-28,499.3720397949219
2020-01-29,504.2080078125
2020-01-30,506.068115234375
2020-01-31,489.69976806640625
2020-02-03,477.3771057128906
2020-02-04,486.0262451171875
2020-02-05,499.8370056152344
2020-02-06,499.2790222167969
2020-02-07,505.091552734375
2020-02-10,533.922119140625
2020-02-11,536.293701171875
2020-02-12,533.7361450195312
2020-02-13,538.2467041015625
2020-02-14,550.2437744140625
2020-02-17,553.3594360351562
2020-02-18,544.245361328125
2020-02-19,544.245361328125
2020-02-20,543.4547119140625
2020-02-24,533.1315307617188
2020-02-25,526.7144165039062
2020-02-26,523.598876953125
2020-02-27,512.2992553710938
2020-02-28,483.3292236328125
2020-03-02,478.3536071777344
2020-03-03,485.04974365234375
2020-03-04,475.7961120605469
2020-03-05,479.9346618652344
2020-03-06,477.6560974121094
2020-03-09,477.09808349609375
2020-03-11,480.771728515625
2020-03-12,412.5550231933594
2020-03-13,382.09698486328125
2020-03-16,350.429931640625
2020-03-17,326.2960510253906
2020-03-18,299.3255920410156
2020-03-19,275.982177734375
2020-03-20,279.1441955566406
2020-03-23,236.7820281982422
2020-03-24,243.7106170654297
2020-03-25,272.30859375
2020-03-26,290.6764221191406
2020-03-27,299.6511535644531
2020-03-30,286.8634033203125
2020-03-31,303.650146484375
2020-04-01,284.35235595703125
2020-04-03,277.2377014160156
2020-04-07,300.9996032714844
2020-04-08,297.7910461425781
2020-04-09,296.675048828125
2020-04-13,302.2087097167969
2020-04-15,326.01702880859375
2020-04-16,337.78173828125
2020-04-17,337.874755859375
2020-04-20,329.923095703125
2020-04-21,321.7389831542969
2020-04-22,328.9000549316406
2020-04-23,324.4825134277344
2020-04-24,312.3457946777344
2020-04-27,324.9010314941406
2020-04-28,335.2706604003906
2020-04-29,335.36370849609375
2020-04-30,390.6531066894531
2020-05-04,358.4281005859375
2020-05-05,359.9626159667969
2020-05-06,352.47601318359375
2020-05-07,342.6178283691406
2020-05-08,339.083740234375
2020-05-11,342.3388366699219
2020-05-12,348.33740234375
2020-05-13,362.3806457519531
2020-05-14,364.42669677734375
2020-05-15,352.38299560546875
2020-05-18,349.4999694824219
2020-05-19,315.8798828125
2020-05-20,331.5971374511719
2020-05-21,341.1297912597656
2020-05-22,345.17535400390625
2020-05-26,341.36224365234375
2020-05-27,360.6601257324219
2020-05-28,363.72918701171875
2020-05-29,377.4469299316406
2020-06-01,389.95562744140625
2020-06-02,394.9776916503906
2020-06-03,389.7696533203125
2020-06-04,392.5131530761719
2020-06-05,408.64892578125
2020-06-08,406.23089599609375
2020-06-09,400.4648132324219
2020-06-10,395.2566833496094
2020-06-11,388.2351379394531
2020-06-12,382.8410339355469
2020-06-15,376.6564025878906
2020-06-16,385.25909423828125
2020-06-17,391.3506774902344
2020-06-18,397.9537353515625
2020-06-19,406.3239440917969
2020-06-22,414.97308349609375
2020-06-23,430.6903381347656
2020-06-24,413.8105773925781
2020-06-25,411.90399169921875
2020-06-26,409.4394836425781
2020-06-29,401.6737976074219
2020-06-30,395.4427185058594
2020-07-01,415.6705627441406
2020-07-02,411.4855041503906
2020-07-03,413.113037109375
2020-07-06,424.64520263671875
2020-07-07,419.3906555175781
2020-07-08,412.9270324707031
2020-07-09,411.5784606933594
2020-07-10,405.9518737792969
2020-07-13,408.4629821777344
2020-07-14,406.8819274902344
2020-07-15,406.92840576171875
2020-07-16,403.1153564453125
2020-07-17,405.9054260253906
2020-07-20,421.9017028808594
2020-07-21,426.31927490234375
2020-07-22,428.039794921875
2020-07-23,430.3648376464844
2020-07-24,422.36669921875
2020-07-27,414.6010437011719
2020-07-28,417.5306091308594
2020-07-29,429.4347839355469
2020-07-30,432.0852966308594
2020-07-31,444.6870422363281
2020-08-03,420.5066223144531
2020-08-04,429.3883056640625
2020-08-05,421.85516357421875
2020-08-06,431.434326171875
2020-08-07,446.68658447265625
2020-08-10,459.706787109375
2020-08-11,448.17462158203125
2020-08-12,453.05718994140625
2020-08-13,454.917236328125
2020-08-14,451.6621398925781
2020-08-17,457.893310546875
2020-08-18,465.1474304199219
2020-08-19,469.8567199707031
2020-08-20,462.8004455566406
2020-08-21,464.2116394042969
2020-08-24,467.97509765625
2020-08-25,462.9886169433594
2020-08-26,464.352783203125
2020-08-27,467.3634948730469
2020-08-28,488.532470703125
2020-08-31,476.019287109375
2020-09-01,475.17254638671875
2020-09-02,471.22100830078125
2020-09-03,490.9786071777344
2020-09-04,478.37139892578125
2020-09-07,465.1996154785156
2020-09-08,458.1902770996094
2020-09-09,465.29364013671875
2020-09-10,461.9536437988281
2020-09-11,469.48040771484375
2020-09-14,485.3807067871094
2020-09-15,498.3642578125
2020-09-16,497.2352294921875
2020-09-17,499.16400146484375
2020-09-18,505.51470947265625
2020-09-21,500.71636962890625
2020-09-22,497.8468017578125
2020-09-23,500.9045715332031
2020-09-24,475.2666015625
2020-09-25,474.7961730957031
2020-09-28,479.6415100097656
2020-09-29,463.9294738769531
2020-09-30,473.1496887207031
2020-10-01,475.7369689941406
2020-10-05,477.10125732421875
2020-10-06,479.40631103515625
2020-10-07,480.62939453125
2020-10-08,479.2651672363281
2020-10-09,467.8809814453125
2020-10-12,477.10125732421875
2020-10-13,476.5367431640625
2020-10-14,480.67645263671875
2020-10-15,476.583740234375
2020-10-16,439.3264465332031
2020-10-19,436.0334777832031
2020-10-20,428.9771423339844
2020-10-21,427.3306579589844
2020-10-22,427.6129150390625
2020-10-23,424.27294921875
2020-10-26,407.7611389160156
2020-10-27,412.6064758300781
2020-10-28,424.0847473144531
2020-10-29,423.6143798828125
2020-10-30,426.4368591308594
2020-11-02,419.00421142578125
2020-11-03,392.37835693359375
2020-11-04,377.6071472167969
2020-11-05,393.6485290527344
2020-11-06,397.411865234375
2020-11-09,401.5045471191406
2020-11-10,407.1966247558594
2020-11-11,409.9250793457031
2020-11-12,404.1859436035156
2020-11-13,400.1873779296875
2020-11-14,403.8566589355469
2020-11-17,404.23297119140625
2020-11-18,401.0811462402344
2020-11-19,391.86090087890625
2020-11-20,395.53021240234375
2020-11-23,401.2222900390625
2020-11-24,402.1631164550781
2020-11-25,393.8367004394531
2020-11-26,395.6712951660156
2020-11-27,392.9898986816406
2020-12-01,407.4318542480469
2020-12-02,415.8052978515625
2020-12-03,427.84814453125
2020-12-04,428.7419738769531
2020-12-07,447.7939758300781
2020-12-08,444.8302917480469
2020-12-09,463.4590148925781
2020-12-10,412.51239013671875
2020-12-11,409.2664794921875
2020-12-14,415.99346923828125
2020-12-15,422.25006103515625
2020-12-16,432.458251953125
2020-12-17,428.45965576171875
2020-12-18,433.06982421875
2020-12-21,411.430419921875
2020-12-22,418.3456115722656
2020-12-23,425.2137756347656
2020-12-24,422.8146057128906
2020-12-28,426.5779724121094
2020-12-29,427.8011169433594
2020-12-30,439.467529296875
2020-12-31,438.76190185546875
2021-01-01,441.537353515625
2021-01-04,445.1596374511719
2021-01-05,443.37200927734375
2021-01-06,444.4540100097656
2021-01-07,453.95648193359375
2021-01-08,473.8553161621094
2021-01-11,468.0220947265625
2021-01-12,471.83251953125
2021-01-13,462.6123046875
2021-01-14,479.2651672363281
2021-01-15,491.6372375488281
2021-01-18,528.0949096679688
2021-01-19,530.6351318359375
2021-01-20,542.2545166015625
2021-01-21,549.969482421875
2021-01-22,533.4105834960938
2021-01-25,553.3566284179688
2021-01-27,540.2787475585938
2021-01-28,531.9993896484375
2021-01-29,527.4833984375
2021-02-01,502.5039367675781
2021-02-02,532.799072265625
2021-02-03,525.225341796875
2021-02-04,515.6287231445312
2021-02-05,504.76202392578125
2021-02-08,506.4555969238281
2021-02-09,506.7377624511719
2021-02-10,502.7862854003906
2021-02-11,511.39495849609375
2021-02-12,504.1033935546875
2021-02-15,505.6557922363281
2021-02-16,507.0670471191406
2021-02-17,507.1141052246094
2021-02-18,509.04278564453125
2021-02-19,520.0977172851562
2021-02-22,507.8197937011719
2021-02-23,532.8931884765625
2021-02-24,521.1796875
2021-02-25,557.9195556640625
2021-02-26,528.3301391601562
2021-03-01,555.66162109375
2021-03-02,554.57958984375
2021-03-03,577.3009033203125
2021-03-04,579.0414428710938
2021-03-05,556.5552978515625
2021-03-08,592.6837158203125
2021-03-09,587.9324951171875
2021-03-10,584.5453491210938
2021-03-12,583.6045532226562
2021-03-15,584.5924682617188
2021-03-16,583.5575561523438
2021-03-17,573.1612548828125
2021-03-18,565.728515625
2021-03-19,588.449951171875
2021-03-22,590.990234375
2021-03-23,595.8825073242188
2021-03-24,572.8319091796875
2021-03-25,560.4127807617188
2021-03-26,550.7692260742188
2021-03-30,590.8020629882812
2021-03-31,603.879638671875
2021-04-01,614.9346923828125
2021-04-05,608.0194702148438
2021-04-06,622.2261962890625
2021-04-07,615.734375
2021-04-08,613.0528564453125
2021-04-09,597.3409423828125
2021-04-12,554.6736450195312
2021-04-13,568.8333740234375
2021-04-15,571.4207153320312
2021-04-16,575.5604248046875
2021-04-19,562.1063842773438
2021-04-20,556.7435913085938
2021-04-22,556.6024169921875
2021-04-23,550.7692260742188
2021-04-26,555.7085571289062
2021-04-27,562.1063842773438
2021-04-28,572.0792846679688
2021-04-29,579.3707885742188
2021-04-30,570.997314453125
2021-05-03,581.2525024414062
2021-05-04,575.0899047851562
2021-05-05,602.7977905273438
2021-05-06,595.5533447265625
2021-05-07,592.1663208007812
2021-05-10,634.6923217773438
2021-05-11,643.8656005859375
2021-05-12,650.7337646484375
2021-05-14,699.3282470703125
2021-05-17,725.1543579101562
2021-05-18,723.88427734375
2021-05-19,735.8800048828125
2021-05-20,722.0965576171875
2021-05-21,733.7160034179688
2021-05-24,742.6539916992188
2021-05-25,749.5221557617188
2021-05-26,764.5286254882812
2021-05-27,771.2556762695312
2021-05-28,763.6819458007812
2021-05-31,766.8806762695312
2021-06-01,767.5393676757812
2021-06-02,788.0496826171875
2021-06-03,790.54296875
2021-06-04,786.779541015625
2021-06-07,800.1865844726562
2021-06-08,803.05615234375
2021-06-09,795.5294189453125
2021-06-10,789.084716796875
2021-06-11,785.74462890625
2021-06-14,785.2271728515625
2021-06-15,792.001220703125
2021-06-16,788.6141357421875
2021-06-17,785.6504516601562
2021-06-18,760.2007446289062
2021-06-21,726.5185546875
2021-06-22,755.026123046875
2021-06-23,756.4373779296875
2021-06-24,765.3284301757812
2021-06-25,757.5194091796875
2021-06-28,761.2356567382812
2021-06-29,757.7545166015625
2021-06-30,745.9469604492188
2021-07-01,744.6768188476562
2021-07-02,752.0623779296875
2021-07-05,759.8243408203125
2021-07-06,755.7787475585938
2021-07-07,768.5742797851562
2021-07-08,765.9398193359375
2021-07-09,766.3632202148438
2021-07-12,772.8550415039062
2021-07-13,782.73388671875
2021-07-14,780.2520141601562
2021-07-15,795.9569702148438
2021-07-16,797.1943359375
2021-07-19,793.1015625
2021-07-20,775.0169677734375
2021-07-22,788.1045532226562
2021-07-23,780.2044067382812
2021-07-26,780.4423217773438
2021-07-27,773.5892333984375
2021-07-28,775.3977661132812
2021-07-29,780.2044067382812
2021-07-30,769.5916137695312
2021-08-02,752.934814453125
2021-08-03,752.458984375
2021-08-04,747.17626953125
2021-08-05,739.7997436523438
2021-08-06,739.8473510742188
2021-08-09,740.6087036132812
2021-08-10,733.946044921875
2021-08-11,736.5159912109375
2021-08-12,739.6569213867188
2021-08-13,741.5606079101562
2021-08-16,735.564208984375
2021-08-17,724.0947265625
2021-08-18,725.4749755859375
2021-08-20,693.1607666015625
2021-08-23,684.308837890625
2021-08-24,695.8258056640625
2021-08-25,691.1142578125
2021-08-26,684.9752197265625
2021-08-27,694.112548828125
2021-08-30,704.7728271484375
2021-08-31,705.5343627929688
2021-09-01,712.5778198242188
2021-09-02,717.0513305664062
2021-09-03,716.5277709960938
2021-09-06,719.335693359375
2021-09-07,715.81396484375
2021-09-08,725.2845458984375
2021-09-09,721.3821411132812
2021-09-13,719.5736694335938
2021-09-14,716.2423095703125
2021-09-15,725.3797607421875
2021-09-16,717.6700439453125
2021-09-17,706.5813598632812
2021-09-20,671.60205078125
2021-09-21,687.069091796875
2021-09-22,689.97216796875
2021-09-23,691.828125
2021-09-24,684.0233154296875
2021-09-27,690.8762817382812
2021-09-28,682.262451171875
2021-09-29,682.5955810546875
2021-09-30,673.6008911132812
2021-10-01,678.3124389648438
2021-10-04,669.079833984375
2021-10-05,680.216064453125
2021-10-06,692.2564697265625
2021-10-07,692.4468383789062
2021-10-08,702.44091796875
2021-10-11,706.6764526367188
2021-10-12,708.4373168945312
2021-10-13,711.4356079101562
2021-10-14,711.8163452148438
2021-10-18,714.90966796875
2021-10-19,698.34814453125
2021-10-20,681.4058837890625
2021-10-21,682.8810424804688
2021-10-22,670.4122314453125
2021-10-25,661.79833984375
2021-10-26,678.8834228515625
2021-10-27,705.7722778320312
2021-10-28,694.7312622070312
2021-10-29,704.534912109375
2021-11-01,685.3557739257812
2021-11-02,685.59375
2021-11-03,701.53662109375
2021-11-04,702.1553955078125
2021-11-08,706.8668823242188
2021-11-09,710.3886108398438
2021-11-10,734.136474609375
2021-11-11,727.8544921875
2021-11-12,732.4708251953125
2021-11-15,746.2720947265625
2021-11-16,742.46484375
2021-11-17,719.19287109375
2021-11-18,705.7247314453125
2021-11-22,681.9769287109375
2021-11-23,690.3052978515625
2021-11-24,686.9263305664062
2021-11-25,692.2564697265625
2021-11-26,669.8887939453125
2021-11-29,656.1349487304688
2021-11-30,648.8536987304688
2021-12-01,657.2296142578125
2021-12-02,664.5586547851562
2021-12-03,678.4075927734375
2021-12-06,682.0244750976562
2021-12-07,691.9234008789062
2021-12-08,693.0178833007812
2021-12-09,706.4385375976562
2021-12-10,701.9174194335938
2021-12-13,704.725341796875
2021-12-14,711.0548706054688
2021-12-15,704.2970581054688
2021-12-16,698.5384521484375
2021-12-17,681.1201171875
2021-12-20,674.1719970703125
2021-12-21,698.3005981445312
2021-12-22,717.9555053710938
2021-12-23,718.3839111328125
2021-12-24,710.864501953125
2021-12-27,720.144775390625
2021-12-28,725.046630859375
2021-12-29,721.8104248046875
2021-12-30,710.6741943359375
2021-12-31,711.1024780273438
2022-01-03,727.378662109375
2022-01-04,725.046630859375
2022-01-05,727.6640625
2022-01-06,745.0347900390625
2022-01-07,750.93603515625
2022-01-10,782.0128173828125
2022-01-11,780.0615844726562
2022-01-12,782.7743530273438
2022-01-13,800.4780883789062
2022-01-14,784.9158935546875
2022-01-17,785.0110473632812
2022-01-18,760.596923828125
2022-01-19,774.065185546875
2022-01-20,769.4963989257812
2022-01-21,748.98486328125
2022-01-24,725.8555297851562
2022-01-25,753.0300903320312
2022-01-27,734.7551879882812
2022-01-28,752.17333984375
2022-01-31,739.0858764648438
2022-02-01,747.17626953125
2022-02-02,748.08056640625
2022-02-03,736.2304077148438
2022-02-04,730.2340087890625
2022-02-07,720.144775390625
2022-02-08,722.095947265625
2022-02-09,733.3750610351562
2022-02-10,732.9942626953125
2022-02-11,716.9085693359375
2022-02-14,686.9263305664062
2022-02-15,708.818115234375
2022-02-16,700.346923828125
2022-02-17,692.0185546875
2022-02-18,690.019775390625
2022-02-21,670.221923828125
2022-02-22,659.9423217773438
2022-02-23,654.85009765625
2022-02-24,601.8338623046875
2022-02-25,623.154541015625
2022-02-28,633.38671875
2022-03-02,656.325439453125
2022-03-03,679.359375
2022-03-04,679.359375
2022-03-07,696.6349487304688
2022-03-08,689.305908203125
2022-03-09,690.2577514648438
2022-03-10,689.305908203125
2022-03-11,690.4956665039062
2022-03-14,695.540283203125
2022-03-15,705.2964477539062
2022-03-16,716.1947631835938
2022-03-17,724.9038696289062
2022-03-21,738.5147705078125
2022-03-22,743.3214721679688
2022-03-23,755.695068359375
2022-03-24,760.596923828125
2022-03-25,760.073486328125
2022-03-28,743.131103515625
2022-03-29,744.3208618164062
2022-03-30,738.7527465820312
2022-03-31,732.518310546875
2022-04-01,743.892578125
2022-04-04,746.5576782226562
2022-04-05,755.3143310546875
2022-04-06,766.4981689453125
2022-04-07,764.6421508789062
2022-04-08,770.7337646484375
2022-04-11,780.34716796875
2022-04-12,766.8313598632812
2022-04-13,779.2050170898438
2022-04-18,766.35546875
2022-04-19,766.1176147460938
2022-04-20,785.4869995117188
2022-04-21,789.1990966796875
2022-04-22,777.2062377929688
2022-04-25,764.3566284179688
2022-04-26,773.2084350585938
2022-04-27,759.9307250976562
2022-04-28,784.582763671875
2022-04-29,783.2501831054688
2022-05-02,790.2460327148438
2022-05-04,784.487548828125
2022-05-05,783.5833129882812
2022-05-06,748.9371948242188
2022-05-09,740.1328735351562
2022-05-10,751.7450561523438
2022-05-11,753.9818725585938
2022-05-12,728.0924682617188
2022-05-13,743.892578125
2022-05-16,763.59521484375
2022-05-17,777.9675903320312
2022-05-18,781.5369873046875
2022-05-19,774.779052734375
2022-05-20,769.3060913085938
2022-05-23,753.1251831054688
2022-05-24,754.362548828125
2022-05-25,727.1881713867188
2022-05-26,711.4356079101562
2022-05-27,720.144775390625
2022-05-30,744.8443603515625
2022-05-31,742.0364990234375
2022-06-01,742.1793212890625
2022-06-02,737.9912109375
2022-06-03,732.5659790039062
2022-06-06,741.4654541015625
2022-06-07,710.245849609375
2022-06-08,699.7283325195312
2022-06-09,711.2927856445312
2022-06-10,699.014404296875
2022-06-13,691.39990234375
2022-06-14,681.2153930664062
2022-06-15,677.8364868164062
2022-06-16,650.7096557617188
2022-06-17,633.10107421875
2022-06-20,609.5912475585938
2022-06-21,622.6786499023438
2022-06-22,584.08251953125
2022-06-23,602.6905517578125
2022-06-24,609.9718627929688
2022-06-27,625.43896484375
2022-06-28,624.3919677734375
2022-06-29,613.3508911132812
2022-06-30,601.9291381835938
2022-07-01,612.4942016601562
2022-07-04,622.9642333984375
2022-07-05,624.7727661132812
2022-07-06,630.5787963867188
2022-07-07,649.8530883789062
2022-07-08,656.99169921875
2022-07-11,657.5152587890625
2022-07-12,647.4259643554688
2022-07-13,646.7597045898438
2022-07-14,637.8601684570312
2022-07-15,637.0987548828125
2022-07-18,652.042236328125
2022-07-19,651.3759155273438
2022-07-20,653.1843872070312
2022-07-21,671.0309448242188
2022-07-22,690.0673828125
2022-07-25,698.5860595703125
2022-07-26,691.3521728515625
2022-07-27,696.0230712890625
2022-07-28,701.9069213867188
2022-07-29,714.8319091796875
2022-08-01,740.1514282226562
2022-08-02,713.3850708007812
2022-08-03,705.4274291992188
2022-08-04,705.8133544921875
2022-08-05,717.0985717773438
2022-08-08,722.5966186523438
2022-08-10,738.1741333007812
2022-08-11,740.296142578125
2022-08-12,760.9376831054688
2022-08-16,760.6000366210938
2022-08-17,762.4808959960938
2022-08-18,746.517578125
2022-08-19,741.0196533203125
2022-08-22,718.3043212890625
2022-08-23,732.6278686523438
2022-08-24,732.8208618164062
2022-08-25,735.6181030273438
2022-08-26,733.06201171875
2022-08-29,723.8504638671875
2022-08-30,741.984130859375
2022-09-01,729.6378173828125
2022-09-02,719.3652954101562
2022-09-05,720.3781127929688
2022-09-06,711.9381713867188
2022-09-07,714.8319091796875
2022-09-08,711.3595581054688
2022-09-09,715.7000122070312
2022-09-12,729.5413818359375
2022-09-13,728.9144287109375
2022-09-14,721.7766723632812
2022-09-15,716.2787475585938
2022-09-16,678.4682006835938
2022-09-19,687.0044555664062
2022-09-20,694.3833618164062
2022-09-21,692.0684204101562
2022-09-22,695.7819213867188
2022-09-23,677.9376220703125
2022-09-26,655.8010864257812
2022-09-27,653.6791381835938
2022-09-28,640.1753540039062
2022-09-29,633.5198364257812
2022-09-30,648.2293701171875
2022-10-03,641.525634765625
2022-10-04,665.4949340820312
2022-10-06,661.6848754882812
2022-10-07,665.9772338867188
2022-10-10,658.7913208007812
2022-10-11,640.609375
2022-10-12,649.724365234375
2022-10-13,640.3682861328125
2022-10-14,654.2578125
2022-10-17,654.0167236328125
2022-10-18,657.8748779296875
2022-10-19,652.8109741210938
2022-10-20,688.2101440429688
2022-10-21,675.381591796875
2022-10-24,683.0015869140625
2022-10-25,669.83544921875
2022-10-27,681.4100952148438
2022-10-28,688.5960083007812
2022-10-31,704.3182373046875
2022-11-01,691.5861206054688
2022-11-02,692.1166381835938
2022-11-03,700.4600219726562
2022-11-04,712.66162109375
2022-11-07,721.9214477539062
2022-11-09,726.8887939453125
2022-11-10,729.3001708984375
2022-11-11,740.6820678710938
2022-11-14,746.6139526367188
2022-11-15,742.94873046875
2022-11-16,740.296142578125
2022-11-17,744.1061401367188
2022-11-18,738.8011474609375
2022-11-21,732.6762084960938
2022-11-22,741.5018920898438
2022-11-23,741.2607421875
2022-11-24,746.71044921875
2022-11-25,749.6041870117188
2022-11-28,752.0155029296875
2022-11-29,747.3856201171875
2022-11-30,761.7093505859375
2022-12-01,751.2438354492188
2022-12-02,755.9219360351562
2022-12-05,774.344970703125
2022-12-06,759.9730834960938
2022-12-07,750.5687255859375
2022-12-08,750.279296875
2022-12-09,736.6309204101562
2022-12-12,745.6494750976562
2022-12-13,740.1997680664062
2022-12-14,753.2212524414062
2022-12-15,743.4309692382812
2022-12-16,743.1416015625
2022-12-19,742.8522338867188
2022-12-20,728.0945434570312
2022-12-21,728.142822265625
2022-12-22,703.4983520507812
2022-12-23,685.99169921875
2022-12-26,692.7918701171875
2022-12-27,690.9591674804688
2022-12-28,697.9039306640625
2022-12-29,696.9393920898438
2022-12-30,690.7662963867188
2023-01-02,696.408935546875
2023-01-03,693.8528442382812
2023-01-04,690.2840576171875
2023-01-05,694.7691040039062
2023-01-06,692.6953735351562
2023-01-09,708.176513671875
2023-01-10,698.9650268554688
2023-01-11,692.3577270507812
2023-01-12,692.3577270507812
2023-01-13,693.322265625
2023-01-16,688.74072265625
2023-01-17,693.7081298828125
2023-01-18,706.39208984375
2023-01-19,721.05322265625
2023-01-20,711.6488647460938
2023-01-23,722.885986328125
2023-01-24,719.510009765625
2023-01-25,711.7936401367188
2023-01-27,718.3043212890625
2023-01-30,718.7384033203125
2023-01-31,730.361328125
2023-02-01,715.8447265625
2023-02-02,671.71630859375
2023-02-03,690.3321533203125
2023-02-06,689.222900390625
2023-02-07,684.11083984375
2023-02-08,697.035888671875
2023-02-09,691.6824951171875
2023-02-10,701.13525390625
2023-02-13,707.7905883789062
2023-02-14,734.6052856445312
2023-02-15,742.08056640625
2023-02-16,743.0451049804688
2023-02-17,742.8522338867188
2023-02-20,731.0846557617188
2023-02-21,720.66748046875
2023-02-22,713.095703125
2023-02-23,718.7384033203125
2023-02-24,712.1311645507812
2023-02-27,683.1945190429688
2023-02-28,669.59423828125
2023-03-01,688.0172729492188
2023-03-02,680.8795776367188
2023-03-03,684.834228515625
2023-03-06,685.8469848632812
2023-03-08,691.2967529296875
2023-03-09,686.8598022460938
2023-03-10,686.42578125
2023-03-13,679.7221069335938
2023-03-14,672.9219360351562
2023-03-15,677.5518798828125
2023-03-16,671.71630859375
2023-03-17,690.2840576171875
2023-03-20,683.0015869140625
2023-03-21,683.0498046875
2023-03-22,690.7662963867188
2023-03-23,684.5448608398438
2023-03-24,672.1986083984375
2023-03-27,675.8156127929688
2023-03-28,689.3193969726562
2023-03-29,682.326416015625
2023-03-31,692.213134765625
2023-04-03,703.7877807617188
2023-04-05,706.34375
2023-04-06,700.4118041992188
2023-04-10,711.6006469726562
2023-04-11,716.2305297851562
2023-04-12,713.6744995117188
2023-04-13,710.877197265625
2023-04-17,711.02197265625
2023-04-18,712.4688110351562
2023-04-19,709.8644409179688
2023-04-20,706.1026000976562
2023-04-21,708.6588134765625
2023-04-24,703.9805908203125
2023-04-25,689.3193969726562
2023-04-26,689.9945068359375
2023-04-27,701.4246215820312
2023-04-28,714.0602416992188
2023-05-02,725.8278198242188
2023-05-03,713.5780029296875
2023-05-04,705.5722045898438
2023-05-05,689.5123291015625
2023-05-08,690.0428466796875
2023-05-09,669.7871704101562
2023-05-10,655.608154296875
2023-05-11,658.69482421875
2023-05-12,654.1614379882812
2023-05-15,651.9911499023438
2023-05-16,649.0010375976562
2023-05-17,653.7755737304688
2023-05-18,649.4832763671875
2023-05-19,644.3228759765625
2023-05-22,646.6378784179688
2023-05-23,656.5245971679688
2023-05-24,658.0678100585938
2023-05-25,651.846435546875
2023-05-26,663.71044921875
2023-05-29,665.5431518554688
2023-05-30,664.6268310546875
2023-05-31,660.8167724609375
2023-06-01,653.9202270507812
2023-06-02,659.1287841796875
2023-06-05,665.5431518554688
2023-06-06,669.4013671875
2023-06-07,669.3530883789062
2023-06-08,665.59130859375
2023-06-09,656.138671875
2023-06-12,654.8848266601562
2023-06-13,658.0678100585938
2023-06-14,658.5501708984375
2023-06-15,656.6693115234375
2023-06-16,666.3629760742188
2023-06-19,661.2991333007812
2023-06-20,659.225341796875
2023-06-21,661.7813720703125
2023-06-22,650.49609375
2023-06-23,643.213623046875
2023-06-26,655.1259155273438
2023-06-27,650.4478759765625
2023-06-28,656.2351684570312
2023-06-30,663.1799926757812
2023-07-03,656.1869506835938
2023-07-04,652.9557495117188
2023-07-05,646.05908203125
2023-07-06,648.9046020507812
2023-07-07,639.5000610351562
2023-07-10,636.7029418945312
2023-07-11,621.4147338867188
2023-07-12,621.0288696289062
2023-07-13,608.6343994140625
2023-07-14,616.8812866210938
2023-07-17,620.980712890625
2023-07-18,617.2672119140625
2023-07-19,616.4955444335938
2023-07-20,616.7366333007812
2023-07-21,612.1067504882812
2023-07-24,609.74365234375
2023-07-25,603.8115844726562
2023-07-26,609.5025634765625
2023-07-27,604.5349731445312
2023-07-28,602.99169921875
2023-07-31,602.5576782226562
2023-08-01,603.5222778320312
2023-08-02,597.2044067382812
2023-08-03,588.2814331054688
2023-08-04,591.1226196289062
2023-08-07,594.5027465820312
2023-08-08,592.102294921875
2023-08-09,602.7324829101562
2023-08-10,597.2949829101562
2023-08-11,587.546630859375
2023-08-14,578.3370971679688
2023-08-16,577.8472290039062
2023-08-17,573.0955810546875
2023-08-18,566.727294921875
2023-08-21,573.830322265625
2023-08-22,572.017822265625
2023-08-23,573.8793334960938
2023-08-24,574.51611328125
2023-08-25,571.3810424804688
2023-08-28,573.29150390625
2023-08-29,585.4891357421875
2023-08-30,587.7425537109375
2023-08-31,579.1698608398438
2023-09-01,590.7797241210938
2023-09-04,595.1395874023438
2023-09-05,595.727294921875
2023-09-06,597.0009765625
2023-09-07,599.8912353515625
2023-09-08,594.5027465820312
2023-09-11,605.4267578125
2023-09-12,592.2493286132812
2023-09-13,595.9722900390625
2023-09-14,618.9470825195312
2023-09-15,621.7882690429688
2023-09-18,617.3304443359375
2023-09-20,609.8845825195312
2023-09-21,612.3828735351562
2023-09-22,602.3406372070312
2023-09-25,604.447021484375
2023-09-26,605.0348510742188
2023-09-27,602.6344604492188
2023-09-28,592.7391967773438
2023-09-29,603.7611694335938
2023-10-03,594.6986694335938
2023-10-04,590.8286743164062
2023-10-05,592.0534057617188
2023-10-06,599.7442626953125
2023-10-09,597.5888671875
2023-10-10,609.19873046875
2023-10-11,615.0281372070312
2023-10-12,608.0230102539062
2023-10-13,610.4234008789062
2023-10-16,618.1632690429688
2023-10-17,612.2359008789062
2023-10-18,607.9739990234375
2023-10-19,601.1159057617188
2023-10-20,591.2206420898438
2023-10-23,574.8101196289062
2023-10-25,568.392822265625
2023-10-26,549.6798095703125
2023-10-27,547.3285522460938
2023-10-30,527.7338256835938
2023-10-31,529.5463256835938
2023-11-01,521.267578125
2023-11-02,529.7911987304688
2023-11-03,539.1477661132812
2023-11-06,543.4586181640625
2023-11-07,540.813232421875
2023-11-08,544.4382934570312
2023-11-09,539.2457275390625
2023-11-10,536.0616455078125
2023-11-13,541.4991455078125
2023-11-15,550.4146728515625
2023-11-16,549.48388671875
2023-11-17,550.3656616210938
2023-11-20,545.4180297851562
2023-11-21,551.6392822265625
2023-11-22,554.431640625
2023-11-23,554.431640625
2023-11-24,547.6224365234375
2023-11-28,552.1292114257812
2023-11-29,558.4974365234375
2023-11-30,559.0853881835938
2023-12-01,563.494140625
2023-12-04,567.1681518554688
2023-12-05,569.6174926757812
2023-12-06,576.62255859375
2023-12-07,574.6630859375
2023-12-08,573.3404541015625
2023-12-11,590.19189453125
2023-12-12,585.587158203125
2023-12-13,587.2036743164062
2023-12-14,587.0077514648438
2023-12-15,598.4705810546875
2023-12-18,594.2577514648438
2023-12-19,586.6158447265625
2023-12-20,560.5549926757812
2023-12-21,565.6985473632812
2023-12-22,569.8624267578125
2023-12-26,574.2222290039062
2023-12-27,571.3810424804688
2023-12-28,577.5043334960938
2023-12-29,575.348876953125
2024-01-01,580.6884155273438
2024-01-02,582.4030151367188
2024-01-03,574.9569702148438
2024-01-04,575.7407836914062
2024-01-05,569.4705200195312
2024-01-08,549.532958984375
2024-01-09,546.8386840820312
2024-01-10,547.2794799804688
2024-01-11,550.8555908203125
2024-01-12,553.6477661132812
2024-01-15,556.2440795898438
2024-01-16,553.0599365234375
2024-01-17,539.8335571289062
2024-01-18,533.1713256835938
2024-01-19,542.1849365234375
2024-01-23,524.2557373046875
2024-01-24,534.6900024414062
2024-01-25,526.4111938476562
2024-01-29,528.7135620117188
2024-01-30,524.4027709960938
2024-01-31,526.8031005859375
2024-02-01,519.30810546875
2024-02-02,522.835205078125
2024-02-05,464.3940124511719
2024-02-06,472.0849304199219
2024-02-07,468.1169738769531
2024-02-08,455.4294738769531
2024-02-09,448.6693115234375
2024-02-12,449.1101379394531
2024-02-13,469.3906555175781
2024-02-14,471.64404296875
2024-02-15,477.4734802246094
2024-02-16,480.9515075683594
2024-02-19,487.4667663574219
2024-02-20,487.95660400390625
2024-02-21,482.1761779785156
2024-02-22,482.3231506347656
2024-02-23,478.796142578125
2024-02-26,479.2369689941406
2024-02-27,474.7792053222656
2024-02-28,466.2555236816406
2024-02-29,460.18115234375
2024-03-01,464.9328308105469
2024-03-04,464.638916015625
2024-03-05,464.638916015625
2024-03-06,463.6102294921875
2024-03-07,472.5257873535156
2024-03-11,466.892333984375
2024-03-12,464.4429931640625
2024-03-13,442.74188232421875
2024-03-14,452.7351989746094
2024-03-15,465.5207214355469
2024-03-18,456.6051330566406
2024-03-19,451.7064514160156
2024-03-20,446.219970703125
2024-03-21,446.3179016113281
2024-03-22,460.4750671386719
2024-03-26,455.9682922363281
2024-03-27,446.2689208984375
2024-03-28,446.7587890625
2024-04-01,456.7520751953125
2024-04-02,465.6186828613281
2024-04-03,467.039306640625
2024-04-04,482.9599914550781
2024-04-05,484.33160400390625
2024-04-08,479.1390075683594
2024-04-09,479.9228210449219
2024-04-10,494.0799560546875
2024-04-12,491.87554931640625
2024-04-15,480.0207824707031
2024-04-16,474.82818603515625
2024-04-18,468.704833984375
2024-04-19,477.66937255859375
2024-04-22,483.4008483886719
2024-04-23,485.45831298828125
2024-04-24,488.3485107421875
2024-04-25,495.6475524902344
2024-04-26,498.1458740234375
2024-04-29,496.7742004394531
2024-04-30,496.8721923828125
2024-05-02,488.1036071777344
2024-05-03,483.5968322753906
2024-05-06,473.6034851074219
2024-05-07,464.49200439453125
2024-05-08,468.166015625
2024-05-09,456.99700927734375
2024-05-10,491.72857666015625
2024-05-13,523.2760620117188
2024-05-14,499.7134094238281
2024-05-15,504.3671569824219
2024-05-16,499.6644287109375
2024-05-17,500.88909912109375
2024-05-21,501.72186279296875
2024-05-22,505.1019592285156
2024-05-23,500.49725341796875
2024-05-24,505.3468933105469
2024-05-27,514.3114624023438
2024-05-28,507.012451171875
2024-05-29,506.76751708984375
2024-05-30,495.8434753417969
2024-05-31,498.48876953125
2024-06-03,517.4466552734375
2024-06-04,485.8992004394531
2024-06-05,517.7406005859375
2024-06-06,526.5091552734375
2024-06-07,528.8115234375
2024-06-10,540.3233642578125
2024-06-11,543.066650390625
2024-06-12,538.9027709960938
2024-06-13,546.3977661132812
2024-06-14,540.5194091796875
2024-06-18,544.8792114257812
2024-06-19,546.0059204101562
2024-06-20,557.46875
2024-06-21,554.4805908203125
2024-06-24,560.5059204101562
2024-06-25,559.5261840820312
2024-06-26,558.7913818359375
2024-06-27,556.342041015625
2024-06-28,559.28125
2024-07-01,561.82861328125
2024-07-02,555.1663818359375
2024-07-03,560.5549926757812
2024-07-04,558.889404296875
2024-07-05,561.0938110351562
2024-07-08,555.9012451171875
2024-07-09,552.5211791992188
2024-07-10,548.4551391601562
2024-07-11,546.3977661132812
2024-07-12,552.2271728515625
2024-07-15,553.5988159179688
2024-07-16,546.0059204101562
2024-07-18,547.3285522460938
2024-07-19,531.603759765625
2024-07-22,534.39599609375
2024-07-23,529.4483642578125
2024-07-24,526.1661987304688
2024-07-25,518.7202758789062
2024-07-26,533.1223754882812
2024-07-29,541.9400024414062
2024-07-30,553.4518432617188
2024-07-31,560.4569091796875
2024-08-01,549.092041015625
2024-08-02,526.7051391601562
2024-08-05,517.5935668945312
2024-08-06,522.7371215820312
2024-08-07,535.6206665039062
2024-08-08,536.6983642578125
2024-08-09,543.3605346679688
2024-08-12,554.6070556640625
2024-08-13,541.7993774414062
2024-08-14,532.7701416015625
2024-08-16,543.0751953125
2024-08-19,550.1905517578125
2024-08-20,555.6375732421875
2024-08-21,557.7476196289062
2024-08-22,568.3961791992188
2024-08-23,563.04736328125
2024-08-26,566.727783203125
2024-08-27,572.1256103515625
2024-08-28,567.3165893554688
2024-08-29,567.0712280273438
2024-08-30,587.2396850585938
2024-09-02,588.3683471679688
2024-09-03,591.0181884765625
2024-09-04,596.563232421875
2024-09-05,607.2117919921875
2024-09-06,598.4769897460938
2024-09-09,593.1773681640625
2024-09-10,607.7025146484375
2024-09-11,599.65478515625
2024-09-12,603.4332275390625
2024-09-13,600.04736328125
2024-09-16,602.4027709960938
2024-09-17,599.311279296875
2024-09-18,593.8643188476562
2024-09-19,583.7555541992188
2024-09-20,576.1985473632812
2024-09-23,581.7926635742188
2024-09-24,592.5393676757812
2024-09-25,588.4173583984375
2024-09-26,589.9385375976562
2024-09-27,599.311279296875
2024-09-30,601.764892578125
2024-10-01,609.6654052734375
2024-10-03,594.2078247070312
2024-10-04,588.1719970703125
2024-10-07,569.5247802734375
2024-10-08,566.0897827148438
2024-10-09,566.8749389648438
2024-10-10,573.5487060546875
2024-10-11,572.2237548828125
2024-10-14,567.905517578125
2024-10-15,563.43994140625
2024-10-16,558.2874145507812
2024-10-17,543.418701171875
2024-10-18,544.93994140625
2024-10-21,535.3218994140625
2024-10-22,520.5023193359375
2024-10-23,521.8763427734375
2024-10-24,525.0659790039062
2024-10-25,512.25830078125
2024-10-28,521.9253540039062
2024-10-29,524.7224731445312
2024-10-30,536.1070556640625
2024-10-31,543.3696899414062
2024-11-01,548.031494140625
2024-11-04,542.3882446289062
2024-11-05,548.66943359375
2024-11-06,556.7171020507812
2024-11-07,556.6190185546875
2024-11-08,547.2462768554688
2024-11-11,505.5845642089844
2024-11-12,517.9505615234375
2024-11-13,505.8299255371094
2024-11-14,516.0368041992188
2024-11-18,505.4546813964844
2024-11-19,514.77490234375
2024-11-21,523.2007446289062
2024-11-22,533.2269897460938
2024-11-25,535.2510375976562
2024-11-26,541.5049438476562
2024-11-27,538.0208740234375
2024-11-28,536.7450561523438
2024-11-29,534.8802490234375
2024-12-02,544.74365234375
2024-12-03,552.6441650390625
2024-12-04,557.4041137695312
2024-12-05,547.835205078125
2024-12-06,552.2025756835938
2024-12-09,545.0872192382812
2024-12-10,539.7384033203125
2024-12-11,541.7503051757812
2024-12-12,537.2847900390625
2024-12-13,540.0327758789062
2024-12-16,537.7755126953125
2024-12-17,528.4028930664062
2024-12-18,522.3670043945312
2024-12-19,508.7251281738281
2024-12-20,495.1322937011719
2024-12-23,498.27288818359375
2024-12-24,495.1322937011719
2024-12-26,490.3723449707031
2024-12-27,492.727783203125
2024-12-30,491.4519348144531
2024-12-31,491.6972961425781
2025-01-01,491.20654296875
2025-01-02,499.9903869628906
2025-01-03,519.7171630859375
2025-01-06,511.6203308105469
2025-01-07,534.3405151367188
2025-01-08,529.531494140625
2025-01-09,535.3218994140625
2025-01-10,538.6587524414062
2025-01-13,523.7410278320312
2025-01-14,531.7887573242188
2025-01-15,536.7450561523438
2025-01-16,536.1561279296875
2025-01-17,541.4559326171875
2025-01-20,542.5845336914062
2025-01-21,534.1441650390625
2025-01-22,532.6229858398438
2025-01-23,547.4916381835938
2025-01-24,541.7503051757812
2025-01-27,532.2794799804688
2025-01-28,528.648193359375
2025-01-29,542.8298950195312
2025-01-30,556.4227294921875
2025-01-31,592.5393676757812
2025-02-01,592.7847290039062
2025-02-03,618.5473022460938
2025-02-04,625.0738525390625
2025-02-05,633.465087890625
2025-02-06,632.778076171875
2025-02-07,629.4412231445312
2025-02-10,623.1600952148438
2025-02-11,599.3603515625
2025-02-12,608.9783935546875
2025-02-13,618.0565795898438
2025-02-14,606.8682861328125
2025-02-17,620.4611206054688
2025-02-18,619.0870971679688
2025-02-19,637.9796142578125
2025-02-20,635.2316284179688
2025-02-21,634.3483276367188
2025-02-24,633.2197265625
2025-02-25,635.4769897460938
2025-02-27,631.6985473632812
2025-02-28,621.1972045898438
2025-03-03,605.2489013671875
2025-03-04,602.01025390625
2025-03-05,616.19189453125
2025-03-06,613.1004028320312
2025-03-07,618.15478515625
2025-03-10,604.0221557617188
2025-03-11,603.6295166015625
2025-03-12,596.759521484375
2025-03-13,590.2821044921875
2025-03-17,614.5234375
2025-03-18,614.5234375
2025-03-19,634.2992553710938
2025-03-20,634.839111328125
2025-03-21,646.6162719726562
2025-03-24,646.2236938476562
2025-03-25,640.8748779296875
2025-03-26,640.2860717773438
2025-03-27,644.2117919921875
2025-03-28,624.4359130859375
2025-04-01,622.9638061523438
2025-04-02,642.2980346679688
2025-04-03,639.1574096679688
2025-04-04,625.8590087890625
2025-04-07,603.040771484375
2025-04-08,603.0897827148438
2025-04-09,602.8444213867188
2025-04-11,626.9876098632812
2025-04-15,645.7820434570312
2025-04-16,647.4014282226562
2025-04-17,644.0155029296875
2025-04-21,658.6878662109375
2025-04-22,660.2091064453125
2025-04-23,667.275390625
2025-04-24,671.49560546875
2025-04-25,649.560546875
2025-04-28,665.705078125
2025-04-29,657.1666870117188
2025-04-30,657.4611206054688
2025-05-02,667.226318359375
2025-05-05,673.7528686523438
2025-05-06,666.4412231445312
2025-05-07,675.2250366210938
2025-05-08,644.3099365234375
2025-05-09,662.2210693359375
2025-05-12,664.2820434570312
2025-05-13,630.913330078125
2025-05-14,625.0738525390625
2025-05-15,632.6799926757812
2025-05-16,632.23828125
2025-05-19,633.51416015625
2025-05-20,617.026123046875
2025-05-21,626.5460205078125
2025-05-22,620.2158203125
2025-05-23,618.7926635742188
2025-05-26,620.3139038085938
2025-05-27,618.6454467773438
2025-05-28,619.0380249023438
2025-05-29,619.283447265625
2025-05-30,616.240966796875
2025-06-02,624.5340576171875
2025-06-03,623.5526123046875
2025-06-04,630.6189575195312
2025-06-05,634.88818359375
2025-06-06,630.913330078125
2025-06-09,627.2329711914062
2025-06-10,627.7236938476562
2025-06-11,624.0433349609375
2025-06-12,620.657470703125
2025-06-13,620.7555541992188
2025-06-16,631.796630859375
2025-06-17,634.1029663085938
2025-06-18,626.3988037109375
2025-06-19,619.2343139648438
2025-06-20,621.7369384765625
2025-06-23,626.9876098632812
2025-06-24,632.483642578125
2025-06-25,638.6176147460938
2025-06-26,624.6812744140625
2025-06-27,632.92529296875
2025-06-30,648.9716796875
2025-07-01,658.5897216796875
2025-07-02,660.1600952148438
2025-07-03,671.446533203125
2025-07-04,668.6493530273438
2025-07-07,667.618896484375
2025-07-08,660.7979736328125
2025-07-09,652.4066772460938
2025-07-10,649.3643188476562
2025-07-11,646.5416259765625
2025-07-14,653.1773681640625
2025-07-15,667.3402709960938
2025-07-16,665.0128173828125
2025-07-17,686.0095825195312
2025-07-18,680.26513671875
2025-07-21,706.9072875976562
2025-07-22,715.9200439453125
2025-07-23,720.3768920898438
2025-07-24,719.5845336914062
2025-07-25,715.2763061523438
2025-07-28,722.8529052734375
2025-07-29,719.08935546875
2025-07-30,714.9791870117188
2025-07-31,697.0526733398438
2025-08-01,658.7732543945312
2025-08-04,704.876953125
2025-08-05,713.5430908203125
2025-08-06,698.5382690429688
2025-08-07,698.6868896484375
2025-08-08,682.14697265625
2025-08-11,687.0494995117188
2025-08-12,682.0479736328125
2025-08-13,679.5718994140625
2025-08-14,677.1948852539062
2025-08-18,684.3258666992188
2025-08-19,700.5191040039062
2025-08-20,706.6101684570312
2025-08-21,705.6197509765625
2025-08-22,709.5814208984375
2025-08-25,715.8704833984375
2025-08-26,716.1676025390625
2025-08-28,709.8290405273438
2025-08-29,708.8881225585938
2025-09-01,720.97119140625
2025-09-02,703.8370361328125
2025-09-03,708.739501953125
2025-09-04,688.7332153320312
2025-09-05,682.2459716796875
2025-09-08,699.0335083007812
2025-09-09,697.250732421875
2025-09-10,690.2683715820312
2025-09-11,694.92333984375
2025-09-12,686.4552612304688
2025-09-15,686.950439453125
2025-09-16,695.9632568359375
2025-09-17,697.89453125
2025-09-18,692.2492065429688
2025-09-19,684.4744262695312
2025-09-22,676.2539672851562
2025-09-23,670.7077026367188
2025-09-24,669.6677856445312
2025-09-25,662.685302734375
2025-09-26,641.7876586914062
2025-09-29,647.92822265625
2025-09-30,649.5128173828125
2025-10-01,655.1087036132812
2025-10-03,667.5383911132812
2025-10-06,674.81787109375
2025-10-07,673.332275390625
2025-10-08,668.3306884765625
2025-10-09,668.5783081054688
2025-10-10,674.7683715820312
2025-10-13,667.3402709960938
2025-10-14,663.5272216796875
2025-10-15,671.1533813476562
2025-10-16,673.8770141601562
2025-10-17,667.6869506835938
2025-10-20,674.273193359375
2025-10-21,674.4217529296875
2025-10-23,669.1725463867188
2025-10-24,665.6070556640625
2025-10-27,673.332275390625
2025-10-28,695.8641357421875
2025-10-29,713.1468505859375
2025-10-30,714.4343872070312
2025-10-31,713.1964111328125
2025-11-03,723.595703125
2025-11-04,724.3385009765625
2025-11-06,726.3193359375
2025-11-07,740.7794189453125
2025-11-10,743.4535522460938
2025-11-11,745.13720703125
2025-11-12,753.30810546875
2025-11-13,750.8816528320312
2025-11-14,751.3272705078125
2025-11-17,765.787353515625
2025-11-18,752.3672485351562
2025-11-19,745.4343872070312
2025-11-20,746.2761840820312
2025-11-21,743.651611328125
2025-11-24,735.5797729492188
2025-11-25,742.5126342773438
2025-11-26,753.30810546875
2025-11-27,751.3768310546875
2025-11-28,751.3768310546875
2025-12-01,743.651611328125
2025-12-02,739.5909423828125
2025-12-03,735.8768920898438
2025-12-04,749.1979370117188
2025-12-05,751.822509765625
2025-12-08,732.7570190429688
2025-12-09,732.6085205078125
2025-12-10,729.8353881835938
2025-12-11,738.6995239257812
2025-12-12,741.175537109375
2025-12-15,758.3097534179688
2025-12-16,742.7107543945312
2025-12-17,739.1452026367188
2025-12-18,737.2634887695312
2025-12-19,744.3449096679688
2025-12-22,769.105224609375
2025-12-23,773.5125732421875
2025-12-24,765.2921752929688
2025-12-26,766.629150390625
2025-12-29,763.5588989257812
2025-12-30,779.8016357421875
2025-12-31,787.5269165039062
2026-01-01,797.6290893554688
2026-01-02,796.9358520507812
2026-01-05,797.3814697265625
2026-01-06,791.6370849609375
2026-01-07,795.2521362304688
2026-01-08,786.8831176757812
2026-01-09,764.3017578125
2026-01-12,766.4310913085938
2026-01-13,766.0349731445312
2026-01-14,772.9183349609375
2026-01-15,772.9183349609375
2026-01-16,782.5748901367188
2026-01-19,779.6036376953125
2026-01-20,716.5142822265625
2026-01-21,685.0686645507812
2026-01-22,693.7843017578125
2026-01-23,695.8146362304688
2026-01-27,709.680419921875
2026-01-28,708.2443237304688
2026-01-29,709.086181640625
2026-01-30,697.2012329101562
2026-02-02,691.8529663085938
2026-02-03,732.70751953125
2026-02-04,751.4263916015625
2026-02-05,740.4822998046875
2026-02-06,734.1931762695312
2026-02-09,736.9168090820312
2026-02-10,738.8480834960938
2026-02-11,741.8193359375
2026-02-12,737.7586669921875
2026-02-13,717.3561401367188
2026-02-16,726.7650756835938
2026-02-17,734.0446166992188
2026-02-18,740.4822998046875
2026-02-19,757.7154541015625
2026-02-20,745.13720703125
2026-02-23,638.6182861328125
2026-02-24,624.5048828125
2026-02-25,620.1966552734375
2026-02-26,634.3099975585938
2026-02-27,631.289306640625
2026-03-02,616.8787231445312
2026-03-04,608.2125854492188
2026-03-05,623.5640258789062
2026-03-06,622.3259887695312
2026-03-09,619.0081176757812
2026-03-10,624.25732421875
2026-03-11,619.8499755859375
2026-03-12,623.019287109375
2026-03-13,603.5577392578125
2026-03-16,602.9634399414062
2026-03-17,609.94580078125
2026-03-18,625.44580078125
2026-03-19,605.9346923828125
2026-03-20,619.5528564453125
2026-03-23,596.6248168945312
2026-03-24,614.5017700195312
2026-03-25,619.2557373046875
2026-03-27,590.1375732421875
2026-03-30,562.5050659179688
2026-04-01,588.800537109375
2026-04-02,587.31494140625
2026-04-06,601.9235229492188
2026-04-07,601.7254028320312
2026-04-08,634.1119384765625
2026-04-09,635.8451538085938
2026-04-10,638.6677856445312
2026-04-13,637.578369140625
2026-04-15,653.4744873046875
2026-04-16,653.6231079101562
2026-04-17,658.3275146484375
2026-04-20,650.354736328125
2026-04-21,648.0272216796875
2026-04-22,647.58154296875
2026-04-23,635.8946533203125
2026-04-24,625.3468017578125
2026-04-27,633.369140625
2026-04-28,639.3115844726562
2026-04-29,637.9249877929688
2026-04-30,635.6965942382812
2026-05-01,635.6965942382812
2026-05-04,637.1821899414062
2026-05-05,635.8946533203125
2026-05-06,653.672607421875
2026-05-07,644.2141723632812
2026-05-08,639.8068237304688
2026-05-11,662.5863037109375
2026-05-12,620.1471557617188
2026-05-13,624.0592041015625
2026-05-14,632.2796630859375
2026-05-15,626.1885986328125
2026-05-18,631.7349243164062
2026-05-19,627.2285766601562
2026-05-20,628.2684936523438
2026-05-21,622.9697875976562
2026-05-22,625.9410400390625
2026-05-25,646.04638671875
2026-05-26,648.7205200195312
2026-05-27,649.8594970703125
2026-05-28,649.8594970703125
2026-05-29,638.6182861328125
2026-06-01,639.06396484375
2026-06-02,635.49853515625
2026-06-03,639.8563232421875
2026-06-04,633.0225219726562
2026-06-05,631.3388061523438
2026-06-08,618.9586181640625
2026-06-09,622.3755493164062
2026-06-10,605.142333984375
2026-06-11,588.0577392578125
2026-06-12,604.2509765625
2026-06-15,610.6886596679688
2026-06-16,609.4506225585938
2026-06-17,608.509765625
2026-06-18,604.9442749023438
2026-06-19,602.8148803710938
2026-06-22,599.695068359375
2026-06-23,591.0784912109375
2026-06-24,593.5050048828125
2026-06-25,584.8388671875
2026-06-26,584.8388671875
2026-06-29,562.9508056640625
2026-06-30,565.7239379882812
2026-07-01,559.6328735351562
2026-07-02,583.1056518554688
2026-07-03,601.576904296875
2026-07-06,602.8148803710938
2026-07-07,595.0896606445312
2026-07-08,576.1232299804688
2026-07-09,576.2717895507812
2026-07-10,589.0481567382812
2026-07-13,586.076904296875
2026-07-14,587.4635009765625
2026-07-15,591.5736694335938
2026-07-16,619.8499755859375
2026-07-17,616.5999755859375
2026-07-20,606.0499877929688
2026-07-21,618.1500244140625
2026-07-22,608.8499755859375
2026-07-23,607.0
2026-07-24,602.4500122070312
2026-07-27,608.5
2026-07-28,599.6500244140625
2026-07-29,609.1500244140625
2026-07-30,602.5499877929688
2026-07-31,604.2999877929688
2026-08-03,620.0
2026-08-04,581.9000244140625
2026-08-05,577.25
2026-08-06,572.75
2026-08-07,573.0
2026-08-10,567.0
2026-08-11,568.0
2026-08-12,570.5
2026-08-13,568.1500244140625
2026-08-14,563.0
2026-08-17,567.0999755859375
2026-08-18,560.0499877929688
2026-08-19,568.0
2026-08-20,571.9000244140625
2026-08-21,569.0
2026-08-24,571.9000244140625
2026-08-25,585.0
2026-08-26,589.2999877929688
2026-08-27,578.0999755859375
2026-08-28,571.0
2026-08-31,562.25
2026-09-01,567.0999755859375
2026-09-02,578.4500122070312
2026-09-03,585.3499755859375
2026-09-04,582.1500244140625
2026-09-07,573.0
2026-09-08,576.75
2026-09-09,575.7000122070312
2026-09-10,575.2999877929688
2026-09-11,572.9500122070312
2026-09-14,572.9500122070312
2026-09-15,560.7999877929688
2026-09-16,550.5999755859375
2026-09-17,554.75
2026-09-18,580.0
2026-09-21,561.4500122070312
